[2026-10-06T06:12:23+0330] COMMAND: /Users/amirpartovi/.copilot/repos/copilot-worktrees/KineticDiskCover/amirhpartovi-psychic-spoon/build/kdc-solver preflight --output /Users/amirpartovi/.copilot/repos/copilot-worktrees/KineticDiskCover/amirhpartovi-psychic-spoon/results/experiments/minmax-correctness-20261006-run03/preflight/preflight_report.md 
2026-10-06 06:12:23 [INFO] checks license for KONT v7.2.4 20250314
2026-10-06 06:12:23 [INFO] uses license in specified folder: /Applications/kont72/bin
2026-10-06 06:12:23 [ERROR] Invalid MAC address of license: 76:74:D1:0F:5A:19

[2026-10-06 06:12:23.463] [warning] [kont_solver.cpp:951] KONT: native initialization failed; generic KontSolver used the built-in fallback
[2026-10-06 06:12:23.463] [info] [kont_solver.cpp:971] KONT: status=OPTIMAL, obj=1.000000, lb=1.000000, gap=0.0000, t=0.000s
[2026-10-06 06:12:23.463] [info] [candidate.cpp:199] InstancePrecompute: built 30 candidates
[2026-10-06 06:12:23.463] [info] [stationary.cpp:264] NN: cost=26677.144374, feasible=true, active_stations=2
[2026-10-06 06:12:23.463] [info] [candidate.cpp:345] build_coverage: nnz=165
[2026-10-06 06:12:23.463] [info] [branch_and_bound_solver.cpp:303] BnB: configured gap target reached
[2026-10-06 06:12:23.463] [info] [branch_and_bound_solver.cpp:416] BnB: cost=18173.818308286 LB=18173.818308286 nodes=13 t=0.0002s
[2026-10-06 06:12:23.467] [info] [brute_force_solver.cpp:204] BruteForce: cost=18173.818308286 total=59049 t=0.0032s
[2026-10-06 06:12:23.467] [info] [candidate.cpp:199] InstancePrecompute: built 30 candidates
[2026-10-06 06:12:23.467] [info] [stationary.cpp:264] NN: cost=26677.144374, feasible=true, active_stations=2
[2026-10-06 06:12:23.481] [info] [genetic_solver.cpp:274] GA: cost=18173.818308286 gens=500
[2026-10-06 06:12:23.481] [info] [greedy_set_cover_solver.cpp:233] Greedy: cost=22280.712426270 LB=16900.625656918 ratio=1.3183
[2026-10-06 06:12:23.481] [info] [candidate.cpp:199] InstancePrecompute: built 30 candidates
[2026-10-06 06:12:23.481] [info] [stationary.cpp:264] NN: cost=26677.144374, feasible=true, active_stations=2
[2026-10-06 06:12:23.481] [info] [local_search_solver.cpp:283] LocalSearch: cost=18173.818308286 LB=16900.625656918 iters=13 restarts=9
[2026-10-06 06:12:23.482] [info] [candidate.cpp:199] InstancePrecompute: built 30 candidates
[2026-10-06 06:12:23.482] [info] [candidate.cpp:345] build_coverage: nnz=165
[2026-10-06 06:12:23.482] [info] [lp_rounding_solver.cpp:291] LPRounding: cost=18173.818308286 LB=18173.818308286 ratio=1.0000
[2026-10-06 06:12:23.482] [info] [candidate.cpp:199] InstancePrecompute: built 30 candidates
[2026-10-06 06:12:23.482] [info] [stationary.cpp:264] NN: cost=26677.144374, feasible=true, active_stations=2
[2026-10-06 06:12:23.482] [info] [candidate.cpp:199] InstancePrecompute: built 30 candidates
[2026-10-06 06:12:23.482] [info] [candidate.cpp:345] build_coverage: nnz=165
[2026-10-06 06:12:23.482] [info] [primal_dual_solver.cpp:230] PrimalDual: cost=33804.698710060 LB=5634.691017714 ratio=5.9994 |D|=2
[2026-10-06 06:12:23.482] [info] [candidate.cpp:199] InstancePrecompute: built 30 candidates
[2026-10-06 06:12:23.482] [info] [stationary.cpp:264] NN: cost=26677.144374, feasible=true, active_stations=2
[2026-10-06 06:12:23.486] [info] [simulated_annealing_solver.cpp:260] SA: cost=24702.914351145 LB=16900.625656918 final_T=6.653969e-02
[2026-10-06 06:12:23.486] [info] [candidate.cpp:199] InstancePrecompute: built 24 candidates
[2026-10-06 06:12:23.486] [info] [stationary.cpp:264] NN: cost=16900.625657, feasible=true, active_stations=1
[2026-10-06 06:12:23.486] [info] [candidate.cpp:199] InstancePrecompute: built 3 candidates
[2026-10-06 06:12:23.486] [info] [stationary.cpp:264] NN: cost=9776.518717, feasible=true, active_stations=1
[2026-10-06 06:12:23.486] [info] [candidate.cpp:199] InstancePrecompute: built 3 candidates
[2026-10-06 06:12:23.486] [info] [stationary.cpp:264] NN: cost=1426.412072, feasible=true, active_stations=1
[2026-10-06 06:12:23.486] [info] [candidate.cpp:199] InstancePrecompute: built 9 candidates
[2026-10-06 06:12:23.486] [info] [stationary.cpp:264] NN: cost=11310.689518, feasible=true, active_stations=1
[2026-10-06 06:12:23.486] [info] [candidate.cpp:199] InstancePrecompute: built 6 candidates
[2026-10-06 06:12:23.486] [info] [stationary.cpp:264] NN: cost=16900.625657, feasible=true, active_stations=1
[2026-10-06 06:12:23.486] [info] [candidate.cpp:199] InstancePrecompute: built 3 candidates
[2026-10-06 06:12:23.486] [info] [stationary.cpp:264] NN: cost=9776.518717, feasible=true, active_stations=1
[2026-10-06 06:12:23.486] [info] [candidate.cpp:199] InstancePrecompute: built 9 candidates
[2026-10-06 06:12:23.486] [info] [stationary.cpp:264] NN: cost=3952.517407, feasible=true, active_stations=2
[2026-10-06 06:12:23.486] [info] [candidate.cpp:199] InstancePrecompute: built 3 candidates
[2026-10-06 06:12:23.486] [info] [stationary.cpp:264] NN: cost=1426.412072, feasible=true, active_stations=1
[2026-10-06 06:12:23.486] [info] [candidate.cpp:199] InstancePrecompute: built 6 candidates
[2026-10-06 06:12:23.486] [info] [stationary.cpp:264] NN: cost=5032.035483, feasible=true, active_stations=1
[2026-10-06 06:12:23.486] [info] [candidate.cpp:199] InstancePrecompute: built 9 candidates
[2026-10-06 06:12:23.486] [info] [stationary.cpp:264] NN: cost=16900.625657, feasible=true, active_stations=1
[2026-10-06 06:12:23.486] [info] [candidate.cpp:199] InstancePrecompute: built 3 candidates
[2026-10-06 06:12:23.486] [info] [stationary.cpp:264] NN: cost=9776.518717, feasible=true, active_stations=1
[2026-10-06 06:12:23.486] [info] [candidate.cpp:199] InstancePrecompute: built 6 candidates
[2026-10-06 06:12:23.486] [info] [stationary.cpp:264] NN: cost=3952.517407, feasible=true, active_stations=2
[2026-10-06 06:12:23.486] [info] [candidate.cpp:199] InstancePrecompute: built 3 candidates
[2026-10-06 06:12:23.486] [info] [stationary.cpp:264] NN: cost=950.764108, feasible=true, active_stations=1
[2026-10-06 06:12:23.486] [info] [candidate.cpp:199] InstancePrecompute: built 3 candidates
[2026-10-06 06:12:23.486] [info] [stationary.cpp:264] NN: cost=1426.412072, feasible=true, active_stations=1
[2026-10-06 06:12:23.486] [info] [candidate.cpp:199] InstancePrecompute: built 6 candidates
[2026-10-06 06:12:23.486] [info] [stationary.cpp:264] NN: cost=11310.689518, feasible=true, active_stations=1
[2026-10-06 06:12:23.486] [info] [candidate.cpp:199] InstancePrecompute: built 6 candidates
[2026-10-06 06:12:23.486] [info] [stationary.cpp:264] NN: cost=16900.625657, feasible=true, active_stations=1
[2026-10-06 06:12:23.486] [info] [candidate.cpp:199] InstancePrecompute: built 9 candidates
[2026-10-06 06:12:23.486] [info] [stationary.cpp:264] NN: cost=4616.339201, feasible=true, active_stations=2
[2026-10-06 06:12:23.486] [info] [candidate.cpp:199] InstancePrecompute: built 3 candidates
[2026-10-06 06:12:23.486] [info] [stationary.cpp:264] NN: cost=9776.518717, feasible=true, active_stations=1
[2026-10-06 06:12:23.486] [info] [candidate.cpp:199] InstancePrecompute: built 3 candidates
[2026-10-06 06:12:23.486] [info] [stationary.cpp:264] NN: cost=1099.674921, feasible=true, active_stations=1
[2026-10-06 06:12:23.486] [info] [candidate.cpp:199] InstancePrecompute: built 3 candidates
[2026-10-06 06:12:23.486] [info] [stationary.cpp:264] NN: cost=1426.412072, feasible=true, active_stations=1
[2026-10-06 06:12:23.486] [info] [candidate.cpp:199] InstancePrecompute: built 3 candidates
[2026-10-06 06:12:23.486] [info] [stationary.cpp:264] NN: cost=5032.035483, feasible=true, active_stations=1
[2026-10-06 06:12:23.486] [info] [candidate.cpp:199] InstancePrecompute: built 9 candidates
[2026-10-06 06:12:23.486] [info] [stationary.cpp:264] NN: cost=16900.625657, feasible=true, active_stations=1
[2026-10-06 06:12:23.486] [info] [candidate.cpp:199] InstancePrecompute: built 6 candidates
[2026-10-06 06:12:23.486] [info] [stationary.cpp:264] NN: cost=4616.339201, feasible=true, active_stations=2
[2026-10-06 06:12:23.486] [info] [candidate.cpp:199] InstancePrecompute: built 3 candidates
[2026-10-06 06:12:23.486] [info] [stationary.cpp:264] NN: cost=950.764108, feasible=true, active_stations=1
[2026-10-06 06:12:23.486] [info] [candidate.cpp:199] InstancePrecompute: built 3 candidates
[2026-10-06 06:12:23.486] [info] [stationary.cpp:264] NN: cost=9776.518717, feasible=true, active_stations=1
[2026-10-06 06:12:23.486] [info] [candidate.cpp:199] InstancePrecompute: built 3 candidates
[2026-10-06 06:12:23.486] [info] [stationary.cpp:264] NN: cost=1099.674921, feasible=true, active_stations=1
[2026-10-06 06:12:23.486] [info] [candidate.cpp:199] InstancePrecompute: built 3 candidates
[2026-10-06 06:12:23.486] [info] [stationary.cpp:264] NN: cost=1426.412072, feasible=true, active_stations=1
[2026-10-06 06:12:23.486] [info] [candidate.cpp:199] InstancePrecompute: built 3 candidates
[2026-10-06 06:12:23.486] [info] [stationary.cpp:264] NN: cost=5032.035483, feasible=true, active_stations=1
[2026-10-06 06:12:23.486] [info] [candidate.cpp:199] InstancePrecompute: built 9 candidates
[2026-10-06 06:12:23.486] [info] [stationary.cpp:264] NN: cost=16900.625657, feasible=true, active_stations=1
[2026-10-06 06:12:23.486] [info] [candidate.cpp:199] InstancePrecompute: built 6 candidates
[2026-10-06 06:12:23.486] [info] [stationary.cpp:264] NN: cost=4616.339201, feasible=true, active_stations=2
[2026-10-06 06:12:23.486] [info] [candidate.cpp:199] InstancePrecompute: built 3 candidates
[2026-10-06 06:12:23.486] [info] [stationary.cpp:264] NN: cost=9776.518717, feasible=true, active_stations=1
[2026-10-06 06:12:23.486] [info] [candidate.cpp:199] InstancePrecompute: built 6 candidates
[2026-10-06 06:12:23.486] [info] [stationary.cpp:264] NN: cost=2050.439029, feasible=true, active_stations=2
[2026-10-06 06:12:23.486] [info] [candidate.cpp:199] InstancePrecompute: built 3 candidates
[2026-10-06 06:12:23.486] [info] [stationary.cpp:264] NN: cost=1426.412072, feasible=true, active_stations=1
[2026-10-06 06:12:23.486] [info] [candidate.cpp:199] InstancePrecompute: built 3 candidates
[2026-10-06 06:12:23.486] [info] [stationary.cpp:264] NN: cost=5032.035483, feasible=true, active_stations=1
[2026-10-06 06:12:23.486] [info] [candidate.cpp:199] InstancePrecompute: built 3 candidates
[2026-10-06 06:12:23.486] [info] [stationary.cpp:264] NN: cost=11310.689518, feasible=true, active_stations=1
[2026-10-06 06:12:23.486] [info] [candidate.cpp:199] InstancePrecompute: built 6 candidates
[2026-10-06 06:12:23.486] [info] [stationary.cpp:264] NN: cost=16900.625657, feasible=true, active_stations=1
[2026-10-06 06:12:23.486] [info] [candidate.cpp:199] InstancePrecompute: built 6 candidates
[2026-10-06 06:12:23.486] [info] [stationary.cpp:264] NN: cost=4616.339201, feasible=true, active_stations=2
[2026-10-06 06:12:23.486] [info] [candidate.cpp:199] InstancePrecompute: built 3 candidates
[2026-10-06 06:12:23.486] [info] [stationary.cpp:264] NN: cost=9776.518717, feasible=true, active_stations=1
[2026-10-06 06:12:23.486] [info] [candidate.cpp:199] InstancePrecompute: built 3 candidates
[2026-10-06 06:12:23.486] [info] [stationary.cpp:264] NN: cost=1099.674921, feasible=true, active_stations=1
[2026-10-06 06:12:23.486] [info] [candidate.cpp:199] InstancePrecompute: built 3 candidates
[2026-10-06 06:12:23.486] [info] [stationary.cpp:264] NN: cost=950.764108, feasible=true, active_stations=1
[2026-10-06 06:12:23.486] [info] [candidate.cpp:199] InstancePrecompute: built 3 candidates
[2026-10-06 06:12:23.486] [info] [stationary.cpp:264] NN: cost=1426.412072, feasible=true, active_stations=1
[2026-10-06 06:12:23.486] [info] [candidate.cpp:199] InstancePrecompute: built 6 candidates
[2026-10-06 06:12:23.486] [info] [stationary.cpp:264] NN: cost=11310.689518, feasible=true, active_stations=1
[2026-10-06 06:12:23.486] [info] [candidate.cpp:199] InstancePrecompute: built 6 candidates
[2026-10-06 06:12:23.486] [info] [stationary.cpp:264] NN: cost=16900.625657, feasible=true, active_stations=1
[2026-10-06 06:12:23.486] [info] [candidate.cpp:199] InstancePrecompute: built 6 candidates
[2026-10-06 06:12:23.486] [info] [stationary.cpp:264] NN: cost=4616.339201, feasible=true, active_stations=2
[2026-10-06 06:12:23.486] [info] [candidate.cpp:199] InstancePrecompute: built 3 candidates
[2026-10-06 06:12:23.486] [info] [stationary.cpp:264] NN: cost=9776.518717, feasible=true, active_stations=1
[2026-10-06 06:12:23.486] [info] [candidate.cpp:199] InstancePrecompute: built 3 candidates
[2026-10-06 06:12:23.486] [info] [stationary.cpp:264] NN: cost=1099.674921, feasible=true, active_stations=1
[2026-10-06 06:12:23.486] [info] [candidate.cpp:199] InstancePrecompute: built 3 candidates
[2026-10-06 06:12:23.486] [info] [stationary.cpp:264] NN: cost=950.764108, feasible=true, active_stations=1
[2026-10-06 06:12:23.486] [info] [candidate.cpp:199] InstancePrecompute: built 3 candidates
[2026-10-06 06:12:23.486] [info] [stationary.cpp:264] NN: cost=1426.412072, feasible=true, active_stations=1
[2026-10-06 06:12:23.486] [info] [candidate.cpp:199] InstancePrecompute: built 3 candidates
[2026-10-06 06:12:23.486] [info] [stationary.cpp:264] NN: cost=5032.035483, feasible=true, active_stations=1
[2026-10-06 06:12:23.486] [info] [candidate.cpp:199] InstancePrecompute: built 9 candidates
[2026-10-06 06:12:23.486] [info] [stationary.cpp:264] NN: cost=16900.625657, feasible=true, active_stations=1
[2026-10-06 06:12:23.486] [info] [candidate.cpp:199] InstancePrecompute: built 3 candidates
[2026-10-06 06:12:23.486] [info] [stationary.cpp:264] NN: cost=1763.496714, feasible=true, active_stations=1
[2026-10-06 06:12:23.486] [info] [candidate.cpp:199] InstancePrecompute: built 3 candidates
[2026-10-06 06:12:23.486] [info] [stationary.cpp:264] NN: cost=9776.518717, feasible=true, active_stations=1
[2026-10-06 06:12:23.486] [info] [candidate.cpp:199] InstancePrecompute: built 6 candidates
[2026-10-06 06:12:23.486] [info] [stationary.cpp:264] NN: cost=2852.842487, feasible=true, active_stations=1
[2026-10-06 06:12:23.486] [info] [candidate.cpp:199] InstancePrecompute: built 3 candidates
[2026-10-06 06:12:23.486] [info] [stationary.cpp:264] NN: cost=1099.674921, feasible=true, active_stations=1
[2026-10-06 06:12:23.486] [info] [candidate.cpp:199] InstancePrecompute: built 3 candidates
[2026-10-06 06:12:23.486] [info] [stationary.cpp:264] NN: cost=1426.412072, feasible=true, active_stations=1
[2026-10-06 06:12:23.486] [info] [candidate.cpp:199] InstancePrecompute: built 3 candidates
[2026-10-06 06:12:23.486] [info] [stationary.cpp:264] NN: cost=5032.035483, feasible=true, active_stations=1
[2026-10-06 06:12:23.486] [info] [candidate.cpp:199] InstancePrecompute: built 3 candidates
[2026-10-06 06:12:23.486] [info] [stationary.cpp:264] NN: cost=11310.689518, feasible=true, active_stations=1
[2026-10-06 06:12:23.486] [info] [candidate.cpp:199] InstancePrecompute: built 6 candidates
[2026-10-06 06:12:23.486] [info] [stationary.cpp:264] NN: cost=16900.625657, feasible=true, active_stations=1
[2026-10-06 06:12:23.486] [info] [candidate.cpp:199] InstancePrecompute: built 3 candidates
[2026-10-06 06:12:23.486] [info] [stationary.cpp:264] NN: cost=1763.496714, feasible=true, active_stations=1
[2026-10-06 06:12:23.486] [info] [candidate.cpp:199] InstancePrecompute: built 3 candidates
[2026-10-06 06:12:23.486] [info] [stationary.cpp:264] NN: cost=9776.518717, feasible=true, active_stations=1
[2026-10-06 06:12:23.486] [info] [candidate.cpp:199] InstancePrecompute: built 3 candidates
[2026-10-06 06:12:23.486] [info] [stationary.cpp:264] NN: cost=2852.842487, feasible=true, active_stations=1
[2026-10-06 06:12:23.486] [info] [candidate.cpp:199] InstancePrecompute: built 3 candidates
[2026-10-06 06:12:23.486] [info] [stationary.cpp:264] NN: cost=950.764108, feasible=true, active_stations=1
[2026-10-06 06:12:23.486] [info] [candidate.cpp:199] InstancePrecompute: built 3 candidates
[2026-10-06 06:12:23.486] [info] [stationary.cpp:264] NN: cost=1099.674921, feasible=true, active_stations=1
[2026-10-06 06:12:23.486] [info] [candidate.cpp:199] InstancePrecompute: built 3 candidates
[2026-10-06 06:12:23.486] [info] [stationary.cpp:264] NN: cost=1426.412072, feasible=true, active_stations=1
[2026-10-06 06:12:23.486] [info] [candidate.cpp:199] InstancePrecompute: built 6 candidates
[2026-10-06 06:12:23.486] [info] [stationary.cpp:264] NN: cost=11310.689518, feasible=true, active_stations=1
[2026-10-06 06:12:23.486] [info] [candidate.cpp:199] InstancePrecompute: built 6 candidates
[2026-10-06 06:12:23.486] [info] [stationary.cpp:264] NN: cost=16900.625657, feasible=true, active_stations=1
[2026-10-06 06:12:23.486] [info] [candidate.cpp:199] InstancePrecompute: built 3 candidates
[2026-10-06 06:12:23.486] [info] [stationary.cpp:264] NN: cost=1763.496714, feasible=true, active_stations=1
[2026-10-06 06:12:23.486] [info] [candidate.cpp:199] InstancePrecompute: built 3 candidates
[2026-10-06 06:12:23.486] [info] [stationary.cpp:264] NN: cost=9776.518717, feasible=true, active_stations=1
[2026-10-06 06:12:23.486] [info] [candidate.cpp:199] InstancePrecompute: built 6 candidates
[2026-10-06 06:12:23.486] [info] [stationary.cpp:264] NN: cost=2852.842487, feasible=true, active_stations=1
[2026-10-06 06:12:23.486] [info] [candidate.cpp:199] InstancePrecompute: built 3 candidates
[2026-10-06 06:12:23.486] [info] [stationary.cpp:264] NN: cost=1099.674921, feasible=true, active_stations=1
[2026-10-06 06:12:23.486] [info] [candidate.cpp:199] InstancePrecompute: built 3 candidates
[2026-10-06 06:12:23.486] [info] [stationary.cpp:264] NN: cost=1426.412072, feasible=true, active_stations=1
[2026-10-06 06:12:23.486] [info] [candidate.cpp:199] InstancePrecompute: built 6 candidates
[2026-10-06 06:12:23.486] [info] [stationary.cpp:264] NN: cost=16900.625657, feasible=true, active_stations=1
[2026-10-06 06:12:23.486] [info] [candidate.cpp:199] InstancePrecompute: built 3 candidates
[2026-10-06 06:12:23.486] [info] [stationary.cpp:264] NN: cost=5032.035483, feasible=true, active_stations=1
[2026-10-06 06:12:23.486] [info] [candidate.cpp:199] InstancePrecompute: built 3 candidates
[2026-10-06 06:12:23.486] [info] [stationary.cpp:264] NN: cost=9446.933163, feasible=true, active_stations=1
[2026-10-06 06:12:23.486] [info] [candidate.cpp:199] InstancePrecompute: built 3 candidates
[2026-10-06 06:12:23.486] [info] [stationary.cpp:264] NN: cost=9776.518717, feasible=true, active_stations=1
[2026-10-06 06:12:23.486] [info] [candidate.cpp:199] InstancePrecompute: built 9 candidates
[2026-10-06 06:12:23.486] [info] [stationary.cpp:264] NN: cost=4616.339201, feasible=true, active_stations=2
[2026-10-06 06:12:23.486] [info] [candidate.cpp:199] InstancePrecompute: built 3 candidates
[2026-10-06 06:12:23.486] [info] [stationary.cpp:264] NN: cost=1099.674921, feasible=true, active_stations=1
[2026-10-06 06:12:23.486] [info] [candidate.cpp:199] InstancePrecompute: built 3 candidates
[2026-10-06 06:12:23.486] [info] [stationary.cpp:264] NN: cost=1426.412072, feasible=true, active_stations=1
[2026-10-06 06:12:23.486] [info] [candidate.cpp:199] InstancePrecompute: built 3 candidates
[2026-10-06 06:12:23.486] [info] [stationary.cpp:264] NN: cost=11310.689518, feasible=true, active_stations=1
[2026-10-06 06:12:23.486] [info] [candidate.cpp:199] InstancePrecompute: built 3 candidates
[2026-10-06 06:12:23.486] [info] [stationary.cpp:264] NN: cost=16900.625657, feasible=true, active_stations=1
[2026-10-06 06:12:23.486] [info] [candidate.cpp:199] InstancePrecompute: built 3 candidates
[2026-10-06 06:12:23.486] [info] [stationary.cpp:264] NN: cost=5032.035483, feasible=true, active_stations=1
[2026-10-06 06:12:23.486] [info] [candidate.cpp:199] InstancePrecompute: built 3 candidates
[2026-10-06 06:12:23.486] [info] [stationary.cpp:264] NN: cost=9446.933163, feasible=true, active_stations=1
[2026-10-06 06:12:23.486] [info] [candidate.cpp:199] InstancePrecompute: built 3 candidates
[2026-10-06 06:12:23.486] [info] [stationary.cpp:264] NN: cost=9776.518717, feasible=true, active_stations=1
[2026-10-06 06:12:23.486] [info] [candidate.cpp:199] InstancePrecompute: built 6 candidates
[2026-10-06 06:12:23.486] [info] [stationary.cpp:264] NN: cost=4616.339201, feasible=true, active_stations=2
[2026-10-06 06:12:23.486] [info] [candidate.cpp:199] InstancePrecompute: built 3 candidates
[2026-10-06 06:12:23.486] [info] [stationary.cpp:264] NN: cost=950.764108, feasible=true, active_stations=1
[2026-10-06 06:12:23.486] [info] [candidate.cpp:199] InstancePrecompute: built 3 candidates
[2026-10-06 06:12:23.486] [info] [stationary.cpp:264] NN: cost=1099.674921, feasible=true, active_stations=1
[2026-10-06 06:12:23.486] [info] [candidate.cpp:199] InstancePrecompute: built 3 candidates
[2026-10-06 06:12:23.486] [info] [stationary.cpp:264] NN: cost=1426.412072, feasible=true, active_stations=1
[2026-10-06 06:12:23.486] [info] [candidate.cpp:199] InstancePrecompute: built 3 candidates
[2026-10-06 06:12:23.486] [info] [stationary.cpp:264] NN: cost=11310.689518, feasible=true, active_stations=1
[2026-10-06 06:12:23.486] [info] [candidate.cpp:199] InstancePrecompute: built 3 candidates
[2026-10-06 06:12:23.486] [info] [stationary.cpp:264] NN: cost=16900.625657, feasible=true, active_stations=1
[2026-10-06 06:12:23.486] [info] [candidate.cpp:199] InstancePrecompute: built 3 candidates
[2026-10-06 06:12:23.486] [info] [stationary.cpp:264] NN: cost=5032.035483, feasible=true, active_stations=1
[2026-10-06 06:12:23.486] [info] [candidate.cpp:199] InstancePrecompute: built 3 candidates
[2026-10-06 06:12:23.486] [info] [stationary.cpp:264] NN: cost=9446.933163, feasible=true, active_stations=1
[2026-10-06 06:12:23.486] [info] [candidate.cpp:199] InstancePrecompute: built 3 candidates
[2026-10-06 06:12:23.486] [info] [stationary.cpp:264] NN: cost=9776.518717, feasible=true, active_stations=1
[2026-10-06 06:12:23.486] [info] [candidate.cpp:199] InstancePrecompute: built 9 candidates
[2026-10-06 06:12:23.486] [info] [stationary.cpp:264] NN: cost=4616.339201, feasible=true, active_stations=2
[2026-10-06 06:12:23.486] [info] [candidate.cpp:199] InstancePrecompute: built 3 candidates
[2026-10-06 06:12:23.486] [info] [stationary.cpp:264] NN: cost=1099.674921, feasible=true, active_stations=1
[2026-10-06 06:12:23.486] [info] [candidate.cpp:199] InstancePrecompute: built 3 candidates
[2026-10-06 06:12:23.486] [info] [stationary.cpp:264] NN: cost=1426.412072, feasible=true, active_stations=1
[2026-10-06 06:12:23.486] [info] [candidate.cpp:199] InstancePrecompute: built 3 candidates
[2026-10-06 06:12:23.486] [info] [stationary.cpp:264] NN: cost=5032.035483, feasible=true, active_stations=1
[2026-10-06 06:12:23.486] [info] [candidate.cpp:199] InstancePrecompute: built 3 candidates
[2026-10-06 06:12:23.486] [info] [stationary.cpp:264] NN: cost=11310.689518, feasible=true, active_stations=1
[2026-10-06 06:12:23.486] [info] [candidate.cpp:199] InstancePrecompute: built 6 candidates
[2026-10-06 06:12:23.486] [info] [stationary.cpp:264] NN: cost=16900.625657, feasible=true, active_stations=1
[2026-10-06 06:12:23.486] [info] [candidate.cpp:199] InstancePrecompute: built 3 candidates
[2026-10-06 06:12:23.486] [info] [stationary.cpp:264] NN: cost=1763.496714, feasible=true, active_stations=1
[2026-10-06 06:12:23.486] [info] [candidate.cpp:199] InstancePrecompute: built 3 candidates
[2026-10-06 06:12:23.486] [info] [stationary.cpp:264] NN: cost=9776.518717, feasible=true, active_stations=1
[2026-10-06 06:12:23.486] [info] [candidate.cpp:199] InstancePrecompute: built 3 candidates
[2026-10-06 06:12:23.486] [info] [stationary.cpp:264] NN: cost=2852.842487, feasible=true, active_stations=1
[2026-10-06 06:12:23.486] [info] [candidate.cpp:199] InstancePrecompute: built 3 candidates
[2026-10-06 06:12:23.486] [info] [stationary.cpp:264] NN: cost=950.764108, feasible=true, active_stations=1
[2026-10-06 06:12:23.486] [info] [candidate.cpp:199] InstancePrecompute: built 3 candidates
[2026-10-06 06:12:23.486] [info] [stationary.cpp:264] NN: cost=1099.674921, feasible=true, active_stations=1
[2026-10-06 06:12:23.486] [info] [candidate.cpp:199] InstancePrecompute: built 3 candidates
[2026-10-06 06:12:23.486] [info] [stationary.cpp:264] NN: cost=1426.412072, feasible=true, active_stations=1
[2026-10-06 06:12:23.486] [info] [candidate.cpp:199] InstancePrecompute: built 6 candidates
[2026-10-06 06:12:23.486] [info] [stationary.cpp:264] NN: cost=11310.689518, feasible=true, active_stations=1
[2026-10-06 06:12:23.486] [info] [candidate.cpp:199] InstancePrecompute: built 6 candidates
[2026-10-06 06:12:23.486] [info] [stationary.cpp:264] NN: cost=16900.625657, feasible=true, active_stations=1
[2026-10-06 06:12:23.486] [info] [candidate.cpp:199] InstancePrecompute: built 3 candidates
[2026-10-06 06:12:23.486] [info] [stationary.cpp:264] NN: cost=1763.496714, feasible=true, active_stations=1
[2026-10-06 06:12:23.486] [info] [candidate.cpp:199] InstancePrecompute: built 3 candidates
[2026-10-06 06:12:23.486] [info] [stationary.cpp:264] NN: cost=9776.518717, feasible=true, active_stations=1
[2026-10-06 06:12:23.486] [info] [candidate.cpp:199] InstancePrecompute: built 6 candidates
[2026-10-06 06:12:23.486] [info] [stationary.cpp:264] NN: cost=2852.842487, feasible=true, active_stations=1
[2026-10-06 06:12:23.486] [info] [candidate.cpp:199] InstancePrecompute: built 3 candidates
[2026-10-06 06:12:23.486] [info] [stationary.cpp:264] NN: cost=1099.674921, feasible=true, active_stations=1
[2026-10-06 06:12:23.486] [info] [candidate.cpp:199] InstancePrecompute: built 3 candidates
[2026-10-06 06:12:23.486] [info] [stationary.cpp:264] NN: cost=1426.412072, feasible=true, active_stations=1
[2026-10-06 06:12:23.486] [info] [candidate.cpp:199] InstancePrecompute: built 3 candidates
[2026-10-06 06:12:23.486] [info] [stationary.cpp:264] NN: cost=5032.035483, feasible=true, active_stations=1
[2026-10-06 06:12:23.486] [info] [candidate.cpp:199] InstancePrecompute: built 6 candidates
[2026-10-06 06:12:23.486] [info] [stationary.cpp:264] NN: cost=20757.622681, feasible=true, active_stations=2
[2026-10-06 06:12:23.486] [info] [candidate.cpp:199] InstancePrecompute: built 3 candidates
[2026-10-06 06:12:23.486] [info] [stationary.cpp:264] NN: cost=16900.625657, feasible=true, active_stations=1
[2026-10-06 06:12:23.486] [info] [candidate.cpp:199] InstancePrecompute: built 3 candidates
[2026-10-06 06:12:23.486] [info] [stationary.cpp:264] NN: cost=1763.496714, feasible=true, active_stations=1
[2026-10-06 06:12:23.486] [info] [candidate.cpp:199] InstancePrecompute: built 3 candidates
[2026-10-06 06:12:23.486] [info] [stationary.cpp:264] NN: cost=9776.518717, feasible=true, active_stations=1
[2026-10-06 06:12:23.486] [info] [candidate.cpp:199] InstancePrecompute: built 6 candidates
[2026-10-06 06:12:23.486] [info] [stationary.cpp:264] NN: cost=2852.842487, feasible=true, active_stations=1
[2026-10-06 06:12:23.486] [info] [candidate.cpp:199] InstancePrecompute: built 3 candidates
[2026-10-06 06:12:23.486] [info] [stationary.cpp:264] NN: cost=1099.674921, feasible=true, active_stations=1
[2026-10-06 06:12:23.486] [info] [candidate.cpp:199] InstancePrecompute: built 3 candidates
[2026-10-06 06:12:23.486] [info] [stationary.cpp:264] NN: cost=1426.412072, feasible=true, active_stations=1
[2026-10-06 06:12:23.486] [info] [candidate.cpp:199] InstancePrecompute: built 3 candidates
[2026-10-06 06:12:23.486] [info] [stationary.cpp:264] NN: cost=5032.035483, feasible=true, active_stations=1
[2026-10-06 06:12:23.486] [info] [candidate.cpp:199] InstancePrecompute: built 3 candidates
[2026-10-06 06:12:23.486] [info] [stationary.cpp:264] NN: cost=11310.689518, feasible=true, active_stations=1
[2026-10-06 06:12:23.486] [info] [candidate.cpp:199] InstancePrecompute: built 6 candidates
[2026-10-06 06:12:23.486] [info] [stationary.cpp:264] NN: cost=16900.625657, feasible=true, active_stations=1
[2026-10-06 06:12:23.486] [info] [candidate.cpp:199] InstancePrecompute: built 3 candidates
[2026-10-06 06:12:23.486] [info] [stationary.cpp:264] NN: cost=1763.496714, feasible=true, active_stations=1
[2026-10-06 06:12:23.486] [info] [candidate.cpp:199] InstancePrecompute: built 3 candidates
[2026-10-06 06:12:23.486] [info] [stationary.cpp:264] NN: cost=9776.518717, feasible=true, active_stations=1
[2026-10-06 06:12:23.486] [info] [candidate.cpp:199] InstancePrecompute: built 6 candidates
[2026-10-06 06:12:23.486] [info] [stationary.cpp:264] NN: cost=2852.842487, feasible=true, active_stations=1
[2026-10-06 06:12:23.486] [info] [candidate.cpp:199] InstancePrecompute: built 3 candidates
[2026-10-06 06:12:23.486] [info] [stationary.cpp:264] NN: cost=1099.674921, feasible=true, active_stations=1
[2026-10-06 06:12:23.486] [info] [candidate.cpp:199] InstancePrecompute: built 3 candidates
[2026-10-06 06:12:23.486] [info] [stationary.cpp:264] NN: cost=1426.412072, feasible=true, active_stations=1
[2026-10-06 06:12:23.486] [info] [candidate.cpp:199] InstancePrecompute: built 3 candidates
[2026-10-06 06:12:23.486] [info] [stationary.cpp:264] NN: cost=5032.035483, feasible=true, active_stations=1
[2026-10-06 06:12:23.486] [info] [candidate.cpp:199] InstancePrecompute: built 3 candidates
[2026-10-06 06:12:23.486] [info] [stationary.cpp:264] NN: cost=11310.689518, feasible=true, active_stations=1
[2026-10-06 06:12:23.486] [info] [candidate.cpp:199] InstancePrecompute: built 3 candidates
[2026-10-06 06:12:23.486] [info] [stationary.cpp:264] NN: cost=16900.625657, feasible=true, active_stations=1
[2026-10-06 06:12:23.486] [info] [candidate.cpp:199] InstancePrecompute: built 3 candidates
[2026-10-06 06:12:23.486] [info] [stationary.cpp:264] NN: cost=9446.933163, feasible=true, active_stations=1
[2026-10-06 06:12:23.486] [info] [candidate.cpp:199] InstancePrecompute: built 3 candidates
[2026-10-06 06:12:23.486] [info] [stationary.cpp:264] NN: cost=9776.518717, feasible=true, active_stations=1
[2026-10-06 06:12:23.486] [info] [candidate.cpp:199] InstancePrecompute: built 6 candidates
[2026-10-06 06:12:23.486] [info] [stationary.cpp:264] NN: cost=4616.339201, feasible=true, active_stations=2
[2026-10-06 06:12:23.486] [info] [candidate.cpp:199] InstancePrecompute: built 3 candidates
[2026-10-06 06:12:23.486] [info] [stationary.cpp:264] NN: cost=950.764108, feasible=true, active_stations=1
[2026-10-06 06:12:23.486] [info] [candidate.cpp:199] InstancePrecompute: built 3 candidates
[2026-10-06 06:12:23.486] [info] [stationary.cpp:264] NN: cost=1099.674921, feasible=true, active_stations=1
[2026-10-06 06:12:23.486] [info] [candidate.cpp:199] InstancePrecompute: built 3 candidates
[2026-10-06 06:12:23.486] [info] [stationary.cpp:264] NN: cost=1426.412072, feasible=true, active_stations=1
[2026-10-06 06:12:23.486] [info] [candidate.cpp:199] InstancePrecompute: built 6 candidates
[2026-10-06 06:12:23.486] [info] [stationary.cpp:264] NN: cost=11310.689518, feasible=true, active_stations=1
[2026-10-06 06:12:23.486] [info] [candidate.cpp:199] InstancePrecompute: built 3 candidates
[2026-10-06 06:12:23.486] [info] [stationary.cpp:264] NN: cost=16900.625657, feasible=true, active_stations=1
[2026-10-06 06:12:23.486] [info] [candidate.cpp:199] InstancePrecompute: built 3 candidates
[2026-10-06 06:12:23.486] [info] [stationary.cpp:264] NN: cost=9446.933163, feasible=true, active_stations=1
[2026-10-06 06:12:23.486] [info] [candidate.cpp:199] InstancePrecompute: built 3 candidates
[2026-10-06 06:12:23.486] [info] [stationary.cpp:264] NN: cost=9776.518717, feasible=true, active_stations=1
[2026-10-06 06:12:23.486] [info] [candidate.cpp:199] InstancePrecompute: built 3 candidates
[2026-10-06 06:12:23.486] [info] [stationary.cpp:264] NN: cost=1763.496714, feasible=true, active_stations=1
[2026-10-06 06:12:23.486] [info] [candidate.cpp:199] InstancePrecompute: built 6 candidates
[2026-10-06 06:12:23.486] [info] [stationary.cpp:264] NN: cost=2852.842487, feasible=true, active_stations=1
[2026-10-06 06:12:23.486] [info] [candidate.cpp:199] InstancePrecompute: built 3 candidates
[2026-10-06 06:12:23.486] [info] [stationary.cpp:264] NN: cost=1099.674921, feasible=true, active_stations=1
[2026-10-06 06:12:23.486] [info] [candidate.cpp:199] InstancePrecompute: built 3 candidates
[2026-10-06 06:12:23.486] [info] [stationary.cpp:264] NN: cost=1426.412072, feasible=true, active_stations=1
[2026-10-06 06:12:23.486] [info] [candidate.cpp:199] InstancePrecompute: built 3 candidates
[2026-10-06 06:12:23.486] [info] [stationary.cpp:264] NN: cost=5032.035483, feasible=true, active_stations=1
[2026-10-06 06:12:23.486] [info] [candidate.cpp:199] InstancePrecompute: built 3 candidates
[2026-10-06 06:12:23.486] [info] [stationary.cpp:264] NN: cost=11310.689518, feasible=true, active_stations=1
[2026-10-06 06:12:23.486] [info] [candidate.cpp:199] InstancePrecompute: built 3 candidates
[2026-10-06 06:12:23.486] [info] [stationary.cpp:264] NN: cost=16900.625657, feasible=true, active_stations=1
[2026-10-06 06:12:23.486] [info] [candidate.cpp:199] InstancePrecompute: built 3 candidates
[2026-10-06 06:12:23.486] [info] [stationary.cpp:264] NN: cost=9446.933163, feasible=true, active_stations=1
[2026-10-06 06:12:23.486] [info] [candidate.cpp:199] InstancePrecompute: built 3 candidates
[2026-10-06 06:12:23.486] [info] [stationary.cpp:264] NN: cost=9776.518717, feasible=true, active_stations=1
[2026-10-06 06:12:23.486] [info] [candidate.cpp:199] InstancePrecompute: built 9 candidates
[2026-10-06 06:12:23.486] [info] [stationary.cpp:264] NN: cost=4616.339201, feasible=true, active_stations=2
[2026-10-06 06:12:23.486] [info] [candidate.cpp:199] InstancePrecompute: built 3 candidates
[2026-10-06 06:12:23.486] [info] [stationary.cpp:264] NN: cost=1099.674921, feasible=true, active_stations=1
[2026-10-06 06:12:23.486] [info] [candidate.cpp:199] InstancePrecompute: built 3 candidates
[2026-10-06 06:12:23.486] [info] [stationary.cpp:264] NN: cost=1426.412072, feasible=true, active_stations=1
[2026-10-06 06:12:23.486] [info] [candidate.cpp:199] InstancePrecompute: built 3 candidates
[2026-10-06 06:12:23.486] [info] [stationary.cpp:264] NN: cost=5032.035483, feasible=true, active_stations=1
[2026-10-06 06:12:23.486] [info] [candidate.cpp:199] InstancePrecompute: built 3 candidates
[2026-10-06 06:12:23.486] [info] [stationary.cpp:264] NN: cost=11310.689518, feasible=true, active_stations=1
[2026-10-06 06:12:23.486] [info] [candidate.cpp:199] InstancePrecompute: built 3 candidates
[2026-10-06 06:12:23.486] [info] [stationary.cpp:264] NN: cost=16900.625657, feasible=true, active_stations=1
[2026-10-06 06:12:23.486] [info] [candidate.cpp:199] InstancePrecompute: built 3 candidates
[2026-10-06 06:12:23.486] [info] [stationary.cpp:264] NN: cost=9446.933163, feasible=true, active_stations=1
[2026-10-06 06:12:23.486] [info] [candidate.cpp:199] InstancePrecompute: built 3 candidates
[2026-10-06 06:12:23.486] [info] [stationary.cpp:264] NN: cost=9776.518717, feasible=true, active_stations=1
[2026-10-06 06:12:23.486] [info] [candidate.cpp:199] InstancePrecompute: built 9 candidates
[2026-10-06 06:12:23.486] [info] [stationary.cpp:264] NN: cost=4616.339201, feasible=true, active_stations=2
[2026-10-06 06:12:23.486] [info] [candidate.cpp:199] InstancePrecompute: built 3 candidates
[2026-10-06 06:12:23.486] [info] [stationary.cpp:264] NN: cost=1099.674921, feasible=true, active_stations=1
[2026-10-06 06:12:23.486] [info] [candidate.cpp:199] InstancePrecompute: built 3 candidates
[2026-10-06 06:12:23.486] [info] [stationary.cpp:264] NN: cost=1426.412072, feasible=true, active_stations=1
[2026-10-06 06:12:23.486] [info] [candidate.cpp:199] InstancePrecompute: built 3 candidates
[2026-10-06 06:12:23.486] [info] [stationary.cpp:264] NN: cost=11310.689518, feasible=true, active_stations=1
[2026-10-06 06:12:23.486] [info] [candidate.cpp:199] InstancePrecompute: built 3 candidates
[2026-10-06 06:12:23.486] [info] [stationary.cpp:264] NN: cost=16900.625657, feasible=true, active_stations=1
[2026-10-06 06:12:23.486] [info] [candidate.cpp:199] InstancePrecompute: built 3 candidates
[2026-10-06 06:12:23.486] [info] [stationary.cpp:264] NN: cost=5032.035483, feasible=true, active_stations=1
[2026-10-06 06:12:23.486] [info] [candidate.cpp:199] InstancePrecompute: built 3 candidates
[2026-10-06 06:12:23.486] [info] [stationary.cpp:264] NN: cost=9446.933163, feasible=true, active_stations=1
[2026-10-06 06:12:23.486] [info] [candidate.cpp:199] InstancePrecompute: built 3 candidates
[2026-10-06 06:12:23.486] [info] [stationary.cpp:264] NN: cost=9776.518717, feasible=true, active_stations=1
[2026-10-06 06:12:23.486] [info] [candidate.cpp:199] InstancePrecompute: built 6 candidates
[2026-10-06 06:12:23.486] [info] [stationary.cpp:264] NN: cost=4616.339201, feasible=true, active_stations=2
[2026-10-06 06:12:23.486] [info] [candidate.cpp:199] InstancePrecompute: built 3 candidates
[2026-10-06 06:12:23.486] [info] [stationary.cpp:264] NN: cost=950.764108, feasible=true, active_stations=1
[2026-10-06 06:12:23.486] [info] [candidate.cpp:199] InstancePrecompute: built 3 candidates
[2026-10-06 06:12:23.486] [info] [stationary.cpp:264] NN: cost=1099.674921, feasible=true, active_stations=1
[2026-10-06 06:12:23.486] [info] [candidate.cpp:199] InstancePrecompute: built 3 candidates
[2026-10-06 06:12:23.486] [info] [stationary.cpp:264] NN: cost=1426.412072, feasible=true, active_stations=1
[2026-10-06 06:12:23.486] [info] [candidate.cpp:199] InstancePrecompute: built 3 candidates
[2026-10-06 06:12:23.486] [info] [stationary.cpp:264] NN: cost=11310.689518, feasible=true, active_stations=1
[2026-10-06 06:12:23.486] [info] [candidate.cpp:199] InstancePrecompute: built 3 candidates
[2026-10-06 06:12:23.486] [info] [stationary.cpp:264] NN: cost=16900.625657, feasible=true, active_stations=1
[2026-10-06 06:12:23.486] [info] [candidate.cpp:199] InstancePrecompute: built 3 candidates
[2026-10-06 06:12:23.486] [info] [stationary.cpp:264] NN: cost=5032.035483, feasible=true, active_stations=1
[2026-10-06 06:12:23.486] [info] [candidate.cpp:199] InstancePrecompute: built 3 candidates
[2026-10-06 06:12:23.486] [info] [stationary.cpp:264] NN: cost=9446.933163, feasible=true, active_stations=1
[2026-10-06 06:12:23.486] [info] [candidate.cpp:199] InstancePrecompute: built 3 candidates
[2026-10-06 06:12:23.486] [info] [stationary.cpp:264] NN: cost=9776.518717, feasible=true, active_stations=1
[2026-10-06 06:12:23.486] [info] [candidate.cpp:199] InstancePrecompute: built 3 candidates
[2026-10-06 06:12:23.486] [info] [stationary.cpp:264] NN: cost=1763.496714, feasible=true, active_stations=1
[2026-10-06 06:12:23.486] [info] [candidate.cpp:199] InstancePrecompute: built 3 candidates
[2026-10-06 06:12:23.486] [info] [stationary.cpp:264] NN: cost=2852.842487, feasible=true, active_stations=1
[2026-10-06 06:12:23.486] [info] [candidate.cpp:199] InstancePrecompute: built 3 candidates
[2026-10-06 06:12:23.486] [info] [stationary.cpp:264] NN: cost=950.764108, feasible=true, active_stations=1
[2026-10-06 06:12:23.486] [info] [candidate.cpp:199] InstancePrecompute: built 3 candidates
[2026-10-06 06:12:23.486] [info] [stationary.cpp:264] NN: cost=1099.674921, feasible=true, active_stations=1
[2026-10-06 06:12:23.486] [info] [candidate.cpp:199] InstancePrecompute: built 3 candidates
[2026-10-06 06:12:23.486] [info] [stationary.cpp:264] NN: cost=1426.412072, feasible=true, active_stations=1
[2026-10-06 06:12:23.486] [info] [candidate.cpp:199] InstancePrecompute: built 3 candidates
[2026-10-06 06:12:23.486] [info] [stationary.cpp:264] NN: cost=11310.689518, feasible=true, active_stations=1
[2026-10-06 06:12:23.486] [info] [candidate.cpp:199] InstancePrecompute: built 3 candidates
[2026-10-06 06:12:23.486] [info] [stationary.cpp:264] NN: cost=16900.625657, feasible=true, active_stations=1
[2026-10-06 06:12:23.486] [info] [candidate.cpp:199] InstancePrecompute: built 3 candidates
[2026-10-06 06:12:23.486] [info] [stationary.cpp:264] NN: cost=5032.035483, feasible=true, active_stations=1
[2026-10-06 06:12:23.486] [info] [candidate.cpp:199] InstancePrecompute: built 3 candidates
[2026-10-06 06:12:23.486] [info] [stationary.cpp:264] NN: cost=9446.933163, feasible=true, active_stations=1
[2026-10-06 06:12:23.486] [info] [candidate.cpp:199] InstancePrecompute: built 3 candidates
[2026-10-06 06:12:23.486] [info] [stationary.cpp:264] NN: cost=9776.518717, feasible=true, active_stations=1
[2026-10-06 06:12:23.486] [info] [candidate.cpp:199] InstancePrecompute: built 6 candidates
[2026-10-06 06:12:23.486] [info] [stationary.cpp:264] NN: cost=4616.339201, feasible=true, active_stations=2
[2026-10-06 06:12:23.486] [info] [candidate.cpp:199] InstancePrecompute: built 3 candidates
[2026-10-06 06:12:23.486] [info] [stationary.cpp:264] NN: cost=950.764108, feasible=true, active_stations=1
[2026-10-06 06:12:23.486] [info] [candidate.cpp:199] InstancePrecompute: built 3 candidates
[2026-10-06 06:12:23.486] [info] [stationary.cpp:264] NN: cost=1099.674921, feasible=true, active_stations=1
[2026-10-06 06:12:23.486] [info] [candidate.cpp:199] InstancePrecompute: built 3 candidates
[2026-10-06 06:12:23.486] [info] [stationary.cpp:264] NN: cost=1426.412072, feasible=true, active_stations=1
[2026-10-06 06:12:23.486] [info] [candidate.cpp:199] InstancePrecompute: built 3 candidates
[2026-10-06 06:12:23.486] [info] [stationary.cpp:264] NN: cost=11310.689518, feasible=true, active_stations=1
[2026-10-06 06:12:23.486] [info] [candidate.cpp:199] InstancePrecompute: built 3 candidates
[2026-10-06 06:12:23.486] [info] [stationary.cpp:264] NN: cost=16900.625657, feasible=true, active_stations=1
[2026-10-06 06:12:23.486] [info] [candidate.cpp:199] InstancePrecompute: built 3 candidates
[2026-10-06 06:12:23.486] [info] [stationary.cpp:264] NN: cost=5032.035483, feasible=true, active_stations=1
[2026-10-06 06:12:23.486] [info] [candidate.cpp:199] InstancePrecompute: built 3 candidates
[2026-10-06 06:12:23.486] [info] [stationary.cpp:264] NN: cost=9446.933163, feasible=true, active_stations=1
[2026-10-06 06:12:23.486] [info] [candidate.cpp:199] InstancePrecompute: built 3 candidates
[2026-10-06 06:12:23.486] [info] [stationary.cpp:264] NN: cost=9776.518717, feasible=true, active_stations=1
[2026-10-06 06:12:23.486] [info] [candidate.cpp:199] InstancePrecompute: built 6 candidates
[2026-10-06 06:12:23.486] [info] [stationary.cpp:264] NN: cost=4616.339201, feasible=true, active_stations=2
[2026-10-06 06:12:23.486] [info] [candidate.cpp:199] InstancePrecompute: built 3 candidates
[2026-10-06 06:12:23.486] [info] [stationary.cpp:264] NN: cost=950.764108, feasible=true, active_stations=1
[2026-10-06 06:12:23.486] [info] [candidate.cpp:199] InstancePrecompute: built 3 candidates
[2026-10-06 06:12:23.486] [info] [stationary.cpp:264] NN: cost=1099.674921, feasible=true, active_stations=1
[2026-10-06 06:12:23.486] [info] [candidate.cpp:199] InstancePrecompute: built 3 candidates
[2026-10-06 06:12:23.486] [info] [stationary.cpp:264] NN: cost=1426.412072, feasible=true, active_stations=1
[2026-10-06 06:12:23.486] [info] [candidate.cpp:199] InstancePrecompute: built 3 candidates
[2026-10-06 06:12:23.486] [info] [stationary.cpp:264] NN: cost=11310.689518, feasible=true, active_stations=1
[2026-10-06 06:12:23.486] [info] [candidate.cpp:199] InstancePrecompute: built 3 candidates
[2026-10-06 06:12:23.486] [info] [stationary.cpp:264] NN: cost=16900.625657, feasible=true, active_stations=1
[2026-10-06 06:12:23.486] [info] [candidate.cpp:199] InstancePrecompute: built 3 candidates
[2026-10-06 06:12:23.486] [info] [stationary.cpp:264] NN: cost=5032.035483, feasible=true, active_stations=1
[2026-10-06 06:12:23.486] [info] [candidate.cpp:199] InstancePrecompute: built 3 candidates
[2026-10-06 06:12:23.486] [info] [stationary.cpp:264] NN: cost=9446.933163, feasible=true, active_stations=1
[2026-10-06 06:12:23.486] [info] [candidate.cpp:199] InstancePrecompute: built 6 candidates
[2026-10-06 06:12:23.486] [info] [stationary.cpp:264] NN: cost=4616.339201, feasible=true, active_stations=2
[2026-10-06 06:12:23.486] [info] [candidate.cpp:199] InstancePrecompute: built 3 candidates
[2026-10-06 06:12:23.486] [info] [stationary.cpp:264] NN: cost=9776.518717, feasible=true, active_stations=1
[2026-10-06 06:12:23.486] [info] [candidate.cpp:199] InstancePrecompute: built 3 candidates
[2026-10-06 06:12:23.486] [info] [stationary.cpp:264] NN: cost=950.764108, feasible=true, active_stations=1
[2026-10-06 06:12:23.486] [info] [candidate.cpp:199] InstancePrecompute: built 3 candidates
[2026-10-06 06:12:23.486] [info] [stationary.cpp:264] NN: cost=1099.674921, feasible=true, active_stations=1
[2026-10-06 06:12:23.486] [info] [candidate.cpp:199] InstancePrecompute: built 3 candidates
[2026-10-06 06:12:23.486] [info] [stationary.cpp:264] NN: cost=1426.412072, feasible=true, active_stations=1
[2026-10-06 06:12:23.486] [info] [candidate.cpp:199] InstancePrecompute: built 3 candidates
[2026-10-06 06:12:23.486] [info] [stationary.cpp:264] NN: cost=11310.689518, feasible=true, active_stations=1
[2026-10-06 06:12:23.486] [info] [candidate.cpp:199] InstancePrecompute: built 3 candidates
[2026-10-06 06:12:23.486] [info] [stationary.cpp:264] NN: cost=16900.625657, feasible=true, active_stations=1
[2026-10-06 06:12:23.486] [info] [candidate.cpp:199] InstancePrecompute: built 3 candidates
[2026-10-06 06:12:23.486] [info] [stationary.cpp:264] NN: cost=5032.035483, feasible=true, active_stations=1
[2026-10-06 06:12:23.486] [info] [candidate.cpp:199] InstancePrecompute: built 3 candidates
[2026-10-06 06:12:23.486] [info] [stationary.cpp:264] NN: cost=9446.933163, feasible=true, active_stations=1
[2026-10-06 06:12:23.486] [info] [candidate.cpp:199] InstancePrecompute: built 3 candidates
[2026-10-06 06:12:23.486] [info] [stationary.cpp:264] NN: cost=1763.496714, feasible=true, active_stations=1
[2026-10-06 06:12:23.486] [info] [candidate.cpp:199] InstancePrecompute: built 3 candidates
[2026-10-06 06:12:23.486] [info] [stationary.cpp:264] NN: cost=2852.842487, feasible=true, active_stations=1
[2026-10-06 06:12:23.486] [info] [candidate.cpp:199] InstancePrecompute: built 3 candidates
[2026-10-06 06:12:23.486] [info] [stationary.cpp:264] NN: cost=9776.518717, feasible=true, active_stations=1
[2026-10-06 06:12:23.486] [info] [candidate.cpp:199] InstancePrecompute: built 3 candidates
[2026-10-06 06:12:23.486] [info] [stationary.cpp:264] NN: cost=950.764108, feasible=true, active_stations=1
[2026-10-06 06:12:23.486] [info] [candidate.cpp:199] InstancePrecompute: built 3 candidates
[2026-10-06 06:12:23.486] [info] [stationary.cpp:264] NN: cost=1099.674921, feasible=true, active_stations=1
[2026-10-06 06:12:23.486] [info] [candidate.cpp:199] InstancePrecompute: built 3 candidates
[2026-10-06 06:12:23.486] [info] [stationary.cpp:264] NN: cost=1426.412072, feasible=true, active_stations=1
[2026-10-06 06:12:23.486] [info] [candidate.cpp:199] InstancePrecompute: built 3 candidates
[2026-10-06 06:12:23.486] [info] [stationary.cpp:264] NN: cost=11310.689518, feasible=true, active_stations=1
[2026-10-06 06:12:23.486] [info] [candidate.cpp:199] InstancePrecompute: built 3 candidates
[2026-10-06 06:12:23.486] [info] [stationary.cpp:264] NN: cost=16900.625657, feasible=true, active_stations=1
[2026-10-06 06:12:23.486] [info] [candidate.cpp:199] InstancePrecompute: built 3 candidates
[2026-10-06 06:12:23.486] [info] [stationary.cpp:264] NN: cost=5032.035483, feasible=true, active_stations=1
[2026-10-06 06:12:23.486] [info] [candidate.cpp:199] InstancePrecompute: built 3 candidates
[2026-10-06 06:12:23.486] [info] [stationary.cpp:264] NN: cost=9446.933163, feasible=true, active_stations=1
[2026-10-06 06:12:23.486] [info] [candidate.cpp:199] InstancePrecompute: built 6 candidates
[2026-10-06 06:12:23.486] [info] [stationary.cpp:264] NN: cost=4616.339201, feasible=true, active_stations=2
[2026-10-06 06:12:23.486] [info] [candidate.cpp:199] InstancePrecompute: built 3 candidates
[2026-10-06 06:12:23.486] [info] [stationary.cpp:264] NN: cost=9776.518717, feasible=true, active_stations=1
[2026-10-06 06:12:23.486] [info] [candidate.cpp:199] InstancePrecompute: built 3 candidates
[2026-10-06 06:12:23.486] [info] [stationary.cpp:264] NN: cost=950.764108, feasible=true, active_stations=1
[2026-10-06 06:12:23.486] [info] [candidate.cpp:199] InstancePrecompute: built 3 candidates
[2026-10-06 06:12:23.486] [info] [stationary.cpp:264] NN: cost=1099.674921, feasible=true, active_stations=1
[2026-10-06 06:12:23.486] [info] [candidate.cpp:199] InstancePrecompute: built 3 candidates
[2026-10-06 06:12:23.486] [info] [stationary.cpp:264] NN: cost=1426.412072, feasible=true, active_stations=1
[2026-10-06 06:12:23.486] [info] [candidate.cpp:199] InstancePrecompute: built 3 candidates
[2026-10-06 06:12:23.486] [info] [stationary.cpp:264] NN: cost=11310.689518, feasible=true, active_stations=1
[2026-10-06 06:12:23.486] [info] [candidate.cpp:199] InstancePrecompute: built 3 candidates
[2026-10-06 06:12:23.486] [info] [stationary.cpp:264] NN: cost=16900.625657, feasible=true, active_stations=1
[2026-10-06 06:12:23.486] [info] [candidate.cpp:199] InstancePrecompute: built 3 candidates
[2026-10-06 06:12:23.486] [info] [stationary.cpp:264] NN: cost=5032.035483, feasible=true, active_stations=1
[2026-10-06 06:12:23.486] [info] [candidate.cpp:199] InstancePrecompute: built 3 candidates
[2026-10-06 06:12:23.486] [info] [stationary.cpp:264] NN: cost=9446.933163, feasible=true, active_stations=1
[2026-10-06 06:12:23.486] [info] [candidate.cpp:199] InstancePrecompute: built 6 candidates
[2026-10-06 06:12:23.486] [info] [stationary.cpp:264] NN: cost=4616.339201, feasible=true, active_stations=2
[2026-10-06 06:12:23.486] [info] [candidate.cpp:199] InstancePrecompute: built 3 candidates
[2026-10-06 06:12:23.486] [info] [stationary.cpp:264] NN: cost=9776.518717, feasible=true, active_stations=1
[2026-10-06 06:12:23.486] [info] [candidate.cpp:199] InstancePrecompute: built 3 candidates
[2026-10-06 06:12:23.486] [info] [stationary.cpp:264] NN: cost=950.764108, feasible=true, active_stations=1
[2026-10-06 06:12:23.486] [info] [candidate.cpp:199] InstancePrecompute: built 3 candidates
[2026-10-06 06:12:23.486] [info] [stationary.cpp:264] NN: cost=1099.674921, feasible=true, active_stations=1
[2026-10-06 06:12:23.486] [info] [candidate.cpp:199] InstancePrecompute: built 3 candidates
[2026-10-06 06:12:23.486] [info] [stationary.cpp:264] NN: cost=1426.412072, feasible=true, active_stations=1
[2026-10-06 06:12:23.486] [info] [candidate.cpp:199] InstancePrecompute: built 6 candidates
[2026-10-06 06:12:23.486] [info] [stationary.cpp:264] NN: cost=11310.689518, feasible=true, active_stations=1
[2026-10-06 06:12:23.486] [info] [candidate.cpp:199] InstancePrecompute: built 3 candidates
[2026-10-06 06:12:23.486] [info] [stationary.cpp:264] NN: cost=16900.625657, feasible=true, active_stations=1
[2026-10-06 06:12:23.486] [info] [candidate.cpp:199] InstancePrecompute: built 3 candidates
[2026-10-06 06:12:23.486] [info] [stationary.cpp:264] NN: cost=9446.933163, feasible=true, active_stations=1
[2026-10-06 06:12:23.486] [info] [candidate.cpp:199] InstancePrecompute: built 3 candidates
[2026-10-06 06:12:23.486] [info] [stationary.cpp:264] NN: cost=9776.518717, feasible=true, active_stations=1
[2026-10-06 06:12:23.486] [info] [candidate.cpp:199] InstancePrecompute: built 3 candidates
[2026-10-06 06:12:23.486] [info] [stationary.cpp:264] NN: cost=1763.496714, feasible=true, active_stations=1
[2026-10-06 06:12:23.486] [info] [candidate.cpp:199] InstancePrecompute: built 3 candidates
[2026-10-06 06:12:23.486] [info] [stationary.cpp:264] NN: cost=2852.842487, feasible=true, active_stations=1
[2026-10-06 06:12:23.486] [info] [candidate.cpp:199] InstancePrecompute: built 3 candidates
[2026-10-06 06:12:23.486] [info] [stationary.cpp:264] NN: cost=950.764108, feasible=true, active_stations=1
[2026-10-06 06:12:23.486] [info] [candidate.cpp:199] InstancePrecompute: built 3 candidates
[2026-10-06 06:12:23.486] [info] [stationary.cpp:264] NN: cost=1099.674921, feasible=true, active_stations=1
[2026-10-06 06:12:23.486] [info] [candidate.cpp:199] InstancePrecompute: built 3 candidates
[2026-10-06 06:12:23.486] [info] [stationary.cpp:264] NN: cost=1426.412072, feasible=true, active_stations=1
[2026-10-06 06:12:23.486] [info] [candidate.cpp:199] InstancePrecompute: built 3 candidates
[2026-10-06 06:12:23.486] [info] [stationary.cpp:264] NN: cost=5032.035483, feasible=true, active_stations=1
[2026-10-06 06:12:23.486] [info] [candidate.cpp:199] InstancePrecompute: built 3 candidates
[2026-10-06 06:12:23.486] [info] [stationary.cpp:264] NN: cost=11310.689518, feasible=true, active_stations=1
[2026-10-06 06:12:23.486] [info] [candidate.cpp:199] InstancePrecompute: built 3 candidates
[2026-10-06 06:12:23.486] [info] [stationary.cpp:264] NN: cost=16900.625657, feasible=true, active_stations=1
[2026-10-06 06:12:23.486] [info] [candidate.cpp:199] InstancePrecompute: built 3 candidates
[2026-10-06 06:12:23.486] [info] [stationary.cpp:264] NN: cost=9446.933163, feasible=true, active_stations=1
[2026-10-06 06:12:23.486] [info] [candidate.cpp:199] InstancePrecompute: built 3 candidates
[2026-10-06 06:12:23.486] [info] [stationary.cpp:264] NN: cost=9776.518717, feasible=true, active_stations=1
[2026-10-06 06:12:23.486] [info] [candidate.cpp:199] InstancePrecompute: built 3 candidates
[2026-10-06 06:12:23.486] [info] [stationary.cpp:264] NN: cost=1763.496714, feasible=true, active_stations=1
[2026-10-06 06:12:23.486] [info] [candidate.cpp:199] InstancePrecompute: built 3 candidates
[2026-10-06 06:12:23.486] [info] [stationary.cpp:264] NN: cost=2852.842487, feasible=true, active_stations=1
[2026-10-06 06:12:23.486] [info] [candidate.cpp:199] InstancePrecompute: built 3 candidates
[2026-10-06 06:12:23.486] [info] [stationary.cpp:264] NN: cost=950.764108, feasible=true, active_stations=1
[2026-10-06 06:12:23.486] [info] [candidate.cpp:199] InstancePrecompute: built 3 candidates
[2026-10-06 06:12:23.486] [info] [stationary.cpp:264] NN: cost=1099.674921, feasible=true, active_stations=1
[2026-10-06 06:12:23.486] [info] [candidate.cpp:199] InstancePrecompute: built 3 candidates
[2026-10-06 06:12:23.486] [info] [stationary.cpp:264] NN: cost=1426.412072, feasible=true, active_stations=1
[2026-10-06 06:12:23.486] [info] [candidate.cpp:199] InstancePrecompute: built 3 candidates
[2026-10-06 06:12:23.486] [info] [stationary.cpp:264] NN: cost=5032.035483, feasible=true, active_stations=1
[2026-10-06 06:12:23.486] [info] [candidate.cpp:199] InstancePrecompute: built 3 candidates
[2026-10-06 06:12:23.486] [info] [stationary.cpp:264] NN: cost=11310.689518, feasible=true, active_stations=1
[2026-10-06 06:12:23.486] [info] [candidate.cpp:199] InstancePrecompute: built 3 candidates
[2026-10-06 06:12:23.486] [info] [stationary.cpp:264] NN: cost=16900.625657, feasible=true, active_stations=1
[2026-10-06 06:12:23.486] [info] [candidate.cpp:199] InstancePrecompute: built 3 candidates
[2026-10-06 06:12:23.486] [info] [stationary.cpp:264] NN: cost=9446.933163, feasible=true, active_stations=1
[2026-10-06 06:12:23.486] [info] [candidate.cpp:199] InstancePrecompute: built 3 candidates
[2026-10-06 06:12:23.486] [info] [stationary.cpp:264] NN: cost=9776.518717, feasible=true, active_stations=1
[2026-10-06 06:12:23.486] [info] [candidate.cpp:199] InstancePrecompute: built 6 candidates
[2026-10-06 06:12:23.486] [info] [stationary.cpp:264] NN: cost=4616.339201, feasible=true, active_stations=2
[2026-10-06 06:12:23.486] [info] [candidate.cpp:199] InstancePrecompute: built 3 candidates
[2026-10-06 06:12:23.486] [info] [stationary.cpp:264] NN: cost=950.764108, feasible=true, active_stations=1
[2026-10-06 06:12:23.486] [info] [candidate.cpp:199] InstancePrecompute: built 3 candidates
[2026-10-06 06:12:23.486] [info] [stationary.cpp:264] NN: cost=1099.674921, feasible=true, active_stations=1
[2026-10-06 06:12:23.486] [info] [candidate.cpp:199] InstancePrecompute: built 3 candidates
[2026-10-06 06:12:23.486] [info] [stationary.cpp:264] NN: cost=1426.412072, feasible=true, active_stations=1
[2026-10-06 06:12:23.486] [info] [candidate.cpp:199] InstancePrecompute: built 3 candidates
[2026-10-06 06:12:23.486] [info] [stationary.cpp:264] NN: cost=5032.035483, feasible=true, active_stations=1
[2026-10-06 06:12:23.486] [info] [candidate.cpp:199] InstancePrecompute: built 3 candidates
[2026-10-06 06:12:23.486] [info] [stationary.cpp:264] NN: cost=11310.689518, feasible=true, active_stations=1
[2026-10-06 06:12:23.486] [info] [candidate.cpp:199] InstancePrecompute: built 3 candidates
[2026-10-06 06:12:23.486] [info] [stationary.cpp:264] NN: cost=16900.625657, feasible=true, active_stations=1
[2026-10-06 06:12:23.486] [info] [candidate.cpp:199] InstancePrecompute: built 3 candidates
[2026-10-06 06:12:23.486] [info] [stationary.cpp:264] NN: cost=9446.933163, feasible=true, active_stations=1
[2026-10-06 06:12:23.486] [info] [candidate.cpp:199] InstancePrecompute: built 3 candidates
[2026-10-06 06:12:23.486] [info] [stationary.cpp:264] NN: cost=9776.518717, feasible=true, active_stations=1
[2026-10-06 06:12:23.486] [info] [candidate.cpp:199] InstancePrecompute: built 6 candidates
[2026-10-06 06:12:23.486] [info] [stationary.cpp:264] NN: cost=4616.339201, feasible=true, active_stations=2
[2026-10-06 06:12:23.486] [info] [candidate.cpp:199] InstancePrecompute: built 3 candidates
[2026-10-06 06:12:23.486] [info] [stationary.cpp:264] NN: cost=950.764108, feasible=true, active_stations=1
[2026-10-06 06:12:23.486] [info] [candidate.cpp:199] InstancePrecompute: built 3 candidates
[2026-10-06 06:12:23.486] [info] [stationary.cpp:264] NN: cost=1099.674921, feasible=true, active_stations=1
[2026-10-06 06:12:23.486] [info] [candidate.cpp:199] InstancePrecompute: built 3 candidates
[2026-10-06 06:12:23.486] [info] [stationary.cpp:264] NN: cost=1426.412072, feasible=true, active_stations=1
[2026-10-06 06:12:23.486] [info] [candidate.cpp:199] InstancePrecompute: built 3 candidates
[2026-10-06 06:12:23.486] [info] [stationary.cpp:264] NN: cost=5032.035483, feasible=true, active_stations=1
[2026-10-06 06:12:23.486] [info] [candidate.cpp:199] InstancePrecompute: built 3 candidates
[2026-10-06 06:12:23.486] [info] [stationary.cpp:264] NN: cost=11310.689518, feasible=true, active_stations=1
[2026-10-06 06:12:23.486] [info] [candidate.cpp:199] InstancePrecompute: built 3 candidates
[2026-10-06 06:12:23.486] [info] [stationary.cpp:264] NN: cost=16900.625657, feasible=true, active_stations=1
[2026-10-06 06:12:23.486] [info] [candidate.cpp:199] InstancePrecompute: built 3 candidates
[2026-10-06 06:12:23.486] [info] [stationary.cpp:264] NN: cost=9446.933163, feasible=true, active_stations=1
[2026-10-06 06:12:23.486] [info] [candidate.cpp:199] InstancePrecompute: built 3 candidates
[2026-10-06 06:12:23.486] [info] [stationary.cpp:264] NN: cost=9776.518717, feasible=true, active_stations=1
[2026-10-06 06:12:23.486] [info] [candidate.cpp:199] InstancePrecompute: built 6 candidates
[2026-10-06 06:12:23.486] [info] [stationary.cpp:264] NN: cost=4616.339201, feasible=true, active_stations=2
[2026-10-06 06:12:23.486] [info] [candidate.cpp:199] InstancePrecompute: built 3 candidates
[2026-10-06 06:12:23.486] [info] [stationary.cpp:264] NN: cost=950.764108, feasible=true, active_stations=1
[2026-10-06 06:12:23.486] [info] [candidate.cpp:199] InstancePrecompute: built 3 candidates
[2026-10-06 06:12:23.486] [info] [stationary.cpp:264] NN: cost=1099.674921, feasible=true, active_stations=1
[2026-10-06 06:12:23.486] [info] [candidate.cpp:199] InstancePrecompute: built 3 candidates
[2026-10-06 06:12:23.486] [info] [stationary.cpp:264] NN: cost=1426.412072, feasible=true, active_stations=1
[2026-10-06 06:12:23.486] [info] [candidate.cpp:199] InstancePrecompute: built 6 candidates
[2026-10-06 06:12:23.486] [info] [stationary.cpp:264] NN: cost=11310.689518, feasible=true, active_stations=1
[2026-10-06 06:12:23.486] [info] [candidate.cpp:199] InstancePrecompute: built 3 candidates
[2026-10-06 06:12:23.486] [info] [stationary.cpp:264] NN: cost=16900.625657, feasible=true, active_stations=1
[2026-10-06 06:12:23.486] [info] [candidate.cpp:199] InstancePrecompute: built 3 candidates
[2026-10-06 06:12:23.486] [info] [stationary.cpp:264] NN: cost=9446.933163, feasible=true, active_stations=1
[2026-10-06 06:12:23.486] [info] [candidate.cpp:199] InstancePrecompute: built 3 candidates
[2026-10-06 06:12:23.486] [info] [stationary.cpp:264] NN: cost=1763.496714, feasible=true, active_stations=1
[2026-10-06 06:12:23.486] [info] [candidate.cpp:199] InstancePrecompute: built 3 candidates
[2026-10-06 06:12:23.486] [info] [stationary.cpp:264] NN: cost=2852.842487, feasible=true, active_stations=1
[2026-10-06 06:12:23.486] [info] [candidate.cpp:199] InstancePrecompute: built 3 candidates
[2026-10-06 06:12:23.486] [info] [stationary.cpp:264] NN: cost=9776.518717, feasible=true, active_stations=1
[2026-10-06 06:12:23.486] [info] [candidate.cpp:199] InstancePrecompute: built 3 candidates
[2026-10-06 06:12:23.486] [info] [stationary.cpp:264] NN: cost=950.764108, feasible=true, active_stations=1
[2026-10-06 06:12:23.486] [info] [candidate.cpp:199] InstancePrecompute: built 3 candidates
[2026-10-06 06:12:23.486] [info] [stationary.cpp:264] NN: cost=1099.674921, feasible=true, active_stations=1
[2026-10-06 06:12:23.486] [info] [candidate.cpp:199] InstancePrecompute: built 3 candidates
[2026-10-06 06:12:23.486] [info] [stationary.cpp:264] NN: cost=1426.412072, feasible=true, active_stations=1
[2026-10-06 06:12:23.486] [info] [candidate.cpp:199] InstancePrecompute: built 3 candidates
[2026-10-06 06:12:23.486] [info] [stationary.cpp:264] NN: cost=5032.035483, feasible=true, active_stations=1
[2026-10-06 06:12:23.486] [info] [candidate.cpp:199] InstancePrecompute: built 3 candidates
[2026-10-06 06:12:23.486] [info] [stationary.cpp:264] NN: cost=11310.689518, feasible=true, active_stations=1
[2026-10-06 06:12:23.486] [info] [candidate.cpp:199] InstancePrecompute: built 3 candidates
[2026-10-06 06:12:23.486] [info] [stationary.cpp:264] NN: cost=16900.625657, feasible=true, active_stations=1
[2026-10-06 06:12:23.486] [info] [candidate.cpp:199] InstancePrecompute: built 3 candidates
[2026-10-06 06:12:23.486] [info] [stationary.cpp:264] NN: cost=9446.933163, feasible=true, active_stations=1
[2026-10-06 06:12:23.486] [info] [candidate.cpp:199] InstancePrecompute: built 3 candidates
[2026-10-06 06:12:23.486] [info] [stationary.cpp:264] NN: cost=1763.496714, feasible=true, active_stations=1
[2026-10-06 06:12:23.486] [info] [candidate.cpp:199] InstancePrecompute: built 3 candidates
[2026-10-06 06:12:23.486] [info] [stationary.cpp:264] NN: cost=2852.842487, feasible=true, active_stations=1
[2026-10-06 06:12:23.486] [info] [candidate.cpp:199] InstancePrecompute: built 3 candidates
[2026-10-06 06:12:23.486] [info] [stationary.cpp:264] NN: cost=9776.518717, feasible=true, active_stations=1
[2026-10-06 06:12:23.486] [info] [candidate.cpp:199] InstancePrecompute: built 3 candidates
[2026-10-06 06:12:23.486] [info] [stationary.cpp:264] NN: cost=950.764108, feasible=true, active_stations=1
[2026-10-06 06:12:23.486] [info] [candidate.cpp:199] InstancePrecompute: built 3 candidates
[2026-10-06 06:12:23.486] [info] [stationary.cpp:264] NN: cost=1099.674921, feasible=true, active_stations=1
[2026-10-06 06:12:23.486] [info] [candidate.cpp:199] InstancePrecompute: built 3 candidates
[2026-10-06 06:12:23.486] [info] [stationary.cpp:264] NN: cost=1426.412072, feasible=true, active_stations=1
[2026-10-06 06:12:23.486] [info] [candidate.cpp:199] InstancePrecompute: built 3 candidates
[2026-10-06 06:12:23.486] [info] [stationary.cpp:264] NN: cost=5032.035483, feasible=true, active_stations=1
[2026-10-06 06:12:23.486] [info] [candidate.cpp:199] InstancePrecompute: built 3 candidates
[2026-10-06 06:12:23.486] [info] [stationary.cpp:264] NN: cost=11310.689518, feasible=true, active_stations=1
[2026-10-06 06:12:23.486] [info] [candidate.cpp:199] InstancePrecompute: built 3 candidates
[2026-10-06 06:12:23.486] [info] [stationary.cpp:264] NN: cost=16900.625657, feasible=true, active_stations=1
[2026-10-06 06:12:23.486] [info] [candidate.cpp:199] InstancePrecompute: built 3 candidates
[2026-10-06 06:12:23.486] [info] [stationary.cpp:264] NN: cost=9446.933163, feasible=true, active_stations=1
[2026-10-06 06:12:23.486] [info] [candidate.cpp:199] InstancePrecompute: built 6 candidates
[2026-10-06 06:12:23.486] [info] [stationary.cpp:264] NN: cost=4616.339201, feasible=true, active_stations=2
[2026-10-06 06:12:23.486] [info] [candidate.cpp:199] InstancePrecompute: built 3 candidates
[2026-10-06 06:12:23.486] [info] [stationary.cpp:264] NN: cost=9776.518717, feasible=true, active_stations=1
[2026-10-06 06:12:23.486] [info] [candidate.cpp:199] InstancePrecompute: built 3 candidates
[2026-10-06 06:12:23.486] [info] [stationary.cpp:264] NN: cost=950.764108, feasible=true, active_stations=1
[2026-10-06 06:12:23.486] [info] [candidate.cpp:199] InstancePrecompute: built 3 candidates
[2026-10-06 06:12:23.486] [info] [stationary.cpp:264] NN: cost=1099.674921, feasible=true, active_stations=1
[2026-10-06 06:12:23.486] [info] [candidate.cpp:199] InstancePrecompute: built 3 candidates
[2026-10-06 06:12:23.486] [info] [stationary.cpp:264] NN: cost=1426.412072, feasible=true, active_stations=1
[2026-10-06 06:12:23.486] [info] [candidate.cpp:199] InstancePrecompute: built 3 candidates
[2026-10-06 06:12:23.486] [info] [stationary.cpp:264] NN: cost=5032.035483, feasible=true, active_stations=1
[2026-10-06 06:12:23.486] [info] [candidate.cpp:199] InstancePrecompute: built 3 candidates
[2026-10-06 06:12:23.486] [info] [stationary.cpp:264] NN: cost=11310.689518, feasible=true, active_stations=1
[2026-10-06 06:12:23.486] [info] [candidate.cpp:199] InstancePrecompute: built 3 candidates
[2026-10-06 06:12:23.486] [info] [stationary.cpp:264] NN: cost=16900.625657, feasible=true, active_stations=1
[2026-10-06 06:12:23.486] [info] [candidate.cpp:199] InstancePrecompute: built 3 candidates
[2026-10-06 06:12:23.486] [info] [stationary.cpp:264] NN: cost=9446.933163, feasible=true, active_stations=1
[2026-10-06 06:12:23.486] [info] [candidate.cpp:199] InstancePrecompute: built 6 candidates
[2026-10-06 06:12:23.486] [info] [stationary.cpp:264] NN: cost=4616.339201, feasible=true, active_stations=2
[2026-10-06 06:12:23.486] [info] [candidate.cpp:199] InstancePrecompute: built 3 candidates
[2026-10-06 06:12:23.486] [info] [stationary.cpp:264] NN: cost=9776.518717, feasible=true, active_stations=1
[2026-10-06 06:12:23.486] [info] [candidate.cpp:199] InstancePrecompute: built 3 candidates
[2026-10-06 06:12:23.486] [info] [stationary.cpp:264] NN: cost=950.764108, feasible=true, active_stations=1
[2026-10-06 06:12:23.486] [info] [candidate.cpp:199] InstancePrecompute: built 3 candidates
[2026-10-06 06:12:23.486] [info] [stationary.cpp:264] NN: cost=1099.674921, feasible=true, active_stations=1
[2026-10-06 06:12:23.486] [info] [candidate.cpp:199] InstancePrecompute: built 3 candidates
[2026-10-06 06:12:23.486] [info] [stationary.cpp:264] NN: cost=1426.412072, feasible=true, active_stations=1
[2026-10-06 06:12:23.486] [info] [candidate.cpp:199] InstancePrecompute: built 3 candidates
[2026-10-06 06:12:23.486] [info] [stationary.cpp:264] NN: cost=5032.035483, feasible=true, active_stations=1
[2026-10-06 06:12:23.486] [info] [candidate.cpp:199] InstancePrecompute: built 3 candidates
[2026-10-06 06:12:23.486] [info] [stationary.cpp:264] NN: cost=11310.689518, feasible=true, active_stations=1
[2026-10-06 06:12:23.486] [info] [candidate.cpp:199] InstancePrecompute: built 3 candidates
[2026-10-06 06:12:23.486] [info] [stationary.cpp:264] NN: cost=16900.625657, feasible=true, active_stations=1
[2026-10-06 06:12:23.486] [info] [candidate.cpp:199] InstancePrecompute: built 3 candidates
[2026-10-06 06:12:23.486] [info] [stationary.cpp:264] NN: cost=9446.933163, feasible=true, active_stations=1
[2026-10-06 06:12:23.486] [info] [candidate.cpp:199] InstancePrecompute: built 6 candidates
[2026-10-06 06:12:23.486] [info] [stationary.cpp:264] NN: cost=4616.339201, feasible=true, active_stations=2
[2026-10-06 06:12:23.486] [info] [candidate.cpp:199] InstancePrecompute: built 3 candidates
[2026-10-06 06:12:23.486] [info] [stationary.cpp:264] NN: cost=9776.518717, feasible=true, active_stations=1
[2026-10-06 06:12:23.486] [info] [candidate.cpp:199] InstancePrecompute: built 3 candidates
[2026-10-06 06:12:23.486] [info] [stationary.cpp:264] NN: cost=950.764108, feasible=true, active_stations=1
[2026-10-06 06:12:23.486] [info] [candidate.cpp:199] InstancePrecompute: built 3 candidates
[2026-10-06 06:12:23.486] [info] [stationary.cpp:264] NN: cost=1099.674921, feasible=true, active_stations=1
[2026-10-06 06:12:23.486] [info] [candidate.cpp:199] InstancePrecompute: built 3 candidates
[2026-10-06 06:12:23.486] [info] [stationary.cpp:264] NN: cost=1426.412072, feasible=true, active_stations=1
[2026-10-06 06:12:23.486] [info] [candidate.cpp:199] InstancePrecompute: built 3 candidates
[2026-10-06 06:12:23.486] [info] [stationary.cpp:264] NN: cost=11310.689518, feasible=true, active_stations=1
[2026-10-06 06:12:23.486] [info] [candidate.cpp:199] InstancePrecompute: built 3 candidates
[2026-10-06 06:12:23.486] [info] [stationary.cpp:264] NN: cost=16900.625657, feasible=true, active_stations=1
[2026-10-06 06:12:23.486] [info] [candidate.cpp:199] InstancePrecompute: built 3 candidates
[2026-10-06 06:12:23.486] [info] [stationary.cpp:264] NN: cost=5032.035483, feasible=true, active_stations=1
[2026-10-06 06:12:23.486] [info] [candidate.cpp:199] InstancePrecompute: built 3 candidates
[2026-10-06 06:12:23.486] [info] [stationary.cpp:264] NN: cost=9446.933163, feasible=true, active_stations=1
[2026-10-06 06:12:23.486] [info] [candidate.cpp:199] InstancePrecompute: built 3 candidates
[2026-10-06 06:12:23.486] [info] [stationary.cpp:264] NN: cost=1763.496714, feasible=true, active_stations=1
[2026-10-06 06:12:23.486] [info] [candidate.cpp:199] InstancePrecompute: built 3 candidates
[2026-10-06 06:12:23.486] [info] [stationary.cpp:264] NN: cost=9776.518717, feasible=true, active_stations=1
[2026-10-06 06:12:23.486] [info] [candidate.cpp:199] InstancePrecompute: built 6 candidates
[2026-10-06 06:12:23.486] [info] [stationary.cpp:264] NN: cost=2852.842487, feasible=true, active_stations=1
[2026-10-06 06:12:23.486] [info] [candidate.cpp:199] InstancePrecompute: built 3 candidates
[2026-10-06 06:12:23.487] [info] [stationary.cpp:264] NN: cost=1099.674921, feasible=true, active_stations=1
[2026-10-06 06:12:23.487] [info] [candidate.cpp:199] InstancePrecompute: built 3 candidates
[2026-10-06 06:12:23.487] [info] [stationary.cpp:264] NN: cost=1426.412072, feasible=true, active_stations=1
[2026-10-06 06:12:23.487] [info] [candidate.cpp:199] InstancePrecompute: built 3 candidates
[2026-10-06 06:12:23.487] [info] [stationary.cpp:264] NN: cost=11310.689518, feasible=true, active_stations=1
[2026-10-06 06:12:23.487] [info] [candidate.cpp:199] InstancePrecompute: built 3 candidates
[2026-10-06 06:12:23.487] [info] [stationary.cpp:264] NN: cost=16900.625657, feasible=true, active_stations=1
[2026-10-06 06:12:23.487] [info] [candidate.cpp:199] InstancePrecompute: built 3 candidates
[2026-10-06 06:12:23.487] [info] [stationary.cpp:264] NN: cost=5032.035483, feasible=true, active_stations=1
[2026-10-06 06:12:23.487] [info] [candidate.cpp:199] InstancePrecompute: built 3 candidates
[2026-10-06 06:12:23.487] [info] [stationary.cpp:264] NN: cost=9446.933163, feasible=true, active_stations=1
[2026-10-06 06:12:23.487] [info] [candidate.cpp:199] InstancePrecompute: built 3 candidates
[2026-10-06 06:12:23.487] [info] [stationary.cpp:264] NN: cost=1763.496714, feasible=true, active_stations=1
[2026-10-06 06:12:23.487] [info] [candidate.cpp:199] InstancePrecompute: built 3 candidates
[2026-10-06 06:12:23.487] [info] [stationary.cpp:264] NN: cost=9776.518717, feasible=true, active_stations=1
[2026-10-06 06:12:23.487] [info] [candidate.cpp:199] InstancePrecompute: built 6 candidates
[2026-10-06 06:12:23.487] [info] [stationary.cpp:264] NN: cost=2852.842487, feasible=true, active_stations=1
[2026-10-06 06:12:23.487] [info] [candidate.cpp:199] InstancePrecompute: built 3 candidates
[2026-10-06 06:12:23.487] [info] [stationary.cpp:264] NN: cost=1099.674921, feasible=true, active_stations=1
[2026-10-06 06:12:23.487] [info] [candidate.cpp:199] InstancePrecompute: built 3 candidates
[2026-10-06 06:12:23.487] [info] [stationary.cpp:264] NN: cost=1426.412072, feasible=true, active_stations=1
[2026-10-06 06:12:23.487] [info] [candidate.cpp:199] InstancePrecompute: built 3 candidates
[2026-10-06 06:12:23.487] [info] [stationary.cpp:264] NN: cost=11310.689518, feasible=true, active_stations=1
[2026-10-06 06:12:23.487] [info] [candidate.cpp:199] InstancePrecompute: built 3 candidates
[2026-10-06 06:12:23.487] [info] [stationary.cpp:264] NN: cost=16900.625657, feasible=true, active_stations=1
[2026-10-06 06:12:23.487] [info] [candidate.cpp:199] InstancePrecompute: built 3 candidates
[2026-10-06 06:12:23.487] [info] [stationary.cpp:264] NN: cost=5032.035483, feasible=true, active_stations=1
[2026-10-06 06:12:23.487] [info] [candidate.cpp:199] InstancePrecompute: built 3 candidates
[2026-10-06 06:12:23.487] [info] [stationary.cpp:264] NN: cost=9446.933163, feasible=true, active_stations=1
[2026-10-06 06:12:23.487] [info] [candidate.cpp:199] InstancePrecompute: built 3 candidates
[2026-10-06 06:12:23.487] [info] [stationary.cpp:264] NN: cost=1763.496714, feasible=true, active_stations=1
[2026-10-06 06:12:23.487] [info] [candidate.cpp:199] InstancePrecompute: built 3 candidates
[2026-10-06 06:12:23.487] [info] [stationary.cpp:264] NN: cost=9776.518717, feasible=true, active_stations=1
[2026-10-06 06:12:23.487] [info] [candidate.cpp:199] InstancePrecompute: built 6 candidates
[2026-10-06 06:12:23.487] [info] [stationary.cpp:264] NN: cost=2852.842487, feasible=true, active_stations=1
[2026-10-06 06:12:23.487] [info] [candidate.cpp:199] InstancePrecompute: built 3 candidates
[2026-10-06 06:12:23.487] [info] [stationary.cpp:264] NN: cost=1099.674921, feasible=true, active_stations=1
[2026-10-06 06:12:23.487] [info] [candidate.cpp:199] InstancePrecompute: built 3 candidates
[2026-10-06 06:12:23.487] [info] [stationary.cpp:264] NN: cost=1426.412072, feasible=true, active_stations=1
[2026-10-06 06:12:23.487] [info] [candidate.cpp:199] InstancePrecompute: built 3 candidates
[2026-10-06 06:12:23.487] [info] [stationary.cpp:264] NN: cost=11310.689518, feasible=true, active_stations=1
[2026-10-06 06:12:23.487] [info] [candidate.cpp:199] InstancePrecompute: built 3 candidates
[2026-10-06 06:12:23.487] [info] [stationary.cpp:264] NN: cost=16900.625657, feasible=true, active_stations=1
[2026-10-06 06:12:23.487] [info] [candidate.cpp:199] InstancePrecompute: built 3 candidates
[2026-10-06 06:12:23.487] [info] [stationary.cpp:264] NN: cost=5032.035483, feasible=true, active_stations=1
[2026-10-06 06:12:23.487] [info] [candidate.cpp:199] InstancePrecompute: built 3 candidates
[2026-10-06 06:12:23.487] [info] [stationary.cpp:264] NN: cost=9446.933163, feasible=true, active_stations=1
[2026-10-06 06:12:23.487] [info] [candidate.cpp:199] InstancePrecompute: built 3 candidates
[2026-10-06 06:12:23.487] [info] [stationary.cpp:264] NN: cost=1763.496714, feasible=true, active_stations=1
[2026-10-06 06:12:23.487] [info] [candidate.cpp:199] InstancePrecompute: built 3 candidates
[2026-10-06 06:12:23.487] [info] [stationary.cpp:264] NN: cost=9776.518717, feasible=true, active_stations=1
[2026-10-06 06:12:23.487] [info] [candidate.cpp:199] InstancePrecompute: built 3 candidates
[2026-10-06 06:12:23.487] [info] [stationary.cpp:264] NN: cost=2852.842487, feasible=true, active_stations=1
[2026-10-06 06:12:23.487] [info] [candidate.cpp:199] InstancePrecompute: built 3 candidates
[2026-10-06 06:12:23.487] [info] [stationary.cpp:264] NN: cost=950.764108, feasible=true, active_stations=1
[2026-10-06 06:12:23.487] [info] [candidate.cpp:199] InstancePrecompute: built 3 candidates
[2026-10-06 06:12:23.487] [info] [stationary.cpp:264] NN: cost=1099.674921, feasible=true, active_stations=1
[2026-10-06 06:12:23.487] [info] [candidate.cpp:199] InstancePrecompute: built 3 candidates
[2026-10-06 06:12:23.487] [info] [stationary.cpp:264] NN: cost=1426.412072, feasible=true, active_stations=1
[2026-10-06 06:12:23.487] [info] [candidate.cpp:199] InstancePrecompute: built 3 candidates
[2026-10-06 06:12:23.487] [info] [stationary.cpp:264] NN: cost=11310.689518, feasible=true, active_stations=1
[2026-10-06 06:12:23.487] [info] [candidate.cpp:199] InstancePrecompute: built 3 candidates
[2026-10-06 06:12:23.487] [info] [stationary.cpp:264] NN: cost=16900.625657, feasible=true, active_stations=1
[2026-10-06 06:12:23.487] [info] [candidate.cpp:199] InstancePrecompute: built 3 candidates
[2026-10-06 06:12:23.487] [info] [stationary.cpp:264] NN: cost=5032.035483, feasible=true, active_stations=1
[2026-10-06 06:12:23.487] [info] [candidate.cpp:199] InstancePrecompute: built 3 candidates
[2026-10-06 06:12:23.487] [info] [stationary.cpp:264] NN: cost=9446.933163, feasible=true, active_stations=1
[2026-10-06 06:12:23.487] [info] [candidate.cpp:199] InstancePrecompute: built 3 candidates
[2026-10-06 06:12:23.487] [info] [stationary.cpp:264] NN: cost=1763.496714, feasible=true, active_stations=1
[2026-10-06 06:12:23.487] [info] [candidate.cpp:199] InstancePrecompute: built 3 candidates
[2026-10-06 06:12:23.487] [info] [stationary.cpp:264] NN: cost=9776.518717, feasible=true, active_stations=1
[2026-10-06 06:12:23.487] [info] [candidate.cpp:199] InstancePrecompute: built 3 candidates
[2026-10-06 06:12:23.487] [info] [stationary.cpp:264] NN: cost=2852.842487, feasible=true, active_stations=1
[2026-10-06 06:12:23.487] [info] [candidate.cpp:199] InstancePrecompute: built 3 candidates
[2026-10-06 06:12:23.487] [info] [stationary.cpp:264] NN: cost=950.764108, feasible=true, active_stations=1
[2026-10-06 06:12:23.487] [info] [candidate.cpp:199] InstancePrecompute: built 3 candidates
[2026-10-06 06:12:23.487] [info] [stationary.cpp:264] NN: cost=1099.674921, feasible=true, active_stations=1
[2026-10-06 06:12:23.487] [info] [candidate.cpp:199] InstancePrecompute: built 3 candidates
[2026-10-06 06:12:23.487] [info] [stationary.cpp:264] NN: cost=1426.412072, feasible=true, active_stations=1
[2026-10-06 06:12:23.487] [info] [candidate.cpp:199] InstancePrecompute: built 3 candidates
[2026-10-06 06:12:23.487] [info] [stationary.cpp:264] NN: cost=11310.689518, feasible=true, active_stations=1
[2026-10-06 06:12:23.487] [info] [candidate.cpp:199] InstancePrecompute: built 3 candidates
[2026-10-06 06:12:23.487] [info] [stationary.cpp:264] NN: cost=16900.625657, feasible=true, active_stations=1
[2026-10-06 06:12:23.487] [info] [candidate.cpp:199] InstancePrecompute: built 3 candidates
[2026-10-06 06:12:23.487] [info] [stationary.cpp:264] NN: cost=5032.035483, feasible=true, active_stations=1
[2026-10-06 06:12:23.487] [info] [candidate.cpp:199] InstancePrecompute: built 3 candidates
[2026-10-06 06:12:23.487] [info] [stationary.cpp:264] NN: cost=9446.933163, feasible=true, active_stations=1
[2026-10-06 06:12:23.487] [info] [candidate.cpp:199] InstancePrecompute: built 3 candidates
[2026-10-06 06:12:23.487] [info] [stationary.cpp:264] NN: cost=1763.496714, feasible=true, active_stations=1
[2026-10-06 06:12:23.487] [info] [candidate.cpp:199] InstancePrecompute: built 3 candidates
[2026-10-06 06:12:23.487] [info] [stationary.cpp:264] NN: cost=9776.518717, feasible=true, active_stations=1
[2026-10-06 06:12:23.487] [info] [candidate.cpp:199] InstancePrecompute: built 3 candidates
[2026-10-06 06:12:23.487] [info] [stationary.cpp:264] NN: cost=2852.842487, feasible=true, active_stations=1
[2026-10-06 06:12:23.487] [info] [candidate.cpp:199] InstancePrecompute: built 3 candidates
[2026-10-06 06:12:23.487] [info] [stationary.cpp:264] NN: cost=950.764108, feasible=true, active_stations=1
[2026-10-06 06:12:23.487] [info] [candidate.cpp:199] InstancePrecompute: built 3 candidates
[2026-10-06 06:12:23.487] [info] [stationary.cpp:264] NN: cost=1099.674921, feasible=true, active_stations=1
[2026-10-06 06:12:23.487] [info] [candidate.cpp:199] InstancePrecompute: built 3 candidates
[2026-10-06 06:12:23.487] [info] [stationary.cpp:264] NN: cost=1426.412072, feasible=true, active_stations=1
[2026-10-06 06:12:23.487] [info] [candidate.cpp:199] InstancePrecompute: built 3 candidates
[2026-10-06 06:12:23.487] [info] [stationary.cpp:264] NN: cost=11310.689518, feasible=true, active_stations=1
[2026-10-06 06:12:23.487] [info] [candidate.cpp:199] InstancePrecompute: built 3 candidates
[2026-10-06 06:12:23.487] [info] [stationary.cpp:264] NN: cost=16900.625657, feasible=true, active_stations=1
[2026-10-06 06:12:23.487] [info] [candidate.cpp:199] InstancePrecompute: built 3 candidates
[2026-10-06 06:12:23.487] [info] [stationary.cpp:264] NN: cost=5032.035483, feasible=true, active_stations=1
[2026-10-06 06:12:23.487] [info] [candidate.cpp:199] InstancePrecompute: built 3 candidates
[2026-10-06 06:12:23.487] [info] [stationary.cpp:264] NN: cost=9446.933163, feasible=true, active_stations=1
[2026-10-06 06:12:23.487] [info] [candidate.cpp:199] InstancePrecompute: built 3 candidates
[2026-10-06 06:12:23.487] [info] [stationary.cpp:264] NN: cost=1763.496714, feasible=true, active_stations=1
[2026-10-06 06:12:23.487] [info] [candidate.cpp:199] InstancePrecompute: built 3 candidates
[2026-10-06 06:12:23.487] [info] [stationary.cpp:264] NN: cost=9776.518717, feasible=true, active_stations=1
[2026-10-06 06:12:23.487] [info] [candidate.cpp:199] InstancePrecompute: built 3 candidates
[2026-10-06 06:12:23.487] [info] [stationary.cpp:264] NN: cost=2852.842487, feasible=true, active_stations=1
[2026-10-06 06:12:23.487] [info] [candidate.cpp:199] InstancePrecompute: built 3 candidates
[2026-10-06 06:12:23.487] [info] [stationary.cpp:264] NN: cost=950.764108, feasible=true, active_stations=1
[2026-10-06 06:12:23.487] [info] [candidate.cpp:199] InstancePrecompute: built 3 candidates
[2026-10-06 06:12:23.487] [info] [stationary.cpp:264] NN: cost=1099.674921, feasible=true, active_stations=1
[2026-10-06 06:12:23.487] [info] [candidate.cpp:199] InstancePrecompute: built 3 candidates
[2026-10-06 06:12:23.487] [info] [stationary.cpp:264] NN: cost=1426.412072, feasible=true, active_stations=1
[2026-10-06 06:12:23.487] [info] [candidate.cpp:199] InstancePrecompute: built 3 candidates
[2026-10-06 06:12:23.487] [info] [stationary.cpp:264] NN: cost=11310.689518, feasible=true, active_stations=1
[2026-10-06 06:12:23.487] [info] [candidate.cpp:199] InstancePrecompute: built 3 candidates
[2026-10-06 06:12:23.487] [info] [stationary.cpp:264] NN: cost=16900.625657, feasible=true, active_stations=1
[2026-10-06 06:12:23.487] [info] [candidate.cpp:199] InstancePrecompute: built 3 candidates
[2026-10-06 06:12:23.487] [info] [stationary.cpp:264] NN: cost=5032.035483, feasible=true, active_stations=1
[2026-10-06 06:12:23.487] [info] [candidate.cpp:199] InstancePrecompute: built 3 candidates
[2026-10-06 06:12:23.487] [info] [stationary.cpp:264] NN: cost=9446.933163, feasible=true, active_stations=1
[2026-10-06 06:12:23.487] [info] [candidate.cpp:199] InstancePrecompute: built 3 candidates
[2026-10-06 06:12:23.487] [info] [stationary.cpp:264] NN: cost=1763.496714, feasible=true, active_stations=1
[2026-10-06 06:12:23.487] [info] [candidate.cpp:199] InstancePrecompute: built 3 candidates
[2026-10-06 06:12:23.487] [info] [stationary.cpp:264] NN: cost=9776.518717, feasible=true, active_stations=1
[2026-10-06 06:12:23.487] [info] [candidate.cpp:199] InstancePrecompute: built 3 candidates
[2026-10-06 06:12:23.487] [info] [stationary.cpp:264] NN: cost=2852.842487, feasible=true, active_stations=1
[2026-10-06 06:12:23.487] [info] [candidate.cpp:199] InstancePrecompute: built 3 candidates
[2026-10-06 06:12:23.487] [info] [stationary.cpp:264] NN: cost=950.764108, feasible=true, active_stations=1
[2026-10-06 06:12:23.487] [info] [candidate.cpp:199] InstancePrecompute: built 3 candidates
[2026-10-06 06:12:23.487] [info] [stationary.cpp:264] NN: cost=1099.674921, feasible=true, active_stations=1
[2026-10-06 06:12:23.487] [info] [candidate.cpp:199] InstancePrecompute: built 3 candidates
[2026-10-06 06:12:23.487] [info] [stationary.cpp:264] NN: cost=1426.412072, feasible=true, active_stations=1
[2026-10-06 06:12:23.487] [info] [candidate.cpp:199] InstancePrecompute: built 3 candidates
[2026-10-06 06:12:23.487] [info] [stationary.cpp:264] NN: cost=11310.689518, feasible=true, active_stations=1
[2026-10-06 06:12:23.487] [info] [candidate.cpp:199] InstancePrecompute: built 3 candidates
[2026-10-06 06:12:23.487] [info] [stationary.cpp:264] NN: cost=16900.625657, feasible=true, active_stations=1
[2026-10-06 06:12:23.487] [info] [candidate.cpp:199] InstancePrecompute: built 3 candidates
[2026-10-06 06:12:23.487] [info] [stationary.cpp:264] NN: cost=5032.035483, feasible=true, active_stations=1
[2026-10-06 06:12:23.487] [info] [candidate.cpp:199] InstancePrecompute: built 3 candidates
[2026-10-06 06:12:23.487] [info] [stationary.cpp:264] NN: cost=9446.933163, feasible=true, active_stations=1
[2026-10-06 06:12:23.487] [info] [candidate.cpp:199] InstancePrecompute: built 3 candidates
[2026-10-06 06:12:23.487] [info] [stationary.cpp:264] NN: cost=1763.496714, feasible=true, active_stations=1
[2026-10-06 06:12:23.487] [info] [candidate.cpp:199] InstancePrecompute: built 3 candidates
[2026-10-06 06:12:23.487] [info] [stationary.cpp:264] NN: cost=9776.518717, feasible=true, active_stations=1
[2026-10-06 06:12:23.487] [info] [candidate.cpp:199] InstancePrecompute: built 3 candidates
[2026-10-06 06:12:23.487] [info] [stationary.cpp:264] NN: cost=2852.842487, feasible=true, active_stations=1
[2026-10-06 06:12:23.487] [info] [candidate.cpp:199] InstancePrecompute: built 3 candidates
[2026-10-06 06:12:23.487] [info] [stationary.cpp:264] NN: cost=950.764108, feasible=true, active_stations=1
[2026-10-06 06:12:23.487] [info] [candidate.cpp:199] InstancePrecompute: built 3 candidates
[2026-10-06 06:12:23.487] [info] [stationary.cpp:264] NN: cost=1099.674921, feasible=true, active_stations=1
[2026-10-06 06:12:23.487] [info] [candidate.cpp:199] InstancePrecompute: built 3 candidates
[2026-10-06 06:12:23.487] [info] [stationary.cpp:264] NN: cost=1426.412072, feasible=true, active_stations=1
[2026-10-06 06:12:23.487] [info] [candidate.cpp:199] InstancePrecompute: built 3 candidates
[2026-10-06 06:12:23.487] [info] [stationary.cpp:264] NN: cost=11310.689518, feasible=true, active_stations=1
[2026-10-06 06:12:23.487] [info] [candidate.cpp:199] InstancePrecompute: built 3 candidates
[2026-10-06 06:12:23.487] [info] [stationary.cpp:264] NN: cost=16900.625657, feasible=true, active_stations=1
[2026-10-06 06:12:23.487] [info] [candidate.cpp:199] InstancePrecompute: built 3 candidates
[2026-10-06 06:12:23.487] [info] [stationary.cpp:264] NN: cost=5032.035483, feasible=true, active_stations=1
[2026-10-06 06:12:23.487] [info] [candidate.cpp:199] InstancePrecompute: built 3 candidates
[2026-10-06 06:12:23.487] [info] [stationary.cpp:264] NN: cost=9446.933163, feasible=true, active_stations=1
[2026-10-06 06:12:23.487] [info] [candidate.cpp:199] InstancePrecompute: built 3 candidates
[2026-10-06 06:12:23.487] [info] [stationary.cpp:264] NN: cost=1763.496714, feasible=true, active_stations=1
[2026-10-06 06:12:23.487] [info] [candidate.cpp:199] InstancePrecompute: built 3 candidates
[2026-10-06 06:12:23.487] [info] [stationary.cpp:264] NN: cost=9776.518717, feasible=true, active_stations=1
[2026-10-06 06:12:23.487] [info] [candidate.cpp:199] InstancePrecompute: built 3 candidates
[2026-10-06 06:12:23.487] [info] [stationary.cpp:264] NN: cost=2852.842487, feasible=true, active_stations=1
[2026-10-06 06:12:23.487] [info] [candidate.cpp:199] InstancePrecompute: built 3 candidates
[2026-10-06 06:12:23.487] [info] [stationary.cpp:264] NN: cost=950.764108, feasible=true, active_stations=1
[2026-10-06 06:12:23.487] [info] [candidate.cpp:199] InstancePrecompute: built 3 candidates
[2026-10-06 06:12:23.487] [info] [stationary.cpp:264] NN: cost=1099.674921, feasible=true, active_stations=1
[2026-10-06 06:12:23.487] [info] [candidate.cpp:199] InstancePrecompute: built 3 candidates
[2026-10-06 06:12:23.487] [info] [stationary.cpp:264] NN: cost=1426.412072, feasible=true, active_stations=1
[2026-10-06 06:12:23.487] [info] [candidate.cpp:199] InstancePrecompute: built 3 candidates
[2026-10-06 06:12:23.487] [info] [stationary.cpp:264] NN: cost=11310.689518, feasible=true, active_stations=1
[2026-10-06 06:12:23.487] [info] [candidate.cpp:199] InstancePrecompute: built 3 candidates
[2026-10-06 06:12:23.487] [info] [stationary.cpp:264] NN: cost=16900.625657, feasible=true, active_stations=1
[2026-10-06 06:12:23.487] [info] [candidate.cpp:199] InstancePrecompute: built 3 candidates
[2026-10-06 06:12:23.487] [info] [stationary.cpp:264] NN: cost=5032.035483, feasible=true, active_stations=1
[2026-10-06 06:12:23.487] [info] [candidate.cpp:199] InstancePrecompute: built 3 candidates
[2026-10-06 06:12:23.487] [info] [stationary.cpp:264] NN: cost=9446.933163, feasible=true, active_stations=1
[2026-10-06 06:12:23.487] [info] [candidate.cpp:199] InstancePrecompute: built 3 candidates
[2026-10-06 06:12:23.487] [info] [stationary.cpp:264] NN: cost=9776.518717, feasible=true, active_stations=1
[2026-10-06 06:12:23.487] [info] [candidate.cpp:199] InstancePrecompute: built 3 candidates
[2026-10-06 06:12:23.487] [info] [stationary.cpp:264] NN: cost=1763.496714, feasible=true, active_stations=1
[2026-10-06 06:12:23.487] [info] [candidate.cpp:199] InstancePrecompute: built 3 candidates
[2026-10-06 06:12:23.487] [info] [stationary.cpp:264] NN: cost=2852.842487, feasible=true, active_stations=1
[2026-10-06 06:12:23.487] [info] [candidate.cpp:199] InstancePrecompute: built 3 candidates
[2026-10-06 06:12:23.487] [info] [stationary.cpp:264] NN: cost=950.764108, feasible=true, active_stations=1
[2026-10-06 06:12:23.487] [info] [candidate.cpp:199] InstancePrecompute: built 3 candidates
[2026-10-06 06:12:23.487] [info] [stationary.cpp:264] NN: cost=1099.674921, feasible=true, active_stations=1
[2026-10-06 06:12:23.487] [info] [candidate.cpp:199] InstancePrecompute: built 3 candidates
[2026-10-06 06:12:23.487] [info] [stationary.cpp:264] NN: cost=1426.412072, feasible=true, active_stations=1
[2026-10-06 06:12:23.487] [info] [candidate.cpp:199] InstancePrecompute: built 3 candidates
[2026-10-06 06:12:23.487] [info] [stationary.cpp:264] NN: cost=11310.689518, feasible=true, active_stations=1
[2026-10-06 06:12:23.487] [info] [candidate.cpp:199] InstancePrecompute: built 3 candidates
[2026-10-06 06:12:23.487] [info] [stationary.cpp:264] NN: cost=16900.625657, feasible=true, active_stations=1
[2026-10-06 06:12:23.487] [info] [candidate.cpp:199] InstancePrecompute: built 3 candidates
[2026-10-06 06:12:23.487] [info] [stationary.cpp:264] NN: cost=5032.035483, feasible=true, active_stations=1
[2026-10-06 06:12:23.487] [info] [candidate.cpp:199] InstancePrecompute: built 3 candidates
[2026-10-06 06:12:23.487] [info] [stationary.cpp:264] NN: cost=9446.933163, feasible=true, active_stations=1
[2026-10-06 06:12:23.487] [info] [candidate.cpp:199] InstancePrecompute: built 3 candidates
[2026-10-06 06:12:23.487] [info] [stationary.cpp:264] NN: cost=9776.518717, feasible=true, active_stations=1
[2026-10-06 06:12:23.487] [info] [candidate.cpp:199] InstancePrecompute: built 3 candidates
[2026-10-06 06:12:23.487] [info] [stationary.cpp:264] NN: cost=1763.496714, feasible=true, active_stations=1
[2026-10-06 06:12:23.487] [info] [candidate.cpp:199] InstancePrecompute: built 3 candidates
[2026-10-06 06:12:23.487] [info] [stationary.cpp:264] NN: cost=2852.842487, feasible=true, active_stations=1
[2026-10-06 06:12:23.487] [info] [candidate.cpp:199] InstancePrecompute: built 3 candidates
[2026-10-06 06:12:23.487] [info] [stationary.cpp:264] NN: cost=950.764108, feasible=true, active_stations=1
[2026-10-06 06:12:23.487] [info] [candidate.cpp:199] InstancePrecompute: built 3 candidates
[2026-10-06 06:12:23.487] [info] [stationary.cpp:264] NN: cost=1099.674921, feasible=true, active_stations=1
[2026-10-06 06:12:23.487] [info] [candidate.cpp:199] InstancePrecompute: built 3 candidates
[2026-10-06 06:12:23.487] [info] [stationary.cpp:264] NN: cost=1426.412072, feasible=true, active_stations=1
[2026-10-06 06:12:23.487] [info] [candidate.cpp:199] InstancePrecompute: built 3 candidates
[2026-10-06 06:12:23.487] [info] [stationary.cpp:264] NN: cost=11310.689518, feasible=true, active_stations=1
[2026-10-06 06:12:23.487] [info] [candidate.cpp:199] InstancePrecompute: built 3 candidates
[2026-10-06 06:12:23.487] [info] [stationary.cpp:264] NN: cost=16900.625657, feasible=true, active_stations=1
[2026-10-06 06:12:23.487] [info] [candidate.cpp:199] InstancePrecompute: built 3 candidates
[2026-10-06 06:12:23.487] [info] [stationary.cpp:264] NN: cost=5032.035483, feasible=true, active_stations=1
[2026-10-06 06:12:23.487] [info] [candidate.cpp:199] InstancePrecompute: built 3 candidates
[2026-10-06 06:12:23.487] [info] [stationary.cpp:264] NN: cost=9446.933163, feasible=true, active_stations=1
[2026-10-06 06:12:23.487] [info] [candidate.cpp:199] InstancePrecompute: built 3 candidates
[2026-10-06 06:12:23.487] [info] [stationary.cpp:264] NN: cost=9776.518717, feasible=true, active_stations=1
[2026-10-06 06:12:23.487] [info] [candidate.cpp:199] InstancePrecompute: built 6 candidates
[2026-10-06 06:12:23.487] [info] [stationary.cpp:264] NN: cost=4616.339201, feasible=true, active_stations=2
[2026-10-06 06:12:23.487] [info] [candidate.cpp:199] InstancePrecompute: built 3 candidates
[2026-10-06 06:12:23.487] [info] [stationary.cpp:264] NN: cost=950.764108, feasible=true, active_stations=1
[2026-10-06 06:12:23.487] [info] [candidate.cpp:199] InstancePrecompute: built 3 candidates
[2026-10-06 06:12:23.487] [info] [stationary.cpp:264] NN: cost=1099.674921, feasible=true, active_stations=1
[2026-10-06 06:12:23.487] [info] [candidate.cpp:199] InstancePrecompute: built 3 candidates
[2026-10-06 06:12:23.487] [info] [stationary.cpp:264] NN: cost=1426.412072, feasible=true, active_stations=1
[2026-10-06 06:12:23.487] [info] [candidate.cpp:199] InstancePrecompute: built 3 candidates
[2026-10-06 06:12:23.487] [info] [stationary.cpp:264] NN: cost=11310.689518, feasible=true, active_stations=1
[2026-10-06 06:12:23.487] [info] [candidate.cpp:199] InstancePrecompute: built 3 candidates
[2026-10-06 06:12:23.487] [info] [stationary.cpp:264] NN: cost=16900.625657, feasible=true, active_stations=1
[2026-10-06 06:12:23.487] [info] [candidate.cpp:199] InstancePrecompute: built 3 candidates
[2026-10-06 06:12:23.487] [info] [stationary.cpp:264] NN: cost=5032.035483, feasible=true, active_stations=1
[2026-10-06 06:12:23.487] [info] [candidate.cpp:199] InstancePrecompute: built 3 candidates
[2026-10-06 06:12:23.487] [info] [stationary.cpp:264] NN: cost=9446.933163, feasible=true, active_stations=1
[2026-10-06 06:12:23.487] [info] [candidate.cpp:199] InstancePrecompute: built 3 candidates
[2026-10-06 06:12:23.487] [info] [stationary.cpp:264] NN: cost=9776.518717, feasible=true, active_stations=1
[2026-10-06 06:12:23.487] [info] [candidate.cpp:199] InstancePrecompute: built 6 candidates
[2026-10-06 06:12:23.487] [info] [stationary.cpp:264] NN: cost=4616.339201, feasible=true, active_stations=2
[2026-10-06 06:12:23.487] [info] [candidate.cpp:199] InstancePrecompute: built 3 candidates
[2026-10-06 06:12:23.487] [info] [stationary.cpp:264] NN: cost=950.764108, feasible=true, active_stations=1
[2026-10-06 06:12:23.487] [info] [candidate.cpp:199] InstancePrecompute: built 3 candidates
[2026-10-06 06:12:23.487] [info] [stationary.cpp:264] NN: cost=1099.674921, feasible=true, active_stations=1
[2026-10-06 06:12:23.487] [info] [candidate.cpp:199] InstancePrecompute: built 3 candidates
[2026-10-06 06:12:23.487] [info] [stationary.cpp:264] NN: cost=1426.412072, feasible=true, active_stations=1
[2026-10-06 06:12:23.487] [info] [candidate.cpp:199] InstancePrecompute: built 3 candidates
[2026-10-06 06:12:23.487] [info] [stationary.cpp:264] NN: cost=11310.689518, feasible=true, active_stations=1
[2026-10-06 06:12:23.487] [info] [candidate.cpp:199] InstancePrecompute: built 3 candidates
[2026-10-06 06:12:23.487] [info] [stationary.cpp:264] NN: cost=16900.625657, feasible=true, active_stations=1
[2026-10-06 06:12:23.487] [info] [candidate.cpp:199] InstancePrecompute: built 3 candidates
[2026-10-06 06:12:23.487] [info] [stationary.cpp:264] NN: cost=5032.035483, feasible=true, active_stations=1
[2026-10-06 06:12:23.487] [info] [candidate.cpp:199] InstancePrecompute: built 3 candidates
[2026-10-06 06:12:23.487] [info] [stationary.cpp:264] NN: cost=9446.933163, feasible=true, active_stations=1
[2026-10-06 06:12:23.487] [info] [candidate.cpp:199] InstancePrecompute: built 3 candidates
[2026-10-06 06:12:23.487] [info] [stationary.cpp:264] NN: cost=9776.518717, feasible=true, active_stations=1
[2026-10-06 06:12:23.487] [info] [candidate.cpp:199] InstancePrecompute: built 6 candidates
[2026-10-06 06:12:23.487] [info] [stationary.cpp:264] NN: cost=4616.339201, feasible=true, active_stations=2
[2026-10-06 06:12:23.487] [info] [candidate.cpp:199] InstancePrecompute: built 3 candidates
[2026-10-06 06:12:23.487] [info] [stationary.cpp:264] NN: cost=950.764108, feasible=true, active_stations=1
[2026-10-06 06:12:23.487] [info] [candidate.cpp:199] InstancePrecompute: built 3 candidates
[2026-10-06 06:12:23.487] [info] [stationary.cpp:264] NN: cost=1099.674921, feasible=true, active_stations=1
[2026-10-06 06:12:23.487] [info] [candidate.cpp:199] InstancePrecompute: built 3 candidates
[2026-10-06 06:12:23.487] [info] [stationary.cpp:264] NN: cost=1426.412072, feasible=true, active_stations=1
[2026-10-06 06:12:23.487] [info] [candidate.cpp:199] InstancePrecompute: built 3 candidates
[2026-10-06 06:12:23.487] [info] [stationary.cpp:264] NN: cost=5032.035483, feasible=true, active_stations=1
[2026-10-06 06:12:23.487] [info] [candidate.cpp:199] InstancePrecompute: built 3 candidates
[2026-10-06 06:12:23.487] [info] [stationary.cpp:264] NN: cost=11310.689518, feasible=true, active_stations=1
[2026-10-06 06:12:23.487] [info] [candidate.cpp:199] InstancePrecompute: built 3 candidates
[2026-10-06 06:12:23.487] [info] [stationary.cpp:264] NN: cost=16900.625657, feasible=true, active_stations=1
[2026-10-06 06:12:23.487] [info] [candidate.cpp:199] InstancePrecompute: built 3 candidates
[2026-10-06 06:12:23.487] [info] [stationary.cpp:264] NN: cost=9446.933163, feasible=true, active_stations=1
[2026-10-06 06:12:23.487] [info] [candidate.cpp:199] InstancePrecompute: built 3 candidates
[2026-10-06 06:12:23.487] [info] [stationary.cpp:264] NN: cost=1763.496714, feasible=true, active_stations=1
[2026-10-06 06:12:23.487] [info] [candidate.cpp:199] InstancePrecompute: built 3 candidates
[2026-10-06 06:12:23.487] [info] [stationary.cpp:264] NN: cost=9776.518717, feasible=true, active_stations=1
[2026-10-06 06:12:23.487] [info] [candidate.cpp:199] InstancePrecompute: built 3 candidates
[2026-10-06 06:12:23.487] [info] [stationary.cpp:264] NN: cost=2852.842487, feasible=true, active_stations=1
[2026-10-06 06:12:23.487] [info] [candidate.cpp:199] InstancePrecompute: built 3 candidates
[2026-10-06 06:12:23.487] [info] [stationary.cpp:264] NN: cost=950.764108, feasible=true, active_stations=1
[2026-10-06 06:12:23.487] [info] [candidate.cpp:199] InstancePrecompute: built 3 candidates
[2026-10-06 06:12:23.487] [info] [stationary.cpp:264] NN: cost=1099.674921, feasible=true, active_stations=1
[2026-10-06 06:12:23.487] [info] [candidate.cpp:199] InstancePrecompute: built 3 candidates
[2026-10-06 06:12:23.487] [info] [stationary.cpp:264] NN: cost=1426.412072, feasible=true, active_stations=1
[2026-10-06 06:12:23.487] [info] [candidate.cpp:199] InstancePrecompute: built 3 candidates
[2026-10-06 06:12:23.487] [info] [stationary.cpp:264] NN: cost=5032.035483, feasible=true, active_stations=1
[2026-10-06 06:12:23.487] [info] [candidate.cpp:199] InstancePrecompute: built 3 candidates
[2026-10-06 06:12:23.487] [info] [stationary.cpp:264] NN: cost=11310.689518, feasible=true, active_stations=1
[2026-10-06 06:12:23.487] [info] [candidate.cpp:199] InstancePrecompute: built 3 candidates
[2026-10-06 06:12:23.487] [info] [stationary.cpp:264] NN: cost=16900.625657, feasible=true, active_stations=1
[2026-10-06 06:12:23.487] [info] [candidate.cpp:199] InstancePrecompute: built 3 candidates
[2026-10-06 06:12:23.487] [info] [stationary.cpp:264] NN: cost=9446.933163, feasible=true, active_stations=1
[2026-10-06 06:12:23.487] [info] [candidate.cpp:199] InstancePrecompute: built 3 candidates
[2026-10-06 06:12:23.487] [info] [stationary.cpp:264] NN: cost=1763.496714, feasible=true, active_stations=1
[2026-10-06 06:12:23.487] [info] [candidate.cpp:199] InstancePrecompute: built 3 candidates
[2026-10-06 06:12:23.487] [info] [stationary.cpp:264] NN: cost=9776.518717, feasible=true, active_stations=1
[2026-10-06 06:12:23.487] [info] [candidate.cpp:199] InstancePrecompute: built 3 candidates
[2026-10-06 06:12:23.487] [info] [stationary.cpp:264] NN: cost=2852.842487, feasible=true, active_stations=1
[2026-10-06 06:12:23.487] [info] [candidate.cpp:199] InstancePrecompute: built 3 candidates
[2026-10-06 06:12:23.487] [info] [stationary.cpp:264] NN: cost=950.764108, feasible=true, active_stations=1
[2026-10-06 06:12:23.487] [info] [candidate.cpp:199] InstancePrecompute: built 3 candidates
[2026-10-06 06:12:23.487] [info] [stationary.cpp:264] NN: cost=1099.674921, feasible=true, active_stations=1
[2026-10-06 06:12:23.487] [info] [candidate.cpp:199] InstancePrecompute: built 3 candidates
[2026-10-06 06:12:23.487] [info] [stationary.cpp:264] NN: cost=1426.412072, feasible=true, active_stations=1
[2026-10-06 06:12:23.487] [info] [candidate.cpp:199] InstancePrecompute: built 3 candidates
[2026-10-06 06:12:23.487] [info] [stationary.cpp:264] NN: cost=5032.035483, feasible=true, active_stations=1
[2026-10-06 06:12:23.487] [info] [candidate.cpp:199] InstancePrecompute: built 3 candidates
[2026-10-06 06:12:23.487] [info] [stationary.cpp:264] NN: cost=11310.689518, feasible=true, active_stations=1
[2026-10-06 06:12:23.487] [info] [candidate.cpp:199] InstancePrecompute: built 3 candidates
[2026-10-06 06:12:23.487] [info] [stationary.cpp:264] NN: cost=16900.625657, feasible=true, active_stations=1
[2026-10-06 06:12:23.487] [info] [candidate.cpp:199] InstancePrecompute: built 3 candidates
[2026-10-06 06:12:23.487] [info] [stationary.cpp:264] NN: cost=9446.933163, feasible=true, active_stations=1
[2026-10-06 06:12:23.487] [info] [candidate.cpp:199] InstancePrecompute: built 3 candidates
[2026-10-06 06:12:23.487] [info] [stationary.cpp:264] NN: cost=1763.496714, feasible=true, active_stations=1
[2026-10-06 06:12:23.487] [info] [candidate.cpp:199] InstancePrecompute: built 3 candidates
[2026-10-06 06:12:23.487] [info] [stationary.cpp:264] NN: cost=9776.518717, feasible=true, active_stations=1
[2026-10-06 06:12:23.487] [info] [candidate.cpp:199] InstancePrecompute: built 3 candidates
[2026-10-06 06:12:23.487] [info] [stationary.cpp:264] NN: cost=2852.842487, feasible=true, active_stations=1
[2026-10-06 06:12:23.487] [info] [candidate.cpp:199] InstancePrecompute: built 3 candidates
[2026-10-06 06:12:23.487] [info] [stationary.cpp:264] NN: cost=950.764108, feasible=true, active_stations=1
[2026-10-06 06:12:23.487] [info] [candidate.cpp:199] InstancePrecompute: built 3 candidates
[2026-10-06 06:12:23.487] [info] [stationary.cpp:264] NN: cost=1099.674921, feasible=true, active_stations=1
[2026-10-06 06:12:23.487] [info] [candidate.cpp:199] InstancePrecompute: built 3 candidates
[2026-10-06 06:12:23.487] [info] [stationary.cpp:264] NN: cost=1426.412072, feasible=true, active_stations=1
[2026-10-06 06:12:23.487] [info] [candidate.cpp:199] InstancePrecompute: built 3 candidates
[2026-10-06 06:12:23.487] [info] [stationary.cpp:264] NN: cost=5032.035483, feasible=true, active_stations=1
[2026-10-06 06:12:23.487] [info] [candidate.cpp:199] InstancePrecompute: built 3 candidates
[2026-10-06 06:12:23.487] [info] [stationary.cpp:264] NN: cost=11310.689518, feasible=true, active_stations=1
[2026-10-06 06:12:23.487] [info] [candidate.cpp:199] InstancePrecompute: built 3 candidates
[2026-10-06 06:12:23.487] [info] [stationary.cpp:264] NN: cost=16900.625657, feasible=true, active_stations=1
[2026-10-06 06:12:23.487] [info] [candidate.cpp:199] InstancePrecompute: built 3 candidates
[2026-10-06 06:12:23.487] [info] [stationary.cpp:264] NN: cost=9446.933163, feasible=true, active_stations=1
[2026-10-06 06:12:23.487] [info] [candidate.cpp:199] InstancePrecompute: built 3 candidates
[2026-10-06 06:12:23.487] [info] [stationary.cpp:264] NN: cost=1763.496714, feasible=true, active_stations=1
[2026-10-06 06:12:23.487] [info] [candidate.cpp:199] InstancePrecompute: built 3 candidates
[2026-10-06 06:12:23.487] [info] [stationary.cpp:264] NN: cost=9776.518717, feasible=true, active_stations=1
[2026-10-06 06:12:23.487] [info] [candidate.cpp:199] InstancePrecompute: built 3 candidates
[2026-10-06 06:12:23.487] [info] [stationary.cpp:264] NN: cost=2852.842487, feasible=true, active_stations=1
[2026-10-06 06:12:23.487] [info] [candidate.cpp:199] InstancePrecompute: built 3 candidates
[2026-10-06 06:12:23.487] [info] [stationary.cpp:264] NN: cost=950.764108, feasible=true, active_stations=1
[2026-10-06 06:12:23.487] [info] [candidate.cpp:199] InstancePrecompute: built 3 candidates
[2026-10-06 06:12:23.487] [info] [stationary.cpp:264] NN: cost=1099.674921, feasible=true, active_stations=1
[2026-10-06 06:12:23.487] [info] [candidate.cpp:199] InstancePrecompute: built 3 candidates
[2026-10-06 06:12:23.487] [info] [stationary.cpp:264] NN: cost=1426.412072, feasible=true, active_stations=1
[2026-10-06 06:12:23.487] [info] [candidate.cpp:199] InstancePrecompute: built 3 candidates
[2026-10-06 06:12:23.487] [info] [stationary.cpp:264] NN: cost=5032.035483, feasible=true, active_stations=1
[2026-10-06 06:12:23.487] [info] [candidate.cpp:199] InstancePrecompute: built 3 candidates
[2026-10-06 06:12:23.487] [info] [stationary.cpp:264] NN: cost=11310.689518, feasible=true, active_stations=1
[2026-10-06 06:12:23.487] [info] [candidate.cpp:199] InstancePrecompute: built 3 candidates
[2026-10-06 06:12:23.487] [info] [stationary.cpp:264] NN: cost=16900.625657, feasible=true, active_stations=1
[2026-10-06 06:12:23.487] [info] [candidate.cpp:199] InstancePrecompute: built 3 candidates
[2026-10-06 06:12:23.487] [info] [stationary.cpp:264] NN: cost=9446.933163, feasible=true, active_stations=1
[2026-10-06 06:12:23.487] [info] [candidate.cpp:199] InstancePrecompute: built 3 candidates
[2026-10-06 06:12:23.487] [info] [stationary.cpp:264] NN: cost=1763.496714, feasible=true, active_stations=1
[2026-10-06 06:12:23.487] [info] [candidate.cpp:199] InstancePrecompute: built 3 candidates
[2026-10-06 06:12:23.487] [info] [stationary.cpp:264] NN: cost=9776.518717, feasible=true, active_stations=1
[2026-10-06 06:12:23.487] [info] [candidate.cpp:199] InstancePrecompute: built 3 candidates
[2026-10-06 06:12:23.487] [info] [stationary.cpp:264] NN: cost=2852.842487, feasible=true, active_stations=1
[2026-10-06 06:12:23.487] [info] [candidate.cpp:199] InstancePrecompute: built 3 candidates
[2026-10-06 06:12:23.487] [info] [stationary.cpp:264] NN: cost=950.764108, feasible=true, active_stations=1
[2026-10-06 06:12:23.487] [info] [candidate.cpp:199] InstancePrecompute: built 3 candidates
[2026-10-06 06:12:23.487] [info] [stationary.cpp:264] NN: cost=1099.674921, feasible=true, active_stations=1
[2026-10-06 06:12:23.487] [info] [candidate.cpp:199] InstancePrecompute: built 3 candidates
[2026-10-06 06:12:23.487] [info] [stationary.cpp:264] NN: cost=1426.412072, feasible=true, active_stations=1
[2026-10-06 06:12:23.487] [info] [candidate.cpp:199] InstancePrecompute: built 3 candidates
[2026-10-06 06:12:23.487] [info] [stationary.cpp:264] NN: cost=5032.035483, feasible=true, active_stations=1
[2026-10-06 06:12:23.487] [info] [candidate.cpp:199] InstancePrecompute: built 3 candidates
[2026-10-06 06:12:23.487] [info] [stationary.cpp:264] NN: cost=11310.689518, feasible=true, active_stations=1
[2026-10-06 06:12:23.487] [info] [candidate.cpp:199] InstancePrecompute: built 3 candidates
[2026-10-06 06:12:23.487] [info] [stationary.cpp:264] NN: cost=16900.625657, feasible=true, active_stations=1
[2026-10-06 06:12:23.487] [info] [candidate.cpp:199] InstancePrecompute: built 3 candidates
[2026-10-06 06:12:23.487] [info] [stationary.cpp:264] NN: cost=9446.933163, feasible=true, active_stations=1
[2026-10-06 06:12:23.487] [info] [candidate.cpp:199] InstancePrecompute: built 3 candidates
[2026-10-06 06:12:23.487] [info] [stationary.cpp:264] NN: cost=1763.496714, feasible=true, active_stations=1
[2026-10-06 06:12:23.487] [info] [candidate.cpp:199] InstancePrecompute: built 3 candidates
[2026-10-06 06:12:23.487] [info] [stationary.cpp:264] NN: cost=9776.518717, feasible=true, active_stations=1
[2026-10-06 06:12:23.487] [info] [candidate.cpp:199] InstancePrecompute: built 3 candidates
[2026-10-06 06:12:23.487] [info] [stationary.cpp:264] NN: cost=2852.842487, feasible=true, active_stations=1
[2026-10-06 06:12:23.487] [info] [candidate.cpp:199] InstancePrecompute: built 3 candidates
[2026-10-06 06:12:23.487] [info] [stationary.cpp:264] NN: cost=950.764108, feasible=true, active_stations=1
[2026-10-06 06:12:23.487] [info] [candidate.cpp:199] InstancePrecompute: built 3 candidates
[2026-10-06 06:12:23.487] [info] [stationary.cpp:264] NN: cost=1099.674921, feasible=true, active_stations=1
[2026-10-06 06:12:23.487] [info] [candidate.cpp:199] InstancePrecompute: built 3 candidates
[2026-10-06 06:12:23.487] [info] [stationary.cpp:264] NN: cost=1426.412072, feasible=true, active_stations=1
[2026-10-06 06:12:23.487] [info] [candidate.cpp:199] InstancePrecompute: built 3 candidates
[2026-10-06 06:12:23.487] [info] [stationary.cpp:264] NN: cost=11310.689518, feasible=true, active_stations=1
[2026-10-06 06:12:23.487] [info] [candidate.cpp:199] InstancePrecompute: built 3 candidates
[2026-10-06 06:12:23.487] [info] [stationary.cpp:264] NN: cost=16900.625657, feasible=true, active_stations=1
[2026-10-06 06:12:23.487] [info] [candidate.cpp:199] InstancePrecompute: built 3 candidates
[2026-10-06 06:12:23.487] [info] [stationary.cpp:264] NN: cost=5032.035483, feasible=true, active_stations=1
[2026-10-06 06:12:23.487] [info] [candidate.cpp:199] InstancePrecompute: built 3 candidates
[2026-10-06 06:12:23.487] [info] [stationary.cpp:264] NN: cost=9446.933163, feasible=true, active_stations=1
[2026-10-06 06:12:23.487] [info] [candidate.cpp:199] InstancePrecompute: built 3 candidates
[2026-10-06 06:12:23.487] [info] [stationary.cpp:264] NN: cost=1763.496714, feasible=true, active_stations=1
[2026-10-06 06:12:23.487] [info] [candidate.cpp:199] InstancePrecompute: built 3 candidates
[2026-10-06 06:12:23.487] [info] [stationary.cpp:264] NN: cost=9776.518717, feasible=true, active_stations=1
[2026-10-06 06:12:23.487] [info] [candidate.cpp:199] InstancePrecompute: built 3 candidates
[2026-10-06 06:12:23.487] [info] [stationary.cpp:264] NN: cost=2852.842487, feasible=true, active_stations=1
[2026-10-06 06:12:23.487] [info] [candidate.cpp:199] InstancePrecompute: built 3 candidates
[2026-10-06 06:12:23.487] [info] [stationary.cpp:264] NN: cost=950.764108, feasible=true, active_stations=1
[2026-10-06 06:12:23.487] [info] [candidate.cpp:199] InstancePrecompute: built 3 candidates
[2026-10-06 06:12:23.487] [info] [stationary.cpp:264] NN: cost=1099.674921, feasible=true, active_stations=1
[2026-10-06 06:12:23.487] [info] [candidate.cpp:199] InstancePrecompute: built 3 candidates
[2026-10-06 06:12:23.487] [info] [stationary.cpp:264] NN: cost=1426.412072, feasible=true, active_stations=1
[2026-10-06 06:12:23.487] [info] [candidate.cpp:199] InstancePrecompute: built 3 candidates
[2026-10-06 06:12:23.487] [info] [stationary.cpp:264] NN: cost=11310.689518, feasible=true, active_stations=1
[2026-10-06 06:12:23.487] [info] [candidate.cpp:199] InstancePrecompute: built 3 candidates
[2026-10-06 06:12:23.487] [info] [stationary.cpp:264] NN: cost=16900.625657, feasible=true, active_stations=1
[2026-10-06 06:12:23.487] [info] [candidate.cpp:199] InstancePrecompute: built 3 candidates
[2026-10-06 06:12:23.487] [info] [stationary.cpp:264] NN: cost=5032.035483, feasible=true, active_stations=1
[2026-10-06 06:12:23.487] [info] [candidate.cpp:199] InstancePrecompute: built 3 candidates
[2026-10-06 06:12:23.487] [info] [stationary.cpp:264] NN: cost=9446.933163, feasible=true, active_stations=1
[2026-10-06 06:12:23.487] [info] [candidate.cpp:199] InstancePrecompute: built 3 candidates
[2026-10-06 06:12:23.487] [info] [stationary.cpp:264] NN: cost=1763.496714, feasible=true, active_stations=1
[2026-10-06 06:12:23.487] [info] [candidate.cpp:199] InstancePrecompute: built 3 candidates
[2026-10-06 06:12:23.487] [info] [stationary.cpp:264] NN: cost=9776.518717, feasible=true, active_stations=1
[2026-10-06 06:12:23.487] [info] [candidate.cpp:199] InstancePrecompute: built 3 candidates
[2026-10-06 06:12:23.487] [info] [stationary.cpp:264] NN: cost=2852.842487, feasible=true, active_stations=1
[2026-10-06 06:12:23.487] [info] [candidate.cpp:199] InstancePrecompute: built 3 candidates
[2026-10-06 06:12:23.487] [info] [stationary.cpp:264] NN: cost=950.764108, feasible=true, active_stations=1
[2026-10-06 06:12:23.487] [info] [candidate.cpp:199] InstancePrecompute: built 3 candidates
[2026-10-06 06:12:23.487] [info] [stationary.cpp:264] NN: cost=1099.674921, feasible=true, active_stations=1
[2026-10-06 06:12:23.487] [info] [candidate.cpp:199] InstancePrecompute: built 3 candidates
[2026-10-06 06:12:23.487] [info] [stationary.cpp:264] NN: cost=1426.412072, feasible=true, active_stations=1
[2026-10-06 06:12:23.487] [info] [candidate.cpp:199] InstancePrecompute: built 3 candidates
[2026-10-06 06:12:23.487] [info] [stationary.cpp:264] NN: cost=11310.689518, feasible=true, active_stations=1
[2026-10-06 06:12:23.487] [info] [candidate.cpp:199] InstancePrecompute: built 3 candidates
[2026-10-06 06:12:23.487] [info] [stationary.cpp:264] NN: cost=16900.625657, feasible=true, active_stations=1
[2026-10-06 06:12:23.487] [info] [candidate.cpp:199] InstancePrecompute: built 3 candidates
[2026-10-06 06:12:23.487] [info] [stationary.cpp:264] NN: cost=5032.035483, feasible=true, active_stations=1
[2026-10-06 06:12:23.487] [info] [candidate.cpp:199] InstancePrecompute: built 3 candidates
[2026-10-06 06:12:23.487] [info] [stationary.cpp:264] NN: cost=9446.933163, feasible=true, active_stations=1
[2026-10-06 06:12:23.487] [info] [candidate.cpp:199] InstancePrecompute: built 3 candidates
[2026-10-06 06:12:23.487] [info] [stationary.cpp:264] NN: cost=1763.496714, feasible=true, active_stations=1
[2026-10-06 06:12:23.487] [info] [candidate.cpp:199] InstancePrecompute: built 3 candidates
[2026-10-06 06:12:23.487] [info] [stationary.cpp:264] NN: cost=9776.518717, feasible=true, active_stations=1
[2026-10-06 06:12:23.487] [info] [candidate.cpp:199] InstancePrecompute: built 3 candidates
[2026-10-06 06:12:23.487] [info] [stationary.cpp:264] NN: cost=2852.842487, feasible=true, active_stations=1
[2026-10-06 06:12:23.487] [info] [candidate.cpp:199] InstancePrecompute: built 3 candidates
[2026-10-06 06:12:23.487] [info] [stationary.cpp:264] NN: cost=950.764108, feasible=true, active_stations=1
[2026-10-06 06:12:23.487] [info] [candidate.cpp:199] InstancePrecompute: built 3 candidates
[2026-10-06 06:12:23.487] [info] [stationary.cpp:264] NN: cost=1099.674921, feasible=true, active_stations=1
[2026-10-06 06:12:23.487] [info] [candidate.cpp:199] InstancePrecompute: built 3 candidates
[2026-10-06 06:12:23.487] [info] [stationary.cpp:264] NN: cost=1426.412072, feasible=true, active_stations=1
[2026-10-06 06:12:23.487] [info] [candidate.cpp:199] InstancePrecompute: built 3 candidates
[2026-10-06 06:12:23.487] [info] [stationary.cpp:264] NN: cost=11310.689518, feasible=true, active_stations=1
[2026-10-06 06:12:23.487] [info] [candidate.cpp:199] InstancePrecompute: built 3 candidates
[2026-10-06 06:12:23.487] [info] [stationary.cpp:264] NN: cost=16900.625657, feasible=true, active_stations=1
[2026-10-06 06:12:23.487] [info] [candidate.cpp:199] InstancePrecompute: built 3 candidates
[2026-10-06 06:12:23.487] [info] [stationary.cpp:264] NN: cost=5032.035483, feasible=true, active_stations=1
[2026-10-06 06:12:23.487] [info] [candidate.cpp:199] InstancePrecompute: built 3 candidates
[2026-10-06 06:12:23.487] [info] [stationary.cpp:264] NN: cost=9446.933163, feasible=true, active_stations=1
[2026-10-06 06:12:23.487] [info] [candidate.cpp:199] InstancePrecompute: built 3 candidates
[2026-10-06 06:12:23.487] [info] [stationary.cpp:264] NN: cost=1763.496714, feasible=true, active_stations=1
[2026-10-06 06:12:23.487] [info] [candidate.cpp:199] InstancePrecompute: built 3 candidates
[2026-10-06 06:12:23.487] [info] [stationary.cpp:264] NN: cost=9776.518717, feasible=true, active_stations=1
[2026-10-06 06:12:23.487] [info] [candidate.cpp:199] InstancePrecompute: built 3 candidates
[2026-10-06 06:12:23.487] [info] [stationary.cpp:264] NN: cost=2852.842487, feasible=true, active_stations=1
[2026-10-06 06:12:23.487] [info] [candidate.cpp:199] InstancePrecompute: built 3 candidates
[2026-10-06 06:12:23.487] [info] [stationary.cpp:264] NN: cost=950.764108, feasible=true, active_stations=1
[2026-10-06 06:12:23.487] [info] [candidate.cpp:199] InstancePrecompute: built 3 candidates
[2026-10-06 06:12:23.487] [info] [stationary.cpp:264] NN: cost=1099.674921, feasible=true, active_stations=1
[2026-10-06 06:12:23.487] [info] [candidate.cpp:199] InstancePrecompute: built 3 candidates
[2026-10-06 06:12:23.487] [info] [stationary.cpp:264] NN: cost=1426.412072, feasible=true, active_stations=1
[2026-10-06 06:12:23.487] [info] [candidate.cpp:199] InstancePrecompute: built 3 candidates
[2026-10-06 06:12:23.487] [info] [stationary.cpp:264] NN: cost=11310.689518, feasible=true, active_stations=1
[2026-10-06 06:12:23.487] [info] [candidate.cpp:199] InstancePrecompute: built 3 candidates
[2026-10-06 06:12:23.487] [info] [stationary.cpp:264] NN: cost=16900.625657, feasible=true, active_stations=1
[2026-10-06 06:12:23.487] [info] [candidate.cpp:199] InstancePrecompute: built 3 candidates
[2026-10-06 06:12:23.487] [info] [stationary.cpp:264] NN: cost=5032.035483, feasible=true, active_stations=1
[2026-10-06 06:12:23.487] [info] [candidate.cpp:199] InstancePrecompute: built 3 candidates
[2026-10-06 06:12:23.487] [info] [stationary.cpp:264] NN: cost=9446.933163, feasible=true, active_stations=1
[2026-10-06 06:12:23.487] [info] [candidate.cpp:199] InstancePrecompute: built 3 candidates
[2026-10-06 06:12:23.487] [info] [stationary.cpp:264] NN: cost=1763.496714, feasible=true, active_stations=1
[2026-10-06 06:12:23.487] [info] [candidate.cpp:199] InstancePrecompute: built 3 candidates
[2026-10-06 06:12:23.487] [info] [stationary.cpp:264] NN: cost=9776.518717, feasible=true, active_stations=1
[2026-10-06 06:12:23.487] [info] [candidate.cpp:199] InstancePrecompute: built 3 candidates
[2026-10-06 06:12:23.487] [info] [stationary.cpp:264] NN: cost=2852.842487, feasible=true, active_stations=1
[2026-10-06 06:12:23.487] [info] [candidate.cpp:199] InstancePrecompute: built 3 candidates
[2026-10-06 06:12:23.487] [info] [stationary.cpp:264] NN: cost=950.764108, feasible=true, active_stations=1
[2026-10-06 06:12:23.487] [info] [candidate.cpp:199] InstancePrecompute: built 3 candidates
[2026-10-06 06:12:23.487] [info] [stationary.cpp:264] NN: cost=1099.674921, feasible=true, active_stations=1
[2026-10-06 06:12:23.487] [info] [candidate.cpp:199] InstancePrecompute: built 3 candidates
[2026-10-06 06:12:23.487] [info] [stationary.cpp:264] NN: cost=1426.412072, feasible=true, active_stations=1
[2026-10-06 06:12:23.487] [info] [candidate.cpp:199] InstancePrecompute: built 3 candidates
[2026-10-06 06:12:23.487] [info] [stationary.cpp:264] NN: cost=11310.689518, feasible=true, active_stations=1
[2026-10-06 06:12:23.487] [info] [candidate.cpp:199] InstancePrecompute: built 3 candidates
[2026-10-06 06:12:23.487] [info] [stationary.cpp:264] NN: cost=16900.625657, feasible=true, active_stations=1
[2026-10-06 06:12:23.487] [info] [candidate.cpp:199] InstancePrecompute: built 3 candidates
[2026-10-06 06:12:23.487] [info] [stationary.cpp:264] NN: cost=5032.035483, feasible=true, active_stations=1
[2026-10-06 06:12:23.487] [info] [candidate.cpp:199] InstancePrecompute: built 3 candidates
[2026-10-06 06:12:23.487] [info] [stationary.cpp:264] NN: cost=9446.933163, feasible=true, active_stations=1
[2026-10-06 06:12:23.487] [info] [candidate.cpp:199] InstancePrecompute: built 3 candidates
[2026-10-06 06:12:23.487] [info] [stationary.cpp:264] NN: cost=1763.496714, feasible=true, active_stations=1
[2026-10-06 06:12:23.487] [info] [candidate.cpp:199] InstancePrecompute: built 3 candidates
[2026-10-06 06:12:23.487] [info] [stationary.cpp:264] NN: cost=9776.518717, feasible=true, active_stations=1
[2026-10-06 06:12:23.487] [info] [candidate.cpp:199] InstancePrecompute: built 3 candidates
[2026-10-06 06:12:23.487] [info] [stationary.cpp:264] NN: cost=2852.842487, feasible=true, active_stations=1
[2026-10-06 06:12:23.487] [info] [candidate.cpp:199] InstancePrecompute: built 3 candidates
[2026-10-06 06:12:23.487] [info] [stationary.cpp:264] NN: cost=950.764108, feasible=true, active_stations=1
[2026-10-06 06:12:23.487] [info] [candidate.cpp:199] InstancePrecompute: built 3 candidates
[2026-10-06 06:12:23.487] [info] [stationary.cpp:264] NN: cost=1099.674921, feasible=true, active_stations=1
[2026-10-06 06:12:23.487] [info] [candidate.cpp:199] InstancePrecompute: built 3 candidates
[2026-10-06 06:12:23.487] [info] [stationary.cpp:264] NN: cost=1426.412072, feasible=true, active_stations=1
[2026-10-06 06:12:23.487] [info] [candidate.cpp:199] InstancePrecompute: built 3 candidates
[2026-10-06 06:12:23.487] [info] [stationary.cpp:264] NN: cost=11310.689518, feasible=true, active_stations=1
[2026-10-06 06:12:23.487] [info] [candidate.cpp:199] InstancePrecompute: built 3 candidates
[2026-10-06 06:12:23.487] [info] [stationary.cpp:264] NN: cost=16900.625657, feasible=true, active_stations=1
[2026-10-06 06:12:23.487] [info] [candidate.cpp:199] InstancePrecompute: built 3 candidates
[2026-10-06 06:12:23.487] [info] [stationary.cpp:264] NN: cost=5032.035483, feasible=true, active_stations=1
[2026-10-06 06:12:23.487] [info] [candidate.cpp:199] InstancePrecompute: built 3 candidates
[2026-10-06 06:12:23.487] [info] [stationary.cpp:264] NN: cost=9446.933163, feasible=true, active_stations=1
[2026-10-06 06:12:23.487] [info] [candidate.cpp:199] InstancePrecompute: built 3 candidates
[2026-10-06 06:12:23.487] [info] [stationary.cpp:264] NN: cost=9776.518717, feasible=true, active_stations=1
[2026-10-06 06:12:23.487] [info] [candidate.cpp:199] InstancePrecompute: built 3 candidates
[2026-10-06 06:12:23.487] [info] [stationary.cpp:264] NN: cost=1763.496714, feasible=true, active_stations=1
[2026-10-06 06:12:23.487] [info] [candidate.cpp:199] InstancePrecompute: built 3 candidates
[2026-10-06 06:12:23.487] [info] [stationary.cpp:264] NN: cost=2852.842487, feasible=true, active_stations=1
[2026-10-06 06:12:23.487] [info] [candidate.cpp:199] InstancePrecompute: built 3 candidates
[2026-10-06 06:12:23.487] [info] [stationary.cpp:264] NN: cost=950.764108, feasible=true, active_stations=1
[2026-10-06 06:12:23.487] [info] [candidate.cpp:199] InstancePrecompute: built 3 candidates
[2026-10-06 06:12:23.487] [info] [stationary.cpp:264] NN: cost=1099.674921, feasible=true, active_stations=1
[2026-10-06 06:12:23.487] [info] [candidate.cpp:199] InstancePrecompute: built 3 candidates
[2026-10-06 06:12:23.487] [info] [stationary.cpp:264] NN: cost=1426.412072, feasible=true, active_stations=1
[2026-10-06 06:12:23.487] [info] [candidate.cpp:199] InstancePrecompute: built 3 candidates
[2026-10-06 06:12:23.487] [info] [stationary.cpp:264] NN: cost=11310.689518, feasible=true, active_stations=1
[2026-10-06 06:12:23.487] [info] [candidate.cpp:199] InstancePrecompute: built 3 candidates
[2026-10-06 06:12:23.487] [info] [stationary.cpp:264] NN: cost=16900.625657, feasible=true, active_stations=1
[2026-10-06 06:12:23.487] [info] [candidate.cpp:199] InstancePrecompute: built 3 candidates
[2026-10-06 06:12:23.487] [info] [stationary.cpp:264] NN: cost=5032.035483, feasible=true, active_stations=1
[2026-10-06 06:12:23.487] [info] [candidate.cpp:199] InstancePrecompute: built 3 candidates
[2026-10-06 06:12:23.487] [info] [stationary.cpp:264] NN: cost=9446.933163, feasible=true, active_stations=1
[2026-10-06 06:12:23.487] [info] [candidate.cpp:199] InstancePrecompute: built 3 candidates
[2026-10-06 06:12:23.487] [info] [stationary.cpp:264] NN: cost=9776.518717, feasible=true, active_stations=1
[2026-10-06 06:12:23.487] [info] [candidate.cpp:199] InstancePrecompute: built 3 candidates
[2026-10-06 06:12:23.487] [info] [stationary.cpp:264] NN: cost=1763.496714, feasible=true, active_stations=1
[2026-10-06 06:12:23.487] [info] [candidate.cpp:199] InstancePrecompute: built 3 candidates
[2026-10-06 06:12:23.487] [info] [stationary.cpp:264] NN: cost=2852.842487, feasible=true, active_stations=1
[2026-10-06 06:12:23.487] [info] [candidate.cpp:199] InstancePrecompute: built 3 candidates
[2026-10-06 06:12:23.487] [info] [stationary.cpp:264] NN: cost=950.764108, feasible=true, active_stations=1
[2026-10-06 06:12:23.487] [info] [candidate.cpp:199] InstancePrecompute: built 3 candidates
[2026-10-06 06:12:23.487] [info] [stationary.cpp:264] NN: cost=1099.674921, feasible=true, active_stations=1
[2026-10-06 06:12:23.487] [info] [candidate.cpp:199] InstancePrecompute: built 3 candidates
[2026-10-06 06:12:23.487] [info] [stationary.cpp:264] NN: cost=1426.412072, feasible=true, active_stations=1
[2026-10-06 06:12:23.487] [info] [candidate.cpp:199] InstancePrecompute: built 3 candidates
[2026-10-06 06:12:23.487] [info] [stationary.cpp:264] NN: cost=11310.689518, feasible=true, active_stations=1
[2026-10-06 06:12:23.487] [info] [candidate.cpp:199] InstancePrecompute: built 3 candidates
[2026-10-06 06:12:23.487] [info] [stationary.cpp:264] NN: cost=16900.625657, feasible=true, active_stations=1
[2026-10-06 06:12:23.487] [info] [candidate.cpp:199] InstancePrecompute: built 3 candidates
[2026-10-06 06:12:23.487] [info] [stationary.cpp:264] NN: cost=5032.035483, feasible=true, active_stations=1
[2026-10-06 06:12:23.487] [info] [candidate.cpp:199] InstancePrecompute: built 3 candidates
[2026-10-06 06:12:23.487] [info] [stationary.cpp:264] NN: cost=9446.933163, feasible=true, active_stations=1
[2026-10-06 06:12:23.487] [info] [candidate.cpp:199] InstancePrecompute: built 3 candidates
[2026-10-06 06:12:23.487] [info] [stationary.cpp:264] NN: cost=9776.518717, feasible=true, active_stations=1
[2026-10-06 06:12:23.487] [info] [candidate.cpp:199] InstancePrecompute: built 6 candidates
[2026-10-06 06:12:23.487] [info] [stationary.cpp:264] NN: cost=4616.339201, feasible=true, active_stations=2
[2026-10-06 06:12:23.487] [info] [candidate.cpp:199] InstancePrecompute: built 3 candidates
[2026-10-06 06:12:23.487] [info] [stationary.cpp:264] NN: cost=950.764108, feasible=true, active_stations=1
[2026-10-06 06:12:23.487] [info] [candidate.cpp:199] InstancePrecompute: built 3 candidates
[2026-10-06 06:12:23.487] [info] [stationary.cpp:264] NN: cost=1099.674921, feasible=true, active_stations=1
[2026-10-06 06:12:23.487] [info] [candidate.cpp:199] InstancePrecompute: built 3 candidates
[2026-10-06 06:12:23.487] [info] [stationary.cpp:264] NN: cost=1426.412072, feasible=true, active_stations=1
[2026-10-06 06:12:23.487] [info] [candidate.cpp:199] InstancePrecompute: built 3 candidates
[2026-10-06 06:12:23.487] [info] [stationary.cpp:264] NN: cost=11310.689518, feasible=true, active_stations=1
[2026-10-06 06:12:23.487] [info] [candidate.cpp:199] InstancePrecompute: built 3 candidates
[2026-10-06 06:12:23.487] [info] [stationary.cpp:264] NN: cost=16900.625657, feasible=true, active_stations=1
[2026-10-06 06:12:23.487] [info] [candidate.cpp:199] InstancePrecompute: built 3 candidates
[2026-10-06 06:12:23.487] [info] [stationary.cpp:264] NN: cost=5032.035483, feasible=true, active_stations=1
[2026-10-06 06:12:23.487] [info] [candidate.cpp:199] InstancePrecompute: built 3 candidates
[2026-10-06 06:12:23.487] [info] [stationary.cpp:264] NN: cost=9446.933163, feasible=true, active_stations=1
[2026-10-06 06:12:23.487] [info] [candidate.cpp:199] InstancePrecompute: built 3 candidates
[2026-10-06 06:12:23.487] [info] [stationary.cpp:264] NN: cost=9776.518717, feasible=true, active_stations=1
[2026-10-06 06:12:23.487] [info] [candidate.cpp:199] InstancePrecompute: built 6 candidates
[2026-10-06 06:12:23.487] [info] [stationary.cpp:264] NN: cost=4616.339201, feasible=true, active_stations=2
[2026-10-06 06:12:23.487] [info] [candidate.cpp:199] InstancePrecompute: built 3 candidates
[2026-10-06 06:12:23.487] [info] [stationary.cpp:264] NN: cost=950.764108, feasible=true, active_stations=1
[2026-10-06 06:12:23.487] [info] [candidate.cpp:199] InstancePrecompute: built 3 candidates
[2026-10-06 06:12:23.487] [info] [stationary.cpp:264] NN: cost=1099.674921, feasible=true, active_stations=1
[2026-10-06 06:12:23.487] [info] [candidate.cpp:199] InstancePrecompute: built 3 candidates
[2026-10-06 06:12:23.487] [info] [stationary.cpp:264] NN: cost=1426.412072, feasible=true, active_stations=1
[2026-10-06 06:12:23.487] [info] [candidate.cpp:199] InstancePrecompute: built 3 candidates
[2026-10-06 06:12:23.487] [info] [stationary.cpp:264] NN: cost=11310.689518, feasible=true, active_stations=1
[2026-10-06 06:12:23.487] [info] [candidate.cpp:199] InstancePrecompute: built 3 candidates
[2026-10-06 06:12:23.487] [info] [stationary.cpp:264] NN: cost=16900.625657, feasible=true, active_stations=1
[2026-10-06 06:12:23.487] [info] [candidate.cpp:199] InstancePrecompute: built 3 candidates
[2026-10-06 06:12:23.487] [info] [stationary.cpp:264] NN: cost=5032.035483, feasible=true, active_stations=1
[2026-10-06 06:12:23.487] [info] [candidate.cpp:199] InstancePrecompute: built 3 candidates
[2026-10-06 06:12:23.487] [info] [stationary.cpp:264] NN: cost=9446.933163, feasible=true, active_stations=1
[2026-10-06 06:12:23.487] [info] [candidate.cpp:199] InstancePrecompute: built 3 candidates
[2026-10-06 06:12:23.487] [info] [stationary.cpp:264] NN: cost=9776.518717, feasible=true, active_stations=1
[2026-10-06 06:12:23.487] [info] [candidate.cpp:199] InstancePrecompute: built 6 candidates
[2026-10-06 06:12:23.487] [info] [stationary.cpp:264] NN: cost=4616.339201, feasible=true, active_stations=2
[2026-10-06 06:12:23.487] [info] [candidate.cpp:199] InstancePrecompute: built 3 candidates
[2026-10-06 06:12:23.487] [info] [stationary.cpp:264] NN: cost=950.764108, feasible=true, active_stations=1
[2026-10-06 06:12:23.487] [info] [candidate.cpp:199] InstancePrecompute: built 3 candidates
[2026-10-06 06:12:23.487] [info] [stationary.cpp:264] NN: cost=1099.674921, feasible=true, active_stations=1
[2026-10-06 06:12:23.487] [info] [candidate.cpp:199] InstancePrecompute: built 3 candidates
[2026-10-06 06:12:23.487] [info] [stationary.cpp:264] NN: cost=1426.412072, feasible=true, active_stations=1
[2026-10-06 06:12:23.487] [info] [candidate.cpp:199] InstancePrecompute: built 3 candidates
[2026-10-06 06:12:23.487] [info] [stationary.cpp:264] NN: cost=11310.689518, feasible=true, active_stations=1
[2026-10-06 06:12:23.487] [info] [candidate.cpp:199] InstancePrecompute: built 3 candidates
[2026-10-06 06:12:23.487] [info] [stationary.cpp:264] NN: cost=16900.625657, feasible=true, active_stations=1
[2026-10-06 06:12:23.487] [info] [candidate.cpp:199] InstancePrecompute: built 3 candidates
[2026-10-06 06:12:23.487] [info] [stationary.cpp:264] NN: cost=5032.035483, feasible=true, active_stations=1
[2026-10-06 06:12:23.487] [info] [candidate.cpp:199] InstancePrecompute: built 3 candidates
[2026-10-06 06:12:23.487] [info] [stationary.cpp:264] NN: cost=9446.933163, feasible=true, active_stations=1
[2026-10-06 06:12:23.487] [info] [candidate.cpp:199] InstancePrecompute: built 3 candidates
[2026-10-06 06:12:23.487] [info] [stationary.cpp:264] NN: cost=9776.518717, feasible=true, active_stations=1
[2026-10-06 06:12:23.487] [info] [candidate.cpp:199] InstancePrecompute: built 3 candidates
[2026-10-06 06:12:23.487] [info] [stationary.cpp:264] NN: cost=1763.496714, feasible=true, active_stations=1
[2026-10-06 06:12:23.487] [info] [candidate.cpp:199] InstancePrecompute: built 3 candidates
[2026-10-06 06:12:23.487] [info] [stationary.cpp:264] NN: cost=2852.842487, feasible=true, active_stations=1
[2026-10-06 06:12:23.487] [info] [candidate.cpp:199] InstancePrecompute: built 3 candidates
[2026-10-06 06:12:23.487] [info] [stationary.cpp:264] NN: cost=950.764108, feasible=true, active_stations=1
[2026-10-06 06:12:23.487] [info] [candidate.cpp:199] InstancePrecompute: built 3 candidates
[2026-10-06 06:12:23.487] [info] [stationary.cpp:264] NN: cost=1099.674921, feasible=true, active_stations=1
[2026-10-06 06:12:23.487] [info] [candidate.cpp:199] InstancePrecompute: built 3 candidates
[2026-10-06 06:12:23.487] [info] [stationary.cpp:264] NN: cost=1426.412072, feasible=true, active_stations=1
[2026-10-06 06:12:23.487] [info] [candidate.cpp:199] InstancePrecompute: built 3 candidates
[2026-10-06 06:12:23.487] [info] [stationary.cpp:264] NN: cost=11310.689518, feasible=true, active_stations=1
[2026-10-06 06:12:23.487] [info] [candidate.cpp:199] InstancePrecompute: built 3 candidates
[2026-10-06 06:12:23.487] [info] [stationary.cpp:264] NN: cost=16900.625657, feasible=true, active_stations=1
[2026-10-06 06:12:23.487] [info] [candidate.cpp:199] InstancePrecompute: built 3 candidates
[2026-10-06 06:12:23.487] [info] [stationary.cpp:264] NN: cost=5032.035483, feasible=true, active_stations=1
[2026-10-06 06:12:23.487] [info] [candidate.cpp:199] InstancePrecompute: built 3 candidates
[2026-10-06 06:12:23.487] [info] [stationary.cpp:264] NN: cost=9446.933163, feasible=true, active_stations=1
[2026-10-06 06:12:23.487] [info] [candidate.cpp:199] InstancePrecompute: built 3 candidates
[2026-10-06 06:12:23.487] [info] [stationary.cpp:264] NN: cost=9776.518717, feasible=true, active_stations=1
[2026-10-06 06:12:23.487] [info] [candidate.cpp:199] InstancePrecompute: built 3 candidates
[2026-10-06 06:12:23.487] [info] [stationary.cpp:264] NN: cost=1763.496714, feasible=true, active_stations=1
[2026-10-06 06:12:23.487] [info] [candidate.cpp:199] InstancePrecompute: built 3 candidates
[2026-10-06 06:12:23.487] [info] [stationary.cpp:264] NN: cost=2852.842487, feasible=true, active_stations=1
[2026-10-06 06:12:23.487] [info] [candidate.cpp:199] InstancePrecompute: built 3 candidates
[2026-10-06 06:12:23.487] [info] [stationary.cpp:264] NN: cost=950.764108, feasible=true, active_stations=1
[2026-10-06 06:12:23.487] [info] [candidate.cpp:199] InstancePrecompute: built 3 candidates
[2026-10-06 06:12:23.487] [info] [stationary.cpp:264] NN: cost=1099.674921, feasible=true, active_stations=1
[2026-10-06 06:12:23.487] [info] [candidate.cpp:199] InstancePrecompute: built 3 candidates
[2026-10-06 06:12:23.487] [info] [stationary.cpp:264] NN: cost=1426.412072, feasible=true, active_stations=1
[2026-10-06 06:12:23.487] [info] [candidate.cpp:199] InstancePrecompute: built 3 candidates
[2026-10-06 06:12:23.487] [info] [stationary.cpp:264] NN: cost=11310.689518, feasible=true, active_stations=1
[2026-10-06 06:12:23.487] [info] [candidate.cpp:199] InstancePrecompute: built 3 candidates
[2026-10-06 06:12:23.487] [info] [stationary.cpp:264] NN: cost=16900.625657, feasible=true, active_stations=1
[2026-10-06 06:12:23.487] [info] [candidate.cpp:199] InstancePrecompute: built 3 candidates
[2026-10-06 06:12:23.487] [info] [stationary.cpp:264] NN: cost=5032.035483, feasible=true, active_stations=1
[2026-10-06 06:12:23.487] [info] [candidate.cpp:199] InstancePrecompute: built 3 candidates
[2026-10-06 06:12:23.487] [info] [stationary.cpp:264] NN: cost=9446.933163, feasible=true, active_stations=1
[2026-10-06 06:12:23.487] [info] [candidate.cpp:199] InstancePrecompute: built 3 candidates
[2026-10-06 06:12:23.487] [info] [stationary.cpp:264] NN: cost=9776.518717, feasible=true, active_stations=1
[2026-10-06 06:12:23.487] [info] [candidate.cpp:199] InstancePrecompute: built 3 candidates
[2026-10-06 06:12:23.487] [info] [stationary.cpp:264] NN: cost=1763.496714, feasible=true, active_stations=1
[2026-10-06 06:12:23.487] [info] [candidate.cpp:199] InstancePrecompute: built 3 candidates
[2026-10-06 06:12:23.487] [info] [stationary.cpp:264] NN: cost=2852.842487, feasible=true, active_stations=1
[2026-10-06 06:12:23.487] [info] [candidate.cpp:199] InstancePrecompute: built 3 candidates
[2026-10-06 06:12:23.487] [info] [stationary.cpp:264] NN: cost=950.764108, feasible=true, active_stations=1
[2026-10-06 06:12:23.487] [info] [candidate.cpp:199] InstancePrecompute: built 3 candidates
[2026-10-06 06:12:23.487] [info] [stationary.cpp:264] NN: cost=1099.674921, feasible=true, active_stations=1
[2026-10-06 06:12:23.487] [info] [candidate.cpp:199] InstancePrecompute: built 3 candidates
[2026-10-06 06:12:23.487] [info] [stationary.cpp:264] NN: cost=1426.412072, feasible=true, active_stations=1
[2026-10-06 06:12:23.487] [info] [candidate.cpp:199] InstancePrecompute: built 3 candidates
[2026-10-06 06:12:23.487] [info] [stationary.cpp:264] NN: cost=11310.689518, feasible=true, active_stations=1
[2026-10-06 06:12:23.487] [info] [candidate.cpp:199] InstancePrecompute: built 3 candidates
[2026-10-06 06:12:23.487] [info] [stationary.cpp:264] NN: cost=16900.625657, feasible=true, active_stations=1
[2026-10-06 06:12:23.487] [info] [candidate.cpp:199] InstancePrecompute: built 3 candidates
[2026-10-06 06:12:23.487] [info] [stationary.cpp:264] NN: cost=5032.035483, feasible=true, active_stations=1
[2026-10-06 06:12:23.487] [info] [candidate.cpp:199] InstancePrecompute: built 3 candidates
[2026-10-06 06:12:23.487] [info] [stationary.cpp:264] NN: cost=9446.933163, feasible=true, active_stations=1
[2026-10-06 06:12:23.487] [info] [candidate.cpp:199] InstancePrecompute: built 3 candidates
[2026-10-06 06:12:23.487] [info] [stationary.cpp:264] NN: cost=9776.518717, feasible=true, active_stations=1
[2026-10-06 06:12:23.487] [info] [candidate.cpp:199] InstancePrecompute: built 6 candidates
[2026-10-06 06:12:23.487] [info] [stationary.cpp:264] NN: cost=4616.339201, feasible=true, active_stations=2
[2026-10-06 06:12:23.487] [info] [candidate.cpp:199] InstancePrecompute: built 3 candidates
[2026-10-06 06:12:23.487] [info] [stationary.cpp:264] NN: cost=950.764108, feasible=true, active_stations=1
[2026-10-06 06:12:23.487] [info] [candidate.cpp:199] InstancePrecompute: built 3 candidates
[2026-10-06 06:12:23.487] [info] [stationary.cpp:264] NN: cost=1099.674921, feasible=true, active_stations=1
[2026-10-06 06:12:23.487] [info] [candidate.cpp:199] InstancePrecompute: built 3 candidates
[2026-10-06 06:12:23.487] [info] [stationary.cpp:264] NN: cost=1426.412072, feasible=true, active_stations=1
[2026-10-06 06:12:23.487] [info] [candidate.cpp:199] InstancePrecompute: built 3 candidates
[2026-10-06 06:12:23.487] [info] [stationary.cpp:264] NN: cost=11310.689518, feasible=true, active_stations=1
[2026-10-06 06:12:23.487] [info] [candidate.cpp:199] InstancePrecompute: built 3 candidates
[2026-10-06 06:12:23.487] [info] [stationary.cpp:264] NN: cost=16900.625657, feasible=true, active_stations=1
[2026-10-06 06:12:23.487] [info] [candidate.cpp:199] InstancePrecompute: built 3 candidates
[2026-10-06 06:12:23.487] [info] [stationary.cpp:264] NN: cost=5032.035483, feasible=true, active_stations=1
[2026-10-06 06:12:23.487] [info] [candidate.cpp:199] InstancePrecompute: built 3 candidates
[2026-10-06 06:12:23.487] [info] [stationary.cpp:264] NN: cost=9446.933163, feasible=true, active_stations=1
[2026-10-06 06:12:23.487] [info] [candidate.cpp:199] InstancePrecompute: built 3 candidates
[2026-10-06 06:12:23.487] [info] [stationary.cpp:264] NN: cost=9776.518717, feasible=true, active_stations=1
[2026-10-06 06:12:23.487] [info] [candidate.cpp:199] InstancePrecompute: built 6 candidates
[2026-10-06 06:12:23.487] [info] [stationary.cpp:264] NN: cost=4616.339201, feasible=true, active_stations=2
[2026-10-06 06:12:23.487] [info] [candidate.cpp:199] InstancePrecompute: built 3 candidates
[2026-10-06 06:12:23.487] [info] [stationary.cpp:264] NN: cost=950.764108, feasible=true, active_stations=1
[2026-10-06 06:12:23.487] [info] [candidate.cpp:199] InstancePrecompute: built 3 candidates
[2026-10-06 06:12:23.487] [info] [stationary.cpp:264] NN: cost=1099.674921, feasible=true, active_stations=1
[2026-10-06 06:12:23.487] [info] [candidate.cpp:199] InstancePrecompute: built 3 candidates
[2026-10-06 06:12:23.487] [info] [stationary.cpp:264] NN: cost=1426.412072, feasible=true, active_stations=1
[2026-10-06 06:12:23.487] [info] [candidate.cpp:199] InstancePrecompute: built 3 candidates
[2026-10-06 06:12:23.487] [info] [stationary.cpp:264] NN: cost=11310.689518, feasible=true, active_stations=1
[2026-10-06 06:12:23.487] [info] [candidate.cpp:199] InstancePrecompute: built 3 candidates
[2026-10-06 06:12:23.487] [info] [stationary.cpp:264] NN: cost=16900.625657, feasible=true, active_stations=1
[2026-10-06 06:12:23.487] [info] [candidate.cpp:199] InstancePrecompute: built 3 candidates
[2026-10-06 06:12:23.487] [info] [stationary.cpp:264] NN: cost=5032.035483, feasible=true, active_stations=1
[2026-10-06 06:12:23.487] [info] [candidate.cpp:199] InstancePrecompute: built 3 candidates
[2026-10-06 06:12:23.487] [info] [stationary.cpp:264] NN: cost=9446.933163, feasible=true, active_stations=1
[2026-10-06 06:12:23.487] [info] [candidate.cpp:199] InstancePrecompute: built 3 candidates
[2026-10-06 06:12:23.487] [info] [stationary.cpp:264] NN: cost=9776.518717, feasible=true, active_stations=1
[2026-10-06 06:12:23.487] [info] [candidate.cpp:199] InstancePrecompute: built 6 candidates
[2026-10-06 06:12:23.487] [info] [stationary.cpp:264] NN: cost=4616.339201, feasible=true, active_stations=2
[2026-10-06 06:12:23.487] [info] [candidate.cpp:199] InstancePrecompute: built 3 candidates
[2026-10-06 06:12:23.487] [info] [stationary.cpp:264] NN: cost=950.764108, feasible=true, active_stations=1
[2026-10-06 06:12:23.487] [info] [candidate.cpp:199] InstancePrecompute: built 3 candidates
[2026-10-06 06:12:23.487] [info] [stationary.cpp:264] NN: cost=1099.674921, feasible=true, active_stations=1
[2026-10-06 06:12:23.487] [info] [candidate.cpp:199] InstancePrecompute: built 3 candidates
[2026-10-06 06:12:23.487] [info] [stationary.cpp:264] NN: cost=1426.412072, feasible=true, active_stations=1
[2026-10-06 06:12:23.487] [info] [candidate.cpp:199] InstancePrecompute: built 3 candidates
[2026-10-06 06:12:23.487] [info] [stationary.cpp:264] NN: cost=11310.689518, feasible=true, active_stations=1
[2026-10-06 06:12:23.487] [info] [candidate.cpp:199] InstancePrecompute: built 3 candidates
[2026-10-06 06:12:23.487] [info] [stationary.cpp:264] NN: cost=16900.625657, feasible=true, active_stations=1
[2026-10-06 06:12:23.487] [info] [candidate.cpp:199] InstancePrecompute: built 3 candidates
[2026-10-06 06:12:23.487] [info] [stationary.cpp:264] NN: cost=5032.035483, feasible=true, active_stations=1
[2026-10-06 06:12:23.487] [info] [candidate.cpp:199] InstancePrecompute: built 3 candidates
[2026-10-06 06:12:23.487] [info] [stationary.cpp:264] NN: cost=9446.933163, feasible=true, active_stations=1
[2026-10-06 06:12:23.487] [info] [candidate.cpp:199] InstancePrecompute: built 3 candidates
[2026-10-06 06:12:23.487] [info] [stationary.cpp:264] NN: cost=9776.518717, feasible=true, active_stations=1
[2026-10-06 06:12:23.487] [info] [candidate.cpp:199] InstancePrecompute: built 3 candidates
[2026-10-06 06:12:23.487] [info] [stationary.cpp:264] NN: cost=1763.496714, feasible=true, active_stations=1
[2026-10-06 06:12:23.487] [info] [candidate.cpp:199] InstancePrecompute: built 3 candidates
[2026-10-06 06:12:23.487] [info] [stationary.cpp:264] NN: cost=2852.842487, feasible=true, active_stations=1
[2026-10-06 06:12:23.487] [info] [candidate.cpp:199] InstancePrecompute: built 3 candidates
[2026-10-06 06:12:23.487] [info] [stationary.cpp:264] NN: cost=950.764108, feasible=true, active_stations=1
[2026-10-06 06:12:23.487] [info] [candidate.cpp:199] InstancePrecompute: built 3 candidates
[2026-10-06 06:12:23.487] [info] [stationary.cpp:264] NN: cost=1099.674921, feasible=true, active_stations=1
[2026-10-06 06:12:23.487] [info] [candidate.cpp:199] InstancePrecompute: built 3 candidates
[2026-10-06 06:12:23.487] [info] [stationary.cpp:264] NN: cost=1426.412072, feasible=true, active_stations=1
[2026-10-06 06:12:23.487] [info] [candidate.cpp:199] InstancePrecompute: built 3 candidates
[2026-10-06 06:12:23.487] [info] [stationary.cpp:264] NN: cost=11310.689518, feasible=true, active_stations=1
[2026-10-06 06:12:23.487] [info] [candidate.cpp:199] InstancePrecompute: built 3 candidates
[2026-10-06 06:12:23.487] [info] [stationary.cpp:264] NN: cost=16900.625657, feasible=true, active_stations=1
[2026-10-06 06:12:23.487] [info] [candidate.cpp:199] InstancePrecompute: built 3 candidates
[2026-10-06 06:12:23.487] [info] [stationary.cpp:264] NN: cost=5032.035483, feasible=true, active_stations=1
[2026-10-06 06:12:23.487] [info] [candidate.cpp:199] InstancePrecompute: built 3 candidates
[2026-10-06 06:12:23.487] [info] [stationary.cpp:264] NN: cost=9446.933163, feasible=true, active_stations=1
[2026-10-06 06:12:23.487] [info] [candidate.cpp:199] InstancePrecompute: built 3 candidates
[2026-10-06 06:12:23.487] [info] [stationary.cpp:264] NN: cost=9776.518717, feasible=true, active_stations=1
[2026-10-06 06:12:23.487] [info] [candidate.cpp:199] InstancePrecompute: built 3 candidates
[2026-10-06 06:12:23.487] [info] [stationary.cpp:264] NN: cost=1763.496714, feasible=true, active_stations=1
[2026-10-06 06:12:23.487] [info] [candidate.cpp:199] InstancePrecompute: built 6 candidates
[2026-10-06 06:12:23.487] [info] [stationary.cpp:264] NN: cost=2852.842487, feasible=true, active_stations=1
[2026-10-06 06:12:23.487] [info] [candidate.cpp:199] InstancePrecompute: built 3 candidates
[2026-10-06 06:12:23.487] [info] [stationary.cpp:264] NN: cost=1099.674921, feasible=true, active_stations=1
[2026-10-06 06:12:23.487] [info] [candidate.cpp:199] InstancePrecompute: built 3 candidates
[2026-10-06 06:12:23.487] [info] [stationary.cpp:264] NN: cost=1426.412072, feasible=true, active_stations=1
[2026-10-06 06:12:23.487] [info] [candidate.cpp:199] InstancePrecompute: built 3 candidates
[2026-10-06 06:12:23.487] [info] [stationary.cpp:264] NN: cost=11310.689518, feasible=true, active_stations=1
[2026-10-06 06:12:23.487] [info] [candidate.cpp:199] InstancePrecompute: built 3 candidates
[2026-10-06 06:12:23.487] [info] [stationary.cpp:264] NN: cost=16900.625657, feasible=true, active_stations=1
[2026-10-06 06:12:23.487] [info] [candidate.cpp:199] InstancePrecompute: built 3 candidates
[2026-10-06 06:12:23.487] [info] [stationary.cpp:264] NN: cost=5032.035483, feasible=true, active_stations=1
[2026-10-06 06:12:23.487] [info] [candidate.cpp:199] InstancePrecompute: built 3 candidates
[2026-10-06 06:12:23.487] [info] [stationary.cpp:264] NN: cost=9446.933163, feasible=true, active_stations=1
[2026-10-06 06:12:23.487] [info] [candidate.cpp:199] InstancePrecompute: built 3 candidates
[2026-10-06 06:12:23.487] [info] [stationary.cpp:264] NN: cost=9776.518717, feasible=true, active_stations=1
[2026-10-06 06:12:23.487] [info] [candidate.cpp:199] InstancePrecompute: built 3 candidates
[2026-10-06 06:12:23.487] [info] [stationary.cpp:264] NN: cost=1763.496714, feasible=true, active_stations=1
[2026-10-06 06:12:23.487] [info] [candidate.cpp:199] InstancePrecompute: built 6 candidates
[2026-10-06 06:12:23.487] [info] [stationary.cpp:264] NN: cost=2852.842487, feasible=true, active_stations=1
[2026-10-06 06:12:23.487] [info] [candidate.cpp:199] InstancePrecompute: built 3 candidates
[2026-10-06 06:12:23.487] [info] [stationary.cpp:264] NN: cost=1099.674921, feasible=true, active_stations=1
[2026-10-06 06:12:23.487] [info] [candidate.cpp:199] InstancePrecompute: built 3 candidates
[2026-10-06 06:12:23.487] [info] [stationary.cpp:264] NN: cost=1426.412072, feasible=true, active_stations=1
[2026-10-06 06:12:23.487] [info] [candidate.cpp:199] InstancePrecompute: built 3 candidates
[2026-10-06 06:12:23.487] [info] [stationary.cpp:264] NN: cost=11310.689518, feasible=true, active_stations=1
[2026-10-06 06:12:23.487] [info] [candidate.cpp:199] InstancePrecompute: built 3 candidates
[2026-10-06 06:12:23.487] [info] [stationary.cpp:264] NN: cost=16900.625657, feasible=true, active_stations=1
[2026-10-06 06:12:23.487] [info] [candidate.cpp:199] InstancePrecompute: built 3 candidates
[2026-10-06 06:12:23.487] [info] [stationary.cpp:264] NN: cost=5032.035483, feasible=true, active_stations=1
[2026-10-06 06:12:23.487] [info] [candidate.cpp:199] InstancePrecompute: built 3 candidates
[2026-10-06 06:12:23.487] [info] [stationary.cpp:264] NN: cost=9446.933163, feasible=true, active_stations=1
[2026-10-06 06:12:23.487] [info] [candidate.cpp:199] InstancePrecompute: built 3 candidates
[2026-10-06 06:12:23.487] [info] [stationary.cpp:264] NN: cost=9776.518717, feasible=true, active_stations=1
[2026-10-06 06:12:23.487] [info] [candidate.cpp:199] InstancePrecompute: built 3 candidates
[2026-10-06 06:12:23.487] [info] [stationary.cpp:264] NN: cost=1763.496714, feasible=true, active_stations=1
[2026-10-06 06:12:23.487] [info] [candidate.cpp:199] InstancePrecompute: built 3 candidates
[2026-10-06 06:12:23.487] [info] [stationary.cpp:264] NN: cost=2852.842487, feasible=true, active_stations=1
[2026-10-06 06:12:23.487] [info] [candidate.cpp:199] InstancePrecompute: built 3 candidates
[2026-10-06 06:12:23.487] [info] [stationary.cpp:264] NN: cost=950.764108, feasible=true, active_stations=1
[2026-10-06 06:12:23.487] [info] [candidate.cpp:199] InstancePrecompute: built 3 candidates
[2026-10-06 06:12:23.487] [info] [stationary.cpp:264] NN: cost=1099.674921, feasible=true, active_stations=1
[2026-10-06 06:12:23.487] [info] [candidate.cpp:199] InstancePrecompute: built 3 candidates
[2026-10-06 06:12:23.487] [info] [stationary.cpp:264] NN: cost=1426.412072, feasible=true, active_stations=1
[2026-10-06 06:12:23.487] [info] [candidate.cpp:199] InstancePrecompute: built 3 candidates
[2026-10-06 06:12:23.487] [info] [stationary.cpp:264] NN: cost=11310.689518, feasible=true, active_stations=1
[2026-10-06 06:12:23.487] [info] [candidate.cpp:199] InstancePrecompute: built 3 candidates
[2026-10-06 06:12:23.487] [info] [stationary.cpp:264] NN: cost=16900.625657, feasible=true, active_stations=1
[2026-10-06 06:12:23.487] [info] [candidate.cpp:199] InstancePrecompute: built 3 candidates
[2026-10-06 06:12:23.487] [info] [stationary.cpp:264] NN: cost=5032.035483, feasible=true, active_stations=1
[2026-10-06 06:12:23.487] [info] [candidate.cpp:199] InstancePrecompute: built 3 candidates
[2026-10-06 06:12:23.487] [info] [stationary.cpp:264] NN: cost=9446.933163, feasible=true, active_stations=1
[2026-10-06 06:12:23.487] [info] [candidate.cpp:199] InstancePrecompute: built 3 candidates
[2026-10-06 06:12:23.487] [info] [stationary.cpp:264] NN: cost=9776.518717, feasible=true, active_stations=1
[2026-10-06 06:12:23.487] [info] [candidate.cpp:199] InstancePrecompute: built 3 candidates
[2026-10-06 06:12:23.487] [info] [stationary.cpp:264] NN: cost=1763.496714, feasible=true, active_stations=1
[2026-10-06 06:12:23.487] [info] [candidate.cpp:199] InstancePrecompute: built 3 candidates
[2026-10-06 06:12:23.487] [info] [stationary.cpp:264] NN: cost=2852.842487, feasible=true, active_stations=1
[2026-10-06 06:12:23.487] [info] [candidate.cpp:199] InstancePrecompute: built 3 candidates
[2026-10-06 06:12:23.487] [info] [stationary.cpp:264] NN: cost=950.764108, feasible=true, active_stations=1
[2026-10-06 06:12:23.487] [info] [candidate.cpp:199] InstancePrecompute: built 3 candidates
[2026-10-06 06:12:23.487] [info] [stationary.cpp:264] NN: cost=1099.674921, feasible=true, active_stations=1
[2026-10-06 06:12:23.487] [info] [candidate.cpp:199] InstancePrecompute: built 3 candidates
[2026-10-06 06:12:23.487] [info] [stationary.cpp:264] NN: cost=1426.412072, feasible=true, active_stations=1
[2026-10-06 06:12:23.487] [info] [candidate.cpp:199] InstancePrecompute: built 3 candidates
[2026-10-06 06:12:23.487] [info] [stationary.cpp:264] NN: cost=11310.689518, feasible=true, active_stations=1
[2026-10-06 06:12:23.487] [info] [candidate.cpp:199] InstancePrecompute: built 3 candidates
[2026-10-06 06:12:23.487] [info] [stationary.cpp:264] NN: cost=16900.625657, feasible=true, active_stations=1
[2026-10-06 06:12:23.487] [info] [candidate.cpp:199] InstancePrecompute: built 3 candidates
[2026-10-06 06:12:23.487] [info] [stationary.cpp:264] NN: cost=5032.035483, feasible=true, active_stations=1
[2026-10-06 06:12:23.487] [info] [candidate.cpp:199] InstancePrecompute: built 3 candidates
[2026-10-06 06:12:23.487] [info] [stationary.cpp:264] NN: cost=9446.933163, feasible=true, active_stations=1
[2026-10-06 06:12:23.487] [info] [candidate.cpp:199] InstancePrecompute: built 3 candidates
[2026-10-06 06:12:23.487] [info] [stationary.cpp:264] NN: cost=9776.518717, feasible=true, active_stations=1
[2026-10-06 06:12:23.487] [info] [candidate.cpp:199] InstancePrecompute: built 3 candidates
[2026-10-06 06:12:23.487] [info] [stationary.cpp:264] NN: cost=1763.496714, feasible=true, active_stations=1
[2026-10-06 06:12:23.487] [info] [candidate.cpp:199] InstancePrecompute: built 3 candidates
[2026-10-06 06:12:23.487] [info] [stationary.cpp:264] NN: cost=2852.842487, feasible=true, active_stations=1
[2026-10-06 06:12:23.487] [info] [candidate.cpp:199] InstancePrecompute: built 3 candidates
[2026-10-06 06:12:23.487] [info] [stationary.cpp:264] NN: cost=950.764108, feasible=true, active_stations=1
[2026-10-06 06:12:23.487] [info] [candidate.cpp:199] InstancePrecompute: built 3 candidates
[2026-10-06 06:12:23.487] [info] [stationary.cpp:264] NN: cost=1099.674921, feasible=true, active_stations=1
[2026-10-06 06:12:23.487] [info] [candidate.cpp:199] InstancePrecompute: built 3 candidates
[2026-10-06 06:12:23.487] [info] [stationary.cpp:264] NN: cost=1426.412072, feasible=true, active_stations=1
[2026-10-06 06:12:23.487] [info] [candidate.cpp:199] InstancePrecompute: built 3 candidates
[2026-10-06 06:12:23.487] [info] [stationary.cpp:264] NN: cost=11310.689518, feasible=true, active_stations=1
[2026-10-06 06:12:23.487] [info] [candidate.cpp:199] InstancePrecompute: built 3 candidates
[2026-10-06 06:12:23.487] [info] [stationary.cpp:264] NN: cost=16900.625657, feasible=true, active_stations=1
[2026-10-06 06:12:23.487] [info] [candidate.cpp:199] InstancePrecompute: built 3 candidates
[2026-10-06 06:12:23.487] [info] [stationary.cpp:264] NN: cost=5032.035483, feasible=true, active_stations=1
[2026-10-06 06:12:23.487] [info] [candidate.cpp:199] InstancePrecompute: built 3 candidates
[2026-10-06 06:12:23.487] [info] [stationary.cpp:264] NN: cost=9446.933163, feasible=true, active_stations=1
[2026-10-06 06:12:23.487] [info] [candidate.cpp:199] InstancePrecompute: built 3 candidates
[2026-10-06 06:12:23.487] [info] [stationary.cpp:264] NN: cost=9776.518717, feasible=true, active_stations=1
[2026-10-06 06:12:23.487] [info] [candidate.cpp:199] InstancePrecompute: built 3 candidates
[2026-10-06 06:12:23.487] [info] [stationary.cpp:264] NN: cost=1763.496714, feasible=true, active_stations=1
[2026-10-06 06:12:23.487] [info] [candidate.cpp:199] InstancePrecompute: built 6 candidates
[2026-10-06 06:12:23.487] [info] [stationary.cpp:264] NN: cost=2852.842487, feasible=true, active_stations=1
[2026-10-06 06:12:23.487] [info] [candidate.cpp:199] InstancePrecompute: built 3 candidates
[2026-10-06 06:12:23.487] [info] [stationary.cpp:264] NN: cost=1099.674921, feasible=true, active_stations=1
[2026-10-06 06:12:23.487] [info] [candidate.cpp:199] InstancePrecompute: built 3 candidates
[2026-10-06 06:12:23.487] [info] [stationary.cpp:264] NN: cost=1426.412072, feasible=true, active_stations=1
[2026-10-06 06:12:23.487] [info] [candidate.cpp:199] InstancePrecompute: built 3 candidates
[2026-10-06 06:12:23.487] [info] [stationary.cpp:264] NN: cost=11310.689518, feasible=true, active_stations=1
[2026-10-06 06:12:23.487] [info] [candidate.cpp:199] InstancePrecompute: built 3 candidates
[2026-10-06 06:12:23.487] [info] [stationary.cpp:264] NN: cost=5032.035483, feasible=true, active_stations=1
[2026-10-06 06:12:23.487] [info] [candidate.cpp:199] InstancePrecompute: built 3 candidates
[2026-10-06 06:12:23.487] [info] [stationary.cpp:264] NN: cost=16900.625657, feasible=true, active_stations=1
[2026-10-06 06:12:23.487] [info] [candidate.cpp:199] InstancePrecompute: built 3 candidates
[2026-10-06 06:12:23.487] [info] [stationary.cpp:264] NN: cost=9446.933163, feasible=true, active_stations=1
[2026-10-06 06:12:23.487] [info] [candidate.cpp:199] InstancePrecompute: built 3 candidates
[2026-10-06 06:12:23.487] [info] [stationary.cpp:264] NN: cost=1763.496714, feasible=true, active_stations=1
[2026-10-06 06:12:23.487] [info] [candidate.cpp:199] InstancePrecompute: built 3 candidates
[2026-10-06 06:12:23.487] [info] [stationary.cpp:264] NN: cost=9776.518717, feasible=true, active_stations=1
[2026-10-06 06:12:23.487] [info] [candidate.cpp:199] InstancePrecompute: built 6 candidates
[2026-10-06 06:12:23.487] [info] [stationary.cpp:264] NN: cost=2852.842487, feasible=true, active_stations=1
[2026-10-06 06:12:23.487] [info] [candidate.cpp:199] InstancePrecompute: built 3 candidates
[2026-10-06 06:12:23.487] [info] [stationary.cpp:264] NN: cost=1099.674921, feasible=true, active_stations=1
[2026-10-06 06:12:23.487] [info] [candidate.cpp:199] InstancePrecompute: built 3 candidates
[2026-10-06 06:12:23.487] [info] [stationary.cpp:264] NN: cost=1426.412072, feasible=true, active_stations=1
[2026-10-06 06:12:23.487] [info] [candidate.cpp:199] InstancePrecompute: built 3 candidates
[2026-10-06 06:12:23.487] [info] [stationary.cpp:264] NN: cost=11310.689518, feasible=true, active_stations=1
[2026-10-06 06:12:23.487] [info] [candidate.cpp:199] InstancePrecompute: built 3 candidates
[2026-10-06 06:12:23.487] [info] [stationary.cpp:264] NN: cost=5032.035483, feasible=true, active_stations=1
[2026-10-06 06:12:23.487] [info] [candidate.cpp:199] InstancePrecompute: built 3 candidates
[2026-10-06 06:12:23.487] [info] [stationary.cpp:264] NN: cost=16900.625657, feasible=true, active_stations=1
[2026-10-06 06:12:23.487] [info] [candidate.cpp:199] InstancePrecompute: built 3 candidates
[2026-10-06 06:12:23.487] [info] [stationary.cpp:264] NN: cost=9446.933163, feasible=true, active_stations=1
[2026-10-06 06:12:23.487] [info] [candidate.cpp:199] InstancePrecompute: built 3 candidates
[2026-10-06 06:12:23.487] [info] [stationary.cpp:264] NN: cost=1763.496714, feasible=true, active_stations=1
[2026-10-06 06:12:23.487] [info] [candidate.cpp:199] InstancePrecompute: built 3 candidates
[2026-10-06 06:12:23.487] [info] [stationary.cpp:264] NN: cost=9776.518717, feasible=true, active_stations=1
[2026-10-06 06:12:23.487] [info] [candidate.cpp:199] InstancePrecompute: built 6 candidates
[2026-10-06 06:12:23.487] [info] [stationary.cpp:264] NN: cost=2852.842487, feasible=true, active_stations=1
[2026-10-06 06:12:23.487] [info] [candidate.cpp:199] InstancePrecompute: built 3 candidates
[2026-10-06 06:12:23.487] [info] [stationary.cpp:264] NN: cost=1099.674921, feasible=true, active_stations=1
[2026-10-06 06:12:23.487] [info] [candidate.cpp:199] InstancePrecompute: built 3 candidates
[2026-10-06 06:12:23.487] [info] [stationary.cpp:264] NN: cost=1426.412072, feasible=true, active_stations=1
[2026-10-06 06:12:23.487] [info] [candidate.cpp:199] InstancePrecompute: built 3 candidates
[2026-10-06 06:12:23.487] [info] [stationary.cpp:264] NN: cost=11310.689518, feasible=true, active_stations=1
[2026-10-06 06:12:23.487] [info] [candidate.cpp:199] InstancePrecompute: built 3 candidates
[2026-10-06 06:12:23.487] [info] [stationary.cpp:264] NN: cost=5032.035483, feasible=true, active_stations=1
[2026-10-06 06:12:23.487] [info] [candidate.cpp:199] InstancePrecompute: built 3 candidates
[2026-10-06 06:12:23.487] [info] [stationary.cpp:264] NN: cost=16900.625657, feasible=true, active_stations=1
[2026-10-06 06:12:23.487] [info] [candidate.cpp:199] InstancePrecompute: built 3 candidates
[2026-10-06 06:12:23.487] [info] [stationary.cpp:264] NN: cost=9446.933163, feasible=true, active_stations=1
[2026-10-06 06:12:23.487] [info] [candidate.cpp:199] InstancePrecompute: built 3 candidates
[2026-10-06 06:12:23.487] [info] [stationary.cpp:264] NN: cost=1763.496714, feasible=true, active_stations=1
[2026-10-06 06:12:23.487] [info] [candidate.cpp:199] InstancePrecompute: built 3 candidates
[2026-10-06 06:12:23.487] [info] [stationary.cpp:264] NN: cost=9776.518717, feasible=true, active_stations=1
[2026-10-06 06:12:23.487] [info] [candidate.cpp:199] InstancePrecompute: built 3 candidates
[2026-10-06 06:12:23.487] [info] [stationary.cpp:264] NN: cost=2852.842487, feasible=true, active_stations=1
[2026-10-06 06:12:23.487] [info] [candidate.cpp:199] InstancePrecompute: built 3 candidates
[2026-10-06 06:12:23.487] [info] [stationary.cpp:264] NN: cost=950.764108, feasible=true, active_stations=1
[2026-10-06 06:12:23.487] [info] [candidate.cpp:199] InstancePrecompute: built 3 candidates
[2026-10-06 06:12:23.487] [info] [stationary.cpp:264] NN: cost=1099.674921, feasible=true, active_stations=1
[2026-10-06 06:12:23.487] [info] [candidate.cpp:199] InstancePrecompute: built 3 candidates
[2026-10-06 06:12:23.487] [info] [stationary.cpp:264] NN: cost=1426.412072, feasible=true, active_stations=1
[2026-10-06 06:12:23.487] [info] [candidate.cpp:199] InstancePrecompute: built 3 candidates
[2026-10-06 06:12:23.487] [info] [stationary.cpp:264] NN: cost=11310.689518, feasible=true, active_stations=1
[2026-10-06 06:12:23.488] [info] [candidate.cpp:199] InstancePrecompute: built 3 candidates
[2026-10-06 06:12:23.488] [info] [stationary.cpp:264] NN: cost=5032.035483, feasible=true, active_stations=1
[2026-10-06 06:12:23.488] [info] [candidate.cpp:199] InstancePrecompute: built 3 candidates
[2026-10-06 06:12:23.488] [info] [stationary.cpp:264] NN: cost=16900.625657, feasible=true, active_stations=1
[2026-10-06 06:12:23.488] [info] [candidate.cpp:199] InstancePrecompute: built 3 candidates
[2026-10-06 06:12:23.488] [info] [stationary.cpp:264] NN: cost=9446.933163, feasible=true, active_stations=1
[2026-10-06 06:12:23.488] [info] [candidate.cpp:199] InstancePrecompute: built 3 candidates
[2026-10-06 06:12:23.488] [info] [stationary.cpp:264] NN: cost=1763.496714, feasible=true, active_stations=1
[2026-10-06 06:12:23.488] [info] [candidate.cpp:199] InstancePrecompute: built 3 candidates
[2026-10-06 06:12:23.488] [info] [stationary.cpp:264] NN: cost=9776.518717, feasible=true, active_stations=1
[2026-10-06 06:12:23.488] [info] [candidate.cpp:199] InstancePrecompute: built 3 candidates
[2026-10-06 06:12:23.488] [info] [stationary.cpp:264] NN: cost=2852.842487, feasible=true, active_stations=1
[2026-10-06 06:12:23.488] [info] [candidate.cpp:199] InstancePrecompute: built 3 candidates
[2026-10-06 06:12:23.488] [info] [stationary.cpp:264] NN: cost=950.764108, feasible=true, active_stations=1
[2026-10-06 06:12:23.488] [info] [candidate.cpp:199] InstancePrecompute: built 3 candidates
[2026-10-06 06:12:23.488] [info] [stationary.cpp:264] NN: cost=1099.674921, feasible=true, active_stations=1
[2026-10-06 06:12:23.488] [info] [candidate.cpp:199] InstancePrecompute: built 3 candidates
[2026-10-06 06:12:23.488] [info] [stationary.cpp:264] NN: cost=1426.412072, feasible=true, active_stations=1
[2026-10-06 06:12:23.488] [info] [candidate.cpp:199] InstancePrecompute: built 3 candidates
[2026-10-06 06:12:23.488] [info] [stationary.cpp:264] NN: cost=11310.689518, feasible=true, active_stations=1
[2026-10-06 06:12:23.488] [info] [candidate.cpp:199] InstancePrecompute: built 3 candidates
[2026-10-06 06:12:23.488] [info] [stationary.cpp:264] NN: cost=5032.035483, feasible=true, active_stations=1
[2026-10-06 06:12:23.488] [info] [candidate.cpp:199] InstancePrecompute: built 3 candidates
[2026-10-06 06:12:23.488] [info] [stationary.cpp:264] NN: cost=16900.625657, feasible=true, active_stations=1
[2026-10-06 06:12:23.488] [info] [candidate.cpp:199] InstancePrecompute: built 3 candidates
[2026-10-06 06:12:23.488] [info] [stationary.cpp:264] NN: cost=9446.933163, feasible=true, active_stations=1
[2026-10-06 06:12:23.488] [info] [candidate.cpp:199] InstancePrecompute: built 3 candidates
[2026-10-06 06:12:23.488] [info] [stationary.cpp:264] NN: cost=1763.496714, feasible=true, active_stations=1
[2026-10-06 06:12:23.488] [info] [candidate.cpp:199] InstancePrecompute: built 3 candidates
[2026-10-06 06:12:23.488] [info] [stationary.cpp:264] NN: cost=9776.518717, feasible=true, active_stations=1
[2026-10-06 06:12:23.488] [info] [candidate.cpp:199] InstancePrecompute: built 3 candidates
[2026-10-06 06:12:23.488] [info] [stationary.cpp:264] NN: cost=2852.842487, feasible=true, active_stations=1
[2026-10-06 06:12:23.488] [info] [candidate.cpp:199] InstancePrecompute: built 3 candidates
[2026-10-06 06:12:23.488] [info] [stationary.cpp:264] NN: cost=950.764108, feasible=true, active_stations=1
[2026-10-06 06:12:23.488] [info] [candidate.cpp:199] InstancePrecompute: built 3 candidates
[2026-10-06 06:12:23.488] [info] [stationary.cpp:264] NN: cost=1099.674921, feasible=true, active_stations=1
[2026-10-06 06:12:23.488] [info] [candidate.cpp:199] InstancePrecompute: built 3 candidates
[2026-10-06 06:12:23.488] [info] [stationary.cpp:264] NN: cost=1426.412072, feasible=true, active_stations=1
[2026-10-06 06:12:23.488] [info] [candidate.cpp:199] InstancePrecompute: built 3 candidates
[2026-10-06 06:12:23.488] [info] [stationary.cpp:264] NN: cost=11310.689518, feasible=true, active_stations=1
[2026-10-06 06:12:23.488] [info] [candidate.cpp:199] InstancePrecompute: built 3 candidates
[2026-10-06 06:12:23.488] [info] [stationary.cpp:264] NN: cost=5032.035483, feasible=true, active_stations=1
[2026-10-06 06:12:23.488] [info] [candidate.cpp:199] InstancePrecompute: built 3 candidates
[2026-10-06 06:12:23.488] [info] [stationary.cpp:264] NN: cost=16900.625657, feasible=true, active_stations=1
[2026-10-06 06:12:23.488] [info] [candidate.cpp:199] InstancePrecompute: built 3 candidates
[2026-10-06 06:12:23.488] [info] [stationary.cpp:264] NN: cost=9446.933163, feasible=true, active_stations=1
[2026-10-06 06:12:23.488] [info] [candidate.cpp:199] InstancePrecompute: built 3 candidates
[2026-10-06 06:12:23.488] [info] [stationary.cpp:264] NN: cost=1763.496714, feasible=true, active_stations=1
[2026-10-06 06:12:23.488] [info] [candidate.cpp:199] InstancePrecompute: built 3 candidates
[2026-10-06 06:12:23.488] [info] [stationary.cpp:264] NN: cost=9776.518717, feasible=true, active_stations=1
[2026-10-06 06:12:23.488] [info] [candidate.cpp:199] InstancePrecompute: built 6 candidates
[2026-10-06 06:12:23.488] [info] [stationary.cpp:264] NN: cost=2852.842487, feasible=true, active_stations=1
[2026-10-06 06:12:23.488] [info] [candidate.cpp:199] InstancePrecompute: built 3 candidates
[2026-10-06 06:12:23.488] [info] [stationary.cpp:264] NN: cost=1099.674921, feasible=true, active_stations=1
[2026-10-06 06:12:23.488] [info] [candidate.cpp:199] InstancePrecompute: built 3 candidates
[2026-10-06 06:12:23.488] [info] [stationary.cpp:264] NN: cost=1426.412072, feasible=true, active_stations=1
[2026-10-06 06:12:23.488] [info] [candidate.cpp:199] InstancePrecompute: built 3 candidates
[2026-10-06 06:12:23.488] [info] [stationary.cpp:264] NN: cost=11310.689518, feasible=true, active_stations=1
[2026-10-06 06:12:23.488] [info] [candidate.cpp:199] InstancePrecompute: built 3 candidates
[2026-10-06 06:12:23.488] [info] [stationary.cpp:264] NN: cost=16900.625657, feasible=true, active_stations=1
[2026-10-06 06:12:23.488] [info] [candidate.cpp:199] InstancePrecompute: built 3 candidates
[2026-10-06 06:12:23.488] [info] [stationary.cpp:264] NN: cost=5032.035483, feasible=true, active_stations=1
[2026-10-06 06:12:23.488] [info] [candidate.cpp:199] InstancePrecompute: built 3 candidates
[2026-10-06 06:12:23.488] [info] [stationary.cpp:264] NN: cost=9446.933163, feasible=true, active_stations=1
[2026-10-06 06:12:23.488] [info] [candidate.cpp:199] InstancePrecompute: built 3 candidates
[2026-10-06 06:12:23.488] [info] [stationary.cpp:264] NN: cost=9776.518717, feasible=true, active_stations=1
[2026-10-06 06:12:23.488] [info] [candidate.cpp:199] InstancePrecompute: built 3 candidates
[2026-10-06 06:12:23.488] [info] [stationary.cpp:264] NN: cost=1763.496714, feasible=true, active_stations=1
[2026-10-06 06:12:23.488] [info] [candidate.cpp:199] InstancePrecompute: built 3 candidates
[2026-10-06 06:12:23.488] [info] [stationary.cpp:264] NN: cost=2852.842487, feasible=true, active_stations=1
[2026-10-06 06:12:23.488] [info] [candidate.cpp:199] InstancePrecompute: built 3 candidates
[2026-10-06 06:12:23.488] [info] [stationary.cpp:264] NN: cost=950.764108, feasible=true, active_stations=1
[2026-10-06 06:12:23.488] [info] [candidate.cpp:199] InstancePrecompute: built 3 candidates
[2026-10-06 06:12:23.488] [info] [stationary.cpp:264] NN: cost=1099.674921, feasible=true, active_stations=1
[2026-10-06 06:12:23.488] [info] [candidate.cpp:199] InstancePrecompute: built 3 candidates
[2026-10-06 06:12:23.488] [info] [stationary.cpp:264] NN: cost=1426.412072, feasible=true, active_stations=1
[2026-10-06 06:12:23.488] [info] [candidate.cpp:199] InstancePrecompute: built 3 candidates
[2026-10-06 06:12:23.488] [info] [stationary.cpp:264] NN: cost=11310.689518, feasible=true, active_stations=1
[2026-10-06 06:12:23.488] [info] [candidate.cpp:199] InstancePrecompute: built 3 candidates
[2026-10-06 06:12:23.488] [info] [stationary.cpp:264] NN: cost=16900.625657, feasible=true, active_stations=1
[2026-10-06 06:12:23.488] [info] [candidate.cpp:199] InstancePrecompute: built 3 candidates
[2026-10-06 06:12:23.488] [info] [stationary.cpp:264] NN: cost=5032.035483, feasible=true, active_stations=1
[2026-10-06 06:12:23.488] [info] [candidate.cpp:199] InstancePrecompute: built 3 candidates
[2026-10-06 06:12:23.488] [info] [stationary.cpp:264] NN: cost=9446.933163, feasible=true, active_stations=1
[2026-10-06 06:12:23.488] [info] [candidate.cpp:199] InstancePrecompute: built 3 candidates
[2026-10-06 06:12:23.488] [info] [stationary.cpp:264] NN: cost=9776.518717, feasible=true, active_stations=1
[2026-10-06 06:12:23.488] [info] [candidate.cpp:199] InstancePrecompute: built 6 candidates
[2026-10-06 06:12:23.488] [info] [stationary.cpp:264] NN: cost=4616.339201, feasible=true, active_stations=2
[2026-10-06 06:12:23.488] [info] [candidate.cpp:199] InstancePrecompute: built 3 candidates
[2026-10-06 06:12:23.488] [info] [stationary.cpp:264] NN: cost=950.764108, feasible=true, active_stations=1
[2026-10-06 06:12:23.488] [info] [candidate.cpp:199] InstancePrecompute: built 3 candidates
[2026-10-06 06:12:23.488] [info] [stationary.cpp:264] NN: cost=1099.674921, feasible=true, active_stations=1
[2026-10-06 06:12:23.488] [info] [candidate.cpp:199] InstancePrecompute: built 3 candidates
[2026-10-06 06:12:23.488] [info] [stationary.cpp:264] NN: cost=1426.412072, feasible=true, active_stations=1
[2026-10-06 06:12:23.488] [info] [candidate.cpp:199] InstancePrecompute: built 3 candidates
[2026-10-06 06:12:23.488] [info] [stationary.cpp:264] NN: cost=11310.689518, feasible=true, active_stations=1
[2026-10-06 06:12:23.488] [info] [candidate.cpp:199] InstancePrecompute: built 3 candidates
[2026-10-06 06:12:23.488] [info] [stationary.cpp:264] NN: cost=16900.625657, feasible=true, active_stations=1
[2026-10-06 06:12:23.488] [info] [candidate.cpp:199] InstancePrecompute: built 3 candidates
[2026-10-06 06:12:23.488] [info] [stationary.cpp:264] NN: cost=5032.035483, feasible=true, active_stations=1
[2026-10-06 06:12:23.488] [info] [candidate.cpp:199] InstancePrecompute: built 3 candidates
[2026-10-06 06:12:23.488] [info] [stationary.cpp:264] NN: cost=9446.933163, feasible=true, active_stations=1
[2026-10-06 06:12:23.488] [info] [candidate.cpp:199] InstancePrecompute: built 3 candidates
[2026-10-06 06:12:23.488] [info] [stationary.cpp:264] NN: cost=9776.518717, feasible=true, active_stations=1
[2026-10-06 06:12:23.488] [info] [candidate.cpp:199] InstancePrecompute: built 6 candidates
[2026-10-06 06:12:23.488] [info] [stationary.cpp:264] NN: cost=4616.339201, feasible=true, active_stations=2
[2026-10-06 06:12:23.488] [info] [candidate.cpp:199] InstancePrecompute: built 3 candidates
[2026-10-06 06:12:23.488] [info] [stationary.cpp:264] NN: cost=950.764108, feasible=true, active_stations=1
[2026-10-06 06:12:23.488] [info] [candidate.cpp:199] InstancePrecompute: built 3 candidates
[2026-10-06 06:12:23.488] [info] [stationary.cpp:264] NN: cost=1099.674921, feasible=true, active_stations=1
[2026-10-06 06:12:23.488] [info] [candidate.cpp:199] InstancePrecompute: built 3 candidates
[2026-10-06 06:12:23.488] [info] [stationary.cpp:264] NN: cost=1426.412072, feasible=true, active_stations=1
[2026-10-06 06:12:23.488] [info] [candidate.cpp:199] InstancePrecompute: built 3 candidates
[2026-10-06 06:12:23.488] [info] [stationary.cpp:264] NN: cost=11310.689518, feasible=true, active_stations=1
[2026-10-06 06:12:23.488] [info] [candidate.cpp:199] InstancePrecompute: built 3 candidates
[2026-10-06 06:12:23.488] [info] [stationary.cpp:264] NN: cost=16900.625657, feasible=true, active_stations=1
[2026-10-06 06:12:23.488] [info] [candidate.cpp:199] InstancePrecompute: built 3 candidates
[2026-10-06 06:12:23.488] [info] [stationary.cpp:264] NN: cost=5032.035483, feasible=true, active_stations=1
[2026-10-06 06:12:23.488] [info] [candidate.cpp:199] InstancePrecompute: built 3 candidates
[2026-10-06 06:12:23.488] [info] [stationary.cpp:264] NN: cost=9446.933163, feasible=true, active_stations=1
[2026-10-06 06:12:23.488] [info] [candidate.cpp:199] InstancePrecompute: built 3 candidates
[2026-10-06 06:12:23.488] [info] [stationary.cpp:264] NN: cost=9776.518717, feasible=true, active_stations=1
[2026-10-06 06:12:23.488] [info] [candidate.cpp:199] InstancePrecompute: built 6 candidates
[2026-10-06 06:12:23.488] [info] [stationary.cpp:264] NN: cost=4616.339201, feasible=true, active_stations=2
[2026-10-06 06:12:23.488] [info] [candidate.cpp:199] InstancePrecompute: built 3 candidates
[2026-10-06 06:12:23.488] [info] [stationary.cpp:264] NN: cost=950.764108, feasible=true, active_stations=1
[2026-10-06 06:12:23.488] [info] [candidate.cpp:199] InstancePrecompute: built 3 candidates
[2026-10-06 06:12:23.488] [info] [stationary.cpp:264] NN: cost=1099.674921, feasible=true, active_stations=1
[2026-10-06 06:12:23.488] [info] [candidate.cpp:199] InstancePrecompute: built 3 candidates
[2026-10-06 06:12:23.488] [info] [stationary.cpp:264] NN: cost=1426.412072, feasible=true, active_stations=1
[2026-10-06 06:12:23.488] [info] [candidate.cpp:199] InstancePrecompute: built 3 candidates
[2026-10-06 06:12:23.488] [info] [stationary.cpp:264] NN: cost=11310.689518, feasible=true, active_stations=1
[2026-10-06 06:12:23.488] [info] [candidate.cpp:199] InstancePrecompute: built 3 candidates
[2026-10-06 06:12:23.488] [info] [stationary.cpp:264] NN: cost=16900.625657, feasible=true, active_stations=1
[2026-10-06 06:12:23.488] [info] [candidate.cpp:199] InstancePrecompute: built 3 candidates
[2026-10-06 06:12:23.488] [info] [stationary.cpp:264] NN: cost=5032.035483, feasible=true, active_stations=1
[2026-10-06 06:12:23.488] [info] [candidate.cpp:199] InstancePrecompute: built 3 candidates
[2026-10-06 06:12:23.488] [info] [stationary.cpp:264] NN: cost=9446.933163, feasible=true, active_stations=1
[2026-10-06 06:12:23.488] [info] [candidate.cpp:199] InstancePrecompute: built 3 candidates
[2026-10-06 06:12:23.488] [info] [stationary.cpp:264] NN: cost=9776.518717, feasible=true, active_stations=1
[2026-10-06 06:12:23.488] [info] [candidate.cpp:199] InstancePrecompute: built 6 candidates
[2026-10-06 06:12:23.488] [info] [stationary.cpp:264] NN: cost=4616.339201, feasible=true, active_stations=2
[2026-10-06 06:12:23.488] [info] [candidate.cpp:199] InstancePrecompute: built 3 candidates
[2026-10-06 06:12:23.488] [info] [stationary.cpp:264] NN: cost=950.764108, feasible=true, active_stations=1
[2026-10-06 06:12:23.488] [info] [candidate.cpp:199] InstancePrecompute: built 3 candidates
[2026-10-06 06:12:23.488] [info] [stationary.cpp:264] NN: cost=1099.674921, feasible=true, active_stations=1
[2026-10-06 06:12:23.488] [info] [candidate.cpp:199] InstancePrecompute: built 3 candidates
[2026-10-06 06:12:23.488] [info] [stationary.cpp:264] NN: cost=1426.412072, feasible=true, active_stations=1
[2026-10-06 06:12:23.488] [info] [candidate.cpp:199] InstancePrecompute: built 3 candidates
[2026-10-06 06:12:23.488] [info] [stationary.cpp:264] NN: cost=11310.689518, feasible=true, active_stations=1
[2026-10-06 06:12:23.488] [info] [candidate.cpp:199] InstancePrecompute: built 3 candidates
[2026-10-06 06:12:23.488] [info] [stationary.cpp:264] NN: cost=16900.625657, feasible=true, active_stations=1
[2026-10-06 06:12:23.488] [info] [candidate.cpp:199] InstancePrecompute: built 3 candidates
[2026-10-06 06:12:23.488] [info] [stationary.cpp:264] NN: cost=5032.035483, feasible=true, active_stations=1
[2026-10-06 06:12:23.488] [info] [candidate.cpp:199] InstancePrecompute: built 3 candidates
[2026-10-06 06:12:23.488] [info] [stationary.cpp:264] NN: cost=9446.933163, feasible=true, active_stations=1
[2026-10-06 06:12:23.488] [info] [candidate.cpp:199] InstancePrecompute: built 3 candidates
[2026-10-06 06:12:23.488] [info] [stationary.cpp:264] NN: cost=9776.518717, feasible=true, active_stations=1
[2026-10-06 06:12:23.488] [info] [candidate.cpp:199] InstancePrecompute: built 3 candidates
[2026-10-06 06:12:23.488] [info] [stationary.cpp:264] NN: cost=1763.496714, feasible=true, active_stations=1
[2026-10-06 06:12:23.488] [info] [candidate.cpp:199] InstancePrecompute: built 3 candidates
[2026-10-06 06:12:23.488] [info] [stationary.cpp:264] NN: cost=2852.842487, feasible=true, active_stations=1
[2026-10-06 06:12:23.488] [info] [candidate.cpp:199] InstancePrecompute: built 3 candidates
[2026-10-06 06:12:23.488] [info] [stationary.cpp:264] NN: cost=950.764108, feasible=true, active_stations=1
[2026-10-06 06:12:23.488] [info] [candidate.cpp:199] InstancePrecompute: built 3 candidates
[2026-10-06 06:12:23.488] [info] [stationary.cpp:264] NN: cost=1099.674921, feasible=true, active_stations=1
[2026-10-06 06:12:23.488] [info] [candidate.cpp:199] InstancePrecompute: built 3 candidates
[2026-10-06 06:12:23.488] [info] [stationary.cpp:264] NN: cost=1426.412072, feasible=true, active_stations=1
[2026-10-06 06:12:23.488] [info] [candidate.cpp:199] InstancePrecompute: built 3 candidates
[2026-10-06 06:12:23.488] [info] [stationary.cpp:264] NN: cost=11310.689518, feasible=true, active_stations=1
[2026-10-06 06:12:23.488] [info] [candidate.cpp:199] InstancePrecompute: built 3 candidates
[2026-10-06 06:12:23.488] [info] [stationary.cpp:264] NN: cost=16900.625657, feasible=true, active_stations=1
[2026-10-06 06:12:23.488] [info] [candidate.cpp:199] InstancePrecompute: built 3 candidates
[2026-10-06 06:12:23.488] [info] [stationary.cpp:264] NN: cost=5032.035483, feasible=true, active_stations=1
[2026-10-06 06:12:23.488] [info] [candidate.cpp:199] InstancePrecompute: built 3 candidates
[2026-10-06 06:12:23.488] [info] [stationary.cpp:264] NN: cost=9446.933163, feasible=true, active_stations=1
[2026-10-06 06:12:23.488] [info] [candidate.cpp:199] InstancePrecompute: built 3 candidates
[2026-10-06 06:12:23.488] [info] [stationary.cpp:264] NN: cost=9776.518717, feasible=true, active_stations=1
[2026-10-06 06:12:23.488] [info] [candidate.cpp:199] InstancePrecompute: built 3 candidates
[2026-10-06 06:12:23.488] [info] [stationary.cpp:264] NN: cost=1763.496714, feasible=true, active_stations=1
[2026-10-06 06:12:23.488] [info] [candidate.cpp:199] InstancePrecompute: built 3 candidates
[2026-10-06 06:12:23.488] [info] [stationary.cpp:264] NN: cost=2852.842487, feasible=true, active_stations=1
[2026-10-06 06:12:23.488] [info] [candidate.cpp:199] InstancePrecompute: built 3 candidates
[2026-10-06 06:12:23.488] [info] [stationary.cpp:264] NN: cost=950.764108, feasible=true, active_stations=1
[2026-10-06 06:12:23.488] [info] [candidate.cpp:199] InstancePrecompute: built 3 candidates
[2026-10-06 06:12:23.488] [info] [stationary.cpp:264] NN: cost=1099.674921, feasible=true, active_stations=1
[2026-10-06 06:12:23.488] [info] [candidate.cpp:199] InstancePrecompute: built 3 candidates
[2026-10-06 06:12:23.488] [info] [stationary.cpp:264] NN: cost=1426.412072, feasible=true, active_stations=1
[2026-10-06 06:12:23.488] [info] [candidate.cpp:199] InstancePrecompute: built 3 candidates
[2026-10-06 06:12:23.488] [info] [stationary.cpp:264] NN: cost=11310.689518, feasible=true, active_stations=1
[2026-10-06 06:12:23.488] [info] [candidate.cpp:199] InstancePrecompute: built 3 candidates
[2026-10-06 06:12:23.488] [info] [stationary.cpp:264] NN: cost=16900.625657, feasible=true, active_stations=1
[2026-10-06 06:12:23.488] [info] [candidate.cpp:199] InstancePrecompute: built 3 candidates
[2026-10-06 06:12:23.488] [info] [stationary.cpp:264] NN: cost=5032.035483, feasible=true, active_stations=1
[2026-10-06 06:12:23.488] [info] [candidate.cpp:199] InstancePrecompute: built 3 candidates
[2026-10-06 06:12:23.488] [info] [stationary.cpp:264] NN: cost=9446.933163, feasible=true, active_stations=1
[2026-10-06 06:12:23.488] [info] [candidate.cpp:199] InstancePrecompute: built 3 candidates
[2026-10-06 06:12:23.488] [info] [stationary.cpp:264] NN: cost=9776.518717, feasible=true, active_stations=1
[2026-10-06 06:12:23.488] [info] [candidate.cpp:199] InstancePrecompute: built 3 candidates
[2026-10-06 06:12:23.488] [info] [stationary.cpp:264] NN: cost=1763.496714, feasible=true, active_stations=1
[2026-10-06 06:12:23.488] [info] [candidate.cpp:199] InstancePrecompute: built 3 candidates
[2026-10-06 06:12:23.488] [info] [stationary.cpp:264] NN: cost=2852.842487, feasible=true, active_stations=1
[2026-10-06 06:12:23.488] [info] [candidate.cpp:199] InstancePrecompute: built 3 candidates
[2026-10-06 06:12:23.488] [info] [stationary.cpp:264] NN: cost=950.764108, feasible=true, active_stations=1
[2026-10-06 06:12:23.488] [info] [candidate.cpp:199] InstancePrecompute: built 3 candidates
[2026-10-06 06:12:23.488] [info] [stationary.cpp:264] NN: cost=1099.674921, feasible=true, active_stations=1
[2026-10-06 06:12:23.488] [info] [candidate.cpp:199] InstancePrecompute: built 3 candidates
[2026-10-06 06:12:23.488] [info] [stationary.cpp:264] NN: cost=1426.412072, feasible=true, active_stations=1
[2026-10-06 06:12:23.488] [info] [candidate.cpp:199] InstancePrecompute: built 3 candidates
[2026-10-06 06:12:23.488] [info] [stationary.cpp:264] NN: cost=11310.689518, feasible=true, active_stations=1
[2026-10-06 06:12:23.488] [info] [candidate.cpp:199] InstancePrecompute: built 3 candidates
[2026-10-06 06:12:23.488] [info] [stationary.cpp:264] NN: cost=16900.625657, feasible=true, active_stations=1
[2026-10-06 06:12:23.488] [info] [candidate.cpp:199] InstancePrecompute: built 3 candidates
[2026-10-06 06:12:23.488] [info] [stationary.cpp:264] NN: cost=5032.035483, feasible=true, active_stations=1
[2026-10-06 06:12:23.488] [info] [candidate.cpp:199] InstancePrecompute: built 3 candidates
[2026-10-06 06:12:23.488] [info] [stationary.cpp:264] NN: cost=9446.933163, feasible=true, active_stations=1
[2026-10-06 06:12:23.488] [info] [candidate.cpp:199] InstancePrecompute: built 3 candidates
[2026-10-06 06:12:23.488] [info] [stationary.cpp:264] NN: cost=9776.518717, feasible=true, active_stations=1
[2026-10-06 06:12:23.488] [info] [candidate.cpp:199] InstancePrecompute: built 3 candidates
[2026-10-06 06:12:23.488] [info] [stationary.cpp:264] NN: cost=1763.496714, feasible=true, active_stations=1
[2026-10-06 06:12:23.488] [info] [candidate.cpp:199] InstancePrecompute: built 3 candidates
[2026-10-06 06:12:23.488] [info] [stationary.cpp:264] NN: cost=2852.842487, feasible=true, active_stations=1
[2026-10-06 06:12:23.488] [info] [candidate.cpp:199] InstancePrecompute: built 3 candidates
[2026-10-06 06:12:23.488] [info] [stationary.cpp:264] NN: cost=950.764108, feasible=true, active_stations=1
[2026-10-06 06:12:23.488] [info] [candidate.cpp:199] InstancePrecompute: built 3 candidates
[2026-10-06 06:12:23.488] [info] [stationary.cpp:264] NN: cost=1099.674921, feasible=true, active_stations=1
[2026-10-06 06:12:23.488] [info] [candidate.cpp:199] InstancePrecompute: built 3 candidates
[2026-10-06 06:12:23.488] [info] [stationary.cpp:264] NN: cost=1426.412072, feasible=true, active_stations=1
[2026-10-06 06:12:23.488] [info] [candidate.cpp:199] InstancePrecompute: built 3 candidates
[2026-10-06 06:12:23.488] [info] [stationary.cpp:264] NN: cost=11310.689518, feasible=true, active_stations=1
[2026-10-06 06:12:23.488] [info] [candidate.cpp:199] InstancePrecompute: built 3 candidates
[2026-10-06 06:12:23.488] [info] [stationary.cpp:264] NN: cost=16900.625657, feasible=true, active_stations=1
[2026-10-06 06:12:23.488] [info] [candidate.cpp:199] InstancePrecompute: built 3 candidates
[2026-10-06 06:12:23.488] [info] [stationary.cpp:264] NN: cost=5032.035483, feasible=true, active_stations=1
[2026-10-06 06:12:23.488] [info] [candidate.cpp:199] InstancePrecompute: built 3 candidates
[2026-10-06 06:12:23.488] [info] [stationary.cpp:264] NN: cost=9446.933163, feasible=true, active_stations=1
[2026-10-06 06:12:23.488] [info] [candidate.cpp:199] InstancePrecompute: built 3 candidates
[2026-10-06 06:12:23.488] [info] [stationary.cpp:264] NN: cost=9776.518717, feasible=true, active_stations=1
[2026-10-06 06:12:23.488] [info] [candidate.cpp:199] InstancePrecompute: built 3 candidates
[2026-10-06 06:12:23.488] [info] [stationary.cpp:264] NN: cost=1763.496714, feasible=true, active_stations=1
[2026-10-06 06:12:23.488] [info] [candidate.cpp:199] InstancePrecompute: built 3 candidates
[2026-10-06 06:12:23.488] [info] [stationary.cpp:264] NN: cost=2852.842487, feasible=true, active_stations=1
[2026-10-06 06:12:23.488] [info] [candidate.cpp:199] InstancePrecompute: built 3 candidates
[2026-10-06 06:12:23.488] [info] [stationary.cpp:264] NN: cost=950.764108, feasible=true, active_stations=1
[2026-10-06 06:12:23.488] [info] [candidate.cpp:199] InstancePrecompute: built 3 candidates
[2026-10-06 06:12:23.488] [info] [stationary.cpp:264] NN: cost=1099.674921, feasible=true, active_stations=1
[2026-10-06 06:12:23.488] [info] [candidate.cpp:199] InstancePrecompute: built 3 candidates
[2026-10-06 06:12:23.488] [info] [stationary.cpp:264] NN: cost=1426.412072, feasible=true, active_stations=1
[2026-10-06 06:12:23.488] [info] [candidate.cpp:199] InstancePrecompute: built 3 candidates
[2026-10-06 06:12:23.488] [info] [stationary.cpp:264] NN: cost=11310.689518, feasible=true, active_stations=1
[2026-10-06 06:12:23.488] [info] [candidate.cpp:199] InstancePrecompute: built 3 candidates
[2026-10-06 06:12:23.488] [info] [stationary.cpp:264] NN: cost=16900.625657, feasible=true, active_stations=1
[2026-10-06 06:12:23.488] [info] [candidate.cpp:199] InstancePrecompute: built 3 candidates
[2026-10-06 06:12:23.488] [info] [stationary.cpp:264] NN: cost=5032.035483, feasible=true, active_stations=1
[2026-10-06 06:12:23.488] [info] [candidate.cpp:199] InstancePrecompute: built 3 candidates
[2026-10-06 06:12:23.488] [info] [stationary.cpp:264] NN: cost=9446.933163, feasible=true, active_stations=1
[2026-10-06 06:12:23.488] [info] [candidate.cpp:199] InstancePrecompute: built 3 candidates
[2026-10-06 06:12:23.488] [info] [stationary.cpp:264] NN: cost=9776.518717, feasible=true, active_stations=1
[2026-10-06 06:12:23.488] [info] [candidate.cpp:199] InstancePrecompute: built 3 candidates
[2026-10-06 06:12:23.488] [info] [stationary.cpp:264] NN: cost=1763.496714, feasible=true, active_stations=1
[2026-10-06 06:12:23.488] [info] [candidate.cpp:199] InstancePrecompute: built 3 candidates
[2026-10-06 06:12:23.488] [info] [stationary.cpp:264] NN: cost=2852.842487, feasible=true, active_stations=1
[2026-10-06 06:12:23.488] [info] [candidate.cpp:199] InstancePrecompute: built 3 candidates
[2026-10-06 06:12:23.488] [info] [stationary.cpp:264] NN: cost=950.764108, feasible=true, active_stations=1
[2026-10-06 06:12:23.488] [info] [candidate.cpp:199] InstancePrecompute: built 3 candidates
[2026-10-06 06:12:23.488] [info] [stationary.cpp:264] NN: cost=1099.674921, feasible=true, active_stations=1
[2026-10-06 06:12:23.488] [info] [candidate.cpp:199] InstancePrecompute: built 3 candidates
[2026-10-06 06:12:23.488] [info] [stationary.cpp:264] NN: cost=1426.412072, feasible=true, active_stations=1
[2026-10-06 06:12:23.488] [info] [candidate.cpp:199] InstancePrecompute: built 3 candidates
[2026-10-06 06:12:23.488] [info] [stationary.cpp:264] NN: cost=11310.689518, feasible=true, active_stations=1
[2026-10-06 06:12:23.488] [info] [candidate.cpp:199] InstancePrecompute: built 3 candidates
[2026-10-06 06:12:23.488] [info] [stationary.cpp:264] NN: cost=16900.625657, feasible=true, active_stations=1
[2026-10-06 06:12:23.488] [info] [candidate.cpp:199] InstancePrecompute: built 3 candidates
[2026-10-06 06:12:23.488] [info] [stationary.cpp:264] NN: cost=5032.035483, feasible=true, active_stations=1
[2026-10-06 06:12:23.488] [info] [candidate.cpp:199] InstancePrecompute: built 3 candidates
[2026-10-06 06:12:23.488] [info] [stationary.cpp:264] NN: cost=9446.933163, feasible=true, active_stations=1
[2026-10-06 06:12:23.488] [info] [candidate.cpp:199] InstancePrecompute: built 3 candidates
[2026-10-06 06:12:23.488] [info] [stationary.cpp:264] NN: cost=9776.518717, feasible=true, active_stations=1
[2026-10-06 06:12:23.488] [info] [candidate.cpp:199] InstancePrecompute: built 3 candidates
[2026-10-06 06:12:23.488] [info] [stationary.cpp:264] NN: cost=1763.496714, feasible=true, active_stations=1
[2026-10-06 06:12:23.488] [info] [candidate.cpp:199] InstancePrecompute: built 3 candidates
[2026-10-06 06:12:23.488] [info] [stationary.cpp:264] NN: cost=2852.842487, feasible=true, active_stations=1
[2026-10-06 06:12:23.488] [info] [candidate.cpp:199] InstancePrecompute: built 3 candidates
[2026-10-06 06:12:23.488] [info] [stationary.cpp:264] NN: cost=950.764108, feasible=true, active_stations=1
[2026-10-06 06:12:23.488] [info] [candidate.cpp:199] InstancePrecompute: built 3 candidates
[2026-10-06 06:12:23.488] [info] [stationary.cpp:264] NN: cost=1099.674921, feasible=true, active_stations=1
[2026-10-06 06:12:23.488] [info] [candidate.cpp:199] InstancePrecompute: built 3 candidates
[2026-10-06 06:12:23.488] [info] [stationary.cpp:264] NN: cost=1426.412072, feasible=true, active_stations=1
[2026-10-06 06:12:23.488] [info] [candidate.cpp:199] InstancePrecompute: built 3 candidates
[2026-10-06 06:12:23.488] [info] [stationary.cpp:264] NN: cost=11310.689518, feasible=true, active_stations=1
[2026-10-06 06:12:23.488] [info] [candidate.cpp:199] InstancePrecompute: built 3 candidates
[2026-10-06 06:12:23.488] [info] [stationary.cpp:264] NN: cost=16900.625657, feasible=true, active_stations=1
[2026-10-06 06:12:23.488] [info] [candidate.cpp:199] InstancePrecompute: built 3 candidates
[2026-10-06 06:12:23.488] [info] [stationary.cpp:264] NN: cost=5032.035483, feasible=true, active_stations=1
[2026-10-06 06:12:23.488] [info] [candidate.cpp:199] InstancePrecompute: built 3 candidates
[2026-10-06 06:12:23.488] [info] [stationary.cpp:264] NN: cost=9446.933163, feasible=true, active_stations=1
[2026-10-06 06:12:23.488] [info] [candidate.cpp:199] InstancePrecompute: built 3 candidates
[2026-10-06 06:12:23.488] [info] [stationary.cpp:264] NN: cost=9776.518717, feasible=true, active_stations=1
[2026-10-06 06:12:23.488] [info] [candidate.cpp:199] InstancePrecompute: built 3 candidates
[2026-10-06 06:12:23.488] [info] [stationary.cpp:264] NN: cost=1763.496714, feasible=true, active_stations=1
[2026-10-06 06:12:23.488] [info] [candidate.cpp:199] InstancePrecompute: built 6 candidates
[2026-10-06 06:12:23.488] [info] [stationary.cpp:264] NN: cost=2852.842487, feasible=true, active_stations=1
[2026-10-06 06:12:23.488] [info] [candidate.cpp:199] InstancePrecompute: built 3 candidates
[2026-10-06 06:12:23.488] [info] [stationary.cpp:264] NN: cost=1099.674921, feasible=true, active_stations=1
[2026-10-06 06:12:23.488] [info] [candidate.cpp:199] InstancePrecompute: built 3 candidates
[2026-10-06 06:12:23.488] [info] [stationary.cpp:264] NN: cost=1426.412072, feasible=true, active_stations=1
[2026-10-06 06:12:23.488] [info] [candidate.cpp:199] InstancePrecompute: built 3 candidates
[2026-10-06 06:12:23.488] [info] [stationary.cpp:264] NN: cost=11310.689518, feasible=true, active_stations=1
[2026-10-06 06:12:23.488] [info] [candidate.cpp:199] InstancePrecompute: built 3 candidates
[2026-10-06 06:12:23.488] [info] [stationary.cpp:264] NN: cost=16900.625657, feasible=true, active_stations=1
[2026-10-06 06:12:23.488] [info] [candidate.cpp:199] InstancePrecompute: built 3 candidates
[2026-10-06 06:12:23.488] [info] [stationary.cpp:264] NN: cost=5032.035483, feasible=true, active_stations=1
[2026-10-06 06:12:23.488] [info] [candidate.cpp:199] InstancePrecompute: built 3 candidates
[2026-10-06 06:12:23.488] [info] [stationary.cpp:264] NN: cost=9446.933163, feasible=true, active_stations=1
[2026-10-06 06:12:23.488] [info] [candidate.cpp:199] InstancePrecompute: built 3 candidates
[2026-10-06 06:12:23.488] [info] [stationary.cpp:264] NN: cost=9776.518717, feasible=true, active_stations=1
[2026-10-06 06:12:23.488] [info] [candidate.cpp:199] InstancePrecompute: built 3 candidates
[2026-10-06 06:12:23.488] [info] [stationary.cpp:264] NN: cost=1763.496714, feasible=true, active_stations=1
[2026-10-06 06:12:23.488] [info] [candidate.cpp:199] InstancePrecompute: built 6 candidates
[2026-10-06 06:12:23.488] [info] [stationary.cpp:264] NN: cost=2852.842487, feasible=true, active_stations=1
[2026-10-06 06:12:23.488] [info] [candidate.cpp:199] InstancePrecompute: built 3 candidates
[2026-10-06 06:12:23.488] [info] [stationary.cpp:264] NN: cost=1099.674921, feasible=true, active_stations=1
[2026-10-06 06:12:23.488] [info] [candidate.cpp:199] InstancePrecompute: built 3 candidates
[2026-10-06 06:12:23.488] [info] [stationary.cpp:264] NN: cost=1426.412072, feasible=true, active_stations=1
[2026-10-06 06:12:23.488] [info] [candidate.cpp:199] InstancePrecompute: built 3 candidates
[2026-10-06 06:12:23.488] [info] [stationary.cpp:264] NN: cost=11310.689518, feasible=true, active_stations=1
[2026-10-06 06:12:23.488] [info] [candidate.cpp:199] InstancePrecompute: built 3 candidates
[2026-10-06 06:12:23.488] [info] [stationary.cpp:264] NN: cost=16900.625657, feasible=true, active_stations=1
[2026-10-06 06:12:23.488] [info] [candidate.cpp:199] InstancePrecompute: built 3 candidates
[2026-10-06 06:12:23.488] [info] [stationary.cpp:264] NN: cost=5032.035483, feasible=true, active_stations=1
[2026-10-06 06:12:23.488] [info] [candidate.cpp:199] InstancePrecompute: built 3 candidates
[2026-10-06 06:12:23.488] [info] [stationary.cpp:264] NN: cost=9446.933163, feasible=true, active_stations=1
[2026-10-06 06:12:23.488] [info] [candidate.cpp:199] InstancePrecompute: built 3 candidates
[2026-10-06 06:12:23.488] [info] [stationary.cpp:264] NN: cost=9776.518717, feasible=true, active_stations=1
[2026-10-06 06:12:23.488] [info] [candidate.cpp:199] InstancePrecompute: built 3 candidates
[2026-10-06 06:12:23.488] [info] [stationary.cpp:264] NN: cost=1763.496714, feasible=true, active_stations=1
[2026-10-06 06:12:23.488] [info] [candidate.cpp:199] InstancePrecompute: built 3 candidates
[2026-10-06 06:12:23.488] [info] [stationary.cpp:264] NN: cost=2852.842487, feasible=true, active_stations=1
[2026-10-06 06:12:23.488] [info] [candidate.cpp:199] InstancePrecompute: built 3 candidates
[2026-10-06 06:12:23.488] [info] [stationary.cpp:264] NN: cost=950.764108, feasible=true, active_stations=1
[2026-10-06 06:12:23.488] [info] [candidate.cpp:199] InstancePrecompute: built 3 candidates
[2026-10-06 06:12:23.488] [info] [stationary.cpp:264] NN: cost=1099.674921, feasible=true, active_stations=1
[2026-10-06 06:12:23.488] [info] [candidate.cpp:199] InstancePrecompute: built 3 candidates
[2026-10-06 06:12:23.488] [info] [stationary.cpp:264] NN: cost=1426.412072, feasible=true, active_stations=1
[2026-10-06 06:12:23.488] [info] [candidate.cpp:199] InstancePrecompute: built 3 candidates
[2026-10-06 06:12:23.488] [info] [stationary.cpp:264] NN: cost=11310.689518, feasible=true, active_stations=1
[2026-10-06 06:12:23.488] [info] [candidate.cpp:199] InstancePrecompute: built 3 candidates
[2026-10-06 06:12:23.488] [info] [stationary.cpp:264] NN: cost=16900.625657, feasible=true, active_stations=1
[2026-10-06 06:12:23.488] [info] [candidate.cpp:199] InstancePrecompute: built 3 candidates
[2026-10-06 06:12:23.488] [info] [stationary.cpp:264] NN: cost=5032.035483, feasible=true, active_stations=1
[2026-10-06 06:12:23.488] [info] [candidate.cpp:199] InstancePrecompute: built 3 candidates
[2026-10-06 06:12:23.488] [info] [stationary.cpp:264] NN: cost=9446.933163, feasible=true, active_stations=1
[2026-10-06 06:12:23.488] [info] [candidate.cpp:199] InstancePrecompute: built 3 candidates
[2026-10-06 06:12:23.488] [info] [stationary.cpp:264] NN: cost=9776.518717, feasible=true, active_stations=1
[2026-10-06 06:12:23.488] [info] [candidate.cpp:199] InstancePrecompute: built 3 candidates
[2026-10-06 06:12:23.488] [info] [stationary.cpp:264] NN: cost=1763.496714, feasible=true, active_stations=1
[2026-10-06 06:12:23.488] [info] [candidate.cpp:199] InstancePrecompute: built 3 candidates
[2026-10-06 06:12:23.488] [info] [stationary.cpp:264] NN: cost=2852.842487, feasible=true, active_stations=1
[2026-10-06 06:12:23.488] [info] [candidate.cpp:199] InstancePrecompute: built 3 candidates
[2026-10-06 06:12:23.488] [info] [stationary.cpp:264] NN: cost=950.764108, feasible=true, active_stations=1
[2026-10-06 06:12:23.488] [info] [candidate.cpp:199] InstancePrecompute: built 3 candidates
[2026-10-06 06:12:23.488] [info] [stationary.cpp:264] NN: cost=1099.674921, feasible=true, active_stations=1
[2026-10-06 06:12:23.488] [info] [candidate.cpp:199] InstancePrecompute: built 3 candidates
[2026-10-06 06:12:23.488] [info] [stationary.cpp:264] NN: cost=1426.412072, feasible=true, active_stations=1
[2026-10-06 06:12:23.488] [info] [candidate.cpp:199] InstancePrecompute: built 3 candidates
[2026-10-06 06:12:23.488] [info] [stationary.cpp:264] NN: cost=11310.689518, feasible=true, active_stations=1
[2026-10-06 06:12:23.488] [info] [candidate.cpp:199] InstancePrecompute: built 3 candidates
[2026-10-06 06:12:23.488] [info] [stationary.cpp:264] NN: cost=16900.625657, feasible=true, active_stations=1
[2026-10-06 06:12:23.488] [info] [candidate.cpp:199] InstancePrecompute: built 3 candidates
[2026-10-06 06:12:23.488] [info] [stationary.cpp:264] NN: cost=5032.035483, feasible=true, active_stations=1
[2026-10-06 06:12:23.488] [info] [candidate.cpp:199] InstancePrecompute: built 3 candidates
[2026-10-06 06:12:23.488] [info] [stationary.cpp:264] NN: cost=9446.933163, feasible=true, active_stations=1
[2026-10-06 06:12:23.488] [info] [candidate.cpp:199] InstancePrecompute: built 3 candidates
[2026-10-06 06:12:23.488] [info] [stationary.cpp:264] NN: cost=9776.518717, feasible=true, active_stations=1
[2026-10-06 06:12:23.488] [info] [candidate.cpp:199] InstancePrecompute: built 3 candidates
[2026-10-06 06:12:23.488] [info] [stationary.cpp:264] NN: cost=1763.496714, feasible=true, active_stations=1
[2026-10-06 06:12:23.488] [info] [candidate.cpp:199] InstancePrecompute: built 3 candidates
[2026-10-06 06:12:23.488] [info] [stationary.cpp:264] NN: cost=2852.842487, feasible=true, active_stations=1
[2026-10-06 06:12:23.488] [info] [candidate.cpp:199] InstancePrecompute: built 3 candidates
[2026-10-06 06:12:23.488] [info] [stationary.cpp:264] NN: cost=950.764108, feasible=true, active_stations=1
[2026-10-06 06:12:23.488] [info] [candidate.cpp:199] InstancePrecompute: built 3 candidates
[2026-10-06 06:12:23.488] [info] [stationary.cpp:264] NN: cost=1099.674921, feasible=true, active_stations=1
[2026-10-06 06:12:23.488] [info] [candidate.cpp:199] InstancePrecompute: built 3 candidates
[2026-10-06 06:12:23.488] [info] [stationary.cpp:264] NN: cost=1426.412072, feasible=true, active_stations=1
[2026-10-06 06:12:23.488] [info] [candidate.cpp:199] InstancePrecompute: built 3 candidates
[2026-10-06 06:12:23.488] [info] [stationary.cpp:264] NN: cost=11310.689518, feasible=true, active_stations=1
[2026-10-06 06:12:23.488] [info] [candidate.cpp:199] InstancePrecompute: built 3 candidates
[2026-10-06 06:12:23.488] [info] [stationary.cpp:264] NN: cost=16900.625657, feasible=true, active_stations=1
[2026-10-06 06:12:23.488] [info] [candidate.cpp:199] InstancePrecompute: built 3 candidates
[2026-10-06 06:12:23.488] [info] [stationary.cpp:264] NN: cost=5032.035483, feasible=true, active_stations=1
[2026-10-06 06:12:23.488] [info] [candidate.cpp:199] InstancePrecompute: built 3 candidates
[2026-10-06 06:12:23.488] [info] [stationary.cpp:264] NN: cost=9446.933163, feasible=true, active_stations=1
[2026-10-06 06:12:23.488] [info] [candidate.cpp:199] InstancePrecompute: built 3 candidates
[2026-10-06 06:12:23.488] [info] [stationary.cpp:264] NN: cost=9776.518717, feasible=true, active_stations=1
[2026-10-06 06:12:23.488] [info] [candidate.cpp:199] InstancePrecompute: built 3 candidates
[2026-10-06 06:12:23.488] [info] [stationary.cpp:264] NN: cost=1763.496714, feasible=true, active_stations=1
[2026-10-06 06:12:23.488] [info] [candidate.cpp:199] InstancePrecompute: built 3 candidates
[2026-10-06 06:12:23.488] [info] [stationary.cpp:264] NN: cost=2852.842487, feasible=true, active_stations=1
[2026-10-06 06:12:23.488] [info] [candidate.cpp:199] InstancePrecompute: built 3 candidates
[2026-10-06 06:12:23.488] [info] [stationary.cpp:264] NN: cost=950.764108, feasible=true, active_stations=1
[2026-10-06 06:12:23.488] [info] [candidate.cpp:199] InstancePrecompute: built 3 candidates
[2026-10-06 06:12:23.488] [info] [stationary.cpp:264] NN: cost=1099.674921, feasible=true, active_stations=1
[2026-10-06 06:12:23.488] [info] [candidate.cpp:199] InstancePrecompute: built 3 candidates
[2026-10-06 06:12:23.488] [info] [stationary.cpp:264] NN: cost=1426.412072, feasible=true, active_stations=1
[2026-10-06 06:12:23.488] [info] [candidate.cpp:199] InstancePrecompute: built 3 candidates
[2026-10-06 06:12:23.488] [info] [stationary.cpp:264] NN: cost=11310.689518, feasible=true, active_stations=1
[2026-10-06 06:12:23.488] [info] [candidate.cpp:199] InstancePrecompute: built 3 candidates
[2026-10-06 06:12:23.488] [info] [stationary.cpp:264] NN: cost=16900.625657, feasible=true, active_stations=1
[2026-10-06 06:12:23.488] [info] [candidate.cpp:199] InstancePrecompute: built 3 candidates
[2026-10-06 06:12:23.488] [info] [stationary.cpp:264] NN: cost=5032.035483, feasible=true, active_stations=1
[2026-10-06 06:12:23.488] [info] [candidate.cpp:199] InstancePrecompute: built 3 candidates
[2026-10-06 06:12:23.488] [info] [stationary.cpp:264] NN: cost=9446.933163, feasible=true, active_stations=1
[2026-10-06 06:12:23.488] [info] [candidate.cpp:199] InstancePrecompute: built 3 candidates
[2026-10-06 06:12:23.488] [info] [stationary.cpp:264] NN: cost=9776.518717, feasible=true, active_stations=1
[2026-10-06 06:12:23.488] [info] [candidate.cpp:199] InstancePrecompute: built 3 candidates
[2026-10-06 06:12:23.488] [info] [stationary.cpp:264] NN: cost=1763.496714, feasible=true, active_stations=1
[2026-10-06 06:12:23.488] [info] [candidate.cpp:199] InstancePrecompute: built 3 candidates
[2026-10-06 06:12:23.488] [info] [stationary.cpp:264] NN: cost=2852.842487, feasible=true, active_stations=1
[2026-10-06 06:12:23.488] [info] [candidate.cpp:199] InstancePrecompute: built 3 candidates
[2026-10-06 06:12:23.488] [info] [stationary.cpp:264] NN: cost=950.764108, feasible=true, active_stations=1
[2026-10-06 06:12:23.488] [info] [candidate.cpp:199] InstancePrecompute: built 3 candidates
[2026-10-06 06:12:23.488] [info] [stationary.cpp:264] NN: cost=1099.674921, feasible=true, active_stations=1
[2026-10-06 06:12:23.488] [info] [candidate.cpp:199] InstancePrecompute: built 3 candidates
[2026-10-06 06:12:23.488] [info] [stationary.cpp:264] NN: cost=1426.412072, feasible=true, active_stations=1
[2026-10-06 06:12:23.488] [info] [candidate.cpp:199] InstancePrecompute: built 3 candidates
[2026-10-06 06:12:23.488] [info] [stationary.cpp:264] NN: cost=11310.689518, feasible=true, active_stations=1
[2026-10-06 06:12:23.488] [info] [candidate.cpp:199] InstancePrecompute: built 3 candidates
[2026-10-06 06:12:23.488] [info] [stationary.cpp:264] NN: cost=16900.625657, feasible=true, active_stations=1
[2026-10-06 06:12:23.488] [info] [candidate.cpp:199] InstancePrecompute: built 3 candidates
[2026-10-06 06:12:23.488] [info] [stationary.cpp:264] NN: cost=5032.035483, feasible=true, active_stations=1
[2026-10-06 06:12:23.488] [info] [candidate.cpp:199] InstancePrecompute: built 3 candidates
[2026-10-06 06:12:23.488] [info] [stationary.cpp:264] NN: cost=9446.933163, feasible=true, active_stations=1
[2026-10-06 06:12:23.488] [info] [candidate.cpp:199] InstancePrecompute: built 3 candidates
[2026-10-06 06:12:23.488] [info] [stationary.cpp:264] NN: cost=9776.518717, feasible=true, active_stations=1
[2026-10-06 06:12:23.488] [info] [candidate.cpp:199] InstancePrecompute: built 3 candidates
[2026-10-06 06:12:23.488] [info] [stationary.cpp:264] NN: cost=1763.496714, feasible=true, active_stations=1
[2026-10-06 06:12:23.488] [info] [candidate.cpp:199] InstancePrecompute: built 3 candidates
[2026-10-06 06:12:23.488] [info] [stationary.cpp:264] NN: cost=2852.842487, feasible=true, active_stations=1
[2026-10-06 06:12:23.488] [info] [candidate.cpp:199] InstancePrecompute: built 3 candidates
[2026-10-06 06:12:23.488] [info] [stationary.cpp:264] NN: cost=950.764108, feasible=true, active_stations=1
[2026-10-06 06:12:23.488] [info] [candidate.cpp:199] InstancePrecompute: built 3 candidates
[2026-10-06 06:12:23.488] [info] [stationary.cpp:264] NN: cost=1099.674921, feasible=true, active_stations=1
[2026-10-06 06:12:23.488] [info] [candidate.cpp:199] InstancePrecompute: built 3 candidates
[2026-10-06 06:12:23.488] [info] [stationary.cpp:264] NN: cost=1426.412072, feasible=true, active_stations=1
[2026-10-06 06:12:23.488] [info] [candidate.cpp:199] InstancePrecompute: built 3 candidates
[2026-10-06 06:12:23.488] [info] [stationary.cpp:264] NN: cost=11310.689518, feasible=true, active_stations=1
[2026-10-06 06:12:23.488] [info] [candidate.cpp:199] InstancePrecompute: built 3 candidates
[2026-10-06 06:12:23.488] [info] [stationary.cpp:264] NN: cost=16900.625657, feasible=true, active_stations=1
[2026-10-06 06:12:23.488] [info] [candidate.cpp:199] InstancePrecompute: built 3 candidates
[2026-10-06 06:12:23.488] [info] [stationary.cpp:264] NN: cost=5032.035483, feasible=true, active_stations=1
[2026-10-06 06:12:23.488] [info] [candidate.cpp:199] InstancePrecompute: built 3 candidates
[2026-10-06 06:12:23.488] [info] [stationary.cpp:264] NN: cost=9446.933163, feasible=true, active_stations=1
[2026-10-06 06:12:23.488] [info] [candidate.cpp:199] InstancePrecompute: built 3 candidates
[2026-10-06 06:12:23.488] [info] [stationary.cpp:264] NN: cost=9776.518717, feasible=true, active_stations=1
[2026-10-06 06:12:23.488] [info] [candidate.cpp:199] InstancePrecompute: built 3 candidates
[2026-10-06 06:12:23.488] [info] [stationary.cpp:264] NN: cost=1763.496714, feasible=true, active_stations=1
[2026-10-06 06:12:23.488] [info] [candidate.cpp:199] InstancePrecompute: built 3 candidates
[2026-10-06 06:12:23.488] [info] [stationary.cpp:264] NN: cost=2852.842487, feasible=true, active_stations=1
[2026-10-06 06:12:23.488] [info] [candidate.cpp:199] InstancePrecompute: built 3 candidates
[2026-10-06 06:12:23.488] [info] [stationary.cpp:264] NN: cost=950.764108, feasible=true, active_stations=1
[2026-10-06 06:12:23.488] [info] [candidate.cpp:199] InstancePrecompute: built 3 candidates
[2026-10-06 06:12:23.488] [info] [stationary.cpp:264] NN: cost=1099.674921, feasible=true, active_stations=1
[2026-10-06 06:12:23.488] [info] [candidate.cpp:199] InstancePrecompute: built 3 candidates
[2026-10-06 06:12:23.488] [info] [stationary.cpp:264] NN: cost=1426.412072, feasible=true, active_stations=1
[2026-10-06 06:12:23.488] [info] [candidate.cpp:199] InstancePrecompute: built 3 candidates
[2026-10-06 06:12:23.488] [info] [stationary.cpp:264] NN: cost=11310.689518, feasible=true, active_stations=1
[2026-10-06 06:12:23.488] [info] [candidate.cpp:199] InstancePrecompute: built 3 candidates
[2026-10-06 06:12:23.488] [info] [stationary.cpp:264] NN: cost=16900.625657, feasible=true, active_stations=1
[2026-10-06 06:12:23.488] [info] [candidate.cpp:199] InstancePrecompute: built 3 candidates
[2026-10-06 06:12:23.488] [info] [stationary.cpp:264] NN: cost=5032.035483, feasible=true, active_stations=1
[2026-10-06 06:12:23.488] [info] [candidate.cpp:199] InstancePrecompute: built 3 candidates
[2026-10-06 06:12:23.488] [info] [stationary.cpp:264] NN: cost=9446.933163, feasible=true, active_stations=1
[2026-10-06 06:12:23.488] [info] [candidate.cpp:199] InstancePrecompute: built 3 candidates
[2026-10-06 06:12:23.488] [info] [stationary.cpp:264] NN: cost=9776.518717, feasible=true, active_stations=1
[2026-10-06 06:12:23.488] [info] [candidate.cpp:199] InstancePrecompute: built 3 candidates
[2026-10-06 06:12:23.488] [info] [stationary.cpp:264] NN: cost=1763.496714, feasible=true, active_stations=1
[2026-10-06 06:12:23.488] [info] [candidate.cpp:199] InstancePrecompute: built 3 candidates
[2026-10-06 06:12:23.488] [info] [stationary.cpp:264] NN: cost=2852.842487, feasible=true, active_stations=1
[2026-10-06 06:12:23.488] [info] [candidate.cpp:199] InstancePrecompute: built 3 candidates
[2026-10-06 06:12:23.488] [info] [stationary.cpp:264] NN: cost=950.764108, feasible=true, active_stations=1
[2026-10-06 06:12:23.488] [info] [candidate.cpp:199] InstancePrecompute: built 3 candidates
[2026-10-06 06:12:23.488] [info] [stationary.cpp:264] NN: cost=1099.674921, feasible=true, active_stations=1
[2026-10-06 06:12:23.488] [info] [candidate.cpp:199] InstancePrecompute: built 3 candidates
[2026-10-06 06:12:23.488] [info] [stationary.cpp:264] NN: cost=1426.412072, feasible=true, active_stations=1
[2026-10-06 06:12:23.488] [info] [candidate.cpp:199] InstancePrecompute: built 3 candidates
[2026-10-06 06:12:23.488] [info] [stationary.cpp:264] NN: cost=11310.689518, feasible=true, active_stations=1
[2026-10-06 06:12:23.488] [info] [candidate.cpp:199] InstancePrecompute: built 3 candidates
[2026-10-06 06:12:23.488] [info] [stationary.cpp:264] NN: cost=16900.625657, feasible=true, active_stations=1
[2026-10-06 06:12:23.488] [info] [candidate.cpp:199] InstancePrecompute: built 3 candidates
[2026-10-06 06:12:23.488] [info] [stationary.cpp:264] NN: cost=5032.035483, feasible=true, active_stations=1
[2026-10-06 06:12:23.488] [info] [candidate.cpp:199] InstancePrecompute: built 3 candidates
[2026-10-06 06:12:23.488] [info] [stationary.cpp:264] NN: cost=9446.933163, feasible=true, active_stations=1
[2026-10-06 06:12:23.488] [info] [candidate.cpp:199] InstancePrecompute: built 3 candidates
[2026-10-06 06:12:23.488] [info] [stationary.cpp:264] NN: cost=9776.518717, feasible=true, active_stations=1
[2026-10-06 06:12:23.488] [info] [candidate.cpp:199] InstancePrecompute: built 3 candidates
[2026-10-06 06:12:23.488] [info] [stationary.cpp:264] NN: cost=1763.496714, feasible=true, active_stations=1
[2026-10-06 06:12:23.488] [info] [candidate.cpp:199] InstancePrecompute: built 3 candidates
[2026-10-06 06:12:23.488] [info] [stationary.cpp:264] NN: cost=2852.842487, feasible=true, active_stations=1
[2026-10-06 06:12:23.488] [info] [candidate.cpp:199] InstancePrecompute: built 3 candidates
[2026-10-06 06:12:23.488] [info] [stationary.cpp:264] NN: cost=950.764108, feasible=true, active_stations=1
[2026-10-06 06:12:23.488] [info] [candidate.cpp:199] InstancePrecompute: built 3 candidates
[2026-10-06 06:12:23.488] [info] [stationary.cpp:264] NN: cost=1099.674921, feasible=true, active_stations=1
[2026-10-06 06:12:23.488] [info] [candidate.cpp:199] InstancePrecompute: built 3 candidates
[2026-10-06 06:12:23.488] [info] [stationary.cpp:264] NN: cost=1426.412072, feasible=true, active_stations=1
[2026-10-06 06:12:23.488] [info] [candidate.cpp:199] InstancePrecompute: built 3 candidates
[2026-10-06 06:12:23.488] [info] [stationary.cpp:264] NN: cost=11310.689518, feasible=true, active_stations=1
[2026-10-06 06:12:23.488] [info] [candidate.cpp:199] InstancePrecompute: built 3 candidates
[2026-10-06 06:12:23.488] [info] [stationary.cpp:264] NN: cost=16900.625657, feasible=true, active_stations=1
[2026-10-06 06:12:23.488] [info] [candidate.cpp:199] InstancePrecompute: built 3 candidates
[2026-10-06 06:12:23.488] [info] [stationary.cpp:264] NN: cost=5032.035483, feasible=true, active_stations=1
[2026-10-06 06:12:23.488] [info] [candidate.cpp:199] InstancePrecompute: built 3 candidates
[2026-10-06 06:12:23.488] [info] [stationary.cpp:264] NN: cost=9446.933163, feasible=true, active_stations=1
[2026-10-06 06:12:23.488] [info] [candidate.cpp:199] InstancePrecompute: built 3 candidates
[2026-10-06 06:12:23.488] [info] [stationary.cpp:264] NN: cost=9776.518717, feasible=true, active_stations=1
[2026-10-06 06:12:23.488] [info] [candidate.cpp:199] InstancePrecompute: built 3 candidates
[2026-10-06 06:12:23.488] [info] [stationary.cpp:264] NN: cost=1763.496714, feasible=true, active_stations=1
[2026-10-06 06:12:23.488] [info] [candidate.cpp:199] InstancePrecompute: built 3 candidates
[2026-10-06 06:12:23.488] [info] [stationary.cpp:264] NN: cost=2852.842487, feasible=true, active_stations=1
[2026-10-06 06:12:23.488] [info] [candidate.cpp:199] InstancePrecompute: built 3 candidates
[2026-10-06 06:12:23.488] [info] [stationary.cpp:264] NN: cost=950.764108, feasible=true, active_stations=1
[2026-10-06 06:12:23.488] [info] [candidate.cpp:199] InstancePrecompute: built 3 candidates
[2026-10-06 06:12:23.488] [info] [stationary.cpp:264] NN: cost=1099.674921, feasible=true, active_stations=1
[2026-10-06 06:12:23.488] [info] [candidate.cpp:199] InstancePrecompute: built 3 candidates
[2026-10-06 06:12:23.488] [info] [stationary.cpp:264] NN: cost=1426.412072, feasible=true, active_stations=1
[2026-10-06 06:12:23.488] [info] [candidate.cpp:199] InstancePrecompute: built 3 candidates
[2026-10-06 06:12:23.488] [info] [stationary.cpp:264] NN: cost=11310.689518, feasible=true, active_stations=1
[2026-10-06 06:12:23.488] [info] [candidate.cpp:199] InstancePrecompute: built 3 candidates
[2026-10-06 06:12:23.488] [info] [stationary.cpp:264] NN: cost=16900.625657, feasible=true, active_stations=1
[2026-10-06 06:12:23.488] [info] [candidate.cpp:199] InstancePrecompute: built 3 candidates
[2026-10-06 06:12:23.488] [info] [stationary.cpp:264] NN: cost=5032.035483, feasible=true, active_stations=1
[2026-10-06 06:12:23.488] [info] [candidate.cpp:199] InstancePrecompute: built 3 candidates
[2026-10-06 06:12:23.488] [info] [stationary.cpp:264] NN: cost=9446.933163, feasible=true, active_stations=1
[2026-10-06 06:12:23.488] [info] [candidate.cpp:199] InstancePrecompute: built 3 candidates
[2026-10-06 06:12:23.488] [info] [stationary.cpp:264] NN: cost=9776.518717, feasible=true, active_stations=1
[2026-10-06 06:12:23.488] [info] [candidate.cpp:199] InstancePrecompute: built 3 candidates
[2026-10-06 06:12:23.488] [info] [stationary.cpp:264] NN: cost=1763.496714, feasible=true, active_stations=1
[2026-10-06 06:12:23.488] [info] [candidate.cpp:199] InstancePrecompute: built 3 candidates
[2026-10-06 06:12:23.488] [info] [stationary.cpp:264] NN: cost=2852.842487, feasible=true, active_stations=1
[2026-10-06 06:12:23.488] [info] [candidate.cpp:199] InstancePrecompute: built 3 candidates
[2026-10-06 06:12:23.488] [info] [stationary.cpp:264] NN: cost=950.764108, feasible=true, active_stations=1
[2026-10-06 06:12:23.488] [info] [candidate.cpp:199] InstancePrecompute: built 3 candidates
[2026-10-06 06:12:23.488] [info] [stationary.cpp:264] NN: cost=1099.674921, feasible=true, active_stations=1
[2026-10-06 06:12:23.488] [info] [candidate.cpp:199] InstancePrecompute: built 3 candidates
[2026-10-06 06:12:23.488] [info] [stationary.cpp:264] NN: cost=1426.412072, feasible=true, active_stations=1
[2026-10-06 06:12:23.488] [info] [candidate.cpp:199] InstancePrecompute: built 3 candidates
[2026-10-06 06:12:23.488] [info] [stationary.cpp:264] NN: cost=11310.689518, feasible=true, active_stations=1
[2026-10-06 06:12:23.488] [info] [candidate.cpp:199] InstancePrecompute: built 3 candidates
[2026-10-06 06:12:23.488] [info] [stationary.cpp:264] NN: cost=16900.625657, feasible=true, active_stations=1
[2026-10-06 06:12:23.488] [info] [candidate.cpp:199] InstancePrecompute: built 3 candidates
[2026-10-06 06:12:23.488] [info] [stationary.cpp:264] NN: cost=5032.035483, feasible=true, active_stations=1
[2026-10-06 06:12:23.488] [info] [candidate.cpp:199] InstancePrecompute: built 3 candidates
[2026-10-06 06:12:23.488] [info] [stationary.cpp:264] NN: cost=9446.933163, feasible=true, active_stations=1
[2026-10-06 06:12:23.488] [info] [candidate.cpp:199] InstancePrecompute: built 3 candidates
[2026-10-06 06:12:23.488] [info] [stationary.cpp:264] NN: cost=9776.518717, feasible=true, active_stations=1
[2026-10-06 06:12:23.488] [info] [candidate.cpp:199] InstancePrecompute: built 3 candidates
[2026-10-06 06:12:23.488] [info] [stationary.cpp:264] NN: cost=1763.496714, feasible=true, active_stations=1
[2026-10-06 06:12:23.488] [info] [candidate.cpp:199] InstancePrecompute: built 3 candidates
[2026-10-06 06:12:23.488] [info] [stationary.cpp:264] NN: cost=2852.842487, feasible=true, active_stations=1
[2026-10-06 06:12:23.488] [info] [candidate.cpp:199] InstancePrecompute: built 3 candidates
[2026-10-06 06:12:23.488] [info] [stationary.cpp:264] NN: cost=950.764108, feasible=true, active_stations=1
[2026-10-06 06:12:23.488] [info] [candidate.cpp:199] InstancePrecompute: built 3 candidates
[2026-10-06 06:12:23.488] [info] [stationary.cpp:264] NN: cost=1099.674921, feasible=true, active_stations=1
[2026-10-06 06:12:23.488] [info] [candidate.cpp:199] InstancePrecompute: built 3 candidates
[2026-10-06 06:12:23.488] [info] [stationary.cpp:264] NN: cost=1426.412072, feasible=true, active_stations=1
[2026-10-06 06:12:23.488] [info] [candidate.cpp:199] InstancePrecompute: built 3 candidates
[2026-10-06 06:12:23.488] [info] [stationary.cpp:264] NN: cost=11310.689518, feasible=true, active_stations=1
[2026-10-06 06:12:23.488] [info] [candidate.cpp:199] InstancePrecompute: built 3 candidates
[2026-10-06 06:12:23.488] [info] [stationary.cpp:264] NN: cost=16900.625657, feasible=true, active_stations=1
[2026-10-06 06:12:23.488] [info] [candidate.cpp:199] InstancePrecompute: built 3 candidates
[2026-10-06 06:12:23.488] [info] [stationary.cpp:264] NN: cost=5032.035483, feasible=true, active_stations=1
[2026-10-06 06:12:23.488] [info] [candidate.cpp:199] InstancePrecompute: built 3 candidates
[2026-10-06 06:12:23.488] [info] [stationary.cpp:264] NN: cost=9446.933163, feasible=true, active_stations=1
[2026-10-06 06:12:23.488] [info] [candidate.cpp:199] InstancePrecompute: built 3 candidates
[2026-10-06 06:12:23.488] [info] [stationary.cpp:264] NN: cost=9776.518717, feasible=true, active_stations=1
[2026-10-06 06:12:23.488] [info] [candidate.cpp:199] InstancePrecompute: built 3 candidates
[2026-10-06 06:12:23.488] [info] [stationary.cpp:264] NN: cost=1763.496714, feasible=true, active_stations=1
[2026-10-06 06:12:23.488] [info] [candidate.cpp:199] InstancePrecompute: built 3 candidates
[2026-10-06 06:12:23.488] [info] [stationary.cpp:264] NN: cost=2852.842487, feasible=true, active_stations=1
[2026-10-06 06:12:23.488] [info] [candidate.cpp:199] InstancePrecompute: built 3 candidates
[2026-10-06 06:12:23.488] [info] [stationary.cpp:264] NN: cost=950.764108, feasible=true, active_stations=1
[2026-10-06 06:12:23.488] [info] [candidate.cpp:199] InstancePrecompute: built 3 candidates
[2026-10-06 06:12:23.488] [info] [stationary.cpp:264] NN: cost=1099.674921, feasible=true, active_stations=1
[2026-10-06 06:12:23.488] [info] [candidate.cpp:199] InstancePrecompute: built 3 candidates
[2026-10-06 06:12:23.488] [info] [stationary.cpp:264] NN: cost=1426.412072, feasible=true, active_stations=1
[2026-10-06 06:12:23.488] [info] [candidate.cpp:199] InstancePrecompute: built 3 candidates
[2026-10-06 06:12:23.488] [info] [stationary.cpp:264] NN: cost=11310.689518, feasible=true, active_stations=1
[2026-10-06 06:12:23.488] [info] [candidate.cpp:199] InstancePrecompute: built 3 candidates
[2026-10-06 06:12:23.488] [info] [stationary.cpp:264] NN: cost=16900.625657, feasible=true, active_stations=1
[2026-10-06 06:12:23.488] [info] [candidate.cpp:199] InstancePrecompute: built 3 candidates
[2026-10-06 06:12:23.488] [info] [stationary.cpp:264] NN: cost=5032.035483, feasible=true, active_stations=1
[2026-10-06 06:12:23.488] [info] [candidate.cpp:199] InstancePrecompute: built 3 candidates
[2026-10-06 06:12:23.488] [info] [stationary.cpp:264] NN: cost=9446.933163, feasible=true, active_stations=1
[2026-10-06 06:12:23.488] [info] [candidate.cpp:199] InstancePrecompute: built 3 candidates
[2026-10-06 06:12:23.488] [info] [stationary.cpp:264] NN: cost=9776.518717, feasible=true, active_stations=1
[2026-10-06 06:12:23.488] [info] [candidate.cpp:199] InstancePrecompute: built 3 candidates
[2026-10-06 06:12:23.488] [info] [stationary.cpp:264] NN: cost=1763.496714, feasible=true, active_stations=1
[2026-10-06 06:12:23.488] [info] [candidate.cpp:199] InstancePrecompute: built 3 candidates
[2026-10-06 06:12:23.488] [info] [stationary.cpp:264] NN: cost=2852.842487, feasible=true, active_stations=1
[2026-10-06 06:12:23.488] [info] [candidate.cpp:199] InstancePrecompute: built 3 candidates
[2026-10-06 06:12:23.488] [info] [stationary.cpp:264] NN: cost=950.764108, feasible=true, active_stations=1
[2026-10-06 06:12:23.488] [info] [candidate.cpp:199] InstancePrecompute: built 3 candidates
[2026-10-06 06:12:23.488] [info] [stationary.cpp:264] NN: cost=1099.674921, feasible=true, active_stations=1
[2026-10-06 06:12:23.488] [info] [candidate.cpp:199] InstancePrecompute: built 3 candidates
[2026-10-06 06:12:23.488] [info] [stationary.cpp:264] NN: cost=1426.412072, feasible=true, active_stations=1
[2026-10-06 06:12:23.488] [info] [candidate.cpp:199] InstancePrecompute: built 3 candidates
[2026-10-06 06:12:23.488] [info] [stationary.cpp:264] NN: cost=11310.689518, feasible=true, active_stations=1
[2026-10-06 06:12:23.488] [info] [candidate.cpp:199] InstancePrecompute: built 3 candidates
[2026-10-06 06:12:23.488] [info] [stationary.cpp:264] NN: cost=16900.625657, feasible=true, active_stations=1
[2026-10-06 06:12:23.488] [info] [candidate.cpp:199] InstancePrecompute: built 3 candidates
[2026-10-06 06:12:23.488] [info] [stationary.cpp:264] NN: cost=5032.035483, feasible=true, active_stations=1
[2026-10-06 06:12:23.488] [info] [candidate.cpp:199] InstancePrecompute: built 3 candidates
[2026-10-06 06:12:23.488] [info] [stationary.cpp:264] NN: cost=9446.933163, feasible=true, active_stations=1
[2026-10-06 06:12:23.488] [info] [candidate.cpp:199] InstancePrecompute: built 3 candidates
[2026-10-06 06:12:23.488] [info] [stationary.cpp:264] NN: cost=1763.496714, feasible=true, active_stations=1
[2026-10-06 06:12:23.488] [info] [candidate.cpp:199] InstancePrecompute: built 3 candidates
[2026-10-06 06:12:23.488] [info] [stationary.cpp:264] NN: cost=9776.518717, feasible=true, active_stations=1
[2026-10-06 06:12:23.488] [info] [candidate.cpp:199] InstancePrecompute: built 3 candidates
[2026-10-06 06:12:23.488] [info] [stationary.cpp:264] NN: cost=2852.842487, feasible=true, active_stations=1
[2026-10-06 06:12:23.488] [info] [candidate.cpp:199] InstancePrecompute: built 3 candidates
[2026-10-06 06:12:23.488] [info] [stationary.cpp:264] NN: cost=950.764108, feasible=true, active_stations=1
[2026-10-06 06:12:23.488] [info] [candidate.cpp:199] InstancePrecompute: built 3 candidates
[2026-10-06 06:12:23.488] [info] [stationary.cpp:264] NN: cost=1099.674921, feasible=true, active_stations=1
[2026-10-06 06:12:23.488] [info] [candidate.cpp:199] InstancePrecompute: built 3 candidates
[2026-10-06 06:12:23.488] [info] [stationary.cpp:264] NN: cost=1426.412072, feasible=true, active_stations=1
[2026-10-06 06:12:23.488] [info] [candidate.cpp:199] InstancePrecompute: built 3 candidates
[2026-10-06 06:12:23.488] [info] [stationary.cpp:264] NN: cost=11310.689518, feasible=true, active_stations=1
[2026-10-06 06:12:23.488] [info] [candidate.cpp:199] InstancePrecompute: built 3 candidates
[2026-10-06 06:12:23.488] [info] [stationary.cpp:264] NN: cost=16900.625657, feasible=true, active_stations=1
[2026-10-06 06:12:23.488] [info] [candidate.cpp:199] InstancePrecompute: built 3 candidates
[2026-10-06 06:12:23.488] [info] [stationary.cpp:264] NN: cost=5032.035483, feasible=true, active_stations=1
[2026-10-06 06:12:23.488] [info] [candidate.cpp:199] InstancePrecompute: built 3 candidates
[2026-10-06 06:12:23.488] [info] [stationary.cpp:264] NN: cost=9446.933163, feasible=true, active_stations=1
[2026-10-06 06:12:23.488] [info] [candidate.cpp:199] InstancePrecompute: built 3 candidates
[2026-10-06 06:12:23.488] [info] [stationary.cpp:264] NN: cost=1763.496714, feasible=true, active_stations=1
[2026-10-06 06:12:23.488] [info] [candidate.cpp:199] InstancePrecompute: built 3 candidates
[2026-10-06 06:12:23.488] [info] [stationary.cpp:264] NN: cost=9776.518717, feasible=true, active_stations=1
[2026-10-06 06:12:23.488] [info] [candidate.cpp:199] InstancePrecompute: built 3 candidates
[2026-10-06 06:12:23.488] [info] [stationary.cpp:264] NN: cost=2852.842487, feasible=true, active_stations=1
[2026-10-06 06:12:23.488] [info] [candidate.cpp:199] InstancePrecompute: built 3 candidates
[2026-10-06 06:12:23.488] [info] [stationary.cpp:264] NN: cost=950.764108, feasible=true, active_stations=1
[2026-10-06 06:12:23.488] [info] [candidate.cpp:199] InstancePrecompute: built 3 candidates
[2026-10-06 06:12:23.488] [info] [stationary.cpp:264] NN: cost=1099.674921, feasible=true, active_stations=1
[2026-10-06 06:12:23.488] [info] [candidate.cpp:199] InstancePrecompute: built 3 candidates
[2026-10-06 06:12:23.488] [info] [stationary.cpp:264] NN: cost=1426.412072, feasible=true, active_stations=1
[2026-10-06 06:12:23.488] [info] [candidate.cpp:199] InstancePrecompute: built 3 candidates
[2026-10-06 06:12:23.488] [info] [stationary.cpp:264] NN: cost=11310.689518, feasible=true, active_stations=1
[2026-10-06 06:12:23.488] [info] [candidate.cpp:199] InstancePrecompute: built 3 candidates
[2026-10-06 06:12:23.488] [info] [stationary.cpp:264] NN: cost=16900.625657, feasible=true, active_stations=1
[2026-10-06 06:12:23.488] [info] [candidate.cpp:199] InstancePrecompute: built 3 candidates
[2026-10-06 06:12:23.488] [info] [stationary.cpp:264] NN: cost=5032.035483, feasible=true, active_stations=1
[2026-10-06 06:12:23.488] [info] [candidate.cpp:199] InstancePrecompute: built 3 candidates
[2026-10-06 06:12:23.488] [info] [stationary.cpp:264] NN: cost=9446.933163, feasible=true, active_stations=1
[2026-10-06 06:12:23.488] [info] [candidate.cpp:199] InstancePrecompute: built 3 candidates
[2026-10-06 06:12:23.488] [info] [stationary.cpp:264] NN: cost=1763.496714, feasible=true, active_stations=1
[2026-10-06 06:12:23.488] [info] [candidate.cpp:199] InstancePrecompute: built 3 candidates
[2026-10-06 06:12:23.488] [info] [stationary.cpp:264] NN: cost=9776.518717, feasible=true, active_stations=1
[2026-10-06 06:12:23.488] [info] [candidate.cpp:199] InstancePrecompute: built 3 candidates
[2026-10-06 06:12:23.488] [info] [stationary.cpp:264] NN: cost=2852.842487, feasible=true, active_stations=1
[2026-10-06 06:12:23.488] [info] [candidate.cpp:199] InstancePrecompute: built 3 candidates
[2026-10-06 06:12:23.488] [info] [stationary.cpp:264] NN: cost=950.764108, feasible=true, active_stations=1
[2026-10-06 06:12:23.488] [info] [candidate.cpp:199] InstancePrecompute: built 3 candidates
[2026-10-06 06:12:23.488] [info] [stationary.cpp:264] NN: cost=1099.674921, feasible=true, active_stations=1
[2026-10-06 06:12:23.488] [info] [candidate.cpp:199] InstancePrecompute: built 3 candidates
[2026-10-06 06:12:23.488] [info] [stationary.cpp:264] NN: cost=1426.412072, feasible=true, active_stations=1
[2026-10-06 06:12:23.488] [info] [candidate.cpp:199] InstancePrecompute: built 3 candidates
[2026-10-06 06:12:23.488] [info] [stationary.cpp:264] NN: cost=11310.689518, feasible=true, active_stations=1
[2026-10-06 06:12:23.488] [info] [candidate.cpp:199] InstancePrecompute: built 3 candidates
[2026-10-06 06:12:23.488] [info] [stationary.cpp:264] NN: cost=16900.625657, feasible=true, active_stations=1
[2026-10-06 06:12:23.488] [info] [candidate.cpp:199] InstancePrecompute: built 3 candidates
[2026-10-06 06:12:23.488] [info] [stationary.cpp:264] NN: cost=5032.035483, feasible=true, active_stations=1
[2026-10-06 06:12:23.488] [info] [candidate.cpp:199] InstancePrecompute: built 3 candidates
[2026-10-06 06:12:23.488] [info] [stationary.cpp:264] NN: cost=9446.933163, feasible=true, active_stations=1
[2026-10-06 06:12:23.488] [info] [candidate.cpp:199] InstancePrecompute: built 3 candidates
[2026-10-06 06:12:23.488] [info] [stationary.cpp:264] NN: cost=1763.496714, feasible=true, active_stations=1
[2026-10-06 06:12:23.488] [info] [candidate.cpp:199] InstancePrecompute: built 3 candidates
[2026-10-06 06:12:23.488] [info] [stationary.cpp:264] NN: cost=9776.518717, feasible=true, active_stations=1
[2026-10-06 06:12:23.488] [info] [candidate.cpp:199] InstancePrecompute: built 3 candidates
[2026-10-06 06:12:23.488] [info] [stationary.cpp:264] NN: cost=2852.842487, feasible=true, active_stations=1
[2026-10-06 06:12:23.488] [info] [candidate.cpp:199] InstancePrecompute: built 3 candidates
[2026-10-06 06:12:23.488] [info] [stationary.cpp:264] NN: cost=950.764108, feasible=true, active_stations=1
[2026-10-06 06:12:23.488] [info] [candidate.cpp:199] InstancePrecompute: built 3 candidates
[2026-10-06 06:12:23.488] [info] [stationary.cpp:264] NN: cost=1099.674921, feasible=true, active_stations=1
[2026-10-06 06:12:23.488] [info] [candidate.cpp:199] InstancePrecompute: built 3 candidates
[2026-10-06 06:12:23.488] [info] [stationary.cpp:264] NN: cost=1426.412072, feasible=true, active_stations=1
[2026-10-06 06:12:23.488] [info] [candidate.cpp:199] InstancePrecompute: built 3 candidates
[2026-10-06 06:12:23.488] [info] [stationary.cpp:264] NN: cost=11310.689518, feasible=true, active_stations=1
[2026-10-06 06:12:23.488] [info] [candidate.cpp:199] InstancePrecompute: built 3 candidates
[2026-10-06 06:12:23.488] [info] [stationary.cpp:264] NN: cost=16900.625657, feasible=true, active_stations=1
[2026-10-06 06:12:23.488] [info] [candidate.cpp:199] InstancePrecompute: built 3 candidates
[2026-10-06 06:12:23.488] [info] [stationary.cpp:264] NN: cost=5032.035483, feasible=true, active_stations=1
[2026-10-06 06:12:23.488] [info] [candidate.cpp:199] InstancePrecompute: built 3 candidates
[2026-10-06 06:12:23.488] [info] [stationary.cpp:264] NN: cost=9446.933163, feasible=true, active_stations=1
[2026-10-06 06:12:23.488] [info] [candidate.cpp:199] InstancePrecompute: built 3 candidates
[2026-10-06 06:12:23.488] [info] [stationary.cpp:264] NN: cost=1763.496714, feasible=true, active_stations=1
[2026-10-06 06:12:23.488] [info] [candidate.cpp:199] InstancePrecompute: built 3 candidates
[2026-10-06 06:12:23.488] [info] [stationary.cpp:264] NN: cost=9776.518717, feasible=true, active_stations=1
[2026-10-06 06:12:23.488] [info] [candidate.cpp:199] InstancePrecompute: built 3 candidates
[2026-10-06 06:12:23.488] [info] [stationary.cpp:264] NN: cost=2852.842487, feasible=true, active_stations=1
[2026-10-06 06:12:23.488] [info] [candidate.cpp:199] InstancePrecompute: built 3 candidates
[2026-10-06 06:12:23.488] [info] [stationary.cpp:264] NN: cost=950.764108, feasible=true, active_stations=1
[2026-10-06 06:12:23.488] [info] [candidate.cpp:199] InstancePrecompute: built 3 candidates
[2026-10-06 06:12:23.488] [info] [stationary.cpp:264] NN: cost=1099.674921, feasible=true, active_stations=1
[2026-10-06 06:12:23.488] [info] [candidate.cpp:199] InstancePrecompute: built 3 candidates
[2026-10-06 06:12:23.488] [info] [stationary.cpp:264] NN: cost=1426.412072, feasible=true, active_stations=1
[2026-10-06 06:12:23.488] [info] [candidate.cpp:199] InstancePrecompute: built 3 candidates
[2026-10-06 06:12:23.488] [info] [stationary.cpp:264] NN: cost=11310.689518, feasible=true, active_stations=1
[2026-10-06 06:12:23.488] [info] [candidate.cpp:199] InstancePrecompute: built 3 candidates
[2026-10-06 06:12:23.488] [info] [stationary.cpp:264] NN: cost=16900.625657, feasible=true, active_stations=1
[2026-10-06 06:12:23.488] [info] [candidate.cpp:199] InstancePrecompute: built 3 candidates
[2026-10-06 06:12:23.488] [info] [stationary.cpp:264] NN: cost=5032.035483, feasible=true, active_stations=1
[2026-10-06 06:12:23.488] [info] [candidate.cpp:199] InstancePrecompute: built 3 candidates
[2026-10-06 06:12:23.488] [info] [stationary.cpp:264] NN: cost=9446.933163, feasible=true, active_stations=1
[2026-10-06 06:12:23.488] [info] [candidate.cpp:199] InstancePrecompute: built 3 candidates
[2026-10-06 06:12:23.488] [info] [stationary.cpp:264] NN: cost=1763.496714, feasible=true, active_stations=1
[2026-10-06 06:12:23.488] [info] [candidate.cpp:199] InstancePrecompute: built 3 candidates
[2026-10-06 06:12:23.488] [info] [stationary.cpp:264] NN: cost=9776.518717, feasible=true, active_stations=1
[2026-10-06 06:12:23.488] [info] [candidate.cpp:199] InstancePrecompute: built 3 candidates
[2026-10-06 06:12:23.488] [info] [stationary.cpp:264] NN: cost=2852.842487, feasible=true, active_stations=1
[2026-10-06 06:12:23.488] [info] [candidate.cpp:199] InstancePrecompute: built 3 candidates
[2026-10-06 06:12:23.488] [info] [stationary.cpp:264] NN: cost=950.764108, feasible=true, active_stations=1
[2026-10-06 06:12:23.488] [info] [candidate.cpp:199] InstancePrecompute: built 3 candidates
[2026-10-06 06:12:23.488] [info] [stationary.cpp:264] NN: cost=1099.674921, feasible=true, active_stations=1
[2026-10-06 06:12:23.488] [info] [candidate.cpp:199] InstancePrecompute: built 3 candidates
[2026-10-06 06:12:23.488] [info] [stationary.cpp:264] NN: cost=1426.412072, feasible=true, active_stations=1
[2026-10-06 06:12:23.488] [info] [candidate.cpp:199] InstancePrecompute: built 3 candidates
[2026-10-06 06:12:23.488] [info] [stationary.cpp:264] NN: cost=11310.689518, feasible=true, active_stations=1
[2026-10-06 06:12:23.488] [info] [candidate.cpp:199] InstancePrecompute: built 3 candidates
[2026-10-06 06:12:23.488] [info] [stationary.cpp:264] NN: cost=16900.625657, feasible=true, active_stations=1
[2026-10-06 06:12:23.488] [info] [candidate.cpp:199] InstancePrecompute: built 3 candidates
[2026-10-06 06:12:23.488] [info] [stationary.cpp:264] NN: cost=5032.035483, feasible=true, active_stations=1
[2026-10-06 06:12:23.488] [info] [candidate.cpp:199] InstancePrecompute: built 3 candidates
[2026-10-06 06:12:23.488] [info] [stationary.cpp:264] NN: cost=9446.933163, feasible=true, active_stations=1
[2026-10-06 06:12:23.488] [info] [candidate.cpp:199] InstancePrecompute: built 3 candidates
[2026-10-06 06:12:23.488] [info] [stationary.cpp:264] NN: cost=1763.496714, feasible=true, active_stations=1
[2026-10-06 06:12:23.488] [info] [candidate.cpp:199] InstancePrecompute: built 3 candidates
[2026-10-06 06:12:23.488] [info] [stationary.cpp:264] NN: cost=9776.518717, feasible=true, active_stations=1
[2026-10-06 06:12:23.488] [info] [candidate.cpp:199] InstancePrecompute: built 3 candidates
[2026-10-06 06:12:23.488] [info] [stationary.cpp:264] NN: cost=2852.842487, feasible=true, active_stations=1
[2026-10-06 06:12:23.488] [info] [candidate.cpp:199] InstancePrecompute: built 3 candidates
[2026-10-06 06:12:23.488] [info] [stationary.cpp:264] NN: cost=950.764108, feasible=true, active_stations=1
[2026-10-06 06:12:23.488] [info] [candidate.cpp:199] InstancePrecompute: built 3 candidates
[2026-10-06 06:12:23.488] [info] [stationary.cpp:264] NN: cost=1099.674921, feasible=true, active_stations=1
[2026-10-06 06:12:23.488] [info] [candidate.cpp:199] InstancePrecompute: built 3 candidates
[2026-10-06 06:12:23.488] [info] [stationary.cpp:264] NN: cost=1426.412072, feasible=true, active_stations=1
[2026-10-06 06:12:23.488] [info] [candidate.cpp:199] InstancePrecompute: built 3 candidates
[2026-10-06 06:12:23.488] [info] [stationary.cpp:264] NN: cost=11310.689518, feasible=true, active_stations=1
[2026-10-06 06:12:23.488] [info] [candidate.cpp:199] InstancePrecompute: built 3 candidates
[2026-10-06 06:12:23.488] [info] [stationary.cpp:264] NN: cost=16900.625657, feasible=true, active_stations=1
[2026-10-06 06:12:23.488] [info] [candidate.cpp:199] InstancePrecompute: built 3 candidates
[2026-10-06 06:12:23.488] [info] [stationary.cpp:264] NN: cost=5032.035483, feasible=true, active_stations=1
[2026-10-06 06:12:23.488] [info] [candidate.cpp:199] InstancePrecompute: built 3 candidates
[2026-10-06 06:12:23.488] [info] [stationary.cpp:264] NN: cost=9446.933163, feasible=true, active_stations=1
[2026-10-06 06:12:23.488] [info] [candidate.cpp:199] InstancePrecompute: built 3 candidates
[2026-10-06 06:12:23.488] [info] [stationary.cpp:264] NN: cost=1763.496714, feasible=true, active_stations=1
[2026-10-06 06:12:23.488] [info] [candidate.cpp:199] InstancePrecompute: built 3 candidates
[2026-10-06 06:12:23.488] [info] [stationary.cpp:264] NN: cost=9776.518717, feasible=true, active_stations=1
[2026-10-06 06:12:23.488] [info] [candidate.cpp:199] InstancePrecompute: built 3 candidates
[2026-10-06 06:12:23.488] [info] [stationary.cpp:264] NN: cost=2852.842487, feasible=true, active_stations=1
[2026-10-06 06:12:23.488] [info] [candidate.cpp:199] InstancePrecompute: built 3 candidates
[2026-10-06 06:12:23.488] [info] [stationary.cpp:264] NN: cost=950.764108, feasible=true, active_stations=1
[2026-10-06 06:12:23.488] [info] [candidate.cpp:199] InstancePrecompute: built 3 candidates
[2026-10-06 06:12:23.488] [info] [stationary.cpp:264] NN: cost=1099.674921, feasible=true, active_stations=1
[2026-10-06 06:12:23.488] [info] [candidate.cpp:199] InstancePrecompute: built 3 candidates
[2026-10-06 06:12:23.488] [info] [stationary.cpp:264] NN: cost=1426.412072, feasible=true, active_stations=1
[2026-10-06 06:12:23.488] [info] [candidate.cpp:199] InstancePrecompute: built 3 candidates
[2026-10-06 06:12:23.488] [info] [stationary.cpp:264] NN: cost=11310.689518, feasible=true, active_stations=1
[2026-10-06 06:12:23.488] [info] [candidate.cpp:199] InstancePrecompute: built 3 candidates
[2026-10-06 06:12:23.488] [info] [stationary.cpp:264] NN: cost=16900.625657, feasible=true, active_stations=1
[2026-10-06 06:12:23.488] [info] [candidate.cpp:199] InstancePrecompute: built 3 candidates
[2026-10-06 06:12:23.488] [info] [stationary.cpp:264] NN: cost=5032.035483, feasible=true, active_stations=1
[2026-10-06 06:12:23.488] [info] [candidate.cpp:199] InstancePrecompute: built 3 candidates
[2026-10-06 06:12:23.488] [info] [stationary.cpp:264] NN: cost=9446.933163, feasible=true, active_stations=1
[2026-10-06 06:12:23.488] [info] [candidate.cpp:199] InstancePrecompute: built 3 candidates
[2026-10-06 06:12:23.488] [info] [stationary.cpp:264] NN: cost=1763.496714, feasible=true, active_stations=1
[2026-10-06 06:12:23.488] [info] [candidate.cpp:199] InstancePrecompute: built 3 candidates
[2026-10-06 06:12:23.488] [info] [stationary.cpp:264] NN: cost=9776.518717, feasible=true, active_stations=1
[2026-10-06 06:12:23.488] [info] [candidate.cpp:199] InstancePrecompute: built 3 candidates
[2026-10-06 06:12:23.488] [info] [stationary.cpp:264] NN: cost=2852.842487, feasible=true, active_stations=1
[2026-10-06 06:12:23.488] [info] [candidate.cpp:199] InstancePrecompute: built 3 candidates
[2026-10-06 06:12:23.488] [info] [stationary.cpp:264] NN: cost=950.764108, feasible=true, active_stations=1
[2026-10-06 06:12:23.488] [info] [candidate.cpp:199] InstancePrecompute: built 3 candidates
[2026-10-06 06:12:23.488] [info] [stationary.cpp:264] NN: cost=1099.674921, feasible=true, active_stations=1
[2026-10-06 06:12:23.488] [info] [candidate.cpp:199] InstancePrecompute: built 3 candidates
[2026-10-06 06:12:23.488] [info] [stationary.cpp:264] NN: cost=1426.412072, feasible=true, active_stations=1
[2026-10-06 06:12:23.488] [info] [candidate.cpp:199] InstancePrecompute: built 3 candidates
[2026-10-06 06:12:23.488] [info] [stationary.cpp:264] NN: cost=11310.689518, feasible=true, active_stations=1
[2026-10-06 06:12:23.488] [info] [candidate.cpp:199] InstancePrecompute: built 3 candidates
[2026-10-06 06:12:23.488] [info] [stationary.cpp:264] NN: cost=16900.625657, feasible=true, active_stations=1
[2026-10-06 06:12:23.488] [info] [candidate.cpp:199] InstancePrecompute: built 3 candidates
[2026-10-06 06:12:23.488] [info] [stationary.cpp:264] NN: cost=5032.035483, feasible=true, active_stations=1
[2026-10-06 06:12:23.488] [info] [candidate.cpp:199] InstancePrecompute: built 3 candidates
[2026-10-06 06:12:23.488] [info] [stationary.cpp:264] NN: cost=9446.933163, feasible=true, active_stations=1
[2026-10-06 06:12:23.488] [info] [candidate.cpp:199] InstancePrecompute: built 3 candidates
[2026-10-06 06:12:23.488] [info] [stationary.cpp:264] NN: cost=1763.496714, feasible=true, active_stations=1
[2026-10-06 06:12:23.488] [info] [candidate.cpp:199] InstancePrecompute: built 3 candidates
[2026-10-06 06:12:23.488] [info] [stationary.cpp:264] NN: cost=9776.518717, feasible=true, active_stations=1
[2026-10-06 06:12:23.488] [info] [candidate.cpp:199] InstancePrecompute: built 3 candidates
[2026-10-06 06:12:23.488] [info] [stationary.cpp:264] NN: cost=2852.842487, feasible=true, active_stations=1
[2026-10-06 06:12:23.488] [info] [candidate.cpp:199] InstancePrecompute: built 3 candidates
[2026-10-06 06:12:23.488] [info] [stationary.cpp:264] NN: cost=950.764108, feasible=true, active_stations=1
[2026-10-06 06:12:23.488] [info] [candidate.cpp:199] InstancePrecompute: built 3 candidates
[2026-10-06 06:12:23.488] [info] [stationary.cpp:264] NN: cost=1099.674921, feasible=true, active_stations=1
[2026-10-06 06:12:23.488] [info] [candidate.cpp:199] InstancePrecompute: built 3 candidates
[2026-10-06 06:12:23.488] [info] [stationary.cpp:264] NN: cost=1426.412072, feasible=true, active_stations=1
[2026-10-06 06:12:23.488] [info] [candidate.cpp:199] InstancePrecompute: built 3 candidates
[2026-10-06 06:12:23.488] [info] [stationary.cpp:264] NN: cost=11310.689518, feasible=true, active_stations=1
[2026-10-06 06:12:23.488] [info] [candidate.cpp:199] InstancePrecompute: built 3 candidates
[2026-10-06 06:12:23.488] [info] [stationary.cpp:264] NN: cost=16900.625657, feasible=true, active_stations=1
[2026-10-06 06:12:23.488] [info] [candidate.cpp:199] InstancePrecompute: built 3 candidates
[2026-10-06 06:12:23.488] [info] [stationary.cpp:264] NN: cost=5032.035483, feasible=true, active_stations=1
[2026-10-06 06:12:23.488] [info] [candidate.cpp:199] InstancePrecompute: built 3 candidates
[2026-10-06 06:12:23.488] [info] [stationary.cpp:264] NN: cost=9446.933163, feasible=true, active_stations=1
[2026-10-06 06:12:23.488] [info] [candidate.cpp:199] InstancePrecompute: built 3 candidates
[2026-10-06 06:12:23.488] [info] [stationary.cpp:264] NN: cost=1763.496714, feasible=true, active_stations=1
[2026-10-06 06:12:23.488] [info] [candidate.cpp:199] InstancePrecompute: built 3 candidates
[2026-10-06 06:12:23.488] [info] [stationary.cpp:264] NN: cost=9776.518717, feasible=true, active_stations=1
[2026-10-06 06:12:23.488] [info] [candidate.cpp:199] InstancePrecompute: built 3 candidates
[2026-10-06 06:12:23.488] [info] [stationary.cpp:264] NN: cost=2852.842487, feasible=true, active_stations=1
[2026-10-06 06:12:23.488] [info] [candidate.cpp:199] InstancePrecompute: built 3 candidates
[2026-10-06 06:12:23.488] [info] [stationary.cpp:264] NN: cost=950.764108, feasible=true, active_stations=1
[2026-10-06 06:12:23.488] [info] [candidate.cpp:199] InstancePrecompute: built 3 candidates
[2026-10-06 06:12:23.488] [info] [stationary.cpp:264] NN: cost=1099.674921, feasible=true, active_stations=1
[2026-10-06 06:12:23.488] [info] [candidate.cpp:199] InstancePrecompute: built 3 candidates
[2026-10-06 06:12:23.488] [info] [stationary.cpp:264] NN: cost=1426.412072, feasible=true, active_stations=1
[2026-10-06 06:12:23.488] [info] [candidate.cpp:199] InstancePrecompute: built 3 candidates
[2026-10-06 06:12:23.488] [info] [stationary.cpp:264] NN: cost=11310.689518, feasible=true, active_stations=1
[2026-10-06 06:12:23.488] [info] [candidate.cpp:199] InstancePrecompute: built 3 candidates
[2026-10-06 06:12:23.488] [info] [stationary.cpp:264] NN: cost=16900.625657, feasible=true, active_stations=1
[2026-10-06 06:12:23.488] [info] [candidate.cpp:199] InstancePrecompute: built 3 candidates
[2026-10-06 06:12:23.488] [info] [stationary.cpp:264] NN: cost=5032.035483, feasible=true, active_stations=1
[2026-10-06 06:12:23.488] [info] [candidate.cpp:199] InstancePrecompute: built 3 candidates
[2026-10-06 06:12:23.488] [info] [stationary.cpp:264] NN: cost=9446.933163, feasible=true, active_stations=1
[2026-10-06 06:12:23.488] [info] [candidate.cpp:199] InstancePrecompute: built 3 candidates
[2026-10-06 06:12:23.488] [info] [stationary.cpp:264] NN: cost=1763.496714, feasible=true, active_stations=1
[2026-10-06 06:12:23.488] [info] [candidate.cpp:199] InstancePrecompute: built 3 candidates
[2026-10-06 06:12:23.488] [info] [stationary.cpp:264] NN: cost=9776.518717, feasible=true, active_stations=1
[2026-10-06 06:12:23.488] [info] [candidate.cpp:199] InstancePrecompute: built 3 candidates
[2026-10-06 06:12:23.488] [info] [stationary.cpp:264] NN: cost=2852.842487, feasible=true, active_stations=1
[2026-10-06 06:12:23.488] [info] [candidate.cpp:199] InstancePrecompute: built 3 candidates
[2026-10-06 06:12:23.488] [info] [stationary.cpp:264] NN: cost=950.764108, feasible=true, active_stations=1
[2026-10-06 06:12:23.488] [info] [candidate.cpp:199] InstancePrecompute: built 3 candidates
[2026-10-06 06:12:23.488] [info] [stationary.cpp:264] NN: cost=1099.674921, feasible=true, active_stations=1
[2026-10-06 06:12:23.488] [info] [candidate.cpp:199] InstancePrecompute: built 3 candidates
[2026-10-06 06:12:23.488] [info] [stationary.cpp:264] NN: cost=1426.412072, feasible=true, active_stations=1
[2026-10-06 06:12:23.488] [info] [candidate.cpp:199] InstancePrecompute: built 3 candidates
[2026-10-06 06:12:23.488] [info] [stationary.cpp:264] NN: cost=11310.689518, feasible=true, active_stations=1
[2026-10-06 06:12:23.488] [info] [candidate.cpp:199] InstancePrecompute: built 3 candidates
[2026-10-06 06:12:23.488] [info] [stationary.cpp:264] NN: cost=16900.625657, feasible=true, active_stations=1
[2026-10-06 06:12:23.488] [info] [candidate.cpp:199] InstancePrecompute: built 3 candidates
[2026-10-06 06:12:23.488] [info] [stationary.cpp:264] NN: cost=5032.035483, feasible=true, active_stations=1
[2026-10-06 06:12:23.488] [info] [candidate.cpp:199] InstancePrecompute: built 3 candidates
[2026-10-06 06:12:23.488] [info] [stationary.cpp:264] NN: cost=9446.933163, feasible=true, active_stations=1
[2026-10-06 06:12:23.488] [info] [candidate.cpp:199] InstancePrecompute: built 3 candidates
[2026-10-06 06:12:23.488] [info] [stationary.cpp:264] NN: cost=1763.496714, feasible=true, active_stations=1
[2026-10-06 06:12:23.488] [info] [candidate.cpp:199] InstancePrecompute: built 3 candidates
[2026-10-06 06:12:23.488] [info] [stationary.cpp:264] NN: cost=9776.518717, feasible=true, active_stations=1
[2026-10-06 06:12:23.488] [info] [candidate.cpp:199] InstancePrecompute: built 3 candidates
[2026-10-06 06:12:23.488] [info] [stationary.cpp:264] NN: cost=2852.842487, feasible=true, active_stations=1
[2026-10-06 06:12:23.488] [info] [candidate.cpp:199] InstancePrecompute: built 3 candidates
[2026-10-06 06:12:23.488] [info] [stationary.cpp:264] NN: cost=950.764108, feasible=true, active_stations=1
[2026-10-06 06:12:23.488] [info] [candidate.cpp:199] InstancePrecompute: built 3 candidates
[2026-10-06 06:12:23.488] [info] [stationary.cpp:264] NN: cost=1099.674921, feasible=true, active_stations=1
[2026-10-06 06:12:23.488] [info] [candidate.cpp:199] InstancePrecompute: built 3 candidates
[2026-10-06 06:12:23.488] [info] [stationary.cpp:264] NN: cost=1426.412072, feasible=true, active_stations=1
[2026-10-06 06:12:23.488] [info] [candidate.cpp:199] InstancePrecompute: built 3 candidates
[2026-10-06 06:12:23.488] [info] [stationary.cpp:264] NN: cost=11310.689518, feasible=true, active_stations=1
[2026-10-06 06:12:23.488] [info] [candidate.cpp:199] InstancePrecompute: built 3 candidates
[2026-10-06 06:12:23.488] [info] [stationary.cpp:264] NN: cost=16900.625657, feasible=true, active_stations=1
[2026-10-06 06:12:23.488] [info] [candidate.cpp:199] InstancePrecompute: built 3 candidates
[2026-10-06 06:12:23.488] [info] [stationary.cpp:264] NN: cost=5032.035483, feasible=true, active_stations=1
[2026-10-06 06:12:23.488] [info] [candidate.cpp:199] InstancePrecompute: built 3 candidates
[2026-10-06 06:12:23.488] [info] [stationary.cpp:264] NN: cost=9446.933163, feasible=true, active_stations=1
[2026-10-06 06:12:23.488] [info] [candidate.cpp:199] InstancePrecompute: built 3 candidates
[2026-10-06 06:12:23.488] [info] [stationary.cpp:264] NN: cost=1763.496714, feasible=true, active_stations=1
[2026-10-06 06:12:23.488] [info] [candidate.cpp:199] InstancePrecompute: built 3 candidates
[2026-10-06 06:12:23.488] [info] [stationary.cpp:264] NN: cost=9776.518717, feasible=true, active_stations=1
[2026-10-06 06:12:23.488] [info] [candidate.cpp:199] InstancePrecompute: built 3 candidates
[2026-10-06 06:12:23.488] [info] [stationary.cpp:264] NN: cost=2852.842487, feasible=true, active_stations=1
[2026-10-06 06:12:23.488] [info] [candidate.cpp:199] InstancePrecompute: built 3 candidates
[2026-10-06 06:12:23.488] [info] [stationary.cpp:264] NN: cost=950.764108, feasible=true, active_stations=1
[2026-10-06 06:12:23.488] [info] [candidate.cpp:199] InstancePrecompute: built 3 candidates
[2026-10-06 06:12:23.488] [info] [stationary.cpp:264] NN: cost=1099.674921, feasible=true, active_stations=1
[2026-10-06 06:12:23.488] [info] [candidate.cpp:199] InstancePrecompute: built 3 candidates
[2026-10-06 06:12:23.488] [info] [stationary.cpp:264] NN: cost=1426.412072, feasible=true, active_stations=1
[2026-10-06 06:12:23.488] [info] [candidate.cpp:199] InstancePrecompute: built 3 candidates
[2026-10-06 06:12:23.488] [info] [stationary.cpp:264] NN: cost=11310.689518, feasible=true, active_stations=1
[2026-10-06 06:12:23.488] [info] [candidate.cpp:199] InstancePrecompute: built 3 candidates
[2026-10-06 06:12:23.488] [info] [stationary.cpp:264] NN: cost=5032.035483, feasible=true, active_stations=1
[2026-10-06 06:12:23.488] [info] [candidate.cpp:199] InstancePrecompute: built 3 candidates
[2026-10-06 06:12:23.488] [info] [stationary.cpp:264] NN: cost=16900.625657, feasible=true, active_stations=1
[2026-10-06 06:12:23.488] [info] [candidate.cpp:199] InstancePrecompute: built 3 candidates
[2026-10-06 06:12:23.488] [info] [stationary.cpp:264] NN: cost=9446.933163, feasible=true, active_stations=1
[2026-10-06 06:12:23.488] [info] [candidate.cpp:199] InstancePrecompute: built 3 candidates
[2026-10-06 06:12:23.488] [info] [stationary.cpp:264] NN: cost=9776.518717, feasible=true, active_stations=1
[2026-10-06 06:12:23.488] [info] [candidate.cpp:199] InstancePrecompute: built 3 candidates
[2026-10-06 06:12:23.488] [info] [stationary.cpp:264] NN: cost=1763.496714, feasible=true, active_stations=1
[2026-10-06 06:12:23.488] [info] [candidate.cpp:199] InstancePrecompute: built 3 candidates
[2026-10-06 06:12:23.488] [info] [stationary.cpp:264] NN: cost=2852.842487, feasible=true, active_stations=1
[2026-10-06 06:12:23.488] [info] [candidate.cpp:199] InstancePrecompute: built 3 candidates
[2026-10-06 06:12:23.488] [info] [stationary.cpp:264] NN: cost=950.764108, feasible=true, active_stations=1
[2026-10-06 06:12:23.488] [info] [candidate.cpp:199] InstancePrecompute: built 3 candidates
[2026-10-06 06:12:23.488] [info] [stationary.cpp:264] NN: cost=1099.674921, feasible=true, active_stations=1
[2026-10-06 06:12:23.488] [info] [candidate.cpp:199] InstancePrecompute: built 3 candidates
[2026-10-06 06:12:23.488] [info] [stationary.cpp:264] NN: cost=1426.412072, feasible=true, active_stations=1
[2026-10-06 06:12:23.488] [info] [candidate.cpp:199] InstancePrecompute: built 3 candidates
[2026-10-06 06:12:23.488] [info] [stationary.cpp:264] NN: cost=11310.689518, feasible=true, active_stations=1
[2026-10-06 06:12:23.488] [info] [candidate.cpp:199] InstancePrecompute: built 3 candidates
[2026-10-06 06:12:23.488] [info] [stationary.cpp:264] NN: cost=5032.035483, feasible=true, active_stations=1
[2026-10-06 06:12:23.488] [info] [candidate.cpp:199] InstancePrecompute: built 3 candidates
[2026-10-06 06:12:23.488] [info] [stationary.cpp:264] NN: cost=16900.625657, feasible=true, active_stations=1
[2026-10-06 06:12:23.488] [info] [candidate.cpp:199] InstancePrecompute: built 3 candidates
[2026-10-06 06:12:23.488] [info] [stationary.cpp:264] NN: cost=9446.933163, feasible=true, active_stations=1
[2026-10-06 06:12:23.488] [info] [candidate.cpp:199] InstancePrecompute: built 3 candidates
[2026-10-06 06:12:23.488] [info] [stationary.cpp:264] NN: cost=9776.518717, feasible=true, active_stations=1
[2026-10-06 06:12:23.488] [info] [candidate.cpp:199] InstancePrecompute: built 6 candidates
[2026-10-06 06:12:23.488] [info] [stationary.cpp:264] NN: cost=4616.339201, feasible=true, active_stations=2
[2026-10-06 06:12:23.488] [info] [candidate.cpp:199] InstancePrecompute: built 3 candidates
[2026-10-06 06:12:23.488] [info] [stationary.cpp:264] NN: cost=950.764108, feasible=true, active_stations=1
[2026-10-06 06:12:23.488] [info] [candidate.cpp:199] InstancePrecompute: built 3 candidates
[2026-10-06 06:12:23.488] [info] [stationary.cpp:264] NN: cost=1099.674921, feasible=true, active_stations=1
[2026-10-06 06:12:23.488] [info] [candidate.cpp:199] InstancePrecompute: built 3 candidates
[2026-10-06 06:12:23.488] [info] [stationary.cpp:264] NN: cost=1426.412072, feasible=true, active_stations=1
[2026-10-06 06:12:23.488] [info] [candidate.cpp:199] InstancePrecompute: built 3 candidates
[2026-10-06 06:12:23.488] [info] [stationary.cpp:264] NN: cost=11310.689518, feasible=true, active_stations=1
[2026-10-06 06:12:23.488] [info] [candidate.cpp:199] InstancePrecompute: built 3 candidates
[2026-10-06 06:12:23.488] [info] [stationary.cpp:264] NN: cost=5032.035483, feasible=true, active_stations=1
[2026-10-06 06:12:23.488] [info] [candidate.cpp:199] InstancePrecompute: built 3 candidates
[2026-10-06 06:12:23.488] [info] [stationary.cpp:264] NN: cost=16900.625657, feasible=true, active_stations=1
[2026-10-06 06:12:23.488] [info] [candidate.cpp:199] InstancePrecompute: built 3 candidates
[2026-10-06 06:12:23.488] [info] [stationary.cpp:264] NN: cost=9446.933163, feasible=true, active_stations=1
[2026-10-06 06:12:23.488] [info] [candidate.cpp:199] InstancePrecompute: built 3 candidates
[2026-10-06 06:12:23.488] [info] [stationary.cpp:264] NN: cost=9776.518717, feasible=true, active_stations=1
[2026-10-06 06:12:23.488] [info] [candidate.cpp:199] InstancePrecompute: built 6 candidates
[2026-10-06 06:12:23.488] [info] [stationary.cpp:264] NN: cost=4616.339201, feasible=true, active_stations=2
[2026-10-06 06:12:23.488] [info] [candidate.cpp:199] InstancePrecompute: built 3 candidates
[2026-10-06 06:12:23.488] [info] [stationary.cpp:264] NN: cost=950.764108, feasible=true, active_stations=1
[2026-10-06 06:12:23.488] [info] [candidate.cpp:199] InstancePrecompute: built 3 candidates
[2026-10-06 06:12:23.488] [info] [stationary.cpp:264] NN: cost=1099.674921, feasible=true, active_stations=1
[2026-10-06 06:12:23.488] [info] [candidate.cpp:199] InstancePrecompute: built 3 candidates
[2026-10-06 06:12:23.488] [info] [stationary.cpp:264] NN: cost=1426.412072, feasible=true, active_stations=1
[2026-10-06 06:12:23.488] [info] [candidate.cpp:199] InstancePrecompute: built 3 candidates
[2026-10-06 06:12:23.488] [info] [stationary.cpp:264] NN: cost=11310.689518, feasible=true, active_stations=1
[2026-10-06 06:12:23.488] [info] [candidate.cpp:199] InstancePrecompute: built 3 candidates
[2026-10-06 06:12:23.488] [info] [stationary.cpp:264] NN: cost=5032.035483, feasible=true, active_stations=1
[2026-10-06 06:12:23.488] [info] [candidate.cpp:199] InstancePrecompute: built 3 candidates
[2026-10-06 06:12:23.488] [info] [stationary.cpp:264] NN: cost=16900.625657, feasible=true, active_stations=1
[2026-10-06 06:12:23.488] [info] [candidate.cpp:199] InstancePrecompute: built 3 candidates
[2026-10-06 06:12:23.488] [info] [stationary.cpp:264] NN: cost=9446.933163, feasible=true, active_stations=1
[2026-10-06 06:12:23.488] [info] [candidate.cpp:199] InstancePrecompute: built 3 candidates
[2026-10-06 06:12:23.488] [info] [stationary.cpp:264] NN: cost=9776.518717, feasible=true, active_stations=1
[2026-10-06 06:12:23.488] [info] [candidate.cpp:199] InstancePrecompute: built 6 candidates
[2026-10-06 06:12:23.488] [info] [stationary.cpp:264] NN: cost=4616.339201, feasible=true, active_stations=2
[2026-10-06 06:12:23.488] [info] [candidate.cpp:199] InstancePrecompute: built 3 candidates
[2026-10-06 06:12:23.488] [info] [stationary.cpp:264] NN: cost=950.764108, feasible=true, active_stations=1
[2026-10-06 06:12:23.488] [info] [candidate.cpp:199] InstancePrecompute: built 3 candidates
[2026-10-06 06:12:23.488] [info] [stationary.cpp:264] NN: cost=1099.674921, feasible=true, active_stations=1
[2026-10-06 06:12:23.488] [info] [candidate.cpp:199] InstancePrecompute: built 3 candidates
[2026-10-06 06:12:23.488] [info] [stationary.cpp:264] NN: cost=1426.412072, feasible=true, active_stations=1
[2026-10-06 06:12:23.488] [info] [candidate.cpp:199] InstancePrecompute: built 3 candidates
[2026-10-06 06:12:23.488] [info] [stationary.cpp:264] NN: cost=11310.689518, feasible=true, active_stations=1
[2026-10-06 06:12:23.488] [info] [candidate.cpp:199] InstancePrecompute: built 3 candidates
[2026-10-06 06:12:23.488] [info] [stationary.cpp:264] NN: cost=5032.035483, feasible=true, active_stations=1
[2026-10-06 06:12:23.488] [info] [candidate.cpp:199] InstancePrecompute: built 3 candidates
[2026-10-06 06:12:23.488] [info] [stationary.cpp:264] NN: cost=16900.625657, feasible=true, active_stations=1
[2026-10-06 06:12:23.488] [info] [candidate.cpp:199] InstancePrecompute: built 3 candidates
[2026-10-06 06:12:23.488] [info] [stationary.cpp:264] NN: cost=9446.933163, feasible=true, active_stations=1
[2026-10-06 06:12:23.488] [info] [candidate.cpp:199] InstancePrecompute: built 3 candidates
[2026-10-06 06:12:23.488] [info] [stationary.cpp:264] NN: cost=9776.518717, feasible=true, active_stations=1
[2026-10-06 06:12:23.488] [info] [candidate.cpp:199] InstancePrecompute: built 6 candidates
[2026-10-06 06:12:23.488] [info] [stationary.cpp:264] NN: cost=4616.339201, feasible=true, active_stations=2
[2026-10-06 06:12:23.488] [info] [candidate.cpp:199] InstancePrecompute: built 3 candidates
[2026-10-06 06:12:23.488] [info] [stationary.cpp:264] NN: cost=950.764108, feasible=true, active_stations=1
[2026-10-06 06:12:23.488] [info] [candidate.cpp:199] InstancePrecompute: built 3 candidates
[2026-10-06 06:12:23.488] [info] [stationary.cpp:264] NN: cost=1099.674921, feasible=true, active_stations=1
[2026-10-06 06:12:23.488] [info] [candidate.cpp:199] InstancePrecompute: built 3 candidates
[2026-10-06 06:12:23.488] [info] [stationary.cpp:264] NN: cost=1426.412072, feasible=true, active_stations=1
[2026-10-06 06:12:23.488] [info] [candidate.cpp:199] InstancePrecompute: built 3 candidates
[2026-10-06 06:12:23.488] [info] [stationary.cpp:264] NN: cost=11310.689518, feasible=true, active_stations=1
[2026-10-06 06:12:23.488] [info] [candidate.cpp:199] InstancePrecompute: built 3 candidates
[2026-10-06 06:12:23.488] [info] [stationary.cpp:264] NN: cost=5032.035483, feasible=true, active_stations=1
[2026-10-06 06:12:23.488] [info] [candidate.cpp:199] InstancePrecompute: built 3 candidates
[2026-10-06 06:12:23.488] [info] [stationary.cpp:264] NN: cost=16900.625657, feasible=true, active_stations=1
[2026-10-06 06:12:23.488] [info] [candidate.cpp:199] InstancePrecompute: built 3 candidates
[2026-10-06 06:12:23.488] [info] [stationary.cpp:264] NN: cost=9446.933163, feasible=true, active_stations=1
[2026-10-06 06:12:23.488] [info] [candidate.cpp:199] InstancePrecompute: built 3 candidates
[2026-10-06 06:12:23.488] [info] [stationary.cpp:264] NN: cost=9776.518717, feasible=true, active_stations=1
[2026-10-06 06:12:23.488] [info] [candidate.cpp:199] InstancePrecompute: built 3 candidates
[2026-10-06 06:12:23.488] [info] [stationary.cpp:264] NN: cost=1763.496714, feasible=true, active_stations=1
[2026-10-06 06:12:23.488] [info] [candidate.cpp:199] InstancePrecompute: built 3 candidates
[2026-10-06 06:12:23.488] [info] [stationary.cpp:264] NN: cost=2852.842487, feasible=true, active_stations=1
[2026-10-06 06:12:23.488] [info] [candidate.cpp:199] InstancePrecompute: built 3 candidates
[2026-10-06 06:12:23.488] [info] [stationary.cpp:264] NN: cost=950.764108, feasible=true, active_stations=1
[2026-10-06 06:12:23.488] [info] [candidate.cpp:199] InstancePrecompute: built 3 candidates
[2026-10-06 06:12:23.488] [info] [stationary.cpp:264] NN: cost=1099.674921, feasible=true, active_stations=1
[2026-10-06 06:12:23.488] [info] [candidate.cpp:199] InstancePrecompute: built 3 candidates
[2026-10-06 06:12:23.488] [info] [stationary.cpp:264] NN: cost=1426.412072, feasible=true, active_stations=1
[2026-10-06 06:12:23.488] [info] [candidate.cpp:199] InstancePrecompute: built 3 candidates
[2026-10-06 06:12:23.488] [info] [stationary.cpp:264] NN: cost=11310.689518, feasible=true, active_stations=1
[2026-10-06 06:12:23.488] [info] [candidate.cpp:199] InstancePrecompute: built 3 candidates
[2026-10-06 06:12:23.488] [info] [stationary.cpp:264] NN: cost=5032.035483, feasible=true, active_stations=1
[2026-10-06 06:12:23.488] [info] [candidate.cpp:199] InstancePrecompute: built 3 candidates
[2026-10-06 06:12:23.488] [info] [stationary.cpp:264] NN: cost=16900.625657, feasible=true, active_stations=1
[2026-10-06 06:12:23.488] [info] [candidate.cpp:199] InstancePrecompute: built 3 candidates
[2026-10-06 06:12:23.488] [info] [stationary.cpp:264] NN: cost=9446.933163, feasible=true, active_stations=1
[2026-10-06 06:12:23.488] [info] [candidate.cpp:199] InstancePrecompute: built 3 candidates
[2026-10-06 06:12:23.488] [info] [stationary.cpp:264] NN: cost=9776.518717, feasible=true, active_stations=1
[2026-10-06 06:12:23.488] [info] [candidate.cpp:199] InstancePrecompute: built 3 candidates
[2026-10-06 06:12:23.488] [info] [stationary.cpp:264] NN: cost=1763.496714, feasible=true, active_stations=1
[2026-10-06 06:12:23.488] [info] [candidate.cpp:199] InstancePrecompute: built 3 candidates
[2026-10-06 06:12:23.488] [info] [stationary.cpp:264] NN: cost=2852.842487, feasible=true, active_stations=1
[2026-10-06 06:12:23.488] [info] [candidate.cpp:199] InstancePrecompute: built 3 candidates
[2026-10-06 06:12:23.488] [info] [stationary.cpp:264] NN: cost=950.764108, feasible=true, active_stations=1
[2026-10-06 06:12:23.488] [info] [candidate.cpp:199] InstancePrecompute: built 3 candidates
[2026-10-06 06:12:23.488] [info] [stationary.cpp:264] NN: cost=1099.674921, feasible=true, active_stations=1
[2026-10-06 06:12:23.488] [info] [candidate.cpp:199] InstancePrecompute: built 3 candidates
[2026-10-06 06:12:23.488] [info] [stationary.cpp:264] NN: cost=1426.412072, feasible=true, active_stations=1
[2026-10-06 06:12:23.488] [info] [candidate.cpp:199] InstancePrecompute: built 3 candidates
[2026-10-06 06:12:23.488] [info] [stationary.cpp:264] NN: cost=11310.689518, feasible=true, active_stations=1
[2026-10-06 06:12:23.488] [info] [candidate.cpp:199] InstancePrecompute: built 3 candidates
[2026-10-06 06:12:23.488] [info] [stationary.cpp:264] NN: cost=16900.625657, feasible=true, active_stations=1
[2026-10-06 06:12:23.488] [info] [candidate.cpp:199] InstancePrecompute: built 3 candidates
[2026-10-06 06:12:23.488] [info] [stationary.cpp:264] NN: cost=5032.035483, feasible=true, active_stations=1
[2026-10-06 06:12:23.488] [info] [candidate.cpp:199] InstancePrecompute: built 3 candidates
[2026-10-06 06:12:23.488] [info] [stationary.cpp:264] NN: cost=9446.933163, feasible=true, active_stations=1
[2026-10-06 06:12:23.488] [info] [candidate.cpp:199] InstancePrecompute: built 3 candidates
[2026-10-06 06:12:23.488] [info] [stationary.cpp:264] NN: cost=9776.518717, feasible=true, active_stations=1
[2026-10-06 06:12:23.488] [info] [candidate.cpp:199] InstancePrecompute: built 3 candidates
[2026-10-06 06:12:23.488] [info] [stationary.cpp:264] NN: cost=1763.496714, feasible=true, active_stations=1
[2026-10-06 06:12:23.488] [info] [candidate.cpp:199] InstancePrecompute: built 3 candidates
[2026-10-06 06:12:23.488] [info] [stationary.cpp:264] NN: cost=2852.842487, feasible=true, active_stations=1
[2026-10-06 06:12:23.488] [info] [candidate.cpp:199] InstancePrecompute: built 3 candidates
[2026-10-06 06:12:23.488] [info] [stationary.cpp:264] NN: cost=950.764108, feasible=true, active_stations=1
[2026-10-06 06:12:23.488] [info] [candidate.cpp:199] InstancePrecompute: built 3 candidates
[2026-10-06 06:12:23.488] [info] [stationary.cpp:264] NN: cost=1099.674921, feasible=true, active_stations=1
[2026-10-06 06:12:23.488] [info] [candidate.cpp:199] InstancePrecompute: built 3 candidates
[2026-10-06 06:12:23.488] [info] [stationary.cpp:264] NN: cost=1426.412072, feasible=true, active_stations=1
[2026-10-06 06:12:23.488] [info] [candidate.cpp:199] InstancePrecompute: built 3 candidates
[2026-10-06 06:12:23.488] [info] [stationary.cpp:264] NN: cost=11310.689518, feasible=true, active_stations=1
[2026-10-06 06:12:23.488] [info] [candidate.cpp:199] InstancePrecompute: built 3 candidates
[2026-10-06 06:12:23.488] [info] [stationary.cpp:264] NN: cost=16900.625657, feasible=true, active_stations=1
[2026-10-06 06:12:23.488] [info] [candidate.cpp:199] InstancePrecompute: built 3 candidates
[2026-10-06 06:12:23.488] [info] [stationary.cpp:264] NN: cost=5032.035483, feasible=true, active_stations=1
[2026-10-06 06:12:23.488] [info] [candidate.cpp:199] InstancePrecompute: built 3 candidates
[2026-10-06 06:12:23.488] [info] [stationary.cpp:264] NN: cost=9446.933163, feasible=true, active_stations=1
[2026-10-06 06:12:23.488] [info] [candidate.cpp:199] InstancePrecompute: built 3 candidates
[2026-10-06 06:12:23.488] [info] [stationary.cpp:264] NN: cost=9776.518717, feasible=true, active_stations=1
[2026-10-06 06:12:23.488] [info] [candidate.cpp:199] InstancePrecompute: built 3 candidates
[2026-10-06 06:12:23.488] [info] [stationary.cpp:264] NN: cost=1763.496714, feasible=true, active_stations=1
[2026-10-06 06:12:23.488] [info] [candidate.cpp:199] InstancePrecompute: built 3 candidates
[2026-10-06 06:12:23.488] [info] [stationary.cpp:264] NN: cost=2852.842487, feasible=true, active_stations=1
[2026-10-06 06:12:23.488] [info] [candidate.cpp:199] InstancePrecompute: built 3 candidates
[2026-10-06 06:12:23.488] [info] [stationary.cpp:264] NN: cost=950.764108, feasible=true, active_stations=1
[2026-10-06 06:12:23.488] [info] [candidate.cpp:199] InstancePrecompute: built 3 candidates
[2026-10-06 06:12:23.488] [info] [stationary.cpp:264] NN: cost=1099.674921, feasible=true, active_stations=1
[2026-10-06 06:12:23.488] [info] [candidate.cpp:199] InstancePrecompute: built 3 candidates
[2026-10-06 06:12:23.488] [info] [stationary.cpp:264] NN: cost=1426.412072, feasible=true, active_stations=1
[2026-10-06 06:12:23.488] [info] [candidate.cpp:199] InstancePrecompute: built 3 candidates
[2026-10-06 06:12:23.488] [info] [stationary.cpp:264] NN: cost=11310.689518, feasible=true, active_stations=1
[2026-10-06 06:12:23.488] [info] [candidate.cpp:199] InstancePrecompute: built 3 candidates
[2026-10-06 06:12:23.488] [info] [stationary.cpp:264] NN: cost=16900.625657, feasible=true, active_stations=1
[2026-10-06 06:12:23.488] [info] [candidate.cpp:199] InstancePrecompute: built 3 candidates
[2026-10-06 06:12:23.488] [info] [stationary.cpp:264] NN: cost=5032.035483, feasible=true, active_stations=1
[2026-10-06 06:12:23.488] [info] [candidate.cpp:199] InstancePrecompute: built 3 candidates
[2026-10-06 06:12:23.488] [info] [stationary.cpp:264] NN: cost=9446.933163, feasible=true, active_stations=1
[2026-10-06 06:12:23.488] [info] [candidate.cpp:199] InstancePrecompute: built 3 candidates
[2026-10-06 06:12:23.488] [info] [stationary.cpp:264] NN: cost=9776.518717, feasible=true, active_stations=1
[2026-10-06 06:12:23.488] [info] [candidate.cpp:199] InstancePrecompute: built 3 candidates
[2026-10-06 06:12:23.488] [info] [stationary.cpp:264] NN: cost=1763.496714, feasible=true, active_stations=1
[2026-10-06 06:12:23.488] [info] [candidate.cpp:199] InstancePrecompute: built 3 candidates
[2026-10-06 06:12:23.488] [info] [stationary.cpp:264] NN: cost=2852.842487, feasible=true, active_stations=1
[2026-10-06 06:12:23.489] [info] [candidate.cpp:199] InstancePrecompute: built 3 candidates
[2026-10-06 06:12:23.489] [info] [stationary.cpp:264] NN: cost=950.764108, feasible=true, active_stations=1
[2026-10-06 06:12:23.489] [info] [candidate.cpp:199] InstancePrecompute: built 3 candidates
[2026-10-06 06:12:23.489] [info] [stationary.cpp:264] NN: cost=1099.674921, feasible=true, active_stations=1
[2026-10-06 06:12:23.489] [info] [candidate.cpp:199] InstancePrecompute: built 3 candidates
[2026-10-06 06:12:23.489] [info] [stationary.cpp:264] NN: cost=1426.412072, feasible=true, active_stations=1
[2026-10-06 06:12:23.489] [info] [candidate.cpp:199] InstancePrecompute: built 3 candidates
[2026-10-06 06:12:23.489] [info] [stationary.cpp:264] NN: cost=11310.689518, feasible=true, active_stations=1
[2026-10-06 06:12:23.489] [info] [candidate.cpp:199] InstancePrecompute: built 3 candidates
[2026-10-06 06:12:23.489] [info] [stationary.cpp:264] NN: cost=16900.625657, feasible=true, active_stations=1
[2026-10-06 06:12:23.489] [info] [candidate.cpp:199] InstancePrecompute: built 3 candidates
[2026-10-06 06:12:23.489] [info] [stationary.cpp:264] NN: cost=5032.035483, feasible=true, active_stations=1
[2026-10-06 06:12:23.489] [info] [candidate.cpp:199] InstancePrecompute: built 3 candidates
[2026-10-06 06:12:23.489] [info] [stationary.cpp:264] NN: cost=9446.933163, feasible=true, active_stations=1
[2026-10-06 06:12:23.489] [info] [candidate.cpp:199] InstancePrecompute: built 3 candidates
[2026-10-06 06:12:23.489] [info] [stationary.cpp:264] NN: cost=9776.518717, feasible=true, active_stations=1
[2026-10-06 06:12:23.489] [info] [candidate.cpp:199] InstancePrecompute: built 3 candidates
[2026-10-06 06:12:23.489] [info] [stationary.cpp:264] NN: cost=1763.496714, feasible=true, active_stations=1
[2026-10-06 06:12:23.489] [info] [candidate.cpp:199] InstancePrecompute: built 3 candidates
[2026-10-06 06:12:23.489] [info] [stationary.cpp:264] NN: cost=2852.842487, feasible=true, active_stations=1
[2026-10-06 06:12:23.489] [info] [candidate.cpp:199] InstancePrecompute: built 3 candidates
[2026-10-06 06:12:23.489] [info] [stationary.cpp:264] NN: cost=950.764108, feasible=true, active_stations=1
[2026-10-06 06:12:23.489] [info] [candidate.cpp:199] InstancePrecompute: built 3 candidates
[2026-10-06 06:12:23.489] [info] [stationary.cpp:264] NN: cost=1099.674921, feasible=true, active_stations=1
[2026-10-06 06:12:23.489] [info] [candidate.cpp:199] InstancePrecompute: built 3 candidates
[2026-10-06 06:12:23.489] [info] [stationary.cpp:264] NN: cost=1426.412072, feasible=true, active_stations=1
[2026-10-06 06:12:23.489] [info] [candidate.cpp:199] InstancePrecompute: built 3 candidates
[2026-10-06 06:12:23.489] [info] [stationary.cpp:264] NN: cost=11310.689518, feasible=true, active_stations=1
[2026-10-06 06:12:23.489] [info] [candidate.cpp:199] InstancePrecompute: built 3 candidates
[2026-10-06 06:12:23.489] [info] [stationary.cpp:264] NN: cost=16900.625657, feasible=true, active_stations=1
[2026-10-06 06:12:23.489] [info] [candidate.cpp:199] InstancePrecompute: built 3 candidates
[2026-10-06 06:12:23.489] [info] [stationary.cpp:264] NN: cost=5032.035483, feasible=true, active_stations=1
[2026-10-06 06:12:23.489] [info] [candidate.cpp:199] InstancePrecompute: built 3 candidates
[2026-10-06 06:12:23.489] [info] [stationary.cpp:264] NN: cost=9446.933163, feasible=true, active_stations=1
[2026-10-06 06:12:23.489] [info] [candidate.cpp:199] InstancePrecompute: built 3 candidates
[2026-10-06 06:12:23.489] [info] [stationary.cpp:264] NN: cost=9776.518717, feasible=true, active_stations=1
[2026-10-06 06:12:23.489] [info] [candidate.cpp:199] InstancePrecompute: built 3 candidates
[2026-10-06 06:12:23.489] [info] [stationary.cpp:264] NN: cost=1763.496714, feasible=true, active_stations=1
[2026-10-06 06:12:23.489] [info] [candidate.cpp:199] InstancePrecompute: built 3 candidates
[2026-10-06 06:12:23.489] [info] [stationary.cpp:264] NN: cost=2852.842487, feasible=true, active_stations=1
[2026-10-06 06:12:23.489] [info] [candidate.cpp:199] InstancePrecompute: built 3 candidates
[2026-10-06 06:12:23.489] [info] [stationary.cpp:264] NN: cost=950.764108, feasible=true, active_stations=1
[2026-10-06 06:12:23.489] [info] [candidate.cpp:199] InstancePrecompute: built 3 candidates
[2026-10-06 06:12:23.489] [info] [stationary.cpp:264] NN: cost=1099.674921, feasible=true, active_stations=1
[2026-10-06 06:12:23.489] [info] [candidate.cpp:199] InstancePrecompute: built 3 candidates
[2026-10-06 06:12:23.489] [info] [stationary.cpp:264] NN: cost=1426.412072, feasible=true, active_stations=1
[2026-10-06 06:12:23.489] [info] [candidate.cpp:199] InstancePrecompute: built 3 candidates
[2026-10-06 06:12:23.489] [info] [stationary.cpp:264] NN: cost=11310.689518, feasible=true, active_stations=1
[2026-10-06 06:12:23.489] [info] [candidate.cpp:199] InstancePrecompute: built 3 candidates
[2026-10-06 06:12:23.489] [info] [stationary.cpp:264] NN: cost=16900.625657, feasible=true, active_stations=1
[2026-10-06 06:12:23.489] [info] [candidate.cpp:199] InstancePrecompute: built 3 candidates
[2026-10-06 06:12:23.489] [info] [stationary.cpp:264] NN: cost=5032.035483, feasible=true, active_stations=1
[2026-10-06 06:12:23.489] [info] [candidate.cpp:199] InstancePrecompute: built 3 candidates
[2026-10-06 06:12:23.489] [info] [stationary.cpp:264] NN: cost=9446.933163, feasible=true, active_stations=1
[2026-10-06 06:12:23.489] [info] [candidate.cpp:199] InstancePrecompute: built 3 candidates
[2026-10-06 06:12:23.489] [info] [stationary.cpp:264] NN: cost=9776.518717, feasible=true, active_stations=1
[2026-10-06 06:12:23.489] [info] [candidate.cpp:199] InstancePrecompute: built 3 candidates
[2026-10-06 06:12:23.489] [info] [stationary.cpp:264] NN: cost=1763.496714, feasible=true, active_stations=1
[2026-10-06 06:12:23.489] [info] [candidate.cpp:199] InstancePrecompute: built 3 candidates
[2026-10-06 06:12:23.489] [info] [stationary.cpp:264] NN: cost=2852.842487, feasible=true, active_stations=1
[2026-10-06 06:12:23.489] [info] [candidate.cpp:199] InstancePrecompute: built 3 candidates
[2026-10-06 06:12:23.489] [info] [stationary.cpp:264] NN: cost=950.764108, feasible=true, active_stations=1
[2026-10-06 06:12:23.489] [info] [candidate.cpp:199] InstancePrecompute: built 3 candidates
[2026-10-06 06:12:23.489] [info] [stationary.cpp:264] NN: cost=1099.674921, feasible=true, active_stations=1
[2026-10-06 06:12:23.489] [info] [candidate.cpp:199] InstancePrecompute: built 3 candidates
[2026-10-06 06:12:23.489] [info] [stationary.cpp:264] NN: cost=1426.412072, feasible=true, active_stations=1
[2026-10-06 06:12:23.489] [info] [candidate.cpp:199] InstancePrecompute: built 3 candidates
[2026-10-06 06:12:23.489] [info] [stationary.cpp:264] NN: cost=11310.689518, feasible=true, active_stations=1
[2026-10-06 06:12:23.489] [info] [candidate.cpp:199] InstancePrecompute: built 3 candidates
[2026-10-06 06:12:23.489] [info] [stationary.cpp:264] NN: cost=16900.625657, feasible=true, active_stations=1
[2026-10-06 06:12:23.489] [info] [candidate.cpp:199] InstancePrecompute: built 3 candidates
[2026-10-06 06:12:23.489] [info] [stationary.cpp:264] NN: cost=5032.035483, feasible=true, active_stations=1
[2026-10-06 06:12:23.489] [info] [candidate.cpp:199] InstancePrecompute: built 3 candidates
[2026-10-06 06:12:23.489] [info] [stationary.cpp:264] NN: cost=9446.933163, feasible=true, active_stations=1
[2026-10-06 06:12:23.489] [info] [candidate.cpp:199] InstancePrecompute: built 3 candidates
[2026-10-06 06:12:23.489] [info] [stationary.cpp:264] NN: cost=9776.518717, feasible=true, active_stations=1
[2026-10-06 06:12:23.489] [info] [candidate.cpp:199] InstancePrecompute: built 3 candidates
[2026-10-06 06:12:23.489] [info] [stationary.cpp:264] NN: cost=1763.496714, feasible=true, active_stations=1
[2026-10-06 06:12:23.489] [info] [candidate.cpp:199] InstancePrecompute: built 3 candidates
[2026-10-06 06:12:23.489] [info] [stationary.cpp:264] NN: cost=2852.842487, feasible=true, active_stations=1
[2026-10-06 06:12:23.489] [info] [candidate.cpp:199] InstancePrecompute: built 3 candidates
[2026-10-06 06:12:23.489] [info] [stationary.cpp:264] NN: cost=950.764108, feasible=true, active_stations=1
[2026-10-06 06:12:23.489] [info] [candidate.cpp:199] InstancePrecompute: built 3 candidates
[2026-10-06 06:12:23.489] [info] [stationary.cpp:264] NN: cost=1099.674921, feasible=true, active_stations=1
[2026-10-06 06:12:23.489] [info] [candidate.cpp:199] InstancePrecompute: built 3 candidates
[2026-10-06 06:12:23.489] [info] [stationary.cpp:264] NN: cost=1426.412072, feasible=true, active_stations=1
[2026-10-06 06:12:23.489] [info] [candidate.cpp:199] InstancePrecompute: built 3 candidates
[2026-10-06 06:12:23.489] [info] [stationary.cpp:264] NN: cost=11310.689518, feasible=true, active_stations=1
[2026-10-06 06:12:23.489] [info] [candidate.cpp:199] InstancePrecompute: built 3 candidates
[2026-10-06 06:12:23.489] [info] [stationary.cpp:264] NN: cost=16900.625657, feasible=true, active_stations=1
[2026-10-06 06:12:23.489] [info] [candidate.cpp:199] InstancePrecompute: built 3 candidates
[2026-10-06 06:12:23.489] [info] [stationary.cpp:264] NN: cost=5032.035483, feasible=true, active_stations=1
[2026-10-06 06:12:23.489] [info] [candidate.cpp:199] InstancePrecompute: built 3 candidates
[2026-10-06 06:12:23.489] [info] [stationary.cpp:264] NN: cost=9446.933163, feasible=true, active_stations=1
[2026-10-06 06:12:23.489] [info] [candidate.cpp:199] InstancePrecompute: built 3 candidates
[2026-10-06 06:12:23.489] [info] [stationary.cpp:264] NN: cost=9776.518717, feasible=true, active_stations=1
[2026-10-06 06:12:23.489] [info] [candidate.cpp:199] InstancePrecompute: built 3 candidates
[2026-10-06 06:12:23.489] [info] [stationary.cpp:264] NN: cost=1763.496714, feasible=true, active_stations=1
[2026-10-06 06:12:23.489] [info] [candidate.cpp:199] InstancePrecompute: built 3 candidates
[2026-10-06 06:12:23.489] [info] [stationary.cpp:264] NN: cost=2852.842487, feasible=true, active_stations=1
[2026-10-06 06:12:23.489] [info] [candidate.cpp:199] InstancePrecompute: built 3 candidates
[2026-10-06 06:12:23.489] [info] [stationary.cpp:264] NN: cost=950.764108, feasible=true, active_stations=1
[2026-10-06 06:12:23.489] [info] [candidate.cpp:199] InstancePrecompute: built 3 candidates
[2026-10-06 06:12:23.489] [info] [stationary.cpp:264] NN: cost=1099.674921, feasible=true, active_stations=1
[2026-10-06 06:12:23.489] [info] [candidate.cpp:199] InstancePrecompute: built 3 candidates
[2026-10-06 06:12:23.489] [info] [stationary.cpp:264] NN: cost=1426.412072, feasible=true, active_stations=1
[2026-10-06 06:12:23.489] [info] [candidate.cpp:199] InstancePrecompute: built 3 candidates
[2026-10-06 06:12:23.489] [info] [stationary.cpp:264] NN: cost=11310.689518, feasible=true, active_stations=1
[2026-10-06 06:12:23.489] [info] [candidate.cpp:199] InstancePrecompute: built 3 candidates
[2026-10-06 06:12:23.489] [info] [stationary.cpp:264] NN: cost=16900.625657, feasible=true, active_stations=1
[2026-10-06 06:12:23.489] [info] [candidate.cpp:199] InstancePrecompute: built 3 candidates
[2026-10-06 06:12:23.489] [info] [stationary.cpp:264] NN: cost=5032.035483, feasible=true, active_stations=1
[2026-10-06 06:12:23.489] [info] [candidate.cpp:199] InstancePrecompute: built 3 candidates
[2026-10-06 06:12:23.489] [info] [stationary.cpp:264] NN: cost=9446.933163, feasible=true, active_stations=1
[2026-10-06 06:12:23.489] [info] [candidate.cpp:199] InstancePrecompute: built 3 candidates
[2026-10-06 06:12:23.489] [info] [stationary.cpp:264] NN: cost=1763.496714, feasible=true, active_stations=1
[2026-10-06 06:12:23.489] [info] [candidate.cpp:199] InstancePrecompute: built 3 candidates
[2026-10-06 06:12:23.489] [info] [stationary.cpp:264] NN: cost=9776.518717, feasible=true, active_stations=1
[2026-10-06 06:12:23.489] [info] [candidate.cpp:199] InstancePrecompute: built 3 candidates
[2026-10-06 06:12:23.489] [info] [stationary.cpp:264] NN: cost=2852.842487, feasible=true, active_stations=1
[2026-10-06 06:12:23.489] [info] [candidate.cpp:199] InstancePrecompute: built 3 candidates
[2026-10-06 06:12:23.489] [info] [stationary.cpp:264] NN: cost=950.764108, feasible=true, active_stations=1
[2026-10-06 06:12:23.489] [info] [candidate.cpp:199] InstancePrecompute: built 3 candidates
[2026-10-06 06:12:23.489] [info] [stationary.cpp:264] NN: cost=1099.674921, feasible=true, active_stations=1
[2026-10-06 06:12:23.489] [info] [candidate.cpp:199] InstancePrecompute: built 3 candidates
[2026-10-06 06:12:23.489] [info] [stationary.cpp:264] NN: cost=1426.412072, feasible=true, active_stations=1
[2026-10-06 06:12:23.489] [info] [candidate.cpp:199] InstancePrecompute: built 3 candidates
[2026-10-06 06:12:23.489] [info] [stationary.cpp:264] NN: cost=11310.689518, feasible=true, active_stations=1
[2026-10-06 06:12:23.489] [info] [candidate.cpp:199] InstancePrecompute: built 3 candidates
[2026-10-06 06:12:23.489] [info] [stationary.cpp:264] NN: cost=16900.625657, feasible=true, active_stations=1
[2026-10-06 06:12:23.489] [info] [candidate.cpp:199] InstancePrecompute: built 3 candidates
[2026-10-06 06:12:23.489] [info] [stationary.cpp:264] NN: cost=5032.035483, feasible=true, active_stations=1
[2026-10-06 06:12:23.489] [info] [candidate.cpp:199] InstancePrecompute: built 3 candidates
[2026-10-06 06:12:23.489] [info] [stationary.cpp:264] NN: cost=9446.933163, feasible=true, active_stations=1
[2026-10-06 06:12:23.489] [info] [candidate.cpp:199] InstancePrecompute: built 3 candidates
[2026-10-06 06:12:23.489] [info] [stationary.cpp:264] NN: cost=1763.496714, feasible=true, active_stations=1
[2026-10-06 06:12:23.489] [info] [candidate.cpp:199] InstancePrecompute: built 3 candidates
[2026-10-06 06:12:23.489] [info] [stationary.cpp:264] NN: cost=9776.518717, feasible=true, active_stations=1
[2026-10-06 06:12:23.489] [info] [candidate.cpp:199] InstancePrecompute: built 3 candidates
[2026-10-06 06:12:23.489] [info] [stationary.cpp:264] NN: cost=2852.842487, feasible=true, active_stations=1
[2026-10-06 06:12:23.489] [info] [candidate.cpp:199] InstancePrecompute: built 3 candidates
[2026-10-06 06:12:23.489] [info] [stationary.cpp:264] NN: cost=950.764108, feasible=true, active_stations=1
[2026-10-06 06:12:23.489] [info] [candidate.cpp:199] InstancePrecompute: built 3 candidates
[2026-10-06 06:12:23.489] [info] [stationary.cpp:264] NN: cost=1099.674921, feasible=true, active_stations=1
[2026-10-06 06:12:23.489] [info] [candidate.cpp:199] InstancePrecompute: built 3 candidates
[2026-10-06 06:12:23.489] [info] [stationary.cpp:264] NN: cost=1426.412072, feasible=true, active_stations=1
[2026-10-06 06:12:23.489] [info] [candidate.cpp:199] InstancePrecompute: built 3 candidates
[2026-10-06 06:12:23.489] [info] [stationary.cpp:264] NN: cost=11310.689518, feasible=true, active_stations=1
[2026-10-06 06:12:23.489] [info] [candidate.cpp:199] InstancePrecompute: built 3 candidates
[2026-10-06 06:12:23.489] [info] [stationary.cpp:264] NN: cost=16900.625657, feasible=true, active_stations=1
[2026-10-06 06:12:23.489] [info] [candidate.cpp:199] InstancePrecompute: built 3 candidates
[2026-10-06 06:12:23.489] [info] [stationary.cpp:264] NN: cost=5032.035483, feasible=true, active_stations=1
[2026-10-06 06:12:23.489] [info] [candidate.cpp:199] InstancePrecompute: built 3 candidates
[2026-10-06 06:12:23.489] [info] [stationary.cpp:264] NN: cost=9446.933163, feasible=true, active_stations=1
[2026-10-06 06:12:23.489] [info] [candidate.cpp:199] InstancePrecompute: built 3 candidates
[2026-10-06 06:12:23.489] [info] [stationary.cpp:264] NN: cost=1763.496714, feasible=true, active_stations=1
[2026-10-06 06:12:23.489] [info] [candidate.cpp:199] InstancePrecompute: built 3 candidates
[2026-10-06 06:12:23.489] [info] [stationary.cpp:264] NN: cost=9776.518717, feasible=true, active_stations=1
[2026-10-06 06:12:23.489] [info] [candidate.cpp:199] InstancePrecompute: built 3 candidates
[2026-10-06 06:12:23.489] [info] [stationary.cpp:264] NN: cost=2852.842487, feasible=true, active_stations=1
[2026-10-06 06:12:23.489] [info] [candidate.cpp:199] InstancePrecompute: built 3 candidates
[2026-10-06 06:12:23.489] [info] [stationary.cpp:264] NN: cost=950.764108, feasible=true, active_stations=1
[2026-10-06 06:12:23.489] [info] [candidate.cpp:199] InstancePrecompute: built 3 candidates
[2026-10-06 06:12:23.489] [info] [stationary.cpp:264] NN: cost=1099.674921, feasible=true, active_stations=1
[2026-10-06 06:12:23.489] [info] [candidate.cpp:199] InstancePrecompute: built 3 candidates
[2026-10-06 06:12:23.489] [info] [stationary.cpp:264] NN: cost=1426.412072, feasible=true, active_stations=1
[2026-10-06 06:12:23.489] [info] [candidate.cpp:199] InstancePrecompute: built 3 candidates
[2026-10-06 06:12:23.489] [info] [stationary.cpp:264] NN: cost=11310.689518, feasible=true, active_stations=1
[2026-10-06 06:12:23.489] [info] [candidate.cpp:199] InstancePrecompute: built 3 candidates
[2026-10-06 06:12:23.489] [info] [stationary.cpp:264] NN: cost=16900.625657, feasible=true, active_stations=1
[2026-10-06 06:12:23.489] [info] [candidate.cpp:199] InstancePrecompute: built 3 candidates
[2026-10-06 06:12:23.489] [info] [stationary.cpp:264] NN: cost=5032.035483, feasible=true, active_stations=1
[2026-10-06 06:12:23.489] [info] [candidate.cpp:199] InstancePrecompute: built 3 candidates
[2026-10-06 06:12:23.489] [info] [stationary.cpp:264] NN: cost=9446.933163, feasible=true, active_stations=1
[2026-10-06 06:12:23.489] [info] [candidate.cpp:199] InstancePrecompute: built 3 candidates
[2026-10-06 06:12:23.489] [info] [stationary.cpp:264] NN: cost=1763.496714, feasible=true, active_stations=1
[2026-10-06 06:12:23.489] [info] [candidate.cpp:199] InstancePrecompute: built 3 candidates
[2026-10-06 06:12:23.489] [info] [stationary.cpp:264] NN: cost=9776.518717, feasible=true, active_stations=1
[2026-10-06 06:12:23.489] [info] [candidate.cpp:199] InstancePrecompute: built 3 candidates
[2026-10-06 06:12:23.489] [info] [stationary.cpp:264] NN: cost=2852.842487, feasible=true, active_stations=1
[2026-10-06 06:12:23.489] [info] [candidate.cpp:199] InstancePrecompute: built 3 candidates
[2026-10-06 06:12:23.489] [info] [stationary.cpp:264] NN: cost=950.764108, feasible=true, active_stations=1
[2026-10-06 06:12:23.489] [info] [candidate.cpp:199] InstancePrecompute: built 3 candidates
[2026-10-06 06:12:23.489] [info] [stationary.cpp:264] NN: cost=1099.674921, feasible=true, active_stations=1
[2026-10-06 06:12:23.489] [info] [candidate.cpp:199] InstancePrecompute: built 3 candidates
[2026-10-06 06:12:23.489] [info] [stationary.cpp:264] NN: cost=1426.412072, feasible=true, active_stations=1
[2026-10-06 06:12:23.489] [info] [candidate.cpp:199] InstancePrecompute: built 3 candidates
[2026-10-06 06:12:23.489] [info] [stationary.cpp:264] NN: cost=11310.689518, feasible=true, active_stations=1
[2026-10-06 06:12:23.489] [info] [candidate.cpp:199] InstancePrecompute: built 3 candidates
[2026-10-06 06:12:23.489] [info] [stationary.cpp:264] NN: cost=16900.625657, feasible=true, active_stations=1
[2026-10-06 06:12:23.489] [info] [candidate.cpp:199] InstancePrecompute: built 3 candidates
[2026-10-06 06:12:23.489] [info] [stationary.cpp:264] NN: cost=5032.035483, feasible=true, active_stations=1
[2026-10-06 06:12:23.489] [info] [candidate.cpp:199] InstancePrecompute: built 3 candidates
[2026-10-06 06:12:23.489] [info] [stationary.cpp:264] NN: cost=9446.933163, feasible=true, active_stations=1
[2026-10-06 06:12:23.489] [info] [candidate.cpp:199] InstancePrecompute: built 3 candidates
[2026-10-06 06:12:23.489] [info] [stationary.cpp:264] NN: cost=1763.496714, feasible=true, active_stations=1
[2026-10-06 06:12:23.489] [info] [candidate.cpp:199] InstancePrecompute: built 3 candidates
[2026-10-06 06:12:23.489] [info] [stationary.cpp:264] NN: cost=9776.518717, feasible=true, active_stations=1
[2026-10-06 06:12:23.489] [info] [candidate.cpp:199] InstancePrecompute: built 3 candidates
[2026-10-06 06:12:23.489] [info] [stationary.cpp:264] NN: cost=2852.842487, feasible=true, active_stations=1
[2026-10-06 06:12:23.489] [info] [candidate.cpp:199] InstancePrecompute: built 3 candidates
[2026-10-06 06:12:23.489] [info] [stationary.cpp:264] NN: cost=950.764108, feasible=true, active_stations=1
[2026-10-06 06:12:23.489] [info] [candidate.cpp:199] InstancePrecompute: built 3 candidates
[2026-10-06 06:12:23.489] [info] [stationary.cpp:264] NN: cost=1099.674921, feasible=true, active_stations=1
[2026-10-06 06:12:23.489] [info] [candidate.cpp:199] InstancePrecompute: built 3 candidates
[2026-10-06 06:12:23.489] [info] [stationary.cpp:264] NN: cost=1426.412072, feasible=true, active_stations=1
[2026-10-06 06:12:23.489] [info] [candidate.cpp:199] InstancePrecompute: built 3 candidates
[2026-10-06 06:12:23.489] [info] [stationary.cpp:264] NN: cost=11310.689518, feasible=true, active_stations=1
[2026-10-06 06:12:23.489] [info] [candidate.cpp:199] InstancePrecompute: built 3 candidates
[2026-10-06 06:12:23.489] [info] [stationary.cpp:264] NN: cost=16900.625657, feasible=true, active_stations=1
[2026-10-06 06:12:23.489] [info] [candidate.cpp:199] InstancePrecompute: built 3 candidates
[2026-10-06 06:12:23.489] [info] [stationary.cpp:264] NN: cost=5032.035483, feasible=true, active_stations=1
[2026-10-06 06:12:23.489] [info] [candidate.cpp:199] InstancePrecompute: built 3 candidates
[2026-10-06 06:12:23.489] [info] [stationary.cpp:264] NN: cost=9446.933163, feasible=true, active_stations=1
[2026-10-06 06:12:23.489] [info] [candidate.cpp:199] InstancePrecompute: built 3 candidates
[2026-10-06 06:12:23.489] [info] [stationary.cpp:264] NN: cost=1763.496714, feasible=true, active_stations=1
[2026-10-06 06:12:23.489] [info] [candidate.cpp:199] InstancePrecompute: built 3 candidates
[2026-10-06 06:12:23.489] [info] [stationary.cpp:264] NN: cost=9776.518717, feasible=true, active_stations=1
[2026-10-06 06:12:23.489] [info] [candidate.cpp:199] InstancePrecompute: built 3 candidates
[2026-10-06 06:12:23.489] [info] [stationary.cpp:264] NN: cost=2852.842487, feasible=true, active_stations=1
[2026-10-06 06:12:23.489] [info] [candidate.cpp:199] InstancePrecompute: built 3 candidates
[2026-10-06 06:12:23.489] [info] [stationary.cpp:264] NN: cost=950.764108, feasible=true, active_stations=1
[2026-10-06 06:12:23.489] [info] [candidate.cpp:199] InstancePrecompute: built 3 candidates
[2026-10-06 06:12:23.489] [info] [stationary.cpp:264] NN: cost=1099.674921, feasible=true, active_stations=1
[2026-10-06 06:12:23.489] [info] [candidate.cpp:199] InstancePrecompute: built 3 candidates
[2026-10-06 06:12:23.489] [info] [stationary.cpp:264] NN: cost=1426.412072, feasible=true, active_stations=1
[2026-10-06 06:12:23.489] [info] [candidate.cpp:199] InstancePrecompute: built 3 candidates
[2026-10-06 06:12:23.489] [info] [stationary.cpp:264] NN: cost=11310.689518, feasible=true, active_stations=1
[2026-10-06 06:12:23.489] [info] [candidate.cpp:199] InstancePrecompute: built 3 candidates
[2026-10-06 06:12:23.489] [info] [stationary.cpp:264] NN: cost=16900.625657, feasible=true, active_stations=1
[2026-10-06 06:12:23.489] [info] [candidate.cpp:199] InstancePrecompute: built 3 candidates
[2026-10-06 06:12:23.489] [info] [stationary.cpp:264] NN: cost=5032.035483, feasible=true, active_stations=1
[2026-10-06 06:12:23.489] [info] [candidate.cpp:199] InstancePrecompute: built 3 candidates
[2026-10-06 06:12:23.489] [info] [stationary.cpp:264] NN: cost=9446.933163, feasible=true, active_stations=1
[2026-10-06 06:12:23.489] [info] [candidate.cpp:199] InstancePrecompute: built 3 candidates
[2026-10-06 06:12:23.489] [info] [stationary.cpp:264] NN: cost=1763.496714, feasible=true, active_stations=1
[2026-10-06 06:12:23.489] [info] [candidate.cpp:199] InstancePrecompute: built 3 candidates
[2026-10-06 06:12:23.489] [info] [stationary.cpp:264] NN: cost=9776.518717, feasible=true, active_stations=1
[2026-10-06 06:12:23.489] [info] [candidate.cpp:199] InstancePrecompute: built 3 candidates
[2026-10-06 06:12:23.489] [info] [stationary.cpp:264] NN: cost=2852.842487, feasible=true, active_stations=1
[2026-10-06 06:12:23.489] [info] [candidate.cpp:199] InstancePrecompute: built 3 candidates
[2026-10-06 06:12:23.489] [info] [stationary.cpp:264] NN: cost=950.764108, feasible=true, active_stations=1
[2026-10-06 06:12:23.489] [info] [candidate.cpp:199] InstancePrecompute: built 3 candidates
[2026-10-06 06:12:23.489] [info] [stationary.cpp:264] NN: cost=1099.674921, feasible=true, active_stations=1
[2026-10-06 06:12:23.489] [info] [candidate.cpp:199] InstancePrecompute: built 3 candidates
[2026-10-06 06:12:23.489] [info] [stationary.cpp:264] NN: cost=1426.412072, feasible=true, active_stations=1
[2026-10-06 06:12:23.489] [info] [candidate.cpp:199] InstancePrecompute: built 3 candidates
[2026-10-06 06:12:23.489] [info] [stationary.cpp:264] NN: cost=11310.689518, feasible=true, active_stations=1
[2026-10-06 06:12:23.489] [info] [candidate.cpp:199] InstancePrecompute: built 3 candidates
[2026-10-06 06:12:23.489] [info] [stationary.cpp:264] NN: cost=16900.625657, feasible=true, active_stations=1
[2026-10-06 06:12:23.489] [info] [candidate.cpp:199] InstancePrecompute: built 3 candidates
[2026-10-06 06:12:23.489] [info] [stationary.cpp:264] NN: cost=5032.035483, feasible=true, active_stations=1
[2026-10-06 06:12:23.489] [info] [candidate.cpp:199] InstancePrecompute: built 3 candidates
[2026-10-06 06:12:23.489] [info] [stationary.cpp:264] NN: cost=9446.933163, feasible=true, active_stations=1
[2026-10-06 06:12:23.489] [info] [candidate.cpp:199] InstancePrecompute: built 3 candidates
[2026-10-06 06:12:23.489] [info] [stationary.cpp:264] NN: cost=1763.496714, feasible=true, active_stations=1
[2026-10-06 06:12:23.489] [info] [candidate.cpp:199] InstancePrecompute: built 3 candidates
[2026-10-06 06:12:23.489] [info] [stationary.cpp:264] NN: cost=9776.518717, feasible=true, active_stations=1
[2026-10-06 06:12:23.489] [info] [candidate.cpp:199] InstancePrecompute: built 3 candidates
[2026-10-06 06:12:23.489] [info] [stationary.cpp:264] NN: cost=2852.842487, feasible=true, active_stations=1
[2026-10-06 06:12:23.489] [info] [candidate.cpp:199] InstancePrecompute: built 3 candidates
[2026-10-06 06:12:23.489] [info] [stationary.cpp:264] NN: cost=950.764108, feasible=true, active_stations=1
[2026-10-06 06:12:23.489] [info] [candidate.cpp:199] InstancePrecompute: built 3 candidates
[2026-10-06 06:12:23.489] [info] [stationary.cpp:264] NN: cost=1099.674921, feasible=true, active_stations=1
[2026-10-06 06:12:23.489] [info] [candidate.cpp:199] InstancePrecompute: built 3 candidates
[2026-10-06 06:12:23.489] [info] [stationary.cpp:264] NN: cost=1426.412072, feasible=true, active_stations=1
[2026-10-06 06:12:23.489] [info] [candidate.cpp:199] InstancePrecompute: built 3 candidates
[2026-10-06 06:12:23.489] [info] [stationary.cpp:264] NN: cost=11310.689518, feasible=true, active_stations=1
[2026-10-06 06:12:23.489] [info] [candidate.cpp:199] InstancePrecompute: built 3 candidates
[2026-10-06 06:12:23.489] [info] [stationary.cpp:264] NN: cost=16900.625657, feasible=true, active_stations=1
[2026-10-06 06:12:23.489] [info] [candidate.cpp:199] InstancePrecompute: built 3 candidates
[2026-10-06 06:12:23.489] [info] [stationary.cpp:264] NN: cost=5032.035483, feasible=true, active_stations=1
[2026-10-06 06:12:23.489] [info] [candidate.cpp:199] InstancePrecompute: built 3 candidates
[2026-10-06 06:12:23.489] [info] [stationary.cpp:264] NN: cost=9446.933163, feasible=true, active_stations=1
[2026-10-06 06:12:23.489] [info] [candidate.cpp:199] InstancePrecompute: built 3 candidates
[2026-10-06 06:12:23.489] [info] [stationary.cpp:264] NN: cost=1763.496714, feasible=true, active_stations=1
[2026-10-06 06:12:23.489] [info] [candidate.cpp:199] InstancePrecompute: built 3 candidates
[2026-10-06 06:12:23.489] [info] [stationary.cpp:264] NN: cost=9776.518717, feasible=true, active_stations=1
[2026-10-06 06:12:23.489] [info] [candidate.cpp:199] InstancePrecompute: built 3 candidates
[2026-10-06 06:12:23.489] [info] [stationary.cpp:264] NN: cost=2852.842487, feasible=true, active_stations=1
[2026-10-06 06:12:23.489] [info] [candidate.cpp:199] InstancePrecompute: built 3 candidates
[2026-10-06 06:12:23.489] [info] [stationary.cpp:264] NN: cost=950.764108, feasible=true, active_stations=1
[2026-10-06 06:12:23.489] [info] [candidate.cpp:199] InstancePrecompute: built 3 candidates
[2026-10-06 06:12:23.489] [info] [stationary.cpp:264] NN: cost=1099.674921, feasible=true, active_stations=1
[2026-10-06 06:12:23.489] [info] [candidate.cpp:199] InstancePrecompute: built 3 candidates
[2026-10-06 06:12:23.489] [info] [stationary.cpp:264] NN: cost=1426.412072, feasible=true, active_stations=1
[2026-10-06 06:12:23.489] [info] [candidate.cpp:199] InstancePrecompute: built 3 candidates
[2026-10-06 06:12:23.489] [info] [stationary.cpp:264] NN: cost=11310.689518, feasible=true, active_stations=1
[2026-10-06 06:12:23.489] [info] [candidate.cpp:199] InstancePrecompute: built 3 candidates
[2026-10-06 06:12:23.489] [info] [stationary.cpp:264] NN: cost=16900.625657, feasible=true, active_stations=1
[2026-10-06 06:12:23.489] [info] [candidate.cpp:199] InstancePrecompute: built 3 candidates
[2026-10-06 06:12:23.489] [info] [stationary.cpp:264] NN: cost=5032.035483, feasible=true, active_stations=1
[2026-10-06 06:12:23.489] [info] [candidate.cpp:199] InstancePrecompute: built 3 candidates
[2026-10-06 06:12:23.489] [info] [stationary.cpp:264] NN: cost=9446.933163, feasible=true, active_stations=1
[2026-10-06 06:12:23.489] [info] [candidate.cpp:199] InstancePrecompute: built 3 candidates
[2026-10-06 06:12:23.489] [info] [stationary.cpp:264] NN: cost=1763.496714, feasible=true, active_stations=1
[2026-10-06 06:12:23.489] [info] [candidate.cpp:199] InstancePrecompute: built 3 candidates
[2026-10-06 06:12:23.489] [info] [stationary.cpp:264] NN: cost=9776.518717, feasible=true, active_stations=1
[2026-10-06 06:12:23.489] [info] [candidate.cpp:199] InstancePrecompute: built 3 candidates
[2026-10-06 06:12:23.489] [info] [stationary.cpp:264] NN: cost=2852.842487, feasible=true, active_stations=1
[2026-10-06 06:12:23.489] [info] [candidate.cpp:199] InstancePrecompute: built 3 candidates
[2026-10-06 06:12:23.489] [info] [stationary.cpp:264] NN: cost=950.764108, feasible=true, active_stations=1
[2026-10-06 06:12:23.489] [info] [candidate.cpp:199] InstancePrecompute: built 3 candidates
[2026-10-06 06:12:23.489] [info] [stationary.cpp:264] NN: cost=1099.674921, feasible=true, active_stations=1
[2026-10-06 06:12:23.489] [info] [candidate.cpp:199] InstancePrecompute: built 3 candidates
[2026-10-06 06:12:23.489] [info] [stationary.cpp:264] NN: cost=1426.412072, feasible=true, active_stations=1
[2026-10-06 06:12:23.489] [info] [candidate.cpp:199] InstancePrecompute: built 3 candidates
[2026-10-06 06:12:23.489] [info] [stationary.cpp:264] NN: cost=11310.689518, feasible=true, active_stations=1
[2026-10-06 06:12:23.489] [info] [candidate.cpp:199] InstancePrecompute: built 3 candidates
[2026-10-06 06:12:23.489] [info] [stationary.cpp:264] NN: cost=16900.625657, feasible=true, active_stations=1
[2026-10-06 06:12:23.489] [info] [candidate.cpp:199] InstancePrecompute: built 3 candidates
[2026-10-06 06:12:23.489] [info] [stationary.cpp:264] NN: cost=5032.035483, feasible=true, active_stations=1
[2026-10-06 06:12:23.489] [info] [candidate.cpp:199] InstancePrecompute: built 3 candidates
[2026-10-06 06:12:23.489] [info] [stationary.cpp:264] NN: cost=9446.933163, feasible=true, active_stations=1
[2026-10-06 06:12:23.489] [info] [candidate.cpp:199] InstancePrecompute: built 3 candidates
[2026-10-06 06:12:23.489] [info] [stationary.cpp:264] NN: cost=1763.496714, feasible=true, active_stations=1
[2026-10-06 06:12:23.489] [info] [candidate.cpp:199] InstancePrecompute: built 3 candidates
[2026-10-06 06:12:23.489] [info] [stationary.cpp:264] NN: cost=9776.518717, feasible=true, active_stations=1
[2026-10-06 06:12:23.489] [info] [candidate.cpp:199] InstancePrecompute: built 3 candidates
[2026-10-06 06:12:23.489] [info] [stationary.cpp:264] NN: cost=2852.842487, feasible=true, active_stations=1
[2026-10-06 06:12:23.489] [info] [candidate.cpp:199] InstancePrecompute: built 3 candidates
[2026-10-06 06:12:23.489] [info] [stationary.cpp:264] NN: cost=950.764108, feasible=true, active_stations=1
[2026-10-06 06:12:23.489] [info] [candidate.cpp:199] InstancePrecompute: built 3 candidates
[2026-10-06 06:12:23.489] [info] [stationary.cpp:264] NN: cost=1099.674921, feasible=true, active_stations=1
[2026-10-06 06:12:23.489] [info] [candidate.cpp:199] InstancePrecompute: built 3 candidates
[2026-10-06 06:12:23.489] [info] [stationary.cpp:264] NN: cost=1426.412072, feasible=true, active_stations=1
[2026-10-06 06:12:23.489] [info] [candidate.cpp:199] InstancePrecompute: built 3 candidates
[2026-10-06 06:12:23.489] [info] [stationary.cpp:264] NN: cost=11310.689518, feasible=true, active_stations=1
[2026-10-06 06:12:23.489] [info] [candidate.cpp:199] InstancePrecompute: built 3 candidates
[2026-10-06 06:12:23.489] [info] [stationary.cpp:264] NN: cost=16900.625657, feasible=true, active_stations=1
[2026-10-06 06:12:23.489] [info] [candidate.cpp:199] InstancePrecompute: built 3 candidates
[2026-10-06 06:12:23.489] [info] [stationary.cpp:264] NN: cost=5032.035483, feasible=true, active_stations=1
[2026-10-06 06:12:23.489] [info] [candidate.cpp:199] InstancePrecompute: built 3 candidates
[2026-10-06 06:12:23.489] [info] [stationary.cpp:264] NN: cost=9446.933163, feasible=true, active_stations=1
[2026-10-06 06:12:23.489] [info] [candidate.cpp:199] InstancePrecompute: built 3 candidates
[2026-10-06 06:12:23.489] [info] [stationary.cpp:264] NN: cost=1763.496714, feasible=true, active_stations=1
[2026-10-06 06:12:23.489] [info] [candidate.cpp:199] InstancePrecompute: built 3 candidates
[2026-10-06 06:12:23.489] [info] [stationary.cpp:264] NN: cost=9776.518717, feasible=true, active_stations=1
[2026-10-06 06:12:23.489] [info] [candidate.cpp:199] InstancePrecompute: built 3 candidates
[2026-10-06 06:12:23.489] [info] [stationary.cpp:264] NN: cost=2852.842487, feasible=true, active_stations=1
[2026-10-06 06:12:23.489] [info] [candidate.cpp:199] InstancePrecompute: built 3 candidates
[2026-10-06 06:12:23.489] [info] [stationary.cpp:264] NN: cost=950.764108, feasible=true, active_stations=1
[2026-10-06 06:12:23.489] [info] [candidate.cpp:199] InstancePrecompute: built 3 candidates
[2026-10-06 06:12:23.489] [info] [stationary.cpp:264] NN: cost=1099.674921, feasible=true, active_stations=1
[2026-10-06 06:12:23.489] [info] [candidate.cpp:199] InstancePrecompute: built 3 candidates
[2026-10-06 06:12:23.489] [info] [stationary.cpp:264] NN: cost=1426.412072, feasible=true, active_stations=1
[2026-10-06 06:12:23.489] [info] [candidate.cpp:199] InstancePrecompute: built 3 candidates
[2026-10-06 06:12:23.489] [info] [stationary.cpp:264] NN: cost=11310.689518, feasible=true, active_stations=1
[2026-10-06 06:12:23.489] [info] [candidate.cpp:199] InstancePrecompute: built 3 candidates
[2026-10-06 06:12:23.489] [info] [stationary.cpp:264] NN: cost=16900.625657, feasible=true, active_stations=1
[2026-10-06 06:12:23.489] [info] [candidate.cpp:199] InstancePrecompute: built 3 candidates
[2026-10-06 06:12:23.489] [info] [stationary.cpp:264] NN: cost=5032.035483, feasible=true, active_stations=1
[2026-10-06 06:12:23.489] [info] [candidate.cpp:199] InstancePrecompute: built 3 candidates
[2026-10-06 06:12:23.489] [info] [stationary.cpp:264] NN: cost=9446.933163, feasible=true, active_stations=1
[2026-10-06 06:12:23.489] [info] [candidate.cpp:199] InstancePrecompute: built 3 candidates
[2026-10-06 06:12:23.489] [info] [stationary.cpp:264] NN: cost=1763.496714, feasible=true, active_stations=1
[2026-10-06 06:12:23.489] [info] [candidate.cpp:199] InstancePrecompute: built 3 candidates
[2026-10-06 06:12:23.489] [info] [stationary.cpp:264] NN: cost=9776.518717, feasible=true, active_stations=1
[2026-10-06 06:12:23.489] [info] [candidate.cpp:199] InstancePrecompute: built 3 candidates
[2026-10-06 06:12:23.489] [info] [stationary.cpp:264] NN: cost=2852.842487, feasible=true, active_stations=1
[2026-10-06 06:12:23.489] [info] [candidate.cpp:199] InstancePrecompute: built 3 candidates
[2026-10-06 06:12:23.489] [info] [stationary.cpp:264] NN: cost=950.764108, feasible=true, active_stations=1
[2026-10-06 06:12:23.489] [info] [candidate.cpp:199] InstancePrecompute: built 3 candidates
[2026-10-06 06:12:23.489] [info] [stationary.cpp:264] NN: cost=1099.674921, feasible=true, active_stations=1
[2026-10-06 06:12:23.489] [info] [candidate.cpp:199] InstancePrecompute: built 3 candidates
[2026-10-06 06:12:23.489] [info] [stationary.cpp:264] NN: cost=1426.412072, feasible=true, active_stations=1
[2026-10-06 06:12:23.489] [info] [candidate.cpp:199] InstancePrecompute: built 3 candidates
[2026-10-06 06:12:23.489] [info] [stationary.cpp:264] NN: cost=11310.689518, feasible=true, active_stations=1
[2026-10-06 06:12:23.489] [info] [candidate.cpp:199] InstancePrecompute: built 3 candidates
[2026-10-06 06:12:23.489] [info] [stationary.cpp:264] NN: cost=16900.625657, feasible=true, active_stations=1
[2026-10-06 06:12:23.489] [info] [candidate.cpp:199] InstancePrecompute: built 3 candidates
[2026-10-06 06:12:23.489] [info] [stationary.cpp:264] NN: cost=5032.035483, feasible=true, active_stations=1
[2026-10-06 06:12:23.489] [info] [candidate.cpp:199] InstancePrecompute: built 3 candidates
[2026-10-06 06:12:23.489] [info] [stationary.cpp:264] NN: cost=9446.933163, feasible=true, active_stations=1
[2026-10-06 06:12:23.489] [info] [candidate.cpp:199] InstancePrecompute: built 3 candidates
[2026-10-06 06:12:23.489] [info] [stationary.cpp:264] NN: cost=1763.496714, feasible=true, active_stations=1
[2026-10-06 06:12:23.489] [info] [candidate.cpp:199] InstancePrecompute: built 3 candidates
[2026-10-06 06:12:23.489] [info] [stationary.cpp:264] NN: cost=9776.518717, feasible=true, active_stations=1
[2026-10-06 06:12:23.489] [info] [candidate.cpp:199] InstancePrecompute: built 3 candidates
[2026-10-06 06:12:23.489] [info] [stationary.cpp:264] NN: cost=2852.842487, feasible=true, active_stations=1
[2026-10-06 06:12:23.489] [info] [candidate.cpp:199] InstancePrecompute: built 3 candidates
[2026-10-06 06:12:23.489] [info] [stationary.cpp:264] NN: cost=950.764108, feasible=true, active_stations=1
[2026-10-06 06:12:23.489] [info] [candidate.cpp:199] InstancePrecompute: built 3 candidates
[2026-10-06 06:12:23.489] [info] [stationary.cpp:264] NN: cost=1099.674921, feasible=true, active_stations=1
[2026-10-06 06:12:23.489] [info] [candidate.cpp:199] InstancePrecompute: built 3 candidates
[2026-10-06 06:12:23.489] [info] [stationary.cpp:264] NN: cost=1426.412072, feasible=true, active_stations=1
[2026-10-06 06:12:23.489] [info] [candidate.cpp:199] InstancePrecompute: built 3 candidates
[2026-10-06 06:12:23.489] [info] [stationary.cpp:264] NN: cost=11310.689518, feasible=true, active_stations=1
[2026-10-06 06:12:23.489] [info] [candidate.cpp:199] InstancePrecompute: built 3 candidates
[2026-10-06 06:12:23.489] [info] [stationary.cpp:264] NN: cost=16900.625657, feasible=true, active_stations=1
[2026-10-06 06:12:23.489] [info] [candidate.cpp:199] InstancePrecompute: built 3 candidates
[2026-10-06 06:12:23.489] [info] [stationary.cpp:264] NN: cost=5032.035483, feasible=true, active_stations=1
[2026-10-06 06:12:23.489] [info] [candidate.cpp:199] InstancePrecompute: built 3 candidates
[2026-10-06 06:12:23.489] [info] [stationary.cpp:264] NN: cost=9446.933163, feasible=true, active_stations=1
[2026-10-06 06:12:23.489] [info] [candidate.cpp:199] InstancePrecompute: built 3 candidates
[2026-10-06 06:12:23.489] [info] [stationary.cpp:264] NN: cost=1763.496714, feasible=true, active_stations=1
[2026-10-06 06:12:23.489] [info] [candidate.cpp:199] InstancePrecompute: built 3 candidates
[2026-10-06 06:12:23.489] [info] [stationary.cpp:264] NN: cost=9776.518717, feasible=true, active_stations=1
[2026-10-06 06:12:23.489] [info] [candidate.cpp:199] InstancePrecompute: built 3 candidates
[2026-10-06 06:12:23.489] [info] [stationary.cpp:264] NN: cost=2852.842487, feasible=true, active_stations=1
[2026-10-06 06:12:23.489] [info] [candidate.cpp:199] InstancePrecompute: built 3 candidates
[2026-10-06 06:12:23.489] [info] [stationary.cpp:264] NN: cost=950.764108, feasible=true, active_stations=1
[2026-10-06 06:12:23.489] [info] [candidate.cpp:199] InstancePrecompute: built 3 candidates
[2026-10-06 06:12:23.489] [info] [stationary.cpp:264] NN: cost=1099.674921, feasible=true, active_stations=1
[2026-10-06 06:12:23.489] [info] [candidate.cpp:199] InstancePrecompute: built 3 candidates
[2026-10-06 06:12:23.489] [info] [stationary.cpp:264] NN: cost=1426.412072, feasible=true, active_stations=1
[2026-10-06 06:12:23.489] [info] [candidate.cpp:199] InstancePrecompute: built 3 candidates
[2026-10-06 06:12:23.489] [info] [stationary.cpp:264] NN: cost=11310.689518, feasible=true, active_stations=1
[2026-10-06 06:12:23.489] [info] [candidate.cpp:199] InstancePrecompute: built 3 candidates
[2026-10-06 06:12:23.489] [info] [stationary.cpp:264] NN: cost=16900.625657, feasible=true, active_stations=1
[2026-10-06 06:12:23.489] [info] [candidate.cpp:199] InstancePrecompute: built 3 candidates
[2026-10-06 06:12:23.489] [info] [stationary.cpp:264] NN: cost=5032.035483, feasible=true, active_stations=1
[2026-10-06 06:12:23.489] [info] [candidate.cpp:199] InstancePrecompute: built 3 candidates
[2026-10-06 06:12:23.489] [info] [stationary.cpp:264] NN: cost=9446.933163, feasible=true, active_stations=1
[2026-10-06 06:12:23.489] [info] [candidate.cpp:199] InstancePrecompute: built 3 candidates
[2026-10-06 06:12:23.489] [info] [stationary.cpp:264] NN: cost=1763.496714, feasible=true, active_stations=1
[2026-10-06 06:12:23.489] [info] [candidate.cpp:199] InstancePrecompute: built 3 candidates
[2026-10-06 06:12:23.489] [info] [stationary.cpp:264] NN: cost=9776.518717, feasible=true, active_stations=1
[2026-10-06 06:12:23.489] [info] [candidate.cpp:199] InstancePrecompute: built 3 candidates
[2026-10-06 06:12:23.489] [info] [stationary.cpp:264] NN: cost=2852.842487, feasible=true, active_stations=1
[2026-10-06 06:12:23.489] [info] [candidate.cpp:199] InstancePrecompute: built 3 candidates
[2026-10-06 06:12:23.489] [info] [stationary.cpp:264] NN: cost=950.764108, feasible=true, active_stations=1
[2026-10-06 06:12:23.489] [info] [candidate.cpp:199] InstancePrecompute: built 3 candidates
[2026-10-06 06:12:23.489] [info] [stationary.cpp:264] NN: cost=1099.674921, feasible=true, active_stations=1
[2026-10-06 06:12:23.489] [info] [candidate.cpp:199] InstancePrecompute: built 3 candidates
[2026-10-06 06:12:23.489] [info] [stationary.cpp:264] NN: cost=1426.412072, feasible=true, active_stations=1
[2026-10-06 06:12:23.489] [info] [candidate.cpp:199] InstancePrecompute: built 3 candidates
[2026-10-06 06:12:23.489] [info] [stationary.cpp:264] NN: cost=11310.689518, feasible=true, active_stations=1
[2026-10-06 06:12:23.489] [info] [candidate.cpp:199] InstancePrecompute: built 3 candidates
[2026-10-06 06:12:23.489] [info] [stationary.cpp:264] NN: cost=16900.625657, feasible=true, active_stations=1
[2026-10-06 06:12:23.489] [info] [candidate.cpp:199] InstancePrecompute: built 3 candidates
[2026-10-06 06:12:23.489] [info] [stationary.cpp:264] NN: cost=5032.035483, feasible=true, active_stations=1
[2026-10-06 06:12:23.489] [info] [candidate.cpp:199] InstancePrecompute: built 3 candidates
[2026-10-06 06:12:23.489] [info] [stationary.cpp:264] NN: cost=9446.933163, feasible=true, active_stations=1
[2026-10-06 06:12:23.489] [info] [candidate.cpp:199] InstancePrecompute: built 3 candidates
[2026-10-06 06:12:23.489] [info] [stationary.cpp:264] NN: cost=1763.496714, feasible=true, active_stations=1
[2026-10-06 06:12:23.489] [info] [candidate.cpp:199] InstancePrecompute: built 3 candidates
[2026-10-06 06:12:23.489] [info] [stationary.cpp:264] NN: cost=9776.518717, feasible=true, active_stations=1
[2026-10-06 06:12:23.489] [info] [candidate.cpp:199] InstancePrecompute: built 3 candidates
[2026-10-06 06:12:23.489] [info] [stationary.cpp:264] NN: cost=2852.842487, feasible=true, active_stations=1
[2026-10-06 06:12:23.489] [info] [candidate.cpp:199] InstancePrecompute: built 3 candidates
[2026-10-06 06:12:23.489] [info] [stationary.cpp:264] NN: cost=950.764108, feasible=true, active_stations=1
[2026-10-06 06:12:23.489] [info] [candidate.cpp:199] InstancePrecompute: built 3 candidates
[2026-10-06 06:12:23.489] [info] [stationary.cpp:264] NN: cost=1099.674921, feasible=true, active_stations=1
[2026-10-06 06:12:23.489] [info] [candidate.cpp:199] InstancePrecompute: built 3 candidates
[2026-10-06 06:12:23.489] [info] [stationary.cpp:264] NN: cost=1426.412072, feasible=true, active_stations=1
[2026-10-06 06:12:23.489] [info] [candidate.cpp:199] InstancePrecompute: built 3 candidates
[2026-10-06 06:12:23.489] [info] [stationary.cpp:264] NN: cost=11310.689518, feasible=true, active_stations=1
[2026-10-06 06:12:23.489] [info] [candidate.cpp:199] InstancePrecompute: built 3 candidates
[2026-10-06 06:12:23.489] [info] [stationary.cpp:264] NN: cost=16900.625657, feasible=true, active_stations=1
[2026-10-06 06:12:23.489] [info] [candidate.cpp:199] InstancePrecompute: built 3 candidates
[2026-10-06 06:12:23.489] [info] [stationary.cpp:264] NN: cost=5032.035483, feasible=true, active_stations=1
[2026-10-06 06:12:23.489] [info] [candidate.cpp:199] InstancePrecompute: built 3 candidates
[2026-10-06 06:12:23.489] [info] [stationary.cpp:264] NN: cost=9446.933163, feasible=true, active_stations=1
[2026-10-06 06:12:23.489] [info] [candidate.cpp:199] InstancePrecompute: built 3 candidates
[2026-10-06 06:12:23.489] [info] [stationary.cpp:264] NN: cost=1763.496714, feasible=true, active_stations=1
[2026-10-06 06:12:23.489] [info] [candidate.cpp:199] InstancePrecompute: built 3 candidates
[2026-10-06 06:12:23.489] [info] [stationary.cpp:264] NN: cost=9776.518717, feasible=true, active_stations=1
[2026-10-06 06:12:23.489] [info] [candidate.cpp:199] InstancePrecompute: built 3 candidates
[2026-10-06 06:12:23.489] [info] [stationary.cpp:264] NN: cost=2852.842487, feasible=true, active_stations=1
[2026-10-06 06:12:23.489] [info] [candidate.cpp:199] InstancePrecompute: built 3 candidates
[2026-10-06 06:12:23.489] [info] [stationary.cpp:264] NN: cost=950.764108, feasible=true, active_stations=1
[2026-10-06 06:12:23.489] [info] [candidate.cpp:199] InstancePrecompute: built 3 candidates
[2026-10-06 06:12:23.489] [info] [stationary.cpp:264] NN: cost=1099.674921, feasible=true, active_stations=1
[2026-10-06 06:12:23.489] [info] [candidate.cpp:199] InstancePrecompute: built 3 candidates
[2026-10-06 06:12:23.489] [info] [stationary.cpp:264] NN: cost=1426.412072, feasible=true, active_stations=1
[2026-10-06 06:12:23.489] [info] [candidate.cpp:199] InstancePrecompute: built 3 candidates
[2026-10-06 06:12:23.489] [info] [stationary.cpp:264] NN: cost=11310.689518, feasible=true, active_stations=1
[2026-10-06 06:12:23.489] [info] [candidate.cpp:199] InstancePrecompute: built 3 candidates
[2026-10-06 06:12:23.489] [info] [stationary.cpp:264] NN: cost=16900.625657, feasible=true, active_stations=1
[2026-10-06 06:12:23.489] [info] [candidate.cpp:199] InstancePrecompute: built 3 candidates
[2026-10-06 06:12:23.489] [info] [stationary.cpp:264] NN: cost=5032.035483, feasible=true, active_stations=1
[2026-10-06 06:12:23.489] [info] [candidate.cpp:199] InstancePrecompute: built 3 candidates
[2026-10-06 06:12:23.489] [info] [stationary.cpp:264] NN: cost=9446.933163, feasible=true, active_stations=1
[2026-10-06 06:12:23.489] [info] [candidate.cpp:199] InstancePrecompute: built 3 candidates
[2026-10-06 06:12:23.489] [info] [stationary.cpp:264] NN: cost=1763.496714, feasible=true, active_stations=1
[2026-10-06 06:12:23.489] [info] [candidate.cpp:199] InstancePrecompute: built 3 candidates
[2026-10-06 06:12:23.489] [info] [stationary.cpp:264] NN: cost=9776.518717, feasible=true, active_stations=1
[2026-10-06 06:12:23.489] [info] [candidate.cpp:199] InstancePrecompute: built 3 candidates
[2026-10-06 06:12:23.489] [info] [stationary.cpp:264] NN: cost=2852.842487, feasible=true, active_stations=1
[2026-10-06 06:12:23.489] [info] [candidate.cpp:199] InstancePrecompute: built 3 candidates
[2026-10-06 06:12:23.489] [info] [stationary.cpp:264] NN: cost=950.764108, feasible=true, active_stations=1
[2026-10-06 06:12:23.489] [info] [candidate.cpp:199] InstancePrecompute: built 3 candidates
[2026-10-06 06:12:23.489] [info] [stationary.cpp:264] NN: cost=1099.674921, feasible=true, active_stations=1
[2026-10-06 06:12:23.489] [info] [candidate.cpp:199] InstancePrecompute: built 3 candidates
[2026-10-06 06:12:23.489] [info] [stationary.cpp:264] NN: cost=1426.412072, feasible=true, active_stations=1
[2026-10-06 06:12:23.489] [info] [candidate.cpp:199] InstancePrecompute: built 3 candidates
[2026-10-06 06:12:23.489] [info] [stationary.cpp:264] NN: cost=11310.689518, feasible=true, active_stations=1
[2026-10-06 06:12:23.489] [info] [candidate.cpp:199] InstancePrecompute: built 3 candidates
[2026-10-06 06:12:23.489] [info] [stationary.cpp:264] NN: cost=16900.625657, feasible=true, active_stations=1
[2026-10-06 06:12:23.489] [info] [candidate.cpp:199] InstancePrecompute: built 3 candidates
[2026-10-06 06:12:23.489] [info] [stationary.cpp:264] NN: cost=5032.035483, feasible=true, active_stations=1
[2026-10-06 06:12:23.489] [info] [candidate.cpp:199] InstancePrecompute: built 3 candidates
[2026-10-06 06:12:23.489] [info] [stationary.cpp:264] NN: cost=9446.933163, feasible=true, active_stations=1
[2026-10-06 06:12:23.489] [info] [candidate.cpp:199] InstancePrecompute: built 3 candidates
[2026-10-06 06:12:23.489] [info] [stationary.cpp:264] NN: cost=1763.496714, feasible=true, active_stations=1
[2026-10-06 06:12:23.489] [info] [candidate.cpp:199] InstancePrecompute: built 3 candidates
[2026-10-06 06:12:23.489] [info] [stationary.cpp:264] NN: cost=9776.518717, feasible=true, active_stations=1
[2026-10-06 06:12:23.489] [info] [candidate.cpp:199] InstancePrecompute: built 3 candidates
[2026-10-06 06:12:23.489] [info] [stationary.cpp:264] NN: cost=2852.842487, feasible=true, active_stations=1
[2026-10-06 06:12:23.489] [info] [candidate.cpp:199] InstancePrecompute: built 3 candidates
[2026-10-06 06:12:23.489] [info] [stationary.cpp:264] NN: cost=950.764108, feasible=true, active_stations=1
[2026-10-06 06:12:23.489] [info] [candidate.cpp:199] InstancePrecompute: built 3 candidates
[2026-10-06 06:12:23.489] [info] [stationary.cpp:264] NN: cost=1099.674921, feasible=true, active_stations=1
[2026-10-06 06:12:23.489] [info] [candidate.cpp:199] InstancePrecompute: built 3 candidates
[2026-10-06 06:12:23.489] [info] [stationary.cpp:264] NN: cost=1426.412072, feasible=true, active_stations=1
[2026-10-06 06:12:23.489] [info] [candidate.cpp:199] InstancePrecompute: built 3 candidates
[2026-10-06 06:12:23.489] [info] [stationary.cpp:264] NN: cost=11310.689518, feasible=true, active_stations=1
[2026-10-06 06:12:23.489] [info] [candidate.cpp:199] InstancePrecompute: built 3 candidates
[2026-10-06 06:12:23.489] [info] [stationary.cpp:264] NN: cost=16900.625657, feasible=true, active_stations=1
[2026-10-06 06:12:23.489] [info] [candidate.cpp:199] InstancePrecompute: built 3 candidates
[2026-10-06 06:12:23.489] [info] [stationary.cpp:264] NN: cost=5032.035483, feasible=true, active_stations=1
[2026-10-06 06:12:23.489] [info] [candidate.cpp:199] InstancePrecompute: built 3 candidates
[2026-10-06 06:12:23.489] [info] [stationary.cpp:264] NN: cost=9446.933163, feasible=true, active_stations=1
[2026-10-06 06:12:23.489] [info] [candidate.cpp:199] InstancePrecompute: built 3 candidates
[2026-10-06 06:12:23.489] [info] [stationary.cpp:264] NN: cost=1763.496714, feasible=true, active_stations=1
[2026-10-06 06:12:23.489] [info] [candidate.cpp:199] InstancePrecompute: built 3 candidates
[2026-10-06 06:12:23.489] [info] [stationary.cpp:264] NN: cost=9776.518717, feasible=true, active_stations=1
[2026-10-06 06:12:23.489] [info] [candidate.cpp:199] InstancePrecompute: built 3 candidates
[2026-10-06 06:12:23.489] [info] [stationary.cpp:264] NN: cost=2852.842487, feasible=true, active_stations=1
[2026-10-06 06:12:23.489] [info] [candidate.cpp:199] InstancePrecompute: built 3 candidates
[2026-10-06 06:12:23.489] [info] [stationary.cpp:264] NN: cost=950.764108, feasible=true, active_stations=1
[2026-10-06 06:12:23.489] [info] [candidate.cpp:199] InstancePrecompute: built 3 candidates
[2026-10-06 06:12:23.489] [info] [stationary.cpp:264] NN: cost=1099.674921, feasible=true, active_stations=1
[2026-10-06 06:12:23.489] [info] [candidate.cpp:199] InstancePrecompute: built 3 candidates
[2026-10-06 06:12:23.489] [info] [stationary.cpp:264] NN: cost=1426.412072, feasible=true, active_stations=1
[2026-10-06 06:12:23.489] [info] [candidate.cpp:199] InstancePrecompute: built 3 candidates
[2026-10-06 06:12:23.489] [info] [stationary.cpp:264] NN: cost=11310.689518, feasible=true, active_stations=1
[2026-10-06 06:12:23.489] [info] [candidate.cpp:199] InstancePrecompute: built 3 candidates
[2026-10-06 06:12:23.489] [info] [stationary.cpp:264] NN: cost=16900.625657, feasible=true, active_stations=1
[2026-10-06 06:12:23.489] [info] [candidate.cpp:199] InstancePrecompute: built 3 candidates
[2026-10-06 06:12:23.489] [info] [stationary.cpp:264] NN: cost=5032.035483, feasible=true, active_stations=1
[2026-10-06 06:12:23.489] [info] [candidate.cpp:199] InstancePrecompute: built 3 candidates
[2026-10-06 06:12:23.489] [info] [stationary.cpp:264] NN: cost=9446.933163, feasible=true, active_stations=1
[2026-10-06 06:12:23.489] [info] [candidate.cpp:199] InstancePrecompute: built 3 candidates
[2026-10-06 06:12:23.489] [info] [stationary.cpp:264] NN: cost=1763.496714, feasible=true, active_stations=1
[2026-10-06 06:12:23.489] [info] [candidate.cpp:199] InstancePrecompute: built 3 candidates
[2026-10-06 06:12:23.489] [info] [stationary.cpp:264] NN: cost=9776.518717, feasible=true, active_stations=1
[2026-10-06 06:12:23.489] [info] [candidate.cpp:199] InstancePrecompute: built 3 candidates
[2026-10-06 06:12:23.489] [info] [stationary.cpp:264] NN: cost=2852.842487, feasible=true, active_stations=1
[2026-10-06 06:12:23.489] [info] [candidate.cpp:199] InstancePrecompute: built 3 candidates
[2026-10-06 06:12:23.489] [info] [stationary.cpp:264] NN: cost=950.764108, feasible=true, active_stations=1
[2026-10-06 06:12:23.489] [info] [candidate.cpp:199] InstancePrecompute: built 3 candidates
[2026-10-06 06:12:23.489] [info] [stationary.cpp:264] NN: cost=1099.674921, feasible=true, active_stations=1
[2026-10-06 06:12:23.489] [info] [candidate.cpp:199] InstancePrecompute: built 3 candidates
[2026-10-06 06:12:23.489] [info] [stationary.cpp:264] NN: cost=1426.412072, feasible=true, active_stations=1
[2026-10-06 06:12:23.489] [info] [candidate.cpp:199] InstancePrecompute: built 3 candidates
[2026-10-06 06:12:23.489] [info] [stationary.cpp:264] NN: cost=11310.689518, feasible=true, active_stations=1
[2026-10-06 06:12:23.489] [info] [candidate.cpp:199] InstancePrecompute: built 3 candidates
[2026-10-06 06:12:23.489] [info] [stationary.cpp:264] NN: cost=16900.625657, feasible=true, active_stations=1
[2026-10-06 06:12:23.489] [info] [candidate.cpp:199] InstancePrecompute: built 3 candidates
[2026-10-06 06:12:23.489] [info] [stationary.cpp:264] NN: cost=5032.035483, feasible=true, active_stations=1
[2026-10-06 06:12:23.489] [info] [candidate.cpp:199] InstancePrecompute: built 3 candidates
[2026-10-06 06:12:23.489] [info] [stationary.cpp:264] NN: cost=9446.933163, feasible=true, active_stations=1
[2026-10-06 06:12:23.489] [info] [candidate.cpp:199] InstancePrecompute: built 3 candidates
[2026-10-06 06:12:23.489] [info] [stationary.cpp:264] NN: cost=1763.496714, feasible=true, active_stations=1
[2026-10-06 06:12:23.489] [info] [candidate.cpp:199] InstancePrecompute: built 3 candidates
[2026-10-06 06:12:23.489] [info] [stationary.cpp:264] NN: cost=9776.518717, feasible=true, active_stations=1
[2026-10-06 06:12:23.489] [info] [candidate.cpp:199] InstancePrecompute: built 3 candidates
[2026-10-06 06:12:23.489] [info] [stationary.cpp:264] NN: cost=2852.842487, feasible=true, active_stations=1
[2026-10-06 06:12:23.489] [info] [candidate.cpp:199] InstancePrecompute: built 3 candidates
[2026-10-06 06:12:23.489] [info] [stationary.cpp:264] NN: cost=950.764108, feasible=true, active_stations=1
[2026-10-06 06:12:23.489] [info] [candidate.cpp:199] InstancePrecompute: built 3 candidates
[2026-10-06 06:12:23.489] [info] [stationary.cpp:264] NN: cost=1099.674921, feasible=true, active_stations=1
[2026-10-06 06:12:23.489] [info] [candidate.cpp:199] InstancePrecompute: built 3 candidates
[2026-10-06 06:12:23.489] [info] [stationary.cpp:264] NN: cost=1426.412072, feasible=true, active_stations=1
[2026-10-06 06:12:23.489] [info] [candidate.cpp:199] InstancePrecompute: built 3 candidates
[2026-10-06 06:12:23.489] [info] [stationary.cpp:264] NN: cost=11310.689518, feasible=true, active_stations=1
[2026-10-06 06:12:23.489] [info] [candidate.cpp:199] InstancePrecompute: built 3 candidates
[2026-10-06 06:12:23.489] [info] [stationary.cpp:264] NN: cost=16900.625657, feasible=true, active_stations=1
[2026-10-06 06:12:23.489] [info] [candidate.cpp:199] InstancePrecompute: built 3 candidates
[2026-10-06 06:12:23.489] [info] [stationary.cpp:264] NN: cost=5032.035483, feasible=true, active_stations=1
[2026-10-06 06:12:23.489] [info] [candidate.cpp:199] InstancePrecompute: built 3 candidates
[2026-10-06 06:12:23.489] [info] [stationary.cpp:264] NN: cost=9446.933163, feasible=true, active_stations=1
[2026-10-06 06:12:23.489] [info] [candidate.cpp:199] InstancePrecompute: built 3 candidates
[2026-10-06 06:12:23.489] [info] [stationary.cpp:264] NN: cost=1763.496714, feasible=true, active_stations=1
[2026-10-06 06:12:23.489] [info] [candidate.cpp:199] InstancePrecompute: built 3 candidates
[2026-10-06 06:12:23.489] [info] [stationary.cpp:264] NN: cost=9776.518717, feasible=true, active_stations=1
[2026-10-06 06:12:23.489] [info] [candidate.cpp:199] InstancePrecompute: built 3 candidates
[2026-10-06 06:12:23.489] [info] [stationary.cpp:264] NN: cost=2852.842487, feasible=true, active_stations=1
[2026-10-06 06:12:23.489] [info] [candidate.cpp:199] InstancePrecompute: built 3 candidates
[2026-10-06 06:12:23.489] [info] [stationary.cpp:264] NN: cost=950.764108, feasible=true, active_stations=1
[2026-10-06 06:12:23.489] [info] [candidate.cpp:199] InstancePrecompute: built 3 candidates
[2026-10-06 06:12:23.489] [info] [stationary.cpp:264] NN: cost=1099.674921, feasible=true, active_stations=1
[2026-10-06 06:12:23.489] [info] [candidate.cpp:199] InstancePrecompute: built 3 candidates
[2026-10-06 06:12:23.489] [info] [stationary.cpp:264] NN: cost=1426.412072, feasible=true, active_stations=1
[2026-10-06 06:12:23.489] [info] [candidate.cpp:199] InstancePrecompute: built 3 candidates
[2026-10-06 06:12:23.489] [info] [stationary.cpp:264] NN: cost=11310.689518, feasible=true, active_stations=1
[2026-10-06 06:12:23.489] [info] [candidate.cpp:199] InstancePrecompute: built 3 candidates
[2026-10-06 06:12:23.489] [info] [stationary.cpp:264] NN: cost=16900.625657, feasible=true, active_stations=1
[2026-10-06 06:12:23.489] [info] [candidate.cpp:199] InstancePrecompute: built 3 candidates
[2026-10-06 06:12:23.489] [info] [stationary.cpp:264] NN: cost=5032.035483, feasible=true, active_stations=1
[2026-10-06 06:12:23.489] [info] [candidate.cpp:199] InstancePrecompute: built 3 candidates
[2026-10-06 06:12:23.489] [info] [stationary.cpp:264] NN: cost=9446.933163, feasible=true, active_stations=1
[2026-10-06 06:12:23.489] [info] [candidate.cpp:199] InstancePrecompute: built 3 candidates
[2026-10-06 06:12:23.489] [info] [stationary.cpp:264] NN: cost=9776.518717, feasible=true, active_stations=1
[2026-10-06 06:12:23.489] [info] [candidate.cpp:199] InstancePrecompute: built 6 candidates
[2026-10-06 06:12:23.489] [info] [stationary.cpp:264] NN: cost=4616.339201, feasible=true, active_stations=2
[2026-10-06 06:12:23.489] [info] [candidate.cpp:199] InstancePrecompute: built 3 candidates
[2026-10-06 06:12:23.489] [info] [stationary.cpp:264] NN: cost=950.764108, feasible=true, active_stations=1
[2026-10-06 06:12:23.489] [info] [candidate.cpp:199] InstancePrecompute: built 3 candidates
[2026-10-06 06:12:23.489] [info] [stationary.cpp:264] NN: cost=1099.674921, feasible=true, active_stations=1
[2026-10-06 06:12:23.489] [info] [candidate.cpp:199] InstancePrecompute: built 3 candidates
[2026-10-06 06:12:23.489] [info] [stationary.cpp:264] NN: cost=1426.412072, feasible=true, active_stations=1
[2026-10-06 06:12:23.489] [info] [candidate.cpp:199] InstancePrecompute: built 3 candidates
[2026-10-06 06:12:23.489] [info] [stationary.cpp:264] NN: cost=11310.689518, feasible=true, active_stations=1
[2026-10-06 06:12:23.489] [info] [candidate.cpp:199] InstancePrecompute: built 3 candidates
[2026-10-06 06:12:23.489] [info] [stationary.cpp:264] NN: cost=16900.625657, feasible=true, active_stations=1
[2026-10-06 06:12:23.489] [info] [candidate.cpp:199] InstancePrecompute: built 3 candidates
[2026-10-06 06:12:23.489] [info] [stationary.cpp:264] NN: cost=5032.035483, feasible=true, active_stations=1
[2026-10-06 06:12:23.489] [info] [candidate.cpp:199] InstancePrecompute: built 3 candidates
[2026-10-06 06:12:23.489] [info] [stationary.cpp:264] NN: cost=9446.933163, feasible=true, active_stations=1
[2026-10-06 06:12:23.489] [info] [candidate.cpp:199] InstancePrecompute: built 3 candidates
[2026-10-06 06:12:23.489] [info] [stationary.cpp:264] NN: cost=9776.518717, feasible=true, active_stations=1
[2026-10-06 06:12:23.489] [info] [candidate.cpp:199] InstancePrecompute: built 6 candidates
[2026-10-06 06:12:23.489] [info] [stationary.cpp:264] NN: cost=4616.339201, feasible=true, active_stations=2
[2026-10-06 06:12:23.489] [info] [candidate.cpp:199] InstancePrecompute: built 3 candidates
[2026-10-06 06:12:23.489] [info] [stationary.cpp:264] NN: cost=950.764108, feasible=true, active_stations=1
[2026-10-06 06:12:23.489] [info] [candidate.cpp:199] InstancePrecompute: built 3 candidates
[2026-10-06 06:12:23.489] [info] [stationary.cpp:264] NN: cost=1099.674921, feasible=true, active_stations=1
[2026-10-06 06:12:23.489] [info] [candidate.cpp:199] InstancePrecompute: built 3 candidates
[2026-10-06 06:12:23.489] [info] [stationary.cpp:264] NN: cost=1426.412072, feasible=true, active_stations=1
[2026-10-06 06:12:23.489] [info] [candidate.cpp:199] InstancePrecompute: built 3 candidates
[2026-10-06 06:12:23.489] [info] [stationary.cpp:264] NN: cost=11310.689518, feasible=true, active_stations=1
[2026-10-06 06:12:23.489] [info] [candidate.cpp:199] InstancePrecompute: built 3 candidates
[2026-10-06 06:12:23.489] [info] [stationary.cpp:264] NN: cost=16900.625657, feasible=true, active_stations=1
[2026-10-06 06:12:23.489] [info] [candidate.cpp:199] InstancePrecompute: built 3 candidates
[2026-10-06 06:12:23.489] [info] [stationary.cpp:264] NN: cost=5032.035483, feasible=true, active_stations=1
[2026-10-06 06:12:23.489] [info] [candidate.cpp:199] InstancePrecompute: built 3 candidates
[2026-10-06 06:12:23.489] [info] [stationary.cpp:264] NN: cost=9446.933163, feasible=true, active_stations=1
[2026-10-06 06:12:23.489] [info] [candidate.cpp:199] InstancePrecompute: built 3 candidates
[2026-10-06 06:12:23.489] [info] [stationary.cpp:264] NN: cost=9776.518717, feasible=true, active_stations=1
[2026-10-06 06:12:23.489] [info] [candidate.cpp:199] InstancePrecompute: built 6 candidates
[2026-10-06 06:12:23.489] [info] [stationary.cpp:264] NN: cost=4616.339201, feasible=true, active_stations=2
[2026-10-06 06:12:23.489] [info] [candidate.cpp:199] InstancePrecompute: built 3 candidates
[2026-10-06 06:12:23.489] [info] [stationary.cpp:264] NN: cost=950.764108, feasible=true, active_stations=1
[2026-10-06 06:12:23.489] [info] [candidate.cpp:199] InstancePrecompute: built 3 candidates
[2026-10-06 06:12:23.489] [info] [stationary.cpp:264] NN: cost=1099.674921, feasible=true, active_stations=1
[2026-10-06 06:12:23.489] [info] [candidate.cpp:199] InstancePrecompute: built 3 candidates
[2026-10-06 06:12:23.489] [info] [stationary.cpp:264] NN: cost=1426.412072, feasible=true, active_stations=1
[2026-10-06 06:12:23.489] [info] [candidate.cpp:199] InstancePrecompute: built 3 candidates
[2026-10-06 06:12:23.489] [info] [stationary.cpp:264] NN: cost=11310.689518, feasible=true, active_stations=1
[2026-10-06 06:12:23.489] [info] [candidate.cpp:199] InstancePrecompute: built 3 candidates
[2026-10-06 06:12:23.489] [info] [stationary.cpp:264] NN: cost=16900.625657, feasible=true, active_stations=1
[2026-10-06 06:12:23.489] [info] [candidate.cpp:199] InstancePrecompute: built 3 candidates
[2026-10-06 06:12:23.489] [info] [stationary.cpp:264] NN: cost=5032.035483, feasible=true, active_stations=1
[2026-10-06 06:12:23.489] [info] [candidate.cpp:199] InstancePrecompute: built 3 candidates
[2026-10-06 06:12:23.489] [info] [stationary.cpp:264] NN: cost=9446.933163, feasible=true, active_stations=1
[2026-10-06 06:12:23.489] [info] [candidate.cpp:199] InstancePrecompute: built 3 candidates
[2026-10-06 06:12:23.489] [info] [stationary.cpp:264] NN: cost=9776.518717, feasible=true, active_stations=1
[2026-10-06 06:12:23.489] [info] [candidate.cpp:199] InstancePrecompute: built 6 candidates
[2026-10-06 06:12:23.489] [info] [stationary.cpp:264] NN: cost=4616.339201, feasible=true, active_stations=2
[2026-10-06 06:12:23.489] [info] [candidate.cpp:199] InstancePrecompute: built 3 candidates
[2026-10-06 06:12:23.489] [info] [stationary.cpp:264] NN: cost=950.764108, feasible=true, active_stations=1
[2026-10-06 06:12:23.489] [info] [candidate.cpp:199] InstancePrecompute: built 3 candidates
[2026-10-06 06:12:23.489] [info] [stationary.cpp:264] NN: cost=1099.674921, feasible=true, active_stations=1
[2026-10-06 06:12:23.489] [info] [candidate.cpp:199] InstancePrecompute: built 3 candidates
[2026-10-06 06:12:23.489] [info] [stationary.cpp:264] NN: cost=1426.412072, feasible=true, active_stations=1
[2026-10-06 06:12:23.489] [info] [candidate.cpp:199] InstancePrecompute: built 3 candidates
[2026-10-06 06:12:23.489] [info] [stationary.cpp:264] NN: cost=11310.689518, feasible=true, active_stations=1
[2026-10-06 06:12:23.489] [info] [candidate.cpp:199] InstancePrecompute: built 3 candidates
[2026-10-06 06:12:23.489] [info] [stationary.cpp:264] NN: cost=16900.625657, feasible=true, active_stations=1
[2026-10-06 06:12:23.489] [info] [candidate.cpp:199] InstancePrecompute: built 3 candidates
[2026-10-06 06:12:23.489] [info] [stationary.cpp:264] NN: cost=5032.035483, feasible=true, active_stations=1
[2026-10-06 06:12:23.489] [info] [candidate.cpp:199] InstancePrecompute: built 3 candidates
[2026-10-06 06:12:23.489] [info] [stationary.cpp:264] NN: cost=9446.933163, feasible=true, active_stations=1
[2026-10-06 06:12:23.489] [info] [candidate.cpp:199] InstancePrecompute: built 3 candidates
[2026-10-06 06:12:23.489] [info] [stationary.cpp:264] NN: cost=9776.518717, feasible=true, active_stations=1
[2026-10-06 06:12:23.489] [info] [candidate.cpp:199] InstancePrecompute: built 3 candidates
[2026-10-06 06:12:23.489] [info] [stationary.cpp:264] NN: cost=1763.496714, feasible=true, active_stations=1
[2026-10-06 06:12:23.489] [info] [candidate.cpp:199] InstancePrecompute: built 3 candidates
[2026-10-06 06:12:23.489] [info] [stationary.cpp:264] NN: cost=2852.842487, feasible=true, active_stations=1
[2026-10-06 06:12:23.489] [info] [candidate.cpp:199] InstancePrecompute: built 3 candidates
[2026-10-06 06:12:23.489] [info] [stationary.cpp:264] NN: cost=950.764108, feasible=true, active_stations=1
[2026-10-06 06:12:23.489] [info] [candidate.cpp:199] InstancePrecompute: built 3 candidates
[2026-10-06 06:12:23.489] [info] [stationary.cpp:264] NN: cost=1099.674921, feasible=true, active_stations=1
[2026-10-06 06:12:23.489] [info] [candidate.cpp:199] InstancePrecompute: built 3 candidates
[2026-10-06 06:12:23.489] [info] [stationary.cpp:264] NN: cost=1426.412072, feasible=true, active_stations=1
[2026-10-06 06:12:23.489] [info] [candidate.cpp:199] InstancePrecompute: built 3 candidates
[2026-10-06 06:12:23.489] [info] [stationary.cpp:264] NN: cost=11310.689518, feasible=true, active_stations=1
[2026-10-06 06:12:23.489] [info] [candidate.cpp:199] InstancePrecompute: built 3 candidates
[2026-10-06 06:12:23.489] [info] [stationary.cpp:264] NN: cost=16900.625657, feasible=true, active_stations=1
[2026-10-06 06:12:23.489] [info] [candidate.cpp:199] InstancePrecompute: built 3 candidates
[2026-10-06 06:12:23.489] [info] [stationary.cpp:264] NN: cost=5032.035483, feasible=true, active_stations=1
[2026-10-06 06:12:23.489] [info] [candidate.cpp:199] InstancePrecompute: built 3 candidates
[2026-10-06 06:12:23.489] [info] [stationary.cpp:264] NN: cost=9446.933163, feasible=true, active_stations=1
[2026-10-06 06:12:23.489] [info] [candidate.cpp:199] InstancePrecompute: built 3 candidates
[2026-10-06 06:12:23.489] [info] [stationary.cpp:264] NN: cost=9776.518717, feasible=true, active_stations=1
[2026-10-06 06:12:23.489] [info] [candidate.cpp:199] InstancePrecompute: built 3 candidates
[2026-10-06 06:12:23.489] [info] [stationary.cpp:264] NN: cost=1763.496714, feasible=true, active_stations=1
[2026-10-06 06:12:23.489] [info] [candidate.cpp:199] InstancePrecompute: built 3 candidates
[2026-10-06 06:12:23.489] [info] [stationary.cpp:264] NN: cost=2852.842487, feasible=true, active_stations=1
[2026-10-06 06:12:23.489] [info] [candidate.cpp:199] InstancePrecompute: built 3 candidates
[2026-10-06 06:12:23.489] [info] [stationary.cpp:264] NN: cost=950.764108, feasible=true, active_stations=1
[2026-10-06 06:12:23.489] [info] [candidate.cpp:199] InstancePrecompute: built 3 candidates
[2026-10-06 06:12:23.489] [info] [stationary.cpp:264] NN: cost=1099.674921, feasible=true, active_stations=1
[2026-10-06 06:12:23.489] [info] [candidate.cpp:199] InstancePrecompute: built 3 candidates
[2026-10-06 06:12:23.489] [info] [stationary.cpp:264] NN: cost=1426.412072, feasible=true, active_stations=1
[2026-10-06 06:12:23.489] [info] [candidate.cpp:199] InstancePrecompute: built 3 candidates
[2026-10-06 06:12:23.489] [info] [stationary.cpp:264] NN: cost=11310.689518, feasible=true, active_stations=1
[2026-10-06 06:12:23.489] [info] [candidate.cpp:199] InstancePrecompute: built 3 candidates
[2026-10-06 06:12:23.489] [info] [stationary.cpp:264] NN: cost=16900.625657, feasible=true, active_stations=1
[2026-10-06 06:12:23.489] [info] [candidate.cpp:199] InstancePrecompute: built 3 candidates
[2026-10-06 06:12:23.489] [info] [stationary.cpp:264] NN: cost=5032.035483, feasible=true, active_stations=1
[2026-10-06 06:12:23.489] [info] [candidate.cpp:199] InstancePrecompute: built 3 candidates
[2026-10-06 06:12:23.489] [info] [stationary.cpp:264] NN: cost=9446.933163, feasible=true, active_stations=1
[2026-10-06 06:12:23.489] [info] [candidate.cpp:199] InstancePrecompute: built 3 candidates
[2026-10-06 06:12:23.489] [info] [stationary.cpp:264] NN: cost=9776.518717, feasible=true, active_stations=1
[2026-10-06 06:12:23.489] [info] [candidate.cpp:199] InstancePrecompute: built 3 candidates
[2026-10-06 06:12:23.489] [info] [stationary.cpp:264] NN: cost=1763.496714, feasible=true, active_stations=1
[2026-10-06 06:12:23.489] [info] [candidate.cpp:199] InstancePrecompute: built 3 candidates
[2026-10-06 06:12:23.489] [info] [stationary.cpp:264] NN: cost=2852.842487, feasible=true, active_stations=1
[2026-10-06 06:12:23.489] [info] [candidate.cpp:199] InstancePrecompute: built 3 candidates
[2026-10-06 06:12:23.489] [info] [stationary.cpp:264] NN: cost=950.764108, feasible=true, active_stations=1
[2026-10-06 06:12:23.489] [info] [candidate.cpp:199] InstancePrecompute: built 3 candidates
[2026-10-06 06:12:23.489] [info] [stationary.cpp:264] NN: cost=1099.674921, feasible=true, active_stations=1
[2026-10-06 06:12:23.489] [info] [candidate.cpp:199] InstancePrecompute: built 3 candidates
[2026-10-06 06:12:23.489] [info] [stationary.cpp:264] NN: cost=1426.412072, feasible=true, active_stations=1
[2026-10-06 06:12:23.489] [info] [candidate.cpp:199] InstancePrecompute: built 3 candidates
[2026-10-06 06:12:23.489] [info] [stationary.cpp:264] NN: cost=11310.689518, feasible=true, active_stations=1
[2026-10-06 06:12:23.489] [info] [candidate.cpp:199] InstancePrecompute: built 3 candidates
[2026-10-06 06:12:23.489] [info] [stationary.cpp:264] NN: cost=16900.625657, feasible=true, active_stations=1
[2026-10-06 06:12:23.489] [info] [candidate.cpp:199] InstancePrecompute: built 3 candidates
[2026-10-06 06:12:23.489] [info] [stationary.cpp:264] NN: cost=5032.035483, feasible=true, active_stations=1
[2026-10-06 06:12:23.489] [info] [candidate.cpp:199] InstancePrecompute: built 3 candidates
[2026-10-06 06:12:23.489] [info] [stationary.cpp:264] NN: cost=9446.933163, feasible=true, active_stations=1
[2026-10-06 06:12:23.489] [info] [candidate.cpp:199] InstancePrecompute: built 3 candidates
[2026-10-06 06:12:23.489] [info] [stationary.cpp:264] NN: cost=9776.518717, feasible=true, active_stations=1
[2026-10-06 06:12:23.489] [info] [candidate.cpp:199] InstancePrecompute: built 3 candidates
[2026-10-06 06:12:23.489] [info] [stationary.cpp:264] NN: cost=1763.496714, feasible=true, active_stations=1
[2026-10-06 06:12:23.489] [info] [candidate.cpp:199] InstancePrecompute: built 3 candidates
[2026-10-06 06:12:23.489] [info] [stationary.cpp:264] NN: cost=2852.842487, feasible=true, active_stations=1
[2026-10-06 06:12:23.489] [info] [candidate.cpp:199] InstancePrecompute: built 3 candidates
[2026-10-06 06:12:23.489] [info] [stationary.cpp:264] NN: cost=950.764108, feasible=true, active_stations=1
[2026-10-06 06:12:23.489] [info] [candidate.cpp:199] InstancePrecompute: built 3 candidates
[2026-10-06 06:12:23.489] [info] [stationary.cpp:264] NN: cost=1099.674921, feasible=true, active_stations=1
[2026-10-06 06:12:23.489] [info] [candidate.cpp:199] InstancePrecompute: built 3 candidates
[2026-10-06 06:12:23.489] [info] [stationary.cpp:264] NN: cost=1426.412072, feasible=true, active_stations=1
[2026-10-06 06:12:23.489] [info] [candidate.cpp:199] InstancePrecompute: built 3 candidates
[2026-10-06 06:12:23.489] [info] [stationary.cpp:264] NN: cost=11310.689518, feasible=true, active_stations=1
[2026-10-06 06:12:23.489] [info] [candidate.cpp:199] InstancePrecompute: built 3 candidates
[2026-10-06 06:12:23.489] [info] [stationary.cpp:264] NN: cost=16900.625657, feasible=true, active_stations=1
[2026-10-06 06:12:23.489] [info] [candidate.cpp:199] InstancePrecompute: built 3 candidates
[2026-10-06 06:12:23.489] [info] [stationary.cpp:264] NN: cost=5032.035483, feasible=true, active_stations=1
[2026-10-06 06:12:23.489] [info] [candidate.cpp:199] InstancePrecompute: built 3 candidates
[2026-10-06 06:12:23.489] [info] [stationary.cpp:264] NN: cost=9446.933163, feasible=true, active_stations=1
[2026-10-06 06:12:23.489] [info] [candidate.cpp:199] InstancePrecompute: built 3 candidates
[2026-10-06 06:12:23.489] [info] [stationary.cpp:264] NN: cost=9776.518717, feasible=true, active_stations=1
[2026-10-06 06:12:23.489] [info] [candidate.cpp:199] InstancePrecompute: built 3 candidates
[2026-10-06 06:12:23.489] [info] [stationary.cpp:264] NN: cost=1763.496714, feasible=true, active_stations=1
[2026-10-06 06:12:23.489] [info] [candidate.cpp:199] InstancePrecompute: built 3 candidates
[2026-10-06 06:12:23.489] [info] [stationary.cpp:264] NN: cost=2852.842487, feasible=true, active_stations=1
[2026-10-06 06:12:23.489] [info] [candidate.cpp:199] InstancePrecompute: built 3 candidates
[2026-10-06 06:12:23.489] [info] [stationary.cpp:264] NN: cost=950.764108, feasible=true, active_stations=1
[2026-10-06 06:12:23.489] [info] [candidate.cpp:199] InstancePrecompute: built 3 candidates
[2026-10-06 06:12:23.489] [info] [stationary.cpp:264] NN: cost=1099.674921, feasible=true, active_stations=1
[2026-10-06 06:12:23.489] [info] [candidate.cpp:199] InstancePrecompute: built 3 candidates
[2026-10-06 06:12:23.489] [info] [stationary.cpp:264] NN: cost=1426.412072, feasible=true, active_stations=1
[2026-10-06 06:12:23.489] [info] [candidate.cpp:199] InstancePrecompute: built 3 candidates
[2026-10-06 06:12:23.489] [info] [stationary.cpp:264] NN: cost=11310.689518, feasible=true, active_stations=1
[2026-10-06 06:12:23.489] [info] [candidate.cpp:199] InstancePrecompute: built 3 candidates
[2026-10-06 06:12:23.489] [info] [stationary.cpp:264] NN: cost=16900.625657, feasible=true, active_stations=1
[2026-10-06 06:12:23.489] [info] [candidate.cpp:199] InstancePrecompute: built 3 candidates
[2026-10-06 06:12:23.489] [info] [stationary.cpp:264] NN: cost=5032.035483, feasible=true, active_stations=1
[2026-10-06 06:12:23.489] [info] [candidate.cpp:199] InstancePrecompute: built 3 candidates
[2026-10-06 06:12:23.489] [info] [stationary.cpp:264] NN: cost=9446.933163, feasible=true, active_stations=1
[2026-10-06 06:12:23.489] [info] [candidate.cpp:199] InstancePrecompute: built 3 candidates
[2026-10-06 06:12:23.489] [info] [stationary.cpp:264] NN: cost=9776.518717, feasible=true, active_stations=1
[2026-10-06 06:12:23.489] [info] [candidate.cpp:199] InstancePrecompute: built 3 candidates
[2026-10-06 06:12:23.489] [info] [stationary.cpp:264] NN: cost=1763.496714, feasible=true, active_stations=1
[2026-10-06 06:12:23.489] [info] [candidate.cpp:199] InstancePrecompute: built 3 candidates
[2026-10-06 06:12:23.489] [info] [stationary.cpp:264] NN: cost=2852.842487, feasible=true, active_stations=1
[2026-10-06 06:12:23.489] [info] [candidate.cpp:199] InstancePrecompute: built 3 candidates
[2026-10-06 06:12:23.489] [info] [stationary.cpp:264] NN: cost=950.764108, feasible=true, active_stations=1
[2026-10-06 06:12:23.489] [info] [candidate.cpp:199] InstancePrecompute: built 3 candidates
[2026-10-06 06:12:23.489] [info] [stationary.cpp:264] NN: cost=1099.674921, feasible=true, active_stations=1
[2026-10-06 06:12:23.489] [info] [candidate.cpp:199] InstancePrecompute: built 3 candidates
[2026-10-06 06:12:23.489] [info] [stationary.cpp:264] NN: cost=1426.412072, feasible=true, active_stations=1
[2026-10-06 06:12:23.489] [info] [candidate.cpp:199] InstancePrecompute: built 3 candidates
[2026-10-06 06:12:23.489] [info] [stationary.cpp:264] NN: cost=11310.689518, feasible=true, active_stations=1
[2026-10-06 06:12:23.489] [info] [candidate.cpp:199] InstancePrecompute: built 3 candidates
[2026-10-06 06:12:23.489] [info] [stationary.cpp:264] NN: cost=16900.625657, feasible=true, active_stations=1
[2026-10-06 06:12:23.489] [info] [candidate.cpp:199] InstancePrecompute: built 3 candidates
[2026-10-06 06:12:23.489] [info] [stationary.cpp:264] NN: cost=5032.035483, feasible=true, active_stations=1
[2026-10-06 06:12:23.489] [info] [candidate.cpp:199] InstancePrecompute: built 3 candidates
[2026-10-06 06:12:23.489] [info] [stationary.cpp:264] NN: cost=9446.933163, feasible=true, active_stations=1
[2026-10-06 06:12:23.489] [info] [candidate.cpp:199] InstancePrecompute: built 3 candidates
[2026-10-06 06:12:23.489] [info] [stationary.cpp:264] NN: cost=9776.518717, feasible=true, active_stations=1
[2026-10-06 06:12:23.489] [info] [candidate.cpp:199] InstancePrecompute: built 3 candidates
[2026-10-06 06:12:23.489] [info] [stationary.cpp:264] NN: cost=1763.496714, feasible=true, active_stations=1
[2026-10-06 06:12:23.489] [info] [candidate.cpp:199] InstancePrecompute: built 3 candidates
[2026-10-06 06:12:23.489] [info] [stationary.cpp:264] NN: cost=2852.842487, feasible=true, active_stations=1
[2026-10-06 06:12:23.489] [info] [candidate.cpp:199] InstancePrecompute: built 3 candidates
[2026-10-06 06:12:23.489] [info] [stationary.cpp:264] NN: cost=950.764108, feasible=true, active_stations=1
[2026-10-06 06:12:23.489] [info] [candidate.cpp:199] InstancePrecompute: built 3 candidates
[2026-10-06 06:12:23.489] [info] [stationary.cpp:264] NN: cost=1099.674921, feasible=true, active_stations=1
[2026-10-06 06:12:23.489] [info] [candidate.cpp:199] InstancePrecompute: built 3 candidates
[2026-10-06 06:12:23.489] [info] [stationary.cpp:264] NN: cost=1426.412072, feasible=true, active_stations=1
[2026-10-06 06:12:23.489] [info] [candidate.cpp:199] InstancePrecompute: built 3 candidates
[2026-10-06 06:12:23.489] [info] [stationary.cpp:264] NN: cost=11310.689518, feasible=true, active_stations=1
[2026-10-06 06:12:23.489] [info] [candidate.cpp:199] InstancePrecompute: built 3 candidates
[2026-10-06 06:12:23.489] [info] [stationary.cpp:264] NN: cost=16900.625657, feasible=true, active_stations=1
[2026-10-06 06:12:23.489] [info] [candidate.cpp:199] InstancePrecompute: built 3 candidates
[2026-10-06 06:12:23.489] [info] [stationary.cpp:264] NN: cost=5032.035483, feasible=true, active_stations=1
[2026-10-06 06:12:23.489] [info] [candidate.cpp:199] InstancePrecompute: built 3 candidates
[2026-10-06 06:12:23.489] [info] [stationary.cpp:264] NN: cost=9446.933163, feasible=true, active_stations=1
[2026-10-06 06:12:23.489] [info] [candidate.cpp:199] InstancePrecompute: built 3 candidates
[2026-10-06 06:12:23.489] [info] [stationary.cpp:264] NN: cost=9776.518717, feasible=true, active_stations=1
[2026-10-06 06:12:23.489] [info] [candidate.cpp:199] InstancePrecompute: built 3 candidates
[2026-10-06 06:12:23.489] [info] [stationary.cpp:264] NN: cost=1763.496714, feasible=true, active_stations=1
[2026-10-06 06:12:23.489] [info] [candidate.cpp:199] InstancePrecompute: built 3 candidates
[2026-10-06 06:12:23.489] [info] [stationary.cpp:264] NN: cost=2852.842487, feasible=true, active_stations=1
[2026-10-06 06:12:23.489] [info] [candidate.cpp:199] InstancePrecompute: built 3 candidates
[2026-10-06 06:12:23.489] [info] [stationary.cpp:264] NN: cost=950.764108, feasible=true, active_stations=1
[2026-10-06 06:12:23.489] [info] [candidate.cpp:199] InstancePrecompute: built 3 candidates
[2026-10-06 06:12:23.489] [info] [stationary.cpp:264] NN: cost=1099.674921, feasible=true, active_stations=1
[2026-10-06 06:12:23.489] [info] [candidate.cpp:199] InstancePrecompute: built 3 candidates
[2026-10-06 06:12:23.489] [info] [stationary.cpp:264] NN: cost=1426.412072, feasible=true, active_stations=1
[2026-10-06 06:12:23.489] [info] [candidate.cpp:199] InstancePrecompute: built 3 candidates
[2026-10-06 06:12:23.489] [info] [stationary.cpp:264] NN: cost=11310.689518, feasible=true, active_stations=1
[2026-10-06 06:12:23.489] [info] [candidate.cpp:199] InstancePrecompute: built 3 candidates
[2026-10-06 06:12:23.489] [info] [stationary.cpp:264] NN: cost=16900.625657, feasible=true, active_stations=1
[2026-10-06 06:12:23.489] [info] [candidate.cpp:199] InstancePrecompute: built 3 candidates
[2026-10-06 06:12:23.489] [info] [stationary.cpp:264] NN: cost=5032.035483, feasible=true, active_stations=1
[2026-10-06 06:12:23.489] [info] [candidate.cpp:199] InstancePrecompute: built 3 candidates
[2026-10-06 06:12:23.489] [info] [stationary.cpp:264] NN: cost=9446.933163, feasible=true, active_stations=1
[2026-10-06 06:12:23.489] [info] [candidate.cpp:199] InstancePrecompute: built 3 candidates
[2026-10-06 06:12:23.489] [info] [stationary.cpp:264] NN: cost=9776.518717, feasible=true, active_stations=1
[2026-10-06 06:12:23.489] [info] [candidate.cpp:199] InstancePrecompute: built 3 candidates
[2026-10-06 06:12:23.489] [info] [stationary.cpp:264] NN: cost=1763.496714, feasible=true, active_stations=1
[2026-10-06 06:12:23.489] [info] [candidate.cpp:199] InstancePrecompute: built 3 candidates
[2026-10-06 06:12:23.489] [info] [stationary.cpp:264] NN: cost=2852.842487, feasible=true, active_stations=1
[2026-10-06 06:12:23.489] [info] [candidate.cpp:199] InstancePrecompute: built 3 candidates
[2026-10-06 06:12:23.489] [info] [stationary.cpp:264] NN: cost=950.764108, feasible=true, active_stations=1
[2026-10-06 06:12:23.489] [info] [candidate.cpp:199] InstancePrecompute: built 3 candidates
[2026-10-06 06:12:23.489] [info] [stationary.cpp:264] NN: cost=1099.674921, feasible=true, active_stations=1
[2026-10-06 06:12:23.489] [info] [candidate.cpp:199] InstancePrecompute: built 3 candidates
[2026-10-06 06:12:23.489] [info] [stationary.cpp:264] NN: cost=1426.412072, feasible=true, active_stations=1
[2026-10-06 06:12:23.489] [info] [candidate.cpp:199] InstancePrecompute: built 3 candidates
[2026-10-06 06:12:23.489] [info] [stationary.cpp:264] NN: cost=11310.689518, feasible=true, active_stations=1
[2026-10-06 06:12:23.489] [info] [candidate.cpp:199] InstancePrecompute: built 3 candidates
[2026-10-06 06:12:23.489] [info] [stationary.cpp:264] NN: cost=16900.625657, feasible=true, active_stations=1
[2026-10-06 06:12:23.489] [info] [candidate.cpp:199] InstancePrecompute: built 3 candidates
[2026-10-06 06:12:23.489] [info] [stationary.cpp:264] NN: cost=5032.035483, feasible=true, active_stations=1
[2026-10-06 06:12:23.489] [info] [candidate.cpp:199] InstancePrecompute: built 3 candidates
[2026-10-06 06:12:23.489] [info] [stationary.cpp:264] NN: cost=9446.933163, feasible=true, active_stations=1
[2026-10-06 06:12:23.489] [info] [candidate.cpp:199] InstancePrecompute: built 3 candidates
[2026-10-06 06:12:23.489] [info] [stationary.cpp:264] NN: cost=9776.518717, feasible=true, active_stations=1
[2026-10-06 06:12:23.489] [info] [candidate.cpp:199] InstancePrecompute: built 3 candidates
[2026-10-06 06:12:23.489] [info] [stationary.cpp:264] NN: cost=1763.496714, feasible=true, active_stations=1
[2026-10-06 06:12:23.489] [info] [candidate.cpp:199] InstancePrecompute: built 3 candidates
[2026-10-06 06:12:23.489] [info] [stationary.cpp:264] NN: cost=2852.842487, feasible=true, active_stations=1
[2026-10-06 06:12:23.489] [info] [candidate.cpp:199] InstancePrecompute: built 3 candidates
[2026-10-06 06:12:23.489] [info] [stationary.cpp:264] NN: cost=950.764108, feasible=true, active_stations=1
[2026-10-06 06:12:23.489] [info] [candidate.cpp:199] InstancePrecompute: built 3 candidates
[2026-10-06 06:12:23.489] [info] [stationary.cpp:264] NN: cost=1099.674921, feasible=true, active_stations=1
[2026-10-06 06:12:23.489] [info] [candidate.cpp:199] InstancePrecompute: built 3 candidates
[2026-10-06 06:12:23.489] [info] [stationary.cpp:264] NN: cost=1426.412072, feasible=true, active_stations=1
[2026-10-06 06:12:23.489] [info] [candidate.cpp:199] InstancePrecompute: built 3 candidates
[2026-10-06 06:12:23.489] [info] [stationary.cpp:264] NN: cost=11310.689518, feasible=true, active_stations=1
[2026-10-06 06:12:23.489] [info] [candidate.cpp:199] InstancePrecompute: built 3 candidates
[2026-10-06 06:12:23.489] [info] [stationary.cpp:264] NN: cost=16900.625657, feasible=true, active_stations=1
[2026-10-06 06:12:23.489] [info] [candidate.cpp:199] InstancePrecompute: built 3 candidates
[2026-10-06 06:12:23.489] [info] [stationary.cpp:264] NN: cost=5032.035483, feasible=true, active_stations=1
[2026-10-06 06:12:23.489] [info] [candidate.cpp:199] InstancePrecompute: built 3 candidates
[2026-10-06 06:12:23.489] [info] [stationary.cpp:264] NN: cost=9446.933163, feasible=true, active_stations=1
[2026-10-06 06:12:23.489] [info] [candidate.cpp:199] InstancePrecompute: built 3 candidates
[2026-10-06 06:12:23.489] [info] [stationary.cpp:264] NN: cost=9776.518717, feasible=true, active_stations=1
[2026-10-06 06:12:23.489] [info] [candidate.cpp:199] InstancePrecompute: built 3 candidates
[2026-10-06 06:12:23.489] [info] [stationary.cpp:264] NN: cost=1763.496714, feasible=true, active_stations=1
[2026-10-06 06:12:23.489] [info] [candidate.cpp:199] InstancePrecompute: built 3 candidates
[2026-10-06 06:12:23.489] [info] [stationary.cpp:264] NN: cost=2852.842487, feasible=true, active_stations=1
[2026-10-06 06:12:23.489] [info] [candidate.cpp:199] InstancePrecompute: built 3 candidates
[2026-10-06 06:12:23.489] [info] [stationary.cpp:264] NN: cost=950.764108, feasible=true, active_stations=1
[2026-10-06 06:12:23.489] [info] [candidate.cpp:199] InstancePrecompute: built 3 candidates
[2026-10-06 06:12:23.489] [info] [stationary.cpp:264] NN: cost=1099.674921, feasible=true, active_stations=1
[2026-10-06 06:12:23.489] [info] [candidate.cpp:199] InstancePrecompute: built 3 candidates
[2026-10-06 06:12:23.489] [info] [stationary.cpp:264] NN: cost=1426.412072, feasible=true, active_stations=1
[2026-10-06 06:12:23.489] [info] [candidate.cpp:199] InstancePrecompute: built 3 candidates
[2026-10-06 06:12:23.489] [info] [stationary.cpp:264] NN: cost=11310.689518, feasible=true, active_stations=1
[2026-10-06 06:12:23.489] [info] [candidate.cpp:199] InstancePrecompute: built 3 candidates
[2026-10-06 06:12:23.489] [info] [stationary.cpp:264] NN: cost=16900.625657, feasible=true, active_stations=1
[2026-10-06 06:12:23.489] [info] [candidate.cpp:199] InstancePrecompute: built 3 candidates
[2026-10-06 06:12:23.489] [info] [stationary.cpp:264] NN: cost=5032.035483, feasible=true, active_stations=1
[2026-10-06 06:12:23.489] [info] [candidate.cpp:199] InstancePrecompute: built 3 candidates
[2026-10-06 06:12:23.489] [info] [stationary.cpp:264] NN: cost=9446.933163, feasible=true, active_stations=1
[2026-10-06 06:12:23.489] [info] [candidate.cpp:199] InstancePrecompute: built 3 candidates
[2026-10-06 06:12:23.489] [info] [stationary.cpp:264] NN: cost=9776.518717, feasible=true, active_stations=1
[2026-10-06 06:12:23.489] [info] [candidate.cpp:199] InstancePrecompute: built 3 candidates
[2026-10-06 06:12:23.489] [info] [stationary.cpp:264] NN: cost=1763.496714, feasible=true, active_stations=1
[2026-10-06 06:12:23.489] [info] [candidate.cpp:199] InstancePrecompute: built 3 candidates
[2026-10-06 06:12:23.489] [info] [stationary.cpp:264] NN: cost=2852.842487, feasible=true, active_stations=1
[2026-10-06 06:12:23.489] [info] [candidate.cpp:199] InstancePrecompute: built 3 candidates
[2026-10-06 06:12:23.489] [info] [stationary.cpp:264] NN: cost=950.764108, feasible=true, active_stations=1
[2026-10-06 06:12:23.489] [info] [candidate.cpp:199] InstancePrecompute: built 3 candidates
[2026-10-06 06:12:23.489] [info] [stationary.cpp:264] NN: cost=1099.674921, feasible=true, active_stations=1
[2026-10-06 06:12:23.489] [info] [candidate.cpp:199] InstancePrecompute: built 3 candidates
[2026-10-06 06:12:23.489] [info] [stationary.cpp:264] NN: cost=1426.412072, feasible=true, active_stations=1
[2026-10-06 06:12:23.489] [info] [candidate.cpp:199] InstancePrecompute: built 3 candidates
[2026-10-06 06:12:23.489] [info] [stationary.cpp:264] NN: cost=11310.689518, feasible=true, active_stations=1
[2026-10-06 06:12:23.489] [info] [candidate.cpp:199] InstancePrecompute: built 3 candidates
[2026-10-06 06:12:23.489] [info] [stationary.cpp:264] NN: cost=16900.625657, feasible=true, active_stations=1
[2026-10-06 06:12:23.489] [info] [candidate.cpp:199] InstancePrecompute: built 3 candidates
[2026-10-06 06:12:23.489] [info] [stationary.cpp:264] NN: cost=5032.035483, feasible=true, active_stations=1
[2026-10-06 06:12:23.489] [info] [candidate.cpp:199] InstancePrecompute: built 3 candidates
[2026-10-06 06:12:23.489] [info] [stationary.cpp:264] NN: cost=9446.933163, feasible=true, active_stations=1
[2026-10-06 06:12:23.489] [info] [candidate.cpp:199] InstancePrecompute: built 3 candidates
[2026-10-06 06:12:23.489] [info] [stationary.cpp:264] NN: cost=9776.518717, feasible=true, active_stations=1
[2026-10-06 06:12:23.489] [info] [candidate.cpp:199] InstancePrecompute: built 3 candidates
[2026-10-06 06:12:23.489] [info] [stationary.cpp:264] NN: cost=1763.496714, feasible=true, active_stations=1
[2026-10-06 06:12:23.489] [info] [candidate.cpp:199] InstancePrecompute: built 3 candidates
[2026-10-06 06:12:23.489] [info] [stationary.cpp:264] NN: cost=2852.842487, feasible=true, active_stations=1
[2026-10-06 06:12:23.489] [info] [candidate.cpp:199] InstancePrecompute: built 3 candidates
[2026-10-06 06:12:23.489] [info] [stationary.cpp:264] NN: cost=950.764108, feasible=true, active_stations=1
[2026-10-06 06:12:23.489] [info] [candidate.cpp:199] InstancePrecompute: built 3 candidates
[2026-10-06 06:12:23.489] [info] [stationary.cpp:264] NN: cost=1099.674921, feasible=true, active_stations=1
[2026-10-06 06:12:23.489] [info] [candidate.cpp:199] InstancePrecompute: built 3 candidates
[2026-10-06 06:12:23.489] [info] [stationary.cpp:264] NN: cost=1426.412072, feasible=true, active_stations=1
[2026-10-06 06:12:23.489] [info] [candidate.cpp:199] InstancePrecompute: built 3 candidates
[2026-10-06 06:12:23.489] [info] [stationary.cpp:264] NN: cost=11310.689518, feasible=true, active_stations=1
[2026-10-06 06:12:23.489] [info] [candidate.cpp:199] InstancePrecompute: built 3 candidates
[2026-10-06 06:12:23.489] [info] [stationary.cpp:264] NN: cost=16900.625657, feasible=true, active_stations=1
[2026-10-06 06:12:23.489] [info] [candidate.cpp:199] InstancePrecompute: built 3 candidates
[2026-10-06 06:12:23.489] [info] [stationary.cpp:264] NN: cost=5032.035483, feasible=true, active_stations=1
[2026-10-06 06:12:23.489] [info] [candidate.cpp:199] InstancePrecompute: built 3 candidates
[2026-10-06 06:12:23.489] [info] [stationary.cpp:264] NN: cost=9446.933163, feasible=true, active_stations=1
[2026-10-06 06:12:23.489] [info] [candidate.cpp:199] InstancePrecompute: built 3 candidates
[2026-10-06 06:12:23.489] [info] [stationary.cpp:264] NN: cost=9776.518717, feasible=true, active_stations=1
[2026-10-06 06:12:23.489] [info] [candidate.cpp:199] InstancePrecompute: built 3 candidates
[2026-10-06 06:12:23.489] [info] [stationary.cpp:264] NN: cost=1763.496714, feasible=true, active_stations=1
[2026-10-06 06:12:23.489] [info] [candidate.cpp:199] InstancePrecompute: built 3 candidates
[2026-10-06 06:12:23.489] [info] [stationary.cpp:264] NN: cost=2852.842487, feasible=true, active_stations=1
[2026-10-06 06:12:23.489] [info] [candidate.cpp:199] InstancePrecompute: built 3 candidates
[2026-10-06 06:12:23.489] [info] [stationary.cpp:264] NN: cost=950.764108, feasible=true, active_stations=1
[2026-10-06 06:12:23.489] [info] [candidate.cpp:199] InstancePrecompute: built 3 candidates
[2026-10-06 06:12:23.489] [info] [stationary.cpp:264] NN: cost=1099.674921, feasible=true, active_stations=1
[2026-10-06 06:12:23.489] [info] [candidate.cpp:199] InstancePrecompute: built 3 candidates
[2026-10-06 06:12:23.489] [info] [stationary.cpp:264] NN: cost=1426.412072, feasible=true, active_stations=1
[2026-10-06 06:12:23.489] [info] [candidate.cpp:199] InstancePrecompute: built 3 candidates
[2026-10-06 06:12:23.489] [info] [stationary.cpp:264] NN: cost=11310.689518, feasible=true, active_stations=1
[2026-10-06 06:12:23.489] [info] [candidate.cpp:199] InstancePrecompute: built 3 candidates
[2026-10-06 06:12:23.489] [info] [stationary.cpp:264] NN: cost=16900.625657, feasible=true, active_stations=1
[2026-10-06 06:12:23.489] [info] [candidate.cpp:199] InstancePrecompute: built 3 candidates
[2026-10-06 06:12:23.489] [info] [stationary.cpp:264] NN: cost=5032.035483, feasible=true, active_stations=1
[2026-10-06 06:12:23.489] [info] [candidate.cpp:199] InstancePrecompute: built 3 candidates
[2026-10-06 06:12:23.489] [info] [stationary.cpp:264] NN: cost=9446.933163, feasible=true, active_stations=1
[2026-10-06 06:12:23.489] [info] [candidate.cpp:199] InstancePrecompute: built 3 candidates
[2026-10-06 06:12:23.489] [info] [stationary.cpp:264] NN: cost=9776.518717, feasible=true, active_stations=1
[2026-10-06 06:12:23.489] [info] [candidate.cpp:199] InstancePrecompute: built 3 candidates
[2026-10-06 06:12:23.489] [info] [stationary.cpp:264] NN: cost=1763.496714, feasible=true, active_stations=1
[2026-10-06 06:12:23.489] [info] [candidate.cpp:199] InstancePrecompute: built 3 candidates
[2026-10-06 06:12:23.489] [info] [stationary.cpp:264] NN: cost=2852.842487, feasible=true, active_stations=1
[2026-10-06 06:12:23.489] [info] [candidate.cpp:199] InstancePrecompute: built 3 candidates
[2026-10-06 06:12:23.489] [info] [stationary.cpp:264] NN: cost=950.764108, feasible=true, active_stations=1
[2026-10-06 06:12:23.489] [info] [candidate.cpp:199] InstancePrecompute: built 3 candidates
[2026-10-06 06:12:23.489] [info] [stationary.cpp:264] NN: cost=1099.674921, feasible=true, active_stations=1
[2026-10-06 06:12:23.489] [info] [candidate.cpp:199] InstancePrecompute: built 3 candidates
[2026-10-06 06:12:23.489] [info] [stationary.cpp:264] NN: cost=1426.412072, feasible=true, active_stations=1
[2026-10-06 06:12:23.489] [info] [candidate.cpp:199] InstancePrecompute: built 3 candidates
[2026-10-06 06:12:23.489] [info] [stationary.cpp:264] NN: cost=11310.689518, feasible=true, active_stations=1
[2026-10-06 06:12:23.489] [info] [candidate.cpp:199] InstancePrecompute: built 3 candidates
[2026-10-06 06:12:23.489] [info] [stationary.cpp:264] NN: cost=16900.625657, feasible=true, active_stations=1
[2026-10-06 06:12:23.489] [info] [candidate.cpp:199] InstancePrecompute: built 3 candidates
[2026-10-06 06:12:23.489] [info] [stationary.cpp:264] NN: cost=5032.035483, feasible=true, active_stations=1
[2026-10-06 06:12:23.489] [info] [candidate.cpp:199] InstancePrecompute: built 3 candidates
[2026-10-06 06:12:23.489] [info] [stationary.cpp:264] NN: cost=9446.933163, feasible=true, active_stations=1
[2026-10-06 06:12:23.489] [info] [candidate.cpp:199] InstancePrecompute: built 3 candidates
[2026-10-06 06:12:23.489] [info] [stationary.cpp:264] NN: cost=9776.518717, feasible=true, active_stations=1
[2026-10-06 06:12:23.489] [info] [candidate.cpp:199] InstancePrecompute: built 3 candidates
[2026-10-06 06:12:23.489] [info] [stationary.cpp:264] NN: cost=1763.496714, feasible=true, active_stations=1
[2026-10-06 06:12:23.489] [info] [candidate.cpp:199] InstancePrecompute: built 3 candidates
[2026-10-06 06:12:23.489] [info] [stationary.cpp:264] NN: cost=2852.842487, feasible=true, active_stations=1
[2026-10-06 06:12:23.489] [info] [candidate.cpp:199] InstancePrecompute: built 3 candidates
[2026-10-06 06:12:23.489] [info] [stationary.cpp:264] NN: cost=950.764108, feasible=true, active_stations=1
[2026-10-06 06:12:23.489] [info] [candidate.cpp:199] InstancePrecompute: built 3 candidates
[2026-10-06 06:12:23.489] [info] [stationary.cpp:264] NN: cost=1099.674921, feasible=true, active_stations=1
[2026-10-06 06:12:23.489] [info] [candidate.cpp:199] InstancePrecompute: built 3 candidates
[2026-10-06 06:12:23.489] [info] [stationary.cpp:264] NN: cost=1426.412072, feasible=true, active_stations=1
[2026-10-06 06:12:23.489] [info] [candidate.cpp:199] InstancePrecompute: built 3 candidates
[2026-10-06 06:12:23.489] [info] [stationary.cpp:264] NN: cost=11310.689518, feasible=true, active_stations=1
[2026-10-06 06:12:23.489] [info] [candidate.cpp:199] InstancePrecompute: built 3 candidates
[2026-10-06 06:12:23.489] [info] [stationary.cpp:264] NN: cost=16900.625657, feasible=true, active_stations=1
[2026-10-06 06:12:23.489] [info] [candidate.cpp:199] InstancePrecompute: built 3 candidates
[2026-10-06 06:12:23.489] [info] [stationary.cpp:264] NN: cost=5032.035483, feasible=true, active_stations=1
[2026-10-06 06:12:23.489] [info] [candidate.cpp:199] InstancePrecompute: built 3 candidates
[2026-10-06 06:12:23.489] [info] [stationary.cpp:264] NN: cost=9446.933163, feasible=true, active_stations=1
[2026-10-06 06:12:23.489] [info] [candidate.cpp:199] InstancePrecompute: built 3 candidates
[2026-10-06 06:12:23.489] [info] [stationary.cpp:264] NN: cost=9776.518717, feasible=true, active_stations=1
[2026-10-06 06:12:23.489] [info] [candidate.cpp:199] InstancePrecompute: built 3 candidates
[2026-10-06 06:12:23.489] [info] [stationary.cpp:264] NN: cost=1763.496714, feasible=true, active_stations=1
[2026-10-06 06:12:23.489] [info] [candidate.cpp:199] InstancePrecompute: built 3 candidates
[2026-10-06 06:12:23.489] [info] [stationary.cpp:264] NN: cost=2852.842487, feasible=true, active_stations=1
[2026-10-06 06:12:23.489] [info] [candidate.cpp:199] InstancePrecompute: built 3 candidates
[2026-10-06 06:12:23.489] [info] [stationary.cpp:264] NN: cost=950.764108, feasible=true, active_stations=1
[2026-10-06 06:12:23.489] [info] [candidate.cpp:199] InstancePrecompute: built 3 candidates
[2026-10-06 06:12:23.489] [info] [stationary.cpp:264] NN: cost=1099.674921, feasible=true, active_stations=1
[2026-10-06 06:12:23.489] [info] [candidate.cpp:199] InstancePrecompute: built 3 candidates
[2026-10-06 06:12:23.489] [info] [stationary.cpp:264] NN: cost=1426.412072, feasible=true, active_stations=1
[2026-10-06 06:12:23.489] [info] [candidate.cpp:199] InstancePrecompute: built 3 candidates
[2026-10-06 06:12:23.489] [info] [stationary.cpp:264] NN: cost=11310.689518, feasible=true, active_stations=1
[2026-10-06 06:12:23.489] [info] [candidate.cpp:199] InstancePrecompute: built 3 candidates
[2026-10-06 06:12:23.489] [info] [stationary.cpp:264] NN: cost=16900.625657, feasible=true, active_stations=1
[2026-10-06 06:12:23.489] [info] [candidate.cpp:199] InstancePrecompute: built 3 candidates
[2026-10-06 06:12:23.489] [info] [stationary.cpp:264] NN: cost=5032.035483, feasible=true, active_stations=1
[2026-10-06 06:12:23.489] [info] [candidate.cpp:199] InstancePrecompute: built 3 candidates
[2026-10-06 06:12:23.489] [info] [stationary.cpp:264] NN: cost=9446.933163, feasible=true, active_stations=1
[2026-10-06 06:12:23.489] [info] [candidate.cpp:199] InstancePrecompute: built 3 candidates
[2026-10-06 06:12:23.489] [info] [stationary.cpp:264] NN: cost=9776.518717, feasible=true, active_stations=1
[2026-10-06 06:12:23.489] [info] [candidate.cpp:199] InstancePrecompute: built 3 candidates
[2026-10-06 06:12:23.489] [info] [stationary.cpp:264] NN: cost=1763.496714, feasible=true, active_stations=1
[2026-10-06 06:12:23.489] [info] [candidate.cpp:199] InstancePrecompute: built 3 candidates
[2026-10-06 06:12:23.489] [info] [stationary.cpp:264] NN: cost=2852.842487, feasible=true, active_stations=1
[2026-10-06 06:12:23.489] [info] [candidate.cpp:199] InstancePrecompute: built 3 candidates
[2026-10-06 06:12:23.489] [info] [stationary.cpp:264] NN: cost=950.764108, feasible=true, active_stations=1
[2026-10-06 06:12:23.489] [info] [candidate.cpp:199] InstancePrecompute: built 3 candidates
[2026-10-06 06:12:23.489] [info] [stationary.cpp:264] NN: cost=1099.674921, feasible=true, active_stations=1
[2026-10-06 06:12:23.489] [info] [candidate.cpp:199] InstancePrecompute: built 3 candidates
[2026-10-06 06:12:23.489] [info] [stationary.cpp:264] NN: cost=1426.412072, feasible=true, active_stations=1
[2026-10-06 06:12:23.489] [info] [candidate.cpp:199] InstancePrecompute: built 3 candidates
[2026-10-06 06:12:23.489] [info] [stationary.cpp:264] NN: cost=11310.689518, feasible=true, active_stations=1
[2026-10-06 06:12:23.489] [info] [candidate.cpp:199] InstancePrecompute: built 3 candidates
[2026-10-06 06:12:23.489] [info] [stationary.cpp:264] NN: cost=16900.625657, feasible=true, active_stations=1
[2026-10-06 06:12:23.489] [info] [candidate.cpp:199] InstancePrecompute: built 3 candidates
[2026-10-06 06:12:23.489] [info] [stationary.cpp:264] NN: cost=5032.035483, feasible=true, active_stations=1
[2026-10-06 06:12:23.489] [info] [candidate.cpp:199] InstancePrecompute: built 3 candidates
[2026-10-06 06:12:23.489] [info] [stationary.cpp:264] NN: cost=9446.933163, feasible=true, active_stations=1
[2026-10-06 06:12:23.489] [info] [candidate.cpp:199] InstancePrecompute: built 3 candidates
[2026-10-06 06:12:23.489] [info] [stationary.cpp:264] NN: cost=9776.518717, feasible=true, active_stations=1
[2026-10-06 06:12:23.489] [info] [candidate.cpp:199] InstancePrecompute: built 3 candidates
[2026-10-06 06:12:23.489] [info] [stationary.cpp:264] NN: cost=1763.496714, feasible=true, active_stations=1
[2026-10-06 06:12:23.489] [info] [candidate.cpp:199] InstancePrecompute: built 3 candidates
[2026-10-06 06:12:23.489] [info] [stationary.cpp:264] NN: cost=2852.842487, feasible=true, active_stations=1
[2026-10-06 06:12:23.489] [info] [candidate.cpp:199] InstancePrecompute: built 3 candidates
[2026-10-06 06:12:23.489] [info] [stationary.cpp:264] NN: cost=950.764108, feasible=true, active_stations=1
[2026-10-06 06:12:23.489] [info] [candidate.cpp:199] InstancePrecompute: built 3 candidates
[2026-10-06 06:12:23.489] [info] [stationary.cpp:264] NN: cost=1099.674921, feasible=true, active_stations=1
[2026-10-06 06:12:23.489] [info] [candidate.cpp:199] InstancePrecompute: built 3 candidates
[2026-10-06 06:12:23.489] [info] [stationary.cpp:264] NN: cost=1426.412072, feasible=true, active_stations=1
[2026-10-06 06:12:23.489] [info] [candidate.cpp:199] InstancePrecompute: built 3 candidates
[2026-10-06 06:12:23.489] [info] [stationary.cpp:264] NN: cost=11310.689518, feasible=true, active_stations=1
[2026-10-06 06:12:23.489] [info] [candidate.cpp:199] InstancePrecompute: built 3 candidates
[2026-10-06 06:12:23.489] [info] [stationary.cpp:264] NN: cost=16900.625657, feasible=true, active_stations=1
[2026-10-06 06:12:23.489] [info] [candidate.cpp:199] InstancePrecompute: built 3 candidates
[2026-10-06 06:12:23.489] [info] [stationary.cpp:264] NN: cost=5032.035483, feasible=true, active_stations=1
[2026-10-06 06:12:23.489] [info] [candidate.cpp:199] InstancePrecompute: built 3 candidates
[2026-10-06 06:12:23.489] [info] [stationary.cpp:264] NN: cost=9446.933163, feasible=true, active_stations=1
[2026-10-06 06:12:23.489] [info] [candidate.cpp:199] InstancePrecompute: built 3 candidates
[2026-10-06 06:12:23.489] [info] [stationary.cpp:264] NN: cost=9776.518717, feasible=true, active_stations=1
[2026-10-06 06:12:23.489] [info] [candidate.cpp:199] InstancePrecompute: built 3 candidates
[2026-10-06 06:12:23.489] [info] [stationary.cpp:264] NN: cost=1763.496714, feasible=true, active_stations=1
[2026-10-06 06:12:23.489] [info] [candidate.cpp:199] InstancePrecompute: built 3 candidates
[2026-10-06 06:12:23.489] [info] [stationary.cpp:264] NN: cost=2852.842487, feasible=true, active_stations=1
[2026-10-06 06:12:23.489] [info] [candidate.cpp:199] InstancePrecompute: built 3 candidates
[2026-10-06 06:12:23.489] [info] [stationary.cpp:264] NN: cost=950.764108, feasible=true, active_stations=1
[2026-10-06 06:12:23.489] [info] [candidate.cpp:199] InstancePrecompute: built 3 candidates
[2026-10-06 06:12:23.489] [info] [stationary.cpp:264] NN: cost=1099.674921, feasible=true, active_stations=1
[2026-10-06 06:12:23.490] [info] [candidate.cpp:199] InstancePrecompute: built 3 candidates
[2026-10-06 06:12:23.490] [info] [stationary.cpp:264] NN: cost=1426.412072, feasible=true, active_stations=1
[2026-10-06 06:12:23.490] [info] [candidate.cpp:199] InstancePrecompute: built 3 candidates
[2026-10-06 06:12:23.490] [info] [stationary.cpp:264] NN: cost=11310.689518, feasible=true, active_stations=1
[2026-10-06 06:12:23.490] [info] [candidate.cpp:199] InstancePrecompute: built 3 candidates
[2026-10-06 06:12:23.490] [info] [stationary.cpp:264] NN: cost=16900.625657, feasible=true, active_stations=1
[2026-10-06 06:12:23.490] [info] [candidate.cpp:199] InstancePrecompute: built 3 candidates
[2026-10-06 06:12:23.490] [info] [stationary.cpp:264] NN: cost=5032.035483, feasible=true, active_stations=1
[2026-10-06 06:12:23.490] [info] [candidate.cpp:199] InstancePrecompute: built 3 candidates
[2026-10-06 06:12:23.490] [info] [stationary.cpp:264] NN: cost=9446.933163, feasible=true, active_stations=1
[2026-10-06 06:12:23.490] [info] [candidate.cpp:199] InstancePrecompute: built 3 candidates
[2026-10-06 06:12:23.490] [info] [stationary.cpp:264] NN: cost=9776.518717, feasible=true, active_stations=1
[2026-10-06 06:12:23.490] [info] [candidate.cpp:199] InstancePrecompute: built 3 candidates
[2026-10-06 06:12:23.490] [info] [stationary.cpp:264] NN: cost=1763.496714, feasible=true, active_stations=1
[2026-10-06 06:12:23.490] [info] [candidate.cpp:199] InstancePrecompute: built 3 candidates
[2026-10-06 06:12:23.490] [info] [stationary.cpp:264] NN: cost=2852.842487, feasible=true, active_stations=1
[2026-10-06 06:12:23.490] [info] [candidate.cpp:199] InstancePrecompute: built 3 candidates
[2026-10-06 06:12:23.490] [info] [stationary.cpp:264] NN: cost=950.764108, feasible=true, active_stations=1
[2026-10-06 06:12:23.490] [info] [candidate.cpp:199] InstancePrecompute: built 3 candidates
[2026-10-06 06:12:23.490] [info] [stationary.cpp:264] NN: cost=1099.674921, feasible=true, active_stations=1
[2026-10-06 06:12:23.490] [info] [candidate.cpp:199] InstancePrecompute: built 3 candidates
[2026-10-06 06:12:23.490] [info] [stationary.cpp:264] NN: cost=1426.412072, feasible=true, active_stations=1
[2026-10-06 06:12:23.490] [info] [candidate.cpp:199] InstancePrecompute: built 3 candidates
[2026-10-06 06:12:23.490] [info] [stationary.cpp:264] NN: cost=11310.689518, feasible=true, active_stations=1
[2026-10-06 06:12:23.490] [info] [candidate.cpp:199] InstancePrecompute: built 3 candidates
[2026-10-06 06:12:23.490] [info] [stationary.cpp:264] NN: cost=16900.625657, feasible=true, active_stations=1
[2026-10-06 06:12:23.490] [info] [candidate.cpp:199] InstancePrecompute: built 3 candidates
[2026-10-06 06:12:23.490] [info] [stationary.cpp:264] NN: cost=5032.035483, feasible=true, active_stations=1
[2026-10-06 06:12:23.490] [info] [candidate.cpp:199] InstancePrecompute: built 3 candidates
[2026-10-06 06:12:23.490] [info] [stationary.cpp:264] NN: cost=9446.933163, feasible=true, active_stations=1
[2026-10-06 06:12:23.490] [info] [candidate.cpp:199] InstancePrecompute: built 3 candidates
[2026-10-06 06:12:23.490] [info] [stationary.cpp:264] NN: cost=9776.518717, feasible=true, active_stations=1
[2026-10-06 06:12:23.490] [info] [candidate.cpp:199] InstancePrecompute: built 3 candidates
[2026-10-06 06:12:23.490] [info] [stationary.cpp:264] NN: cost=1763.496714, feasible=true, active_stations=1
[2026-10-06 06:12:23.490] [info] [candidate.cpp:199] InstancePrecompute: built 3 candidates
[2026-10-06 06:12:23.490] [info] [stationary.cpp:264] NN: cost=2852.842487, feasible=true, active_stations=1
[2026-10-06 06:12:23.490] [info] [candidate.cpp:199] InstancePrecompute: built 3 candidates
[2026-10-06 06:12:23.490] [info] [stationary.cpp:264] NN: cost=950.764108, feasible=true, active_stations=1
[2026-10-06 06:12:23.490] [info] [candidate.cpp:199] InstancePrecompute: built 3 candidates
[2026-10-06 06:12:23.490] [info] [stationary.cpp:264] NN: cost=1099.674921, feasible=true, active_stations=1
[2026-10-06 06:12:23.490] [info] [candidate.cpp:199] InstancePrecompute: built 3 candidates
[2026-10-06 06:12:23.490] [info] [stationary.cpp:264] NN: cost=1426.412072, feasible=true, active_stations=1
[2026-10-06 06:12:23.490] [info] [candidate.cpp:199] InstancePrecompute: built 3 candidates
[2026-10-06 06:12:23.490] [info] [stationary.cpp:264] NN: cost=11310.689518, feasible=true, active_stations=1
[2026-10-06 06:12:23.490] [info] [candidate.cpp:199] InstancePrecompute: built 3 candidates
[2026-10-06 06:12:23.490] [info] [stationary.cpp:264] NN: cost=16900.625657, feasible=true, active_stations=1
[2026-10-06 06:12:23.490] [info] [candidate.cpp:199] InstancePrecompute: built 3 candidates
[2026-10-06 06:12:23.490] [info] [stationary.cpp:264] NN: cost=5032.035483, feasible=true, active_stations=1
[2026-10-06 06:12:23.490] [info] [candidate.cpp:199] InstancePrecompute: built 3 candidates
[2026-10-06 06:12:23.490] [info] [stationary.cpp:264] NN: cost=9446.933163, feasible=true, active_stations=1
[2026-10-06 06:12:23.490] [info] [candidate.cpp:199] InstancePrecompute: built 3 candidates
[2026-10-06 06:12:23.490] [info] [stationary.cpp:264] NN: cost=9776.518717, feasible=true, active_stations=1
[2026-10-06 06:12:23.490] [info] [candidate.cpp:199] InstancePrecompute: built 3 candidates
[2026-10-06 06:12:23.490] [info] [stationary.cpp:264] NN: cost=1763.496714, feasible=true, active_stations=1
[2026-10-06 06:12:23.490] [info] [candidate.cpp:199] InstancePrecompute: built 3 candidates
[2026-10-06 06:12:23.490] [info] [stationary.cpp:264] NN: cost=2852.842487, feasible=true, active_stations=1
[2026-10-06 06:12:23.490] [info] [candidate.cpp:199] InstancePrecompute: built 3 candidates
[2026-10-06 06:12:23.490] [info] [stationary.cpp:264] NN: cost=950.764108, feasible=true, active_stations=1
[2026-10-06 06:12:23.490] [info] [candidate.cpp:199] InstancePrecompute: built 3 candidates
[2026-10-06 06:12:23.490] [info] [stationary.cpp:264] NN: cost=1099.674921, feasible=true, active_stations=1
[2026-10-06 06:12:23.490] [info] [candidate.cpp:199] InstancePrecompute: built 3 candidates
[2026-10-06 06:12:23.490] [info] [stationary.cpp:264] NN: cost=1426.412072, feasible=true, active_stations=1
[2026-10-06 06:12:23.490] [info] [candidate.cpp:199] InstancePrecompute: built 3 candidates
[2026-10-06 06:12:23.490] [info] [stationary.cpp:264] NN: cost=11310.689518, feasible=true, active_stations=1
[2026-10-06 06:12:23.490] [info] [candidate.cpp:199] InstancePrecompute: built 3 candidates
[2026-10-06 06:12:23.490] [info] [stationary.cpp:264] NN: cost=16900.625657, feasible=true, active_stations=1
[2026-10-06 06:12:23.490] [info] [candidate.cpp:199] InstancePrecompute: built 3 candidates
[2026-10-06 06:12:23.490] [info] [stationary.cpp:264] NN: cost=5032.035483, feasible=true, active_stations=1
[2026-10-06 06:12:23.490] [info] [candidate.cpp:199] InstancePrecompute: built 3 candidates
[2026-10-06 06:12:23.490] [info] [stationary.cpp:264] NN: cost=9446.933163, feasible=true, active_stations=1
[2026-10-06 06:12:23.490] [info] [candidate.cpp:199] InstancePrecompute: built 3 candidates
[2026-10-06 06:12:23.490] [info] [stationary.cpp:264] NN: cost=9776.518717, feasible=true, active_stations=1
[2026-10-06 06:12:23.490] [info] [candidate.cpp:199] InstancePrecompute: built 3 candidates
[2026-10-06 06:12:23.490] [info] [stationary.cpp:264] NN: cost=1763.496714, feasible=true, active_stations=1
[2026-10-06 06:12:23.490] [info] [candidate.cpp:199] InstancePrecompute: built 3 candidates
[2026-10-06 06:12:23.490] [info] [stationary.cpp:264] NN: cost=2852.842487, feasible=true, active_stations=1
[2026-10-06 06:12:23.490] [info] [candidate.cpp:199] InstancePrecompute: built 3 candidates
[2026-10-06 06:12:23.490] [info] [stationary.cpp:264] NN: cost=950.764108, feasible=true, active_stations=1
[2026-10-06 06:12:23.490] [info] [candidate.cpp:199] InstancePrecompute: built 3 candidates
[2026-10-06 06:12:23.490] [info] [stationary.cpp:264] NN: cost=1099.674921, feasible=true, active_stations=1
[2026-10-06 06:12:23.490] [info] [candidate.cpp:199] InstancePrecompute: built 3 candidates
[2026-10-06 06:12:23.490] [info] [stationary.cpp:264] NN: cost=1426.412072, feasible=true, active_stations=1
[2026-10-06 06:12:23.490] [info] [candidate.cpp:199] InstancePrecompute: built 3 candidates
[2026-10-06 06:12:23.490] [info] [stationary.cpp:264] NN: cost=11310.689518, feasible=true, active_stations=1
[2026-10-06 06:12:23.490] [info] [candidate.cpp:199] InstancePrecompute: built 3 candidates
[2026-10-06 06:12:23.490] [info] [stationary.cpp:264] NN: cost=16900.625657, feasible=true, active_stations=1
[2026-10-06 06:12:23.490] [info] [candidate.cpp:199] InstancePrecompute: built 3 candidates
[2026-10-06 06:12:23.490] [info] [stationary.cpp:264] NN: cost=5032.035483, feasible=true, active_stations=1
[2026-10-06 06:12:23.490] [info] [candidate.cpp:199] InstancePrecompute: built 3 candidates
[2026-10-06 06:12:23.490] [info] [stationary.cpp:264] NN: cost=9446.933163, feasible=true, active_stations=1
[2026-10-06 06:12:23.490] [info] [candidate.cpp:199] InstancePrecompute: built 3 candidates
[2026-10-06 06:12:23.490] [info] [stationary.cpp:264] NN: cost=9776.518717, feasible=true, active_stations=1
[2026-10-06 06:12:23.490] [info] [candidate.cpp:199] InstancePrecompute: built 3 candidates
[2026-10-06 06:12:23.490] [info] [stationary.cpp:264] NN: cost=1763.496714, feasible=true, active_stations=1
[2026-10-06 06:12:23.490] [info] [candidate.cpp:199] InstancePrecompute: built 3 candidates
[2026-10-06 06:12:23.490] [info] [stationary.cpp:264] NN: cost=2852.842487, feasible=true, active_stations=1
[2026-10-06 06:12:23.490] [info] [candidate.cpp:199] InstancePrecompute: built 3 candidates
[2026-10-06 06:12:23.490] [info] [stationary.cpp:264] NN: cost=950.764108, feasible=true, active_stations=1
[2026-10-06 06:12:23.490] [info] [candidate.cpp:199] InstancePrecompute: built 3 candidates
[2026-10-06 06:12:23.490] [info] [stationary.cpp:264] NN: cost=1099.674921, feasible=true, active_stations=1
[2026-10-06 06:12:23.490] [info] [candidate.cpp:199] InstancePrecompute: built 3 candidates
[2026-10-06 06:12:23.490] [info] [stationary.cpp:264] NN: cost=1426.412072, feasible=true, active_stations=1
[2026-10-06 06:12:23.490] [info] [candidate.cpp:199] InstancePrecompute: built 3 candidates
[2026-10-06 06:12:23.490] [info] [stationary.cpp:264] NN: cost=11310.689518, feasible=true, active_stations=1
[2026-10-06 06:12:23.490] [info] [candidate.cpp:199] InstancePrecompute: built 3 candidates
[2026-10-06 06:12:23.490] [info] [stationary.cpp:264] NN: cost=16900.625657, feasible=true, active_stations=1
[2026-10-06 06:12:23.490] [info] [candidate.cpp:199] InstancePrecompute: built 3 candidates
[2026-10-06 06:12:23.490] [info] [stationary.cpp:264] NN: cost=5032.035483, feasible=true, active_stations=1
[2026-10-06 06:12:23.490] [info] [candidate.cpp:199] InstancePrecompute: built 3 candidates
[2026-10-06 06:12:23.490] [info] [stationary.cpp:264] NN: cost=9446.933163, feasible=true, active_stations=1
[2026-10-06 06:12:23.490] [info] [candidate.cpp:199] InstancePrecompute: built 3 candidates
[2026-10-06 06:12:23.490] [info] [stationary.cpp:264] NN: cost=9776.518717, feasible=true, active_stations=1
[2026-10-06 06:12:23.490] [info] [candidate.cpp:199] InstancePrecompute: built 3 candidates
[2026-10-06 06:12:23.490] [info] [stationary.cpp:264] NN: cost=1763.496714, feasible=true, active_stations=1
[2026-10-06 06:12:23.490] [info] [candidate.cpp:199] InstancePrecompute: built 3 candidates
[2026-10-06 06:12:23.490] [info] [stationary.cpp:264] NN: cost=2852.842487, feasible=true, active_stations=1
[2026-10-06 06:12:23.490] [info] [candidate.cpp:199] InstancePrecompute: built 3 candidates
[2026-10-06 06:12:23.490] [info] [stationary.cpp:264] NN: cost=950.764108, feasible=true, active_stations=1
[2026-10-06 06:12:23.490] [info] [candidate.cpp:199] InstancePrecompute: built 3 candidates
[2026-10-06 06:12:23.490] [info] [stationary.cpp:264] NN: cost=1099.674921, feasible=true, active_stations=1
[2026-10-06 06:12:23.490] [info] [candidate.cpp:199] InstancePrecompute: built 3 candidates
[2026-10-06 06:12:23.490] [info] [stationary.cpp:264] NN: cost=1426.412072, feasible=true, active_stations=1
[2026-10-06 06:12:23.490] [info] [candidate.cpp:199] InstancePrecompute: built 3 candidates
[2026-10-06 06:12:23.490] [info] [stationary.cpp:264] NN: cost=11310.689518, feasible=true, active_stations=1
[2026-10-06 06:12:23.490] [info] [candidate.cpp:199] InstancePrecompute: built 3 candidates
[2026-10-06 06:12:23.490] [info] [stationary.cpp:264] NN: cost=16900.625657, feasible=true, active_stations=1
[2026-10-06 06:12:23.490] [info] [candidate.cpp:199] InstancePrecompute: built 3 candidates
[2026-10-06 06:12:23.490] [info] [stationary.cpp:264] NN: cost=5032.035483, feasible=true, active_stations=1
[2026-10-06 06:12:23.490] [info] [candidate.cpp:199] InstancePrecompute: built 3 candidates
[2026-10-06 06:12:23.490] [info] [stationary.cpp:264] NN: cost=9446.933163, feasible=true, active_stations=1
[2026-10-06 06:12:23.490] [info] [candidate.cpp:199] InstancePrecompute: built 3 candidates
[2026-10-06 06:12:23.490] [info] [stationary.cpp:264] NN: cost=9776.518717, feasible=true, active_stations=1
[2026-10-06 06:12:23.490] [info] [candidate.cpp:199] InstancePrecompute: built 3 candidates
[2026-10-06 06:12:23.490] [info] [stationary.cpp:264] NN: cost=1763.496714, feasible=true, active_stations=1
[2026-10-06 06:12:23.490] [info] [candidate.cpp:199] InstancePrecompute: built 3 candidates
[2026-10-06 06:12:23.490] [info] [stationary.cpp:264] NN: cost=2852.842487, feasible=true, active_stations=1
[2026-10-06 06:12:23.490] [info] [candidate.cpp:199] InstancePrecompute: built 3 candidates
[2026-10-06 06:12:23.490] [info] [stationary.cpp:264] NN: cost=950.764108, feasible=true, active_stations=1
[2026-10-06 06:12:23.490] [info] [candidate.cpp:199] InstancePrecompute: built 3 candidates
[2026-10-06 06:12:23.490] [info] [stationary.cpp:264] NN: cost=1099.674921, feasible=true, active_stations=1
[2026-10-06 06:12:23.490] [info] [candidate.cpp:199] InstancePrecompute: built 3 candidates
[2026-10-06 06:12:23.490] [info] [stationary.cpp:264] NN: cost=1426.412072, feasible=true, active_stations=1
[2026-10-06 06:12:23.490] [info] [candidate.cpp:199] InstancePrecompute: built 3 candidates
[2026-10-06 06:12:23.490] [info] [stationary.cpp:264] NN: cost=11310.689518, feasible=true, active_stations=1
[2026-10-06 06:12:23.490] [info] [candidate.cpp:199] InstancePrecompute: built 3 candidates
[2026-10-06 06:12:23.490] [info] [stationary.cpp:264] NN: cost=16900.625657, feasible=true, active_stations=1
[2026-10-06 06:12:23.490] [info] [candidate.cpp:199] InstancePrecompute: built 3 candidates
[2026-10-06 06:12:23.490] [info] [stationary.cpp:264] NN: cost=5032.035483, feasible=true, active_stations=1
[2026-10-06 06:12:23.490] [info] [candidate.cpp:199] InstancePrecompute: built 3 candidates
[2026-10-06 06:12:23.490] [info] [stationary.cpp:264] NN: cost=9446.933163, feasible=true, active_stations=1
[2026-10-06 06:12:23.490] [info] [candidate.cpp:199] InstancePrecompute: built 3 candidates
[2026-10-06 06:12:23.490] [info] [stationary.cpp:264] NN: cost=9776.518717, feasible=true, active_stations=1
[2026-10-06 06:12:23.490] [info] [candidate.cpp:199] InstancePrecompute: built 3 candidates
[2026-10-06 06:12:23.490] [info] [stationary.cpp:264] NN: cost=1763.496714, feasible=true, active_stations=1
[2026-10-06 06:12:23.490] [info] [candidate.cpp:199] InstancePrecompute: built 3 candidates
[2026-10-06 06:12:23.490] [info] [stationary.cpp:264] NN: cost=2852.842487, feasible=true, active_stations=1
[2026-10-06 06:12:23.490] [info] [candidate.cpp:199] InstancePrecompute: built 3 candidates
[2026-10-06 06:12:23.490] [info] [stationary.cpp:264] NN: cost=950.764108, feasible=true, active_stations=1
[2026-10-06 06:12:23.490] [info] [candidate.cpp:199] InstancePrecompute: built 3 candidates
[2026-10-06 06:12:23.490] [info] [stationary.cpp:264] NN: cost=1099.674921, feasible=true, active_stations=1
[2026-10-06 06:12:23.490] [info] [candidate.cpp:199] InstancePrecompute: built 3 candidates
[2026-10-06 06:12:23.490] [info] [stationary.cpp:264] NN: cost=1426.412072, feasible=true, active_stations=1
[2026-10-06 06:12:23.490] [info] [shifting_strategy_solver.cpp:266] Shifting: cost=26677.144374318 LB=16900.625656918 ratio=1.5785 l=8
[2026-10-06 06:12:23.490] [info] [candidate.cpp:199] InstancePrecompute: built 24 candidates
[2026-10-06 06:12:23.490] [info] [stationary.cpp:264] NN: cost=11881.432630, feasible=true, active_stations=2
[2026-10-06 06:12:23.490] [info] [candidate.cpp:345] build_coverage: nnz=108
[2026-10-06 06:12:23.490] [info] [branch_and_bound_solver.cpp:303] BnB: configured gap target reached
[2026-10-06 06:12:23.490] [info] [branch_and_bound_solver.cpp:416] BnB: cost=10026.743063927 LB=10026.743063927 nodes=17 t=0.0001s
[2026-10-06 06:12:23.490] [info] [brute_force_solver.cpp:204] BruteForce: cost=10026.743063927 total=6561 t=0.0003s
[2026-10-06 06:12:23.490] [info] [stationary.cpp:264] NN: cost=11881.432630, feasible=true, active_stations=2
[2026-10-06 06:12:23.503] [info] [genetic_solver.cpp:274] GA: cost=10026.743063927 gens=500
[2026-10-06 06:12:23.503] [info] [greedy_set_cover_solver.cpp:233] Greedy: cost=11881.432629695 LB=7045.855546955 ratio=1.6863
[2026-10-06 06:12:23.503] [info] [stationary.cpp:264] NN: cost=11881.432630, feasible=true, active_stations=2
[2026-10-06 06:12:23.503] [info] [local_search_solver.cpp:283] LocalSearch: cost=11524.281019026 LB=7045.855546955 iters=6 restarts=9
[2026-10-06 06:12:23.503] [info] [candidate.cpp:345] build_coverage: nnz=108
[2026-10-06 06:12:23.503] [info] [lp_rounding_solver.cpp:291] LPRounding: cost=10026.743063927 LB=10026.743063927 ratio=1.0000
[2026-10-06 06:12:23.503] [info] [stationary.cpp:264] NN: cost=11881.432630, feasible=true, active_stations=2
[2026-10-06 06:12:23.503] [info] [candidate.cpp:345] build_coverage: nnz=108
[2026-10-06 06:12:23.503] [info] [primal_dual_solver.cpp:230] PrimalDual: cost=10026.743063927 LB=3342.247687976 ratio=3.0000 |D|=1
[2026-10-06 06:12:23.503] [info] [stationary.cpp:264] NN: cost=11881.432630, feasible=true, active_stations=2
[2026-10-06 06:12:23.506] [info] [simulated_annealing_solver.cpp:260] SA: cost=11524.281019026 LB=7045.855546955 final_T=6.653969e-02
[2026-10-06 06:12:23.506] [info] [candidate.cpp:199] InstancePrecompute: built 18 candidates
[2026-10-06 06:12:23.506] [info] [stationary.cpp:264] NN: cost=10849.617277, feasible=true, active_stations=2
[2026-10-06 06:12:23.506] [info] [candidate.cpp:199] InstancePrecompute: built 3 candidates
[2026-10-06 06:12:23.506] [info] [stationary.cpp:264] NN: cost=7045.855547, feasible=true, active_stations=1
[2026-10-06 06:12:23.506] [info] [candidate.cpp:199] InstancePrecompute: built 3 candidates
[2026-10-06 06:12:23.506] [info] [stationary.cpp:264] NN: cost=867.160849, feasible=true, active_stations=1
[2026-10-06 06:12:23.506] [info] [candidate.cpp:199] InstancePrecompute: built 9 candidates
[2026-10-06 06:12:23.506] [info] [stationary.cpp:264] NN: cost=914.479843, feasible=true, active_stations=1
[2026-10-06 06:12:23.506] [info] [candidate.cpp:199] InstancePrecompute: built 3 candidates
[2026-10-06 06:12:23.506] [info] [stationary.cpp:264] NN: cost=6014.040195, feasible=true, active_stations=1
[2026-10-06 06:12:23.506] [info] [candidate.cpp:199] InstancePrecompute: built 3 candidates
[2026-10-06 06:12:23.506] [info] [stationary.cpp:264] NN: cost=7045.855547, feasible=true, active_stations=1
[2026-10-06 06:12:23.506] [info] [candidate.cpp:199] InstancePrecompute: built 6 candidates
[2026-10-06 06:12:23.506] [info] [stationary.cpp:264] NN: cost=9632.392430, feasible=true, active_stations=2
[2026-10-06 06:12:23.506] [info] [candidate.cpp:199] InstancePrecompute: built 3 candidates
[2026-10-06 06:12:23.506] [info] [stationary.cpp:264] NN: cost=867.160849, feasible=true, active_stations=1
[2026-10-06 06:12:23.506] [info] [candidate.cpp:199] InstancePrecompute: built 9 candidates
[2026-10-06 06:12:23.506] [info] [stationary.cpp:264] NN: cost=914.479843, feasible=true, active_stations=1
[2026-10-06 06:12:23.506] [info] [candidate.cpp:199] InstancePrecompute: built 6 candidates
[2026-10-06 06:12:23.506] [info] [stationary.cpp:264] NN: cost=7045.855547, feasible=true, active_stations=1
[2026-10-06 06:12:23.506] [info] [candidate.cpp:199] InstancePrecompute: built 3 candidates
[2026-10-06 06:12:23.506] [info] [stationary.cpp:264] NN: cost=4796.815347, feasible=true, active_stations=1
[2026-10-06 06:12:23.506] [info] [candidate.cpp:199] InstancePrecompute: built 3 candidates
[2026-10-06 06:12:23.506] [info] [stationary.cpp:264] NN: cost=4835.577083, feasible=true, active_stations=1
[2026-10-06 06:12:23.506] [info] [candidate.cpp:199] InstancePrecompute: built 3 candidates
[2026-10-06 06:12:23.506] [info] [stationary.cpp:264] NN: cost=867.160849, feasible=true, active_stations=1
[2026-10-06 06:12:23.506] [info] [candidate.cpp:199] InstancePrecompute: built 6 candidates
[2026-10-06 06:12:23.506] [info] [stationary.cpp:264] NN: cost=914.479843, feasible=true, active_stations=1
[2026-10-06 06:12:23.506] [info] [candidate.cpp:199] InstancePrecompute: built 3 candidates
[2026-10-06 06:12:23.506] [info] [stationary.cpp:264] NN: cost=6014.040195, feasible=true, active_stations=1
[2026-10-06 06:12:23.506] [info] [candidate.cpp:199] InstancePrecompute: built 3 candidates
[2026-10-06 06:12:23.506] [info] [stationary.cpp:264] NN: cost=7045.855547, feasible=true, active_stations=1
[2026-10-06 06:12:23.506] [info] [candidate.cpp:199] InstancePrecompute: built 3 candidates
[2026-10-06 06:12:23.506] [info] [stationary.cpp:264] NN: cost=466.646383, feasible=true, active_stations=1
[2026-10-06 06:12:23.507] [info] [candidate.cpp:199] InstancePrecompute: built 6 candidates
[2026-10-06 06:12:23.507] [info] [stationary.cpp:264] NN: cost=9632.392430, feasible=true, active_stations=2
[2026-10-06 06:12:23.507] [info] [candidate.cpp:199] InstancePrecompute: built 3 candidates
[2026-10-06 06:12:23.507] [info] [stationary.cpp:264] NN: cost=867.160849, feasible=true, active_stations=1
[2026-10-06 06:12:23.507] [info] [candidate.cpp:199] InstancePrecompute: built 6 candidates
[2026-10-06 06:12:23.507] [info] [stationary.cpp:264] NN: cost=914.479843, feasible=true, active_stations=1
[2026-10-06 06:12:23.507] [info] [candidate.cpp:199] InstancePrecompute: built 6 candidates
[2026-10-06 06:12:23.507] [info] [stationary.cpp:264] NN: cost=7045.855547, feasible=true, active_stations=1
[2026-10-06 06:12:23.507] [info] [candidate.cpp:199] InstancePrecompute: built 3 candidates
[2026-10-06 06:12:23.507] [info] [stationary.cpp:264] NN: cost=466.646383, feasible=true, active_stations=1
[2026-10-06 06:12:23.507] [info] [candidate.cpp:199] InstancePrecompute: built 3 candidates
[2026-10-06 06:12:23.507] [info] [stationary.cpp:264] NN: cost=4796.815347, feasible=true, active_stations=1
[2026-10-06 06:12:23.507] [info] [candidate.cpp:199] InstancePrecompute: built 3 candidates
[2026-10-06 06:12:23.507] [info] [stationary.cpp:264] NN: cost=4835.577083, feasible=true, active_stations=1
[2026-10-06 06:12:23.507] [info] [candidate.cpp:199] InstancePrecompute: built 3 candidates
[2026-10-06 06:12:23.507] [info] [stationary.cpp:264] NN: cost=867.160849, feasible=true, active_stations=1
[2026-10-06 06:12:23.507] [info] [candidate.cpp:199] InstancePrecompute: built 6 candidates
[2026-10-06 06:12:23.507] [info] [stationary.cpp:264] NN: cost=914.479843, feasible=true, active_stations=1
[2026-10-06 06:12:23.507] [info] [candidate.cpp:199] InstancePrecompute: built 3 candidates
[2026-10-06 06:12:23.507] [info] [stationary.cpp:264] NN: cost=6014.040195, feasible=true, active_stations=1
[2026-10-06 06:12:23.507] [info] [candidate.cpp:199] InstancePrecompute: built 3 candidates
[2026-10-06 06:12:23.507] [info] [stationary.cpp:264] NN: cost=7045.855547, feasible=true, active_stations=1
[2026-10-06 06:12:23.507] [info] [candidate.cpp:199] InstancePrecompute: built 3 candidates
[2026-10-06 06:12:23.507] [info] [stationary.cpp:264] NN: cost=466.646383, feasible=true, active_stations=1
[2026-10-06 06:12:23.507] [info] [candidate.cpp:199] InstancePrecompute: built 3 candidates
[2026-10-06 06:12:23.507] [info] [stationary.cpp:264] NN: cost=4796.815347, feasible=true, active_stations=1
[2026-10-06 06:12:23.507] [info] [candidate.cpp:199] InstancePrecompute: built 3 candidates
[2026-10-06 06:12:23.507] [info] [stationary.cpp:264] NN: cost=4835.577083, feasible=true, active_stations=1
[2026-10-06 06:12:23.507] [info] [candidate.cpp:199] InstancePrecompute: built 3 candidates
[2026-10-06 06:12:23.507] [info] [stationary.cpp:264] NN: cost=867.160849, feasible=true, active_stations=1
[2026-10-06 06:12:23.507] [info] [candidate.cpp:199] InstancePrecompute: built 3 candidates
[2026-10-06 06:12:23.507] [info] [stationary.cpp:264] NN: cost=914.479843, feasible=true, active_stations=1
[2026-10-06 06:12:23.507] [info] [candidate.cpp:199] InstancePrecompute: built 3 candidates
[2026-10-06 06:12:23.507] [info] [stationary.cpp:264] NN: cost=588.161573, feasible=true, active_stations=1
[2026-10-06 06:12:23.507] [info] [candidate.cpp:199] InstancePrecompute: built 6 candidates
[2026-10-06 06:12:23.507] [info] [stationary.cpp:264] NN: cost=7045.855547, feasible=true, active_stations=1
[2026-10-06 06:12:23.507] [info] [candidate.cpp:199] InstancePrecompute: built 3 candidates
[2026-10-06 06:12:23.507] [info] [stationary.cpp:264] NN: cost=466.646383, feasible=true, active_stations=1
[2026-10-06 06:12:23.507] [info] [candidate.cpp:199] InstancePrecompute: built 3 candidates
[2026-10-06 06:12:23.507] [info] [stationary.cpp:264] NN: cost=4796.815347, feasible=true, active_stations=1
[2026-10-06 06:12:23.507] [info] [candidate.cpp:199] InstancePrecompute: built 3 candidates
[2026-10-06 06:12:23.507] [info] [stationary.cpp:264] NN: cost=4835.577083, feasible=true, active_stations=1
[2026-10-06 06:12:23.507] [info] [candidate.cpp:199] InstancePrecompute: built 3 candidates
[2026-10-06 06:12:23.507] [info] [stationary.cpp:264] NN: cost=867.160849, feasible=true, active_stations=1
[2026-10-06 06:12:23.507] [info] [candidate.cpp:199] InstancePrecompute: built 6 candidates
[2026-10-06 06:12:23.507] [info] [stationary.cpp:264] NN: cost=914.479843, feasible=true, active_stations=1
[2026-10-06 06:12:23.507] [info] [candidate.cpp:199] InstancePrecompute: built 6 candidates
[2026-10-06 06:12:23.507] [info] [stationary.cpp:264] NN: cost=7045.855547, feasible=true, active_stations=1
[2026-10-06 06:12:23.507] [info] [candidate.cpp:199] InstancePrecompute: built 3 candidates
[2026-10-06 06:12:23.507] [info] [stationary.cpp:264] NN: cost=466.646383, feasible=true, active_stations=1
[2026-10-06 06:12:23.507] [info] [candidate.cpp:199] InstancePrecompute: built 3 candidates
[2026-10-06 06:12:23.507] [info] [stationary.cpp:264] NN: cost=4796.815347, feasible=true, active_stations=1
[2026-10-06 06:12:23.507] [info] [candidate.cpp:199] InstancePrecompute: built 3 candidates
[2026-10-06 06:12:23.507] [info] [stationary.cpp:264] NN: cost=4835.577083, feasible=true, active_stations=1
[2026-10-06 06:12:23.507] [info] [candidate.cpp:199] InstancePrecompute: built 3 candidates
[2026-10-06 06:12:23.507] [info] [stationary.cpp:264] NN: cost=867.160849, feasible=true, active_stations=1
[2026-10-06 06:12:23.507] [info] [candidate.cpp:199] InstancePrecompute: built 3 candidates
[2026-10-06 06:12:23.507] [info] [stationary.cpp:264] NN: cost=914.479843, feasible=true, active_stations=1
[2026-10-06 06:12:23.507] [info] [candidate.cpp:199] InstancePrecompute: built 3 candidates
[2026-10-06 06:12:23.507] [info] [stationary.cpp:264] NN: cost=7045.855547, feasible=true, active_stations=1
[2026-10-06 06:12:23.507] [info] [candidate.cpp:199] InstancePrecompute: built 6 candidates
[2026-10-06 06:12:23.507] [info] [stationary.cpp:264] NN: cost=1054.807956, feasible=true, active_stations=2
[2026-10-06 06:12:23.507] [info] [candidate.cpp:199] InstancePrecompute: built 3 candidates
[2026-10-06 06:12:23.507] [info] [stationary.cpp:264] NN: cost=4796.815347, feasible=true, active_stations=1
[2026-10-06 06:12:23.507] [info] [candidate.cpp:199] InstancePrecompute: built 3 candidates
[2026-10-06 06:12:23.507] [info] [stationary.cpp:264] NN: cost=6014.040195, feasible=true, active_stations=1
[2026-10-06 06:12:23.507] [info] [candidate.cpp:199] InstancePrecompute: built 3 candidates
[2026-10-06 06:12:23.507] [info] [stationary.cpp:264] NN: cost=4835.577083, feasible=true, active_stations=1
[2026-10-06 06:12:23.507] [info] [candidate.cpp:199] InstancePrecompute: built 3 candidates
[2026-10-06 06:12:23.507] [info] [stationary.cpp:264] NN: cost=867.160849, feasible=true, active_stations=1
[2026-10-06 06:12:23.507] [info] [candidate.cpp:199] InstancePrecompute: built 3 candidates
[2026-10-06 06:12:23.507] [info] [stationary.cpp:264] NN: cost=914.479843, feasible=true, active_stations=1
[2026-10-06 06:12:23.507] [info] [candidate.cpp:199] InstancePrecompute: built 3 candidates
[2026-10-06 06:12:23.507] [info] [stationary.cpp:264] NN: cost=7045.855547, feasible=true, active_stations=1
[2026-10-06 06:12:23.507] [info] [candidate.cpp:199] InstancePrecompute: built 3 candidates
[2026-10-06 06:12:23.507] [info] [stationary.cpp:264] NN: cost=466.646383, feasible=true, active_stations=1
[2026-10-06 06:12:23.507] [info] [candidate.cpp:199] InstancePrecompute: built 3 candidates
[2026-10-06 06:12:23.507] [info] [stationary.cpp:264] NN: cost=588.161573, feasible=true, active_stations=1
[2026-10-06 06:12:23.507] [info] [candidate.cpp:199] InstancePrecompute: built 3 candidates
[2026-10-06 06:12:23.507] [info] [stationary.cpp:264] NN: cost=4796.815347, feasible=true, active_stations=1
[2026-10-06 06:12:23.507] [info] [candidate.cpp:199] InstancePrecompute: built 3 candidates
[2026-10-06 06:12:23.507] [info] [stationary.cpp:264] NN: cost=6014.040195, feasible=true, active_stations=1
[2026-10-06 06:12:23.507] [info] [candidate.cpp:199] InstancePrecompute: built 3 candidates
[2026-10-06 06:12:23.507] [info] [stationary.cpp:264] NN: cost=4835.577083, feasible=true, active_stations=1
[2026-10-06 06:12:23.507] [info] [candidate.cpp:199] InstancePrecompute: built 3 candidates
[2026-10-06 06:12:23.507] [info] [stationary.cpp:264] NN: cost=867.160849, feasible=true, active_stations=1
[2026-10-06 06:12:23.507] [info] [candidate.cpp:199] InstancePrecompute: built 3 candidates
[2026-10-06 06:12:23.507] [info] [stationary.cpp:264] NN: cost=914.479843, feasible=true, active_stations=1
[2026-10-06 06:12:23.507] [info] [candidate.cpp:199] InstancePrecompute: built 3 candidates
[2026-10-06 06:12:23.507] [info] [stationary.cpp:264] NN: cost=7045.855547, feasible=true, active_stations=1
[2026-10-06 06:12:23.507] [info] [candidate.cpp:199] InstancePrecompute: built 3 candidates
[2026-10-06 06:12:23.507] [info] [stationary.cpp:264] NN: cost=466.646383, feasible=true, active_stations=1
[2026-10-06 06:12:23.507] [info] [candidate.cpp:199] InstancePrecompute: built 3 candidates
[2026-10-06 06:12:23.507] [info] [stationary.cpp:264] NN: cost=588.161573, feasible=true, active_stations=1
[2026-10-06 06:12:23.507] [info] [candidate.cpp:199] InstancePrecompute: built 3 candidates
[2026-10-06 06:12:23.507] [info] [stationary.cpp:264] NN: cost=4796.815347, feasible=true, active_stations=1
[2026-10-06 06:12:23.507] [info] [candidate.cpp:199] InstancePrecompute: built 3 candidates
[2026-10-06 06:12:23.507] [info] [stationary.cpp:264] NN: cost=6014.040195, feasible=true, active_stations=1
[2026-10-06 06:12:23.507] [info] [candidate.cpp:199] InstancePrecompute: built 3 candidates
[2026-10-06 06:12:23.507] [info] [stationary.cpp:264] NN: cost=4835.577083, feasible=true, active_stations=1
[2026-10-06 06:12:23.507] [info] [candidate.cpp:199] InstancePrecompute: built 3 candidates
[2026-10-06 06:12:23.507] [info] [stationary.cpp:264] NN: cost=867.160849, feasible=true, active_stations=1
[2026-10-06 06:12:23.507] [info] [candidate.cpp:199] InstancePrecompute: built 3 candidates
[2026-10-06 06:12:23.507] [info] [stationary.cpp:264] NN: cost=914.479843, feasible=true, active_stations=1
[2026-10-06 06:12:23.507] [info] [candidate.cpp:199] InstancePrecompute: built 6 candidates
[2026-10-06 06:12:23.507] [info] [stationary.cpp:264] NN: cost=1054.807956, feasible=true, active_stations=2
[2026-10-06 06:12:23.507] [info] [candidate.cpp:199] InstancePrecompute: built 3 candidates
[2026-10-06 06:12:23.507] [info] [stationary.cpp:264] NN: cost=6014.040195, feasible=true, active_stations=1
[2026-10-06 06:12:23.507] [info] [candidate.cpp:199] InstancePrecompute: built 3 candidates
[2026-10-06 06:12:23.507] [info] [stationary.cpp:264] NN: cost=7045.855547, feasible=true, active_stations=1
[2026-10-06 06:12:23.507] [info] [candidate.cpp:199] InstancePrecompute: built 3 candidates
[2026-10-06 06:12:23.507] [info] [stationary.cpp:264] NN: cost=4796.815347, feasible=true, active_stations=1
[2026-10-06 06:12:23.507] [info] [candidate.cpp:199] InstancePrecompute: built 3 candidates
[2026-10-06 06:12:23.507] [info] [stationary.cpp:264] NN: cost=4835.577083, feasible=true, active_stations=1
[2026-10-06 06:12:23.507] [info] [candidate.cpp:199] InstancePrecompute: built 3 candidates
[2026-10-06 06:12:23.507] [info] [stationary.cpp:264] NN: cost=867.160849, feasible=true, active_stations=1
[2026-10-06 06:12:23.507] [info] [candidate.cpp:199] InstancePrecompute: built 3 candidates
[2026-10-06 06:12:23.507] [info] [stationary.cpp:264] NN: cost=914.479843, feasible=true, active_stations=1
[2026-10-06 06:12:23.507] [info] [candidate.cpp:199] InstancePrecompute: built 3 candidates
[2026-10-06 06:12:23.507] [info] [stationary.cpp:264] NN: cost=466.646383, feasible=true, active_stations=1
[2026-10-06 06:12:23.507] [info] [candidate.cpp:199] InstancePrecompute: built 3 candidates
[2026-10-06 06:12:23.507] [info] [stationary.cpp:264] NN: cost=588.161573, feasible=true, active_stations=1
[2026-10-06 06:12:23.507] [info] [candidate.cpp:199] InstancePrecompute: built 6 candidates
[2026-10-06 06:12:23.507] [info] [stationary.cpp:264] NN: cost=7045.855547, feasible=true, active_stations=1
[2026-10-06 06:12:23.507] [info] [candidate.cpp:199] InstancePrecompute: built 6 candidates
[2026-10-06 06:12:23.507] [info] [stationary.cpp:264] NN: cost=9632.392430, feasible=true, active_stations=2
[2026-10-06 06:12:23.507] [info] [candidate.cpp:199] InstancePrecompute: built 3 candidates
[2026-10-06 06:12:23.507] [info] [stationary.cpp:264] NN: cost=867.160849, feasible=true, active_stations=1
[2026-10-06 06:12:23.507] [info] [candidate.cpp:199] InstancePrecompute: built 3 candidates
[2026-10-06 06:12:23.507] [info] [stationary.cpp:264] NN: cost=914.479843, feasible=true, active_stations=1
[2026-10-06 06:12:23.507] [info] [candidate.cpp:199] InstancePrecompute: built 3 candidates
[2026-10-06 06:12:23.507] [info] [stationary.cpp:264] NN: cost=466.646383, feasible=true, active_stations=1
[2026-10-06 06:12:23.507] [info] [candidate.cpp:199] InstancePrecompute: built 3 candidates
[2026-10-06 06:12:23.507] [info] [stationary.cpp:264] NN: cost=588.161573, feasible=true, active_stations=1
[2026-10-06 06:12:23.507] [info] [candidate.cpp:199] InstancePrecompute: built 6 candidates
[2026-10-06 06:12:23.507] [info] [stationary.cpp:264] NN: cost=7045.855547, feasible=true, active_stations=1
[2026-10-06 06:12:23.507] [info] [candidate.cpp:199] InstancePrecompute: built 3 candidates
[2026-10-06 06:12:23.507] [info] [stationary.cpp:264] NN: cost=4796.815347, feasible=true, active_stations=1
[2026-10-06 06:12:23.507] [info] [candidate.cpp:199] InstancePrecompute: built 3 candidates
[2026-10-06 06:12:23.507] [info] [stationary.cpp:264] NN: cost=4835.577083, feasible=true, active_stations=1
[2026-10-06 06:12:23.507] [info] [candidate.cpp:199] InstancePrecompute: built 3 candidates
[2026-10-06 06:12:23.507] [info] [stationary.cpp:264] NN: cost=867.160849, feasible=true, active_stations=1
[2026-10-06 06:12:23.507] [info] [candidate.cpp:199] InstancePrecompute: built 6 candidates
[2026-10-06 06:12:23.507] [info] [stationary.cpp:264] NN: cost=914.479843, feasible=true, active_stations=1
[2026-10-06 06:12:23.507] [info] [candidate.cpp:199] InstancePrecompute: built 3 candidates
[2026-10-06 06:12:23.507] [info] [stationary.cpp:264] NN: cost=6014.040195, feasible=true, active_stations=1
[2026-10-06 06:12:23.507] [info] [candidate.cpp:199] InstancePrecompute: built 3 candidates
[2026-10-06 06:12:23.507] [info] [stationary.cpp:264] NN: cost=7045.855547, feasible=true, active_stations=1
[2026-10-06 06:12:23.507] [info] [candidate.cpp:199] InstancePrecompute: built 3 candidates
[2026-10-06 06:12:23.507] [info] [stationary.cpp:264] NN: cost=466.646383, feasible=true, active_stations=1
[2026-10-06 06:12:23.507] [info] [candidate.cpp:199] InstancePrecompute: built 3 candidates
[2026-10-06 06:12:23.507] [info] [stationary.cpp:264] NN: cost=4796.815347, feasible=true, active_stations=1
[2026-10-06 06:12:23.507] [info] [candidate.cpp:199] InstancePrecompute: built 3 candidates
[2026-10-06 06:12:23.507] [info] [stationary.cpp:264] NN: cost=4835.577083, feasible=true, active_stations=1
[2026-10-06 06:12:23.507] [info] [candidate.cpp:199] InstancePrecompute: built 3 candidates
[2026-10-06 06:12:23.507] [info] [stationary.cpp:264] NN: cost=867.160849, feasible=true, active_stations=1
[2026-10-06 06:12:23.507] [info] [candidate.cpp:199] InstancePrecompute: built 6 candidates
[2026-10-06 06:12:23.507] [info] [stationary.cpp:264] NN: cost=914.479843, feasible=true, active_stations=1
[2026-10-06 06:12:23.507] [info] [candidate.cpp:199] InstancePrecompute: built 3 candidates
[2026-10-06 06:12:23.507] [info] [stationary.cpp:264] NN: cost=6014.040195, feasible=true, active_stations=1
[2026-10-06 06:12:23.507] [info] [candidate.cpp:199] InstancePrecompute: built 3 candidates
[2026-10-06 06:12:23.507] [info] [stationary.cpp:264] NN: cost=7045.855547, feasible=true, active_stations=1
[2026-10-06 06:12:23.507] [info] [candidate.cpp:199] InstancePrecompute: built 3 candidates
[2026-10-06 06:12:23.507] [info] [stationary.cpp:264] NN: cost=466.646383, feasible=true, active_stations=1
[2026-10-06 06:12:23.507] [info] [candidate.cpp:199] InstancePrecompute: built 3 candidates
[2026-10-06 06:12:23.507] [info] [stationary.cpp:264] NN: cost=4796.815347, feasible=true, active_stations=1
[2026-10-06 06:12:23.507] [info] [candidate.cpp:199] InstancePrecompute: built 3 candidates
[2026-10-06 06:12:23.507] [info] [stationary.cpp:264] NN: cost=4835.577083, feasible=true, active_stations=1
[2026-10-06 06:12:23.507] [info] [candidate.cpp:199] InstancePrecompute: built 3 candidates
[2026-10-06 06:12:23.507] [info] [stationary.cpp:264] NN: cost=867.160849, feasible=true, active_stations=1
[2026-10-06 06:12:23.507] [info] [candidate.cpp:199] InstancePrecompute: built 6 candidates
[2026-10-06 06:12:23.507] [info] [stationary.cpp:264] NN: cost=914.479843, feasible=true, active_stations=1
[2026-10-06 06:12:23.507] [info] [candidate.cpp:199] InstancePrecompute: built 6 candidates
[2026-10-06 06:12:23.507] [info] [stationary.cpp:264] NN: cost=7045.855547, feasible=true, active_stations=1
[2026-10-06 06:12:23.507] [info] [candidate.cpp:199] InstancePrecompute: built 3 candidates
[2026-10-06 06:12:23.507] [info] [stationary.cpp:264] NN: cost=466.646383, feasible=true, active_stations=1
[2026-10-06 06:12:23.507] [info] [candidate.cpp:199] InstancePrecompute: built 3 candidates
[2026-10-06 06:12:23.507] [info] [stationary.cpp:264] NN: cost=4796.815347, feasible=true, active_stations=1
[2026-10-06 06:12:23.507] [info] [candidate.cpp:199] InstancePrecompute: built 3 candidates
[2026-10-06 06:12:23.507] [info] [stationary.cpp:264] NN: cost=4835.577083, feasible=true, active_stations=1
[2026-10-06 06:12:23.507] [info] [candidate.cpp:199] InstancePrecompute: built 3 candidates
[2026-10-06 06:12:23.507] [info] [stationary.cpp:264] NN: cost=867.160849, feasible=true, active_stations=1
[2026-10-06 06:12:23.507] [info] [candidate.cpp:199] InstancePrecompute: built 6 candidates
[2026-10-06 06:12:23.507] [info] [stationary.cpp:264] NN: cost=914.479843, feasible=true, active_stations=1
[2026-10-06 06:12:23.507] [info] [candidate.cpp:199] InstancePrecompute: built 6 candidates
[2026-10-06 06:12:23.507] [info] [stationary.cpp:264] NN: cost=7045.855547, feasible=true, active_stations=1
[2026-10-06 06:12:23.507] [info] [candidate.cpp:199] InstancePrecompute: built 3 candidates
[2026-10-06 06:12:23.507] [info] [stationary.cpp:264] NN: cost=466.646383, feasible=true, active_stations=1
[2026-10-06 06:12:23.507] [info] [candidate.cpp:199] InstancePrecompute: built 6 candidates
[2026-10-06 06:12:23.507] [info] [stationary.cpp:264] NN: cost=9632.392430, feasible=true, active_stations=2
[2026-10-06 06:12:23.507] [info] [candidate.cpp:199] InstancePrecompute: built 3 candidates
[2026-10-06 06:12:23.507] [info] [stationary.cpp:264] NN: cost=867.160849, feasible=true, active_stations=1
[2026-10-06 06:12:23.507] [info] [candidate.cpp:199] InstancePrecompute: built 3 candidates
[2026-10-06 06:12:23.507] [info] [stationary.cpp:264] NN: cost=914.479843, feasible=true, active_stations=1
[2026-10-06 06:12:23.507] [info] [candidate.cpp:199] InstancePrecompute: built 3 candidates
[2026-10-06 06:12:23.507] [info] [stationary.cpp:264] NN: cost=7045.855547, feasible=true, active_stations=1
[2026-10-06 06:12:23.507] [info] [candidate.cpp:199] InstancePrecompute: built 6 candidates
[2026-10-06 06:12:23.507] [info] [stationary.cpp:264] NN: cost=1054.807956, feasible=true, active_stations=2
[2026-10-06 06:12:23.507] [info] [candidate.cpp:199] InstancePrecompute: built 3 candidates
[2026-10-06 06:12:23.507] [info] [stationary.cpp:264] NN: cost=6014.040195, feasible=true, active_stations=1
[2026-10-06 06:12:23.507] [info] [candidate.cpp:199] InstancePrecompute: built 3 candidates
[2026-10-06 06:12:23.507] [info] [stationary.cpp:264] NN: cost=4796.815347, feasible=true, active_stations=1
[2026-10-06 06:12:23.507] [info] [candidate.cpp:199] InstancePrecompute: built 3 candidates
[2026-10-06 06:12:23.507] [info] [stationary.cpp:264] NN: cost=4835.577083, feasible=true, active_stations=1
[2026-10-06 06:12:23.507] [info] [candidate.cpp:199] InstancePrecompute: built 3 candidates
[2026-10-06 06:12:23.507] [info] [stationary.cpp:264] NN: cost=867.160849, feasible=true, active_stations=1
[2026-10-06 06:12:23.507] [info] [candidate.cpp:199] InstancePrecompute: built 3 candidates
[2026-10-06 06:12:23.507] [info] [stationary.cpp:264] NN: cost=914.479843, feasible=true, active_stations=1
[2026-10-06 06:12:23.507] [info] [candidate.cpp:199] InstancePrecompute: built 3 candidates
[2026-10-06 06:12:23.507] [info] [stationary.cpp:264] NN: cost=7045.855547, feasible=true, active_stations=1
[2026-10-06 06:12:23.507] [info] [candidate.cpp:199] InstancePrecompute: built 3 candidates
[2026-10-06 06:12:23.507] [info] [stationary.cpp:264] NN: cost=466.646383, feasible=true, active_stations=1
[2026-10-06 06:12:23.507] [info] [candidate.cpp:199] InstancePrecompute: built 3 candidates
[2026-10-06 06:12:23.507] [info] [stationary.cpp:264] NN: cost=588.161573, feasible=true, active_stations=1
[2026-10-06 06:12:23.507] [info] [candidate.cpp:199] InstancePrecompute: built 3 candidates
[2026-10-06 06:12:23.507] [info] [stationary.cpp:264] NN: cost=6014.040195, feasible=true, active_stations=1
[2026-10-06 06:12:23.507] [info] [candidate.cpp:199] InstancePrecompute: built 3 candidates
[2026-10-06 06:12:23.507] [info] [stationary.cpp:264] NN: cost=4796.815347, feasible=true, active_stations=1
[2026-10-06 06:12:23.507] [info] [candidate.cpp:199] InstancePrecompute: built 3 candidates
[2026-10-06 06:12:23.507] [info] [stationary.cpp:264] NN: cost=4835.577083, feasible=true, active_stations=1
[2026-10-06 06:12:23.507] [info] [candidate.cpp:199] InstancePrecompute: built 3 candidates
[2026-10-06 06:12:23.507] [info] [stationary.cpp:264] NN: cost=867.160849, feasible=true, active_stations=1
[2026-10-06 06:12:23.507] [info] [candidate.cpp:199] InstancePrecompute: built 3 candidates
[2026-10-06 06:12:23.507] [info] [stationary.cpp:264] NN: cost=914.479843, feasible=true, active_stations=1
[2026-10-06 06:12:23.507] [info] [candidate.cpp:199] InstancePrecompute: built 3 candidates
[2026-10-06 06:12:23.507] [info] [stationary.cpp:264] NN: cost=7045.855547, feasible=true, active_stations=1
[2026-10-06 06:12:23.507] [info] [candidate.cpp:199] InstancePrecompute: built 3 candidates
[2026-10-06 06:12:23.507] [info] [stationary.cpp:264] NN: cost=466.646383, feasible=true, active_stations=1
[2026-10-06 06:12:23.507] [info] [candidate.cpp:199] InstancePrecompute: built 3 candidates
[2026-10-06 06:12:23.507] [info] [stationary.cpp:264] NN: cost=588.161573, feasible=true, active_stations=1
[2026-10-06 06:12:23.507] [info] [candidate.cpp:199] InstancePrecompute: built 3 candidates
[2026-10-06 06:12:23.507] [info] [stationary.cpp:264] NN: cost=6014.040195, feasible=true, active_stations=1
[2026-10-06 06:12:23.507] [info] [candidate.cpp:199] InstancePrecompute: built 3 candidates
[2026-10-06 06:12:23.507] [info] [stationary.cpp:264] NN: cost=4796.815347, feasible=true, active_stations=1
[2026-10-06 06:12:23.507] [info] [candidate.cpp:199] InstancePrecompute: built 3 candidates
[2026-10-06 06:12:23.507] [info] [stationary.cpp:264] NN: cost=4835.577083, feasible=true, active_stations=1
[2026-10-06 06:12:23.507] [info] [candidate.cpp:199] InstancePrecompute: built 3 candidates
[2026-10-06 06:12:23.507] [info] [stationary.cpp:264] NN: cost=867.160849, feasible=true, active_stations=1
[2026-10-06 06:12:23.507] [info] [candidate.cpp:199] InstancePrecompute: built 3 candidates
[2026-10-06 06:12:23.507] [info] [stationary.cpp:264] NN: cost=914.479843, feasible=true, active_stations=1
[2026-10-06 06:12:23.507] [info] [candidate.cpp:199] InstancePrecompute: built 3 candidates
[2026-10-06 06:12:23.507] [info] [stationary.cpp:264] NN: cost=7045.855547, feasible=true, active_stations=1
[2026-10-06 06:12:23.507] [info] [candidate.cpp:199] InstancePrecompute: built 3 candidates
[2026-10-06 06:12:23.507] [info] [stationary.cpp:264] NN: cost=466.646383, feasible=true, active_stations=1
[2026-10-06 06:12:23.507] [info] [candidate.cpp:199] InstancePrecompute: built 3 candidates
[2026-10-06 06:12:23.507] [info] [stationary.cpp:264] NN: cost=588.161573, feasible=true, active_stations=1
[2026-10-06 06:12:23.507] [info] [candidate.cpp:199] InstancePrecompute: built 3 candidates
[2026-10-06 06:12:23.507] [info] [stationary.cpp:264] NN: cost=6014.040195, feasible=true, active_stations=1
[2026-10-06 06:12:23.507] [info] [candidate.cpp:199] InstancePrecompute: built 3 candidates
[2026-10-06 06:12:23.507] [info] [stationary.cpp:264] NN: cost=4796.815347, feasible=true, active_stations=1
[2026-10-06 06:12:23.507] [info] [candidate.cpp:199] InstancePrecompute: built 3 candidates
[2026-10-06 06:12:23.507] [info] [stationary.cpp:264] NN: cost=4835.577083, feasible=true, active_stations=1
[2026-10-06 06:12:23.507] [info] [candidate.cpp:199] InstancePrecompute: built 3 candidates
[2026-10-06 06:12:23.507] [info] [stationary.cpp:264] NN: cost=867.160849, feasible=true, active_stations=1
[2026-10-06 06:12:23.507] [info] [candidate.cpp:199] InstancePrecompute: built 3 candidates
[2026-10-06 06:12:23.507] [info] [stationary.cpp:264] NN: cost=914.479843, feasible=true, active_stations=1
[2026-10-06 06:12:23.507] [info] [candidate.cpp:199] InstancePrecompute: built 3 candidates
[2026-10-06 06:12:23.507] [info] [stationary.cpp:264] NN: cost=7045.855547, feasible=true, active_stations=1
[2026-10-06 06:12:23.507] [info] [candidate.cpp:199] InstancePrecompute: built 3 candidates
[2026-10-06 06:12:23.507] [info] [stationary.cpp:264] NN: cost=588.161573, feasible=true, active_stations=1
[2026-10-06 06:12:23.507] [info] [candidate.cpp:199] InstancePrecompute: built 3 candidates
[2026-10-06 06:12:23.507] [info] [stationary.cpp:264] NN: cost=6014.040195, feasible=true, active_stations=1
[2026-10-06 06:12:23.507] [info] [candidate.cpp:199] InstancePrecompute: built 3 candidates
[2026-10-06 06:12:23.507] [info] [stationary.cpp:264] NN: cost=466.646383, feasible=true, active_stations=1
[2026-10-06 06:12:23.507] [info] [candidate.cpp:199] InstancePrecompute: built 3 candidates
[2026-10-06 06:12:23.507] [info] [stationary.cpp:264] NN: cost=4796.815347, feasible=true, active_stations=1
[2026-10-06 06:12:23.507] [info] [candidate.cpp:199] InstancePrecompute: built 3 candidates
[2026-10-06 06:12:23.507] [info] [stationary.cpp:264] NN: cost=4835.577083, feasible=true, active_stations=1
[2026-10-06 06:12:23.507] [info] [candidate.cpp:199] InstancePrecompute: built 3 candidates
[2026-10-06 06:12:23.507] [info] [stationary.cpp:264] NN: cost=867.160849, feasible=true, active_stations=1
[2026-10-06 06:12:23.507] [info] [candidate.cpp:199] InstancePrecompute: built 3 candidates
[2026-10-06 06:12:23.507] [info] [stationary.cpp:264] NN: cost=914.479843, feasible=true, active_stations=1
[2026-10-06 06:12:23.507] [info] [candidate.cpp:199] InstancePrecompute: built 3 candidates
[2026-10-06 06:12:23.507] [info] [stationary.cpp:264] NN: cost=7045.855547, feasible=true, active_stations=1
[2026-10-06 06:12:23.507] [info] [candidate.cpp:199] InstancePrecompute: built 3 candidates
[2026-10-06 06:12:23.507] [info] [stationary.cpp:264] NN: cost=588.161573, feasible=true, active_stations=1
[2026-10-06 06:12:23.507] [info] [candidate.cpp:199] InstancePrecompute: built 3 candidates
[2026-10-06 06:12:23.507] [info] [stationary.cpp:264] NN: cost=6014.040195, feasible=true, active_stations=1
[2026-10-06 06:12:23.507] [info] [candidate.cpp:199] InstancePrecompute: built 3 candidates
[2026-10-06 06:12:23.507] [info] [stationary.cpp:264] NN: cost=466.646383, feasible=true, active_stations=1
[2026-10-06 06:12:23.507] [info] [candidate.cpp:199] InstancePrecompute: built 3 candidates
[2026-10-06 06:12:23.507] [info] [stationary.cpp:264] NN: cost=4796.815347, feasible=true, active_stations=1
[2026-10-06 06:12:23.507] [info] [candidate.cpp:199] InstancePrecompute: built 3 candidates
[2026-10-06 06:12:23.507] [info] [stationary.cpp:264] NN: cost=4835.577083, feasible=true, active_stations=1
[2026-10-06 06:12:23.507] [info] [candidate.cpp:199] InstancePrecompute: built 3 candidates
[2026-10-06 06:12:23.507] [info] [stationary.cpp:264] NN: cost=867.160849, feasible=true, active_stations=1
[2026-10-06 06:12:23.507] [info] [candidate.cpp:199] InstancePrecompute: built 3 candidates
[2026-10-06 06:12:23.507] [info] [stationary.cpp:264] NN: cost=914.479843, feasible=true, active_stations=1
[2026-10-06 06:12:23.507] [info] [candidate.cpp:199] InstancePrecompute: built 3 candidates
[2026-10-06 06:12:23.507] [info] [stationary.cpp:264] NN: cost=7045.855547, feasible=true, active_stations=1
[2026-10-06 06:12:23.507] [info] [candidate.cpp:199] InstancePrecompute: built 3 candidates
[2026-10-06 06:12:23.507] [info] [stationary.cpp:264] NN: cost=588.161573, feasible=true, active_stations=1
[2026-10-06 06:12:23.507] [info] [candidate.cpp:199] InstancePrecompute: built 3 candidates
[2026-10-06 06:12:23.507] [info] [stationary.cpp:264] NN: cost=6014.040195, feasible=true, active_stations=1
[2026-10-06 06:12:23.507] [info] [candidate.cpp:199] InstancePrecompute: built 3 candidates
[2026-10-06 06:12:23.507] [info] [stationary.cpp:264] NN: cost=466.646383, feasible=true, active_stations=1
[2026-10-06 06:12:23.507] [info] [candidate.cpp:199] InstancePrecompute: built 3 candidates
[2026-10-06 06:12:23.507] [info] [stationary.cpp:264] NN: cost=4796.815347, feasible=true, active_stations=1
[2026-10-06 06:12:23.507] [info] [candidate.cpp:199] InstancePrecompute: built 3 candidates
[2026-10-06 06:12:23.507] [info] [stationary.cpp:264] NN: cost=4835.577083, feasible=true, active_stations=1
[2026-10-06 06:12:23.507] [info] [candidate.cpp:199] InstancePrecompute: built 3 candidates
[2026-10-06 06:12:23.507] [info] [stationary.cpp:264] NN: cost=867.160849, feasible=true, active_stations=1
[2026-10-06 06:12:23.507] [info] [candidate.cpp:199] InstancePrecompute: built 3 candidates
[2026-10-06 06:12:23.507] [info] [stationary.cpp:264] NN: cost=914.479843, feasible=true, active_stations=1
[2026-10-06 06:12:23.507] [info] [candidate.cpp:199] InstancePrecompute: built 3 candidates
[2026-10-06 06:12:23.507] [info] [stationary.cpp:264] NN: cost=7045.855547, feasible=true, active_stations=1
[2026-10-06 06:12:23.507] [info] [candidate.cpp:199] InstancePrecompute: built 3 candidates
[2026-10-06 06:12:23.507] [info] [stationary.cpp:264] NN: cost=588.161573, feasible=true, active_stations=1
[2026-10-06 06:12:23.507] [info] [candidate.cpp:199] InstancePrecompute: built 3 candidates
[2026-10-06 06:12:23.507] [info] [stationary.cpp:264] NN: cost=6014.040195, feasible=true, active_stations=1
[2026-10-06 06:12:23.507] [info] [candidate.cpp:199] InstancePrecompute: built 3 candidates
[2026-10-06 06:12:23.507] [info] [stationary.cpp:264] NN: cost=466.646383, feasible=true, active_stations=1
[2026-10-06 06:12:23.507] [info] [candidate.cpp:199] InstancePrecompute: built 3 candidates
[2026-10-06 06:12:23.507] [info] [stationary.cpp:264] NN: cost=4796.815347, feasible=true, active_stations=1
[2026-10-06 06:12:23.507] [info] [candidate.cpp:199] InstancePrecompute: built 3 candidates
[2026-10-06 06:12:23.507] [info] [stationary.cpp:264] NN: cost=4835.577083, feasible=true, active_stations=1
[2026-10-06 06:12:23.507] [info] [candidate.cpp:199] InstancePrecompute: built 3 candidates
[2026-10-06 06:12:23.507] [info] [stationary.cpp:264] NN: cost=867.160849, feasible=true, active_stations=1
[2026-10-06 06:12:23.507] [info] [candidate.cpp:199] InstancePrecompute: built 3 candidates
[2026-10-06 06:12:23.507] [info] [stationary.cpp:264] NN: cost=914.479843, feasible=true, active_stations=1
[2026-10-06 06:12:23.507] [info] [candidate.cpp:199] InstancePrecompute: built 3 candidates
[2026-10-06 06:12:23.507] [info] [stationary.cpp:264] NN: cost=588.161573, feasible=true, active_stations=1
[2026-10-06 06:12:23.507] [info] [candidate.cpp:199] InstancePrecompute: built 3 candidates
[2026-10-06 06:12:23.507] [info] [stationary.cpp:264] NN: cost=6014.040195, feasible=true, active_stations=1
[2026-10-06 06:12:23.507] [info] [candidate.cpp:199] InstancePrecompute: built 3 candidates
[2026-10-06 06:12:23.507] [info] [stationary.cpp:264] NN: cost=7045.855547, feasible=true, active_stations=1
[2026-10-06 06:12:23.507] [info] [candidate.cpp:199] InstancePrecompute: built 3 candidates
[2026-10-06 06:12:23.507] [info] [stationary.cpp:264] NN: cost=466.646383, feasible=true, active_stations=1
[2026-10-06 06:12:23.507] [info] [candidate.cpp:199] InstancePrecompute: built 3 candidates
[2026-10-06 06:12:23.507] [info] [stationary.cpp:264] NN: cost=4796.815347, feasible=true, active_stations=1
[2026-10-06 06:12:23.507] [info] [candidate.cpp:199] InstancePrecompute: built 3 candidates
[2026-10-06 06:12:23.507] [info] [stationary.cpp:264] NN: cost=4835.577083, feasible=true, active_stations=1
[2026-10-06 06:12:23.507] [info] [candidate.cpp:199] InstancePrecompute: built 3 candidates
[2026-10-06 06:12:23.507] [info] [stationary.cpp:264] NN: cost=867.160849, feasible=true, active_stations=1
[2026-10-06 06:12:23.507] [info] [candidate.cpp:199] InstancePrecompute: built 3 candidates
[2026-10-06 06:12:23.507] [info] [stationary.cpp:264] NN: cost=914.479843, feasible=true, active_stations=1
[2026-10-06 06:12:23.507] [info] [candidate.cpp:199] InstancePrecompute: built 3 candidates
[2026-10-06 06:12:23.507] [info] [stationary.cpp:264] NN: cost=588.161573, feasible=true, active_stations=1
[2026-10-06 06:12:23.507] [info] [candidate.cpp:199] InstancePrecompute: built 3 candidates
[2026-10-06 06:12:23.507] [info] [stationary.cpp:264] NN: cost=6014.040195, feasible=true, active_stations=1
[2026-10-06 06:12:23.507] [info] [candidate.cpp:199] InstancePrecompute: built 3 candidates
[2026-10-06 06:12:23.507] [info] [stationary.cpp:264] NN: cost=7045.855547, feasible=true, active_stations=1
[2026-10-06 06:12:23.507] [info] [candidate.cpp:199] InstancePrecompute: built 3 candidates
[2026-10-06 06:12:23.507] [info] [stationary.cpp:264] NN: cost=466.646383, feasible=true, active_stations=1
[2026-10-06 06:12:23.507] [info] [candidate.cpp:199] InstancePrecompute: built 3 candidates
[2026-10-06 06:12:23.507] [info] [stationary.cpp:264] NN: cost=4796.815347, feasible=true, active_stations=1
[2026-10-06 06:12:23.507] [info] [candidate.cpp:199] InstancePrecompute: built 3 candidates
[2026-10-06 06:12:23.507] [info] [stationary.cpp:264] NN: cost=4835.577083, feasible=true, active_stations=1
[2026-10-06 06:12:23.507] [info] [candidate.cpp:199] InstancePrecompute: built 3 candidates
[2026-10-06 06:12:23.507] [info] [stationary.cpp:264] NN: cost=867.160849, feasible=true, active_stations=1
[2026-10-06 06:12:23.507] [info] [candidate.cpp:199] InstancePrecompute: built 3 candidates
[2026-10-06 06:12:23.507] [info] [stationary.cpp:264] NN: cost=914.479843, feasible=true, active_stations=1
[2026-10-06 06:12:23.507] [info] [candidate.cpp:199] InstancePrecompute: built 3 candidates
[2026-10-06 06:12:23.507] [info] [stationary.cpp:264] NN: cost=588.161573, feasible=true, active_stations=1
[2026-10-06 06:12:23.507] [info] [candidate.cpp:199] InstancePrecompute: built 6 candidates
[2026-10-06 06:12:23.507] [info] [stationary.cpp:264] NN: cost=7045.855547, feasible=true, active_stations=1
[2026-10-06 06:12:23.507] [info] [candidate.cpp:199] InstancePrecompute: built 3 candidates
[2026-10-06 06:12:23.507] [info] [stationary.cpp:264] NN: cost=466.646383, feasible=true, active_stations=1
[2026-10-06 06:12:23.507] [info] [candidate.cpp:199] InstancePrecompute: built 3 candidates
[2026-10-06 06:12:23.507] [info] [stationary.cpp:264] NN: cost=4796.815347, feasible=true, active_stations=1
[2026-10-06 06:12:23.507] [info] [candidate.cpp:199] InstancePrecompute: built 3 candidates
[2026-10-06 06:12:23.507] [info] [stationary.cpp:264] NN: cost=4835.577083, feasible=true, active_stations=1
[2026-10-06 06:12:23.507] [info] [candidate.cpp:199] InstancePrecompute: built 3 candidates
[2026-10-06 06:12:23.507] [info] [stationary.cpp:264] NN: cost=867.160849, feasible=true, active_stations=1
[2026-10-06 06:12:23.507] [info] [candidate.cpp:199] InstancePrecompute: built 3 candidates
[2026-10-06 06:12:23.507] [info] [stationary.cpp:264] NN: cost=914.479843, feasible=true, active_stations=1
[2026-10-06 06:12:23.507] [info] [candidate.cpp:199] InstancePrecompute: built 3 candidates
[2026-10-06 06:12:23.507] [info] [stationary.cpp:264] NN: cost=588.161573, feasible=true, active_stations=1
[2026-10-06 06:12:23.507] [info] [candidate.cpp:199] InstancePrecompute: built 6 candidates
[2026-10-06 06:12:23.507] [info] [stationary.cpp:264] NN: cost=7045.855547, feasible=true, active_stations=1
[2026-10-06 06:12:23.507] [info] [candidate.cpp:199] InstancePrecompute: built 3 candidates
[2026-10-06 06:12:23.507] [info] [stationary.cpp:264] NN: cost=466.646383, feasible=true, active_stations=1
[2026-10-06 06:12:23.507] [info] [candidate.cpp:199] InstancePrecompute: built 3 candidates
[2026-10-06 06:12:23.507] [info] [stationary.cpp:264] NN: cost=4796.815347, feasible=true, active_stations=1
[2026-10-06 06:12:23.507] [info] [candidate.cpp:199] InstancePrecompute: built 3 candidates
[2026-10-06 06:12:23.507] [info] [stationary.cpp:264] NN: cost=4835.577083, feasible=true, active_stations=1
[2026-10-06 06:12:23.507] [info] [candidate.cpp:199] InstancePrecompute: built 3 candidates
[2026-10-06 06:12:23.507] [info] [stationary.cpp:264] NN: cost=867.160849, feasible=true, active_stations=1
[2026-10-06 06:12:23.507] [info] [candidate.cpp:199] InstancePrecompute: built 3 candidates
[2026-10-06 06:12:23.507] [info] [stationary.cpp:264] NN: cost=914.479843, feasible=true, active_stations=1
[2026-10-06 06:12:23.507] [info] [candidate.cpp:199] InstancePrecompute: built 3 candidates
[2026-10-06 06:12:23.507] [info] [stationary.cpp:264] NN: cost=7045.855547, feasible=true, active_stations=1
[2026-10-06 06:12:23.507] [info] [candidate.cpp:199] InstancePrecompute: built 3 candidates
[2026-10-06 06:12:23.507] [info] [stationary.cpp:264] NN: cost=466.646383, feasible=true, active_stations=1
[2026-10-06 06:12:23.507] [info] [candidate.cpp:199] InstancePrecompute: built 3 candidates
[2026-10-06 06:12:23.507] [info] [stationary.cpp:264] NN: cost=588.161573, feasible=true, active_stations=1
[2026-10-06 06:12:23.507] [info] [candidate.cpp:199] InstancePrecompute: built 3 candidates
[2026-10-06 06:12:23.507] [info] [stationary.cpp:264] NN: cost=6014.040195, feasible=true, active_stations=1
[2026-10-06 06:12:23.507] [info] [candidate.cpp:199] InstancePrecompute: built 3 candidates
[2026-10-06 06:12:23.507] [info] [stationary.cpp:264] NN: cost=4796.815347, feasible=true, active_stations=1
[2026-10-06 06:12:23.507] [info] [candidate.cpp:199] InstancePrecompute: built 3 candidates
[2026-10-06 06:12:23.507] [info] [stationary.cpp:264] NN: cost=4835.577083, feasible=true, active_stations=1
[2026-10-06 06:12:23.507] [info] [candidate.cpp:199] InstancePrecompute: built 3 candidates
[2026-10-06 06:12:23.507] [info] [stationary.cpp:264] NN: cost=867.160849, feasible=true, active_stations=1
[2026-10-06 06:12:23.507] [info] [candidate.cpp:199] InstancePrecompute: built 3 candidates
[2026-10-06 06:12:23.507] [info] [stationary.cpp:264] NN: cost=914.479843, feasible=true, active_stations=1
[2026-10-06 06:12:23.507] [info] [candidate.cpp:199] InstancePrecompute: built 3 candidates
[2026-10-06 06:12:23.507] [info] [stationary.cpp:264] NN: cost=7045.855547, feasible=true, active_stations=1
[2026-10-06 06:12:23.507] [info] [candidate.cpp:199] InstancePrecompute: built 3 candidates
[2026-10-06 06:12:23.507] [info] [stationary.cpp:264] NN: cost=466.646383, feasible=true, active_stations=1
[2026-10-06 06:12:23.507] [info] [candidate.cpp:199] InstancePrecompute: built 3 candidates
[2026-10-06 06:12:23.507] [info] [stationary.cpp:264] NN: cost=588.161573, feasible=true, active_stations=1
[2026-10-06 06:12:23.507] [info] [candidate.cpp:199] InstancePrecompute: built 3 candidates
[2026-10-06 06:12:23.507] [info] [stationary.cpp:264] NN: cost=6014.040195, feasible=true, active_stations=1
[2026-10-06 06:12:23.507] [info] [candidate.cpp:199] InstancePrecompute: built 3 candidates
[2026-10-06 06:12:23.507] [info] [stationary.cpp:264] NN: cost=4796.815347, feasible=true, active_stations=1
[2026-10-06 06:12:23.507] [info] [candidate.cpp:199] InstancePrecompute: built 3 candidates
[2026-10-06 06:12:23.507] [info] [stationary.cpp:264] NN: cost=4835.577083, feasible=true, active_stations=1
[2026-10-06 06:12:23.507] [info] [candidate.cpp:199] InstancePrecompute: built 3 candidates
[2026-10-06 06:12:23.507] [info] [stationary.cpp:264] NN: cost=867.160849, feasible=true, active_stations=1
[2026-10-06 06:12:23.507] [info] [candidate.cpp:199] InstancePrecompute: built 3 candidates
[2026-10-06 06:12:23.507] [info] [stationary.cpp:264] NN: cost=914.479843, feasible=true, active_stations=1
[2026-10-06 06:12:23.507] [info] [candidate.cpp:199] InstancePrecompute: built 3 candidates
[2026-10-06 06:12:23.507] [info] [stationary.cpp:264] NN: cost=7045.855547, feasible=true, active_stations=1
[2026-10-06 06:12:23.507] [info] [candidate.cpp:199] InstancePrecompute: built 3 candidates
[2026-10-06 06:12:23.507] [info] [stationary.cpp:264] NN: cost=466.646383, feasible=true, active_stations=1
[2026-10-06 06:12:23.507] [info] [candidate.cpp:199] InstancePrecompute: built 3 candidates
[2026-10-06 06:12:23.507] [info] [stationary.cpp:264] NN: cost=588.161573, feasible=true, active_stations=1
[2026-10-06 06:12:23.507] [info] [candidate.cpp:199] InstancePrecompute: built 3 candidates
[2026-10-06 06:12:23.507] [info] [stationary.cpp:264] NN: cost=6014.040195, feasible=true, active_stations=1
[2026-10-06 06:12:23.507] [info] [candidate.cpp:199] InstancePrecompute: built 3 candidates
[2026-10-06 06:12:23.507] [info] [stationary.cpp:264] NN: cost=4796.815347, feasible=true, active_stations=1
[2026-10-06 06:12:23.507] [info] [candidate.cpp:199] InstancePrecompute: built 3 candidates
[2026-10-06 06:12:23.507] [info] [stationary.cpp:264] NN: cost=4835.577083, feasible=true, active_stations=1
[2026-10-06 06:12:23.507] [info] [candidate.cpp:199] InstancePrecompute: built 3 candidates
[2026-10-06 06:12:23.507] [info] [stationary.cpp:264] NN: cost=867.160849, feasible=true, active_stations=1
[2026-10-06 06:12:23.507] [info] [candidate.cpp:199] InstancePrecompute: built 3 candidates
[2026-10-06 06:12:23.507] [info] [stationary.cpp:264] NN: cost=914.479843, feasible=true, active_stations=1
[2026-10-06 06:12:23.507] [info] [candidate.cpp:199] InstancePrecompute: built 3 candidates
[2026-10-06 06:12:23.507] [info] [stationary.cpp:264] NN: cost=7045.855547, feasible=true, active_stations=1
[2026-10-06 06:12:23.507] [info] [candidate.cpp:199] InstancePrecompute: built 3 candidates
[2026-10-06 06:12:23.507] [info] [stationary.cpp:264] NN: cost=466.646383, feasible=true, active_stations=1
[2026-10-06 06:12:23.507] [info] [candidate.cpp:199] InstancePrecompute: built 3 candidates
[2026-10-06 06:12:23.507] [info] [stationary.cpp:264] NN: cost=588.161573, feasible=true, active_stations=1
[2026-10-06 06:12:23.507] [info] [candidate.cpp:199] InstancePrecompute: built 3 candidates
[2026-10-06 06:12:23.507] [info] [stationary.cpp:264] NN: cost=6014.040195, feasible=true, active_stations=1
[2026-10-06 06:12:23.507] [info] [candidate.cpp:199] InstancePrecompute: built 3 candidates
[2026-10-06 06:12:23.507] [info] [stationary.cpp:264] NN: cost=4796.815347, feasible=true, active_stations=1
[2026-10-06 06:12:23.507] [info] [candidate.cpp:199] InstancePrecompute: built 3 candidates
[2026-10-06 06:12:23.507] [info] [stationary.cpp:264] NN: cost=4835.577083, feasible=true, active_stations=1
[2026-10-06 06:12:23.507] [info] [candidate.cpp:199] InstancePrecompute: built 3 candidates
[2026-10-06 06:12:23.507] [info] [stationary.cpp:264] NN: cost=867.160849, feasible=true, active_stations=1
[2026-10-06 06:12:23.507] [info] [candidate.cpp:199] InstancePrecompute: built 3 candidates
[2026-10-06 06:12:23.507] [info] [stationary.cpp:264] NN: cost=914.479843, feasible=true, active_stations=1
[2026-10-06 06:12:23.507] [info] [candidate.cpp:199] InstancePrecompute: built 3 candidates
[2026-10-06 06:12:23.507] [info] [stationary.cpp:264] NN: cost=7045.855547, feasible=true, active_stations=1
[2026-10-06 06:12:23.507] [info] [candidate.cpp:199] InstancePrecompute: built 3 candidates
[2026-10-06 06:12:23.507] [info] [stationary.cpp:264] NN: cost=466.646383, feasible=true, active_stations=1
[2026-10-06 06:12:23.507] [info] [candidate.cpp:199] InstancePrecompute: built 3 candidates
[2026-10-06 06:12:23.507] [info] [stationary.cpp:264] NN: cost=588.161573, feasible=true, active_stations=1
[2026-10-06 06:12:23.507] [info] [candidate.cpp:199] InstancePrecompute: built 3 candidates
[2026-10-06 06:12:23.507] [info] [stationary.cpp:264] NN: cost=6014.040195, feasible=true, active_stations=1
[2026-10-06 06:12:23.507] [info] [candidate.cpp:199] InstancePrecompute: built 3 candidates
[2026-10-06 06:12:23.507] [info] [stationary.cpp:264] NN: cost=4796.815347, feasible=true, active_stations=1
[2026-10-06 06:12:23.507] [info] [candidate.cpp:199] InstancePrecompute: built 3 candidates
[2026-10-06 06:12:23.507] [info] [stationary.cpp:264] NN: cost=4835.577083, feasible=true, active_stations=1
[2026-10-06 06:12:23.507] [info] [candidate.cpp:199] InstancePrecompute: built 3 candidates
[2026-10-06 06:12:23.507] [info] [stationary.cpp:264] NN: cost=867.160849, feasible=true, active_stations=1
[2026-10-06 06:12:23.507] [info] [candidate.cpp:199] InstancePrecompute: built 3 candidates
[2026-10-06 06:12:23.507] [info] [stationary.cpp:264] NN: cost=914.479843, feasible=true, active_stations=1
[2026-10-06 06:12:23.507] [info] [candidate.cpp:199] InstancePrecompute: built 3 candidates
[2026-10-06 06:12:23.507] [info] [stationary.cpp:264] NN: cost=7045.855547, feasible=true, active_stations=1
[2026-10-06 06:12:23.507] [info] [candidate.cpp:199] InstancePrecompute: built 3 candidates
[2026-10-06 06:12:23.507] [info] [stationary.cpp:264] NN: cost=588.161573, feasible=true, active_stations=1
[2026-10-06 06:12:23.507] [info] [candidate.cpp:199] InstancePrecompute: built 3 candidates
[2026-10-06 06:12:23.507] [info] [stationary.cpp:264] NN: cost=6014.040195, feasible=true, active_stations=1
[2026-10-06 06:12:23.507] [info] [candidate.cpp:199] InstancePrecompute: built 3 candidates
[2026-10-06 06:12:23.507] [info] [stationary.cpp:264] NN: cost=466.646383, feasible=true, active_stations=1
[2026-10-06 06:12:23.507] [info] [candidate.cpp:199] InstancePrecompute: built 3 candidates
[2026-10-06 06:12:23.507] [info] [stationary.cpp:264] NN: cost=4796.815347, feasible=true, active_stations=1
[2026-10-06 06:12:23.507] [info] [candidate.cpp:199] InstancePrecompute: built 3 candidates
[2026-10-06 06:12:23.507] [info] [stationary.cpp:264] NN: cost=4835.577083, feasible=true, active_stations=1
[2026-10-06 06:12:23.507] [info] [candidate.cpp:199] InstancePrecompute: built 3 candidates
[2026-10-06 06:12:23.507] [info] [stationary.cpp:264] NN: cost=867.160849, feasible=true, active_stations=1
[2026-10-06 06:12:23.507] [info] [candidate.cpp:199] InstancePrecompute: built 3 candidates
[2026-10-06 06:12:23.507] [info] [stationary.cpp:264] NN: cost=914.479843, feasible=true, active_stations=1
[2026-10-06 06:12:23.507] [info] [candidate.cpp:199] InstancePrecompute: built 3 candidates
[2026-10-06 06:12:23.507] [info] [stationary.cpp:264] NN: cost=7045.855547, feasible=true, active_stations=1
[2026-10-06 06:12:23.507] [info] [candidate.cpp:199] InstancePrecompute: built 3 candidates
[2026-10-06 06:12:23.507] [info] [stationary.cpp:264] NN: cost=588.161573, feasible=true, active_stations=1
[2026-10-06 06:12:23.507] [info] [candidate.cpp:199] InstancePrecompute: built 3 candidates
[2026-10-06 06:12:23.507] [info] [stationary.cpp:264] NN: cost=6014.040195, feasible=true, active_stations=1
[2026-10-06 06:12:23.507] [info] [candidate.cpp:199] InstancePrecompute: built 3 candidates
[2026-10-06 06:12:23.507] [info] [stationary.cpp:264] NN: cost=466.646383, feasible=true, active_stations=1
[2026-10-06 06:12:23.507] [info] [candidate.cpp:199] InstancePrecompute: built 3 candidates
[2026-10-06 06:12:23.507] [info] [stationary.cpp:264] NN: cost=4796.815347, feasible=true, active_stations=1
[2026-10-06 06:12:23.507] [info] [candidate.cpp:199] InstancePrecompute: built 3 candidates
[2026-10-06 06:12:23.507] [info] [stationary.cpp:264] NN: cost=4835.577083, feasible=true, active_stations=1
[2026-10-06 06:12:23.507] [info] [candidate.cpp:199] InstancePrecompute: built 3 candidates
[2026-10-06 06:12:23.507] [info] [stationary.cpp:264] NN: cost=867.160849, feasible=true, active_stations=1
[2026-10-06 06:12:23.507] [info] [candidate.cpp:199] InstancePrecompute: built 3 candidates
[2026-10-06 06:12:23.507] [info] [stationary.cpp:264] NN: cost=914.479843, feasible=true, active_stations=1
[2026-10-06 06:12:23.507] [info] [candidate.cpp:199] InstancePrecompute: built 3 candidates
[2026-10-06 06:12:23.507] [info] [stationary.cpp:264] NN: cost=7045.855547, feasible=true, active_stations=1
[2026-10-06 06:12:23.507] [info] [candidate.cpp:199] InstancePrecompute: built 3 candidates
[2026-10-06 06:12:23.507] [info] [stationary.cpp:264] NN: cost=588.161573, feasible=true, active_stations=1
[2026-10-06 06:12:23.507] [info] [candidate.cpp:199] InstancePrecompute: built 3 candidates
[2026-10-06 06:12:23.507] [info] [stationary.cpp:264] NN: cost=6014.040195, feasible=true, active_stations=1
[2026-10-06 06:12:23.507] [info] [candidate.cpp:199] InstancePrecompute: built 3 candidates
[2026-10-06 06:12:23.507] [info] [stationary.cpp:264] NN: cost=466.646383, feasible=true, active_stations=1
[2026-10-06 06:12:23.507] [info] [candidate.cpp:199] InstancePrecompute: built 3 candidates
[2026-10-06 06:12:23.507] [info] [stationary.cpp:264] NN: cost=4796.815347, feasible=true, active_stations=1
[2026-10-06 06:12:23.507] [info] [candidate.cpp:199] InstancePrecompute: built 3 candidates
[2026-10-06 06:12:23.507] [info] [stationary.cpp:264] NN: cost=4835.577083, feasible=true, active_stations=1
[2026-10-06 06:12:23.507] [info] [candidate.cpp:199] InstancePrecompute: built 3 candidates
[2026-10-06 06:12:23.507] [info] [stationary.cpp:264] NN: cost=867.160849, feasible=true, active_stations=1
[2026-10-06 06:12:23.507] [info] [candidate.cpp:199] InstancePrecompute: built 3 candidates
[2026-10-06 06:12:23.507] [info] [stationary.cpp:264] NN: cost=914.479843, feasible=true, active_stations=1
[2026-10-06 06:12:23.507] [info] [candidate.cpp:199] InstancePrecompute: built 3 candidates
[2026-10-06 06:12:23.507] [info] [stationary.cpp:264] NN: cost=7045.855547, feasible=true, active_stations=1
[2026-10-06 06:12:23.507] [info] [candidate.cpp:199] InstancePrecompute: built 3 candidates
[2026-10-06 06:12:23.507] [info] [stationary.cpp:264] NN: cost=588.161573, feasible=true, active_stations=1
[2026-10-06 06:12:23.507] [info] [candidate.cpp:199] InstancePrecompute: built 3 candidates
[2026-10-06 06:12:23.507] [info] [stationary.cpp:264] NN: cost=6014.040195, feasible=true, active_stations=1
[2026-10-06 06:12:23.507] [info] [candidate.cpp:199] InstancePrecompute: built 3 candidates
[2026-10-06 06:12:23.507] [info] [stationary.cpp:264] NN: cost=466.646383, feasible=true, active_stations=1
[2026-10-06 06:12:23.507] [info] [candidate.cpp:199] InstancePrecompute: built 3 candidates
[2026-10-06 06:12:23.507] [info] [stationary.cpp:264] NN: cost=4796.815347, feasible=true, active_stations=1
[2026-10-06 06:12:23.507] [info] [candidate.cpp:199] InstancePrecompute: built 3 candidates
[2026-10-06 06:12:23.507] [info] [stationary.cpp:264] NN: cost=4835.577083, feasible=true, active_stations=1
[2026-10-06 06:12:23.507] [info] [candidate.cpp:199] InstancePrecompute: built 3 candidates
[2026-10-06 06:12:23.507] [info] [stationary.cpp:264] NN: cost=867.160849, feasible=true, active_stations=1
[2026-10-06 06:12:23.507] [info] [candidate.cpp:199] InstancePrecompute: built 3 candidates
[2026-10-06 06:12:23.507] [info] [stationary.cpp:264] NN: cost=914.479843, feasible=true, active_stations=1
[2026-10-06 06:12:23.507] [info] [candidate.cpp:199] InstancePrecompute: built 3 candidates
[2026-10-06 06:12:23.507] [info] [stationary.cpp:264] NN: cost=7045.855547, feasible=true, active_stations=1
[2026-10-06 06:12:23.507] [info] [candidate.cpp:199] InstancePrecompute: built 3 candidates
[2026-10-06 06:12:23.507] [info] [stationary.cpp:264] NN: cost=588.161573, feasible=true, active_stations=1
[2026-10-06 06:12:23.507] [info] [candidate.cpp:199] InstancePrecompute: built 3 candidates
[2026-10-06 06:12:23.507] [info] [stationary.cpp:264] NN: cost=6014.040195, feasible=true, active_stations=1
[2026-10-06 06:12:23.507] [info] [candidate.cpp:199] InstancePrecompute: built 3 candidates
[2026-10-06 06:12:23.507] [info] [stationary.cpp:264] NN: cost=466.646383, feasible=true, active_stations=1
[2026-10-06 06:12:23.507] [info] [candidate.cpp:199] InstancePrecompute: built 3 candidates
[2026-10-06 06:12:23.507] [info] [stationary.cpp:264] NN: cost=4796.815347, feasible=true, active_stations=1
[2026-10-06 06:12:23.507] [info] [candidate.cpp:199] InstancePrecompute: built 3 candidates
[2026-10-06 06:12:23.507] [info] [stationary.cpp:264] NN: cost=4835.577083, feasible=true, active_stations=1
[2026-10-06 06:12:23.507] [info] [candidate.cpp:199] InstancePrecompute: built 3 candidates
[2026-10-06 06:12:23.507] [info] [stationary.cpp:264] NN: cost=867.160849, feasible=true, active_stations=1
[2026-10-06 06:12:23.507] [info] [candidate.cpp:199] InstancePrecompute: built 3 candidates
[2026-10-06 06:12:23.507] [info] [stationary.cpp:264] NN: cost=914.479843, feasible=true, active_stations=1
[2026-10-06 06:12:23.507] [info] [candidate.cpp:199] InstancePrecompute: built 3 candidates
[2026-10-06 06:12:23.507] [info] [stationary.cpp:264] NN: cost=7045.855547, feasible=true, active_stations=1
[2026-10-06 06:12:23.507] [info] [candidate.cpp:199] InstancePrecompute: built 3 candidates
[2026-10-06 06:12:23.507] [info] [stationary.cpp:264] NN: cost=588.161573, feasible=true, active_stations=1
[2026-10-06 06:12:23.507] [info] [candidate.cpp:199] InstancePrecompute: built 3 candidates
[2026-10-06 06:12:23.507] [info] [stationary.cpp:264] NN: cost=6014.040195, feasible=true, active_stations=1
[2026-10-06 06:12:23.507] [info] [candidate.cpp:199] InstancePrecompute: built 3 candidates
[2026-10-06 06:12:23.507] [info] [stationary.cpp:264] NN: cost=466.646383, feasible=true, active_stations=1
[2026-10-06 06:12:23.507] [info] [candidate.cpp:199] InstancePrecompute: built 3 candidates
[2026-10-06 06:12:23.507] [info] [stationary.cpp:264] NN: cost=4796.815347, feasible=true, active_stations=1
[2026-10-06 06:12:23.507] [info] [candidate.cpp:199] InstancePrecompute: built 3 candidates
[2026-10-06 06:12:23.507] [info] [stationary.cpp:264] NN: cost=4835.577083, feasible=true, active_stations=1
[2026-10-06 06:12:23.507] [info] [candidate.cpp:199] InstancePrecompute: built 3 candidates
[2026-10-06 06:12:23.507] [info] [stationary.cpp:264] NN: cost=867.160849, feasible=true, active_stations=1
[2026-10-06 06:12:23.507] [info] [candidate.cpp:199] InstancePrecompute: built 3 candidates
[2026-10-06 06:12:23.507] [info] [stationary.cpp:264] NN: cost=914.479843, feasible=true, active_stations=1
[2026-10-06 06:12:23.507] [info] [candidate.cpp:199] InstancePrecompute: built 3 candidates
[2026-10-06 06:12:23.507] [info] [stationary.cpp:264] NN: cost=7045.855547, feasible=true, active_stations=1
[2026-10-06 06:12:23.507] [info] [candidate.cpp:199] InstancePrecompute: built 3 candidates
[2026-10-06 06:12:23.507] [info] [stationary.cpp:264] NN: cost=588.161573, feasible=true, active_stations=1
[2026-10-06 06:12:23.507] [info] [candidate.cpp:199] InstancePrecompute: built 3 candidates
[2026-10-06 06:12:23.507] [info] [stationary.cpp:264] NN: cost=6014.040195, feasible=true, active_stations=1
[2026-10-06 06:12:23.507] [info] [candidate.cpp:199] InstancePrecompute: built 3 candidates
[2026-10-06 06:12:23.507] [info] [stationary.cpp:264] NN: cost=466.646383, feasible=true, active_stations=1
[2026-10-06 06:12:23.507] [info] [candidate.cpp:199] InstancePrecompute: built 3 candidates
[2026-10-06 06:12:23.507] [info] [stationary.cpp:264] NN: cost=4796.815347, feasible=true, active_stations=1
[2026-10-06 06:12:23.507] [info] [candidate.cpp:199] InstancePrecompute: built 3 candidates
[2026-10-06 06:12:23.507] [info] [stationary.cpp:264] NN: cost=4835.577083, feasible=true, active_stations=1
[2026-10-06 06:12:23.507] [info] [candidate.cpp:199] InstancePrecompute: built 3 candidates
[2026-10-06 06:12:23.507] [info] [stationary.cpp:264] NN: cost=867.160849, feasible=true, active_stations=1
[2026-10-06 06:12:23.507] [info] [candidate.cpp:199] InstancePrecompute: built 3 candidates
[2026-10-06 06:12:23.507] [info] [stationary.cpp:264] NN: cost=914.479843, feasible=true, active_stations=1
[2026-10-06 06:12:23.507] [info] [candidate.cpp:199] InstancePrecompute: built 3 candidates
[2026-10-06 06:12:23.507] [info] [stationary.cpp:264] NN: cost=7045.855547, feasible=true, active_stations=1
[2026-10-06 06:12:23.507] [info] [candidate.cpp:199] InstancePrecompute: built 3 candidates
[2026-10-06 06:12:23.507] [info] [stationary.cpp:264] NN: cost=588.161573, feasible=true, active_stations=1
[2026-10-06 06:12:23.507] [info] [candidate.cpp:199] InstancePrecompute: built 3 candidates
[2026-10-06 06:12:23.507] [info] [stationary.cpp:264] NN: cost=6014.040195, feasible=true, active_stations=1
[2026-10-06 06:12:23.507] [info] [candidate.cpp:199] InstancePrecompute: built 3 candidates
[2026-10-06 06:12:23.507] [info] [stationary.cpp:264] NN: cost=466.646383, feasible=true, active_stations=1
[2026-10-06 06:12:23.507] [info] [candidate.cpp:199] InstancePrecompute: built 3 candidates
[2026-10-06 06:12:23.507] [info] [stationary.cpp:264] NN: cost=4796.815347, feasible=true, active_stations=1
[2026-10-06 06:12:23.507] [info] [candidate.cpp:199] InstancePrecompute: built 3 candidates
[2026-10-06 06:12:23.507] [info] [stationary.cpp:264] NN: cost=4835.577083, feasible=true, active_stations=1
[2026-10-06 06:12:23.507] [info] [candidate.cpp:199] InstancePrecompute: built 3 candidates
[2026-10-06 06:12:23.507] [info] [stationary.cpp:264] NN: cost=867.160849, feasible=true, active_stations=1
[2026-10-06 06:12:23.507] [info] [candidate.cpp:199] InstancePrecompute: built 3 candidates
[2026-10-06 06:12:23.507] [info] [stationary.cpp:264] NN: cost=914.479843, feasible=true, active_stations=1
[2026-10-06 06:12:23.507] [info] [candidate.cpp:199] InstancePrecompute: built 3 candidates
[2026-10-06 06:12:23.507] [info] [stationary.cpp:264] NN: cost=7045.855547, feasible=true, active_stations=1
[2026-10-06 06:12:23.507] [info] [candidate.cpp:199] InstancePrecompute: built 3 candidates
[2026-10-06 06:12:23.507] [info] [stationary.cpp:264] NN: cost=588.161573, feasible=true, active_stations=1
[2026-10-06 06:12:23.507] [info] [candidate.cpp:199] InstancePrecompute: built 3 candidates
[2026-10-06 06:12:23.507] [info] [stationary.cpp:264] NN: cost=6014.040195, feasible=true, active_stations=1
[2026-10-06 06:12:23.507] [info] [candidate.cpp:199] InstancePrecompute: built 3 candidates
[2026-10-06 06:12:23.507] [info] [stationary.cpp:264] NN: cost=466.646383, feasible=true, active_stations=1
[2026-10-06 06:12:23.507] [info] [candidate.cpp:199] InstancePrecompute: built 3 candidates
[2026-10-06 06:12:23.507] [info] [stationary.cpp:264] NN: cost=4796.815347, feasible=true, active_stations=1
[2026-10-06 06:12:23.507] [info] [candidate.cpp:199] InstancePrecompute: built 3 candidates
[2026-10-06 06:12:23.507] [info] [stationary.cpp:264] NN: cost=4835.577083, feasible=true, active_stations=1
[2026-10-06 06:12:23.507] [info] [candidate.cpp:199] InstancePrecompute: built 3 candidates
[2026-10-06 06:12:23.507] [info] [stationary.cpp:264] NN: cost=867.160849, feasible=true, active_stations=1
[2026-10-06 06:12:23.507] [info] [candidate.cpp:199] InstancePrecompute: built 3 candidates
[2026-10-06 06:12:23.507] [info] [stationary.cpp:264] NN: cost=914.479843, feasible=true, active_stations=1
[2026-10-06 06:12:23.507] [info] [candidate.cpp:199] InstancePrecompute: built 3 candidates
[2026-10-06 06:12:23.507] [info] [stationary.cpp:264] NN: cost=7045.855547, feasible=true, active_stations=1
[2026-10-06 06:12:23.507] [info] [candidate.cpp:199] InstancePrecompute: built 3 candidates
[2026-10-06 06:12:23.507] [info] [stationary.cpp:264] NN: cost=588.161573, feasible=true, active_stations=1
[2026-10-06 06:12:23.507] [info] [candidate.cpp:199] InstancePrecompute: built 3 candidates
[2026-10-06 06:12:23.507] [info] [stationary.cpp:264] NN: cost=6014.040195, feasible=true, active_stations=1
[2026-10-06 06:12:23.507] [info] [candidate.cpp:199] InstancePrecompute: built 3 candidates
[2026-10-06 06:12:23.507] [info] [stationary.cpp:264] NN: cost=466.646383, feasible=true, active_stations=1
[2026-10-06 06:12:23.507] [info] [candidate.cpp:199] InstancePrecompute: built 3 candidates
[2026-10-06 06:12:23.507] [info] [stationary.cpp:264] NN: cost=4796.815347, feasible=true, active_stations=1
[2026-10-06 06:12:23.507] [info] [candidate.cpp:199] InstancePrecompute: built 3 candidates
[2026-10-06 06:12:23.507] [info] [stationary.cpp:264] NN: cost=4835.577083, feasible=true, active_stations=1
[2026-10-06 06:12:23.507] [info] [candidate.cpp:199] InstancePrecompute: built 3 candidates
[2026-10-06 06:12:23.507] [info] [stationary.cpp:264] NN: cost=867.160849, feasible=true, active_stations=1
[2026-10-06 06:12:23.507] [info] [candidate.cpp:199] InstancePrecompute: built 3 candidates
[2026-10-06 06:12:23.507] [info] [stationary.cpp:264] NN: cost=914.479843, feasible=true, active_stations=1
[2026-10-06 06:12:23.507] [info] [candidate.cpp:199] InstancePrecompute: built 3 candidates
[2026-10-06 06:12:23.507] [info] [stationary.cpp:264] NN: cost=588.161573, feasible=true, active_stations=1
[2026-10-06 06:12:23.507] [info] [candidate.cpp:199] InstancePrecompute: built 3 candidates
[2026-10-06 06:12:23.507] [info] [stationary.cpp:264] NN: cost=6014.040195, feasible=true, active_stations=1
[2026-10-06 06:12:23.507] [info] [candidate.cpp:199] InstancePrecompute: built 3 candidates
[2026-10-06 06:12:23.507] [info] [stationary.cpp:264] NN: cost=7045.855547, feasible=true, active_stations=1
[2026-10-06 06:12:23.507] [info] [candidate.cpp:199] InstancePrecompute: built 3 candidates
[2026-10-06 06:12:23.507] [info] [stationary.cpp:264] NN: cost=466.646383, feasible=true, active_stations=1
[2026-10-06 06:12:23.507] [info] [candidate.cpp:199] InstancePrecompute: built 3 candidates
[2026-10-06 06:12:23.507] [info] [stationary.cpp:264] NN: cost=4796.815347, feasible=true, active_stations=1
[2026-10-06 06:12:23.507] [info] [candidate.cpp:199] InstancePrecompute: built 3 candidates
[2026-10-06 06:12:23.507] [info] [stationary.cpp:264] NN: cost=4835.577083, feasible=true, active_stations=1
[2026-10-06 06:12:23.507] [info] [candidate.cpp:199] InstancePrecompute: built 3 candidates
[2026-10-06 06:12:23.507] [info] [stationary.cpp:264] NN: cost=867.160849, feasible=true, active_stations=1
[2026-10-06 06:12:23.507] [info] [candidate.cpp:199] InstancePrecompute: built 3 candidates
[2026-10-06 06:12:23.507] [info] [stationary.cpp:264] NN: cost=914.479843, feasible=true, active_stations=1
[2026-10-06 06:12:23.507] [info] [candidate.cpp:199] InstancePrecompute: built 3 candidates
[2026-10-06 06:12:23.507] [info] [stationary.cpp:264] NN: cost=588.161573, feasible=true, active_stations=1
[2026-10-06 06:12:23.507] [info] [candidate.cpp:199] InstancePrecompute: built 3 candidates
[2026-10-06 06:12:23.507] [info] [stationary.cpp:264] NN: cost=6014.040195, feasible=true, active_stations=1
[2026-10-06 06:12:23.507] [info] [candidate.cpp:199] InstancePrecompute: built 3 candidates
[2026-10-06 06:12:23.507] [info] [stationary.cpp:264] NN: cost=7045.855547, feasible=true, active_stations=1
[2026-10-06 06:12:23.507] [info] [candidate.cpp:199] InstancePrecompute: built 3 candidates
[2026-10-06 06:12:23.507] [info] [stationary.cpp:264] NN: cost=466.646383, feasible=true, active_stations=1
[2026-10-06 06:12:23.507] [info] [candidate.cpp:199] InstancePrecompute: built 3 candidates
[2026-10-06 06:12:23.507] [info] [stationary.cpp:264] NN: cost=4796.815347, feasible=true, active_stations=1
[2026-10-06 06:12:23.507] [info] [candidate.cpp:199] InstancePrecompute: built 3 candidates
[2026-10-06 06:12:23.507] [info] [stationary.cpp:264] NN: cost=4835.577083, feasible=true, active_stations=1
[2026-10-06 06:12:23.507] [info] [candidate.cpp:199] InstancePrecompute: built 3 candidates
[2026-10-06 06:12:23.507] [info] [stationary.cpp:264] NN: cost=867.160849, feasible=true, active_stations=1
[2026-10-06 06:12:23.507] [info] [candidate.cpp:199] InstancePrecompute: built 3 candidates
[2026-10-06 06:12:23.507] [info] [stationary.cpp:264] NN: cost=914.479843, feasible=true, active_stations=1
[2026-10-06 06:12:23.507] [info] [candidate.cpp:199] InstancePrecompute: built 3 candidates
[2026-10-06 06:12:23.507] [info] [stationary.cpp:264] NN: cost=588.161573, feasible=true, active_stations=1
[2026-10-06 06:12:23.507] [info] [candidate.cpp:199] InstancePrecompute: built 6 candidates
[2026-10-06 06:12:23.507] [info] [stationary.cpp:264] NN: cost=7045.855547, feasible=true, active_stations=1
[2026-10-06 06:12:23.507] [info] [candidate.cpp:199] InstancePrecompute: built 3 candidates
[2026-10-06 06:12:23.507] [info] [stationary.cpp:264] NN: cost=466.646383, feasible=true, active_stations=1
[2026-10-06 06:12:23.507] [info] [candidate.cpp:199] InstancePrecompute: built 3 candidates
[2026-10-06 06:12:23.507] [info] [stationary.cpp:264] NN: cost=4796.815347, feasible=true, active_stations=1
[2026-10-06 06:12:23.507] [info] [candidate.cpp:199] InstancePrecompute: built 3 candidates
[2026-10-06 06:12:23.507] [info] [stationary.cpp:264] NN: cost=4835.577083, feasible=true, active_stations=1
[2026-10-06 06:12:23.507] [info] [candidate.cpp:199] InstancePrecompute: built 3 candidates
[2026-10-06 06:12:23.507] [info] [stationary.cpp:264] NN: cost=867.160849, feasible=true, active_stations=1
[2026-10-06 06:12:23.507] [info] [candidate.cpp:199] InstancePrecompute: built 3 candidates
[2026-10-06 06:12:23.507] [info] [stationary.cpp:264] NN: cost=914.479843, feasible=true, active_stations=1
[2026-10-06 06:12:23.507] [info] [candidate.cpp:199] InstancePrecompute: built 3 candidates
[2026-10-06 06:12:23.507] [info] [stationary.cpp:264] NN: cost=588.161573, feasible=true, active_stations=1
[2026-10-06 06:12:23.507] [info] [candidate.cpp:199] InstancePrecompute: built 6 candidates
[2026-10-06 06:12:23.507] [info] [stationary.cpp:264] NN: cost=7045.855547, feasible=true, active_stations=1
[2026-10-06 06:12:23.507] [info] [candidate.cpp:199] InstancePrecompute: built 3 candidates
[2026-10-06 06:12:23.507] [info] [stationary.cpp:264] NN: cost=466.646383, feasible=true, active_stations=1
[2026-10-06 06:12:23.507] [info] [candidate.cpp:199] InstancePrecompute: built 3 candidates
[2026-10-06 06:12:23.507] [info] [stationary.cpp:264] NN: cost=4796.815347, feasible=true, active_stations=1
[2026-10-06 06:12:23.507] [info] [candidate.cpp:199] InstancePrecompute: built 3 candidates
[2026-10-06 06:12:23.507] [info] [stationary.cpp:264] NN: cost=4835.577083, feasible=true, active_stations=1
[2026-10-06 06:12:23.507] [info] [candidate.cpp:199] InstancePrecompute: built 3 candidates
[2026-10-06 06:12:23.507] [info] [stationary.cpp:264] NN: cost=867.160849, feasible=true, active_stations=1
[2026-10-06 06:12:23.507] [info] [candidate.cpp:199] InstancePrecompute: built 3 candidates
[2026-10-06 06:12:23.507] [info] [stationary.cpp:264] NN: cost=914.479843, feasible=true, active_stations=1
[2026-10-06 06:12:23.507] [info] [candidate.cpp:199] InstancePrecompute: built 3 candidates
[2026-10-06 06:12:23.507] [info] [stationary.cpp:264] NN: cost=588.161573, feasible=true, active_stations=1
[2026-10-06 06:12:23.507] [info] [candidate.cpp:199] InstancePrecompute: built 6 candidates
[2026-10-06 06:12:23.507] [info] [stationary.cpp:264] NN: cost=7045.855547, feasible=true, active_stations=1
[2026-10-06 06:12:23.507] [info] [candidate.cpp:199] InstancePrecompute: built 3 candidates
[2026-10-06 06:12:23.507] [info] [stationary.cpp:264] NN: cost=466.646383, feasible=true, active_stations=1
[2026-10-06 06:12:23.507] [info] [candidate.cpp:199] InstancePrecompute: built 3 candidates
[2026-10-06 06:12:23.507] [info] [stationary.cpp:264] NN: cost=4796.815347, feasible=true, active_stations=1
[2026-10-06 06:12:23.507] [info] [candidate.cpp:199] InstancePrecompute: built 3 candidates
[2026-10-06 06:12:23.507] [info] [stationary.cpp:264] NN: cost=4835.577083, feasible=true, active_stations=1
[2026-10-06 06:12:23.507] [info] [candidate.cpp:199] InstancePrecompute: built 3 candidates
[2026-10-06 06:12:23.507] [info] [stationary.cpp:264] NN: cost=867.160849, feasible=true, active_stations=1
[2026-10-06 06:12:23.507] [info] [candidate.cpp:199] InstancePrecompute: built 3 candidates
[2026-10-06 06:12:23.507] [info] [stationary.cpp:264] NN: cost=914.479843, feasible=true, active_stations=1
[2026-10-06 06:12:23.507] [info] [candidate.cpp:199] InstancePrecompute: built 3 candidates
[2026-10-06 06:12:23.507] [info] [stationary.cpp:264] NN: cost=6014.040195, feasible=true, active_stations=1
[2026-10-06 06:12:23.507] [info] [candidate.cpp:199] InstancePrecompute: built 3 candidates
[2026-10-06 06:12:23.507] [info] [stationary.cpp:264] NN: cost=7045.855547, feasible=true, active_stations=1
[2026-10-06 06:12:23.507] [info] [candidate.cpp:199] InstancePrecompute: built 3 candidates
[2026-10-06 06:12:23.507] [info] [stationary.cpp:264] NN: cost=466.646383, feasible=true, active_stations=1
[2026-10-06 06:12:23.507] [info] [candidate.cpp:199] InstancePrecompute: built 3 candidates
[2026-10-06 06:12:23.507] [info] [stationary.cpp:264] NN: cost=588.161573, feasible=true, active_stations=1
[2026-10-06 06:12:23.507] [info] [candidate.cpp:199] InstancePrecompute: built 3 candidates
[2026-10-06 06:12:23.507] [info] [stationary.cpp:264] NN: cost=4796.815347, feasible=true, active_stations=1
[2026-10-06 06:12:23.507] [info] [candidate.cpp:199] InstancePrecompute: built 3 candidates
[2026-10-06 06:12:23.507] [info] [stationary.cpp:264] NN: cost=4835.577083, feasible=true, active_stations=1
[2026-10-06 06:12:23.507] [info] [candidate.cpp:199] InstancePrecompute: built 3 candidates
[2026-10-06 06:12:23.507] [info] [stationary.cpp:264] NN: cost=867.160849, feasible=true, active_stations=1
[2026-10-06 06:12:23.507] [info] [candidate.cpp:199] InstancePrecompute: built 3 candidates
[2026-10-06 06:12:23.507] [info] [stationary.cpp:264] NN: cost=914.479843, feasible=true, active_stations=1
[2026-10-06 06:12:23.507] [info] [candidate.cpp:199] InstancePrecompute: built 3 candidates
[2026-10-06 06:12:23.507] [info] [stationary.cpp:264] NN: cost=6014.040195, feasible=true, active_stations=1
[2026-10-06 06:12:23.507] [info] [candidate.cpp:199] InstancePrecompute: built 3 candidates
[2026-10-06 06:12:23.507] [info] [stationary.cpp:264] NN: cost=7045.855547, feasible=true, active_stations=1
[2026-10-06 06:12:23.507] [info] [candidate.cpp:199] InstancePrecompute: built 3 candidates
[2026-10-06 06:12:23.507] [info] [stationary.cpp:264] NN: cost=466.646383, feasible=true, active_stations=1
[2026-10-06 06:12:23.507] [info] [candidate.cpp:199] InstancePrecompute: built 3 candidates
[2026-10-06 06:12:23.507] [info] [stationary.cpp:264] NN: cost=588.161573, feasible=true, active_stations=1
[2026-10-06 06:12:23.507] [info] [candidate.cpp:199] InstancePrecompute: built 3 candidates
[2026-10-06 06:12:23.507] [info] [stationary.cpp:264] NN: cost=4796.815347, feasible=true, active_stations=1
[2026-10-06 06:12:23.507] [info] [candidate.cpp:199] InstancePrecompute: built 3 candidates
[2026-10-06 06:12:23.507] [info] [stationary.cpp:264] NN: cost=4835.577083, feasible=true, active_stations=1
[2026-10-06 06:12:23.507] [info] [candidate.cpp:199] InstancePrecompute: built 3 candidates
[2026-10-06 06:12:23.507] [info] [stationary.cpp:264] NN: cost=867.160849, feasible=true, active_stations=1
[2026-10-06 06:12:23.507] [info] [candidate.cpp:199] InstancePrecompute: built 3 candidates
[2026-10-06 06:12:23.507] [info] [stationary.cpp:264] NN: cost=914.479843, feasible=true, active_stations=1
[2026-10-06 06:12:23.507] [info] [candidate.cpp:199] InstancePrecompute: built 6 candidates
[2026-10-06 06:12:23.507] [info] [stationary.cpp:264] NN: cost=7045.855547, feasible=true, active_stations=1
[2026-10-06 06:12:23.507] [info] [candidate.cpp:199] InstancePrecompute: built 3 candidates
[2026-10-06 06:12:23.507] [info] [stationary.cpp:264] NN: cost=466.646383, feasible=true, active_stations=1
[2026-10-06 06:12:23.507] [info] [candidate.cpp:199] InstancePrecompute: built 3 candidates
[2026-10-06 06:12:23.507] [info] [stationary.cpp:264] NN: cost=588.161573, feasible=true, active_stations=1
[2026-10-06 06:12:23.507] [info] [candidate.cpp:199] InstancePrecompute: built 3 candidates
[2026-10-06 06:12:23.507] [info] [stationary.cpp:264] NN: cost=4796.815347, feasible=true, active_stations=1
[2026-10-06 06:12:23.507] [info] [candidate.cpp:199] InstancePrecompute: built 3 candidates
[2026-10-06 06:12:23.507] [info] [stationary.cpp:264] NN: cost=4835.577083, feasible=true, active_stations=1
[2026-10-06 06:12:23.507] [info] [candidate.cpp:199] InstancePrecompute: built 3 candidates
[2026-10-06 06:12:23.507] [info] [stationary.cpp:264] NN: cost=867.160849, feasible=true, active_stations=1
[2026-10-06 06:12:23.507] [info] [candidate.cpp:199] InstancePrecompute: built 3 candidates
[2026-10-06 06:12:23.507] [info] [stationary.cpp:264] NN: cost=914.479843, feasible=true, active_stations=1
[2026-10-06 06:12:23.507] [info] [candidate.cpp:199] InstancePrecompute: built 6 candidates
[2026-10-06 06:12:23.507] [info] [stationary.cpp:264] NN: cost=7045.855547, feasible=true, active_stations=1
[2026-10-06 06:12:23.507] [info] [candidate.cpp:199] InstancePrecompute: built 3 candidates
[2026-10-06 06:12:23.507] [info] [stationary.cpp:264] NN: cost=466.646383, feasible=true, active_stations=1
[2026-10-06 06:12:23.507] [info] [candidate.cpp:199] InstancePrecompute: built 3 candidates
[2026-10-06 06:12:23.507] [info] [stationary.cpp:264] NN: cost=588.161573, feasible=true, active_stations=1
[2026-10-06 06:12:23.507] [info] [candidate.cpp:199] InstancePrecompute: built 3 candidates
[2026-10-06 06:12:23.507] [info] [stationary.cpp:264] NN: cost=4796.815347, feasible=true, active_stations=1
[2026-10-06 06:12:23.507] [info] [candidate.cpp:199] InstancePrecompute: built 3 candidates
[2026-10-06 06:12:23.507] [info] [stationary.cpp:264] NN: cost=4835.577083, feasible=true, active_stations=1
[2026-10-06 06:12:23.507] [info] [candidate.cpp:199] InstancePrecompute: built 3 candidates
[2026-10-06 06:12:23.507] [info] [stationary.cpp:264] NN: cost=867.160849, feasible=true, active_stations=1
[2026-10-06 06:12:23.507] [info] [candidate.cpp:199] InstancePrecompute: built 3 candidates
[2026-10-06 06:12:23.507] [info] [stationary.cpp:264] NN: cost=914.479843, feasible=true, active_stations=1
[2026-10-06 06:12:23.507] [info] [candidate.cpp:199] InstancePrecompute: built 6 candidates
[2026-10-06 06:12:23.507] [info] [stationary.cpp:264] NN: cost=7045.855547, feasible=true, active_stations=1
[2026-10-06 06:12:23.507] [info] [candidate.cpp:199] InstancePrecompute: built 3 candidates
[2026-10-06 06:12:23.507] [info] [stationary.cpp:264] NN: cost=466.646383, feasible=true, active_stations=1
[2026-10-06 06:12:23.507] [info] [candidate.cpp:199] InstancePrecompute: built 3 candidates
[2026-10-06 06:12:23.507] [info] [stationary.cpp:264] NN: cost=588.161573, feasible=true, active_stations=1
[2026-10-06 06:12:23.507] [info] [candidate.cpp:199] InstancePrecompute: built 3 candidates
[2026-10-06 06:12:23.507] [info] [stationary.cpp:264] NN: cost=4796.815347, feasible=true, active_stations=1
[2026-10-06 06:12:23.507] [info] [candidate.cpp:199] InstancePrecompute: built 3 candidates
[2026-10-06 06:12:23.507] [info] [stationary.cpp:264] NN: cost=4835.577083, feasible=true, active_stations=1
[2026-10-06 06:12:23.507] [info] [candidate.cpp:199] InstancePrecompute: built 3 candidates
[2026-10-06 06:12:23.507] [info] [stationary.cpp:264] NN: cost=867.160849, feasible=true, active_stations=1
[2026-10-06 06:12:23.507] [info] [candidate.cpp:199] InstancePrecompute: built 3 candidates
[2026-10-06 06:12:23.507] [info] [stationary.cpp:264] NN: cost=914.479843, feasible=true, active_stations=1
[2026-10-06 06:12:23.507] [info] [candidate.cpp:199] InstancePrecompute: built 3 candidates
[2026-10-06 06:12:23.507] [info] [stationary.cpp:264] NN: cost=7045.855547, feasible=true, active_stations=1
[2026-10-06 06:12:23.507] [info] [candidate.cpp:199] InstancePrecompute: built 3 candidates
[2026-10-06 06:12:23.507] [info] [stationary.cpp:264] NN: cost=588.161573, feasible=true, active_stations=1
[2026-10-06 06:12:23.507] [info] [candidate.cpp:199] InstancePrecompute: built 3 candidates
[2026-10-06 06:12:23.507] [info] [stationary.cpp:264] NN: cost=6014.040195, feasible=true, active_stations=1
[2026-10-06 06:12:23.507] [info] [candidate.cpp:199] InstancePrecompute: built 3 candidates
[2026-10-06 06:12:23.507] [info] [stationary.cpp:264] NN: cost=466.646383, feasible=true, active_stations=1
[2026-10-06 06:12:23.507] [info] [candidate.cpp:199] InstancePrecompute: built 3 candidates
[2026-10-06 06:12:23.507] [info] [stationary.cpp:264] NN: cost=4796.815347, feasible=true, active_stations=1
[2026-10-06 06:12:23.507] [info] [candidate.cpp:199] InstancePrecompute: built 3 candidates
[2026-10-06 06:12:23.507] [info] [stationary.cpp:264] NN: cost=4835.577083, feasible=true, active_stations=1
[2026-10-06 06:12:23.507] [info] [candidate.cpp:199] InstancePrecompute: built 3 candidates
[2026-10-06 06:12:23.507] [info] [stationary.cpp:264] NN: cost=867.160849, feasible=true, active_stations=1
[2026-10-06 06:12:23.507] [info] [candidate.cpp:199] InstancePrecompute: built 3 candidates
[2026-10-06 06:12:23.507] [info] [stationary.cpp:264] NN: cost=914.479843, feasible=true, active_stations=1
[2026-10-06 06:12:23.507] [info] [candidate.cpp:199] InstancePrecompute: built 3 candidates
[2026-10-06 06:12:23.507] [info] [stationary.cpp:264] NN: cost=7045.855547, feasible=true, active_stations=1
[2026-10-06 06:12:23.507] [info] [candidate.cpp:199] InstancePrecompute: built 3 candidates
[2026-10-06 06:12:23.507] [info] [stationary.cpp:264] NN: cost=588.161573, feasible=true, active_stations=1
[2026-10-06 06:12:23.507] [info] [candidate.cpp:199] InstancePrecompute: built 3 candidates
[2026-10-06 06:12:23.507] [info] [stationary.cpp:264] NN: cost=6014.040195, feasible=true, active_stations=1
[2026-10-06 06:12:23.507] [info] [candidate.cpp:199] InstancePrecompute: built 3 candidates
[2026-10-06 06:12:23.507] [info] [stationary.cpp:264] NN: cost=466.646383, feasible=true, active_stations=1
[2026-10-06 06:12:23.507] [info] [candidate.cpp:199] InstancePrecompute: built 3 candidates
[2026-10-06 06:12:23.507] [info] [stationary.cpp:264] NN: cost=4796.815347, feasible=true, active_stations=1
[2026-10-06 06:12:23.507] [info] [candidate.cpp:199] InstancePrecompute: built 3 candidates
[2026-10-06 06:12:23.507] [info] [stationary.cpp:264] NN: cost=4835.577083, feasible=true, active_stations=1
[2026-10-06 06:12:23.507] [info] [candidate.cpp:199] InstancePrecompute: built 3 candidates
[2026-10-06 06:12:23.507] [info] [stationary.cpp:264] NN: cost=867.160849, feasible=true, active_stations=1
[2026-10-06 06:12:23.507] [info] [candidate.cpp:199] InstancePrecompute: built 3 candidates
[2026-10-06 06:12:23.507] [info] [stationary.cpp:264] NN: cost=914.479843, feasible=true, active_stations=1
[2026-10-06 06:12:23.507] [info] [candidate.cpp:199] InstancePrecompute: built 3 candidates
[2026-10-06 06:12:23.507] [info] [stationary.cpp:264] NN: cost=7045.855547, feasible=true, active_stations=1
[2026-10-06 06:12:23.507] [info] [candidate.cpp:199] InstancePrecompute: built 3 candidates
[2026-10-06 06:12:23.507] [info] [stationary.cpp:264] NN: cost=588.161573, feasible=true, active_stations=1
[2026-10-06 06:12:23.507] [info] [candidate.cpp:199] InstancePrecompute: built 3 candidates
[2026-10-06 06:12:23.507] [info] [stationary.cpp:264] NN: cost=6014.040195, feasible=true, active_stations=1
[2026-10-06 06:12:23.507] [info] [candidate.cpp:199] InstancePrecompute: built 3 candidates
[2026-10-06 06:12:23.507] [info] [stationary.cpp:264] NN: cost=466.646383, feasible=true, active_stations=1
[2026-10-06 06:12:23.507] [info] [candidate.cpp:199] InstancePrecompute: built 3 candidates
[2026-10-06 06:12:23.507] [info] [stationary.cpp:264] NN: cost=4796.815347, feasible=true, active_stations=1
[2026-10-06 06:12:23.507] [info] [candidate.cpp:199] InstancePrecompute: built 3 candidates
[2026-10-06 06:12:23.507] [info] [stationary.cpp:264] NN: cost=4835.577083, feasible=true, active_stations=1
[2026-10-06 06:12:23.507] [info] [candidate.cpp:199] InstancePrecompute: built 3 candidates
[2026-10-06 06:12:23.507] [info] [stationary.cpp:264] NN: cost=867.160849, feasible=true, active_stations=1
[2026-10-06 06:12:23.507] [info] [candidate.cpp:199] InstancePrecompute: built 3 candidates
[2026-10-06 06:12:23.507] [info] [stationary.cpp:264] NN: cost=914.479843, feasible=true, active_stations=1
[2026-10-06 06:12:23.507] [info] [candidate.cpp:199] InstancePrecompute: built 3 candidates
[2026-10-06 06:12:23.507] [info] [stationary.cpp:264] NN: cost=7045.855547, feasible=true, active_stations=1
[2026-10-06 06:12:23.507] [info] [candidate.cpp:199] InstancePrecompute: built 3 candidates
[2026-10-06 06:12:23.507] [info] [stationary.cpp:264] NN: cost=588.161573, feasible=true, active_stations=1
[2026-10-06 06:12:23.507] [info] [candidate.cpp:199] InstancePrecompute: built 3 candidates
[2026-10-06 06:12:23.507] [info] [stationary.cpp:264] NN: cost=6014.040195, feasible=true, active_stations=1
[2026-10-06 06:12:23.507] [info] [candidate.cpp:199] InstancePrecompute: built 3 candidates
[2026-10-06 06:12:23.507] [info] [stationary.cpp:264] NN: cost=466.646383, feasible=true, active_stations=1
[2026-10-06 06:12:23.507] [info] [candidate.cpp:199] InstancePrecompute: built 3 candidates
[2026-10-06 06:12:23.507] [info] [stationary.cpp:264] NN: cost=4796.815347, feasible=true, active_stations=1
[2026-10-06 06:12:23.507] [info] [candidate.cpp:199] InstancePrecompute: built 3 candidates
[2026-10-06 06:12:23.507] [info] [stationary.cpp:264] NN: cost=4835.577083, feasible=true, active_stations=1
[2026-10-06 06:12:23.507] [info] [candidate.cpp:199] InstancePrecompute: built 3 candidates
[2026-10-06 06:12:23.507] [info] [stationary.cpp:264] NN: cost=867.160849, feasible=true, active_stations=1
[2026-10-06 06:12:23.507] [info] [candidate.cpp:199] InstancePrecompute: built 3 candidates
[2026-10-06 06:12:23.507] [info] [stationary.cpp:264] NN: cost=914.479843, feasible=true, active_stations=1
[2026-10-06 06:12:23.507] [info] [candidate.cpp:199] InstancePrecompute: built 3 candidates
[2026-10-06 06:12:23.507] [info] [stationary.cpp:264] NN: cost=7045.855547, feasible=true, active_stations=1
[2026-10-06 06:12:23.507] [info] [candidate.cpp:199] InstancePrecompute: built 3 candidates
[2026-10-06 06:12:23.507] [info] [stationary.cpp:264] NN: cost=588.161573, feasible=true, active_stations=1
[2026-10-06 06:12:23.507] [info] [candidate.cpp:199] InstancePrecompute: built 3 candidates
[2026-10-06 06:12:23.507] [info] [stationary.cpp:264] NN: cost=6014.040195, feasible=true, active_stations=1
[2026-10-06 06:12:23.507] [info] [candidate.cpp:199] InstancePrecompute: built 3 candidates
[2026-10-06 06:12:23.507] [info] [stationary.cpp:264] NN: cost=466.646383, feasible=true, active_stations=1
[2026-10-06 06:12:23.507] [info] [candidate.cpp:199] InstancePrecompute: built 3 candidates
[2026-10-06 06:12:23.507] [info] [stationary.cpp:264] NN: cost=4796.815347, feasible=true, active_stations=1
[2026-10-06 06:12:23.507] [info] [candidate.cpp:199] InstancePrecompute: built 3 candidates
[2026-10-06 06:12:23.507] [info] [stationary.cpp:264] NN: cost=4835.577083, feasible=true, active_stations=1
[2026-10-06 06:12:23.507] [info] [candidate.cpp:199] InstancePrecompute: built 3 candidates
[2026-10-06 06:12:23.507] [info] [stationary.cpp:264] NN: cost=867.160849, feasible=true, active_stations=1
[2026-10-06 06:12:23.507] [info] [candidate.cpp:199] InstancePrecompute: built 3 candidates
[2026-10-06 06:12:23.507] [info] [stationary.cpp:264] NN: cost=914.479843, feasible=true, active_stations=1
[2026-10-06 06:12:23.507] [info] [candidate.cpp:199] InstancePrecompute: built 3 candidates
[2026-10-06 06:12:23.507] [info] [stationary.cpp:264] NN: cost=7045.855547, feasible=true, active_stations=1
[2026-10-06 06:12:23.507] [info] [candidate.cpp:199] InstancePrecompute: built 3 candidates
[2026-10-06 06:12:23.507] [info] [stationary.cpp:264] NN: cost=588.161573, feasible=true, active_stations=1
[2026-10-06 06:12:23.507] [info] [candidate.cpp:199] InstancePrecompute: built 3 candidates
[2026-10-06 06:12:23.507] [info] [stationary.cpp:264] NN: cost=6014.040195, feasible=true, active_stations=1
[2026-10-06 06:12:23.507] [info] [candidate.cpp:199] InstancePrecompute: built 3 candidates
[2026-10-06 06:12:23.507] [info] [stationary.cpp:264] NN: cost=466.646383, feasible=true, active_stations=1
[2026-10-06 06:12:23.507] [info] [candidate.cpp:199] InstancePrecompute: built 3 candidates
[2026-10-06 06:12:23.507] [info] [stationary.cpp:264] NN: cost=4796.815347, feasible=true, active_stations=1
[2026-10-06 06:12:23.507] [info] [candidate.cpp:199] InstancePrecompute: built 3 candidates
[2026-10-06 06:12:23.507] [info] [stationary.cpp:264] NN: cost=4835.577083, feasible=true, active_stations=1
[2026-10-06 06:12:23.507] [info] [candidate.cpp:199] InstancePrecompute: built 3 candidates
[2026-10-06 06:12:23.507] [info] [stationary.cpp:264] NN: cost=867.160849, feasible=true, active_stations=1
[2026-10-06 06:12:23.507] [info] [candidate.cpp:199] InstancePrecompute: built 3 candidates
[2026-10-06 06:12:23.507] [info] [stationary.cpp:264] NN: cost=914.479843, feasible=true, active_stations=1
[2026-10-06 06:12:23.507] [info] [candidate.cpp:199] InstancePrecompute: built 3 candidates
[2026-10-06 06:12:23.507] [info] [stationary.cpp:264] NN: cost=7045.855547, feasible=true, active_stations=1
[2026-10-06 06:12:23.507] [info] [candidate.cpp:199] InstancePrecompute: built 3 candidates
[2026-10-06 06:12:23.507] [info] [stationary.cpp:264] NN: cost=588.161573, feasible=true, active_stations=1
[2026-10-06 06:12:23.507] [info] [candidate.cpp:199] InstancePrecompute: built 3 candidates
[2026-10-06 06:12:23.507] [info] [stationary.cpp:264] NN: cost=6014.040195, feasible=true, active_stations=1
[2026-10-06 06:12:23.507] [info] [candidate.cpp:199] InstancePrecompute: built 3 candidates
[2026-10-06 06:12:23.507] [info] [stationary.cpp:264] NN: cost=466.646383, feasible=true, active_stations=1
[2026-10-06 06:12:23.507] [info] [candidate.cpp:199] InstancePrecompute: built 3 candidates
[2026-10-06 06:12:23.507] [info] [stationary.cpp:264] NN: cost=4796.815347, feasible=true, active_stations=1
[2026-10-06 06:12:23.507] [info] [candidate.cpp:199] InstancePrecompute: built 3 candidates
[2026-10-06 06:12:23.507] [info] [stationary.cpp:264] NN: cost=4835.577083, feasible=true, active_stations=1
[2026-10-06 06:12:23.507] [info] [candidate.cpp:199] InstancePrecompute: built 3 candidates
[2026-10-06 06:12:23.507] [info] [stationary.cpp:264] NN: cost=867.160849, feasible=true, active_stations=1
[2026-10-06 06:12:23.507] [info] [candidate.cpp:199] InstancePrecompute: built 3 candidates
[2026-10-06 06:12:23.507] [info] [stationary.cpp:264] NN: cost=914.479843, feasible=true, active_stations=1
[2026-10-06 06:12:23.507] [info] [candidate.cpp:199] InstancePrecompute: built 3 candidates
[2026-10-06 06:12:23.507] [info] [stationary.cpp:264] NN: cost=7045.855547, feasible=true, active_stations=1
[2026-10-06 06:12:23.507] [info] [candidate.cpp:199] InstancePrecompute: built 3 candidates
[2026-10-06 06:12:23.507] [info] [stationary.cpp:264] NN: cost=588.161573, feasible=true, active_stations=1
[2026-10-06 06:12:23.507] [info] [candidate.cpp:199] InstancePrecompute: built 3 candidates
[2026-10-06 06:12:23.507] [info] [stationary.cpp:264] NN: cost=6014.040195, feasible=true, active_stations=1
[2026-10-06 06:12:23.507] [info] [candidate.cpp:199] InstancePrecompute: built 3 candidates
[2026-10-06 06:12:23.507] [info] [stationary.cpp:264] NN: cost=466.646383, feasible=true, active_stations=1
[2026-10-06 06:12:23.507] [info] [candidate.cpp:199] InstancePrecompute: built 3 candidates
[2026-10-06 06:12:23.507] [info] [stationary.cpp:264] NN: cost=4796.815347, feasible=true, active_stations=1
[2026-10-06 06:12:23.507] [info] [candidate.cpp:199] InstancePrecompute: built 3 candidates
[2026-10-06 06:12:23.507] [info] [stationary.cpp:264] NN: cost=4835.577083, feasible=true, active_stations=1
[2026-10-06 06:12:23.507] [info] [candidate.cpp:199] InstancePrecompute: built 3 candidates
[2026-10-06 06:12:23.507] [info] [stationary.cpp:264] NN: cost=867.160849, feasible=true, active_stations=1
[2026-10-06 06:12:23.507] [info] [candidate.cpp:199] InstancePrecompute: built 3 candidates
[2026-10-06 06:12:23.507] [info] [stationary.cpp:264] NN: cost=914.479843, feasible=true, active_stations=1
[2026-10-06 06:12:23.507] [info] [candidate.cpp:199] InstancePrecompute: built 3 candidates
[2026-10-06 06:12:23.507] [info] [stationary.cpp:264] NN: cost=7045.855547, feasible=true, active_stations=1
[2026-10-06 06:12:23.507] [info] [candidate.cpp:199] InstancePrecompute: built 3 candidates
[2026-10-06 06:12:23.507] [info] [stationary.cpp:264] NN: cost=588.161573, feasible=true, active_stations=1
[2026-10-06 06:12:23.507] [info] [candidate.cpp:199] InstancePrecompute: built 3 candidates
[2026-10-06 06:12:23.507] [info] [stationary.cpp:264] NN: cost=6014.040195, feasible=true, active_stations=1
[2026-10-06 06:12:23.507] [info] [candidate.cpp:199] InstancePrecompute: built 3 candidates
[2026-10-06 06:12:23.507] [info] [stationary.cpp:264] NN: cost=466.646383, feasible=true, active_stations=1
[2026-10-06 06:12:23.507] [info] [candidate.cpp:199] InstancePrecompute: built 3 candidates
[2026-10-06 06:12:23.507] [info] [stationary.cpp:264] NN: cost=4796.815347, feasible=true, active_stations=1
[2026-10-06 06:12:23.507] [info] [candidate.cpp:199] InstancePrecompute: built 3 candidates
[2026-10-06 06:12:23.507] [info] [stationary.cpp:264] NN: cost=4835.577083, feasible=true, active_stations=1
[2026-10-06 06:12:23.507] [info] [candidate.cpp:199] InstancePrecompute: built 3 candidates
[2026-10-06 06:12:23.507] [info] [stationary.cpp:264] NN: cost=867.160849, feasible=true, active_stations=1
[2026-10-06 06:12:23.507] [info] [candidate.cpp:199] InstancePrecompute: built 3 candidates
[2026-10-06 06:12:23.507] [info] [stationary.cpp:264] NN: cost=914.479843, feasible=true, active_stations=1
[2026-10-06 06:12:23.507] [info] [candidate.cpp:199] InstancePrecompute: built 3 candidates
[2026-10-06 06:12:23.507] [info] [stationary.cpp:264] NN: cost=7045.855547, feasible=true, active_stations=1
[2026-10-06 06:12:23.507] [info] [candidate.cpp:199] InstancePrecompute: built 3 candidates
[2026-10-06 06:12:23.507] [info] [stationary.cpp:264] NN: cost=588.161573, feasible=true, active_stations=1
[2026-10-06 06:12:23.507] [info] [candidate.cpp:199] InstancePrecompute: built 3 candidates
[2026-10-06 06:12:23.507] [info] [stationary.cpp:264] NN: cost=6014.040195, feasible=true, active_stations=1
[2026-10-06 06:12:23.507] [info] [candidate.cpp:199] InstancePrecompute: built 3 candidates
[2026-10-06 06:12:23.507] [info] [stationary.cpp:264] NN: cost=466.646383, feasible=true, active_stations=1
[2026-10-06 06:12:23.507] [info] [candidate.cpp:199] InstancePrecompute: built 3 candidates
[2026-10-06 06:12:23.507] [info] [stationary.cpp:264] NN: cost=4796.815347, feasible=true, active_stations=1
[2026-10-06 06:12:23.507] [info] [candidate.cpp:199] InstancePrecompute: built 3 candidates
[2026-10-06 06:12:23.507] [info] [stationary.cpp:264] NN: cost=4835.577083, feasible=true, active_stations=1
[2026-10-06 06:12:23.507] [info] [candidate.cpp:199] InstancePrecompute: built 3 candidates
[2026-10-06 06:12:23.507] [info] [stationary.cpp:264] NN: cost=867.160849, feasible=true, active_stations=1
[2026-10-06 06:12:23.507] [info] [candidate.cpp:199] InstancePrecompute: built 3 candidates
[2026-10-06 06:12:23.507] [info] [stationary.cpp:264] NN: cost=914.479843, feasible=true, active_stations=1
[2026-10-06 06:12:23.507] [info] [candidate.cpp:199] InstancePrecompute: built 3 candidates
[2026-10-06 06:12:23.507] [info] [stationary.cpp:264] NN: cost=7045.855547, feasible=true, active_stations=1
[2026-10-06 06:12:23.507] [info] [candidate.cpp:199] InstancePrecompute: built 3 candidates
[2026-10-06 06:12:23.507] [info] [stationary.cpp:264] NN: cost=588.161573, feasible=true, active_stations=1
[2026-10-06 06:12:23.507] [info] [candidate.cpp:199] InstancePrecompute: built 3 candidates
[2026-10-06 06:12:23.507] [info] [stationary.cpp:264] NN: cost=6014.040195, feasible=true, active_stations=1
[2026-10-06 06:12:23.507] [info] [candidate.cpp:199] InstancePrecompute: built 3 candidates
[2026-10-06 06:12:23.507] [info] [stationary.cpp:264] NN: cost=466.646383, feasible=true, active_stations=1
[2026-10-06 06:12:23.507] [info] [candidate.cpp:199] InstancePrecompute: built 3 candidates
[2026-10-06 06:12:23.507] [info] [stationary.cpp:264] NN: cost=4796.815347, feasible=true, active_stations=1
[2026-10-06 06:12:23.507] [info] [candidate.cpp:199] InstancePrecompute: built 3 candidates
[2026-10-06 06:12:23.507] [info] [stationary.cpp:264] NN: cost=4835.577083, feasible=true, active_stations=1
[2026-10-06 06:12:23.507] [info] [candidate.cpp:199] InstancePrecompute: built 3 candidates
[2026-10-06 06:12:23.507] [info] [stationary.cpp:264] NN: cost=867.160849, feasible=true, active_stations=1
[2026-10-06 06:12:23.507] [info] [candidate.cpp:199] InstancePrecompute: built 3 candidates
[2026-10-06 06:12:23.507] [info] [stationary.cpp:264] NN: cost=914.479843, feasible=true, active_stations=1
[2026-10-06 06:12:23.507] [info] [candidate.cpp:199] InstancePrecompute: built 3 candidates
[2026-10-06 06:12:23.507] [info] [stationary.cpp:264] NN: cost=7045.855547, feasible=true, active_stations=1
[2026-10-06 06:12:23.507] [info] [candidate.cpp:199] InstancePrecompute: built 3 candidates
[2026-10-06 06:12:23.507] [info] [stationary.cpp:264] NN: cost=588.161573, feasible=true, active_stations=1
[2026-10-06 06:12:23.507] [info] [candidate.cpp:199] InstancePrecompute: built 3 candidates
[2026-10-06 06:12:23.507] [info] [stationary.cpp:264] NN: cost=6014.040195, feasible=true, active_stations=1
[2026-10-06 06:12:23.507] [info] [candidate.cpp:199] InstancePrecompute: built 3 candidates
[2026-10-06 06:12:23.507] [info] [stationary.cpp:264] NN: cost=466.646383, feasible=true, active_stations=1
[2026-10-06 06:12:23.507] [info] [candidate.cpp:199] InstancePrecompute: built 3 candidates
[2026-10-06 06:12:23.507] [info] [stationary.cpp:264] NN: cost=4796.815347, feasible=true, active_stations=1
[2026-10-06 06:12:23.507] [info] [candidate.cpp:199] InstancePrecompute: built 3 candidates
[2026-10-06 06:12:23.507] [info] [stationary.cpp:264] NN: cost=4835.577083, feasible=true, active_stations=1
[2026-10-06 06:12:23.507] [info] [candidate.cpp:199] InstancePrecompute: built 3 candidates
[2026-10-06 06:12:23.507] [info] [stationary.cpp:264] NN: cost=867.160849, feasible=true, active_stations=1
[2026-10-06 06:12:23.507] [info] [candidate.cpp:199] InstancePrecompute: built 3 candidates
[2026-10-06 06:12:23.507] [info] [stationary.cpp:264] NN: cost=914.479843, feasible=true, active_stations=1
[2026-10-06 06:12:23.507] [info] [candidate.cpp:199] InstancePrecompute: built 3 candidates
[2026-10-06 06:12:23.507] [info] [stationary.cpp:264] NN: cost=588.161573, feasible=true, active_stations=1
[2026-10-06 06:12:23.507] [info] [candidate.cpp:199] InstancePrecompute: built 3 candidates
[2026-10-06 06:12:23.507] [info] [stationary.cpp:264] NN: cost=6014.040195, feasible=true, active_stations=1
[2026-10-06 06:12:23.507] [info] [candidate.cpp:199] InstancePrecompute: built 3 candidates
[2026-10-06 06:12:23.507] [info] [stationary.cpp:264] NN: cost=7045.855547, feasible=true, active_stations=1
[2026-10-06 06:12:23.507] [info] [candidate.cpp:199] InstancePrecompute: built 3 candidates
[2026-10-06 06:12:23.507] [info] [stationary.cpp:264] NN: cost=466.646383, feasible=true, active_stations=1
[2026-10-06 06:12:23.507] [info] [candidate.cpp:199] InstancePrecompute: built 3 candidates
[2026-10-06 06:12:23.507] [info] [stationary.cpp:264] NN: cost=4796.815347, feasible=true, active_stations=1
[2026-10-06 06:12:23.507] [info] [candidate.cpp:199] InstancePrecompute: built 3 candidates
[2026-10-06 06:12:23.507] [info] [stationary.cpp:264] NN: cost=4835.577083, feasible=true, active_stations=1
[2026-10-06 06:12:23.507] [info] [candidate.cpp:199] InstancePrecompute: built 3 candidates
[2026-10-06 06:12:23.507] [info] [stationary.cpp:264] NN: cost=867.160849, feasible=true, active_stations=1
[2026-10-06 06:12:23.507] [info] [candidate.cpp:199] InstancePrecompute: built 3 candidates
[2026-10-06 06:12:23.507] [info] [stationary.cpp:264] NN: cost=914.479843, feasible=true, active_stations=1
[2026-10-06 06:12:23.507] [info] [candidate.cpp:199] InstancePrecompute: built 3 candidates
[2026-10-06 06:12:23.507] [info] [stationary.cpp:264] NN: cost=588.161573, feasible=true, active_stations=1
[2026-10-06 06:12:23.507] [info] [candidate.cpp:199] InstancePrecompute: built 3 candidates
[2026-10-06 06:12:23.507] [info] [stationary.cpp:264] NN: cost=6014.040195, feasible=true, active_stations=1
[2026-10-06 06:12:23.507] [info] [candidate.cpp:199] InstancePrecompute: built 3 candidates
[2026-10-06 06:12:23.507] [info] [stationary.cpp:264] NN: cost=7045.855547, feasible=true, active_stations=1
[2026-10-06 06:12:23.507] [info] [candidate.cpp:199] InstancePrecompute: built 3 candidates
[2026-10-06 06:12:23.507] [info] [stationary.cpp:264] NN: cost=466.646383, feasible=true, active_stations=1
[2026-10-06 06:12:23.507] [info] [candidate.cpp:199] InstancePrecompute: built 3 candidates
[2026-10-06 06:12:23.507] [info] [stationary.cpp:264] NN: cost=4796.815347, feasible=true, active_stations=1
[2026-10-06 06:12:23.507] [info] [candidate.cpp:199] InstancePrecompute: built 3 candidates
[2026-10-06 06:12:23.507] [info] [stationary.cpp:264] NN: cost=4835.577083, feasible=true, active_stations=1
[2026-10-06 06:12:23.507] [info] [candidate.cpp:199] InstancePrecompute: built 3 candidates
[2026-10-06 06:12:23.507] [info] [stationary.cpp:264] NN: cost=867.160849, feasible=true, active_stations=1
[2026-10-06 06:12:23.507] [info] [candidate.cpp:199] InstancePrecompute: built 3 candidates
[2026-10-06 06:12:23.507] [info] [stationary.cpp:264] NN: cost=914.479843, feasible=true, active_stations=1
[2026-10-06 06:12:23.507] [info] [candidate.cpp:199] InstancePrecompute: built 3 candidates
[2026-10-06 06:12:23.507] [info] [stationary.cpp:264] NN: cost=588.161573, feasible=true, active_stations=1
[2026-10-06 06:12:23.507] [info] [candidate.cpp:199] InstancePrecompute: built 3 candidates
[2026-10-06 06:12:23.507] [info] [stationary.cpp:264] NN: cost=6014.040195, feasible=true, active_stations=1
[2026-10-06 06:12:23.507] [info] [candidate.cpp:199] InstancePrecompute: built 3 candidates
[2026-10-06 06:12:23.507] [info] [stationary.cpp:264] NN: cost=7045.855547, feasible=true, active_stations=1
[2026-10-06 06:12:23.507] [info] [candidate.cpp:199] InstancePrecompute: built 3 candidates
[2026-10-06 06:12:23.507] [info] [stationary.cpp:264] NN: cost=466.646383, feasible=true, active_stations=1
[2026-10-06 06:12:23.507] [info] [candidate.cpp:199] InstancePrecompute: built 3 candidates
[2026-10-06 06:12:23.507] [info] [stationary.cpp:264] NN: cost=4796.815347, feasible=true, active_stations=1
[2026-10-06 06:12:23.507] [info] [candidate.cpp:199] InstancePrecompute: built 3 candidates
[2026-10-06 06:12:23.507] [info] [stationary.cpp:264] NN: cost=4835.577083, feasible=true, active_stations=1
[2026-10-06 06:12:23.507] [info] [candidate.cpp:199] InstancePrecompute: built 3 candidates
[2026-10-06 06:12:23.507] [info] [stationary.cpp:264] NN: cost=867.160849, feasible=true, active_stations=1
[2026-10-06 06:12:23.507] [info] [candidate.cpp:199] InstancePrecompute: built 3 candidates
[2026-10-06 06:12:23.507] [info] [stationary.cpp:264] NN: cost=914.479843, feasible=true, active_stations=1
[2026-10-06 06:12:23.507] [info] [candidate.cpp:199] InstancePrecompute: built 3 candidates
[2026-10-06 06:12:23.507] [info] [stationary.cpp:264] NN: cost=588.161573, feasible=true, active_stations=1
[2026-10-06 06:12:23.507] [info] [candidate.cpp:199] InstancePrecompute: built 6 candidates
[2026-10-06 06:12:23.507] [info] [stationary.cpp:264] NN: cost=7045.855547, feasible=true, active_stations=1
[2026-10-06 06:12:23.507] [info] [candidate.cpp:199] InstancePrecompute: built 3 candidates
[2026-10-06 06:12:23.507] [info] [stationary.cpp:264] NN: cost=466.646383, feasible=true, active_stations=1
[2026-10-06 06:12:23.507] [info] [candidate.cpp:199] InstancePrecompute: built 3 candidates
[2026-10-06 06:12:23.507] [info] [stationary.cpp:264] NN: cost=4796.815347, feasible=true, active_stations=1
[2026-10-06 06:12:23.507] [info] [candidate.cpp:199] InstancePrecompute: built 3 candidates
[2026-10-06 06:12:23.507] [info] [stationary.cpp:264] NN: cost=4835.577083, feasible=true, active_stations=1
[2026-10-06 06:12:23.507] [info] [candidate.cpp:199] InstancePrecompute: built 3 candidates
[2026-10-06 06:12:23.507] [info] [stationary.cpp:264] NN: cost=867.160849, feasible=true, active_stations=1
[2026-10-06 06:12:23.507] [info] [candidate.cpp:199] InstancePrecompute: built 3 candidates
[2026-10-06 06:12:23.507] [info] [stationary.cpp:264] NN: cost=914.479843, feasible=true, active_stations=1
[2026-10-06 06:12:23.507] [info] [candidate.cpp:199] InstancePrecompute: built 3 candidates
[2026-10-06 06:12:23.507] [info] [stationary.cpp:264] NN: cost=588.161573, feasible=true, active_stations=1
[2026-10-06 06:12:23.507] [info] [candidate.cpp:199] InstancePrecompute: built 6 candidates
[2026-10-06 06:12:23.507] [info] [stationary.cpp:264] NN: cost=7045.855547, feasible=true, active_stations=1
[2026-10-06 06:12:23.507] [info] [candidate.cpp:199] InstancePrecompute: built 3 candidates
[2026-10-06 06:12:23.507] [info] [stationary.cpp:264] NN: cost=466.646383, feasible=true, active_stations=1
[2026-10-06 06:12:23.507] [info] [candidate.cpp:199] InstancePrecompute: built 3 candidates
[2026-10-06 06:12:23.507] [info] [stationary.cpp:264] NN: cost=4796.815347, feasible=true, active_stations=1
[2026-10-06 06:12:23.507] [info] [candidate.cpp:199] InstancePrecompute: built 3 candidates
[2026-10-06 06:12:23.507] [info] [stationary.cpp:264] NN: cost=4835.577083, feasible=true, active_stations=1
[2026-10-06 06:12:23.507] [info] [candidate.cpp:199] InstancePrecompute: built 3 candidates
[2026-10-06 06:12:23.507] [info] [stationary.cpp:264] NN: cost=867.160849, feasible=true, active_stations=1
[2026-10-06 06:12:23.507] [info] [candidate.cpp:199] InstancePrecompute: built 3 candidates
[2026-10-06 06:12:23.507] [info] [stationary.cpp:264] NN: cost=914.479843, feasible=true, active_stations=1
[2026-10-06 06:12:23.507] [info] [candidate.cpp:199] InstancePrecompute: built 3 candidates
[2026-10-06 06:12:23.507] [info] [stationary.cpp:264] NN: cost=588.161573, feasible=true, active_stations=1
[2026-10-06 06:12:23.507] [info] [candidate.cpp:199] InstancePrecompute: built 6 candidates
[2026-10-06 06:12:23.507] [info] [stationary.cpp:264] NN: cost=7045.855547, feasible=true, active_stations=1
[2026-10-06 06:12:23.507] [info] [candidate.cpp:199] InstancePrecompute: built 3 candidates
[2026-10-06 06:12:23.507] [info] [stationary.cpp:264] NN: cost=466.646383, feasible=true, active_stations=1
[2026-10-06 06:12:23.507] [info] [candidate.cpp:199] InstancePrecompute: built 3 candidates
[2026-10-06 06:12:23.507] [info] [stationary.cpp:264] NN: cost=4796.815347, feasible=true, active_stations=1
[2026-10-06 06:12:23.507] [info] [candidate.cpp:199] InstancePrecompute: built 3 candidates
[2026-10-06 06:12:23.507] [info] [stationary.cpp:264] NN: cost=4835.577083, feasible=true, active_stations=1
[2026-10-06 06:12:23.507] [info] [candidate.cpp:199] InstancePrecompute: built 3 candidates
[2026-10-06 06:12:23.507] [info] [stationary.cpp:264] NN: cost=867.160849, feasible=true, active_stations=1
[2026-10-06 06:12:23.507] [info] [candidate.cpp:199] InstancePrecompute: built 3 candidates
[2026-10-06 06:12:23.507] [info] [stationary.cpp:264] NN: cost=914.479843, feasible=true, active_stations=1
[2026-10-06 06:12:23.507] [info] [candidate.cpp:199] InstancePrecompute: built 3 candidates
[2026-10-06 06:12:23.507] [info] [stationary.cpp:264] NN: cost=588.161573, feasible=true, active_stations=1
[2026-10-06 06:12:23.507] [info] [candidate.cpp:199] InstancePrecompute: built 3 candidates
[2026-10-06 06:12:23.507] [info] [stationary.cpp:264] NN: cost=6014.040195, feasible=true, active_stations=1
[2026-10-06 06:12:23.507] [info] [candidate.cpp:199] InstancePrecompute: built 3 candidates
[2026-10-06 06:12:23.507] [info] [stationary.cpp:264] NN: cost=7045.855547, feasible=true, active_stations=1
[2026-10-06 06:12:23.507] [info] [candidate.cpp:199] InstancePrecompute: built 3 candidates
[2026-10-06 06:12:23.507] [info] [stationary.cpp:264] NN: cost=466.646383, feasible=true, active_stations=1
[2026-10-06 06:12:23.507] [info] [candidate.cpp:199] InstancePrecompute: built 3 candidates
[2026-10-06 06:12:23.507] [info] [stationary.cpp:264] NN: cost=4796.815347, feasible=true, active_stations=1
[2026-10-06 06:12:23.507] [info] [candidate.cpp:199] InstancePrecompute: built 3 candidates
[2026-10-06 06:12:23.507] [info] [stationary.cpp:264] NN: cost=4835.577083, feasible=true, active_stations=1
[2026-10-06 06:12:23.507] [info] [candidate.cpp:199] InstancePrecompute: built 3 candidates
[2026-10-06 06:12:23.507] [info] [stationary.cpp:264] NN: cost=867.160849, feasible=true, active_stations=1
[2026-10-06 06:12:23.507] [info] [candidate.cpp:199] InstancePrecompute: built 3 candidates
[2026-10-06 06:12:23.507] [info] [stationary.cpp:264] NN: cost=914.479843, feasible=true, active_stations=1
[2026-10-06 06:12:23.507] [info] [candidate.cpp:199] InstancePrecompute: built 3 candidates
[2026-10-06 06:12:23.507] [info] [stationary.cpp:264] NN: cost=588.161573, feasible=true, active_stations=1
[2026-10-06 06:12:23.507] [info] [candidate.cpp:199] InstancePrecompute: built 3 candidates
[2026-10-06 06:12:23.507] [info] [stationary.cpp:264] NN: cost=6014.040195, feasible=true, active_stations=1
[2026-10-06 06:12:23.507] [info] [candidate.cpp:199] InstancePrecompute: built 3 candidates
[2026-10-06 06:12:23.507] [info] [stationary.cpp:264] NN: cost=7045.855547, feasible=true, active_stations=1
[2026-10-06 06:12:23.507] [info] [candidate.cpp:199] InstancePrecompute: built 3 candidates
[2026-10-06 06:12:23.507] [info] [stationary.cpp:264] NN: cost=466.646383, feasible=true, active_stations=1
[2026-10-06 06:12:23.507] [info] [candidate.cpp:199] InstancePrecompute: built 3 candidates
[2026-10-06 06:12:23.507] [info] [stationary.cpp:264] NN: cost=4796.815347, feasible=true, active_stations=1
[2026-10-06 06:12:23.507] [info] [candidate.cpp:199] InstancePrecompute: built 3 candidates
[2026-10-06 06:12:23.507] [info] [stationary.cpp:264] NN: cost=4835.577083, feasible=true, active_stations=1
[2026-10-06 06:12:23.507] [info] [candidate.cpp:199] InstancePrecompute: built 3 candidates
[2026-10-06 06:12:23.507] [info] [stationary.cpp:264] NN: cost=867.160849, feasible=true, active_stations=1
[2026-10-06 06:12:23.507] [info] [candidate.cpp:199] InstancePrecompute: built 3 candidates
[2026-10-06 06:12:23.507] [info] [stationary.cpp:264] NN: cost=914.479843, feasible=true, active_stations=1
[2026-10-06 06:12:23.507] [info] [candidate.cpp:199] InstancePrecompute: built 3 candidates
[2026-10-06 06:12:23.507] [info] [stationary.cpp:264] NN: cost=588.161573, feasible=true, active_stations=1
[2026-10-06 06:12:23.507] [info] [candidate.cpp:199] InstancePrecompute: built 3 candidates
[2026-10-06 06:12:23.507] [info] [stationary.cpp:264] NN: cost=6014.040195, feasible=true, active_stations=1
[2026-10-06 06:12:23.508] [info] [candidate.cpp:199] InstancePrecompute: built 3 candidates
[2026-10-06 06:12:23.508] [info] [stationary.cpp:264] NN: cost=7045.855547, feasible=true, active_stations=1
[2026-10-06 06:12:23.508] [info] [candidate.cpp:199] InstancePrecompute: built 3 candidates
[2026-10-06 06:12:23.508] [info] [stationary.cpp:264] NN: cost=466.646383, feasible=true, active_stations=1
[2026-10-06 06:12:23.508] [info] [candidate.cpp:199] InstancePrecompute: built 3 candidates
[2026-10-06 06:12:23.508] [info] [stationary.cpp:264] NN: cost=4796.815347, feasible=true, active_stations=1
[2026-10-06 06:12:23.508] [info] [candidate.cpp:199] InstancePrecompute: built 3 candidates
[2026-10-06 06:12:23.508] [info] [stationary.cpp:264] NN: cost=4835.577083, feasible=true, active_stations=1
[2026-10-06 06:12:23.508] [info] [candidate.cpp:199] InstancePrecompute: built 3 candidates
[2026-10-06 06:12:23.508] [info] [stationary.cpp:264] NN: cost=867.160849, feasible=true, active_stations=1
[2026-10-06 06:12:23.508] [info] [candidate.cpp:199] InstancePrecompute: built 3 candidates
[2026-10-06 06:12:23.508] [info] [stationary.cpp:264] NN: cost=914.479843, feasible=true, active_stations=1
[2026-10-06 06:12:23.508] [info] [candidate.cpp:199] InstancePrecompute: built 3 candidates
[2026-10-06 06:12:23.508] [info] [stationary.cpp:264] NN: cost=588.161573, feasible=true, active_stations=1
[2026-10-06 06:12:23.508] [info] [candidate.cpp:199] InstancePrecompute: built 6 candidates
[2026-10-06 06:12:23.508] [info] [stationary.cpp:264] NN: cost=7045.855547, feasible=true, active_stations=1
[2026-10-06 06:12:23.508] [info] [candidate.cpp:199] InstancePrecompute: built 3 candidates
[2026-10-06 06:12:23.508] [info] [stationary.cpp:264] NN: cost=466.646383, feasible=true, active_stations=1
[2026-10-06 06:12:23.508] [info] [candidate.cpp:199] InstancePrecompute: built 3 candidates
[2026-10-06 06:12:23.508] [info] [stationary.cpp:264] NN: cost=4796.815347, feasible=true, active_stations=1
[2026-10-06 06:12:23.508] [info] [candidate.cpp:199] InstancePrecompute: built 3 candidates
[2026-10-06 06:12:23.508] [info] [stationary.cpp:264] NN: cost=4835.577083, feasible=true, active_stations=1
[2026-10-06 06:12:23.508] [info] [candidate.cpp:199] InstancePrecompute: built 3 candidates
[2026-10-06 06:12:23.508] [info] [stationary.cpp:264] NN: cost=867.160849, feasible=true, active_stations=1
[2026-10-06 06:12:23.508] [info] [candidate.cpp:199] InstancePrecompute: built 3 candidates
[2026-10-06 06:12:23.508] [info] [stationary.cpp:264] NN: cost=914.479843, feasible=true, active_stations=1
[2026-10-06 06:12:23.508] [info] [candidate.cpp:199] InstancePrecompute: built 3 candidates
[2026-10-06 06:12:23.508] [info] [stationary.cpp:264] NN: cost=588.161573, feasible=true, active_stations=1
[2026-10-06 06:12:23.508] [info] [candidate.cpp:199] InstancePrecompute: built 6 candidates
[2026-10-06 06:12:23.508] [info] [stationary.cpp:264] NN: cost=7045.855547, feasible=true, active_stations=1
[2026-10-06 06:12:23.508] [info] [candidate.cpp:199] InstancePrecompute: built 3 candidates
[2026-10-06 06:12:23.508] [info] [stationary.cpp:264] NN: cost=466.646383, feasible=true, active_stations=1
[2026-10-06 06:12:23.508] [info] [candidate.cpp:199] InstancePrecompute: built 3 candidates
[2026-10-06 06:12:23.508] [info] [stationary.cpp:264] NN: cost=4796.815347, feasible=true, active_stations=1
[2026-10-06 06:12:23.508] [info] [candidate.cpp:199] InstancePrecompute: built 3 candidates
[2026-10-06 06:12:23.508] [info] [stationary.cpp:264] NN: cost=4835.577083, feasible=true, active_stations=1
[2026-10-06 06:12:23.508] [info] [candidate.cpp:199] InstancePrecompute: built 3 candidates
[2026-10-06 06:12:23.508] [info] [stationary.cpp:264] NN: cost=867.160849, feasible=true, active_stations=1
[2026-10-06 06:12:23.508] [info] [candidate.cpp:199] InstancePrecompute: built 3 candidates
[2026-10-06 06:12:23.508] [info] [stationary.cpp:264] NN: cost=914.479843, feasible=true, active_stations=1
[2026-10-06 06:12:23.508] [info] [candidate.cpp:199] InstancePrecompute: built 3 candidates
[2026-10-06 06:12:23.508] [info] [stationary.cpp:264] NN: cost=588.161573, feasible=true, active_stations=1
[2026-10-06 06:12:23.508] [info] [candidate.cpp:199] InstancePrecompute: built 6 candidates
[2026-10-06 06:12:23.508] [info] [stationary.cpp:264] NN: cost=7045.855547, feasible=true, active_stations=1
[2026-10-06 06:12:23.508] [info] [candidate.cpp:199] InstancePrecompute: built 3 candidates
[2026-10-06 06:12:23.508] [info] [stationary.cpp:264] NN: cost=466.646383, feasible=true, active_stations=1
[2026-10-06 06:12:23.508] [info] [candidate.cpp:199] InstancePrecompute: built 3 candidates
[2026-10-06 06:12:23.508] [info] [stationary.cpp:264] NN: cost=4796.815347, feasible=true, active_stations=1
[2026-10-06 06:12:23.508] [info] [candidate.cpp:199] InstancePrecompute: built 3 candidates
[2026-10-06 06:12:23.508] [info] [stationary.cpp:264] NN: cost=4835.577083, feasible=true, active_stations=1
[2026-10-06 06:12:23.508] [info] [candidate.cpp:199] InstancePrecompute: built 3 candidates
[2026-10-06 06:12:23.508] [info] [stationary.cpp:264] NN: cost=867.160849, feasible=true, active_stations=1
[2026-10-06 06:12:23.508] [info] [candidate.cpp:199] InstancePrecompute: built 3 candidates
[2026-10-06 06:12:23.508] [info] [stationary.cpp:264] NN: cost=914.479843, feasible=true, active_stations=1
[2026-10-06 06:12:23.508] [info] [candidate.cpp:199] InstancePrecompute: built 3 candidates
[2026-10-06 06:12:23.508] [info] [stationary.cpp:264] NN: cost=7045.855547, feasible=true, active_stations=1
[2026-10-06 06:12:23.508] [info] [candidate.cpp:199] InstancePrecompute: built 3 candidates
[2026-10-06 06:12:23.508] [info] [stationary.cpp:264] NN: cost=466.646383, feasible=true, active_stations=1
[2026-10-06 06:12:23.508] [info] [candidate.cpp:199] InstancePrecompute: built 3 candidates
[2026-10-06 06:12:23.508] [info] [stationary.cpp:264] NN: cost=588.161573, feasible=true, active_stations=1
[2026-10-06 06:12:23.508] [info] [candidate.cpp:199] InstancePrecompute: built 3 candidates
[2026-10-06 06:12:23.508] [info] [stationary.cpp:264] NN: cost=6014.040195, feasible=true, active_stations=1
[2026-10-06 06:12:23.508] [info] [candidate.cpp:199] InstancePrecompute: built 3 candidates
[2026-10-06 06:12:23.508] [info] [stationary.cpp:264] NN: cost=4796.815347, feasible=true, active_stations=1
[2026-10-06 06:12:23.508] [info] [candidate.cpp:199] InstancePrecompute: built 3 candidates
[2026-10-06 06:12:23.508] [info] [stationary.cpp:264] NN: cost=4835.577083, feasible=true, active_stations=1
[2026-10-06 06:12:23.508] [info] [candidate.cpp:199] InstancePrecompute: built 3 candidates
[2026-10-06 06:12:23.508] [info] [stationary.cpp:264] NN: cost=867.160849, feasible=true, active_stations=1
[2026-10-06 06:12:23.508] [info] [candidate.cpp:199] InstancePrecompute: built 3 candidates
[2026-10-06 06:12:23.508] [info] [stationary.cpp:264] NN: cost=914.479843, feasible=true, active_stations=1
[2026-10-06 06:12:23.508] [info] [candidate.cpp:199] InstancePrecompute: built 3 candidates
[2026-10-06 06:12:23.508] [info] [stationary.cpp:264] NN: cost=7045.855547, feasible=true, active_stations=1
[2026-10-06 06:12:23.508] [info] [candidate.cpp:199] InstancePrecompute: built 3 candidates
[2026-10-06 06:12:23.508] [info] [stationary.cpp:264] NN: cost=466.646383, feasible=true, active_stations=1
[2026-10-06 06:12:23.508] [info] [candidate.cpp:199] InstancePrecompute: built 3 candidates
[2026-10-06 06:12:23.508] [info] [stationary.cpp:264] NN: cost=588.161573, feasible=true, active_stations=1
[2026-10-06 06:12:23.508] [info] [candidate.cpp:199] InstancePrecompute: built 3 candidates
[2026-10-06 06:12:23.508] [info] [stationary.cpp:264] NN: cost=6014.040195, feasible=true, active_stations=1
[2026-10-06 06:12:23.508] [info] [candidate.cpp:199] InstancePrecompute: built 3 candidates
[2026-10-06 06:12:23.508] [info] [stationary.cpp:264] NN: cost=4796.815347, feasible=true, active_stations=1
[2026-10-06 06:12:23.508] [info] [candidate.cpp:199] InstancePrecompute: built 3 candidates
[2026-10-06 06:12:23.508] [info] [stationary.cpp:264] NN: cost=4835.577083, feasible=true, active_stations=1
[2026-10-06 06:12:23.508] [info] [candidate.cpp:199] InstancePrecompute: built 3 candidates
[2026-10-06 06:12:23.508] [info] [stationary.cpp:264] NN: cost=867.160849, feasible=true, active_stations=1
[2026-10-06 06:12:23.508] [info] [candidate.cpp:199] InstancePrecompute: built 3 candidates
[2026-10-06 06:12:23.508] [info] [stationary.cpp:264] NN: cost=914.479843, feasible=true, active_stations=1
[2026-10-06 06:12:23.508] [info] [candidate.cpp:199] InstancePrecompute: built 3 candidates
[2026-10-06 06:12:23.508] [info] [stationary.cpp:264] NN: cost=7045.855547, feasible=true, active_stations=1
[2026-10-06 06:12:23.508] [info] [candidate.cpp:199] InstancePrecompute: built 3 candidates
[2026-10-06 06:12:23.508] [info] [stationary.cpp:264] NN: cost=466.646383, feasible=true, active_stations=1
[2026-10-06 06:12:23.508] [info] [candidate.cpp:199] InstancePrecompute: built 3 candidates
[2026-10-06 06:12:23.508] [info] [stationary.cpp:264] NN: cost=588.161573, feasible=true, active_stations=1
[2026-10-06 06:12:23.508] [info] [candidate.cpp:199] InstancePrecompute: built 3 candidates
[2026-10-06 06:12:23.508] [info] [stationary.cpp:264] NN: cost=6014.040195, feasible=true, active_stations=1
[2026-10-06 06:12:23.508] [info] [candidate.cpp:199] InstancePrecompute: built 3 candidates
[2026-10-06 06:12:23.508] [info] [stationary.cpp:264] NN: cost=4796.815347, feasible=true, active_stations=1
[2026-10-06 06:12:23.508] [info] [candidate.cpp:199] InstancePrecompute: built 3 candidates
[2026-10-06 06:12:23.508] [info] [stationary.cpp:264] NN: cost=4835.577083, feasible=true, active_stations=1
[2026-10-06 06:12:23.508] [info] [candidate.cpp:199] InstancePrecompute: built 3 candidates
[2026-10-06 06:12:23.508] [info] [stationary.cpp:264] NN: cost=867.160849, feasible=true, active_stations=1
[2026-10-06 06:12:23.508] [info] [candidate.cpp:199] InstancePrecompute: built 3 candidates
[2026-10-06 06:12:23.508] [info] [stationary.cpp:264] NN: cost=914.479843, feasible=true, active_stations=1
[2026-10-06 06:12:23.508] [info] [candidate.cpp:199] InstancePrecompute: built 3 candidates
[2026-10-06 06:12:23.508] [info] [stationary.cpp:264] NN: cost=7045.855547, feasible=true, active_stations=1
[2026-10-06 06:12:23.508] [info] [candidate.cpp:199] InstancePrecompute: built 3 candidates
[2026-10-06 06:12:23.508] [info] [stationary.cpp:264] NN: cost=466.646383, feasible=true, active_stations=1
[2026-10-06 06:12:23.508] [info] [candidate.cpp:199] InstancePrecompute: built 3 candidates
[2026-10-06 06:12:23.508] [info] [stationary.cpp:264] NN: cost=588.161573, feasible=true, active_stations=1
[2026-10-06 06:12:23.508] [info] [candidate.cpp:199] InstancePrecompute: built 3 candidates
[2026-10-06 06:12:23.508] [info] [stationary.cpp:264] NN: cost=6014.040195, feasible=true, active_stations=1
[2026-10-06 06:12:23.508] [info] [candidate.cpp:199] InstancePrecompute: built 3 candidates
[2026-10-06 06:12:23.508] [info] [stationary.cpp:264] NN: cost=4796.815347, feasible=true, active_stations=1
[2026-10-06 06:12:23.508] [info] [candidate.cpp:199] InstancePrecompute: built 3 candidates
[2026-10-06 06:12:23.508] [info] [stationary.cpp:264] NN: cost=4835.577083, feasible=true, active_stations=1
[2026-10-06 06:12:23.508] [info] [candidate.cpp:199] InstancePrecompute: built 3 candidates
[2026-10-06 06:12:23.508] [info] [stationary.cpp:264] NN: cost=867.160849, feasible=true, active_stations=1
[2026-10-06 06:12:23.508] [info] [candidate.cpp:199] InstancePrecompute: built 3 candidates
[2026-10-06 06:12:23.508] [info] [stationary.cpp:264] NN: cost=914.479843, feasible=true, active_stations=1
[2026-10-06 06:12:23.508] [info] [candidate.cpp:199] InstancePrecompute: built 3 candidates
[2026-10-06 06:12:23.508] [info] [stationary.cpp:264] NN: cost=7045.855547, feasible=true, active_stations=1
[2026-10-06 06:12:23.508] [info] [candidate.cpp:199] InstancePrecompute: built 3 candidates
[2026-10-06 06:12:23.508] [info] [stationary.cpp:264] NN: cost=466.646383, feasible=true, active_stations=1
[2026-10-06 06:12:23.508] [info] [candidate.cpp:199] InstancePrecompute: built 3 candidates
[2026-10-06 06:12:23.508] [info] [stationary.cpp:264] NN: cost=588.161573, feasible=true, active_stations=1
[2026-10-06 06:12:23.508] [info] [candidate.cpp:199] InstancePrecompute: built 3 candidates
[2026-10-06 06:12:23.508] [info] [stationary.cpp:264] NN: cost=6014.040195, feasible=true, active_stations=1
[2026-10-06 06:12:23.508] [info] [candidate.cpp:199] InstancePrecompute: built 3 candidates
[2026-10-06 06:12:23.508] [info] [stationary.cpp:264] NN: cost=4796.815347, feasible=true, active_stations=1
[2026-10-06 06:12:23.508] [info] [candidate.cpp:199] InstancePrecompute: built 3 candidates
[2026-10-06 06:12:23.508] [info] [stationary.cpp:264] NN: cost=4835.577083, feasible=true, active_stations=1
[2026-10-06 06:12:23.508] [info] [candidate.cpp:199] InstancePrecompute: built 3 candidates
[2026-10-06 06:12:23.508] [info] [stationary.cpp:264] NN: cost=867.160849, feasible=true, active_stations=1
[2026-10-06 06:12:23.508] [info] [candidate.cpp:199] InstancePrecompute: built 3 candidates
[2026-10-06 06:12:23.508] [info] [stationary.cpp:264] NN: cost=914.479843, feasible=true, active_stations=1
[2026-10-06 06:12:23.508] [info] [candidate.cpp:199] InstancePrecompute: built 3 candidates
[2026-10-06 06:12:23.508] [info] [stationary.cpp:264] NN: cost=7045.855547, feasible=true, active_stations=1
[2026-10-06 06:12:23.508] [info] [candidate.cpp:199] InstancePrecompute: built 3 candidates
[2026-10-06 06:12:23.508] [info] [stationary.cpp:264] NN: cost=466.646383, feasible=true, active_stations=1
[2026-10-06 06:12:23.508] [info] [candidate.cpp:199] InstancePrecompute: built 3 candidates
[2026-10-06 06:12:23.508] [info] [stationary.cpp:264] NN: cost=588.161573, feasible=true, active_stations=1
[2026-10-06 06:12:23.508] [info] [candidate.cpp:199] InstancePrecompute: built 3 candidates
[2026-10-06 06:12:23.508] [info] [stationary.cpp:264] NN: cost=6014.040195, feasible=true, active_stations=1
[2026-10-06 06:12:23.508] [info] [candidate.cpp:199] InstancePrecompute: built 3 candidates
[2026-10-06 06:12:23.508] [info] [stationary.cpp:264] NN: cost=4796.815347, feasible=true, active_stations=1
[2026-10-06 06:12:23.508] [info] [candidate.cpp:199] InstancePrecompute: built 3 candidates
[2026-10-06 06:12:23.508] [info] [stationary.cpp:264] NN: cost=4835.577083, feasible=true, active_stations=1
[2026-10-06 06:12:23.508] [info] [candidate.cpp:199] InstancePrecompute: built 3 candidates
[2026-10-06 06:12:23.508] [info] [stationary.cpp:264] NN: cost=867.160849, feasible=true, active_stations=1
[2026-10-06 06:12:23.508] [info] [candidate.cpp:199] InstancePrecompute: built 3 candidates
[2026-10-06 06:12:23.508] [info] [stationary.cpp:264] NN: cost=914.479843, feasible=true, active_stations=1
[2026-10-06 06:12:23.508] [info] [candidate.cpp:199] InstancePrecompute: built 3 candidates
[2026-10-06 06:12:23.508] [info] [stationary.cpp:264] NN: cost=7045.855547, feasible=true, active_stations=1
[2026-10-06 06:12:23.508] [info] [candidate.cpp:199] InstancePrecompute: built 3 candidates
[2026-10-06 06:12:23.508] [info] [stationary.cpp:264] NN: cost=588.161573, feasible=true, active_stations=1
[2026-10-06 06:12:23.508] [info] [candidate.cpp:199] InstancePrecompute: built 3 candidates
[2026-10-06 06:12:23.508] [info] [stationary.cpp:264] NN: cost=6014.040195, feasible=true, active_stations=1
[2026-10-06 06:12:23.508] [info] [candidate.cpp:199] InstancePrecompute: built 3 candidates
[2026-10-06 06:12:23.508] [info] [stationary.cpp:264] NN: cost=466.646383, feasible=true, active_stations=1
[2026-10-06 06:12:23.508] [info] [candidate.cpp:199] InstancePrecompute: built 3 candidates
[2026-10-06 06:12:23.508] [info] [stationary.cpp:264] NN: cost=4796.815347, feasible=true, active_stations=1
[2026-10-06 06:12:23.508] [info] [candidate.cpp:199] InstancePrecompute: built 3 candidates
[2026-10-06 06:12:23.508] [info] [stationary.cpp:264] NN: cost=4835.577083, feasible=true, active_stations=1
[2026-10-06 06:12:23.508] [info] [candidate.cpp:199] InstancePrecompute: built 3 candidates
[2026-10-06 06:12:23.508] [info] [stationary.cpp:264] NN: cost=867.160849, feasible=true, active_stations=1
[2026-10-06 06:12:23.508] [info] [candidate.cpp:199] InstancePrecompute: built 3 candidates
[2026-10-06 06:12:23.508] [info] [stationary.cpp:264] NN: cost=914.479843, feasible=true, active_stations=1
[2026-10-06 06:12:23.508] [info] [candidate.cpp:199] InstancePrecompute: built 3 candidates
[2026-10-06 06:12:23.508] [info] [stationary.cpp:264] NN: cost=7045.855547, feasible=true, active_stations=1
[2026-10-06 06:12:23.508] [info] [candidate.cpp:199] InstancePrecompute: built 3 candidates
[2026-10-06 06:12:23.508] [info] [stationary.cpp:264] NN: cost=588.161573, feasible=true, active_stations=1
[2026-10-06 06:12:23.508] [info] [candidate.cpp:199] InstancePrecompute: built 3 candidates
[2026-10-06 06:12:23.508] [info] [stationary.cpp:264] NN: cost=6014.040195, feasible=true, active_stations=1
[2026-10-06 06:12:23.508] [info] [candidate.cpp:199] InstancePrecompute: built 3 candidates
[2026-10-06 06:12:23.508] [info] [stationary.cpp:264] NN: cost=466.646383, feasible=true, active_stations=1
[2026-10-06 06:12:23.508] [info] [candidate.cpp:199] InstancePrecompute: built 3 candidates
[2026-10-06 06:12:23.508] [info] [stationary.cpp:264] NN: cost=4796.815347, feasible=true, active_stations=1
[2026-10-06 06:12:23.508] [info] [candidate.cpp:199] InstancePrecompute: built 3 candidates
[2026-10-06 06:12:23.508] [info] [stationary.cpp:264] NN: cost=4835.577083, feasible=true, active_stations=1
[2026-10-06 06:12:23.508] [info] [candidate.cpp:199] InstancePrecompute: built 3 candidates
[2026-10-06 06:12:23.508] [info] [stationary.cpp:264] NN: cost=867.160849, feasible=true, active_stations=1
[2026-10-06 06:12:23.508] [info] [candidate.cpp:199] InstancePrecompute: built 3 candidates
[2026-10-06 06:12:23.508] [info] [stationary.cpp:264] NN: cost=914.479843, feasible=true, active_stations=1
[2026-10-06 06:12:23.508] [info] [candidate.cpp:199] InstancePrecompute: built 3 candidates
[2026-10-06 06:12:23.508] [info] [stationary.cpp:264] NN: cost=7045.855547, feasible=true, active_stations=1
[2026-10-06 06:12:23.508] [info] [candidate.cpp:199] InstancePrecompute: built 3 candidates
[2026-10-06 06:12:23.508] [info] [stationary.cpp:264] NN: cost=588.161573, feasible=true, active_stations=1
[2026-10-06 06:12:23.508] [info] [candidate.cpp:199] InstancePrecompute: built 3 candidates
[2026-10-06 06:12:23.508] [info] [stationary.cpp:264] NN: cost=6014.040195, feasible=true, active_stations=1
[2026-10-06 06:12:23.508] [info] [candidate.cpp:199] InstancePrecompute: built 3 candidates
[2026-10-06 06:12:23.508] [info] [stationary.cpp:264] NN: cost=466.646383, feasible=true, active_stations=1
[2026-10-06 06:12:23.508] [info] [candidate.cpp:199] InstancePrecompute: built 3 candidates
[2026-10-06 06:12:23.508] [info] [stationary.cpp:264] NN: cost=4796.815347, feasible=true, active_stations=1
[2026-10-06 06:12:23.508] [info] [candidate.cpp:199] InstancePrecompute: built 3 candidates
[2026-10-06 06:12:23.508] [info] [stationary.cpp:264] NN: cost=4835.577083, feasible=true, active_stations=1
[2026-10-06 06:12:23.508] [info] [candidate.cpp:199] InstancePrecompute: built 3 candidates
[2026-10-06 06:12:23.508] [info] [stationary.cpp:264] NN: cost=867.160849, feasible=true, active_stations=1
[2026-10-06 06:12:23.508] [info] [candidate.cpp:199] InstancePrecompute: built 3 candidates
[2026-10-06 06:12:23.508] [info] [stationary.cpp:264] NN: cost=914.479843, feasible=true, active_stations=1
[2026-10-06 06:12:23.508] [info] [candidate.cpp:199] InstancePrecompute: built 3 candidates
[2026-10-06 06:12:23.508] [info] [stationary.cpp:264] NN: cost=7045.855547, feasible=true, active_stations=1
[2026-10-06 06:12:23.508] [info] [candidate.cpp:199] InstancePrecompute: built 3 candidates
[2026-10-06 06:12:23.508] [info] [stationary.cpp:264] NN: cost=588.161573, feasible=true, active_stations=1
[2026-10-06 06:12:23.508] [info] [candidate.cpp:199] InstancePrecompute: built 3 candidates
[2026-10-06 06:12:23.508] [info] [stationary.cpp:264] NN: cost=6014.040195, feasible=true, active_stations=1
[2026-10-06 06:12:23.508] [info] [candidate.cpp:199] InstancePrecompute: built 3 candidates
[2026-10-06 06:12:23.508] [info] [stationary.cpp:264] NN: cost=466.646383, feasible=true, active_stations=1
[2026-10-06 06:12:23.508] [info] [candidate.cpp:199] InstancePrecompute: built 3 candidates
[2026-10-06 06:12:23.508] [info] [stationary.cpp:264] NN: cost=4796.815347, feasible=true, active_stations=1
[2026-10-06 06:12:23.508] [info] [candidate.cpp:199] InstancePrecompute: built 3 candidates
[2026-10-06 06:12:23.508] [info] [stationary.cpp:264] NN: cost=4835.577083, feasible=true, active_stations=1
[2026-10-06 06:12:23.508] [info] [candidate.cpp:199] InstancePrecompute: built 3 candidates
[2026-10-06 06:12:23.508] [info] [stationary.cpp:264] NN: cost=867.160849, feasible=true, active_stations=1
[2026-10-06 06:12:23.508] [info] [candidate.cpp:199] InstancePrecompute: built 3 candidates
[2026-10-06 06:12:23.508] [info] [stationary.cpp:264] NN: cost=914.479843, feasible=true, active_stations=1
[2026-10-06 06:12:23.508] [info] [candidate.cpp:199] InstancePrecompute: built 3 candidates
[2026-10-06 06:12:23.508] [info] [stationary.cpp:264] NN: cost=7045.855547, feasible=true, active_stations=1
[2026-10-06 06:12:23.508] [info] [candidate.cpp:199] InstancePrecompute: built 3 candidates
[2026-10-06 06:12:23.508] [info] [stationary.cpp:264] NN: cost=588.161573, feasible=true, active_stations=1
[2026-10-06 06:12:23.508] [info] [candidate.cpp:199] InstancePrecompute: built 3 candidates
[2026-10-06 06:12:23.508] [info] [stationary.cpp:264] NN: cost=6014.040195, feasible=true, active_stations=1
[2026-10-06 06:12:23.508] [info] [candidate.cpp:199] InstancePrecompute: built 3 candidates
[2026-10-06 06:12:23.508] [info] [stationary.cpp:264] NN: cost=466.646383, feasible=true, active_stations=1
[2026-10-06 06:12:23.508] [info] [candidate.cpp:199] InstancePrecompute: built 3 candidates
[2026-10-06 06:12:23.508] [info] [stationary.cpp:264] NN: cost=4796.815347, feasible=true, active_stations=1
[2026-10-06 06:12:23.508] [info] [candidate.cpp:199] InstancePrecompute: built 3 candidates
[2026-10-06 06:12:23.508] [info] [stationary.cpp:264] NN: cost=4835.577083, feasible=true, active_stations=1
[2026-10-06 06:12:23.508] [info] [candidate.cpp:199] InstancePrecompute: built 3 candidates
[2026-10-06 06:12:23.508] [info] [stationary.cpp:264] NN: cost=867.160849, feasible=true, active_stations=1
[2026-10-06 06:12:23.508] [info] [candidate.cpp:199] InstancePrecompute: built 3 candidates
[2026-10-06 06:12:23.508] [info] [stationary.cpp:264] NN: cost=914.479843, feasible=true, active_stations=1
[2026-10-06 06:12:23.508] [info] [candidate.cpp:199] InstancePrecompute: built 3 candidates
[2026-10-06 06:12:23.508] [info] [stationary.cpp:264] NN: cost=7045.855547, feasible=true, active_stations=1
[2026-10-06 06:12:23.508] [info] [candidate.cpp:199] InstancePrecompute: built 3 candidates
[2026-10-06 06:12:23.508] [info] [stationary.cpp:264] NN: cost=588.161573, feasible=true, active_stations=1
[2026-10-06 06:12:23.508] [info] [candidate.cpp:199] InstancePrecompute: built 3 candidates
[2026-10-06 06:12:23.508] [info] [stationary.cpp:264] NN: cost=6014.040195, feasible=true, active_stations=1
[2026-10-06 06:12:23.508] [info] [candidate.cpp:199] InstancePrecompute: built 3 candidates
[2026-10-06 06:12:23.508] [info] [stationary.cpp:264] NN: cost=466.646383, feasible=true, active_stations=1
[2026-10-06 06:12:23.508] [info] [candidate.cpp:199] InstancePrecompute: built 3 candidates
[2026-10-06 06:12:23.508] [info] [stationary.cpp:264] NN: cost=4796.815347, feasible=true, active_stations=1
[2026-10-06 06:12:23.508] [info] [candidate.cpp:199] InstancePrecompute: built 3 candidates
[2026-10-06 06:12:23.508] [info] [stationary.cpp:264] NN: cost=4835.577083, feasible=true, active_stations=1
[2026-10-06 06:12:23.508] [info] [candidate.cpp:199] InstancePrecompute: built 3 candidates
[2026-10-06 06:12:23.508] [info] [stationary.cpp:264] NN: cost=867.160849, feasible=true, active_stations=1
[2026-10-06 06:12:23.508] [info] [candidate.cpp:199] InstancePrecompute: built 3 candidates
[2026-10-06 06:12:23.508] [info] [stationary.cpp:264] NN: cost=914.479843, feasible=true, active_stations=1
[2026-10-06 06:12:23.508] [info] [candidate.cpp:199] InstancePrecompute: built 3 candidates
[2026-10-06 06:12:23.508] [info] [stationary.cpp:264] NN: cost=7045.855547, feasible=true, active_stations=1
[2026-10-06 06:12:23.508] [info] [candidate.cpp:199] InstancePrecompute: built 3 candidates
[2026-10-06 06:12:23.508] [info] [stationary.cpp:264] NN: cost=588.161573, feasible=true, active_stations=1
[2026-10-06 06:12:23.508] [info] [candidate.cpp:199] InstancePrecompute: built 3 candidates
[2026-10-06 06:12:23.508] [info] [stationary.cpp:264] NN: cost=6014.040195, feasible=true, active_stations=1
[2026-10-06 06:12:23.508] [info] [candidate.cpp:199] InstancePrecompute: built 3 candidates
[2026-10-06 06:12:23.508] [info] [stationary.cpp:264] NN: cost=466.646383, feasible=true, active_stations=1
[2026-10-06 06:12:23.508] [info] [candidate.cpp:199] InstancePrecompute: built 3 candidates
[2026-10-06 06:12:23.508] [info] [stationary.cpp:264] NN: cost=4796.815347, feasible=true, active_stations=1
[2026-10-06 06:12:23.508] [info] [candidate.cpp:199] InstancePrecompute: built 3 candidates
[2026-10-06 06:12:23.508] [info] [stationary.cpp:264] NN: cost=4835.577083, feasible=true, active_stations=1
[2026-10-06 06:12:23.508] [info] [candidate.cpp:199] InstancePrecompute: built 3 candidates
[2026-10-06 06:12:23.508] [info] [stationary.cpp:264] NN: cost=867.160849, feasible=true, active_stations=1
[2026-10-06 06:12:23.508] [info] [candidate.cpp:199] InstancePrecompute: built 3 candidates
[2026-10-06 06:12:23.508] [info] [stationary.cpp:264] NN: cost=914.479843, feasible=true, active_stations=1
[2026-10-06 06:12:23.508] [info] [candidate.cpp:199] InstancePrecompute: built 3 candidates
[2026-10-06 06:12:23.508] [info] [stationary.cpp:264] NN: cost=7045.855547, feasible=true, active_stations=1
[2026-10-06 06:12:23.508] [info] [candidate.cpp:199] InstancePrecompute: built 3 candidates
[2026-10-06 06:12:23.508] [info] [stationary.cpp:264] NN: cost=588.161573, feasible=true, active_stations=1
[2026-10-06 06:12:23.508] [info] [candidate.cpp:199] InstancePrecompute: built 3 candidates
[2026-10-06 06:12:23.508] [info] [stationary.cpp:264] NN: cost=6014.040195, feasible=true, active_stations=1
[2026-10-06 06:12:23.508] [info] [candidate.cpp:199] InstancePrecompute: built 3 candidates
[2026-10-06 06:12:23.508] [info] [stationary.cpp:264] NN: cost=466.646383, feasible=true, active_stations=1
[2026-10-06 06:12:23.508] [info] [candidate.cpp:199] InstancePrecompute: built 3 candidates
[2026-10-06 06:12:23.508] [info] [stationary.cpp:264] NN: cost=4796.815347, feasible=true, active_stations=1
[2026-10-06 06:12:23.508] [info] [candidate.cpp:199] InstancePrecompute: built 3 candidates
[2026-10-06 06:12:23.508] [info] [stationary.cpp:264] NN: cost=4835.577083, feasible=true, active_stations=1
[2026-10-06 06:12:23.508] [info] [candidate.cpp:199] InstancePrecompute: built 3 candidates
[2026-10-06 06:12:23.508] [info] [stationary.cpp:264] NN: cost=867.160849, feasible=true, active_stations=1
[2026-10-06 06:12:23.508] [info] [candidate.cpp:199] InstancePrecompute: built 3 candidates
[2026-10-06 06:12:23.508] [info] [stationary.cpp:264] NN: cost=914.479843, feasible=true, active_stations=1
[2026-10-06 06:12:23.508] [info] [candidate.cpp:199] InstancePrecompute: built 3 candidates
[2026-10-06 06:12:23.508] [info] [stationary.cpp:264] NN: cost=7045.855547, feasible=true, active_stations=1
[2026-10-06 06:12:23.508] [info] [candidate.cpp:199] InstancePrecompute: built 3 candidates
[2026-10-06 06:12:23.508] [info] [stationary.cpp:264] NN: cost=588.161573, feasible=true, active_stations=1
[2026-10-06 06:12:23.508] [info] [candidate.cpp:199] InstancePrecompute: built 3 candidates
[2026-10-06 06:12:23.508] [info] [stationary.cpp:264] NN: cost=6014.040195, feasible=true, active_stations=1
[2026-10-06 06:12:23.508] [info] [candidate.cpp:199] InstancePrecompute: built 3 candidates
[2026-10-06 06:12:23.508] [info] [stationary.cpp:264] NN: cost=466.646383, feasible=true, active_stations=1
[2026-10-06 06:12:23.508] [info] [candidate.cpp:199] InstancePrecompute: built 3 candidates
[2026-10-06 06:12:23.508] [info] [stationary.cpp:264] NN: cost=4796.815347, feasible=true, active_stations=1
[2026-10-06 06:12:23.508] [info] [candidate.cpp:199] InstancePrecompute: built 3 candidates
[2026-10-06 06:12:23.508] [info] [stationary.cpp:264] NN: cost=4835.577083, feasible=true, active_stations=1
[2026-10-06 06:12:23.508] [info] [candidate.cpp:199] InstancePrecompute: built 3 candidates
[2026-10-06 06:12:23.508] [info] [stationary.cpp:264] NN: cost=867.160849, feasible=true, active_stations=1
[2026-10-06 06:12:23.508] [info] [candidate.cpp:199] InstancePrecompute: built 3 candidates
[2026-10-06 06:12:23.508] [info] [stationary.cpp:264] NN: cost=914.479843, feasible=true, active_stations=1
[2026-10-06 06:12:23.508] [info] [candidate.cpp:199] InstancePrecompute: built 3 candidates
[2026-10-06 06:12:23.508] [info] [stationary.cpp:264] NN: cost=7045.855547, feasible=true, active_stations=1
[2026-10-06 06:12:23.508] [info] [candidate.cpp:199] InstancePrecompute: built 3 candidates
[2026-10-06 06:12:23.508] [info] [stationary.cpp:264] NN: cost=588.161573, feasible=true, active_stations=1
[2026-10-06 06:12:23.508] [info] [candidate.cpp:199] InstancePrecompute: built 3 candidates
[2026-10-06 06:12:23.508] [info] [stationary.cpp:264] NN: cost=6014.040195, feasible=true, active_stations=1
[2026-10-06 06:12:23.508] [info] [candidate.cpp:199] InstancePrecompute: built 3 candidates
[2026-10-06 06:12:23.508] [info] [stationary.cpp:264] NN: cost=466.646383, feasible=true, active_stations=1
[2026-10-06 06:12:23.508] [info] [candidate.cpp:199] InstancePrecompute: built 3 candidates
[2026-10-06 06:12:23.508] [info] [stationary.cpp:264] NN: cost=4796.815347, feasible=true, active_stations=1
[2026-10-06 06:12:23.508] [info] [candidate.cpp:199] InstancePrecompute: built 3 candidates
[2026-10-06 06:12:23.508] [info] [stationary.cpp:264] NN: cost=4835.577083, feasible=true, active_stations=1
[2026-10-06 06:12:23.508] [info] [candidate.cpp:199] InstancePrecompute: built 3 candidates
[2026-10-06 06:12:23.508] [info] [stationary.cpp:264] NN: cost=867.160849, feasible=true, active_stations=1
[2026-10-06 06:12:23.508] [info] [candidate.cpp:199] InstancePrecompute: built 3 candidates
[2026-10-06 06:12:23.508] [info] [stationary.cpp:264] NN: cost=914.479843, feasible=true, active_stations=1
[2026-10-06 06:12:23.508] [info] [candidate.cpp:199] InstancePrecompute: built 3 candidates
[2026-10-06 06:12:23.508] [info] [stationary.cpp:264] NN: cost=7045.855547, feasible=true, active_stations=1
[2026-10-06 06:12:23.508] [info] [candidate.cpp:199] InstancePrecompute: built 3 candidates
[2026-10-06 06:12:23.508] [info] [stationary.cpp:264] NN: cost=588.161573, feasible=true, active_stations=1
[2026-10-06 06:12:23.508] [info] [candidate.cpp:199] InstancePrecompute: built 3 candidates
[2026-10-06 06:12:23.508] [info] [stationary.cpp:264] NN: cost=6014.040195, feasible=true, active_stations=1
[2026-10-06 06:12:23.508] [info] [candidate.cpp:199] InstancePrecompute: built 3 candidates
[2026-10-06 06:12:23.508] [info] [stationary.cpp:264] NN: cost=466.646383, feasible=true, active_stations=1
[2026-10-06 06:12:23.508] [info] [candidate.cpp:199] InstancePrecompute: built 3 candidates
[2026-10-06 06:12:23.508] [info] [stationary.cpp:264] NN: cost=4796.815347, feasible=true, active_stations=1
[2026-10-06 06:12:23.508] [info] [candidate.cpp:199] InstancePrecompute: built 3 candidates
[2026-10-06 06:12:23.508] [info] [stationary.cpp:264] NN: cost=4835.577083, feasible=true, active_stations=1
[2026-10-06 06:12:23.508] [info] [candidate.cpp:199] InstancePrecompute: built 3 candidates
[2026-10-06 06:12:23.508] [info] [stationary.cpp:264] NN: cost=867.160849, feasible=true, active_stations=1
[2026-10-06 06:12:23.508] [info] [candidate.cpp:199] InstancePrecompute: built 3 candidates
[2026-10-06 06:12:23.508] [info] [stationary.cpp:264] NN: cost=914.479843, feasible=true, active_stations=1
[2026-10-06 06:12:23.508] [info] [candidate.cpp:199] InstancePrecompute: built 3 candidates
[2026-10-06 06:12:23.508] [info] [stationary.cpp:264] NN: cost=7045.855547, feasible=true, active_stations=1
[2026-10-06 06:12:23.508] [info] [candidate.cpp:199] InstancePrecompute: built 3 candidates
[2026-10-06 06:12:23.508] [info] [stationary.cpp:264] NN: cost=588.161573, feasible=true, active_stations=1
[2026-10-06 06:12:23.508] [info] [candidate.cpp:199] InstancePrecompute: built 3 candidates
[2026-10-06 06:12:23.508] [info] [stationary.cpp:264] NN: cost=6014.040195, feasible=true, active_stations=1
[2026-10-06 06:12:23.508] [info] [candidate.cpp:199] InstancePrecompute: built 3 candidates
[2026-10-06 06:12:23.508] [info] [stationary.cpp:264] NN: cost=466.646383, feasible=true, active_stations=1
[2026-10-06 06:12:23.508] [info] [candidate.cpp:199] InstancePrecompute: built 3 candidates
[2026-10-06 06:12:23.508] [info] [stationary.cpp:264] NN: cost=4796.815347, feasible=true, active_stations=1
[2026-10-06 06:12:23.508] [info] [candidate.cpp:199] InstancePrecompute: built 3 candidates
[2026-10-06 06:12:23.508] [info] [stationary.cpp:264] NN: cost=4835.577083, feasible=true, active_stations=1
[2026-10-06 06:12:23.508] [info] [candidate.cpp:199] InstancePrecompute: built 3 candidates
[2026-10-06 06:12:23.508] [info] [stationary.cpp:264] NN: cost=867.160849, feasible=true, active_stations=1
[2026-10-06 06:12:23.508] [info] [candidate.cpp:199] InstancePrecompute: built 3 candidates
[2026-10-06 06:12:23.508] [info] [stationary.cpp:264] NN: cost=914.479843, feasible=true, active_stations=1
[2026-10-06 06:12:23.508] [info] [candidate.cpp:199] InstancePrecompute: built 3 candidates
[2026-10-06 06:12:23.508] [info] [stationary.cpp:264] NN: cost=7045.855547, feasible=true, active_stations=1
[2026-10-06 06:12:23.508] [info] [candidate.cpp:199] InstancePrecompute: built 3 candidates
[2026-10-06 06:12:23.508] [info] [stationary.cpp:264] NN: cost=588.161573, feasible=true, active_stations=1
[2026-10-06 06:12:23.508] [info] [candidate.cpp:199] InstancePrecompute: built 3 candidates
[2026-10-06 06:12:23.508] [info] [stationary.cpp:264] NN: cost=6014.040195, feasible=true, active_stations=1
[2026-10-06 06:12:23.508] [info] [candidate.cpp:199] InstancePrecompute: built 3 candidates
[2026-10-06 06:12:23.508] [info] [stationary.cpp:264] NN: cost=466.646383, feasible=true, active_stations=1
[2026-10-06 06:12:23.508] [info] [candidate.cpp:199] InstancePrecompute: built 3 candidates
[2026-10-06 06:12:23.508] [info] [stationary.cpp:264] NN: cost=4796.815347, feasible=true, active_stations=1
[2026-10-06 06:12:23.508] [info] [candidate.cpp:199] InstancePrecompute: built 3 candidates
[2026-10-06 06:12:23.508] [info] [stationary.cpp:264] NN: cost=4835.577083, feasible=true, active_stations=1
[2026-10-06 06:12:23.508] [info] [candidate.cpp:199] InstancePrecompute: built 3 candidates
[2026-10-06 06:12:23.508] [info] [stationary.cpp:264] NN: cost=867.160849, feasible=true, active_stations=1
[2026-10-06 06:12:23.508] [info] [candidate.cpp:199] InstancePrecompute: built 3 candidates
[2026-10-06 06:12:23.508] [info] [stationary.cpp:264] NN: cost=914.479843, feasible=true, active_stations=1
[2026-10-06 06:12:23.508] [info] [candidate.cpp:199] InstancePrecompute: built 3 candidates
[2026-10-06 06:12:23.508] [info] [stationary.cpp:264] NN: cost=7045.855547, feasible=true, active_stations=1
[2026-10-06 06:12:23.508] [info] [candidate.cpp:199] InstancePrecompute: built 3 candidates
[2026-10-06 06:12:23.508] [info] [stationary.cpp:264] NN: cost=588.161573, feasible=true, active_stations=1
[2026-10-06 06:12:23.508] [info] [candidate.cpp:199] InstancePrecompute: built 3 candidates
[2026-10-06 06:12:23.508] [info] [stationary.cpp:264] NN: cost=6014.040195, feasible=true, active_stations=1
[2026-10-06 06:12:23.508] [info] [candidate.cpp:199] InstancePrecompute: built 3 candidates
[2026-10-06 06:12:23.508] [info] [stationary.cpp:264] NN: cost=466.646383, feasible=true, active_stations=1
[2026-10-06 06:12:23.508] [info] [candidate.cpp:199] InstancePrecompute: built 3 candidates
[2026-10-06 06:12:23.508] [info] [stationary.cpp:264] NN: cost=4796.815347, feasible=true, active_stations=1
[2026-10-06 06:12:23.508] [info] [candidate.cpp:199] InstancePrecompute: built 3 candidates
[2026-10-06 06:12:23.508] [info] [stationary.cpp:264] NN: cost=4835.577083, feasible=true, active_stations=1
[2026-10-06 06:12:23.508] [info] [candidate.cpp:199] InstancePrecompute: built 3 candidates
[2026-10-06 06:12:23.508] [info] [stationary.cpp:264] NN: cost=867.160849, feasible=true, active_stations=1
[2026-10-06 06:12:23.508] [info] [candidate.cpp:199] InstancePrecompute: built 3 candidates
[2026-10-06 06:12:23.508] [info] [stationary.cpp:264] NN: cost=914.479843, feasible=true, active_stations=1
[2026-10-06 06:12:23.508] [info] [candidate.cpp:199] InstancePrecompute: built 3 candidates
[2026-10-06 06:12:23.508] [info] [stationary.cpp:264] NN: cost=7045.855547, feasible=true, active_stations=1
[2026-10-06 06:12:23.508] [info] [candidate.cpp:199] InstancePrecompute: built 3 candidates
[2026-10-06 06:12:23.508] [info] [stationary.cpp:264] NN: cost=588.161573, feasible=true, active_stations=1
[2026-10-06 06:12:23.508] [info] [candidate.cpp:199] InstancePrecompute: built 3 candidates
[2026-10-06 06:12:23.508] [info] [stationary.cpp:264] NN: cost=6014.040195, feasible=true, active_stations=1
[2026-10-06 06:12:23.508] [info] [candidate.cpp:199] InstancePrecompute: built 3 candidates
[2026-10-06 06:12:23.508] [info] [stationary.cpp:264] NN: cost=466.646383, feasible=true, active_stations=1
[2026-10-06 06:12:23.508] [info] [candidate.cpp:199] InstancePrecompute: built 3 candidates
[2026-10-06 06:12:23.508] [info] [stationary.cpp:264] NN: cost=4796.815347, feasible=true, active_stations=1
[2026-10-06 06:12:23.508] [info] [candidate.cpp:199] InstancePrecompute: built 3 candidates
[2026-10-06 06:12:23.508] [info] [stationary.cpp:264] NN: cost=4835.577083, feasible=true, active_stations=1
[2026-10-06 06:12:23.508] [info] [candidate.cpp:199] InstancePrecompute: built 3 candidates
[2026-10-06 06:12:23.508] [info] [stationary.cpp:264] NN: cost=867.160849, feasible=true, active_stations=1
[2026-10-06 06:12:23.508] [info] [candidate.cpp:199] InstancePrecompute: built 3 candidates
[2026-10-06 06:12:23.508] [info] [stationary.cpp:264] NN: cost=914.479843, feasible=true, active_stations=1
[2026-10-06 06:12:23.508] [info] [candidate.cpp:199] InstancePrecompute: built 3 candidates
[2026-10-06 06:12:23.508] [info] [stationary.cpp:264] NN: cost=7045.855547, feasible=true, active_stations=1
[2026-10-06 06:12:23.508] [info] [candidate.cpp:199] InstancePrecompute: built 3 candidates
[2026-10-06 06:12:23.508] [info] [stationary.cpp:264] NN: cost=588.161573, feasible=true, active_stations=1
[2026-10-06 06:12:23.508] [info] [candidate.cpp:199] InstancePrecompute: built 3 candidates
[2026-10-06 06:12:23.508] [info] [stationary.cpp:264] NN: cost=6014.040195, feasible=true, active_stations=1
[2026-10-06 06:12:23.508] [info] [candidate.cpp:199] InstancePrecompute: built 3 candidates
[2026-10-06 06:12:23.508] [info] [stationary.cpp:264] NN: cost=466.646383, feasible=true, active_stations=1
[2026-10-06 06:12:23.508] [info] [candidate.cpp:199] InstancePrecompute: built 3 candidates
[2026-10-06 06:12:23.508] [info] [stationary.cpp:264] NN: cost=4796.815347, feasible=true, active_stations=1
[2026-10-06 06:12:23.508] [info] [candidate.cpp:199] InstancePrecompute: built 3 candidates
[2026-10-06 06:12:23.508] [info] [stationary.cpp:264] NN: cost=4835.577083, feasible=true, active_stations=1
[2026-10-06 06:12:23.508] [info] [candidate.cpp:199] InstancePrecompute: built 3 candidates
[2026-10-06 06:12:23.508] [info] [stationary.cpp:264] NN: cost=867.160849, feasible=true, active_stations=1
[2026-10-06 06:12:23.508] [info] [candidate.cpp:199] InstancePrecompute: built 3 candidates
[2026-10-06 06:12:23.508] [info] [stationary.cpp:264] NN: cost=914.479843, feasible=true, active_stations=1
[2026-10-06 06:12:23.508] [info] [candidate.cpp:199] InstancePrecompute: built 3 candidates
[2026-10-06 06:12:23.508] [info] [stationary.cpp:264] NN: cost=7045.855547, feasible=true, active_stations=1
[2026-10-06 06:12:23.508] [info] [candidate.cpp:199] InstancePrecompute: built 3 candidates
[2026-10-06 06:12:23.508] [info] [stationary.cpp:264] NN: cost=588.161573, feasible=true, active_stations=1
[2026-10-06 06:12:23.508] [info] [candidate.cpp:199] InstancePrecompute: built 3 candidates
[2026-10-06 06:12:23.508] [info] [stationary.cpp:264] NN: cost=6014.040195, feasible=true, active_stations=1
[2026-10-06 06:12:23.508] [info] [candidate.cpp:199] InstancePrecompute: built 3 candidates
[2026-10-06 06:12:23.508] [info] [stationary.cpp:264] NN: cost=466.646383, feasible=true, active_stations=1
[2026-10-06 06:12:23.508] [info] [candidate.cpp:199] InstancePrecompute: built 3 candidates
[2026-10-06 06:12:23.508] [info] [stationary.cpp:264] NN: cost=4796.815347, feasible=true, active_stations=1
[2026-10-06 06:12:23.508] [info] [candidate.cpp:199] InstancePrecompute: built 3 candidates
[2026-10-06 06:12:23.508] [info] [stationary.cpp:264] NN: cost=4835.577083, feasible=true, active_stations=1
[2026-10-06 06:12:23.508] [info] [candidate.cpp:199] InstancePrecompute: built 3 candidates
[2026-10-06 06:12:23.508] [info] [stationary.cpp:264] NN: cost=867.160849, feasible=true, active_stations=1
[2026-10-06 06:12:23.508] [info] [candidate.cpp:199] InstancePrecompute: built 3 candidates
[2026-10-06 06:12:23.508] [info] [stationary.cpp:264] NN: cost=914.479843, feasible=true, active_stations=1
[2026-10-06 06:12:23.508] [info] [candidate.cpp:199] InstancePrecompute: built 3 candidates
[2026-10-06 06:12:23.508] [info] [stationary.cpp:264] NN: cost=7045.855547, feasible=true, active_stations=1
[2026-10-06 06:12:23.508] [info] [candidate.cpp:199] InstancePrecompute: built 3 candidates
[2026-10-06 06:12:23.508] [info] [stationary.cpp:264] NN: cost=588.161573, feasible=true, active_stations=1
[2026-10-06 06:12:23.508] [info] [candidate.cpp:199] InstancePrecompute: built 3 candidates
[2026-10-06 06:12:23.508] [info] [stationary.cpp:264] NN: cost=6014.040195, feasible=true, active_stations=1
[2026-10-06 06:12:23.508] [info] [candidate.cpp:199] InstancePrecompute: built 3 candidates
[2026-10-06 06:12:23.508] [info] [stationary.cpp:264] NN: cost=466.646383, feasible=true, active_stations=1
[2026-10-06 06:12:23.508] [info] [candidate.cpp:199] InstancePrecompute: built 3 candidates
[2026-10-06 06:12:23.508] [info] [stationary.cpp:264] NN: cost=4796.815347, feasible=true, active_stations=1
[2026-10-06 06:12:23.508] [info] [candidate.cpp:199] InstancePrecompute: built 3 candidates
[2026-10-06 06:12:23.508] [info] [stationary.cpp:264] NN: cost=4835.577083, feasible=true, active_stations=1
[2026-10-06 06:12:23.508] [info] [candidate.cpp:199] InstancePrecompute: built 3 candidates
[2026-10-06 06:12:23.508] [info] [stationary.cpp:264] NN: cost=867.160849, feasible=true, active_stations=1
[2026-10-06 06:12:23.508] [info] [candidate.cpp:199] InstancePrecompute: built 3 candidates
[2026-10-06 06:12:23.508] [info] [stationary.cpp:264] NN: cost=914.479843, feasible=true, active_stations=1
[2026-10-06 06:12:23.508] [info] [candidate.cpp:199] InstancePrecompute: built 3 candidates
[2026-10-06 06:12:23.508] [info] [stationary.cpp:264] NN: cost=7045.855547, feasible=true, active_stations=1
[2026-10-06 06:12:23.508] [info] [candidate.cpp:199] InstancePrecompute: built 3 candidates
[2026-10-06 06:12:23.508] [info] [stationary.cpp:264] NN: cost=588.161573, feasible=true, active_stations=1
[2026-10-06 06:12:23.508] [info] [candidate.cpp:199] InstancePrecompute: built 3 candidates
[2026-10-06 06:12:23.508] [info] [stationary.cpp:264] NN: cost=6014.040195, feasible=true, active_stations=1
[2026-10-06 06:12:23.508] [info] [candidate.cpp:199] InstancePrecompute: built 3 candidates
[2026-10-06 06:12:23.508] [info] [stationary.cpp:264] NN: cost=466.646383, feasible=true, active_stations=1
[2026-10-06 06:12:23.508] [info] [candidate.cpp:199] InstancePrecompute: built 3 candidates
[2026-10-06 06:12:23.508] [info] [stationary.cpp:264] NN: cost=4796.815347, feasible=true, active_stations=1
[2026-10-06 06:12:23.508] [info] [candidate.cpp:199] InstancePrecompute: built 3 candidates
[2026-10-06 06:12:23.508] [info] [stationary.cpp:264] NN: cost=4835.577083, feasible=true, active_stations=1
[2026-10-06 06:12:23.508] [info] [candidate.cpp:199] InstancePrecompute: built 3 candidates
[2026-10-06 06:12:23.508] [info] [stationary.cpp:264] NN: cost=867.160849, feasible=true, active_stations=1
[2026-10-06 06:12:23.508] [info] [candidate.cpp:199] InstancePrecompute: built 3 candidates
[2026-10-06 06:12:23.508] [info] [stationary.cpp:264] NN: cost=914.479843, feasible=true, active_stations=1
[2026-10-06 06:12:23.508] [info] [candidate.cpp:199] InstancePrecompute: built 3 candidates
[2026-10-06 06:12:23.508] [info] [stationary.cpp:264] NN: cost=7045.855547, feasible=true, active_stations=1
[2026-10-06 06:12:23.508] [info] [candidate.cpp:199] InstancePrecompute: built 3 candidates
[2026-10-06 06:12:23.508] [info] [stationary.cpp:264] NN: cost=588.161573, feasible=true, active_stations=1
[2026-10-06 06:12:23.508] [info] [candidate.cpp:199] InstancePrecompute: built 3 candidates
[2026-10-06 06:12:23.508] [info] [stationary.cpp:264] NN: cost=6014.040195, feasible=true, active_stations=1
[2026-10-06 06:12:23.508] [info] [candidate.cpp:199] InstancePrecompute: built 3 candidates
[2026-10-06 06:12:23.508] [info] [stationary.cpp:264] NN: cost=466.646383, feasible=true, active_stations=1
[2026-10-06 06:12:23.508] [info] [candidate.cpp:199] InstancePrecompute: built 3 candidates
[2026-10-06 06:12:23.508] [info] [stationary.cpp:264] NN: cost=4796.815347, feasible=true, active_stations=1
[2026-10-06 06:12:23.508] [info] [candidate.cpp:199] InstancePrecompute: built 3 candidates
[2026-10-06 06:12:23.508] [info] [stationary.cpp:264] NN: cost=4835.577083, feasible=true, active_stations=1
[2026-10-06 06:12:23.508] [info] [candidate.cpp:199] InstancePrecompute: built 3 candidates
[2026-10-06 06:12:23.508] [info] [stationary.cpp:264] NN: cost=867.160849, feasible=true, active_stations=1
[2026-10-06 06:12:23.508] [info] [candidate.cpp:199] InstancePrecompute: built 3 candidates
[2026-10-06 06:12:23.508] [info] [stationary.cpp:264] NN: cost=914.479843, feasible=true, active_stations=1
[2026-10-06 06:12:23.508] [info] [candidate.cpp:199] InstancePrecompute: built 3 candidates
[2026-10-06 06:12:23.508] [info] [stationary.cpp:264] NN: cost=588.161573, feasible=true, active_stations=1
[2026-10-06 06:12:23.508] [info] [candidate.cpp:199] InstancePrecompute: built 3 candidates
[2026-10-06 06:12:23.508] [info] [stationary.cpp:264] NN: cost=6014.040195, feasible=true, active_stations=1
[2026-10-06 06:12:23.508] [info] [candidate.cpp:199] InstancePrecompute: built 3 candidates
[2026-10-06 06:12:23.508] [info] [stationary.cpp:264] NN: cost=7045.855547, feasible=true, active_stations=1
[2026-10-06 06:12:23.508] [info] [candidate.cpp:199] InstancePrecompute: built 3 candidates
[2026-10-06 06:12:23.508] [info] [stationary.cpp:264] NN: cost=466.646383, feasible=true, active_stations=1
[2026-10-06 06:12:23.508] [info] [candidate.cpp:199] InstancePrecompute: built 3 candidates
[2026-10-06 06:12:23.508] [info] [stationary.cpp:264] NN: cost=4796.815347, feasible=true, active_stations=1
[2026-10-06 06:12:23.508] [info] [candidate.cpp:199] InstancePrecompute: built 3 candidates
[2026-10-06 06:12:23.508] [info] [stationary.cpp:264] NN: cost=4835.577083, feasible=true, active_stations=1
[2026-10-06 06:12:23.508] [info] [candidate.cpp:199] InstancePrecompute: built 3 candidates
[2026-10-06 06:12:23.508] [info] [stationary.cpp:264] NN: cost=867.160849, feasible=true, active_stations=1
[2026-10-06 06:12:23.508] [info] [candidate.cpp:199] InstancePrecompute: built 3 candidates
[2026-10-06 06:12:23.508] [info] [stationary.cpp:264] NN: cost=914.479843, feasible=true, active_stations=1
[2026-10-06 06:12:23.508] [info] [candidate.cpp:199] InstancePrecompute: built 3 candidates
[2026-10-06 06:12:23.508] [info] [stationary.cpp:264] NN: cost=588.161573, feasible=true, active_stations=1
[2026-10-06 06:12:23.508] [info] [candidate.cpp:199] InstancePrecompute: built 3 candidates
[2026-10-06 06:12:23.508] [info] [stationary.cpp:264] NN: cost=6014.040195, feasible=true, active_stations=1
[2026-10-06 06:12:23.508] [info] [candidate.cpp:199] InstancePrecompute: built 3 candidates
[2026-10-06 06:12:23.508] [info] [stationary.cpp:264] NN: cost=7045.855547, feasible=true, active_stations=1
[2026-10-06 06:12:23.508] [info] [candidate.cpp:199] InstancePrecompute: built 3 candidates
[2026-10-06 06:12:23.508] [info] [stationary.cpp:264] NN: cost=466.646383, feasible=true, active_stations=1
[2026-10-06 06:12:23.508] [info] [candidate.cpp:199] InstancePrecompute: built 3 candidates
[2026-10-06 06:12:23.508] [info] [stationary.cpp:264] NN: cost=4796.815347, feasible=true, active_stations=1
[2026-10-06 06:12:23.508] [info] [candidate.cpp:199] InstancePrecompute: built 3 candidates
[2026-10-06 06:12:23.508] [info] [stationary.cpp:264] NN: cost=4835.577083, feasible=true, active_stations=1
[2026-10-06 06:12:23.508] [info] [candidate.cpp:199] InstancePrecompute: built 3 candidates
[2026-10-06 06:12:23.508] [info] [stationary.cpp:264] NN: cost=867.160849, feasible=true, active_stations=1
[2026-10-06 06:12:23.508] [info] [candidate.cpp:199] InstancePrecompute: built 3 candidates
[2026-10-06 06:12:23.508] [info] [stationary.cpp:264] NN: cost=914.479843, feasible=true, active_stations=1
[2026-10-06 06:12:23.508] [info] [candidate.cpp:199] InstancePrecompute: built 3 candidates
[2026-10-06 06:12:23.508] [info] [stationary.cpp:264] NN: cost=588.161573, feasible=true, active_stations=1
[2026-10-06 06:12:23.508] [info] [candidate.cpp:199] InstancePrecompute: built 3 candidates
[2026-10-06 06:12:23.508] [info] [stationary.cpp:264] NN: cost=6014.040195, feasible=true, active_stations=1
[2026-10-06 06:12:23.508] [info] [candidate.cpp:199] InstancePrecompute: built 3 candidates
[2026-10-06 06:12:23.508] [info] [stationary.cpp:264] NN: cost=7045.855547, feasible=true, active_stations=1
[2026-10-06 06:12:23.508] [info] [candidate.cpp:199] InstancePrecompute: built 3 candidates
[2026-10-06 06:12:23.508] [info] [stationary.cpp:264] NN: cost=466.646383, feasible=true, active_stations=1
[2026-10-06 06:12:23.508] [info] [candidate.cpp:199] InstancePrecompute: built 3 candidates
[2026-10-06 06:12:23.508] [info] [stationary.cpp:264] NN: cost=4796.815347, feasible=true, active_stations=1
[2026-10-06 06:12:23.508] [info] [candidate.cpp:199] InstancePrecompute: built 3 candidates
[2026-10-06 06:12:23.508] [info] [stationary.cpp:264] NN: cost=4835.577083, feasible=true, active_stations=1
[2026-10-06 06:12:23.508] [info] [candidate.cpp:199] InstancePrecompute: built 3 candidates
[2026-10-06 06:12:23.508] [info] [stationary.cpp:264] NN: cost=867.160849, feasible=true, active_stations=1
[2026-10-06 06:12:23.508] [info] [candidate.cpp:199] InstancePrecompute: built 3 candidates
[2026-10-06 06:12:23.508] [info] [stationary.cpp:264] NN: cost=914.479843, feasible=true, active_stations=1
[2026-10-06 06:12:23.508] [info] [candidate.cpp:199] InstancePrecompute: built 3 candidates
[2026-10-06 06:12:23.508] [info] [stationary.cpp:264] NN: cost=588.161573, feasible=true, active_stations=1
[2026-10-06 06:12:23.508] [info] [candidate.cpp:199] InstancePrecompute: built 3 candidates
[2026-10-06 06:12:23.508] [info] [stationary.cpp:264] NN: cost=6014.040195, feasible=true, active_stations=1
[2026-10-06 06:12:23.508] [info] [candidate.cpp:199] InstancePrecompute: built 3 candidates
[2026-10-06 06:12:23.508] [info] [stationary.cpp:264] NN: cost=7045.855547, feasible=true, active_stations=1
[2026-10-06 06:12:23.508] [info] [candidate.cpp:199] InstancePrecompute: built 3 candidates
[2026-10-06 06:12:23.508] [info] [stationary.cpp:264] NN: cost=466.646383, feasible=true, active_stations=1
[2026-10-06 06:12:23.508] [info] [candidate.cpp:199] InstancePrecompute: built 3 candidates
[2026-10-06 06:12:23.508] [info] [stationary.cpp:264] NN: cost=4796.815347, feasible=true, active_stations=1
[2026-10-06 06:12:23.508] [info] [candidate.cpp:199] InstancePrecompute: built 3 candidates
[2026-10-06 06:12:23.508] [info] [stationary.cpp:264] NN: cost=4835.577083, feasible=true, active_stations=1
[2026-10-06 06:12:23.508] [info] [candidate.cpp:199] InstancePrecompute: built 3 candidates
[2026-10-06 06:12:23.508] [info] [stationary.cpp:264] NN: cost=867.160849, feasible=true, active_stations=1
[2026-10-06 06:12:23.508] [info] [candidate.cpp:199] InstancePrecompute: built 3 candidates
[2026-10-06 06:12:23.508] [info] [stationary.cpp:264] NN: cost=914.479843, feasible=true, active_stations=1
[2026-10-06 06:12:23.508] [info] [candidate.cpp:199] InstancePrecompute: built 3 candidates
[2026-10-06 06:12:23.508] [info] [stationary.cpp:264] NN: cost=588.161573, feasible=true, active_stations=1
[2026-10-06 06:12:23.508] [info] [candidate.cpp:199] InstancePrecompute: built 6 candidates
[2026-10-06 06:12:23.508] [info] [stationary.cpp:264] NN: cost=7045.855547, feasible=true, active_stations=1
[2026-10-06 06:12:23.508] [info] [candidate.cpp:199] InstancePrecompute: built 3 candidates
[2026-10-06 06:12:23.508] [info] [stationary.cpp:264] NN: cost=466.646383, feasible=true, active_stations=1
[2026-10-06 06:12:23.508] [info] [candidate.cpp:199] InstancePrecompute: built 3 candidates
[2026-10-06 06:12:23.508] [info] [stationary.cpp:264] NN: cost=4796.815347, feasible=true, active_stations=1
[2026-10-06 06:12:23.508] [info] [candidate.cpp:199] InstancePrecompute: built 3 candidates
[2026-10-06 06:12:23.508] [info] [stationary.cpp:264] NN: cost=4835.577083, feasible=true, active_stations=1
[2026-10-06 06:12:23.508] [info] [candidate.cpp:199] InstancePrecompute: built 3 candidates
[2026-10-06 06:12:23.508] [info] [stationary.cpp:264] NN: cost=867.160849, feasible=true, active_stations=1
[2026-10-06 06:12:23.508] [info] [candidate.cpp:199] InstancePrecompute: built 3 candidates
[2026-10-06 06:12:23.508] [info] [stationary.cpp:264] NN: cost=914.479843, feasible=true, active_stations=1
[2026-10-06 06:12:23.508] [info] [candidate.cpp:199] InstancePrecompute: built 3 candidates
[2026-10-06 06:12:23.508] [info] [stationary.cpp:264] NN: cost=588.161573, feasible=true, active_stations=1
[2026-10-06 06:12:23.508] [info] [candidate.cpp:199] InstancePrecompute: built 6 candidates
[2026-10-06 06:12:23.508] [info] [stationary.cpp:264] NN: cost=7045.855547, feasible=true, active_stations=1
[2026-10-06 06:12:23.508] [info] [candidate.cpp:199] InstancePrecompute: built 3 candidates
[2026-10-06 06:12:23.508] [info] [stationary.cpp:264] NN: cost=466.646383, feasible=true, active_stations=1
[2026-10-06 06:12:23.508] [info] [candidate.cpp:199] InstancePrecompute: built 3 candidates
[2026-10-06 06:12:23.508] [info] [stationary.cpp:264] NN: cost=4796.815347, feasible=true, active_stations=1
[2026-10-06 06:12:23.508] [info] [candidate.cpp:199] InstancePrecompute: built 3 candidates
[2026-10-06 06:12:23.508] [info] [stationary.cpp:264] NN: cost=4835.577083, feasible=true, active_stations=1
[2026-10-06 06:12:23.508] [info] [candidate.cpp:199] InstancePrecompute: built 3 candidates
[2026-10-06 06:12:23.508] [info] [stationary.cpp:264] NN: cost=867.160849, feasible=true, active_stations=1
[2026-10-06 06:12:23.508] [info] [candidate.cpp:199] InstancePrecompute: built 3 candidates
[2026-10-06 06:12:23.508] [info] [stationary.cpp:264] NN: cost=914.479843, feasible=true, active_stations=1
[2026-10-06 06:12:23.508] [info] [candidate.cpp:199] InstancePrecompute: built 3 candidates
[2026-10-06 06:12:23.508] [info] [stationary.cpp:264] NN: cost=588.161573, feasible=true, active_stations=1
[2026-10-06 06:12:23.508] [info] [candidate.cpp:199] InstancePrecompute: built 6 candidates
[2026-10-06 06:12:23.508] [info] [stationary.cpp:264] NN: cost=7045.855547, feasible=true, active_stations=1
[2026-10-06 06:12:23.508] [info] [candidate.cpp:199] InstancePrecompute: built 3 candidates
[2026-10-06 06:12:23.508] [info] [stationary.cpp:264] NN: cost=466.646383, feasible=true, active_stations=1
[2026-10-06 06:12:23.508] [info] [candidate.cpp:199] InstancePrecompute: built 3 candidates
[2026-10-06 06:12:23.508] [info] [stationary.cpp:264] NN: cost=4796.815347, feasible=true, active_stations=1
[2026-10-06 06:12:23.508] [info] [candidate.cpp:199] InstancePrecompute: built 3 candidates
[2026-10-06 06:12:23.508] [info] [stationary.cpp:264] NN: cost=4835.577083, feasible=true, active_stations=1
[2026-10-06 06:12:23.508] [info] [candidate.cpp:199] InstancePrecompute: built 3 candidates
[2026-10-06 06:12:23.508] [info] [stationary.cpp:264] NN: cost=867.160849, feasible=true, active_stations=1
[2026-10-06 06:12:23.508] [info] [candidate.cpp:199] InstancePrecompute: built 3 candidates
[2026-10-06 06:12:23.508] [info] [stationary.cpp:264] NN: cost=914.479843, feasible=true, active_stations=1
[2026-10-06 06:12:23.508] [info] [candidate.cpp:199] InstancePrecompute: built 3 candidates
[2026-10-06 06:12:23.508] [info] [stationary.cpp:264] NN: cost=6014.040195, feasible=true, active_stations=1
[2026-10-06 06:12:23.508] [info] [candidate.cpp:199] InstancePrecompute: built 3 candidates
[2026-10-06 06:12:23.508] [info] [stationary.cpp:264] NN: cost=7045.855547, feasible=true, active_stations=1
[2026-10-06 06:12:23.508] [info] [candidate.cpp:199] InstancePrecompute: built 3 candidates
[2026-10-06 06:12:23.508] [info] [stationary.cpp:264] NN: cost=588.161573, feasible=true, active_stations=1
[2026-10-06 06:12:23.508] [info] [candidate.cpp:199] InstancePrecompute: built 3 candidates
[2026-10-06 06:12:23.508] [info] [stationary.cpp:264] NN: cost=466.646383, feasible=true, active_stations=1
[2026-10-06 06:12:23.508] [info] [candidate.cpp:199] InstancePrecompute: built 3 candidates
[2026-10-06 06:12:23.508] [info] [stationary.cpp:264] NN: cost=4796.815347, feasible=true, active_stations=1
[2026-10-06 06:12:23.508] [info] [candidate.cpp:199] InstancePrecompute: built 3 candidates
[2026-10-06 06:12:23.508] [info] [stationary.cpp:264] NN: cost=4835.577083, feasible=true, active_stations=1
[2026-10-06 06:12:23.508] [info] [candidate.cpp:199] InstancePrecompute: built 3 candidates
[2026-10-06 06:12:23.508] [info] [stationary.cpp:264] NN: cost=867.160849, feasible=true, active_stations=1
[2026-10-06 06:12:23.508] [info] [candidate.cpp:199] InstancePrecompute: built 3 candidates
[2026-10-06 06:12:23.508] [info] [stationary.cpp:264] NN: cost=914.479843, feasible=true, active_stations=1
[2026-10-06 06:12:23.508] [info] [candidate.cpp:199] InstancePrecompute: built 3 candidates
[2026-10-06 06:12:23.508] [info] [stationary.cpp:264] NN: cost=6014.040195, feasible=true, active_stations=1
[2026-10-06 06:12:23.508] [info] [candidate.cpp:199] InstancePrecompute: built 3 candidates
[2026-10-06 06:12:23.508] [info] [stationary.cpp:264] NN: cost=7045.855547, feasible=true, active_stations=1
[2026-10-06 06:12:23.508] [info] [candidate.cpp:199] InstancePrecompute: built 3 candidates
[2026-10-06 06:12:23.508] [info] [stationary.cpp:264] NN: cost=588.161573, feasible=true, active_stations=1
[2026-10-06 06:12:23.508] [info] [candidate.cpp:199] InstancePrecompute: built 3 candidates
[2026-10-06 06:12:23.508] [info] [stationary.cpp:264] NN: cost=466.646383, feasible=true, active_stations=1
[2026-10-06 06:12:23.508] [info] [candidate.cpp:199] InstancePrecompute: built 3 candidates
[2026-10-06 06:12:23.508] [info] [stationary.cpp:264] NN: cost=4796.815347, feasible=true, active_stations=1
[2026-10-06 06:12:23.508] [info] [candidate.cpp:199] InstancePrecompute: built 3 candidates
[2026-10-06 06:12:23.508] [info] [stationary.cpp:264] NN: cost=4835.577083, feasible=true, active_stations=1
[2026-10-06 06:12:23.508] [info] [candidate.cpp:199] InstancePrecompute: built 3 candidates
[2026-10-06 06:12:23.508] [info] [stationary.cpp:264] NN: cost=867.160849, feasible=true, active_stations=1
[2026-10-06 06:12:23.508] [info] [candidate.cpp:199] InstancePrecompute: built 3 candidates
[2026-10-06 06:12:23.508] [info] [stationary.cpp:264] NN: cost=914.479843, feasible=true, active_stations=1
[2026-10-06 06:12:23.508] [info] [candidate.cpp:199] InstancePrecompute: built 3 candidates
[2026-10-06 06:12:23.508] [info] [stationary.cpp:264] NN: cost=6014.040195, feasible=true, active_stations=1
[2026-10-06 06:12:23.508] [info] [candidate.cpp:199] InstancePrecompute: built 3 candidates
[2026-10-06 06:12:23.508] [info] [stationary.cpp:264] NN: cost=7045.855547, feasible=true, active_stations=1
[2026-10-06 06:12:23.508] [info] [candidate.cpp:199] InstancePrecompute: built 3 candidates
[2026-10-06 06:12:23.508] [info] [stationary.cpp:264] NN: cost=588.161573, feasible=true, active_stations=1
[2026-10-06 06:12:23.508] [info] [candidate.cpp:199] InstancePrecompute: built 3 candidates
[2026-10-06 06:12:23.508] [info] [stationary.cpp:264] NN: cost=466.646383, feasible=true, active_stations=1
[2026-10-06 06:12:23.508] [info] [candidate.cpp:199] InstancePrecompute: built 3 candidates
[2026-10-06 06:12:23.508] [info] [stationary.cpp:264] NN: cost=4796.815347, feasible=true, active_stations=1
[2026-10-06 06:12:23.508] [info] [candidate.cpp:199] InstancePrecompute: built 3 candidates
[2026-10-06 06:12:23.508] [info] [stationary.cpp:264] NN: cost=4835.577083, feasible=true, active_stations=1
[2026-10-06 06:12:23.508] [info] [candidate.cpp:199] InstancePrecompute: built 3 candidates
[2026-10-06 06:12:23.508] [info] [stationary.cpp:264] NN: cost=867.160849, feasible=true, active_stations=1
[2026-10-06 06:12:23.508] [info] [candidate.cpp:199] InstancePrecompute: built 3 candidates
[2026-10-06 06:12:23.508] [info] [stationary.cpp:264] NN: cost=914.479843, feasible=true, active_stations=1
[2026-10-06 06:12:23.508] [info] [candidate.cpp:199] InstancePrecompute: built 3 candidates
[2026-10-06 06:12:23.508] [info] [stationary.cpp:264] NN: cost=6014.040195, feasible=true, active_stations=1
[2026-10-06 06:12:23.508] [info] [candidate.cpp:199] InstancePrecompute: built 3 candidates
[2026-10-06 06:12:23.508] [info] [stationary.cpp:264] NN: cost=7045.855547, feasible=true, active_stations=1
[2026-10-06 06:12:23.508] [info] [candidate.cpp:199] InstancePrecompute: built 3 candidates
[2026-10-06 06:12:23.508] [info] [stationary.cpp:264] NN: cost=588.161573, feasible=true, active_stations=1
[2026-10-06 06:12:23.508] [info] [candidate.cpp:199] InstancePrecompute: built 3 candidates
[2026-10-06 06:12:23.508] [info] [stationary.cpp:264] NN: cost=466.646383, feasible=true, active_stations=1
[2026-10-06 06:12:23.508] [info] [candidate.cpp:199] InstancePrecompute: built 3 candidates
[2026-10-06 06:12:23.508] [info] [stationary.cpp:264] NN: cost=4796.815347, feasible=true, active_stations=1
[2026-10-06 06:12:23.508] [info] [candidate.cpp:199] InstancePrecompute: built 3 candidates
[2026-10-06 06:12:23.508] [info] [stationary.cpp:264] NN: cost=4835.577083, feasible=true, active_stations=1
[2026-10-06 06:12:23.508] [info] [candidate.cpp:199] InstancePrecompute: built 3 candidates
[2026-10-06 06:12:23.508] [info] [stationary.cpp:264] NN: cost=867.160849, feasible=true, active_stations=1
[2026-10-06 06:12:23.508] [info] [candidate.cpp:199] InstancePrecompute: built 3 candidates
[2026-10-06 06:12:23.508] [info] [stationary.cpp:264] NN: cost=914.479843, feasible=true, active_stations=1
[2026-10-06 06:12:23.508] [info] [candidate.cpp:199] InstancePrecompute: built 6 candidates
[2026-10-06 06:12:23.508] [info] [stationary.cpp:264] NN: cost=7045.855547, feasible=true, active_stations=1
[2026-10-06 06:12:23.508] [info] [candidate.cpp:199] InstancePrecompute: built 3 candidates
[2026-10-06 06:12:23.508] [info] [stationary.cpp:264] NN: cost=588.161573, feasible=true, active_stations=1
[2026-10-06 06:12:23.508] [info] [candidate.cpp:199] InstancePrecompute: built 3 candidates
[2026-10-06 06:12:23.508] [info] [stationary.cpp:264] NN: cost=466.646383, feasible=true, active_stations=1
[2026-10-06 06:12:23.508] [info] [candidate.cpp:199] InstancePrecompute: built 3 candidates
[2026-10-06 06:12:23.508] [info] [stationary.cpp:264] NN: cost=4796.815347, feasible=true, active_stations=1
[2026-10-06 06:12:23.508] [info] [candidate.cpp:199] InstancePrecompute: built 3 candidates
[2026-10-06 06:12:23.508] [info] [stationary.cpp:264] NN: cost=4835.577083, feasible=true, active_stations=1
[2026-10-06 06:12:23.508] [info] [candidate.cpp:199] InstancePrecompute: built 3 candidates
[2026-10-06 06:12:23.508] [info] [stationary.cpp:264] NN: cost=867.160849, feasible=true, active_stations=1
[2026-10-06 06:12:23.508] [info] [candidate.cpp:199] InstancePrecompute: built 3 candidates
[2026-10-06 06:12:23.508] [info] [stationary.cpp:264] NN: cost=914.479843, feasible=true, active_stations=1
[2026-10-06 06:12:23.508] [info] [candidate.cpp:199] InstancePrecompute: built 6 candidates
[2026-10-06 06:12:23.508] [info] [stationary.cpp:264] NN: cost=7045.855547, feasible=true, active_stations=1
[2026-10-06 06:12:23.508] [info] [candidate.cpp:199] InstancePrecompute: built 3 candidates
[2026-10-06 06:12:23.508] [info] [stationary.cpp:264] NN: cost=588.161573, feasible=true, active_stations=1
[2026-10-06 06:12:23.508] [info] [candidate.cpp:199] InstancePrecompute: built 3 candidates
[2026-10-06 06:12:23.508] [info] [stationary.cpp:264] NN: cost=466.646383, feasible=true, active_stations=1
[2026-10-06 06:12:23.508] [info] [candidate.cpp:199] InstancePrecompute: built 3 candidates
[2026-10-06 06:12:23.508] [info] [stationary.cpp:264] NN: cost=4796.815347, feasible=true, active_stations=1
[2026-10-06 06:12:23.508] [info] [candidate.cpp:199] InstancePrecompute: built 3 candidates
[2026-10-06 06:12:23.508] [info] [stationary.cpp:264] NN: cost=4835.577083, feasible=true, active_stations=1
[2026-10-06 06:12:23.508] [info] [candidate.cpp:199] InstancePrecompute: built 3 candidates
[2026-10-06 06:12:23.508] [info] [stationary.cpp:264] NN: cost=867.160849, feasible=true, active_stations=1
[2026-10-06 06:12:23.508] [info] [candidate.cpp:199] InstancePrecompute: built 3 candidates
[2026-10-06 06:12:23.508] [info] [stationary.cpp:264] NN: cost=914.479843, feasible=true, active_stations=1
[2026-10-06 06:12:23.508] [info] [candidate.cpp:199] InstancePrecompute: built 6 candidates
[2026-10-06 06:12:23.508] [info] [stationary.cpp:264] NN: cost=7045.855547, feasible=true, active_stations=1
[2026-10-06 06:12:23.508] [info] [candidate.cpp:199] InstancePrecompute: built 3 candidates
[2026-10-06 06:12:23.508] [info] [stationary.cpp:264] NN: cost=588.161573, feasible=true, active_stations=1
[2026-10-06 06:12:23.508] [info] [candidate.cpp:199] InstancePrecompute: built 3 candidates
[2026-10-06 06:12:23.508] [info] [stationary.cpp:264] NN: cost=466.646383, feasible=true, active_stations=1
[2026-10-06 06:12:23.508] [info] [candidate.cpp:199] InstancePrecompute: built 3 candidates
[2026-10-06 06:12:23.508] [info] [stationary.cpp:264] NN: cost=4796.815347, feasible=true, active_stations=1
[2026-10-06 06:12:23.508] [info] [candidate.cpp:199] InstancePrecompute: built 3 candidates
[2026-10-06 06:12:23.508] [info] [stationary.cpp:264] NN: cost=4835.577083, feasible=true, active_stations=1
[2026-10-06 06:12:23.508] [info] [candidate.cpp:199] InstancePrecompute: built 3 candidates
[2026-10-06 06:12:23.508] [info] [stationary.cpp:264] NN: cost=867.160849, feasible=true, active_stations=1
[2026-10-06 06:12:23.508] [info] [candidate.cpp:199] InstancePrecompute: built 3 candidates
[2026-10-06 06:12:23.508] [info] [stationary.cpp:264] NN: cost=914.479843, feasible=true, active_stations=1
[2026-10-06 06:12:23.508] [info] [candidate.cpp:199] InstancePrecompute: built 3 candidates
[2026-10-06 06:12:23.508] [info] [stationary.cpp:264] NN: cost=7045.855547, feasible=true, active_stations=1
[2026-10-06 06:12:23.508] [info] [candidate.cpp:199] InstancePrecompute: built 3 candidates
[2026-10-06 06:12:23.508] [info] [stationary.cpp:264] NN: cost=588.161573, feasible=true, active_stations=1
[2026-10-06 06:12:23.508] [info] [candidate.cpp:199] InstancePrecompute: built 3 candidates
[2026-10-06 06:12:23.508] [info] [stationary.cpp:264] NN: cost=6014.040195, feasible=true, active_stations=1
[2026-10-06 06:12:23.508] [info] [candidate.cpp:199] InstancePrecompute: built 3 candidates
[2026-10-06 06:12:23.508] [info] [stationary.cpp:264] NN: cost=466.646383, feasible=true, active_stations=1
[2026-10-06 06:12:23.508] [info] [candidate.cpp:199] InstancePrecompute: built 3 candidates
[2026-10-06 06:12:23.508] [info] [stationary.cpp:264] NN: cost=4796.815347, feasible=true, active_stations=1
[2026-10-06 06:12:23.508] [info] [candidate.cpp:199] InstancePrecompute: built 3 candidates
[2026-10-06 06:12:23.508] [info] [stationary.cpp:264] NN: cost=4835.577083, feasible=true, active_stations=1
[2026-10-06 06:12:23.508] [info] [candidate.cpp:199] InstancePrecompute: built 3 candidates
[2026-10-06 06:12:23.508] [info] [stationary.cpp:264] NN: cost=867.160849, feasible=true, active_stations=1
[2026-10-06 06:12:23.508] [info] [candidate.cpp:199] InstancePrecompute: built 3 candidates
[2026-10-06 06:12:23.508] [info] [stationary.cpp:264] NN: cost=914.479843, feasible=true, active_stations=1
[2026-10-06 06:12:23.508] [info] [candidate.cpp:199] InstancePrecompute: built 3 candidates
[2026-10-06 06:12:23.508] [info] [stationary.cpp:264] NN: cost=7045.855547, feasible=true, active_stations=1
[2026-10-06 06:12:23.508] [info] [candidate.cpp:199] InstancePrecompute: built 3 candidates
[2026-10-06 06:12:23.508] [info] [stationary.cpp:264] NN: cost=588.161573, feasible=true, active_stations=1
[2026-10-06 06:12:23.508] [info] [candidate.cpp:199] InstancePrecompute: built 3 candidates
[2026-10-06 06:12:23.508] [info] [stationary.cpp:264] NN: cost=6014.040195, feasible=true, active_stations=1
[2026-10-06 06:12:23.508] [info] [candidate.cpp:199] InstancePrecompute: built 3 candidates
[2026-10-06 06:12:23.508] [info] [stationary.cpp:264] NN: cost=466.646383, feasible=true, active_stations=1
[2026-10-06 06:12:23.508] [info] [candidate.cpp:199] InstancePrecompute: built 3 candidates
[2026-10-06 06:12:23.508] [info] [stationary.cpp:264] NN: cost=4796.815347, feasible=true, active_stations=1
[2026-10-06 06:12:23.508] [info] [candidate.cpp:199] InstancePrecompute: built 3 candidates
[2026-10-06 06:12:23.508] [info] [stationary.cpp:264] NN: cost=4835.577083, feasible=true, active_stations=1
[2026-10-06 06:12:23.508] [info] [candidate.cpp:199] InstancePrecompute: built 3 candidates
[2026-10-06 06:12:23.508] [info] [stationary.cpp:264] NN: cost=867.160849, feasible=true, active_stations=1
[2026-10-06 06:12:23.508] [info] [candidate.cpp:199] InstancePrecompute: built 3 candidates
[2026-10-06 06:12:23.508] [info] [stationary.cpp:264] NN: cost=914.479843, feasible=true, active_stations=1
[2026-10-06 06:12:23.508] [info] [candidate.cpp:199] InstancePrecompute: built 3 candidates
[2026-10-06 06:12:23.508] [info] [stationary.cpp:264] NN: cost=7045.855547, feasible=true, active_stations=1
[2026-10-06 06:12:23.508] [info] [candidate.cpp:199] InstancePrecompute: built 3 candidates
[2026-10-06 06:12:23.508] [info] [stationary.cpp:264] NN: cost=588.161573, feasible=true, active_stations=1
[2026-10-06 06:12:23.508] [info] [candidate.cpp:199] InstancePrecompute: built 3 candidates
[2026-10-06 06:12:23.508] [info] [stationary.cpp:264] NN: cost=6014.040195, feasible=true, active_stations=1
[2026-10-06 06:12:23.508] [info] [candidate.cpp:199] InstancePrecompute: built 3 candidates
[2026-10-06 06:12:23.508] [info] [stationary.cpp:264] NN: cost=466.646383, feasible=true, active_stations=1
[2026-10-06 06:12:23.508] [info] [candidate.cpp:199] InstancePrecompute: built 3 candidates
[2026-10-06 06:12:23.508] [info] [stationary.cpp:264] NN: cost=4796.815347, feasible=true, active_stations=1
[2026-10-06 06:12:23.508] [info] [candidate.cpp:199] InstancePrecompute: built 3 candidates
[2026-10-06 06:12:23.508] [info] [stationary.cpp:264] NN: cost=4835.577083, feasible=true, active_stations=1
[2026-10-06 06:12:23.508] [info] [candidate.cpp:199] InstancePrecompute: built 3 candidates
[2026-10-06 06:12:23.508] [info] [stationary.cpp:264] NN: cost=867.160849, feasible=true, active_stations=1
[2026-10-06 06:12:23.508] [info] [candidate.cpp:199] InstancePrecompute: built 3 candidates
[2026-10-06 06:12:23.508] [info] [stationary.cpp:264] NN: cost=914.479843, feasible=true, active_stations=1
[2026-10-06 06:12:23.508] [info] [candidate.cpp:199] InstancePrecompute: built 3 candidates
[2026-10-06 06:12:23.508] [info] [stationary.cpp:264] NN: cost=7045.855547, feasible=true, active_stations=1
[2026-10-06 06:12:23.508] [info] [candidate.cpp:199] InstancePrecompute: built 3 candidates
[2026-10-06 06:12:23.508] [info] [stationary.cpp:264] NN: cost=588.161573, feasible=true, active_stations=1
[2026-10-06 06:12:23.508] [info] [candidate.cpp:199] InstancePrecompute: built 3 candidates
[2026-10-06 06:12:23.508] [info] [stationary.cpp:264] NN: cost=6014.040195, feasible=true, active_stations=1
[2026-10-06 06:12:23.508] [info] [candidate.cpp:199] InstancePrecompute: built 3 candidates
[2026-10-06 06:12:23.508] [info] [stationary.cpp:264] NN: cost=466.646383, feasible=true, active_stations=1
[2026-10-06 06:12:23.508] [info] [candidate.cpp:199] InstancePrecompute: built 3 candidates
[2026-10-06 06:12:23.508] [info] [stationary.cpp:264] NN: cost=4796.815347, feasible=true, active_stations=1
[2026-10-06 06:12:23.508] [info] [candidate.cpp:199] InstancePrecompute: built 3 candidates
[2026-10-06 06:12:23.508] [info] [stationary.cpp:264] NN: cost=4835.577083, feasible=true, active_stations=1
[2026-10-06 06:12:23.508] [info] [candidate.cpp:199] InstancePrecompute: built 3 candidates
[2026-10-06 06:12:23.508] [info] [stationary.cpp:264] NN: cost=867.160849, feasible=true, active_stations=1
[2026-10-06 06:12:23.508] [info] [candidate.cpp:199] InstancePrecompute: built 3 candidates
[2026-10-06 06:12:23.508] [info] [stationary.cpp:264] NN: cost=914.479843, feasible=true, active_stations=1
[2026-10-06 06:12:23.508] [info] [candidate.cpp:199] InstancePrecompute: built 3 candidates
[2026-10-06 06:12:23.508] [info] [stationary.cpp:264] NN: cost=7045.855547, feasible=true, active_stations=1
[2026-10-06 06:12:23.508] [info] [candidate.cpp:199] InstancePrecompute: built 3 candidates
[2026-10-06 06:12:23.508] [info] [stationary.cpp:264] NN: cost=588.161573, feasible=true, active_stations=1
[2026-10-06 06:12:23.508] [info] [candidate.cpp:199] InstancePrecompute: built 3 candidates
[2026-10-06 06:12:23.508] [info] [stationary.cpp:264] NN: cost=6014.040195, feasible=true, active_stations=1
[2026-10-06 06:12:23.508] [info] [candidate.cpp:199] InstancePrecompute: built 3 candidates
[2026-10-06 06:12:23.508] [info] [stationary.cpp:264] NN: cost=466.646383, feasible=true, active_stations=1
[2026-10-06 06:12:23.508] [info] [candidate.cpp:199] InstancePrecompute: built 3 candidates
[2026-10-06 06:12:23.508] [info] [stationary.cpp:264] NN: cost=4796.815347, feasible=true, active_stations=1
[2026-10-06 06:12:23.508] [info] [candidate.cpp:199] InstancePrecompute: built 3 candidates
[2026-10-06 06:12:23.508] [info] [stationary.cpp:264] NN: cost=4835.577083, feasible=true, active_stations=1
[2026-10-06 06:12:23.508] [info] [candidate.cpp:199] InstancePrecompute: built 3 candidates
[2026-10-06 06:12:23.508] [info] [stationary.cpp:264] NN: cost=867.160849, feasible=true, active_stations=1
[2026-10-06 06:12:23.508] [info] [candidate.cpp:199] InstancePrecompute: built 3 candidates
[2026-10-06 06:12:23.508] [info] [stationary.cpp:264] NN: cost=914.479843, feasible=true, active_stations=1
[2026-10-06 06:12:23.508] [info] [candidate.cpp:199] InstancePrecompute: built 3 candidates
[2026-10-06 06:12:23.508] [info] [stationary.cpp:264] NN: cost=7045.855547, feasible=true, active_stations=1
[2026-10-06 06:12:23.508] [info] [candidate.cpp:199] InstancePrecompute: built 3 candidates
[2026-10-06 06:12:23.508] [info] [stationary.cpp:264] NN: cost=588.161573, feasible=true, active_stations=1
[2026-10-06 06:12:23.508] [info] [candidate.cpp:199] InstancePrecompute: built 3 candidates
[2026-10-06 06:12:23.508] [info] [stationary.cpp:264] NN: cost=6014.040195, feasible=true, active_stations=1
[2026-10-06 06:12:23.508] [info] [candidate.cpp:199] InstancePrecompute: built 3 candidates
[2026-10-06 06:12:23.508] [info] [stationary.cpp:264] NN: cost=466.646383, feasible=true, active_stations=1
[2026-10-06 06:12:23.508] [info] [candidate.cpp:199] InstancePrecompute: built 3 candidates
[2026-10-06 06:12:23.508] [info] [stationary.cpp:264] NN: cost=4796.815347, feasible=true, active_stations=1
[2026-10-06 06:12:23.508] [info] [candidate.cpp:199] InstancePrecompute: built 3 candidates
[2026-10-06 06:12:23.508] [info] [stationary.cpp:264] NN: cost=4835.577083, feasible=true, active_stations=1
[2026-10-06 06:12:23.508] [info] [candidate.cpp:199] InstancePrecompute: built 3 candidates
[2026-10-06 06:12:23.508] [info] [stationary.cpp:264] NN: cost=867.160849, feasible=true, active_stations=1
[2026-10-06 06:12:23.508] [info] [candidate.cpp:199] InstancePrecompute: built 3 candidates
[2026-10-06 06:12:23.508] [info] [stationary.cpp:264] NN: cost=914.479843, feasible=true, active_stations=1
[2026-10-06 06:12:23.508] [info] [candidate.cpp:199] InstancePrecompute: built 3 candidates
[2026-10-06 06:12:23.508] [info] [stationary.cpp:264] NN: cost=7045.855547, feasible=true, active_stations=1
[2026-10-06 06:12:23.508] [info] [candidate.cpp:199] InstancePrecompute: built 3 candidates
[2026-10-06 06:12:23.508] [info] [stationary.cpp:264] NN: cost=588.161573, feasible=true, active_stations=1
[2026-10-06 06:12:23.508] [info] [candidate.cpp:199] InstancePrecompute: built 3 candidates
[2026-10-06 06:12:23.508] [info] [stationary.cpp:264] NN: cost=6014.040195, feasible=true, active_stations=1
[2026-10-06 06:12:23.508] [info] [candidate.cpp:199] InstancePrecompute: built 3 candidates
[2026-10-06 06:12:23.508] [info] [stationary.cpp:264] NN: cost=466.646383, feasible=true, active_stations=1
[2026-10-06 06:12:23.508] [info] [candidate.cpp:199] InstancePrecompute: built 3 candidates
[2026-10-06 06:12:23.508] [info] [stationary.cpp:264] NN: cost=4796.815347, feasible=true, active_stations=1
[2026-10-06 06:12:23.508] [info] [candidate.cpp:199] InstancePrecompute: built 3 candidates
[2026-10-06 06:12:23.508] [info] [stationary.cpp:264] NN: cost=4835.577083, feasible=true, active_stations=1
[2026-10-06 06:12:23.508] [info] [candidate.cpp:199] InstancePrecompute: built 3 candidates
[2026-10-06 06:12:23.508] [info] [stationary.cpp:264] NN: cost=867.160849, feasible=true, active_stations=1
[2026-10-06 06:12:23.508] [info] [candidate.cpp:199] InstancePrecompute: built 3 candidates
[2026-10-06 06:12:23.508] [info] [stationary.cpp:264] NN: cost=914.479843, feasible=true, active_stations=1
[2026-10-06 06:12:23.508] [info] [candidate.cpp:199] InstancePrecompute: built 3 candidates
[2026-10-06 06:12:23.508] [info] [stationary.cpp:264] NN: cost=7045.855547, feasible=true, active_stations=1
[2026-10-06 06:12:23.508] [info] [candidate.cpp:199] InstancePrecompute: built 3 candidates
[2026-10-06 06:12:23.508] [info] [stationary.cpp:264] NN: cost=588.161573, feasible=true, active_stations=1
[2026-10-06 06:12:23.508] [info] [candidate.cpp:199] InstancePrecompute: built 3 candidates
[2026-10-06 06:12:23.508] [info] [stationary.cpp:264] NN: cost=6014.040195, feasible=true, active_stations=1
[2026-10-06 06:12:23.508] [info] [candidate.cpp:199] InstancePrecompute: built 3 candidates
[2026-10-06 06:12:23.508] [info] [stationary.cpp:264] NN: cost=466.646383, feasible=true, active_stations=1
[2026-10-06 06:12:23.508] [info] [candidate.cpp:199] InstancePrecompute: built 3 candidates
[2026-10-06 06:12:23.508] [info] [stationary.cpp:264] NN: cost=4796.815347, feasible=true, active_stations=1
[2026-10-06 06:12:23.508] [info] [candidate.cpp:199] InstancePrecompute: built 3 candidates
[2026-10-06 06:12:23.508] [info] [stationary.cpp:264] NN: cost=4835.577083, feasible=true, active_stations=1
[2026-10-06 06:12:23.508] [info] [candidate.cpp:199] InstancePrecompute: built 3 candidates
[2026-10-06 06:12:23.508] [info] [stationary.cpp:264] NN: cost=867.160849, feasible=true, active_stations=1
[2026-10-06 06:12:23.508] [info] [candidate.cpp:199] InstancePrecompute: built 3 candidates
[2026-10-06 06:12:23.508] [info] [stationary.cpp:264] NN: cost=914.479843, feasible=true, active_stations=1
[2026-10-06 06:12:23.508] [info] [candidate.cpp:199] InstancePrecompute: built 3 candidates
[2026-10-06 06:12:23.508] [info] [stationary.cpp:264] NN: cost=7045.855547, feasible=true, active_stations=1
[2026-10-06 06:12:23.508] [info] [candidate.cpp:199] InstancePrecompute: built 3 candidates
[2026-10-06 06:12:23.508] [info] [stationary.cpp:264] NN: cost=588.161573, feasible=true, active_stations=1
[2026-10-06 06:12:23.508] [info] [candidate.cpp:199] InstancePrecompute: built 3 candidates
[2026-10-06 06:12:23.508] [info] [stationary.cpp:264] NN: cost=6014.040195, feasible=true, active_stations=1
[2026-10-06 06:12:23.508] [info] [candidate.cpp:199] InstancePrecompute: built 3 candidates
[2026-10-06 06:12:23.508] [info] [stationary.cpp:264] NN: cost=466.646383, feasible=true, active_stations=1
[2026-10-06 06:12:23.508] [info] [candidate.cpp:199] InstancePrecompute: built 3 candidates
[2026-10-06 06:12:23.508] [info] [stationary.cpp:264] NN: cost=4796.815347, feasible=true, active_stations=1
[2026-10-06 06:12:23.508] [info] [candidate.cpp:199] InstancePrecompute: built 3 candidates
[2026-10-06 06:12:23.508] [info] [stationary.cpp:264] NN: cost=4835.577083, feasible=true, active_stations=1
[2026-10-06 06:12:23.508] [info] [candidate.cpp:199] InstancePrecompute: built 3 candidates
[2026-10-06 06:12:23.508] [info] [stationary.cpp:264] NN: cost=867.160849, feasible=true, active_stations=1
[2026-10-06 06:12:23.508] [info] [candidate.cpp:199] InstancePrecompute: built 3 candidates
[2026-10-06 06:12:23.508] [info] [stationary.cpp:264] NN: cost=914.479843, feasible=true, active_stations=1
[2026-10-06 06:12:23.508] [info] [candidate.cpp:199] InstancePrecompute: built 3 candidates
[2026-10-06 06:12:23.508] [info] [stationary.cpp:264] NN: cost=7045.855547, feasible=true, active_stations=1
[2026-10-06 06:12:23.508] [info] [candidate.cpp:199] InstancePrecompute: built 3 candidates
[2026-10-06 06:12:23.508] [info] [stationary.cpp:264] NN: cost=588.161573, feasible=true, active_stations=1
[2026-10-06 06:12:23.508] [info] [candidate.cpp:199] InstancePrecompute: built 3 candidates
[2026-10-06 06:12:23.508] [info] [stationary.cpp:264] NN: cost=6014.040195, feasible=true, active_stations=1
[2026-10-06 06:12:23.508] [info] [candidate.cpp:199] InstancePrecompute: built 3 candidates
[2026-10-06 06:12:23.508] [info] [stationary.cpp:264] NN: cost=466.646383, feasible=true, active_stations=1
[2026-10-06 06:12:23.508] [info] [candidate.cpp:199] InstancePrecompute: built 3 candidates
[2026-10-06 06:12:23.508] [info] [stationary.cpp:264] NN: cost=4796.815347, feasible=true, active_stations=1
[2026-10-06 06:12:23.508] [info] [candidate.cpp:199] InstancePrecompute: built 3 candidates
[2026-10-06 06:12:23.508] [info] [stationary.cpp:264] NN: cost=4835.577083, feasible=true, active_stations=1
[2026-10-06 06:12:23.508] [info] [candidate.cpp:199] InstancePrecompute: built 3 candidates
[2026-10-06 06:12:23.508] [info] [stationary.cpp:264] NN: cost=867.160849, feasible=true, active_stations=1
[2026-10-06 06:12:23.508] [info] [candidate.cpp:199] InstancePrecompute: built 3 candidates
[2026-10-06 06:12:23.508] [info] [stationary.cpp:264] NN: cost=914.479843, feasible=true, active_stations=1
[2026-10-06 06:12:23.508] [info] [candidate.cpp:199] InstancePrecompute: built 3 candidates
[2026-10-06 06:12:23.508] [info] [stationary.cpp:264] NN: cost=7045.855547, feasible=true, active_stations=1
[2026-10-06 06:12:23.508] [info] [candidate.cpp:199] InstancePrecompute: built 3 candidates
[2026-10-06 06:12:23.508] [info] [stationary.cpp:264] NN: cost=588.161573, feasible=true, active_stations=1
[2026-10-06 06:12:23.508] [info] [candidate.cpp:199] InstancePrecompute: built 3 candidates
[2026-10-06 06:12:23.508] [info] [stationary.cpp:264] NN: cost=6014.040195, feasible=true, active_stations=1
[2026-10-06 06:12:23.508] [info] [candidate.cpp:199] InstancePrecompute: built 3 candidates
[2026-10-06 06:12:23.508] [info] [stationary.cpp:264] NN: cost=466.646383, feasible=true, active_stations=1
[2026-10-06 06:12:23.508] [info] [candidate.cpp:199] InstancePrecompute: built 3 candidates
[2026-10-06 06:12:23.508] [info] [stationary.cpp:264] NN: cost=4796.815347, feasible=true, active_stations=1
[2026-10-06 06:12:23.508] [info] [candidate.cpp:199] InstancePrecompute: built 3 candidates
[2026-10-06 06:12:23.508] [info] [stationary.cpp:264] NN: cost=4835.577083, feasible=true, active_stations=1
[2026-10-06 06:12:23.508] [info] [candidate.cpp:199] InstancePrecompute: built 3 candidates
[2026-10-06 06:12:23.508] [info] [stationary.cpp:264] NN: cost=867.160849, feasible=true, active_stations=1
[2026-10-06 06:12:23.508] [info] [candidate.cpp:199] InstancePrecompute: built 3 candidates
[2026-10-06 06:12:23.508] [info] [stationary.cpp:264] NN: cost=914.479843, feasible=true, active_stations=1
[2026-10-06 06:12:23.508] [info] [candidate.cpp:199] InstancePrecompute: built 3 candidates
[2026-10-06 06:12:23.508] [info] [stationary.cpp:264] NN: cost=7045.855547, feasible=true, active_stations=1
[2026-10-06 06:12:23.508] [info] [candidate.cpp:199] InstancePrecompute: built 3 candidates
[2026-10-06 06:12:23.508] [info] [stationary.cpp:264] NN: cost=588.161573, feasible=true, active_stations=1
[2026-10-06 06:12:23.508] [info] [candidate.cpp:199] InstancePrecompute: built 3 candidates
[2026-10-06 06:12:23.508] [info] [stationary.cpp:264] NN: cost=6014.040195, feasible=true, active_stations=1
[2026-10-06 06:12:23.508] [info] [candidate.cpp:199] InstancePrecompute: built 3 candidates
[2026-10-06 06:12:23.508] [info] [stationary.cpp:264] NN: cost=466.646383, feasible=true, active_stations=1
[2026-10-06 06:12:23.508] [info] [candidate.cpp:199] InstancePrecompute: built 3 candidates
[2026-10-06 06:12:23.508] [info] [stationary.cpp:264] NN: cost=4796.815347, feasible=true, active_stations=1
[2026-10-06 06:12:23.508] [info] [candidate.cpp:199] InstancePrecompute: built 3 candidates
[2026-10-06 06:12:23.508] [info] [stationary.cpp:264] NN: cost=4835.577083, feasible=true, active_stations=1
[2026-10-06 06:12:23.508] [info] [candidate.cpp:199] InstancePrecompute: built 3 candidates
[2026-10-06 06:12:23.508] [info] [stationary.cpp:264] NN: cost=867.160849, feasible=true, active_stations=1
[2026-10-06 06:12:23.508] [info] [candidate.cpp:199] InstancePrecompute: built 3 candidates
[2026-10-06 06:12:23.508] [info] [stationary.cpp:264] NN: cost=914.479843, feasible=true, active_stations=1
[2026-10-06 06:12:23.508] [info] [candidate.cpp:199] InstancePrecompute: built 3 candidates
[2026-10-06 06:12:23.508] [info] [stationary.cpp:264] NN: cost=7045.855547, feasible=true, active_stations=1
[2026-10-06 06:12:23.508] [info] [candidate.cpp:199] InstancePrecompute: built 3 candidates
[2026-10-06 06:12:23.508] [info] [stationary.cpp:264] NN: cost=588.161573, feasible=true, active_stations=1
[2026-10-06 06:12:23.508] [info] [candidate.cpp:199] InstancePrecompute: built 3 candidates
[2026-10-06 06:12:23.508] [info] [stationary.cpp:264] NN: cost=6014.040195, feasible=true, active_stations=1
[2026-10-06 06:12:23.508] [info] [candidate.cpp:199] InstancePrecompute: built 3 candidates
[2026-10-06 06:12:23.508] [info] [stationary.cpp:264] NN: cost=466.646383, feasible=true, active_stations=1
[2026-10-06 06:12:23.508] [info] [candidate.cpp:199] InstancePrecompute: built 3 candidates
[2026-10-06 06:12:23.508] [info] [stationary.cpp:264] NN: cost=4796.815347, feasible=true, active_stations=1
[2026-10-06 06:12:23.508] [info] [candidate.cpp:199] InstancePrecompute: built 3 candidates
[2026-10-06 06:12:23.508] [info] [stationary.cpp:264] NN: cost=4835.577083, feasible=true, active_stations=1
[2026-10-06 06:12:23.508] [info] [candidate.cpp:199] InstancePrecompute: built 3 candidates
[2026-10-06 06:12:23.508] [info] [stationary.cpp:264] NN: cost=867.160849, feasible=true, active_stations=1
[2026-10-06 06:12:23.508] [info] [candidate.cpp:199] InstancePrecompute: built 3 candidates
[2026-10-06 06:12:23.508] [info] [stationary.cpp:264] NN: cost=914.479843, feasible=true, active_stations=1
[2026-10-06 06:12:23.508] [info] [candidate.cpp:199] InstancePrecompute: built 3 candidates
[2026-10-06 06:12:23.508] [info] [stationary.cpp:264] NN: cost=7045.855547, feasible=true, active_stations=1
[2026-10-06 06:12:23.508] [info] [candidate.cpp:199] InstancePrecompute: built 3 candidates
[2026-10-06 06:12:23.508] [info] [stationary.cpp:264] NN: cost=588.161573, feasible=true, active_stations=1
[2026-10-06 06:12:23.508] [info] [candidate.cpp:199] InstancePrecompute: built 3 candidates
[2026-10-06 06:12:23.508] [info] [stationary.cpp:264] NN: cost=6014.040195, feasible=true, active_stations=1
[2026-10-06 06:12:23.508] [info] [candidate.cpp:199] InstancePrecompute: built 3 candidates
[2026-10-06 06:12:23.508] [info] [stationary.cpp:264] NN: cost=466.646383, feasible=true, active_stations=1
[2026-10-06 06:12:23.508] [info] [candidate.cpp:199] InstancePrecompute: built 3 candidates
[2026-10-06 06:12:23.508] [info] [stationary.cpp:264] NN: cost=4796.815347, feasible=true, active_stations=1
[2026-10-06 06:12:23.508] [info] [candidate.cpp:199] InstancePrecompute: built 3 candidates
[2026-10-06 06:12:23.508] [info] [stationary.cpp:264] NN: cost=4835.577083, feasible=true, active_stations=1
[2026-10-06 06:12:23.508] [info] [candidate.cpp:199] InstancePrecompute: built 3 candidates
[2026-10-06 06:12:23.508] [info] [stationary.cpp:264] NN: cost=867.160849, feasible=true, active_stations=1
[2026-10-06 06:12:23.508] [info] [candidate.cpp:199] InstancePrecompute: built 3 candidates
[2026-10-06 06:12:23.508] [info] [stationary.cpp:264] NN: cost=914.479843, feasible=true, active_stations=1
[2026-10-06 06:12:23.508] [info] [candidate.cpp:199] InstancePrecompute: built 3 candidates
[2026-10-06 06:12:23.508] [info] [stationary.cpp:264] NN: cost=7045.855547, feasible=true, active_stations=1
[2026-10-06 06:12:23.508] [info] [candidate.cpp:199] InstancePrecompute: built 3 candidates
[2026-10-06 06:12:23.508] [info] [stationary.cpp:264] NN: cost=588.161573, feasible=true, active_stations=1
[2026-10-06 06:12:23.508] [info] [candidate.cpp:199] InstancePrecompute: built 3 candidates
[2026-10-06 06:12:23.508] [info] [stationary.cpp:264] NN: cost=6014.040195, feasible=true, active_stations=1
[2026-10-06 06:12:23.508] [info] [candidate.cpp:199] InstancePrecompute: built 3 candidates
[2026-10-06 06:12:23.508] [info] [stationary.cpp:264] NN: cost=466.646383, feasible=true, active_stations=1
[2026-10-06 06:12:23.508] [info] [candidate.cpp:199] InstancePrecompute: built 3 candidates
[2026-10-06 06:12:23.508] [info] [stationary.cpp:264] NN: cost=4796.815347, feasible=true, active_stations=1
[2026-10-06 06:12:23.508] [info] [candidate.cpp:199] InstancePrecompute: built 3 candidates
[2026-10-06 06:12:23.508] [info] [stationary.cpp:264] NN: cost=4835.577083, feasible=true, active_stations=1
[2026-10-06 06:12:23.508] [info] [candidate.cpp:199] InstancePrecompute: built 3 candidates
[2026-10-06 06:12:23.508] [info] [stationary.cpp:264] NN: cost=867.160849, feasible=true, active_stations=1
[2026-10-06 06:12:23.508] [info] [candidate.cpp:199] InstancePrecompute: built 3 candidates
[2026-10-06 06:12:23.508] [info] [stationary.cpp:264] NN: cost=914.479843, feasible=true, active_stations=1
[2026-10-06 06:12:23.508] [info] [candidate.cpp:199] InstancePrecompute: built 3 candidates
[2026-10-06 06:12:23.508] [info] [stationary.cpp:264] NN: cost=7045.855547, feasible=true, active_stations=1
[2026-10-06 06:12:23.508] [info] [candidate.cpp:199] InstancePrecompute: built 3 candidates
[2026-10-06 06:12:23.508] [info] [stationary.cpp:264] NN: cost=588.161573, feasible=true, active_stations=1
[2026-10-06 06:12:23.508] [info] [candidate.cpp:199] InstancePrecompute: built 3 candidates
[2026-10-06 06:12:23.508] [info] [stationary.cpp:264] NN: cost=6014.040195, feasible=true, active_stations=1
[2026-10-06 06:12:23.508] [info] [candidate.cpp:199] InstancePrecompute: built 3 candidates
[2026-10-06 06:12:23.508] [info] [stationary.cpp:264] NN: cost=466.646383, feasible=true, active_stations=1
[2026-10-06 06:12:23.508] [info] [candidate.cpp:199] InstancePrecompute: built 3 candidates
[2026-10-06 06:12:23.508] [info] [stationary.cpp:264] NN: cost=4796.815347, feasible=true, active_stations=1
[2026-10-06 06:12:23.508] [info] [candidate.cpp:199] InstancePrecompute: built 3 candidates
[2026-10-06 06:12:23.508] [info] [stationary.cpp:264] NN: cost=4835.577083, feasible=true, active_stations=1
[2026-10-06 06:12:23.508] [info] [candidate.cpp:199] InstancePrecompute: built 3 candidates
[2026-10-06 06:12:23.508] [info] [stationary.cpp:264] NN: cost=867.160849, feasible=true, active_stations=1
[2026-10-06 06:12:23.508] [info] [candidate.cpp:199] InstancePrecompute: built 3 candidates
[2026-10-06 06:12:23.508] [info] [stationary.cpp:264] NN: cost=914.479843, feasible=true, active_stations=1
[2026-10-06 06:12:23.508] [info] [candidate.cpp:199] InstancePrecompute: built 3 candidates
[2026-10-06 06:12:23.508] [info] [stationary.cpp:264] NN: cost=7045.855547, feasible=true, active_stations=1
[2026-10-06 06:12:23.508] [info] [candidate.cpp:199] InstancePrecompute: built 3 candidates
[2026-10-06 06:12:23.508] [info] [stationary.cpp:264] NN: cost=588.161573, feasible=true, active_stations=1
[2026-10-06 06:12:23.508] [info] [candidate.cpp:199] InstancePrecompute: built 3 candidates
[2026-10-06 06:12:23.508] [info] [stationary.cpp:264] NN: cost=6014.040195, feasible=true, active_stations=1
[2026-10-06 06:12:23.508] [info] [candidate.cpp:199] InstancePrecompute: built 3 candidates
[2026-10-06 06:12:23.508] [info] [stationary.cpp:264] NN: cost=466.646383, feasible=true, active_stations=1
[2026-10-06 06:12:23.508] [info] [candidate.cpp:199] InstancePrecompute: built 3 candidates
[2026-10-06 06:12:23.508] [info] [stationary.cpp:264] NN: cost=4796.815347, feasible=true, active_stations=1
[2026-10-06 06:12:23.508] [info] [candidate.cpp:199] InstancePrecompute: built 3 candidates
[2026-10-06 06:12:23.508] [info] [stationary.cpp:264] NN: cost=4835.577083, feasible=true, active_stations=1
[2026-10-06 06:12:23.508] [info] [candidate.cpp:199] InstancePrecompute: built 3 candidates
[2026-10-06 06:12:23.508] [info] [stationary.cpp:264] NN: cost=867.160849, feasible=true, active_stations=1
[2026-10-06 06:12:23.508] [info] [candidate.cpp:199] InstancePrecompute: built 3 candidates
[2026-10-06 06:12:23.508] [info] [stationary.cpp:264] NN: cost=914.479843, feasible=true, active_stations=1
[2026-10-06 06:12:23.508] [info] [candidate.cpp:199] InstancePrecompute: built 3 candidates
[2026-10-06 06:12:23.508] [info] [stationary.cpp:264] NN: cost=7045.855547, feasible=true, active_stations=1
[2026-10-06 06:12:23.508] [info] [candidate.cpp:199] InstancePrecompute: built 3 candidates
[2026-10-06 06:12:23.508] [info] [stationary.cpp:264] NN: cost=588.161573, feasible=true, active_stations=1
[2026-10-06 06:12:23.508] [info] [candidate.cpp:199] InstancePrecompute: built 3 candidates
[2026-10-06 06:12:23.508] [info] [stationary.cpp:264] NN: cost=6014.040195, feasible=true, active_stations=1
[2026-10-06 06:12:23.508] [info] [candidate.cpp:199] InstancePrecompute: built 3 candidates
[2026-10-06 06:12:23.508] [info] [stationary.cpp:264] NN: cost=466.646383, feasible=true, active_stations=1
[2026-10-06 06:12:23.508] [info] [candidate.cpp:199] InstancePrecompute: built 3 candidates
[2026-10-06 06:12:23.508] [info] [stationary.cpp:264] NN: cost=4796.815347, feasible=true, active_stations=1
[2026-10-06 06:12:23.508] [info] [candidate.cpp:199] InstancePrecompute: built 3 candidates
[2026-10-06 06:12:23.508] [info] [stationary.cpp:264] NN: cost=4835.577083, feasible=true, active_stations=1
[2026-10-06 06:12:23.508] [info] [candidate.cpp:199] InstancePrecompute: built 3 candidates
[2026-10-06 06:12:23.508] [info] [stationary.cpp:264] NN: cost=867.160849, feasible=true, active_stations=1
[2026-10-06 06:12:23.508] [info] [candidate.cpp:199] InstancePrecompute: built 3 candidates
[2026-10-06 06:12:23.508] [info] [stationary.cpp:264] NN: cost=914.479843, feasible=true, active_stations=1
[2026-10-06 06:12:23.508] [info] [candidate.cpp:199] InstancePrecompute: built 3 candidates
[2026-10-06 06:12:23.508] [info] [stationary.cpp:264] NN: cost=7045.855547, feasible=true, active_stations=1
[2026-10-06 06:12:23.508] [info] [candidate.cpp:199] InstancePrecompute: built 3 candidates
[2026-10-06 06:12:23.508] [info] [stationary.cpp:264] NN: cost=588.161573, feasible=true, active_stations=1
[2026-10-06 06:12:23.508] [info] [candidate.cpp:199] InstancePrecompute: built 3 candidates
[2026-10-06 06:12:23.508] [info] [stationary.cpp:264] NN: cost=6014.040195, feasible=true, active_stations=1
[2026-10-06 06:12:23.508] [info] [candidate.cpp:199] InstancePrecompute: built 3 candidates
[2026-10-06 06:12:23.508] [info] [stationary.cpp:264] NN: cost=466.646383, feasible=true, active_stations=1
[2026-10-06 06:12:23.508] [info] [candidate.cpp:199] InstancePrecompute: built 3 candidates
[2026-10-06 06:12:23.508] [info] [stationary.cpp:264] NN: cost=4796.815347, feasible=true, active_stations=1
[2026-10-06 06:12:23.508] [info] [candidate.cpp:199] InstancePrecompute: built 3 candidates
[2026-10-06 06:12:23.508] [info] [stationary.cpp:264] NN: cost=4835.577083, feasible=true, active_stations=1
[2026-10-06 06:12:23.508] [info] [candidate.cpp:199] InstancePrecompute: built 3 candidates
[2026-10-06 06:12:23.508] [info] [stationary.cpp:264] NN: cost=867.160849, feasible=true, active_stations=1
[2026-10-06 06:12:23.508] [info] [candidate.cpp:199] InstancePrecompute: built 3 candidates
[2026-10-06 06:12:23.508] [info] [stationary.cpp:264] NN: cost=914.479843, feasible=true, active_stations=1
[2026-10-06 06:12:23.508] [info] [candidate.cpp:199] InstancePrecompute: built 3 candidates
[2026-10-06 06:12:23.508] [info] [stationary.cpp:264] NN: cost=7045.855547, feasible=true, active_stations=1
[2026-10-06 06:12:23.508] [info] [candidate.cpp:199] InstancePrecompute: built 3 candidates
[2026-10-06 06:12:23.508] [info] [stationary.cpp:264] NN: cost=588.161573, feasible=true, active_stations=1
[2026-10-06 06:12:23.508] [info] [candidate.cpp:199] InstancePrecompute: built 3 candidates
[2026-10-06 06:12:23.508] [info] [stationary.cpp:264] NN: cost=6014.040195, feasible=true, active_stations=1
[2026-10-06 06:12:23.508] [info] [candidate.cpp:199] InstancePrecompute: built 3 candidates
[2026-10-06 06:12:23.508] [info] [stationary.cpp:264] NN: cost=466.646383, feasible=true, active_stations=1
[2026-10-06 06:12:23.508] [info] [candidate.cpp:199] InstancePrecompute: built 3 candidates
[2026-10-06 06:12:23.508] [info] [stationary.cpp:264] NN: cost=4796.815347, feasible=true, active_stations=1
[2026-10-06 06:12:23.508] [info] [candidate.cpp:199] InstancePrecompute: built 3 candidates
[2026-10-06 06:12:23.508] [info] [stationary.cpp:264] NN: cost=4835.577083, feasible=true, active_stations=1
[2026-10-06 06:12:23.508] [info] [candidate.cpp:199] InstancePrecompute: built 3 candidates
[2026-10-06 06:12:23.508] [info] [stationary.cpp:264] NN: cost=867.160849, feasible=true, active_stations=1
[2026-10-06 06:12:23.508] [info] [candidate.cpp:199] InstancePrecompute: built 3 candidates
[2026-10-06 06:12:23.508] [info] [stationary.cpp:264] NN: cost=914.479843, feasible=true, active_stations=1
[2026-10-06 06:12:23.508] [info] [candidate.cpp:199] InstancePrecompute: built 3 candidates
[2026-10-06 06:12:23.508] [info] [stationary.cpp:264] NN: cost=7045.855547, feasible=true, active_stations=1
[2026-10-06 06:12:23.508] [info] [candidate.cpp:199] InstancePrecompute: built 3 candidates
[2026-10-06 06:12:23.508] [info] [stationary.cpp:264] NN: cost=588.161573, feasible=true, active_stations=1
[2026-10-06 06:12:23.508] [info] [candidate.cpp:199] InstancePrecompute: built 3 candidates
[2026-10-06 06:12:23.508] [info] [stationary.cpp:264] NN: cost=6014.040195, feasible=true, active_stations=1
[2026-10-06 06:12:23.508] [info] [candidate.cpp:199] InstancePrecompute: built 3 candidates
[2026-10-06 06:12:23.508] [info] [stationary.cpp:264] NN: cost=466.646383, feasible=true, active_stations=1
[2026-10-06 06:12:23.508] [info] [candidate.cpp:199] InstancePrecompute: built 3 candidates
[2026-10-06 06:12:23.508] [info] [stationary.cpp:264] NN: cost=4796.815347, feasible=true, active_stations=1
[2026-10-06 06:12:23.508] [info] [candidate.cpp:199] InstancePrecompute: built 3 candidates
[2026-10-06 06:12:23.508] [info] [stationary.cpp:264] NN: cost=4835.577083, feasible=true, active_stations=1
[2026-10-06 06:12:23.508] [info] [candidate.cpp:199] InstancePrecompute: built 3 candidates
[2026-10-06 06:12:23.508] [info] [stationary.cpp:264] NN: cost=867.160849, feasible=true, active_stations=1
[2026-10-06 06:12:23.508] [info] [candidate.cpp:199] InstancePrecompute: built 3 candidates
[2026-10-06 06:12:23.508] [info] [stationary.cpp:264] NN: cost=914.479843, feasible=true, active_stations=1
[2026-10-06 06:12:23.508] [info] [candidate.cpp:199] InstancePrecompute: built 3 candidates
[2026-10-06 06:12:23.508] [info] [stationary.cpp:264] NN: cost=7045.855547, feasible=true, active_stations=1
[2026-10-06 06:12:23.508] [info] [candidate.cpp:199] InstancePrecompute: built 3 candidates
[2026-10-06 06:12:23.508] [info] [stationary.cpp:264] NN: cost=588.161573, feasible=true, active_stations=1
[2026-10-06 06:12:23.508] [info] [candidate.cpp:199] InstancePrecompute: built 3 candidates
[2026-10-06 06:12:23.508] [info] [stationary.cpp:264] NN: cost=6014.040195, feasible=true, active_stations=1
[2026-10-06 06:12:23.508] [info] [candidate.cpp:199] InstancePrecompute: built 3 candidates
[2026-10-06 06:12:23.508] [info] [stationary.cpp:264] NN: cost=466.646383, feasible=true, active_stations=1
[2026-10-06 06:12:23.508] [info] [candidate.cpp:199] InstancePrecompute: built 3 candidates
[2026-10-06 06:12:23.508] [info] [stationary.cpp:264] NN: cost=4796.815347, feasible=true, active_stations=1
[2026-10-06 06:12:23.508] [info] [candidate.cpp:199] InstancePrecompute: built 3 candidates
[2026-10-06 06:12:23.508] [info] [stationary.cpp:264] NN: cost=4835.577083, feasible=true, active_stations=1
[2026-10-06 06:12:23.508] [info] [candidate.cpp:199] InstancePrecompute: built 3 candidates
[2026-10-06 06:12:23.508] [info] [stationary.cpp:264] NN: cost=867.160849, feasible=true, active_stations=1
[2026-10-06 06:12:23.508] [info] [candidate.cpp:199] InstancePrecompute: built 3 candidates
[2026-10-06 06:12:23.508] [info] [stationary.cpp:264] NN: cost=914.479843, feasible=true, active_stations=1
[2026-10-06 06:12:23.508] [info] [candidate.cpp:199] InstancePrecompute: built 3 candidates
[2026-10-06 06:12:23.508] [info] [stationary.cpp:264] NN: cost=7045.855547, feasible=true, active_stations=1
[2026-10-06 06:12:23.508] [info] [candidate.cpp:199] InstancePrecompute: built 3 candidates
[2026-10-06 06:12:23.508] [info] [stationary.cpp:264] NN: cost=588.161573, feasible=true, active_stations=1
[2026-10-06 06:12:23.508] [info] [candidate.cpp:199] InstancePrecompute: built 3 candidates
[2026-10-06 06:12:23.508] [info] [stationary.cpp:264] NN: cost=6014.040195, feasible=true, active_stations=1
[2026-10-06 06:12:23.508] [info] [candidate.cpp:199] InstancePrecompute: built 3 candidates
[2026-10-06 06:12:23.508] [info] [stationary.cpp:264] NN: cost=466.646383, feasible=true, active_stations=1
[2026-10-06 06:12:23.508] [info] [candidate.cpp:199] InstancePrecompute: built 3 candidates
[2026-10-06 06:12:23.508] [info] [stationary.cpp:264] NN: cost=4796.815347, feasible=true, active_stations=1
[2026-10-06 06:12:23.508] [info] [candidate.cpp:199] InstancePrecompute: built 3 candidates
[2026-10-06 06:12:23.508] [info] [stationary.cpp:264] NN: cost=4835.577083, feasible=true, active_stations=1
[2026-10-06 06:12:23.508] [info] [candidate.cpp:199] InstancePrecompute: built 3 candidates
[2026-10-06 06:12:23.508] [info] [stationary.cpp:264] NN: cost=867.160849, feasible=true, active_stations=1
[2026-10-06 06:12:23.508] [info] [candidate.cpp:199] InstancePrecompute: built 3 candidates
[2026-10-06 06:12:23.508] [info] [stationary.cpp:264] NN: cost=914.479843, feasible=true, active_stations=1
[2026-10-06 06:12:23.508] [info] [candidate.cpp:199] InstancePrecompute: built 3 candidates
[2026-10-06 06:12:23.508] [info] [stationary.cpp:264] NN: cost=7045.855547, feasible=true, active_stations=1
[2026-10-06 06:12:23.508] [info] [candidate.cpp:199] InstancePrecompute: built 3 candidates
[2026-10-06 06:12:23.508] [info] [stationary.cpp:264] NN: cost=588.161573, feasible=true, active_stations=1
[2026-10-06 06:12:23.508] [info] [candidate.cpp:199] InstancePrecompute: built 3 candidates
[2026-10-06 06:12:23.508] [info] [stationary.cpp:264] NN: cost=6014.040195, feasible=true, active_stations=1
[2026-10-06 06:12:23.508] [info] [candidate.cpp:199] InstancePrecompute: built 3 candidates
[2026-10-06 06:12:23.508] [info] [stationary.cpp:264] NN: cost=466.646383, feasible=true, active_stations=1
[2026-10-06 06:12:23.508] [info] [candidate.cpp:199] InstancePrecompute: built 3 candidates
[2026-10-06 06:12:23.508] [info] [stationary.cpp:264] NN: cost=4796.815347, feasible=true, active_stations=1
[2026-10-06 06:12:23.508] [info] [candidate.cpp:199] InstancePrecompute: built 3 candidates
[2026-10-06 06:12:23.508] [info] [stationary.cpp:264] NN: cost=4835.577083, feasible=true, active_stations=1
[2026-10-06 06:12:23.508] [info] [candidate.cpp:199] InstancePrecompute: built 3 candidates
[2026-10-06 06:12:23.508] [info] [stationary.cpp:264] NN: cost=867.160849, feasible=true, active_stations=1
[2026-10-06 06:12:23.508] [info] [candidate.cpp:199] InstancePrecompute: built 3 candidates
[2026-10-06 06:12:23.508] [info] [stationary.cpp:264] NN: cost=914.479843, feasible=true, active_stations=1
[2026-10-06 06:12:23.508] [info] [candidate.cpp:199] InstancePrecompute: built 3 candidates
[2026-10-06 06:12:23.508] [info] [stationary.cpp:264] NN: cost=7045.855547, feasible=true, active_stations=1
[2026-10-06 06:12:23.508] [info] [candidate.cpp:199] InstancePrecompute: built 3 candidates
[2026-10-06 06:12:23.508] [info] [stationary.cpp:264] NN: cost=588.161573, feasible=true, active_stations=1
[2026-10-06 06:12:23.508] [info] [candidate.cpp:199] InstancePrecompute: built 3 candidates
[2026-10-06 06:12:23.508] [info] [stationary.cpp:264] NN: cost=6014.040195, feasible=true, active_stations=1
[2026-10-06 06:12:23.508] [info] [candidate.cpp:199] InstancePrecompute: built 3 candidates
[2026-10-06 06:12:23.508] [info] [stationary.cpp:264] NN: cost=466.646383, feasible=true, active_stations=1
[2026-10-06 06:12:23.508] [info] [candidate.cpp:199] InstancePrecompute: built 3 candidates
[2026-10-06 06:12:23.508] [info] [stationary.cpp:264] NN: cost=4796.815347, feasible=true, active_stations=1
[2026-10-06 06:12:23.508] [info] [candidate.cpp:199] InstancePrecompute: built 3 candidates
[2026-10-06 06:12:23.508] [info] [stationary.cpp:264] NN: cost=4835.577083, feasible=true, active_stations=1
[2026-10-06 06:12:23.508] [info] [candidate.cpp:199] InstancePrecompute: built 3 candidates
[2026-10-06 06:12:23.508] [info] [stationary.cpp:264] NN: cost=867.160849, feasible=true, active_stations=1
[2026-10-06 06:12:23.508] [info] [candidate.cpp:199] InstancePrecompute: built 3 candidates
[2026-10-06 06:12:23.508] [info] [stationary.cpp:264] NN: cost=914.479843, feasible=true, active_stations=1
[2026-10-06 06:12:23.509] [info] [candidate.cpp:199] InstancePrecompute: built 3 candidates
[2026-10-06 06:12:23.509] [info] [stationary.cpp:264] NN: cost=7045.855547, feasible=true, active_stations=1
[2026-10-06 06:12:23.509] [info] [candidate.cpp:199] InstancePrecompute: built 3 candidates
[2026-10-06 06:12:23.509] [info] [stationary.cpp:264] NN: cost=588.161573, feasible=true, active_stations=1
[2026-10-06 06:12:23.509] [info] [candidate.cpp:199] InstancePrecompute: built 3 candidates
[2026-10-06 06:12:23.509] [info] [stationary.cpp:264] NN: cost=6014.040195, feasible=true, active_stations=1
[2026-10-06 06:12:23.509] [info] [candidate.cpp:199] InstancePrecompute: built 3 candidates
[2026-10-06 06:12:23.509] [info] [stationary.cpp:264] NN: cost=466.646383, feasible=true, active_stations=1
[2026-10-06 06:12:23.509] [info] [candidate.cpp:199] InstancePrecompute: built 3 candidates
[2026-10-06 06:12:23.509] [info] [stationary.cpp:264] NN: cost=4796.815347, feasible=true, active_stations=1
[2026-10-06 06:12:23.509] [info] [candidate.cpp:199] InstancePrecompute: built 3 candidates
[2026-10-06 06:12:23.509] [info] [stationary.cpp:264] NN: cost=4835.577083, feasible=true, active_stations=1
[2026-10-06 06:12:23.509] [info] [candidate.cpp:199] InstancePrecompute: built 3 candidates
[2026-10-06 06:12:23.509] [info] [stationary.cpp:264] NN: cost=867.160849, feasible=true, active_stations=1
[2026-10-06 06:12:23.509] [info] [candidate.cpp:199] InstancePrecompute: built 3 candidates
[2026-10-06 06:12:23.509] [info] [stationary.cpp:264] NN: cost=914.479843, feasible=true, active_stations=1
[2026-10-06 06:12:23.509] [info] [candidate.cpp:199] InstancePrecompute: built 3 candidates
[2026-10-06 06:12:23.509] [info] [stationary.cpp:264] NN: cost=7045.855547, feasible=true, active_stations=1
[2026-10-06 06:12:23.509] [info] [candidate.cpp:199] InstancePrecompute: built 3 candidates
[2026-10-06 06:12:23.509] [info] [stationary.cpp:264] NN: cost=588.161573, feasible=true, active_stations=1
[2026-10-06 06:12:23.509] [info] [candidate.cpp:199] InstancePrecompute: built 3 candidates
[2026-10-06 06:12:23.509] [info] [stationary.cpp:264] NN: cost=6014.040195, feasible=true, active_stations=1
[2026-10-06 06:12:23.509] [info] [candidate.cpp:199] InstancePrecompute: built 3 candidates
[2026-10-06 06:12:23.509] [info] [stationary.cpp:264] NN: cost=466.646383, feasible=true, active_stations=1
[2026-10-06 06:12:23.509] [info] [candidate.cpp:199] InstancePrecompute: built 3 candidates
[2026-10-06 06:12:23.509] [info] [stationary.cpp:264] NN: cost=4796.815347, feasible=true, active_stations=1
[2026-10-06 06:12:23.509] [info] [candidate.cpp:199] InstancePrecompute: built 3 candidates
[2026-10-06 06:12:23.509] [info] [stationary.cpp:264] NN: cost=4835.577083, feasible=true, active_stations=1
[2026-10-06 06:12:23.509] [info] [candidate.cpp:199] InstancePrecompute: built 3 candidates
[2026-10-06 06:12:23.509] [info] [stationary.cpp:264] NN: cost=867.160849, feasible=true, active_stations=1
[2026-10-06 06:12:23.509] [info] [candidate.cpp:199] InstancePrecompute: built 3 candidates
[2026-10-06 06:12:23.509] [info] [stationary.cpp:264] NN: cost=914.479843, feasible=true, active_stations=1
[2026-10-06 06:12:23.509] [info] [candidate.cpp:199] InstancePrecompute: built 3 candidates
[2026-10-06 06:12:23.509] [info] [stationary.cpp:264] NN: cost=7045.855547, feasible=true, active_stations=1
[2026-10-06 06:12:23.509] [info] [candidate.cpp:199] InstancePrecompute: built 3 candidates
[2026-10-06 06:12:23.509] [info] [stationary.cpp:264] NN: cost=588.161573, feasible=true, active_stations=1
[2026-10-06 06:12:23.509] [info] [candidate.cpp:199] InstancePrecompute: built 3 candidates
[2026-10-06 06:12:23.509] [info] [stationary.cpp:264] NN: cost=6014.040195, feasible=true, active_stations=1
[2026-10-06 06:12:23.509] [info] [candidate.cpp:199] InstancePrecompute: built 3 candidates
[2026-10-06 06:12:23.509] [info] [stationary.cpp:264] NN: cost=466.646383, feasible=true, active_stations=1
[2026-10-06 06:12:23.509] [info] [candidate.cpp:199] InstancePrecompute: built 3 candidates
[2026-10-06 06:12:23.509] [info] [stationary.cpp:264] NN: cost=4796.815347, feasible=true, active_stations=1
[2026-10-06 06:12:23.509] [info] [candidate.cpp:199] InstancePrecompute: built 3 candidates
[2026-10-06 06:12:23.509] [info] [stationary.cpp:264] NN: cost=4835.577083, feasible=true, active_stations=1
[2026-10-06 06:12:23.509] [info] [candidate.cpp:199] InstancePrecompute: built 3 candidates
[2026-10-06 06:12:23.509] [info] [stationary.cpp:264] NN: cost=867.160849, feasible=true, active_stations=1
[2026-10-06 06:12:23.509] [info] [candidate.cpp:199] InstancePrecompute: built 3 candidates
[2026-10-06 06:12:23.509] [info] [stationary.cpp:264] NN: cost=914.479843, feasible=true, active_stations=1
[2026-10-06 06:12:23.509] [info] [candidate.cpp:199] InstancePrecompute: built 3 candidates
[2026-10-06 06:12:23.509] [info] [stationary.cpp:264] NN: cost=7045.855547, feasible=true, active_stations=1
[2026-10-06 06:12:23.509] [info] [candidate.cpp:199] InstancePrecompute: built 3 candidates
[2026-10-06 06:12:23.509] [info] [stationary.cpp:264] NN: cost=588.161573, feasible=true, active_stations=1
[2026-10-06 06:12:23.509] [info] [candidate.cpp:199] InstancePrecompute: built 3 candidates
[2026-10-06 06:12:23.509] [info] [stationary.cpp:264] NN: cost=6014.040195, feasible=true, active_stations=1
[2026-10-06 06:12:23.509] [info] [candidate.cpp:199] InstancePrecompute: built 3 candidates
[2026-10-06 06:12:23.509] [info] [stationary.cpp:264] NN: cost=466.646383, feasible=true, active_stations=1
[2026-10-06 06:12:23.509] [info] [candidate.cpp:199] InstancePrecompute: built 3 candidates
[2026-10-06 06:12:23.509] [info] [stationary.cpp:264] NN: cost=4796.815347, feasible=true, active_stations=1
[2026-10-06 06:12:23.509] [info] [candidate.cpp:199] InstancePrecompute: built 3 candidates
[2026-10-06 06:12:23.509] [info] [stationary.cpp:264] NN: cost=4835.577083, feasible=true, active_stations=1
[2026-10-06 06:12:23.509] [info] [candidate.cpp:199] InstancePrecompute: built 3 candidates
[2026-10-06 06:12:23.509] [info] [stationary.cpp:264] NN: cost=867.160849, feasible=true, active_stations=1
[2026-10-06 06:12:23.509] [info] [candidate.cpp:199] InstancePrecompute: built 3 candidates
[2026-10-06 06:12:23.509] [info] [stationary.cpp:264] NN: cost=914.479843, feasible=true, active_stations=1
[2026-10-06 06:12:23.509] [info] [candidate.cpp:199] InstancePrecompute: built 3 candidates
[2026-10-06 06:12:23.509] [info] [stationary.cpp:264] NN: cost=6014.040195, feasible=true, active_stations=1
[2026-10-06 06:12:23.509] [info] [candidate.cpp:199] InstancePrecompute: built 3 candidates
[2026-10-06 06:12:23.509] [info] [stationary.cpp:264] NN: cost=7045.855547, feasible=true, active_stations=1
[2026-10-06 06:12:23.509] [info] [candidate.cpp:199] InstancePrecompute: built 3 candidates
[2026-10-06 06:12:23.509] [info] [stationary.cpp:264] NN: cost=588.161573, feasible=true, active_stations=1
[2026-10-06 06:12:23.509] [info] [candidate.cpp:199] InstancePrecompute: built 3 candidates
[2026-10-06 06:12:23.509] [info] [stationary.cpp:264] NN: cost=466.646383, feasible=true, active_stations=1
[2026-10-06 06:12:23.509] [info] [candidate.cpp:199] InstancePrecompute: built 3 candidates
[2026-10-06 06:12:23.509] [info] [stationary.cpp:264] NN: cost=4796.815347, feasible=true, active_stations=1
[2026-10-06 06:12:23.509] [info] [candidate.cpp:199] InstancePrecompute: built 3 candidates
[2026-10-06 06:12:23.509] [info] [stationary.cpp:264] NN: cost=4835.577083, feasible=true, active_stations=1
[2026-10-06 06:12:23.509] [info] [candidate.cpp:199] InstancePrecompute: built 3 candidates
[2026-10-06 06:12:23.509] [info] [stationary.cpp:264] NN: cost=867.160849, feasible=true, active_stations=1
[2026-10-06 06:12:23.509] [info] [candidate.cpp:199] InstancePrecompute: built 3 candidates
[2026-10-06 06:12:23.509] [info] [stationary.cpp:264] NN: cost=914.479843, feasible=true, active_stations=1
[2026-10-06 06:12:23.509] [info] [candidate.cpp:199] InstancePrecompute: built 3 candidates
[2026-10-06 06:12:23.509] [info] [stationary.cpp:264] NN: cost=6014.040195, feasible=true, active_stations=1
[2026-10-06 06:12:23.509] [info] [candidate.cpp:199] InstancePrecompute: built 3 candidates
[2026-10-06 06:12:23.509] [info] [stationary.cpp:264] NN: cost=7045.855547, feasible=true, active_stations=1
[2026-10-06 06:12:23.509] [info] [candidate.cpp:199] InstancePrecompute: built 3 candidates
[2026-10-06 06:12:23.509] [info] [stationary.cpp:264] NN: cost=588.161573, feasible=true, active_stations=1
[2026-10-06 06:12:23.509] [info] [candidate.cpp:199] InstancePrecompute: built 3 candidates
[2026-10-06 06:12:23.509] [info] [stationary.cpp:264] NN: cost=466.646383, feasible=true, active_stations=1
[2026-10-06 06:12:23.509] [info] [candidate.cpp:199] InstancePrecompute: built 3 candidates
[2026-10-06 06:12:23.509] [info] [stationary.cpp:264] NN: cost=4796.815347, feasible=true, active_stations=1
[2026-10-06 06:12:23.509] [info] [candidate.cpp:199] InstancePrecompute: built 3 candidates
[2026-10-06 06:12:23.509] [info] [stationary.cpp:264] NN: cost=4835.577083, feasible=true, active_stations=1
[2026-10-06 06:12:23.509] [info] [candidate.cpp:199] InstancePrecompute: built 3 candidates
[2026-10-06 06:12:23.509] [info] [stationary.cpp:264] NN: cost=867.160849, feasible=true, active_stations=1
[2026-10-06 06:12:23.509] [info] [candidate.cpp:199] InstancePrecompute: built 3 candidates
[2026-10-06 06:12:23.509] [info] [stationary.cpp:264] NN: cost=914.479843, feasible=true, active_stations=1
[2026-10-06 06:12:23.509] [info] [candidate.cpp:199] InstancePrecompute: built 3 candidates
[2026-10-06 06:12:23.509] [info] [stationary.cpp:264] NN: cost=6014.040195, feasible=true, active_stations=1
[2026-10-06 06:12:23.509] [info] [candidate.cpp:199] InstancePrecompute: built 3 candidates
[2026-10-06 06:12:23.509] [info] [stationary.cpp:264] NN: cost=7045.855547, feasible=true, active_stations=1
[2026-10-06 06:12:23.509] [info] [candidate.cpp:199] InstancePrecompute: built 3 candidates
[2026-10-06 06:12:23.509] [info] [stationary.cpp:264] NN: cost=588.161573, feasible=true, active_stations=1
[2026-10-06 06:12:23.509] [info] [candidate.cpp:199] InstancePrecompute: built 3 candidates
[2026-10-06 06:12:23.509] [info] [stationary.cpp:264] NN: cost=466.646383, feasible=true, active_stations=1
[2026-10-06 06:12:23.509] [info] [candidate.cpp:199] InstancePrecompute: built 3 candidates
[2026-10-06 06:12:23.509] [info] [stationary.cpp:264] NN: cost=4796.815347, feasible=true, active_stations=1
[2026-10-06 06:12:23.509] [info] [candidate.cpp:199] InstancePrecompute: built 3 candidates
[2026-10-06 06:12:23.509] [info] [stationary.cpp:264] NN: cost=4835.577083, feasible=true, active_stations=1
[2026-10-06 06:12:23.509] [info] [candidate.cpp:199] InstancePrecompute: built 3 candidates
[2026-10-06 06:12:23.509] [info] [stationary.cpp:264] NN: cost=867.160849, feasible=true, active_stations=1
[2026-10-06 06:12:23.509] [info] [candidate.cpp:199] InstancePrecompute: built 3 candidates
[2026-10-06 06:12:23.509] [info] [stationary.cpp:264] NN: cost=914.479843, feasible=true, active_stations=1
[2026-10-06 06:12:23.509] [info] [candidate.cpp:199] InstancePrecompute: built 3 candidates
[2026-10-06 06:12:23.509] [info] [stationary.cpp:264] NN: cost=6014.040195, feasible=true, active_stations=1
[2026-10-06 06:12:23.509] [info] [candidate.cpp:199] InstancePrecompute: built 3 candidates
[2026-10-06 06:12:23.509] [info] [stationary.cpp:264] NN: cost=7045.855547, feasible=true, active_stations=1
[2026-10-06 06:12:23.509] [info] [candidate.cpp:199] InstancePrecompute: built 3 candidates
[2026-10-06 06:12:23.509] [info] [stationary.cpp:264] NN: cost=588.161573, feasible=true, active_stations=1
[2026-10-06 06:12:23.509] [info] [candidate.cpp:199] InstancePrecompute: built 3 candidates
[2026-10-06 06:12:23.509] [info] [stationary.cpp:264] NN: cost=466.646383, feasible=true, active_stations=1
[2026-10-06 06:12:23.509] [info] [candidate.cpp:199] InstancePrecompute: built 3 candidates
[2026-10-06 06:12:23.509] [info] [stationary.cpp:264] NN: cost=4796.815347, feasible=true, active_stations=1
[2026-10-06 06:12:23.509] [info] [candidate.cpp:199] InstancePrecompute: built 3 candidates
[2026-10-06 06:12:23.509] [info] [stationary.cpp:264] NN: cost=4835.577083, feasible=true, active_stations=1
[2026-10-06 06:12:23.509] [info] [candidate.cpp:199] InstancePrecompute: built 3 candidates
[2026-10-06 06:12:23.509] [info] [stationary.cpp:264] NN: cost=867.160849, feasible=true, active_stations=1
[2026-10-06 06:12:23.509] [info] [candidate.cpp:199] InstancePrecompute: built 3 candidates
[2026-10-06 06:12:23.509] [info] [stationary.cpp:264] NN: cost=914.479843, feasible=true, active_stations=1
[2026-10-06 06:12:23.509] [info] [candidate.cpp:199] InstancePrecompute: built 3 candidates
[2026-10-06 06:12:23.509] [info] [stationary.cpp:264] NN: cost=6014.040195, feasible=true, active_stations=1
[2026-10-06 06:12:23.509] [info] [candidate.cpp:199] InstancePrecompute: built 3 candidates
[2026-10-06 06:12:23.509] [info] [stationary.cpp:264] NN: cost=7045.855547, feasible=true, active_stations=1
[2026-10-06 06:12:23.509] [info] [candidate.cpp:199] InstancePrecompute: built 3 candidates
[2026-10-06 06:12:23.509] [info] [stationary.cpp:264] NN: cost=588.161573, feasible=true, active_stations=1
[2026-10-06 06:12:23.509] [info] [candidate.cpp:199] InstancePrecompute: built 3 candidates
[2026-10-06 06:12:23.509] [info] [stationary.cpp:264] NN: cost=466.646383, feasible=true, active_stations=1
[2026-10-06 06:12:23.509] [info] [candidate.cpp:199] InstancePrecompute: built 3 candidates
[2026-10-06 06:12:23.509] [info] [stationary.cpp:264] NN: cost=4796.815347, feasible=true, active_stations=1
[2026-10-06 06:12:23.509] [info] [candidate.cpp:199] InstancePrecompute: built 3 candidates
[2026-10-06 06:12:23.509] [info] [stationary.cpp:264] NN: cost=4835.577083, feasible=true, active_stations=1
[2026-10-06 06:12:23.509] [info] [candidate.cpp:199] InstancePrecompute: built 3 candidates
[2026-10-06 06:12:23.509] [info] [stationary.cpp:264] NN: cost=867.160849, feasible=true, active_stations=1
[2026-10-06 06:12:23.509] [info] [candidate.cpp:199] InstancePrecompute: built 3 candidates
[2026-10-06 06:12:23.509] [info] [stationary.cpp:264] NN: cost=914.479843, feasible=true, active_stations=1
[2026-10-06 06:12:23.509] [info] [candidate.cpp:199] InstancePrecompute: built 6 candidates
[2026-10-06 06:12:23.509] [info] [stationary.cpp:264] NN: cost=7045.855547, feasible=true, active_stations=1
[2026-10-06 06:12:23.509] [info] [candidate.cpp:199] InstancePrecompute: built 3 candidates
[2026-10-06 06:12:23.509] [info] [stationary.cpp:264] NN: cost=588.161573, feasible=true, active_stations=1
[2026-10-06 06:12:23.509] [info] [candidate.cpp:199] InstancePrecompute: built 3 candidates
[2026-10-06 06:12:23.509] [info] [stationary.cpp:264] NN: cost=466.646383, feasible=true, active_stations=1
[2026-10-06 06:12:23.509] [info] [candidate.cpp:199] InstancePrecompute: built 3 candidates
[2026-10-06 06:12:23.509] [info] [stationary.cpp:264] NN: cost=4796.815347, feasible=true, active_stations=1
[2026-10-06 06:12:23.509] [info] [candidate.cpp:199] InstancePrecompute: built 3 candidates
[2026-10-06 06:12:23.509] [info] [stationary.cpp:264] NN: cost=4835.577083, feasible=true, active_stations=1
[2026-10-06 06:12:23.509] [info] [candidate.cpp:199] InstancePrecompute: built 3 candidates
[2026-10-06 06:12:23.509] [info] [stationary.cpp:264] NN: cost=867.160849, feasible=true, active_stations=1
[2026-10-06 06:12:23.509] [info] [candidate.cpp:199] InstancePrecompute: built 3 candidates
[2026-10-06 06:12:23.509] [info] [stationary.cpp:264] NN: cost=914.479843, feasible=true, active_stations=1
[2026-10-06 06:12:23.509] [info] [candidate.cpp:199] InstancePrecompute: built 6 candidates
[2026-10-06 06:12:23.509] [info] [stationary.cpp:264] NN: cost=7045.855547, feasible=true, active_stations=1
[2026-10-06 06:12:23.509] [info] [candidate.cpp:199] InstancePrecompute: built 3 candidates
[2026-10-06 06:12:23.509] [info] [stationary.cpp:264] NN: cost=588.161573, feasible=true, active_stations=1
preflight: 19 passed, 0 failed
[2026-10-06 06:12:23.509] [info] [candidate.cpp:199] InstancePrecompute: built 3 candidates
[2026-10-06 06:12:23.509] [info] [stationary.cpp:264] NN: cost=466.646383, feasible=true, active_stations=1
[2026-10-06 06:12:23.509] [info] [candidate.cpp:199] InstancePrecompute: built 3 candidates
[2026-10-06 06:12:23.509] [info] [stationary.cpp:264] NN: cost=4796.815347, feasible=true, active_stations=1
[2026-10-06 06:12:23.509] [info] [candidate.cpp:199] InstancePrecompute: built 3 candidates
[2026-10-06 06:12:23.509] [info] [stationary.cpp:264] NN: cost=4835.577083, feasible=true, active_stations=1
[2026-10-06 06:12:23.509] [info] [candidate.cpp:199] InstancePrecompute: built 3 candidates
[2026-10-06 06:12:23.509] [info] [stationary.cpp:264] NN: cost=867.160849, feasible=true, active_stations=1
[2026-10-06 06:12:23.509] [info] [candidate.cpp:199] InstancePrecompute: built 3 candidates
[2026-10-06 06:12:23.509] [info] [stationary.cpp:264] NN: cost=914.479843, feasible=true, active_stations=1
[2026-10-06 06:12:23.509] [info] [candidate.cpp:199] InstancePrecompute: built 6 candidates
[2026-10-06 06:12:23.509] [info] [stationary.cpp:264] NN: cost=7045.855547, feasible=true, active_stations=1
[2026-10-06 06:12:23.509] [info] [candidate.cpp:199] InstancePrecompute: built 3 candidates
[2026-10-06 06:12:23.509] [info] [stationary.cpp:264] NN: cost=588.161573, feasible=true, active_stations=1
[2026-10-06 06:12:23.509] [info] [candidate.cpp:199] InstancePrecompute: built 3 candidates
[2026-10-06 06:12:23.509] [info] [stationary.cpp:264] NN: cost=466.646383, feasible=true, active_stations=1
[2026-10-06 06:12:23.509] [info] [candidate.cpp:199] InstancePrecompute: built 3 candidates
[2026-10-06 06:12:23.509] [info] [stationary.cpp:264] NN: cost=4796.815347, feasible=true, active_stations=1
[2026-10-06 06:12:23.509] [info] [candidate.cpp:199] InstancePrecompute: built 3 candidates
[2026-10-06 06:12:23.509] [info] [stationary.cpp:264] NN: cost=4835.577083, feasible=true, active_stations=1
[2026-10-06 06:12:23.509] [info] [candidate.cpp:199] InstancePrecompute: built 3 candidates
[2026-10-06 06:12:23.509] [info] [stationary.cpp:264] NN: cost=867.160849, feasible=true, active_stations=1
[2026-10-06 06:12:23.509] [info] [candidate.cpp:199] InstancePrecompute: built 3 candidates
[2026-10-06 06:12:23.509] [info] [stationary.cpp:264] NN: cost=914.479843, feasible=true, active_stations=1
[2026-10-06 06:12:23.509] [info] [candidate.cpp:199] InstancePrecompute: built 3 candidates
[2026-10-06 06:12:23.509] [info] [stationary.cpp:264] NN: cost=7045.855547, feasible=true, active_stations=1
[2026-10-06 06:12:23.509] [info] [candidate.cpp:199] InstancePrecompute: built 3 candidates
[2026-10-06 06:12:23.509] [info] [stationary.cpp:264] NN: cost=588.161573, feasible=true, active_stations=1
[2026-10-06 06:12:23.509] [info] [candidate.cpp:199] InstancePrecompute: built 3 candidates
[2026-10-06 06:12:23.509] [info] [stationary.cpp:264] NN: cost=6014.040195, feasible=true, active_stations=1
[2026-10-06 06:12:23.509] [info] [candidate.cpp:199] InstancePrecompute: built 3 candidates
[2026-10-06 06:12:23.509] [info] [stationary.cpp:264] NN: cost=466.646383, feasible=true, active_stations=1
[2026-10-06 06:12:23.509] [info] [candidate.cpp:199] InstancePrecompute: built 3 candidates
[2026-10-06 06:12:23.509] [info] [stationary.cpp:264] NN: cost=4796.815347, feasible=true, active_stations=1
[2026-10-06 06:12:23.509] [info] [candidate.cpp:199] InstancePrecompute: built 3 candidates
[2026-10-06 06:12:23.509] [info] [stationary.cpp:264] NN: cost=4835.577083, feasible=true, active_stations=1
[2026-10-06 06:12:23.509] [info] [candidate.cpp:199] InstancePrecompute: built 3 candidates
[2026-10-06 06:12:23.509] [info] [stationary.cpp:264] NN: cost=867.160849, feasible=true, active_stations=1
[2026-10-06 06:12:23.509] [info] [candidate.cpp:199] InstancePrecompute: built 3 candidates
[2026-10-06 06:12:23.509] [info] [stationary.cpp:264] NN: cost=914.479843, feasible=true, active_stations=1
[2026-10-06 06:12:23.509] [info] [candidate.cpp:199] InstancePrecompute: built 3 candidates
[2026-10-06 06:12:23.509] [info] [stationary.cpp:264] NN: cost=7045.855547, feasible=true, active_stations=1
[2026-10-06 06:12:23.509] [info] [candidate.cpp:199] InstancePrecompute: built 3 candidates
[2026-10-06 06:12:23.509] [info] [stationary.cpp:264] NN: cost=588.161573, feasible=true, active_stations=1
[2026-10-06 06:12:23.509] [info] [candidate.cpp:199] InstancePrecompute: built 3 candidates
[2026-10-06 06:12:23.509] [info] [stationary.cpp:264] NN: cost=6014.040195, feasible=true, active_stations=1
[2026-10-06 06:12:23.509] [info] [candidate.cpp:199] InstancePrecompute: built 3 candidates
[2026-10-06 06:12:23.509] [info] [stationary.cpp:264] NN: cost=466.646383, feasible=true, active_stations=1
[2026-10-06 06:12:23.509] [info] [candidate.cpp:199] InstancePrecompute: built 3 candidates
[2026-10-06 06:12:23.509] [info] [stationary.cpp:264] NN: cost=4796.815347, feasible=true, active_stations=1
[2026-10-06 06:12:23.509] [info] [candidate.cpp:199] InstancePrecompute: built 3 candidates
[2026-10-06 06:12:23.509] [info] [stationary.cpp:264] NN: cost=4835.577083, feasible=true, active_stations=1
[2026-10-06 06:12:23.509] [info] [candidate.cpp:199] InstancePrecompute: built 3 candidates
[2026-10-06 06:12:23.509] [info] [stationary.cpp:264] NN: cost=867.160849, feasible=true, active_stations=1
[2026-10-06 06:12:23.509] [info] [candidate.cpp:199] InstancePrecompute: built 3 candidates
[2026-10-06 06:12:23.509] [info] [stationary.cpp:264] NN: cost=914.479843, feasible=true, active_stations=1
[2026-10-06 06:12:23.509] [info] [candidate.cpp:199] InstancePrecompute: built 3 candidates
[2026-10-06 06:12:23.509] [info] [stationary.cpp:264] NN: cost=7045.855547, feasible=true, active_stations=1
[2026-10-06 06:12:23.509] [info] [candidate.cpp:199] InstancePrecompute: built 3 candidates
[2026-10-06 06:12:23.509] [info] [stationary.cpp:264] NN: cost=588.161573, feasible=true, active_stations=1
[2026-10-06 06:12:23.509] [info] [candidate.cpp:199] InstancePrecompute: built 3 candidates
[2026-10-06 06:12:23.509] [info] [stationary.cpp:264] NN: cost=6014.040195, feasible=true, active_stations=1
[2026-10-06 06:12:23.509] [info] [candidate.cpp:199] InstancePrecompute: built 3 candidates
[2026-10-06 06:12:23.509] [info] [stationary.cpp:264] NN: cost=466.646383, feasible=true, active_stations=1
[2026-10-06 06:12:23.509] [info] [candidate.cpp:199] InstancePrecompute: built 3 candidates
[2026-10-06 06:12:23.509] [info] [stationary.cpp:264] NN: cost=4796.815347, feasible=true, active_stations=1
[2026-10-06 06:12:23.509] [info] [candidate.cpp:199] InstancePrecompute: built 3 candidates
[2026-10-06 06:12:23.509] [info] [stationary.cpp:264] NN: cost=4835.577083, feasible=true, active_stations=1
[2026-10-06 06:12:23.509] [info] [candidate.cpp:199] InstancePrecompute: built 3 candidates
[2026-10-06 06:12:23.509] [info] [stationary.cpp:264] NN: cost=867.160849, feasible=true, active_stations=1
[2026-10-06 06:12:23.509] [info] [candidate.cpp:199] InstancePrecompute: built 3 candidates
[2026-10-06 06:12:23.509] [info] [stationary.cpp:264] NN: cost=914.479843, feasible=true, active_stations=1
[2026-10-06 06:12:23.509] [info] [candidate.cpp:199] InstancePrecompute: built 3 candidates
[2026-10-06 06:12:23.509] [info] [stationary.cpp:264] NN: cost=7045.855547, feasible=true, active_stations=1
[2026-10-06 06:12:23.509] [info] [candidate.cpp:199] InstancePrecompute: built 3 candidates
[2026-10-06 06:12:23.509] [info] [stationary.cpp:264] NN: cost=588.161573, feasible=true, active_stations=1
[2026-10-06 06:12:23.509] [info] [candidate.cpp:199] InstancePrecompute: built 3 candidates
[2026-10-06 06:12:23.509] [info] [stationary.cpp:264] NN: cost=6014.040195, feasible=true, active_stations=1
[2026-10-06 06:12:23.509] [info] [candidate.cpp:199] InstancePrecompute: built 3 candidates
[2026-10-06 06:12:23.509] [info] [stationary.cpp:264] NN: cost=466.646383, feasible=true, active_stations=1
[2026-10-06 06:12:23.509] [info] [candidate.cpp:199] InstancePrecompute: built 3 candidates
[2026-10-06 06:12:23.509] [info] [stationary.cpp:264] NN: cost=4796.815347, feasible=true, active_stations=1
[2026-10-06 06:12:23.509] [info] [candidate.cpp:199] InstancePrecompute: built 3 candidates
[2026-10-06 06:12:23.509] [info] [stationary.cpp:264] NN: cost=4835.577083, feasible=true, active_stations=1
[2026-10-06 06:12:23.509] [info] [candidate.cpp:199] InstancePrecompute: built 3 candidates
[2026-10-06 06:12:23.509] [info] [stationary.cpp:264] NN: cost=867.160849, feasible=true, active_stations=1
[2026-10-06 06:12:23.509] [info] [candidate.cpp:199] InstancePrecompute: built 3 candidates
[2026-10-06 06:12:23.509] [info] [stationary.cpp:264] NN: cost=914.479843, feasible=true, active_stations=1
[2026-10-06 06:12:23.509] [info] [candidate.cpp:199] InstancePrecompute: built 3 candidates
[2026-10-06 06:12:23.509] [info] [stationary.cpp:264] NN: cost=7045.855547, feasible=true, active_stations=1
[2026-10-06 06:12:23.509] [info] [candidate.cpp:199] InstancePrecompute: built 3 candidates
[2026-10-06 06:12:23.509] [info] [stationary.cpp:264] NN: cost=588.161573, feasible=true, active_stations=1
[2026-10-06 06:12:23.509] [info] [candidate.cpp:199] InstancePrecompute: built 3 candidates
[2026-10-06 06:12:23.509] [info] [stationary.cpp:264] NN: cost=6014.040195, feasible=true, active_stations=1
[2026-10-06 06:12:23.509] [info] [candidate.cpp:199] InstancePrecompute: built 3 candidates
[2026-10-06 06:12:23.509] [info] [stationary.cpp:264] NN: cost=466.646383, feasible=true, active_stations=1
[2026-10-06 06:12:23.509] [info] [candidate.cpp:199] InstancePrecompute: built 3 candidates
[2026-10-06 06:12:23.509] [info] [stationary.cpp:264] NN: cost=4796.815347, feasible=true, active_stations=1
[2026-10-06 06:12:23.509] [info] [candidate.cpp:199] InstancePrecompute: built 3 candidates
[2026-10-06 06:12:23.509] [info] [stationary.cpp:264] NN: cost=4835.577083, feasible=true, active_stations=1
[2026-10-06 06:12:23.509] [info] [candidate.cpp:199] InstancePrecompute: built 3 candidates
[2026-10-06 06:12:23.509] [info] [stationary.cpp:264] NN: cost=867.160849, feasible=true, active_stations=1
[2026-10-06 06:12:23.509] [info] [candidate.cpp:199] InstancePrecompute: built 3 candidates
[2026-10-06 06:12:23.509] [info] [stationary.cpp:264] NN: cost=914.479843, feasible=true, active_stations=1
[2026-10-06 06:12:23.509] [info] [candidate.cpp:199] InstancePrecompute: built 3 candidates
[2026-10-06 06:12:23.509] [info] [stationary.cpp:264] NN: cost=7045.855547, feasible=true, active_stations=1
[2026-10-06 06:12:23.509] [info] [candidate.cpp:199] InstancePrecompute: built 3 candidates
[2026-10-06 06:12:23.509] [info] [stationary.cpp:264] NN: cost=588.161573, feasible=true, active_stations=1
[2026-10-06 06:12:23.509] [info] [candidate.cpp:199] InstancePrecompute: built 3 candidates
[2026-10-06 06:12:23.509] [info] [stationary.cpp:264] NN: cost=6014.040195, feasible=true, active_stations=1
[2026-10-06 06:12:23.509] [info] [candidate.cpp:199] InstancePrecompute: built 3 candidates
[2026-10-06 06:12:23.509] [info] [stationary.cpp:264] NN: cost=466.646383, feasible=true, active_stations=1
[2026-10-06 06:12:23.509] [info] [candidate.cpp:199] InstancePrecompute: built 3 candidates
[2026-10-06 06:12:23.509] [info] [stationary.cpp:264] NN: cost=4796.815347, feasible=true, active_stations=1
[2026-10-06 06:12:23.509] [info] [candidate.cpp:199] InstancePrecompute: built 3 candidates
[2026-10-06 06:12:23.509] [info] [stationary.cpp:264] NN: cost=4835.577083, feasible=true, active_stations=1
[2026-10-06 06:12:23.509] [info] [candidate.cpp:199] InstancePrecompute: built 3 candidates
[2026-10-06 06:12:23.509] [info] [stationary.cpp:264] NN: cost=867.160849, feasible=true, active_stations=1
[2026-10-06 06:12:23.509] [info] [candidate.cpp:199] InstancePrecompute: built 3 candidates
[2026-10-06 06:12:23.509] [info] [stationary.cpp:264] NN: cost=914.479843, feasible=true, active_stations=1
[2026-10-06 06:12:23.509] [info] [candidate.cpp:199] InstancePrecompute: built 3 candidates
[2026-10-06 06:12:23.509] [info] [stationary.cpp:264] NN: cost=7045.855547, feasible=true, active_stations=1
[2026-10-06 06:12:23.509] [info] [candidate.cpp:199] InstancePrecompute: built 3 candidates
[2026-10-06 06:12:23.509] [info] [stationary.cpp:264] NN: cost=588.161573, feasible=true, active_stations=1
[2026-10-06 06:12:23.509] [info] [candidate.cpp:199] InstancePrecompute: built 3 candidates
[2026-10-06 06:12:23.509] [info] [stationary.cpp:264] NN: cost=6014.040195, feasible=true, active_stations=1
[2026-10-06 06:12:23.509] [info] [candidate.cpp:199] InstancePrecompute: built 3 candidates
[2026-10-06 06:12:23.509] [info] [stationary.cpp:264] NN: cost=466.646383, feasible=true, active_stations=1
[2026-10-06 06:12:23.509] [info] [candidate.cpp:199] InstancePrecompute: built 3 candidates
[2026-10-06 06:12:23.509] [info] [stationary.cpp:264] NN: cost=4796.815347, feasible=true, active_stations=1
[2026-10-06 06:12:23.509] [info] [candidate.cpp:199] InstancePrecompute: built 3 candidates
[2026-10-06 06:12:23.509] [info] [stationary.cpp:264] NN: cost=4835.577083, feasible=true, active_stations=1
[2026-10-06 06:12:23.509] [info] [candidate.cpp:199] InstancePrecompute: built 3 candidates
[2026-10-06 06:12:23.509] [info] [stationary.cpp:264] NN: cost=867.160849, feasible=true, active_stations=1
[2026-10-06 06:12:23.509] [info] [candidate.cpp:199] InstancePrecompute: built 3 candidates
[2026-10-06 06:12:23.509] [info] [stationary.cpp:264] NN: cost=914.479843, feasible=true, active_stations=1
[2026-10-06 06:12:23.509] [info] [candidate.cpp:199] InstancePrecompute: built 3 candidates
[2026-10-06 06:12:23.509] [info] [stationary.cpp:264] NN: cost=7045.855547, feasible=true, active_stations=1
[2026-10-06 06:12:23.509] [info] [candidate.cpp:199] InstancePrecompute: built 3 candidates
[2026-10-06 06:12:23.509] [info] [stationary.cpp:264] NN: cost=588.161573, feasible=true, active_stations=1
[2026-10-06 06:12:23.509] [info] [candidate.cpp:199] InstancePrecompute: built 3 candidates
[2026-10-06 06:12:23.509] [info] [stationary.cpp:264] NN: cost=6014.040195, feasible=true, active_stations=1
[2026-10-06 06:12:23.509] [info] [candidate.cpp:199] InstancePrecompute: built 3 candidates
[2026-10-06 06:12:23.509] [info] [stationary.cpp:264] NN: cost=466.646383, feasible=true, active_stations=1
[2026-10-06 06:12:23.509] [info] [candidate.cpp:199] InstancePrecompute: built 3 candidates
[2026-10-06 06:12:23.509] [info] [stationary.cpp:264] NN: cost=4796.815347, feasible=true, active_stations=1
[2026-10-06 06:12:23.509] [info] [candidate.cpp:199] InstancePrecompute: built 3 candidates
[2026-10-06 06:12:23.509] [info] [stationary.cpp:264] NN: cost=4835.577083, feasible=true, active_stations=1
[2026-10-06 06:12:23.509] [info] [candidate.cpp:199] InstancePrecompute: built 3 candidates
[2026-10-06 06:12:23.509] [info] [stationary.cpp:264] NN: cost=867.160849, feasible=true, active_stations=1
[2026-10-06 06:12:23.509] [info] [candidate.cpp:199] InstancePrecompute: built 3 candidates
[2026-10-06 06:12:23.509] [info] [stationary.cpp:264] NN: cost=914.479843, feasible=true, active_stations=1
[2026-10-06 06:12:23.509] [info] [candidate.cpp:199] InstancePrecompute: built 3 candidates
[2026-10-06 06:12:23.509] [info] [stationary.cpp:264] NN: cost=7045.855547, feasible=true, active_stations=1
[2026-10-06 06:12:23.509] [info] [candidate.cpp:199] InstancePrecompute: built 3 candidates
[2026-10-06 06:12:23.509] [info] [stationary.cpp:264] NN: cost=588.161573, feasible=true, active_stations=1
[2026-10-06 06:12:23.509] [info] [candidate.cpp:199] InstancePrecompute: built 3 candidates
[2026-10-06 06:12:23.509] [info] [stationary.cpp:264] NN: cost=6014.040195, feasible=true, active_stations=1
[2026-10-06 06:12:23.509] [info] [candidate.cpp:199] InstancePrecompute: built 3 candidates
[2026-10-06 06:12:23.509] [info] [stationary.cpp:264] NN: cost=466.646383, feasible=true, active_stations=1
[2026-10-06 06:12:23.509] [info] [candidate.cpp:199] InstancePrecompute: built 3 candidates
[2026-10-06 06:12:23.509] [info] [stationary.cpp:264] NN: cost=4796.815347, feasible=true, active_stations=1
[2026-10-06 06:12:23.509] [info] [candidate.cpp:199] InstancePrecompute: built 3 candidates
[2026-10-06 06:12:23.509] [info] [stationary.cpp:264] NN: cost=4835.577083, feasible=true, active_stations=1
[2026-10-06 06:12:23.509] [info] [candidate.cpp:199] InstancePrecompute: built 3 candidates
[2026-10-06 06:12:23.509] [info] [stationary.cpp:264] NN: cost=867.160849, feasible=true, active_stations=1
[2026-10-06 06:12:23.509] [info] [candidate.cpp:199] InstancePrecompute: built 3 candidates
[2026-10-06 06:12:23.509] [info] [stationary.cpp:264] NN: cost=914.479843, feasible=true, active_stations=1
[2026-10-06 06:12:23.509] [info] [candidate.cpp:199] InstancePrecompute: built 3 candidates
[2026-10-06 06:12:23.509] [info] [stationary.cpp:264] NN: cost=7045.855547, feasible=true, active_stations=1
[2026-10-06 06:12:23.509] [info] [candidate.cpp:199] InstancePrecompute: built 3 candidates
[2026-10-06 06:12:23.509] [info] [stationary.cpp:264] NN: cost=588.161573, feasible=true, active_stations=1
[2026-10-06 06:12:23.509] [info] [candidate.cpp:199] InstancePrecompute: built 3 candidates
[2026-10-06 06:12:23.509] [info] [stationary.cpp:264] NN: cost=6014.040195, feasible=true, active_stations=1
[2026-10-06 06:12:23.509] [info] [candidate.cpp:199] InstancePrecompute: built 3 candidates
[2026-10-06 06:12:23.509] [info] [stationary.cpp:264] NN: cost=466.646383, feasible=true, active_stations=1
[2026-10-06 06:12:23.509] [info] [candidate.cpp:199] InstancePrecompute: built 3 candidates
[2026-10-06 06:12:23.509] [info] [stationary.cpp:264] NN: cost=4796.815347, feasible=true, active_stations=1
[2026-10-06 06:12:23.509] [info] [candidate.cpp:199] InstancePrecompute: built 3 candidates
[2026-10-06 06:12:23.509] [info] [stationary.cpp:264] NN: cost=4835.577083, feasible=true, active_stations=1
[2026-10-06 06:12:23.509] [info] [candidate.cpp:199] InstancePrecompute: built 3 candidates
[2026-10-06 06:12:23.509] [info] [stationary.cpp:264] NN: cost=867.160849, feasible=true, active_stations=1
[2026-10-06 06:12:23.509] [info] [candidate.cpp:199] InstancePrecompute: built 3 candidates
[2026-10-06 06:12:23.509] [info] [stationary.cpp:264] NN: cost=914.479843, feasible=true, active_stations=1
[2026-10-06 06:12:23.509] [info] [candidate.cpp:199] InstancePrecompute: built 3 candidates
[2026-10-06 06:12:23.509] [info] [stationary.cpp:264] NN: cost=7045.855547, feasible=true, active_stations=1
[2026-10-06 06:12:23.509] [info] [candidate.cpp:199] InstancePrecompute: built 3 candidates
[2026-10-06 06:12:23.509] [info] [stationary.cpp:264] NN: cost=588.161573, feasible=true, active_stations=1
[2026-10-06 06:12:23.509] [info] [candidate.cpp:199] InstancePrecompute: built 3 candidates
[2026-10-06 06:12:23.509] [info] [stationary.cpp:264] NN: cost=6014.040195, feasible=true, active_stations=1
[2026-10-06 06:12:23.509] [info] [candidate.cpp:199] InstancePrecompute: built 3 candidates
[2026-10-06 06:12:23.509] [info] [stationary.cpp:264] NN: cost=466.646383, feasible=true, active_stations=1
[2026-10-06 06:12:23.509] [info] [candidate.cpp:199] InstancePrecompute: built 3 candidates
[2026-10-06 06:12:23.509] [info] [stationary.cpp:264] NN: cost=4796.815347, feasible=true, active_stations=1
[2026-10-06 06:12:23.509] [info] [candidate.cpp:199] InstancePrecompute: built 3 candidates
[2026-10-06 06:12:23.509] [info] [stationary.cpp:264] NN: cost=4835.577083, feasible=true, active_stations=1
[2026-10-06 06:12:23.509] [info] [candidate.cpp:199] InstancePrecompute: built 3 candidates
[2026-10-06 06:12:23.509] [info] [stationary.cpp:264] NN: cost=867.160849, feasible=true, active_stations=1
[2026-10-06 06:12:23.509] [info] [candidate.cpp:199] InstancePrecompute: built 3 candidates
[2026-10-06 06:12:23.509] [info] [stationary.cpp:264] NN: cost=914.479843, feasible=true, active_stations=1
[2026-10-06 06:12:23.509] [info] [candidate.cpp:199] InstancePrecompute: built 3 candidates
[2026-10-06 06:12:23.509] [info] [stationary.cpp:264] NN: cost=7045.855547, feasible=true, active_stations=1
[2026-10-06 06:12:23.509] [info] [candidate.cpp:199] InstancePrecompute: built 3 candidates
[2026-10-06 06:12:23.509] [info] [stationary.cpp:264] NN: cost=588.161573, feasible=true, active_stations=1
[2026-10-06 06:12:23.509] [info] [candidate.cpp:199] InstancePrecompute: built 3 candidates
[2026-10-06 06:12:23.509] [info] [stationary.cpp:264] NN: cost=6014.040195, feasible=true, active_stations=1
[2026-10-06 06:12:23.509] [info] [candidate.cpp:199] InstancePrecompute: built 3 candidates
[2026-10-06 06:12:23.509] [info] [stationary.cpp:264] NN: cost=466.646383, feasible=true, active_stations=1
[2026-10-06 06:12:23.509] [info] [candidate.cpp:199] InstancePrecompute: built 3 candidates
[2026-10-06 06:12:23.509] [info] [stationary.cpp:264] NN: cost=4796.815347, feasible=true, active_stations=1
[2026-10-06 06:12:23.509] [info] [candidate.cpp:199] InstancePrecompute: built 3 candidates
[2026-10-06 06:12:23.509] [info] [stationary.cpp:264] NN: cost=4835.577083, feasible=true, active_stations=1
[2026-10-06 06:12:23.509] [info] [candidate.cpp:199] InstancePrecompute: built 3 candidates
[2026-10-06 06:12:23.509] [info] [stationary.cpp:264] NN: cost=867.160849, feasible=true, active_stations=1
[2026-10-06 06:12:23.509] [info] [candidate.cpp:199] InstancePrecompute: built 3 candidates
[2026-10-06 06:12:23.509] [info] [stationary.cpp:264] NN: cost=914.479843, feasible=true, active_stations=1
[2026-10-06 06:12:23.509] [info] [candidate.cpp:199] InstancePrecompute: built 3 candidates
[2026-10-06 06:12:23.509] [info] [stationary.cpp:264] NN: cost=7045.855547, feasible=true, active_stations=1
[2026-10-06 06:12:23.509] [info] [candidate.cpp:199] InstancePrecompute: built 3 candidates
[2026-10-06 06:12:23.509] [info] [stationary.cpp:264] NN: cost=588.161573, feasible=true, active_stations=1
[2026-10-06 06:12:23.509] [info] [candidate.cpp:199] InstancePrecompute: built 3 candidates
[2026-10-06 06:12:23.509] [info] [stationary.cpp:264] NN: cost=6014.040195, feasible=true, active_stations=1
[2026-10-06 06:12:23.509] [info] [candidate.cpp:199] InstancePrecompute: built 3 candidates
[2026-10-06 06:12:23.509] [info] [stationary.cpp:264] NN: cost=466.646383, feasible=true, active_stations=1
[2026-10-06 06:12:23.509] [info] [candidate.cpp:199] InstancePrecompute: built 3 candidates
[2026-10-06 06:12:23.509] [info] [stationary.cpp:264] NN: cost=4796.815347, feasible=true, active_stations=1
[2026-10-06 06:12:23.509] [info] [candidate.cpp:199] InstancePrecompute: built 3 candidates
[2026-10-06 06:12:23.509] [info] [stationary.cpp:264] NN: cost=4835.577083, feasible=true, active_stations=1
[2026-10-06 06:12:23.509] [info] [candidate.cpp:199] InstancePrecompute: built 3 candidates
[2026-10-06 06:12:23.509] [info] [stationary.cpp:264] NN: cost=867.160849, feasible=true, active_stations=1
[2026-10-06 06:12:23.509] [info] [candidate.cpp:199] InstancePrecompute: built 3 candidates
[2026-10-06 06:12:23.509] [info] [stationary.cpp:264] NN: cost=914.479843, feasible=true, active_stations=1
[2026-10-06 06:12:23.509] [info] [candidate.cpp:199] InstancePrecompute: built 3 candidates
[2026-10-06 06:12:23.509] [info] [stationary.cpp:264] NN: cost=7045.855547, feasible=true, active_stations=1
[2026-10-06 06:12:23.509] [info] [candidate.cpp:199] InstancePrecompute: built 3 candidates
[2026-10-06 06:12:23.509] [info] [stationary.cpp:264] NN: cost=588.161573, feasible=true, active_stations=1
[2026-10-06 06:12:23.509] [info] [candidate.cpp:199] InstancePrecompute: built 3 candidates
[2026-10-06 06:12:23.509] [info] [stationary.cpp:264] NN: cost=6014.040195, feasible=true, active_stations=1
[2026-10-06 06:12:23.509] [info] [candidate.cpp:199] InstancePrecompute: built 3 candidates
[2026-10-06 06:12:23.509] [info] [stationary.cpp:264] NN: cost=466.646383, feasible=true, active_stations=1
[2026-10-06 06:12:23.509] [info] [candidate.cpp:199] InstancePrecompute: built 3 candidates
[2026-10-06 06:12:23.509] [info] [stationary.cpp:264] NN: cost=4796.815347, feasible=true, active_stations=1
[2026-10-06 06:12:23.509] [info] [candidate.cpp:199] InstancePrecompute: built 3 candidates
[2026-10-06 06:12:23.509] [info] [stationary.cpp:264] NN: cost=4835.577083, feasible=true, active_stations=1
[2026-10-06 06:12:23.509] [info] [candidate.cpp:199] InstancePrecompute: built 3 candidates
[2026-10-06 06:12:23.509] [info] [stationary.cpp:264] NN: cost=867.160849, feasible=true, active_stations=1
[2026-10-06 06:12:23.509] [info] [candidate.cpp:199] InstancePrecompute: built 3 candidates
[2026-10-06 06:12:23.509] [info] [stationary.cpp:264] NN: cost=914.479843, feasible=true, active_stations=1
[2026-10-06 06:12:23.509] [info] [candidate.cpp:199] InstancePrecompute: built 3 candidates
[2026-10-06 06:12:23.509] [info] [stationary.cpp:264] NN: cost=7045.855547, feasible=true, active_stations=1
[2026-10-06 06:12:23.509] [info] [candidate.cpp:199] InstancePrecompute: built 3 candidates
[2026-10-06 06:12:23.509] [info] [stationary.cpp:264] NN: cost=588.161573, feasible=true, active_stations=1
[2026-10-06 06:12:23.509] [info] [candidate.cpp:199] InstancePrecompute: built 3 candidates
[2026-10-06 06:12:23.509] [info] [stationary.cpp:264] NN: cost=6014.040195, feasible=true, active_stations=1
[2026-10-06 06:12:23.509] [info] [candidate.cpp:199] InstancePrecompute: built 3 candidates
[2026-10-06 06:12:23.509] [info] [stationary.cpp:264] NN: cost=466.646383, feasible=true, active_stations=1
[2026-10-06 06:12:23.509] [info] [candidate.cpp:199] InstancePrecompute: built 3 candidates
[2026-10-06 06:12:23.509] [info] [stationary.cpp:264] NN: cost=4796.815347, feasible=true, active_stations=1
[2026-10-06 06:12:23.509] [info] [candidate.cpp:199] InstancePrecompute: built 3 candidates
[2026-10-06 06:12:23.509] [info] [stationary.cpp:264] NN: cost=4835.577083, feasible=true, active_stations=1
[2026-10-06 06:12:23.509] [info] [candidate.cpp:199] InstancePrecompute: built 3 candidates
[2026-10-06 06:12:23.509] [info] [stationary.cpp:264] NN: cost=867.160849, feasible=true, active_stations=1
[2026-10-06 06:12:23.509] [info] [candidate.cpp:199] InstancePrecompute: built 3 candidates
[2026-10-06 06:12:23.509] [info] [stationary.cpp:264] NN: cost=914.479843, feasible=true, active_stations=1
[2026-10-06 06:12:23.509] [info] [candidate.cpp:199] InstancePrecompute: built 3 candidates
[2026-10-06 06:12:23.509] [info] [stationary.cpp:264] NN: cost=7045.855547, feasible=true, active_stations=1
[2026-10-06 06:12:23.509] [info] [candidate.cpp:199] InstancePrecompute: built 3 candidates
[2026-10-06 06:12:23.509] [info] [stationary.cpp:264] NN: cost=588.161573, feasible=true, active_stations=1
[2026-10-06 06:12:23.509] [info] [candidate.cpp:199] InstancePrecompute: built 3 candidates
[2026-10-06 06:12:23.509] [info] [stationary.cpp:264] NN: cost=6014.040195, feasible=true, active_stations=1
[2026-10-06 06:12:23.509] [info] [candidate.cpp:199] InstancePrecompute: built 3 candidates
[2026-10-06 06:12:23.509] [info] [stationary.cpp:264] NN: cost=466.646383, feasible=true, active_stations=1
[2026-10-06 06:12:23.509] [info] [candidate.cpp:199] InstancePrecompute: built 3 candidates
[2026-10-06 06:12:23.509] [info] [stationary.cpp:264] NN: cost=4796.815347, feasible=true, active_stations=1
[2026-10-06 06:12:23.509] [info] [candidate.cpp:199] InstancePrecompute: built 3 candidates
[2026-10-06 06:12:23.509] [info] [stationary.cpp:264] NN: cost=4835.577083, feasible=true, active_stations=1
[2026-10-06 06:12:23.509] [info] [candidate.cpp:199] InstancePrecompute: built 3 candidates
[2026-10-06 06:12:23.509] [info] [stationary.cpp:264] NN: cost=867.160849, feasible=true, active_stations=1
[2026-10-06 06:12:23.509] [info] [candidate.cpp:199] InstancePrecompute: built 3 candidates
[2026-10-06 06:12:23.509] [info] [stationary.cpp:264] NN: cost=914.479843, feasible=true, active_stations=1
[2026-10-06 06:12:23.509] [info] [candidate.cpp:199] InstancePrecompute: built 3 candidates
[2026-10-06 06:12:23.509] [info] [stationary.cpp:264] NN: cost=7045.855547, feasible=true, active_stations=1
[2026-10-06 06:12:23.509] [info] [candidate.cpp:199] InstancePrecompute: built 3 candidates
[2026-10-06 06:12:23.509] [info] [stationary.cpp:264] NN: cost=588.161573, feasible=true, active_stations=1
[2026-10-06 06:12:23.509] [info] [candidate.cpp:199] InstancePrecompute: built 3 candidates
[2026-10-06 06:12:23.509] [info] [stationary.cpp:264] NN: cost=6014.040195, feasible=true, active_stations=1
[2026-10-06 06:12:23.509] [info] [candidate.cpp:199] InstancePrecompute: built 3 candidates
[2026-10-06 06:12:23.509] [info] [stationary.cpp:264] NN: cost=466.646383, feasible=true, active_stations=1
[2026-10-06 06:12:23.509] [info] [candidate.cpp:199] InstancePrecompute: built 3 candidates
[2026-10-06 06:12:23.509] [info] [stationary.cpp:264] NN: cost=4796.815347, feasible=true, active_stations=1
[2026-10-06 06:12:23.509] [info] [candidate.cpp:199] InstancePrecompute: built 3 candidates
[2026-10-06 06:12:23.509] [info] [stationary.cpp:264] NN: cost=4835.577083, feasible=true, active_stations=1
[2026-10-06 06:12:23.509] [info] [candidate.cpp:199] InstancePrecompute: built 3 candidates
[2026-10-06 06:12:23.509] [info] [stationary.cpp:264] NN: cost=867.160849, feasible=true, active_stations=1
[2026-10-06 06:12:23.509] [info] [candidate.cpp:199] InstancePrecompute: built 3 candidates
[2026-10-06 06:12:23.509] [info] [stationary.cpp:264] NN: cost=914.479843, feasible=true, active_stations=1
[2026-10-06 06:12:23.509] [info] [candidate.cpp:199] InstancePrecompute: built 3 candidates
[2026-10-06 06:12:23.509] [info] [stationary.cpp:264] NN: cost=7045.855547, feasible=true, active_stations=1
[2026-10-06 06:12:23.509] [info] [candidate.cpp:199] InstancePrecompute: built 3 candidates
[2026-10-06 06:12:23.509] [info] [stationary.cpp:264] NN: cost=588.161573, feasible=true, active_stations=1
[2026-10-06 06:12:23.509] [info] [candidate.cpp:199] InstancePrecompute: built 3 candidates
[2026-10-06 06:12:23.509] [info] [stationary.cpp:264] NN: cost=6014.040195, feasible=true, active_stations=1
[2026-10-06 06:12:23.509] [info] [candidate.cpp:199] InstancePrecompute: built 3 candidates
[2026-10-06 06:12:23.509] [info] [stationary.cpp:264] NN: cost=466.646383, feasible=true, active_stations=1
[2026-10-06 06:12:23.509] [info] [candidate.cpp:199] InstancePrecompute: built 3 candidates
[2026-10-06 06:12:23.509] [info] [stationary.cpp:264] NN: cost=4796.815347, feasible=true, active_stations=1
[2026-10-06 06:12:23.509] [info] [candidate.cpp:199] InstancePrecompute: built 3 candidates
[2026-10-06 06:12:23.509] [info] [stationary.cpp:264] NN: cost=4835.577083, feasible=true, active_stations=1
[2026-10-06 06:12:23.509] [info] [candidate.cpp:199] InstancePrecompute: built 3 candidates
[2026-10-06 06:12:23.509] [info] [stationary.cpp:264] NN: cost=867.160849, feasible=true, active_stations=1
[2026-10-06 06:12:23.509] [info] [candidate.cpp:199] InstancePrecompute: built 3 candidates
[2026-10-06 06:12:23.509] [info] [stationary.cpp:264] NN: cost=914.479843, feasible=true, active_stations=1
[2026-10-06 06:12:23.509] [info] [candidate.cpp:199] InstancePrecompute: built 3 candidates
[2026-10-06 06:12:23.509] [info] [stationary.cpp:264] NN: cost=7045.855547, feasible=true, active_stations=1
[2026-10-06 06:12:23.509] [info] [candidate.cpp:199] InstancePrecompute: built 3 candidates
[2026-10-06 06:12:23.509] [info] [stationary.cpp:264] NN: cost=588.161573, feasible=true, active_stations=1
[2026-10-06 06:12:23.509] [info] [candidate.cpp:199] InstancePrecompute: built 3 candidates
[2026-10-06 06:12:23.509] [info] [stationary.cpp:264] NN: cost=6014.040195, feasible=true, active_stations=1
[2026-10-06 06:12:23.509] [info] [candidate.cpp:199] InstancePrecompute: built 3 candidates
[2026-10-06 06:12:23.509] [info] [stationary.cpp:264] NN: cost=466.646383, feasible=true, active_stations=1
[2026-10-06 06:12:23.509] [info] [candidate.cpp:199] InstancePrecompute: built 3 candidates
[2026-10-06 06:12:23.509] [info] [stationary.cpp:264] NN: cost=4796.815347, feasible=true, active_stations=1
[2026-10-06 06:12:23.509] [info] [candidate.cpp:199] InstancePrecompute: built 3 candidates
[2026-10-06 06:12:23.509] [info] [stationary.cpp:264] NN: cost=4835.577083, feasible=true, active_stations=1
[2026-10-06 06:12:23.509] [info] [candidate.cpp:199] InstancePrecompute: built 3 candidates
[2026-10-06 06:12:23.509] [info] [stationary.cpp:264] NN: cost=867.160849, feasible=true, active_stations=1
[2026-10-06 06:12:23.509] [info] [candidate.cpp:199] InstancePrecompute: built 3 candidates
[2026-10-06 06:12:23.509] [info] [stationary.cpp:264] NN: cost=914.479843, feasible=true, active_stations=1
[2026-10-06 06:12:23.509] [info] [candidate.cpp:199] InstancePrecompute: built 3 candidates
[2026-10-06 06:12:23.509] [info] [stationary.cpp:264] NN: cost=7045.855547, feasible=true, active_stations=1
[2026-10-06 06:12:23.509] [info] [candidate.cpp:199] InstancePrecompute: built 3 candidates
[2026-10-06 06:12:23.509] [info] [stationary.cpp:264] NN: cost=588.161573, feasible=true, active_stations=1
[2026-10-06 06:12:23.509] [info] [candidate.cpp:199] InstancePrecompute: built 3 candidates
[2026-10-06 06:12:23.509] [info] [stationary.cpp:264] NN: cost=6014.040195, feasible=true, active_stations=1
[2026-10-06 06:12:23.509] [info] [candidate.cpp:199] InstancePrecompute: built 3 candidates
[2026-10-06 06:12:23.509] [info] [stationary.cpp:264] NN: cost=466.646383, feasible=true, active_stations=1
[2026-10-06 06:12:23.509] [info] [candidate.cpp:199] InstancePrecompute: built 3 candidates
[2026-10-06 06:12:23.509] [info] [stationary.cpp:264] NN: cost=4796.815347, feasible=true, active_stations=1
[2026-10-06 06:12:23.509] [info] [candidate.cpp:199] InstancePrecompute: built 3 candidates
[2026-10-06 06:12:23.509] [info] [stationary.cpp:264] NN: cost=4835.577083, feasible=true, active_stations=1
[2026-10-06 06:12:23.509] [info] [candidate.cpp:199] InstancePrecompute: built 3 candidates
[2026-10-06 06:12:23.509] [info] [stationary.cpp:264] NN: cost=867.160849, feasible=true, active_stations=1
[2026-10-06 06:12:23.509] [info] [candidate.cpp:199] InstancePrecompute: built 3 candidates
[2026-10-06 06:12:23.509] [info] [stationary.cpp:264] NN: cost=914.479843, feasible=true, active_stations=1
[2026-10-06 06:12:23.509] [info] [candidate.cpp:199] InstancePrecompute: built 3 candidates
[2026-10-06 06:12:23.509] [info] [stationary.cpp:264] NN: cost=7045.855547, feasible=true, active_stations=1
[2026-10-06 06:12:23.509] [info] [candidate.cpp:199] InstancePrecompute: built 3 candidates
[2026-10-06 06:12:23.509] [info] [stationary.cpp:264] NN: cost=588.161573, feasible=true, active_stations=1
[2026-10-06 06:12:23.509] [info] [candidate.cpp:199] InstancePrecompute: built 3 candidates
[2026-10-06 06:12:23.509] [info] [stationary.cpp:264] NN: cost=6014.040195, feasible=true, active_stations=1
[2026-10-06 06:12:23.509] [info] [candidate.cpp:199] InstancePrecompute: built 3 candidates
[2026-10-06 06:12:23.509] [info] [stationary.cpp:264] NN: cost=466.646383, feasible=true, active_stations=1
[2026-10-06 06:12:23.509] [info] [candidate.cpp:199] InstancePrecompute: built 3 candidates
[2026-10-06 06:12:23.509] [info] [stationary.cpp:264] NN: cost=4796.815347, feasible=true, active_stations=1
[2026-10-06 06:12:23.509] [info] [candidate.cpp:199] InstancePrecompute: built 3 candidates
[2026-10-06 06:12:23.509] [info] [stationary.cpp:264] NN: cost=4835.577083, feasible=true, active_stations=1
[2026-10-06 06:12:23.509] [info] [candidate.cpp:199] InstancePrecompute: built 3 candidates
[2026-10-06 06:12:23.509] [info] [stationary.cpp:264] NN: cost=867.160849, feasible=true, active_stations=1
[2026-10-06 06:12:23.509] [info] [candidate.cpp:199] InstancePrecompute: built 3 candidates
[2026-10-06 06:12:23.509] [info] [stationary.cpp:264] NN: cost=914.479843, feasible=true, active_stations=1
[2026-10-06 06:12:23.509] [info] [candidate.cpp:199] InstancePrecompute: built 3 candidates
[2026-10-06 06:12:23.509] [info] [stationary.cpp:264] NN: cost=7045.855547, feasible=true, active_stations=1
[2026-10-06 06:12:23.509] [info] [candidate.cpp:199] InstancePrecompute: built 3 candidates
[2026-10-06 06:12:23.509] [info] [stationary.cpp:264] NN: cost=588.161573, feasible=true, active_stations=1
[2026-10-06 06:12:23.509] [info] [candidate.cpp:199] InstancePrecompute: built 3 candidates
[2026-10-06 06:12:23.509] [info] [stationary.cpp:264] NN: cost=6014.040195, feasible=true, active_stations=1
[2026-10-06 06:12:23.509] [info] [candidate.cpp:199] InstancePrecompute: built 3 candidates
[2026-10-06 06:12:23.509] [info] [stationary.cpp:264] NN: cost=466.646383, feasible=true, active_stations=1
[2026-10-06 06:12:23.509] [info] [candidate.cpp:199] InstancePrecompute: built 3 candidates
[2026-10-06 06:12:23.509] [info] [stationary.cpp:264] NN: cost=4796.815347, feasible=true, active_stations=1
[2026-10-06 06:12:23.509] [info] [candidate.cpp:199] InstancePrecompute: built 3 candidates
[2026-10-06 06:12:23.509] [info] [stationary.cpp:264] NN: cost=4835.577083, feasible=true, active_stations=1
[2026-10-06 06:12:23.509] [info] [candidate.cpp:199] InstancePrecompute: built 3 candidates
[2026-10-06 06:12:23.509] [info] [stationary.cpp:264] NN: cost=867.160849, feasible=true, active_stations=1
[2026-10-06 06:12:23.509] [info] [candidate.cpp:199] InstancePrecompute: built 3 candidates
[2026-10-06 06:12:23.509] [info] [stationary.cpp:264] NN: cost=914.479843, feasible=true, active_stations=1
[2026-10-06 06:12:23.509] [info] [candidate.cpp:199] InstancePrecompute: built 3 candidates
[2026-10-06 06:12:23.509] [info] [stationary.cpp:264] NN: cost=7045.855547, feasible=true, active_stations=1
[2026-10-06 06:12:23.509] [info] [candidate.cpp:199] InstancePrecompute: built 3 candidates
[2026-10-06 06:12:23.509] [info] [stationary.cpp:264] NN: cost=588.161573, feasible=true, active_stations=1
[2026-10-06 06:12:23.509] [info] [candidate.cpp:199] InstancePrecompute: built 3 candidates
[2026-10-06 06:12:23.509] [info] [stationary.cpp:264] NN: cost=6014.040195, feasible=true, active_stations=1
[2026-10-06 06:12:23.509] [info] [candidate.cpp:199] InstancePrecompute: built 3 candidates
[2026-10-06 06:12:23.509] [info] [stationary.cpp:264] NN: cost=466.646383, feasible=true, active_stations=1
[2026-10-06 06:12:23.509] [info] [candidate.cpp:199] InstancePrecompute: built 3 candidates
[2026-10-06 06:12:23.509] [info] [stationary.cpp:264] NN: cost=4796.815347, feasible=true, active_stations=1
[2026-10-06 06:12:23.509] [info] [candidate.cpp:199] InstancePrecompute: built 3 candidates
[2026-10-06 06:12:23.509] [info] [stationary.cpp:264] NN: cost=4835.577083, feasible=true, active_stations=1
[2026-10-06 06:12:23.509] [info] [candidate.cpp:199] InstancePrecompute: built 3 candidates
[2026-10-06 06:12:23.509] [info] [stationary.cpp:264] NN: cost=867.160849, feasible=true, active_stations=1
[2026-10-06 06:12:23.509] [info] [candidate.cpp:199] InstancePrecompute: built 3 candidates
[2026-10-06 06:12:23.509] [info] [stationary.cpp:264] NN: cost=914.479843, feasible=true, active_stations=1
[2026-10-06 06:12:23.509] [info] [candidate.cpp:199] InstancePrecompute: built 3 candidates
[2026-10-06 06:12:23.509] [info] [stationary.cpp:264] NN: cost=7045.855547, feasible=true, active_stations=1
[2026-10-06 06:12:23.509] [info] [candidate.cpp:199] InstancePrecompute: built 3 candidates
[2026-10-06 06:12:23.509] [info] [stationary.cpp:264] NN: cost=588.161573, feasible=true, active_stations=1
[2026-10-06 06:12:23.509] [info] [candidate.cpp:199] InstancePrecompute: built 3 candidates
[2026-10-06 06:12:23.509] [info] [stationary.cpp:264] NN: cost=6014.040195, feasible=true, active_stations=1
[2026-10-06 06:12:23.509] [info] [candidate.cpp:199] InstancePrecompute: built 3 candidates
[2026-10-06 06:12:23.509] [info] [stationary.cpp:264] NN: cost=466.646383, feasible=true, active_stations=1
[2026-10-06 06:12:23.509] [info] [candidate.cpp:199] InstancePrecompute: built 3 candidates
[2026-10-06 06:12:23.509] [info] [stationary.cpp:264] NN: cost=4796.815347, feasible=true, active_stations=1
[2026-10-06 06:12:23.509] [info] [candidate.cpp:199] InstancePrecompute: built 3 candidates
[2026-10-06 06:12:23.509] [info] [stationary.cpp:264] NN: cost=4835.577083, feasible=true, active_stations=1
[2026-10-06 06:12:23.509] [info] [candidate.cpp:199] InstancePrecompute: built 3 candidates
[2026-10-06 06:12:23.509] [info] [stationary.cpp:264] NN: cost=867.160849, feasible=true, active_stations=1
[2026-10-06 06:12:23.509] [info] [candidate.cpp:199] InstancePrecompute: built 3 candidates
[2026-10-06 06:12:23.509] [info] [stationary.cpp:264] NN: cost=914.479843, feasible=true, active_stations=1
[2026-10-06 06:12:23.509] [info] [candidate.cpp:199] InstancePrecompute: built 3 candidates
[2026-10-06 06:12:23.509] [info] [stationary.cpp:264] NN: cost=7045.855547, feasible=true, active_stations=1
[2026-10-06 06:12:23.509] [info] [candidate.cpp:199] InstancePrecompute: built 3 candidates
[2026-10-06 06:12:23.509] [info] [stationary.cpp:264] NN: cost=588.161573, feasible=true, active_stations=1
[2026-10-06 06:12:23.509] [info] [candidate.cpp:199] InstancePrecompute: built 3 candidates
[2026-10-06 06:12:23.509] [info] [stationary.cpp:264] NN: cost=6014.040195, feasible=true, active_stations=1
[2026-10-06 06:12:23.509] [info] [candidate.cpp:199] InstancePrecompute: built 3 candidates
[2026-10-06 06:12:23.509] [info] [stationary.cpp:264] NN: cost=466.646383, feasible=true, active_stations=1
[2026-10-06 06:12:23.509] [info] [candidate.cpp:199] InstancePrecompute: built 3 candidates
[2026-10-06 06:12:23.509] [info] [stationary.cpp:264] NN: cost=4796.815347, feasible=true, active_stations=1
[2026-10-06 06:12:23.509] [info] [candidate.cpp:199] InstancePrecompute: built 3 candidates
[2026-10-06 06:12:23.509] [info] [stationary.cpp:264] NN: cost=4835.577083, feasible=true, active_stations=1
[2026-10-06 06:12:23.509] [info] [candidate.cpp:199] InstancePrecompute: built 3 candidates
[2026-10-06 06:12:23.509] [info] [stationary.cpp:264] NN: cost=867.160849, feasible=true, active_stations=1
[2026-10-06 06:12:23.509] [info] [candidate.cpp:199] InstancePrecompute: built 3 candidates
[2026-10-06 06:12:23.509] [info] [stationary.cpp:264] NN: cost=914.479843, feasible=true, active_stations=1
[2026-10-06 06:12:23.509] [info] [candidate.cpp:199] InstancePrecompute: built 3 candidates
[2026-10-06 06:12:23.509] [info] [stationary.cpp:264] NN: cost=7045.855547, feasible=true, active_stations=1
[2026-10-06 06:12:23.509] [info] [candidate.cpp:199] InstancePrecompute: built 3 candidates
[2026-10-06 06:12:23.509] [info] [stationary.cpp:264] NN: cost=588.161573, feasible=true, active_stations=1
[2026-10-06 06:12:23.509] [info] [candidate.cpp:199] InstancePrecompute: built 3 candidates
[2026-10-06 06:12:23.509] [info] [stationary.cpp:264] NN: cost=6014.040195, feasible=true, active_stations=1
[2026-10-06 06:12:23.509] [info] [candidate.cpp:199] InstancePrecompute: built 3 candidates
[2026-10-06 06:12:23.509] [info] [stationary.cpp:264] NN: cost=466.646383, feasible=true, active_stations=1
[2026-10-06 06:12:23.509] [info] [candidate.cpp:199] InstancePrecompute: built 3 candidates
[2026-10-06 06:12:23.509] [info] [stationary.cpp:264] NN: cost=4796.815347, feasible=true, active_stations=1
[2026-10-06 06:12:23.509] [info] [candidate.cpp:199] InstancePrecompute: built 3 candidates
[2026-10-06 06:12:23.509] [info] [stationary.cpp:264] NN: cost=4835.577083, feasible=true, active_stations=1
[2026-10-06 06:12:23.509] [info] [candidate.cpp:199] InstancePrecompute: built 3 candidates
[2026-10-06 06:12:23.509] [info] [stationary.cpp:264] NN: cost=867.160849, feasible=true, active_stations=1
[2026-10-06 06:12:23.509] [info] [candidate.cpp:199] InstancePrecompute: built 3 candidates
[2026-10-06 06:12:23.509] [info] [stationary.cpp:264] NN: cost=914.479843, feasible=true, active_stations=1
[2026-10-06 06:12:23.509] [info] [candidate.cpp:199] InstancePrecompute: built 3 candidates
[2026-10-06 06:12:23.509] [info] [stationary.cpp:264] NN: cost=7045.855547, feasible=true, active_stations=1
[2026-10-06 06:12:23.509] [info] [candidate.cpp:199] InstancePrecompute: built 3 candidates
[2026-10-06 06:12:23.509] [info] [stationary.cpp:264] NN: cost=588.161573, feasible=true, active_stations=1
[2026-10-06 06:12:23.509] [info] [candidate.cpp:199] InstancePrecompute: built 3 candidates
[2026-10-06 06:12:23.509] [info] [stationary.cpp:264] NN: cost=6014.040195, feasible=true, active_stations=1
[2026-10-06 06:12:23.509] [info] [candidate.cpp:199] InstancePrecompute: built 3 candidates
[2026-10-06 06:12:23.509] [info] [stationary.cpp:264] NN: cost=466.646383, feasible=true, active_stations=1
[2026-10-06 06:12:23.509] [info] [candidate.cpp:199] InstancePrecompute: built 3 candidates
[2026-10-06 06:12:23.509] [info] [stationary.cpp:264] NN: cost=4796.815347, feasible=true, active_stations=1
[2026-10-06 06:12:23.509] [info] [candidate.cpp:199] InstancePrecompute: built 3 candidates
[2026-10-06 06:12:23.509] [info] [stationary.cpp:264] NN: cost=4835.577083, feasible=true, active_stations=1
[2026-10-06 06:12:23.509] [info] [candidate.cpp:199] InstancePrecompute: built 3 candidates
[2026-10-06 06:12:23.509] [info] [stationary.cpp:264] NN: cost=867.160849, feasible=true, active_stations=1
[2026-10-06 06:12:23.509] [info] [candidate.cpp:199] InstancePrecompute: built 3 candidates
[2026-10-06 06:12:23.509] [info] [stationary.cpp:264] NN: cost=914.479843, feasible=true, active_stations=1
[2026-10-06 06:12:23.509] [info] [candidate.cpp:199] InstancePrecompute: built 3 candidates
[2026-10-06 06:12:23.509] [info] [stationary.cpp:264] NN: cost=7045.855547, feasible=true, active_stations=1
[2026-10-06 06:12:23.509] [info] [candidate.cpp:199] InstancePrecompute: built 3 candidates
[2026-10-06 06:12:23.509] [info] [stationary.cpp:264] NN: cost=588.161573, feasible=true, active_stations=1
[2026-10-06 06:12:23.509] [info] [candidate.cpp:199] InstancePrecompute: built 3 candidates
[2026-10-06 06:12:23.509] [info] [stationary.cpp:264] NN: cost=6014.040195, feasible=true, active_stations=1
[2026-10-06 06:12:23.509] [info] [candidate.cpp:199] InstancePrecompute: built 3 candidates
[2026-10-06 06:12:23.509] [info] [stationary.cpp:264] NN: cost=466.646383, feasible=true, active_stations=1
[2026-10-06 06:12:23.509] [info] [candidate.cpp:199] InstancePrecompute: built 3 candidates
[2026-10-06 06:12:23.509] [info] [stationary.cpp:264] NN: cost=4796.815347, feasible=true, active_stations=1
[2026-10-06 06:12:23.509] [info] [candidate.cpp:199] InstancePrecompute: built 3 candidates
[2026-10-06 06:12:23.509] [info] [stationary.cpp:264] NN: cost=4835.577083, feasible=true, active_stations=1
[2026-10-06 06:12:23.509] [info] [candidate.cpp:199] InstancePrecompute: built 3 candidates
[2026-10-06 06:12:23.509] [info] [stationary.cpp:264] NN: cost=867.160849, feasible=true, active_stations=1
[2026-10-06 06:12:23.509] [info] [candidate.cpp:199] InstancePrecompute: built 3 candidates
[2026-10-06 06:12:23.509] [info] [stationary.cpp:264] NN: cost=914.479843, feasible=true, active_stations=1
[2026-10-06 06:12:23.509] [info] [candidate.cpp:199] InstancePrecompute: built 3 candidates
[2026-10-06 06:12:23.509] [info] [stationary.cpp:264] NN: cost=7045.855547, feasible=true, active_stations=1
[2026-10-06 06:12:23.509] [info] [candidate.cpp:199] InstancePrecompute: built 3 candidates
[2026-10-06 06:12:23.509] [info] [stationary.cpp:264] NN: cost=588.161573, feasible=true, active_stations=1
[2026-10-06 06:12:23.509] [info] [candidate.cpp:199] InstancePrecompute: built 3 candidates
[2026-10-06 06:12:23.509] [info] [stationary.cpp:264] NN: cost=6014.040195, feasible=true, active_stations=1
[2026-10-06 06:12:23.509] [info] [candidate.cpp:199] InstancePrecompute: built 3 candidates
[2026-10-06 06:12:23.509] [info] [stationary.cpp:264] NN: cost=466.646383, feasible=true, active_stations=1
[2026-10-06 06:12:23.509] [info] [candidate.cpp:199] InstancePrecompute: built 3 candidates
[2026-10-06 06:12:23.509] [info] [stationary.cpp:264] NN: cost=4796.815347, feasible=true, active_stations=1
[2026-10-06 06:12:23.509] [info] [candidate.cpp:199] InstancePrecompute: built 3 candidates
[2026-10-06 06:12:23.509] [info] [stationary.cpp:264] NN: cost=4835.577083, feasible=true, active_stations=1
[2026-10-06 06:12:23.509] [info] [candidate.cpp:199] InstancePrecompute: built 3 candidates
[2026-10-06 06:12:23.509] [info] [stationary.cpp:264] NN: cost=867.160849, feasible=true, active_stations=1
[2026-10-06 06:12:23.509] [info] [candidate.cpp:199] InstancePrecompute: built 3 candidates
[2026-10-06 06:12:23.509] [info] [stationary.cpp:264] NN: cost=914.479843, feasible=true, active_stations=1
[2026-10-06 06:12:23.509] [info] [candidate.cpp:199] InstancePrecompute: built 3 candidates
[2026-10-06 06:12:23.509] [info] [stationary.cpp:264] NN: cost=7045.855547, feasible=true, active_stations=1
[2026-10-06 06:12:23.509] [info] [candidate.cpp:199] InstancePrecompute: built 3 candidates
[2026-10-06 06:12:23.509] [info] [stationary.cpp:264] NN: cost=588.161573, feasible=true, active_stations=1
[2026-10-06 06:12:23.509] [info] [candidate.cpp:199] InstancePrecompute: built 3 candidates
[2026-10-06 06:12:23.509] [info] [stationary.cpp:264] NN: cost=6014.040195, feasible=true, active_stations=1
[2026-10-06 06:12:23.509] [info] [candidate.cpp:199] InstancePrecompute: built 3 candidates
[2026-10-06 06:12:23.509] [info] [stationary.cpp:264] NN: cost=466.646383, feasible=true, active_stations=1
[2026-10-06 06:12:23.509] [info] [candidate.cpp:199] InstancePrecompute: built 3 candidates
[2026-10-06 06:12:23.509] [info] [stationary.cpp:264] NN: cost=4796.815347, feasible=true, active_stations=1
[2026-10-06 06:12:23.509] [info] [candidate.cpp:199] InstancePrecompute: built 3 candidates
[2026-10-06 06:12:23.509] [info] [stationary.cpp:264] NN: cost=4835.577083, feasible=true, active_stations=1
[2026-10-06 06:12:23.509] [info] [candidate.cpp:199] InstancePrecompute: built 3 candidates
[2026-10-06 06:12:23.509] [info] [stationary.cpp:264] NN: cost=867.160849, feasible=true, active_stations=1
[2026-10-06 06:12:23.509] [info] [candidate.cpp:199] InstancePrecompute: built 3 candidates
[2026-10-06 06:12:23.509] [info] [stationary.cpp:264] NN: cost=914.479843, feasible=true, active_stations=1
[2026-10-06 06:12:23.509] [info] [candidate.cpp:199] InstancePrecompute: built 3 candidates
[2026-10-06 06:12:23.509] [info] [stationary.cpp:264] NN: cost=7045.855547, feasible=true, active_stations=1
[2026-10-06 06:12:23.509] [info] [candidate.cpp:199] InstancePrecompute: built 3 candidates
[2026-10-06 06:12:23.509] [info] [stationary.cpp:264] NN: cost=588.161573, feasible=true, active_stations=1
[2026-10-06 06:12:23.509] [info] [candidate.cpp:199] InstancePrecompute: built 3 candidates
[2026-10-06 06:12:23.509] [info] [stationary.cpp:264] NN: cost=6014.040195, feasible=true, active_stations=1
[2026-10-06 06:12:23.509] [info] [candidate.cpp:199] InstancePrecompute: built 3 candidates
[2026-10-06 06:12:23.509] [info] [stationary.cpp:264] NN: cost=466.646383, feasible=true, active_stations=1
[2026-10-06 06:12:23.509] [info] [candidate.cpp:199] InstancePrecompute: built 3 candidates
[2026-10-06 06:12:23.509] [info] [stationary.cpp:264] NN: cost=4796.815347, feasible=true, active_stations=1
[2026-10-06 06:12:23.509] [info] [candidate.cpp:199] InstancePrecompute: built 3 candidates
[2026-10-06 06:12:23.509] [info] [stationary.cpp:264] NN: cost=4835.577083, feasible=true, active_stations=1
[2026-10-06 06:12:23.509] [info] [candidate.cpp:199] InstancePrecompute: built 3 candidates
[2026-10-06 06:12:23.509] [info] [stationary.cpp:264] NN: cost=867.160849, feasible=true, active_stations=1
[2026-10-06 06:12:23.509] [info] [candidate.cpp:199] InstancePrecompute: built 3 candidates
[2026-10-06 06:12:23.509] [info] [stationary.cpp:264] NN: cost=914.479843, feasible=true, active_stations=1
[2026-10-06 06:12:23.509] [info] [candidate.cpp:199] InstancePrecompute: built 3 candidates
[2026-10-06 06:12:23.509] [info] [stationary.cpp:264] NN: cost=7045.855547, feasible=true, active_stations=1
[2026-10-06 06:12:23.509] [info] [candidate.cpp:199] InstancePrecompute: built 3 candidates
[2026-10-06 06:12:23.509] [info] [stationary.cpp:264] NN: cost=588.161573, feasible=true, active_stations=1
[2026-10-06 06:12:23.509] [info] [candidate.cpp:199] InstancePrecompute: built 3 candidates
[2026-10-06 06:12:23.509] [info] [stationary.cpp:264] NN: cost=6014.040195, feasible=true, active_stations=1
[2026-10-06 06:12:23.509] [info] [candidate.cpp:199] InstancePrecompute: built 3 candidates
[2026-10-06 06:12:23.509] [info] [stationary.cpp:264] NN: cost=466.646383, feasible=true, active_stations=1
[2026-10-06 06:12:23.509] [info] [candidate.cpp:199] InstancePrecompute: built 3 candidates
[2026-10-06 06:12:23.509] [info] [stationary.cpp:264] NN: cost=4796.815347, feasible=true, active_stations=1
[2026-10-06 06:12:23.509] [info] [candidate.cpp:199] InstancePrecompute: built 3 candidates
[2026-10-06 06:12:23.509] [info] [stationary.cpp:264] NN: cost=4835.577083, feasible=true, active_stations=1
[2026-10-06 06:12:23.509] [info] [candidate.cpp:199] InstancePrecompute: built 3 candidates
[2026-10-06 06:12:23.509] [info] [stationary.cpp:264] NN: cost=867.160849, feasible=true, active_stations=1
[2026-10-06 06:12:23.509] [info] [candidate.cpp:199] InstancePrecompute: built 3 candidates
[2026-10-06 06:12:23.509] [info] [stationary.cpp:264] NN: cost=914.479843, feasible=true, active_stations=1
[2026-10-06 06:12:23.509] [info] [candidate.cpp:199] InstancePrecompute: built 3 candidates
[2026-10-06 06:12:23.509] [info] [stationary.cpp:264] NN: cost=7045.855547, feasible=true, active_stations=1
[2026-10-06 06:12:23.509] [info] [candidate.cpp:199] InstancePrecompute: built 3 candidates
[2026-10-06 06:12:23.509] [info] [stationary.cpp:264] NN: cost=588.161573, feasible=true, active_stations=1
[2026-10-06 06:12:23.509] [info] [candidate.cpp:199] InstancePrecompute: built 3 candidates
[2026-10-06 06:12:23.509] [info] [stationary.cpp:264] NN: cost=6014.040195, feasible=true, active_stations=1
[2026-10-06 06:12:23.509] [info] [candidate.cpp:199] InstancePrecompute: built 3 candidates
[2026-10-06 06:12:23.509] [info] [stationary.cpp:264] NN: cost=466.646383, feasible=true, active_stations=1
[2026-10-06 06:12:23.509] [info] [candidate.cpp:199] InstancePrecompute: built 3 candidates
[2026-10-06 06:12:23.509] [info] [stationary.cpp:264] NN: cost=4796.815347, feasible=true, active_stations=1
[2026-10-06 06:12:23.509] [info] [candidate.cpp:199] InstancePrecompute: built 3 candidates
[2026-10-06 06:12:23.509] [info] [stationary.cpp:264] NN: cost=4835.577083, feasible=true, active_stations=1
[2026-10-06 06:12:23.509] [info] [candidate.cpp:199] InstancePrecompute: built 3 candidates
[2026-10-06 06:12:23.509] [info] [stationary.cpp:264] NN: cost=867.160849, feasible=true, active_stations=1
[2026-10-06 06:12:23.509] [info] [candidate.cpp:199] InstancePrecompute: built 3 candidates
[2026-10-06 06:12:23.509] [info] [stationary.cpp:264] NN: cost=914.479843, feasible=true, active_stations=1
[2026-10-06 06:12:23.509] [info] [candidate.cpp:199] InstancePrecompute: built 3 candidates
[2026-10-06 06:12:23.509] [info] [stationary.cpp:264] NN: cost=7045.855547, feasible=true, active_stations=1
[2026-10-06 06:12:23.509] [info] [candidate.cpp:199] InstancePrecompute: built 3 candidates
[2026-10-06 06:12:23.509] [info] [stationary.cpp:264] NN: cost=588.161573, feasible=true, active_stations=1
[2026-10-06 06:12:23.509] [info] [candidate.cpp:199] InstancePrecompute: built 3 candidates
[2026-10-06 06:12:23.509] [info] [stationary.cpp:264] NN: cost=6014.040195, feasible=true, active_stations=1
[2026-10-06 06:12:23.509] [info] [candidate.cpp:199] InstancePrecompute: built 3 candidates
[2026-10-06 06:12:23.509] [info] [stationary.cpp:264] NN: cost=466.646383, feasible=true, active_stations=1
[2026-10-06 06:12:23.509] [info] [candidate.cpp:199] InstancePrecompute: built 3 candidates
[2026-10-06 06:12:23.509] [info] [stationary.cpp:264] NN: cost=4796.815347, feasible=true, active_stations=1
[2026-10-06 06:12:23.509] [info] [candidate.cpp:199] InstancePrecompute: built 3 candidates
[2026-10-06 06:12:23.509] [info] [stationary.cpp:264] NN: cost=4835.577083, feasible=true, active_stations=1
[2026-10-06 06:12:23.509] [info] [candidate.cpp:199] InstancePrecompute: built 3 candidates
[2026-10-06 06:12:23.509] [info] [stationary.cpp:264] NN: cost=867.160849, feasible=true, active_stations=1
[2026-10-06 06:12:23.509] [info] [candidate.cpp:199] InstancePrecompute: built 3 candidates
[2026-10-06 06:12:23.509] [info] [stationary.cpp:264] NN: cost=914.479843, feasible=true, active_stations=1
[2026-10-06 06:12:23.509] [info] [candidate.cpp:199] InstancePrecompute: built 3 candidates
[2026-10-06 06:12:23.509] [info] [stationary.cpp:264] NN: cost=7045.855547, feasible=true, active_stations=1
[2026-10-06 06:12:23.509] [info] [candidate.cpp:199] InstancePrecompute: built 3 candidates
[2026-10-06 06:12:23.509] [info] [stationary.cpp:264] NN: cost=588.161573, feasible=true, active_stations=1
[2026-10-06 06:12:23.509] [info] [candidate.cpp:199] InstancePrecompute: built 3 candidates
[2026-10-06 06:12:23.509] [info] [stationary.cpp:264] NN: cost=6014.040195, feasible=true, active_stations=1
[2026-10-06 06:12:23.509] [info] [candidate.cpp:199] InstancePrecompute: built 3 candidates
[2026-10-06 06:12:23.509] [info] [stationary.cpp:264] NN: cost=466.646383, feasible=true, active_stations=1
[2026-10-06 06:12:23.509] [info] [candidate.cpp:199] InstancePrecompute: built 3 candidates
[2026-10-06 06:12:23.509] [info] [stationary.cpp:264] NN: cost=4796.815347, feasible=true, active_stations=1
[2026-10-06 06:12:23.509] [info] [candidate.cpp:199] InstancePrecompute: built 3 candidates
[2026-10-06 06:12:23.509] [info] [stationary.cpp:264] NN: cost=4835.577083, feasible=true, active_stations=1
[2026-10-06 06:12:23.509] [info] [candidate.cpp:199] InstancePrecompute: built 3 candidates
[2026-10-06 06:12:23.509] [info] [stationary.cpp:264] NN: cost=867.160849, feasible=true, active_stations=1
[2026-10-06 06:12:23.509] [info] [candidate.cpp:199] InstancePrecompute: built 3 candidates
[2026-10-06 06:12:23.509] [info] [stationary.cpp:264] NN: cost=914.479843, feasible=true, active_stations=1
[2026-10-06 06:12:23.509] [info] [candidate.cpp:199] InstancePrecompute: built 3 candidates
[2026-10-06 06:12:23.509] [info] [stationary.cpp:264] NN: cost=7045.855547, feasible=true, active_stations=1
[2026-10-06 06:12:23.509] [info] [candidate.cpp:199] InstancePrecompute: built 3 candidates
[2026-10-06 06:12:23.509] [info] [stationary.cpp:264] NN: cost=588.161573, feasible=true, active_stations=1
[2026-10-06 06:12:23.509] [info] [candidate.cpp:199] InstancePrecompute: built 3 candidates
[2026-10-06 06:12:23.509] [info] [stationary.cpp:264] NN: cost=6014.040195, feasible=true, active_stations=1
[2026-10-06 06:12:23.509] [info] [candidate.cpp:199] InstancePrecompute: built 3 candidates
[2026-10-06 06:12:23.509] [info] [stationary.cpp:264] NN: cost=466.646383, feasible=true, active_stations=1
[2026-10-06 06:12:23.509] [info] [candidate.cpp:199] InstancePrecompute: built 3 candidates
[2026-10-06 06:12:23.509] [info] [stationary.cpp:264] NN: cost=4796.815347, feasible=true, active_stations=1
[2026-10-06 06:12:23.509] [info] [candidate.cpp:199] InstancePrecompute: built 3 candidates
[2026-10-06 06:12:23.509] [info] [stationary.cpp:264] NN: cost=4835.577083, feasible=true, active_stations=1
[2026-10-06 06:12:23.509] [info] [candidate.cpp:199] InstancePrecompute: built 3 candidates
[2026-10-06 06:12:23.509] [info] [stationary.cpp:264] NN: cost=867.160849, feasible=true, active_stations=1
[2026-10-06 06:12:23.509] [info] [candidate.cpp:199] InstancePrecompute: built 3 candidates
[2026-10-06 06:12:23.509] [info] [stationary.cpp:264] NN: cost=914.479843, feasible=true, active_stations=1
[2026-10-06 06:12:23.509] [info] [candidate.cpp:199] InstancePrecompute: built 3 candidates
[2026-10-06 06:12:23.509] [info] [stationary.cpp:264] NN: cost=7045.855547, feasible=true, active_stations=1
[2026-10-06 06:12:23.509] [info] [candidate.cpp:199] InstancePrecompute: built 3 candidates
[2026-10-06 06:12:23.509] [info] [stationary.cpp:264] NN: cost=588.161573, feasible=true, active_stations=1
[2026-10-06 06:12:23.509] [info] [candidate.cpp:199] InstancePrecompute: built 3 candidates
[2026-10-06 06:12:23.509] [info] [stationary.cpp:264] NN: cost=6014.040195, feasible=true, active_stations=1
[2026-10-06 06:12:23.509] [info] [candidate.cpp:199] InstancePrecompute: built 3 candidates
[2026-10-06 06:12:23.509] [info] [stationary.cpp:264] NN: cost=466.646383, feasible=true, active_stations=1
[2026-10-06 06:12:23.509] [info] [candidate.cpp:199] InstancePrecompute: built 3 candidates
[2026-10-06 06:12:23.509] [info] [stationary.cpp:264] NN: cost=4796.815347, feasible=true, active_stations=1
[2026-10-06 06:12:23.509] [info] [candidate.cpp:199] InstancePrecompute: built 3 candidates
[2026-10-06 06:12:23.509] [info] [stationary.cpp:264] NN: cost=4835.577083, feasible=true, active_stations=1
[2026-10-06 06:12:23.509] [info] [candidate.cpp:199] InstancePrecompute: built 3 candidates
[2026-10-06 06:12:23.509] [info] [stationary.cpp:264] NN: cost=867.160849, feasible=true, active_stations=1
[2026-10-06 06:12:23.509] [info] [candidate.cpp:199] InstancePrecompute: built 3 candidates
[2026-10-06 06:12:23.509] [info] [stationary.cpp:264] NN: cost=914.479843, feasible=true, active_stations=1
[2026-10-06 06:12:23.509] [info] [candidate.cpp:199] InstancePrecompute: built 3 candidates
[2026-10-06 06:12:23.509] [info] [stationary.cpp:264] NN: cost=7045.855547, feasible=true, active_stations=1
[2026-10-06 06:12:23.509] [info] [candidate.cpp:199] InstancePrecompute: built 3 candidates
[2026-10-06 06:12:23.509] [info] [stationary.cpp:264] NN: cost=588.161573, feasible=true, active_stations=1
[2026-10-06 06:12:23.509] [info] [candidate.cpp:199] InstancePrecompute: built 3 candidates
[2026-10-06 06:12:23.509] [info] [stationary.cpp:264] NN: cost=6014.040195, feasible=true, active_stations=1
[2026-10-06 06:12:23.509] [info] [candidate.cpp:199] InstancePrecompute: built 3 candidates
[2026-10-06 06:12:23.509] [info] [stationary.cpp:264] NN: cost=466.646383, feasible=true, active_stations=1
[2026-10-06 06:12:23.509] [info] [candidate.cpp:199] InstancePrecompute: built 3 candidates
[2026-10-06 06:12:23.509] [info] [stationary.cpp:264] NN: cost=4796.815347, feasible=true, active_stations=1
[2026-10-06 06:12:23.509] [info] [candidate.cpp:199] InstancePrecompute: built 3 candidates
[2026-10-06 06:12:23.509] [info] [stationary.cpp:264] NN: cost=4835.577083, feasible=true, active_stations=1
[2026-10-06 06:12:23.509] [info] [candidate.cpp:199] InstancePrecompute: built 3 candidates
[2026-10-06 06:12:23.509] [info] [stationary.cpp:264] NN: cost=867.160849, feasible=true, active_stations=1
[2026-10-06 06:12:23.509] [info] [candidate.cpp:199] InstancePrecompute: built 3 candidates
[2026-10-06 06:12:23.509] [info] [stationary.cpp:264] NN: cost=914.479843, feasible=true, active_stations=1
[2026-10-06 06:12:23.509] [info] [candidate.cpp:199] InstancePrecompute: built 3 candidates
[2026-10-06 06:12:23.509] [info] [stationary.cpp:264] NN: cost=7045.855547, feasible=true, active_stations=1
[2026-10-06 06:12:23.509] [info] [candidate.cpp:199] InstancePrecompute: built 3 candidates
[2026-10-06 06:12:23.509] [info] [stationary.cpp:264] NN: cost=588.161573, feasible=true, active_stations=1
[2026-10-06 06:12:23.509] [info] [candidate.cpp:199] InstancePrecompute: built 3 candidates
[2026-10-06 06:12:23.509] [info] [stationary.cpp:264] NN: cost=6014.040195, feasible=true, active_stations=1
[2026-10-06 06:12:23.509] [info] [candidate.cpp:199] InstancePrecompute: built 3 candidates
[2026-10-06 06:12:23.509] [info] [stationary.cpp:264] NN: cost=466.646383, feasible=true, active_stations=1
[2026-10-06 06:12:23.509] [info] [candidate.cpp:199] InstancePrecompute: built 3 candidates
[2026-10-06 06:12:23.509] [info] [stationary.cpp:264] NN: cost=4796.815347, feasible=true, active_stations=1
[2026-10-06 06:12:23.509] [info] [candidate.cpp:199] InstancePrecompute: built 3 candidates
[2026-10-06 06:12:23.509] [info] [stationary.cpp:264] NN: cost=4835.577083, feasible=true, active_stations=1
[2026-10-06 06:12:23.509] [info] [candidate.cpp:199] InstancePrecompute: built 3 candidates
[2026-10-06 06:12:23.509] [info] [stationary.cpp:264] NN: cost=867.160849, feasible=true, active_stations=1
[2026-10-06 06:12:23.509] [info] [candidate.cpp:199] InstancePrecompute: built 3 candidates
[2026-10-06 06:12:23.509] [info] [stationary.cpp:264] NN: cost=914.479843, feasible=true, active_stations=1
[2026-10-06 06:12:23.509] [info] [candidate.cpp:199] InstancePrecompute: built 3 candidates
[2026-10-06 06:12:23.509] [info] [stationary.cpp:264] NN: cost=7045.855547, feasible=true, active_stations=1
[2026-10-06 06:12:23.509] [info] [candidate.cpp:199] InstancePrecompute: built 3 candidates
[2026-10-06 06:12:23.509] [info] [stationary.cpp:264] NN: cost=588.161573, feasible=true, active_stations=1
[2026-10-06 06:12:23.509] [info] [candidate.cpp:199] InstancePrecompute: built 3 candidates
[2026-10-06 06:12:23.509] [info] [stationary.cpp:264] NN: cost=6014.040195, feasible=true, active_stations=1
[2026-10-06 06:12:23.509] [info] [candidate.cpp:199] InstancePrecompute: built 3 candidates
[2026-10-06 06:12:23.509] [info] [stationary.cpp:264] NN: cost=466.646383, feasible=true, active_stations=1
[2026-10-06 06:12:23.509] [info] [candidate.cpp:199] InstancePrecompute: built 3 candidates
[2026-10-06 06:12:23.509] [info] [stationary.cpp:264] NN: cost=4796.815347, feasible=true, active_stations=1
[2026-10-06 06:12:23.509] [info] [candidate.cpp:199] InstancePrecompute: built 3 candidates
[2026-10-06 06:12:23.509] [info] [stationary.cpp:264] NN: cost=4835.577083, feasible=true, active_stations=1
[2026-10-06 06:12:23.509] [info] [candidate.cpp:199] InstancePrecompute: built 3 candidates
[2026-10-06 06:12:23.509] [info] [stationary.cpp:264] NN: cost=867.160849, feasible=true, active_stations=1
[2026-10-06 06:12:23.509] [info] [candidate.cpp:199] InstancePrecompute: built 3 candidates
[2026-10-06 06:12:23.509] [info] [stationary.cpp:264] NN: cost=914.479843, feasible=true, active_stations=1
[2026-10-06 06:12:23.509] [info] [candidate.cpp:199] InstancePrecompute: built 3 candidates
[2026-10-06 06:12:23.509] [info] [stationary.cpp:264] NN: cost=7045.855547, feasible=true, active_stations=1
[2026-10-06 06:12:23.509] [info] [candidate.cpp:199] InstancePrecompute: built 3 candidates
[2026-10-06 06:12:23.509] [info] [stationary.cpp:264] NN: cost=588.161573, feasible=true, active_stations=1
[2026-10-06 06:12:23.509] [info] [candidate.cpp:199] InstancePrecompute: built 3 candidates
[2026-10-06 06:12:23.509] [info] [stationary.cpp:264] NN: cost=6014.040195, feasible=true, active_stations=1
[2026-10-06 06:12:23.509] [info] [candidate.cpp:199] InstancePrecompute: built 3 candidates
[2026-10-06 06:12:23.509] [info] [stationary.cpp:264] NN: cost=466.646383, feasible=true, active_stations=1
[2026-10-06 06:12:23.509] [info] [candidate.cpp:199] InstancePrecompute: built 3 candidates
[2026-10-06 06:12:23.509] [info] [stationary.cpp:264] NN: cost=4796.815347, feasible=true, active_stations=1
[2026-10-06 06:12:23.509] [info] [candidate.cpp:199] InstancePrecompute: built 3 candidates
[2026-10-06 06:12:23.509] [info] [stationary.cpp:264] NN: cost=4835.577083, feasible=true, active_stations=1
[2026-10-06 06:12:23.509] [info] [candidate.cpp:199] InstancePrecompute: built 3 candidates
[2026-10-06 06:12:23.509] [info] [stationary.cpp:264] NN: cost=867.160849, feasible=true, active_stations=1
[2026-10-06 06:12:23.509] [info] [candidate.cpp:199] InstancePrecompute: built 3 candidates
[2026-10-06 06:12:23.509] [info] [stationary.cpp:264] NN: cost=914.479843, feasible=true, active_stations=1
[2026-10-06 06:12:23.509] [info] [candidate.cpp:199] InstancePrecompute: built 3 candidates
[2026-10-06 06:12:23.509] [info] [stationary.cpp:264] NN: cost=7045.855547, feasible=true, active_stations=1
[2026-10-06 06:12:23.509] [info] [candidate.cpp:199] InstancePrecompute: built 3 candidates
[2026-10-06 06:12:23.509] [info] [stationary.cpp:264] NN: cost=588.161573, feasible=true, active_stations=1
[2026-10-06 06:12:23.509] [info] [candidate.cpp:199] InstancePrecompute: built 3 candidates
[2026-10-06 06:12:23.509] [info] [stationary.cpp:264] NN: cost=6014.040195, feasible=true, active_stations=1
[2026-10-06 06:12:23.509] [info] [candidate.cpp:199] InstancePrecompute: built 3 candidates
[2026-10-06 06:12:23.509] [info] [stationary.cpp:264] NN: cost=466.646383, feasible=true, active_stations=1
[2026-10-06 06:12:23.509] [info] [candidate.cpp:199] InstancePrecompute: built 3 candidates
[2026-10-06 06:12:23.509] [info] [stationary.cpp:264] NN: cost=4796.815347, feasible=true, active_stations=1
[2026-10-06 06:12:23.509] [info] [candidate.cpp:199] InstancePrecompute: built 3 candidates
[2026-10-06 06:12:23.509] [info] [stationary.cpp:264] NN: cost=4835.577083, feasible=true, active_stations=1
[2026-10-06 06:12:23.509] [info] [candidate.cpp:199] InstancePrecompute: built 3 candidates
[2026-10-06 06:12:23.509] [info] [stationary.cpp:264] NN: cost=867.160849, feasible=true, active_stations=1
[2026-10-06 06:12:23.509] [info] [candidate.cpp:199] InstancePrecompute: built 3 candidates
[2026-10-06 06:12:23.509] [info] [stationary.cpp:264] NN: cost=914.479843, feasible=true, active_stations=1
[2026-10-06 06:12:23.509] [info] [candidate.cpp:199] InstancePrecompute: built 3 candidates
[2026-10-06 06:12:23.509] [info] [stationary.cpp:264] NN: cost=7045.855547, feasible=true, active_stations=1
[2026-10-06 06:12:23.509] [info] [candidate.cpp:199] InstancePrecompute: built 3 candidates
[2026-10-06 06:12:23.509] [info] [stationary.cpp:264] NN: cost=588.161573, feasible=true, active_stations=1
[2026-10-06 06:12:23.509] [info] [candidate.cpp:199] InstancePrecompute: built 3 candidates
[2026-10-06 06:12:23.509] [info] [stationary.cpp:264] NN: cost=6014.040195, feasible=true, active_stations=1
[2026-10-06 06:12:23.509] [info] [candidate.cpp:199] InstancePrecompute: built 3 candidates
[2026-10-06 06:12:23.509] [info] [stationary.cpp:264] NN: cost=466.646383, feasible=true, active_stations=1
[2026-10-06 06:12:23.509] [info] [candidate.cpp:199] InstancePrecompute: built 3 candidates
[2026-10-06 06:12:23.509] [info] [stationary.cpp:264] NN: cost=4796.815347, feasible=true, active_stations=1
[2026-10-06 06:12:23.509] [info] [candidate.cpp:199] InstancePrecompute: built 3 candidates
[2026-10-06 06:12:23.509] [info] [stationary.cpp:264] NN: cost=4835.577083, feasible=true, active_stations=1
[2026-10-06 06:12:23.509] [info] [candidate.cpp:199] InstancePrecompute: built 3 candidates
[2026-10-06 06:12:23.509] [info] [stationary.cpp:264] NN: cost=867.160849, feasible=true, active_stations=1
[2026-10-06 06:12:23.509] [info] [candidate.cpp:199] InstancePrecompute: built 3 candidates
[2026-10-06 06:12:23.509] [info] [stationary.cpp:264] NN: cost=914.479843, feasible=true, active_stations=1
[2026-10-06 06:12:23.509] [info] [candidate.cpp:199] InstancePrecompute: built 3 candidates
[2026-10-06 06:12:23.509] [info] [stationary.cpp:264] NN: cost=7045.855547, feasible=true, active_stations=1
[2026-10-06 06:12:23.509] [info] [candidate.cpp:199] InstancePrecompute: built 3 candidates
[2026-10-06 06:12:23.509] [info] [stationary.cpp:264] NN: cost=588.161573, feasible=true, active_stations=1
[2026-10-06 06:12:23.509] [info] [candidate.cpp:199] InstancePrecompute: built 3 candidates
[2026-10-06 06:12:23.509] [info] [stationary.cpp:264] NN: cost=6014.040195, feasible=true, active_stations=1
[2026-10-06 06:12:23.509] [info] [candidate.cpp:199] InstancePrecompute: built 3 candidates
[2026-10-06 06:12:23.509] [info] [stationary.cpp:264] NN: cost=466.646383, feasible=true, active_stations=1
[2026-10-06 06:12:23.509] [info] [candidate.cpp:199] InstancePrecompute: built 3 candidates
[2026-10-06 06:12:23.509] [info] [stationary.cpp:264] NN: cost=4796.815347, feasible=true, active_stations=1
[2026-10-06 06:12:23.509] [info] [candidate.cpp:199] InstancePrecompute: built 3 candidates
[2026-10-06 06:12:23.509] [info] [stationary.cpp:264] NN: cost=4835.577083, feasible=true, active_stations=1
[2026-10-06 06:12:23.509] [info] [candidate.cpp:199] InstancePrecompute: built 3 candidates
[2026-10-06 06:12:23.509] [info] [stationary.cpp:264] NN: cost=867.160849, feasible=true, active_stations=1
[2026-10-06 06:12:23.509] [info] [candidate.cpp:199] InstancePrecompute: built 3 candidates
[2026-10-06 06:12:23.509] [info] [stationary.cpp:264] NN: cost=914.479843, feasible=true, active_stations=1
[2026-10-06 06:12:23.509] [info] [candidate.cpp:199] InstancePrecompute: built 3 candidates
[2026-10-06 06:12:23.509] [info] [stationary.cpp:264] NN: cost=7045.855547, feasible=true, active_stations=1
[2026-10-06 06:12:23.509] [info] [candidate.cpp:199] InstancePrecompute: built 3 candidates
[2026-10-06 06:12:23.509] [info] [stationary.cpp:264] NN: cost=588.161573, feasible=true, active_stations=1
[2026-10-06 06:12:23.509] [info] [candidate.cpp:199] InstancePrecompute: built 3 candidates
[2026-10-06 06:12:23.509] [info] [stationary.cpp:264] NN: cost=6014.040195, feasible=true, active_stations=1
[2026-10-06 06:12:23.509] [info] [candidate.cpp:199] InstancePrecompute: built 3 candidates
[2026-10-06 06:12:23.509] [info] [stationary.cpp:264] NN: cost=466.646383, feasible=true, active_stations=1
[2026-10-06 06:12:23.509] [info] [candidate.cpp:199] InstancePrecompute: built 3 candidates
[2026-10-06 06:12:23.509] [info] [stationary.cpp:264] NN: cost=4796.815347, feasible=true, active_stations=1
[2026-10-06 06:12:23.509] [info] [candidate.cpp:199] InstancePrecompute: built 3 candidates
[2026-10-06 06:12:23.509] [info] [stationary.cpp:264] NN: cost=4835.577083, feasible=true, active_stations=1
[2026-10-06 06:12:23.509] [info] [candidate.cpp:199] InstancePrecompute: built 3 candidates
[2026-10-06 06:12:23.509] [info] [stationary.cpp:264] NN: cost=867.160849, feasible=true, active_stations=1
[2026-10-06 06:12:23.509] [info] [candidate.cpp:199] InstancePrecompute: built 3 candidates
[2026-10-06 06:12:23.509] [info] [stationary.cpp:264] NN: cost=914.479843, feasible=true, active_stations=1
[2026-10-06 06:12:23.509] [info] [candidate.cpp:199] InstancePrecompute: built 3 candidates
[2026-10-06 06:12:23.509] [info] [stationary.cpp:264] NN: cost=7045.855547, feasible=true, active_stations=1
[2026-10-06 06:12:23.509] [info] [candidate.cpp:199] InstancePrecompute: built 3 candidates
[2026-10-06 06:12:23.509] [info] [stationary.cpp:264] NN: cost=588.161573, feasible=true, active_stations=1
[2026-10-06 06:12:23.509] [info] [candidate.cpp:199] InstancePrecompute: built 3 candidates
[2026-10-06 06:12:23.509] [info] [stationary.cpp:264] NN: cost=6014.040195, feasible=true, active_stations=1
[2026-10-06 06:12:23.509] [info] [candidate.cpp:199] InstancePrecompute: built 3 candidates
[2026-10-06 06:12:23.509] [info] [stationary.cpp:264] NN: cost=466.646383, feasible=true, active_stations=1
[2026-10-06 06:12:23.509] [info] [candidate.cpp:199] InstancePrecompute: built 3 candidates
[2026-10-06 06:12:23.509] [info] [stationary.cpp:264] NN: cost=4796.815347, feasible=true, active_stations=1
[2026-10-06 06:12:23.509] [info] [candidate.cpp:199] InstancePrecompute: built 3 candidates
[2026-10-06 06:12:23.509] [info] [stationary.cpp:264] NN: cost=4835.577083, feasible=true, active_stations=1
[2026-10-06 06:12:23.509] [info] [candidate.cpp:199] InstancePrecompute: built 3 candidates
[2026-10-06 06:12:23.509] [info] [stationary.cpp:264] NN: cost=867.160849, feasible=true, active_stations=1
[2026-10-06 06:12:23.509] [info] [candidate.cpp:199] InstancePrecompute: built 3 candidates
[2026-10-06 06:12:23.509] [info] [stationary.cpp:264] NN: cost=914.479843, feasible=true, active_stations=1
[2026-10-06 06:12:23.509] [info] [candidate.cpp:199] InstancePrecompute: built 3 candidates
[2026-10-06 06:12:23.509] [info] [stationary.cpp:264] NN: cost=7045.855547, feasible=true, active_stations=1
[2026-10-06 06:12:23.509] [info] [candidate.cpp:199] InstancePrecompute: built 3 candidates
[2026-10-06 06:12:23.509] [info] [stationary.cpp:264] NN: cost=588.161573, feasible=true, active_stations=1
[2026-10-06 06:12:23.509] [info] [candidate.cpp:199] InstancePrecompute: built 3 candidates
[2026-10-06 06:12:23.509] [info] [stationary.cpp:264] NN: cost=6014.040195, feasible=true, active_stations=1
[2026-10-06 06:12:23.509] [info] [candidate.cpp:199] InstancePrecompute: built 3 candidates
[2026-10-06 06:12:23.509] [info] [stationary.cpp:264] NN: cost=466.646383, feasible=true, active_stations=1
[2026-10-06 06:12:23.509] [info] [candidate.cpp:199] InstancePrecompute: built 3 candidates
[2026-10-06 06:12:23.509] [info] [stationary.cpp:264] NN: cost=4796.815347, feasible=true, active_stations=1
[2026-10-06 06:12:23.509] [info] [candidate.cpp:199] InstancePrecompute: built 3 candidates
[2026-10-06 06:12:23.509] [info] [stationary.cpp:264] NN: cost=4835.577083, feasible=true, active_stations=1
[2026-10-06 06:12:23.509] [info] [candidate.cpp:199] InstancePrecompute: built 3 candidates
[2026-10-06 06:12:23.509] [info] [stationary.cpp:264] NN: cost=867.160849, feasible=true, active_stations=1
[2026-10-06 06:12:23.509] [info] [candidate.cpp:199] InstancePrecompute: built 3 candidates
[2026-10-06 06:12:23.509] [info] [stationary.cpp:264] NN: cost=914.479843, feasible=true, active_stations=1
[2026-10-06 06:12:23.509] [info] [candidate.cpp:199] InstancePrecompute: built 3 candidates
[2026-10-06 06:12:23.509] [info] [stationary.cpp:264] NN: cost=7045.855547, feasible=true, active_stations=1
[2026-10-06 06:12:23.509] [info] [candidate.cpp:199] InstancePrecompute: built 3 candidates
[2026-10-06 06:12:23.509] [info] [stationary.cpp:264] NN: cost=588.161573, feasible=true, active_stations=1
[2026-10-06 06:12:23.509] [info] [candidate.cpp:199] InstancePrecompute: built 3 candidates
[2026-10-06 06:12:23.509] [info] [stationary.cpp:264] NN: cost=6014.040195, feasible=true, active_stations=1
[2026-10-06 06:12:23.509] [info] [candidate.cpp:199] InstancePrecompute: built 3 candidates
[2026-10-06 06:12:23.509] [info] [stationary.cpp:264] NN: cost=466.646383, feasible=true, active_stations=1
[2026-10-06 06:12:23.509] [info] [candidate.cpp:199] InstancePrecompute: built 3 candidates
[2026-10-06 06:12:23.509] [info] [stationary.cpp:264] NN: cost=4796.815347, feasible=true, active_stations=1
[2026-10-06 06:12:23.509] [info] [candidate.cpp:199] InstancePrecompute: built 3 candidates
[2026-10-06 06:12:23.509] [info] [stationary.cpp:264] NN: cost=4835.577083, feasible=true, active_stations=1
[2026-10-06 06:12:23.509] [info] [candidate.cpp:199] InstancePrecompute: built 3 candidates
[2026-10-06 06:12:23.509] [info] [stationary.cpp:264] NN: cost=867.160849, feasible=true, active_stations=1
[2026-10-06 06:12:23.509] [info] [shifting_strategy_solver.cpp:266] Shifting: cost=11881.432629695 LB=7045.855546955 ratio=1.6863 l=8
[2026-10-06 06:12:23.509] [info] [minmax.cpp:110] MinMax: start n=10, m=3, T=1
[2026-10-06 06:12:23.509] [info] [candidate.cpp:199] InstancePrecompute: built 30 candidates
[2026-10-06 06:12:23.509] [info] [stationary.cpp:264] NN: cost=12347.439666, feasible=true, active_stations=2
[2026-10-06 06:12:23.509] [info] [solution.cpp:518] extend: 1 intervals over [0, 1]
[2026-10-06 06:12:23.509] [info] [minmax.cpp:202] MinMax iter 1: t_max=1.000000, peak=12411.415827, LB=0.000000, gap=12411.4158
[2026-10-06 06:12:23.509] [info] [stationary.cpp:264] NN: cost=12411.415827, feasible=true, active_stations=2
[2026-10-06 06:12:23.509] [info] [solution.cpp:518] extend: 0 intervals over [1, 1]
[2026-10-06 06:12:23.509] [info] [solution.cpp:518] extend: 1 intervals over [0, 1]
[2026-10-06 06:12:23.509] [info] [verify.cpp:1037] Verifier: starting certified continuous check on 1 intervals
[2026-10-06 06:12:23.509] [info] [verify.cpp:1117] Verifier: kind=certified_continuous, coverage_ok=true, supporting_points_ok=true, cost_consistent_ok=true, integral_consistent_ok=true, assignment_consistent_ok=true
[2026-10-06 06:12:23.509] [info] [solution.cpp:589] combine: 1 intervals
[2026-10-06 06:12:23.509] [info] [minmax.cpp:384] MinMax: combined solution did not improve peak, stopping
[2026-10-06 06:12:23.509] [info] [verify.cpp:1037] Verifier: starting certified continuous check on 1 intervals
[2026-10-06 06:12:23.509] [info] [verify.cpp:1117] Verifier: kind=certified_continuous, coverage_ok=true, supporting_points_ok=true, cost_consistent_ok=true, integral_consistent_ok=true, assignment_consistent_ok=true
[2026-10-06 06:12:23.509] [info] [minmax.cpp:467] MinMax: done. peak=12411.415827, certified_LB=0.000000, gap=12411.4158, iters=1, t=0.000s
[2026-10-06 06:12:23.509] [info] [verify.cpp:1037] Verifier: starting certified continuous check on 1 intervals
[2026-10-06 06:12:23.509] [info] [verify.cpp:1117] Verifier: kind=certified_continuous, coverage_ok=true, supporting_points_ok=true, cost_consistent_ok=true, integral_consistent_ok=true, assignment_consistent_ok=true
[2026-10-06 06:12:23.509] [info] [minmax.cpp:110] MinMax: start n=8, m=3, T=1
[2026-10-06 06:12:23.509] [info] [candidate.cpp:199] InstancePrecompute: built 24 candidates
[2026-10-06 06:12:23.510] [info] [stationary.cpp:264] NN: cost=11808.037610, feasible=true, active_stations=2
[2026-10-06 06:12:23.510] [info] [branch_and_bound_solver.cpp:303] BnB: configured gap target reached
[2026-10-06 06:12:23.510] [info] [branch_and_bound_solver.cpp:416] BnB: cost=10020.697911946 LB=10020.697911946 nodes=17 t=0.0000s
[2026-10-06 06:12:23.510] [info] [solution.cpp:518] extend: 2 intervals over [0, 1]
[2026-10-06 06:12:23.510] [info] [minmax.cpp:202] MinMax iter 1: t_max=1.000000, peak=10072.263854, LB=10020.697912, gap=0.0051
[2026-10-06 06:12:23.510] [info] [verify.cpp:1037] Verifier: starting certified continuous check on 2 intervals
[2026-10-06 06:12:23.510] [info] [verify.cpp:1117] Verifier: kind=certified_continuous, coverage_ok=true, supporting_points_ok=true, cost_consistent_ok=true, integral_consistent_ok=true, assignment_consistent_ok=true
[2026-10-06 06:12:23.510] [info] [minmax.cpp:467] MinMax: done. peak=10072.263854, certified_LB=10020.697912, gap=0.0051, iters=1, t=0.000s
[2026-10-06 06:12:23.510] [info] [minsum.cpp:512] MinSum: start n=8, m=3
[2026-10-06 06:12:23.510] [info] [candidate.cpp:199] InstancePrecompute: built 24 candidates
[2026-10-06 06:12:23.510] [info] [stationary.cpp:264] NN: cost=11808.037610, feasible=true, active_stations=2
[2026-10-06 06:12:23.510] [info] [branch_and_bound_solver.cpp:303] BnB: configured gap target reached
[2026-10-06 06:12:23.510] [info] [branch_and_bound_solver.cpp:416] BnB: cost=10020.697911946 LB=10020.697911946 nodes=17 t=0.0000s
[2026-10-06 06:12:23.510] [info] [solution.cpp:518] extend: 2 intervals over [0, 1]
[2026-10-06 06:12:23.510] [info] [minsum.cpp:633] MinSum iter 1: [t_a,t_b]=[0.1447,1.0000], t_mid=0.5723, int=10029.728856, LB=0.000000, gap=10029.7289
[2026-10-06 06:12:23.510] [info] [stationary.cpp:264] NN: cost=11892.196815, feasible=true, active_stations=2
[2026-10-06 06:12:23.510] [info] [branch_and_bound_solver.cpp:303] BnB: configured gap target reached
[2026-10-06 06:12:23.510] [info] [branch_and_bound_solver.cpp:416] BnB: cost=10033.242710738 LB=10033.242710738 nodes=17 t=0.0000s
[2026-10-06 06:12:23.510] [info] [minsum.cpp:681] MinSum: no improvement at selected time (1/3)
[2026-10-06 06:12:23.510] [info] [minsum.cpp:633] MinSum iter 2: [t_a,t_b]=[0.1447,1.0000], t_mid=0.5723, int=10029.728856, LB=0.000000, gap=10029.7289
[2026-10-06 06:12:23.510] [info] [stationary.cpp:264] NN: cost=11892.196815, feasible=true, active_stations=2
[2026-10-06 06:12:23.510] [info] [branch_and_bound_solver.cpp:303] BnB: configured gap target reached
[2026-10-06 06:12:23.510] [info] [branch_and_bound_solver.cpp:416] BnB: cost=10033.242710738 LB=10033.242710738 nodes=17 t=0.0000s
[2026-10-06 06:12:23.510] [info] [minsum.cpp:681] MinSum: no improvement at selected time (2/3)
[2026-10-06 06:12:23.510] [info] [minsum.cpp:633] MinSum iter 3: [t_a,t_b]=[0.1447,1.0000], t_mid=0.5723, int=10029.728856, LB=0.000000, gap=10029.7289
[2026-10-06 06:12:23.510] [info] [stationary.cpp:264] NN: cost=11892.196815, feasible=true, active_stations=2
[2026-10-06 06:12:23.510] [info] [branch_and_bound_solver.cpp:303] BnB: configured gap target reached
[2026-10-06 06:12:23.510] [info] [branch_and_bound_solver.cpp:416] BnB: cost=10033.242710738 LB=10033.242710738 nodes=17 t=0.0000s
[2026-10-06 06:12:23.510] [info] [minsum.cpp:681] MinSum: no improvement at selected time (3/3)
[2026-10-06 06:12:23.510] [info] [verify.cpp:1037] Verifier: starting certified continuous check on 2 intervals
[2026-10-06 06:12:23.510] [info] [verify.cpp:1117] Verifier: kind=certified_continuous, coverage_ok=true, supporting_points_ok=true, cost_consistent_ok=true, integral_consistent_ok=true, assignment_consistent_ok=true
[2026-10-06 06:12:23.510] [info] [minsum.cpp:881] MinSum: done. int=10029.728856, LB=0.000000, gap=10029.7289, iters=3, t=0.000s
[2026-10-06 06:12:23.510] [info] [minmax.cpp:110] MinMax: start n=10, m=3, T=1
[2026-10-06 06:12:23.510] [info] [candidate.cpp:199] InstancePrecompute: built 30 candidates
[2026-10-06 06:12:23.510] [info] [stationary.cpp:264] NN: cost=12398.534261, feasible=true, active_stations=2
[2026-10-06 06:12:23.510] [info] [solution.cpp:518] extend: 1 intervals over [0, 1]
[2026-10-06 06:12:23.510] [info] [minmax.cpp:202] MinMax iter 1: t_max=1.000000, peak=12710.950248, LB=0.000000, gap=12710.9502
[2026-10-06 06:12:23.510] [info] [stationary.cpp:264] NN: cost=12710.950248, feasible=true, active_stations=2
[2026-10-06 06:12:23.510] [info] [solution.cpp:518] extend: 0 intervals over [1, 1]
[2026-10-06 06:12:23.510] [info] [solution.cpp:518] extend: 1 intervals over [0, 1]
[2026-10-06 06:12:23.510] [info] [verify.cpp:1037] Verifier: starting certified continuous check on 1 intervals
[2026-10-06 06:12:23.510] [info] [verify.cpp:1117] Verifier: kind=certified_continuous, coverage_ok=true, supporting_points_ok=true, cost_consistent_ok=true, integral_consistent_ok=true, assignment_consistent_ok=true
[2026-10-06 06:12:23.510] [info] [solution.cpp:589] combine: 1 intervals
[2026-10-06 06:12:23.510] [info] [minmax.cpp:384] MinMax: combined solution did not improve peak, stopping
[2026-10-06 06:12:23.510] [info] [verify.cpp:1037] Verifier: starting certified continuous check on 1 intervals
[2026-10-06 06:12:23.510] [info] [verify.cpp:1117] Verifier: kind=certified_continuous, coverage_ok=true, supporting_points_ok=true, cost_consistent_ok=true, integral_consistent_ok=true, assignment_consistent_ok=true
[2026-10-06 06:12:23.510] [info] [minmax.cpp:467] MinMax: done. peak=12710.950248, certified_LB=0.000000, gap=12710.9502, iters=1, t=0.000s
[2026-10-06 06:12:23.510] [info] [solution_serializer.cpp:132] SolutionSerializer: wrote 897 bytes to /var/folders/w5/1mkrqmbs53lg9vy__m6vlyhh0000gn/T/kdc_preflight_roundtrip.json
[2026-10-06 06:12:23.510] [info] [solution_serializer.cpp:222] SolutionSerializer: loaded 1 intervals from /var/folders/w5/1mkrqmbs53lg9vy__m6vlyhh0000gn/T/kdc_preflight_roundtrip.json
[2026-10-06 06:12:23.511] [info] [io.cpp:137] read_json: loaded 2 points, 2 stations from data/instances/preflight_sample.json
[2026-10-06 06:12:23.511] [info] [sanity_check.cpp:187] SanityCheck: 19 passed, 0 failed
