[2026-10-05 04:37:16.721] [info] [batch_runner.cpp:500] BatchRunner: scanning /Users/amirpartovi/.copilot/repos/copilot-worktrees/KineticDiskCover/amirhpartovi-vigilant-spork/results/experiments/algorithm-smoke-20261005-complete/runs/run_20261005T010716Z__shifting__minmax__att48-5196644df6__r00__91b5d617ec20/input for instances
2026-10-05 04:37:16 [INFO] checks license for KONT v7.2.4 20250314
2026-10-05 04:37:16 [INFO] uses license in specified folder: /Applications/kont72/bin
2026-10-05 04:37:16 [ERROR] Invalid MAC address of license: 76:74:D1:0F:5A:19

[2026-10-05 04:37:16.727] [warning] [kont_solver.cpp:951] KONT: native initialization failed; generic KontSolver used the built-in fallback
[2026-10-05 04:37:16.727] [info] [kont_solver.cpp:971] KONT: status=OPTIMAL, obj=1.000000, lb=1.000000, gap=0.0000, t=0.000s
[2026-10-05 04:37:16.727] [info] [batch_runner.cpp:538] BatchRunner: exact reference selected 'branch-and-bound' (actual=branch-and-bound, requested=branch-and-bound, manifest=/Users/amirpartovi/.copilot/repos/copilot-worktrees/KineticDiskCover/amirhpartovi-vigilant-spork/results/experiments/algorithm-smoke-20261005-complete/runs/run_20261005T010716Z__shifting__minmax__att48-5196644df6__r00__91b5d617ec20/execution/solver/experiment_manifest.json)
[2026-10-05 04:37:16.728] [info] [io.cpp:137] read_json: loaded 11 points, 25 stations from /Users/amirpartovi/.copilot/repos/copilot-worktrees/KineticDiskCover/amirhpartovi-vigilant-spork/results/experiments/algorithm-smoke-20261005-complete/runs/run_20261005T010716Z__shifting__minmax__att48-5196644df6__r00__91b5d617ec20/input/instance.json
[2026-10-05 04:37:16.728] [info] [minmax.cpp:110] MinMax: start n=11, m=25, T=1
[2026-10-05 04:37:16.728] [info] [candidate.cpp:199] InstancePrecompute: built 225 candidates
[2026-10-05 04:37:16.728] [info] [stationary.cpp:264] NN: cost=2554.663190, feasible=true, active_stations=7
[2026-10-05 04:37:16.728] [info] [candidate.cpp:199] InstancePrecompute: built 25 candidates
[2026-10-05 04:37:16.728] [info] [stationary.cpp:264] NN: cost=60.468090, feasible=true, active_stations=1
[2026-10-05 04:37:16.728] [info] [candidate.cpp:199] InstancePrecompute: built 25 candidates
[2026-10-05 04:37:16.728] [info] [stationary.cpp:264] NN: cost=18.839601, feasible=true, active_stations=1
[2026-10-05 04:37:16.728] [info] [candidate.cpp:199] InstancePrecompute: built 75 candidates
[2026-10-05 04:37:16.728] [info] [stationary.cpp:264] NN: cost=2101.462698, feasible=true, active_stations=3
[2026-10-05 04:37:16.728] [info] [candidate.cpp:199] InstancePrecompute: built 25 candidates
[2026-10-05 04:37:16.728] [info] [stationary.cpp:264] NN: cost=681.453886, feasible=true, active_stations=1
[2026-10-05 04:37:16.728] [info] [candidate.cpp:199] InstancePrecompute: built 75 candidates
[2026-10-05 04:37:16.728] [info] [stationary.cpp:264] NN: cost=329.400567, feasible=true, active_stations=3
[2026-10-05 04:37:16.728] [info] [candidate.cpp:199] InstancePrecompute: built 50 candidates
[2026-10-05 04:37:16.728] [info] [stationary.cpp:264] NN: cost=91.985233, feasible=true, active_stations=2
[2026-10-05 04:37:16.728] [info] [candidate.cpp:199] InstancePrecompute: built 25 candidates
[2026-10-05 04:37:16.728] [info] [stationary.cpp:264] NN: cost=60.468090, feasible=true, active_stations=1
[2026-10-05 04:37:16.728] [info] [candidate.cpp:199] InstancePrecompute: built 25 candidates
[2026-10-05 04:37:16.728] [info] [stationary.cpp:264] NN: cost=18.839601, feasible=true, active_stations=1
[2026-10-05 04:37:16.728] [info] [candidate.cpp:199] InstancePrecompute: built 25 candidates
[2026-10-05 04:37:16.728] [info] [stationary.cpp:264] NN: cost=353.674984, feasible=true, active_stations=1
[2026-10-05 04:37:16.728] [info] [candidate.cpp:199] InstancePrecompute: built 75 candidates
[2026-10-05 04:37:16.728] [info] [stationary.cpp:264] NN: cost=1857.379339, feasible=true, active_stations=2
[2026-10-05 04:37:16.728] [info] [candidate.cpp:199] InstancePrecompute: built 25 candidates
[2026-10-05 04:37:16.728] [info] [stationary.cpp:264] NN: cost=86.256859, feasible=true, active_stations=1
[2026-10-05 04:37:16.728] [info] [candidate.cpp:199] InstancePrecompute: built 75 candidates
[2026-10-05 04:37:16.728] [info] [stationary.cpp:264] NN: cost=298.755673, feasible=true, active_stations=3
[2026-10-05 04:37:16.728] [info] [candidate.cpp:199] InstancePrecompute: built 50 candidates
[2026-10-05 04:37:16.728] [info] [stationary.cpp:264] NN: cost=60.468090, feasible=true, active_stations=1
[2026-10-05 04:37:16.728] [info] [candidate.cpp:199] InstancePrecompute: built 25 candidates
[2026-10-05 04:37:16.728] [info] [stationary.cpp:264] NN: cost=18.839601, feasible=true, active_stations=1
[2026-10-05 04:37:16.728] [info] [candidate.cpp:199] InstancePrecompute: built 25 candidates
[2026-10-05 04:37:16.728] [info] [stationary.cpp:264] NN: cost=1175.925453, feasible=true, active_stations=1
[2026-10-05 04:37:16.728] [info] [candidate.cpp:199] InstancePrecompute: built 75 candidates
[2026-10-05 04:37:16.728] [info] [stationary.cpp:264] NN: cost=925.537246, feasible=true, active_stations=2
[2026-10-05 04:37:16.728] [info] [candidate.cpp:199] InstancePrecompute: built 25 candidates
[2026-10-05 04:37:16.728] [info] [stationary.cpp:264] NN: cost=681.453886, feasible=true, active_stations=1
[2026-10-05 04:37:16.728] [info] [candidate.cpp:199] InstancePrecompute: built 50 candidates
[2026-10-05 04:37:16.728] [info] [stationary.cpp:264] NN: cost=251.623635, feasible=true, active_stations=2
[2026-10-05 04:37:16.728] [info] [candidate.cpp:199] InstancePrecompute: built 75 candidates
[2026-10-05 04:37:16.728] [info] [stationary.cpp:264] NN: cost=110.824834, feasible=true, active_stations=3
[2026-10-05 04:37:16.728] [info] [candidate.cpp:199] InstancePrecompute: built 25 candidates
[2026-10-05 04:37:16.728] [info] [stationary.cpp:264] NN: cost=60.468090, feasible=true, active_stations=1
[2026-10-05 04:37:16.728] [info] [candidate.cpp:199] InstancePrecompute: built 25 candidates
[2026-10-05 04:37:16.729] [info] [stationary.cpp:264] NN: cost=1175.925453, feasible=true, active_stations=1
[2026-10-05 04:37:16.729] [info] [candidate.cpp:199] InstancePrecompute: built 25 candidates
[2026-10-05 04:37:16.729] [info] [stationary.cpp:264] NN: cost=353.674984, feasible=true, active_stations=1
[2026-10-05 04:37:16.729] [info] [candidate.cpp:199] InstancePrecompute: built 75 candidates
[2026-10-05 04:37:16.729] [info] [stationary.cpp:264] NN: cost=681.453886, feasible=true, active_stations=1
[2026-10-05 04:37:16.729] [info] [candidate.cpp:199] InstancePrecompute: built 25 candidates
[2026-10-05 04:37:16.729] [info] [stationary.cpp:264] NN: cost=86.256859, feasible=true, active_stations=1
[2026-10-05 04:37:16.729] [info] [candidate.cpp:199] InstancePrecompute: built 50 candidates
[2026-10-05 04:37:16.729] [info] [stationary.cpp:264] NN: cost=220.978741, feasible=true, active_stations=2
[2026-10-05 04:37:16.729] [info] [candidate.cpp:199] InstancePrecompute: built 75 candidates
[2026-10-05 04:37:16.729] [info] [stationary.cpp:264] NN: cost=60.468090, feasible=true, active_stations=1
[2026-10-05 04:37:16.729] [info] [candidate.cpp:199] InstancePrecompute: built 25 candidates
[2026-10-05 04:37:16.729] [info] [stationary.cpp:264] NN: cost=1175.925453, feasible=true, active_stations=1
[2026-10-05 04:37:16.729] [info] [candidate.cpp:199] InstancePrecompute: built 50 candidates
[2026-10-05 04:37:16.729] [info] [stationary.cpp:264] NN: cost=431.451916, feasible=true, active_stations=2
[2026-10-05 04:37:16.729] [info] [candidate.cpp:199] InstancePrecompute: built 50 candidates
[2026-10-05 04:37:16.729] [info] [stationary.cpp:264] NN: cost=681.453886, feasible=true, active_stations=1
[2026-10-05 04:37:16.729] [info] [candidate.cpp:199] InstancePrecompute: built 50 candidates
[2026-10-05 04:37:16.729] [info] [stationary.cpp:264] NN: cost=251.623635, feasible=true, active_stations=2
[2026-10-05 04:37:16.729] [info] [candidate.cpp:199] InstancePrecompute: built 25 candidates
[2026-10-05 04:37:16.729] [info] [stationary.cpp:264] NN: cost=55.611965, feasible=true, active_stations=1
[2026-10-05 04:37:16.729] [info] [candidate.cpp:199] InstancePrecompute: built 25 candidates
[2026-10-05 04:37:16.729] [info] [stationary.cpp:264] NN: cost=36.373267, feasible=true, active_stations=1
[2026-10-05 04:37:16.729] [info] [candidate.cpp:199] InstancePrecompute: built 25 candidates
[2026-10-05 04:37:16.729] [info] [stationary.cpp:264] NN: cost=60.468090, feasible=true, active_stations=1
[2026-10-05 04:37:16.729] [info] [candidate.cpp:199] InstancePrecompute: built 25 candidates
[2026-10-05 04:37:16.729] [info] [stationary.cpp:264] NN: cost=18.839601, feasible=true, active_stations=1
[2026-10-05 04:37:16.729] [info] [candidate.cpp:199] InstancePrecompute: built 25 candidates
[2026-10-05 04:37:16.729] [info] [stationary.cpp:264] NN: cost=1175.925453, feasible=true, active_stations=1
[2026-10-05 04:37:16.729] [info] [candidate.cpp:199] InstancePrecompute: built 25 candidates
[2026-10-05 04:37:16.729] [info] [stationary.cpp:264] NN: cost=353.674984, feasible=true, active_stations=1
[2026-10-05 04:37:16.729] [info] [candidate.cpp:199] InstancePrecompute: built 75 candidates
[2026-10-05 04:37:16.729] [info] [stationary.cpp:264] NN: cost=681.453886, feasible=true, active_stations=1
[2026-10-05 04:37:16.729] [info] [candidate.cpp:199] InstancePrecompute: built 25 candidates
[2026-10-05 04:37:16.729] [info] [stationary.cpp:264] NN: cost=86.256859, feasible=true, active_stations=1
[2026-10-05 04:37:16.729] [info] [candidate.cpp:199] InstancePrecompute: built 50 candidates
[2026-10-05 04:37:16.729] [info] [stationary.cpp:264] NN: cost=220.978741, feasible=true, active_stations=2
[2026-10-05 04:37:16.729] [info] [candidate.cpp:199] InstancePrecompute: built 50 candidates
[2026-10-05 04:37:16.729] [info] [stationary.cpp:264] NN: cost=60.468090, feasible=true, active_stations=1
[2026-10-05 04:37:16.729] [info] [candidate.cpp:199] InstancePrecompute: built 25 candidates
[2026-10-05 04:37:16.729] [info] [stationary.cpp:264] NN: cost=18.839601, feasible=true, active_stations=1
[2026-10-05 04:37:16.729] [info] [candidate.cpp:199] InstancePrecompute: built 25 candidates
[2026-10-05 04:37:16.729] [info] [stationary.cpp:264] NN: cost=1175.925453, feasible=true, active_stations=1
[2026-10-05 04:37:16.729] [info] [candidate.cpp:199] InstancePrecompute: built 75 candidates
[2026-10-05 04:37:16.729] [info] [stationary.cpp:264] NN: cost=925.537246, feasible=true, active_stations=2
[2026-10-05 04:37:16.729] [info] [candidate.cpp:199] InstancePrecompute: built 25 candidates
[2026-10-05 04:37:16.729] [info] [stationary.cpp:264] NN: cost=681.453886, feasible=true, active_stations=1
[2026-10-05 04:37:16.729] [info] [candidate.cpp:199] InstancePrecompute: built 25 candidates
[2026-10-05 04:37:16.729] [info] [stationary.cpp:264] NN: cost=86.256859, feasible=true, active_stations=1
[2026-10-05 04:37:16.729] [info] [candidate.cpp:199] InstancePrecompute: built 25 candidates
[2026-10-05 04:37:16.729] [info] [stationary.cpp:264] NN: cost=165.366776, feasible=true, active_stations=1
[2026-10-05 04:37:16.729] [info] [candidate.cpp:199] InstancePrecompute: built 25 candidates
[2026-10-05 04:37:16.729] [info] [stationary.cpp:264] NN: cost=55.611965, feasible=true, active_stations=1
[2026-10-05 04:37:16.729] [info] [candidate.cpp:199] InstancePrecompute: built 50 candidates
[2026-10-05 04:37:16.729] [info] [stationary.cpp:264] NN: cost=60.468090, feasible=true, active_stations=1
[2026-10-05 04:37:16.729] [info] [candidate.cpp:199] InstancePrecompute: built 25 candidates
[2026-10-05 04:37:16.729] [info] [stationary.cpp:264] NN: cost=18.839601, feasible=true, active_stations=1
[2026-10-05 04:37:16.729] [info] [candidate.cpp:199] InstancePrecompute: built 25 candidates
[2026-10-05 04:37:16.729] [info] [stationary.cpp:264] NN: cost=1175.925453, feasible=true, active_stations=1
[2026-10-05 04:37:16.729] [info] [candidate.cpp:199] InstancePrecompute: built 50 candidates
[2026-10-05 04:37:16.729] [info] [stationary.cpp:264] NN: cost=431.451916, feasible=true, active_stations=2
[2026-10-05 04:37:16.729] [info] [candidate.cpp:199] InstancePrecompute: built 50 candidates
[2026-10-05 04:37:16.729] [info] [stationary.cpp:264] NN: cost=681.453886, feasible=true, active_stations=1
[2026-10-05 04:37:16.729] [info] [candidate.cpp:199] InstancePrecompute: built 25 candidates
[2026-10-05 04:37:16.729] [info] [stationary.cpp:264] NN: cost=86.256859, feasible=true, active_stations=1
[2026-10-05 04:37:16.729] [info] [candidate.cpp:199] InstancePrecompute: built 25 candidates
[2026-10-05 04:37:16.729] [info] [stationary.cpp:264] NN: cost=165.366776, feasible=true, active_stations=1
[2026-10-05 04:37:16.729] [info] [candidate.cpp:199] InstancePrecompute: built 25 candidates
[2026-10-05 04:37:16.729] [info] [stationary.cpp:264] NN: cost=55.611965, feasible=true, active_stations=1
[2026-10-05 04:37:16.729] [info] [candidate.cpp:199] InstancePrecompute: built 50 candidates
[2026-10-05 04:37:16.729] [info] [stationary.cpp:264] NN: cost=55.212868, feasible=true, active_stations=2
[2026-10-05 04:37:16.729] [info] [candidate.cpp:199] InstancePrecompute: built 25 candidates
[2026-10-05 04:37:16.729] [info] [stationary.cpp:264] NN: cost=60.468090, feasible=true, active_stations=1
[2026-10-05 04:37:16.729] [info] [candidate.cpp:199] InstancePrecompute: built 25 candidates
[2026-10-05 04:37:16.729] [info] [stationary.cpp:264] NN: cost=1175.925453, feasible=true, active_stations=1
[2026-10-05 04:37:16.729] [info] [candidate.cpp:199] InstancePrecompute: built 25 candidates
[2026-10-05 04:37:16.729] [info] [stationary.cpp:264] NN: cost=353.674984, feasible=true, active_stations=1
[2026-10-05 04:37:16.729] [info] [candidate.cpp:199] InstancePrecompute: built 75 candidates
[2026-10-05 04:37:16.729] [info] [stationary.cpp:264] NN: cost=681.453886, feasible=true, active_stations=1
[2026-10-05 04:37:16.729] [info] [candidate.cpp:199] InstancePrecompute: built 25 candidates
[2026-10-05 04:37:16.729] [info] [stationary.cpp:264] NN: cost=86.256859, feasible=true, active_stations=1
[2026-10-05 04:37:16.729] [info] [candidate.cpp:199] InstancePrecompute: built 50 candidates
[2026-10-05 04:37:16.729] [info] [stationary.cpp:264] NN: cost=220.978741, feasible=true, active_stations=2
[2026-10-05 04:37:16.729] [info] [candidate.cpp:199] InstancePrecompute: built 25 candidates
[2026-10-05 04:37:16.729] [info] [stationary.cpp:264] NN: cost=18.839601, feasible=true, active_stations=1
[2026-10-05 04:37:16.729] [info] [candidate.cpp:199] InstancePrecompute: built 50 candidates
[2026-10-05 04:37:16.729] [info] [stationary.cpp:264] NN: cost=60.468090, feasible=true, active_stations=1
[2026-10-05 04:37:16.729] [info] [candidate.cpp:199] InstancePrecompute: built 25 candidates
[2026-10-05 04:37:16.729] [info] [stationary.cpp:264] NN: cost=1175.925453, feasible=true, active_stations=1
[2026-10-05 04:37:16.729] [info] [candidate.cpp:199] InstancePrecompute: built 75 candidates
[2026-10-05 04:37:16.729] [info] [stationary.cpp:264] NN: cost=925.537246, feasible=true, active_stations=2
[2026-10-05 04:37:16.729] [info] [candidate.cpp:199] InstancePrecompute: built 25 candidates
[2026-10-05 04:37:16.729] [info] [stationary.cpp:264] NN: cost=681.453886, feasible=true, active_stations=1
[2026-10-05 04:37:16.729] [info] [candidate.cpp:199] InstancePrecompute: built 25 candidates
[2026-10-05 04:37:16.729] [info] [stationary.cpp:264] NN: cost=86.256859, feasible=true, active_stations=1
[2026-10-05 04:37:16.729] [info] [candidate.cpp:199] InstancePrecompute: built 25 candidates
[2026-10-05 04:37:16.729] [info] [stationary.cpp:264] NN: cost=165.366776, feasible=true, active_stations=1
[2026-10-05 04:37:16.729] [info] [candidate.cpp:199] InstancePrecompute: built 25 candidates
[2026-10-05 04:37:16.729] [info] [stationary.cpp:264] NN: cost=55.611965, feasible=true, active_stations=1
[2026-10-05 04:37:16.729] [info] [candidate.cpp:199] InstancePrecompute: built 75 candidates
[2026-10-05 04:37:16.729] [info] [stationary.cpp:264] NN: cost=60.468090, feasible=true, active_stations=1
[2026-10-05 04:37:16.729] [info] [candidate.cpp:199] InstancePrecompute: built 25 candidates
[2026-10-05 04:37:16.729] [info] [stationary.cpp:264] NN: cost=1175.925453, feasible=true, active_stations=1
[2026-10-05 04:37:16.729] [info] [candidate.cpp:199] InstancePrecompute: built 25 candidates
[2026-10-05 04:37:16.729] [info] [stationary.cpp:264] NN: cost=353.674984, feasible=true, active_stations=1
[2026-10-05 04:37:16.729] [info] [candidate.cpp:199] InstancePrecompute: built 25 candidates
[2026-10-05 04:37:16.729] [info] [stationary.cpp:264] NN: cost=681.453886, feasible=true, active_stations=1
[2026-10-05 04:37:16.729] [info] [candidate.cpp:199] InstancePrecompute: built 25 candidates
[2026-10-05 04:37:16.729] [info] [stationary.cpp:264] NN: cost=77.776932, feasible=true, active_stations=1
[2026-10-05 04:37:16.729] [info] [candidate.cpp:199] InstancePrecompute: built 25 candidates
[2026-10-05 04:37:16.729] [info] [stationary.cpp:264] NN: cost=571.862262, feasible=true, active_stations=1
[2026-10-05 04:37:16.729] [info] [candidate.cpp:199] InstancePrecompute: built 50 candidates
[2026-10-05 04:37:16.729] [info] [stationary.cpp:264] NN: cost=251.623635, feasible=true, active_stations=2
[2026-10-05 04:37:16.729] [info] [candidate.cpp:199] InstancePrecompute: built 25 candidates
[2026-10-05 04:37:16.729] [info] [stationary.cpp:264] NN: cost=55.611965, feasible=true, active_stations=1
[2026-10-05 04:37:16.729] [info] [candidate.cpp:199] InstancePrecompute: built 50 candidates
[2026-10-05 04:37:16.729] [info] [stationary.cpp:264] NN: cost=55.212868, feasible=true, active_stations=2
[2026-10-05 04:37:16.729] [info] [candidate.cpp:199] InstancePrecompute: built 25 candidates
[2026-10-05 04:37:16.729] [info] [stationary.cpp:264] NN: cost=60.468090, feasible=true, active_stations=1
[2026-10-05 04:37:16.729] [info] [candidate.cpp:199] InstancePrecompute: built 25 candidates
[2026-10-05 04:37:16.729] [info] [stationary.cpp:264] NN: cost=1175.925453, feasible=true, active_stations=1
[2026-10-05 04:37:16.729] [info] [candidate.cpp:199] InstancePrecompute: built 25 candidates
[2026-10-05 04:37:16.729] [info] [stationary.cpp:264] NN: cost=353.674984, feasible=true, active_stations=1
[2026-10-05 04:37:16.729] [info] [candidate.cpp:199] InstancePrecompute: built 25 candidates
[2026-10-05 04:37:16.729] [info] [stationary.cpp:264] NN: cost=681.453886, feasible=true, active_stations=1
[2026-10-05 04:37:16.729] [info] [candidate.cpp:199] InstancePrecompute: built 50 candidates
[2026-10-05 04:37:16.729] [info] [stationary.cpp:264] NN: cost=571.862262, feasible=true, active_stations=1
[2026-10-05 04:37:16.729] [info] [candidate.cpp:199] InstancePrecompute: built 25 candidates
[2026-10-05 04:37:16.729] [info] [stationary.cpp:264] NN: cost=86.256859, feasible=true, active_stations=1
[2026-10-05 04:37:16.729] [info] [candidate.cpp:199] InstancePrecompute: built 50 candidates
[2026-10-05 04:37:16.729] [info] [stationary.cpp:264] NN: cost=220.978741, feasible=true, active_stations=2
[2026-10-05 04:37:16.729] [info] [candidate.cpp:199] InstancePrecompute: built 25 candidates
[2026-10-05 04:37:16.729] [info] [stationary.cpp:264] NN: cost=18.839601, feasible=true, active_stations=1
[2026-10-05 04:37:16.729] [info] [candidate.cpp:199] InstancePrecompute: built 50 candidates
[2026-10-05 04:37:16.729] [info] [stationary.cpp:264] NN: cost=60.468090, feasible=true, active_stations=1
[2026-10-05 04:37:16.729] [info] [candidate.cpp:199] InstancePrecompute: built 25 candidates
[2026-10-05 04:37:16.729] [info] [stationary.cpp:264] NN: cost=1175.925453, feasible=true, active_stations=1
[2026-10-05 04:37:16.729] [info] [candidate.cpp:199] InstancePrecompute: built 25 candidates
[2026-10-05 04:37:16.729] [info] [stationary.cpp:264] NN: cost=353.674984, feasible=true, active_stations=1
[2026-10-05 04:37:16.729] [info] [candidate.cpp:199] InstancePrecompute: built 25 candidates
[2026-10-05 04:37:16.729] [info] [stationary.cpp:264] NN: cost=681.453886, feasible=true, active_stations=1
[2026-10-05 04:37:16.729] [info] [candidate.cpp:199] InstancePrecompute: built 50 candidates
[2026-10-05 04:37:16.729] [info] [stationary.cpp:264] NN: cost=571.862262, feasible=true, active_stations=1
[2026-10-05 04:37:16.729] [info] [candidate.cpp:199] InstancePrecompute: built 25 candidates
[2026-10-05 04:37:16.729] [info] [stationary.cpp:264] NN: cost=86.256859, feasible=true, active_stations=1
[2026-10-05 04:37:16.729] [info] [candidate.cpp:199] InstancePrecompute: built 25 candidates
[2026-10-05 04:37:16.729] [info] [stationary.cpp:264] NN: cost=165.366776, feasible=true, active_stations=1
[2026-10-05 04:37:16.729] [info] [candidate.cpp:199] InstancePrecompute: built 25 candidates
[2026-10-05 04:37:16.729] [info] [stationary.cpp:264] NN: cost=55.611965, feasible=true, active_stations=1
[2026-10-05 04:37:16.729] [info] [candidate.cpp:199] InstancePrecompute: built 75 candidates
[2026-10-05 04:37:16.729] [info] [stationary.cpp:264] NN: cost=60.468090, feasible=true, active_stations=1
[2026-10-05 04:37:16.729] [info] [candidate.cpp:199] InstancePrecompute: built 25 candidates
[2026-10-05 04:37:16.729] [info] [stationary.cpp:264] NN: cost=1175.925453, feasible=true, active_stations=1
[2026-10-05 04:37:16.729] [info] [candidate.cpp:199] InstancePrecompute: built 25 candidates
[2026-10-05 04:37:16.729] [info] [stationary.cpp:264] NN: cost=353.674984, feasible=true, active_stations=1
[2026-10-05 04:37:16.729] [info] [candidate.cpp:199] InstancePrecompute: built 25 candidates
[2026-10-05 04:37:16.729] [info] [stationary.cpp:264] NN: cost=571.862262, feasible=true, active_stations=1
[2026-10-05 04:37:16.729] [info] [candidate.cpp:199] InstancePrecompute: built 25 candidates
[2026-10-05 04:37:16.729] [info] [stationary.cpp:264] NN: cost=681.453886, feasible=true, active_stations=1
[2026-10-05 04:37:16.729] [info] [candidate.cpp:199] InstancePrecompute: built 25 candidates
[2026-10-05 04:37:16.729] [info] [stationary.cpp:264] NN: cost=77.776932, feasible=true, active_stations=1
[2026-10-05 04:37:16.729] [info] [candidate.cpp:199] InstancePrecompute: built 25 candidates
[2026-10-05 04:37:16.729] [info] [stationary.cpp:264] NN: cost=86.256859, feasible=true, active_stations=1
[2026-10-05 04:37:16.729] [info] [candidate.cpp:199] InstancePrecompute: built 25 candidates
[2026-10-05 04:37:16.729] [info] [stationary.cpp:264] NN: cost=165.366776, feasible=true, active_stations=1
[2026-10-05 04:37:16.729] [info] [candidate.cpp:199] InstancePrecompute: built 25 candidates
[2026-10-05 04:37:16.729] [info] [stationary.cpp:264] NN: cost=55.611965, feasible=true, active_stations=1
[2026-10-05 04:37:16.729] [info] [candidate.cpp:199] InstancePrecompute: built 25 candidates
[2026-10-05 04:37:16.729] [info] [stationary.cpp:264] NN: cost=36.373267, feasible=true, active_stations=1
[2026-10-05 04:37:16.729] [info] [candidate.cpp:199] InstancePrecompute: built 25 candidates
[2026-10-05 04:37:16.729] [info] [stationary.cpp:264] NN: cost=60.468090, feasible=true, active_stations=1
[2026-10-05 04:37:16.729] [info] [candidate.cpp:199] InstancePrecompute: built 25 candidates
[2026-10-05 04:37:16.729] [info] [stationary.cpp:264] NN: cost=18.839601, feasible=true, active_stations=1
[2026-10-05 04:37:16.729] [info] [candidate.cpp:199] InstancePrecompute: built 25 candidates
[2026-10-05 04:37:16.729] [info] [stationary.cpp:264] NN: cost=1175.925453, feasible=true, active_stations=1
[2026-10-05 04:37:16.729] [info] [candidate.cpp:199] InstancePrecompute: built 25 candidates
[2026-10-05 04:37:16.729] [info] [stationary.cpp:264] NN: cost=353.674984, feasible=true, active_stations=1
[2026-10-05 04:37:16.729] [info] [candidate.cpp:199] InstancePrecompute: built 25 candidates
[2026-10-05 04:37:16.729] [info] [stationary.cpp:264] NN: cost=571.862262, feasible=true, active_stations=1
[2026-10-05 04:37:16.729] [info] [candidate.cpp:199] InstancePrecompute: built 25 candidates
[2026-10-05 04:37:16.729] [info] [stationary.cpp:264] NN: cost=681.453886, feasible=true, active_stations=1
[2026-10-05 04:37:16.729] [info] [candidate.cpp:199] InstancePrecompute: built 25 candidates
[2026-10-05 04:37:16.729] [info] [stationary.cpp:264] NN: cost=77.776932, feasible=true, active_stations=1
[2026-10-05 04:37:16.729] [info] [candidate.cpp:199] InstancePrecompute: built 25 candidates
[2026-10-05 04:37:16.729] [info] [stationary.cpp:264] NN: cost=86.256859, feasible=true, active_stations=1
[2026-10-05 04:37:16.729] [info] [candidate.cpp:199] InstancePrecompute: built 25 candidates
[2026-10-05 04:37:16.729] [info] [stationary.cpp:264] NN: cost=165.366776, feasible=true, active_stations=1
[2026-10-05 04:37:16.729] [info] [candidate.cpp:199] InstancePrecompute: built 25 candidates
[2026-10-05 04:37:16.729] [info] [stationary.cpp:264] NN: cost=55.611965, feasible=true, active_stations=1
[2026-10-05 04:37:16.729] [info] [candidate.cpp:199] InstancePrecompute: built 25 candidates
[2026-10-05 04:37:16.729] [info] [stationary.cpp:264] NN: cost=36.373267, feasible=true, active_stations=1
[2026-10-05 04:37:16.729] [info] [candidate.cpp:199] InstancePrecompute: built 25 candidates
[2026-10-05 04:37:16.729] [info] [stationary.cpp:264] NN: cost=60.468090, feasible=true, active_stations=1
[2026-10-05 04:37:16.729] [info] [candidate.cpp:199] InstancePrecompute: built 25 candidates
[2026-10-05 04:37:16.729] [info] [stationary.cpp:264] NN: cost=18.839601, feasible=true, active_stations=1
[2026-10-05 04:37:16.729] [info] [candidate.cpp:199] InstancePrecompute: built 25 candidates
[2026-10-05 04:37:16.729] [info] [stationary.cpp:264] NN: cost=1175.925453, feasible=true, active_stations=1
[2026-10-05 04:37:16.729] [info] [candidate.cpp:199] InstancePrecompute: built 25 candidates
[2026-10-05 04:37:16.729] [info] [stationary.cpp:264] NN: cost=353.674984, feasible=true, active_stations=1
[2026-10-05 04:37:16.729] [info] [candidate.cpp:199] InstancePrecompute: built 50 candidates
[2026-10-05 04:37:16.729] [info] [stationary.cpp:264] NN: cost=681.453886, feasible=true, active_stations=1
[2026-10-05 04:37:16.729] [info] [candidate.cpp:199] InstancePrecompute: built 25 candidates
[2026-10-05 04:37:16.729] [info] [stationary.cpp:264] NN: cost=77.776932, feasible=true, active_stations=1
[2026-10-05 04:37:16.729] [info] [candidate.cpp:199] InstancePrecompute: built 25 candidates
[2026-10-05 04:37:16.729] [info] [stationary.cpp:264] NN: cost=86.256859, feasible=true, active_stations=1
[2026-10-05 04:37:16.729] [info] [candidate.cpp:199] InstancePrecompute: built 25 candidates
[2026-10-05 04:37:16.729] [info] [stationary.cpp:264] NN: cost=165.366776, feasible=true, active_stations=1
[2026-10-05 04:37:16.729] [info] [candidate.cpp:199] InstancePrecompute: built 25 candidates
[2026-10-05 04:37:16.729] [info] [stationary.cpp:264] NN: cost=55.611965, feasible=true, active_stations=1
[2026-10-05 04:37:16.729] [info] [candidate.cpp:199] InstancePrecompute: built 50 candidates
[2026-10-05 04:37:16.729] [info] [stationary.cpp:264] NN: cost=60.468090, feasible=true, active_stations=1
[2026-10-05 04:37:16.729] [info] [candidate.cpp:199] InstancePrecompute: built 25 candidates
[2026-10-05 04:37:16.729] [info] [stationary.cpp:264] NN: cost=18.839601, feasible=true, active_stations=1
[2026-10-05 04:37:16.729] [info] [candidate.cpp:199] InstancePrecompute: built 25 candidates
[2026-10-05 04:37:16.729] [info] [stationary.cpp:264] NN: cost=1175.925453, feasible=true, active_stations=1
[2026-10-05 04:37:16.729] [info] [candidate.cpp:199] InstancePrecompute: built 25 candidates
[2026-10-05 04:37:16.729] [info] [stationary.cpp:264] NN: cost=353.674984, feasible=true, active_stations=1
[2026-10-05 04:37:16.729] [info] [candidate.cpp:199] InstancePrecompute: built 50 candidates
[2026-10-05 04:37:16.729] [info] [stationary.cpp:264] NN: cost=681.453886, feasible=true, active_stations=1
[2026-10-05 04:37:16.729] [info] [candidate.cpp:199] InstancePrecompute: built 25 candidates
[2026-10-05 04:37:16.729] [info] [stationary.cpp:264] NN: cost=77.776932, feasible=true, active_stations=1
[2026-10-05 04:37:16.729] [info] [candidate.cpp:199] InstancePrecompute: built 25 candidates
[2026-10-05 04:37:16.729] [info] [stationary.cpp:264] NN: cost=86.256859, feasible=true, active_stations=1
[2026-10-05 04:37:16.729] [info] [candidate.cpp:199] InstancePrecompute: built 25 candidates
[2026-10-05 04:37:16.729] [info] [stationary.cpp:264] NN: cost=165.366776, feasible=true, active_stations=1
[2026-10-05 04:37:16.729] [info] [candidate.cpp:199] InstancePrecompute: built 25 candidates
[2026-10-05 04:37:16.729] [info] [stationary.cpp:264] NN: cost=55.611965, feasible=true, active_stations=1
[2026-10-05 04:37:16.729] [info] [candidate.cpp:199] InstancePrecompute: built 50 candidates
[2026-10-05 04:37:16.729] [info] [stationary.cpp:264] NN: cost=60.468090, feasible=true, active_stations=1
[2026-10-05 04:37:16.729] [info] [candidate.cpp:199] InstancePrecompute: built 25 candidates
[2026-10-05 04:37:16.729] [info] [stationary.cpp:264] NN: cost=18.839601, feasible=true, active_stations=1
[2026-10-05 04:37:16.729] [info] [candidate.cpp:199] InstancePrecompute: built 25 candidates
[2026-10-05 04:37:16.729] [info] [stationary.cpp:264] NN: cost=1175.925453, feasible=true, active_stations=1
[2026-10-05 04:37:16.729] [info] [candidate.cpp:199] InstancePrecompute: built 25 candidates
[2026-10-05 04:37:16.729] [info] [stationary.cpp:264] NN: cost=353.674984, feasible=true, active_stations=1
[2026-10-05 04:37:16.730] [info] [candidate.cpp:199] InstancePrecompute: built 25 candidates
[2026-10-05 04:37:16.730] [info] [stationary.cpp:264] NN: cost=681.453886, feasible=true, active_stations=1
[2026-10-05 04:37:16.730] [info] [candidate.cpp:199] InstancePrecompute: built 50 candidates
[2026-10-05 04:37:16.730] [info] [stationary.cpp:264] NN: cost=571.862262, feasible=true, active_stations=1
[2026-10-05 04:37:16.730] [info] [candidate.cpp:199] InstancePrecompute: built 25 candidates
[2026-10-05 04:37:16.730] [info] [stationary.cpp:264] NN: cost=86.256859, feasible=true, active_stations=1
[2026-10-05 04:37:16.730] [info] [candidate.cpp:199] InstancePrecompute: built 25 candidates
[2026-10-05 04:37:16.730] [info] [stationary.cpp:264] NN: cost=165.366776, feasible=true, active_stations=1
[2026-10-05 04:37:16.730] [info] [candidate.cpp:199] InstancePrecompute: built 25 candidates
[2026-10-05 04:37:16.730] [info] [stationary.cpp:264] NN: cost=55.611965, feasible=true, active_stations=1
[2026-10-05 04:37:16.730] [info] [candidate.cpp:199] InstancePrecompute: built 50 candidates
[2026-10-05 04:37:16.730] [info] [stationary.cpp:264] NN: cost=55.212868, feasible=true, active_stations=2
[2026-10-05 04:37:16.730] [info] [candidate.cpp:199] InstancePrecompute: built 25 candidates
[2026-10-05 04:37:16.730] [info] [stationary.cpp:264] NN: cost=60.468090, feasible=true, active_stations=1
[2026-10-05 04:37:16.730] [info] [candidate.cpp:199] InstancePrecompute: built 25 candidates
[2026-10-05 04:37:16.730] [info] [stationary.cpp:264] NN: cost=1175.925453, feasible=true, active_stations=1
[2026-10-05 04:37:16.730] [info] [candidate.cpp:199] InstancePrecompute: built 25 candidates
[2026-10-05 04:37:16.730] [info] [stationary.cpp:264] NN: cost=353.674984, feasible=true, active_stations=1
[2026-10-05 04:37:16.730] [info] [candidate.cpp:199] InstancePrecompute: built 25 candidates
[2026-10-05 04:37:16.730] [info] [stationary.cpp:264] NN: cost=681.453886, feasible=true, active_stations=1
[2026-10-05 04:37:16.730] [info] [candidate.cpp:199] InstancePrecompute: built 50 candidates
[2026-10-05 04:37:16.730] [info] [stationary.cpp:264] NN: cost=571.862262, feasible=true, active_stations=1
[2026-10-05 04:37:16.730] [info] [candidate.cpp:199] InstancePrecompute: built 25 candidates
[2026-10-05 04:37:16.730] [info] [stationary.cpp:264] NN: cost=86.256859, feasible=true, active_stations=1
[2026-10-05 04:37:16.730] [info] [candidate.cpp:199] InstancePrecompute: built 25 candidates
[2026-10-05 04:37:16.730] [info] [stationary.cpp:264] NN: cost=165.366776, feasible=true, active_stations=1
[2026-10-05 04:37:16.730] [info] [candidate.cpp:199] InstancePrecompute: built 25 candidates
[2026-10-05 04:37:16.730] [info] [stationary.cpp:264] NN: cost=55.611965, feasible=true, active_stations=1
[2026-10-05 04:37:16.730] [info] [candidate.cpp:199] InstancePrecompute: built 50 candidates
[2026-10-05 04:37:16.730] [info] [stationary.cpp:264] NN: cost=55.212868, feasible=true, active_stations=2
[2026-10-05 04:37:16.730] [info] [candidate.cpp:199] InstancePrecompute: built 25 candidates
[2026-10-05 04:37:16.730] [info] [stationary.cpp:264] NN: cost=60.468090, feasible=true, active_stations=1
[2026-10-05 04:37:16.730] [info] [candidate.cpp:199] InstancePrecompute: built 25 candidates
[2026-10-05 04:37:16.730] [info] [stationary.cpp:264] NN: cost=1175.925453, feasible=true, active_stations=1
[2026-10-05 04:37:16.730] [info] [candidate.cpp:199] InstancePrecompute: built 25 candidates
[2026-10-05 04:37:16.730] [info] [stationary.cpp:264] NN: cost=353.674984, feasible=true, active_stations=1
[2026-10-05 04:37:16.730] [info] [candidate.cpp:199] InstancePrecompute: built 25 candidates
[2026-10-05 04:37:16.730] [info] [stationary.cpp:264] NN: cost=681.453886, feasible=true, active_stations=1
[2026-10-05 04:37:16.730] [info] [candidate.cpp:199] InstancePrecompute: built 25 candidates
[2026-10-05 04:37:16.730] [info] [stationary.cpp:264] NN: cost=77.776932, feasible=true, active_stations=1
[2026-10-05 04:37:16.730] [info] [candidate.cpp:199] InstancePrecompute: built 25 candidates
[2026-10-05 04:37:16.730] [info] [stationary.cpp:264] NN: cost=571.862262, feasible=true, active_stations=1
[2026-10-05 04:37:16.730] [info] [candidate.cpp:199] InstancePrecompute: built 25 candidates
[2026-10-05 04:37:16.730] [info] [stationary.cpp:264] NN: cost=86.256859, feasible=true, active_stations=1
[2026-10-05 04:37:16.730] [info] [candidate.cpp:199] InstancePrecompute: built 25 candidates
[2026-10-05 04:37:16.730] [info] [stationary.cpp:264] NN: cost=165.366776, feasible=true, active_stations=1
[2026-10-05 04:37:16.730] [info] [candidate.cpp:199] InstancePrecompute: built 25 candidates
[2026-10-05 04:37:16.730] [info] [stationary.cpp:264] NN: cost=55.611965, feasible=true, active_stations=1
[2026-10-05 04:37:16.730] [info] [candidate.cpp:199] InstancePrecompute: built 25 candidates
[2026-10-05 04:37:16.730] [info] [stationary.cpp:264] NN: cost=18.839601, feasible=true, active_stations=1
[2026-10-05 04:37:16.730] [info] [candidate.cpp:199] InstancePrecompute: built 50 candidates
[2026-10-05 04:37:16.730] [info] [stationary.cpp:264] NN: cost=60.468090, feasible=true, active_stations=1
[2026-10-05 04:37:16.730] [info] [candidate.cpp:199] InstancePrecompute: built 25 candidates
[2026-10-05 04:37:16.730] [info] [stationary.cpp:264] NN: cost=1175.925453, feasible=true, active_stations=1
[2026-10-05 04:37:16.730] [info] [candidate.cpp:199] InstancePrecompute: built 25 candidates
[2026-10-05 04:37:16.730] [info] [stationary.cpp:264] NN: cost=353.674984, feasible=true, active_stations=1
[2026-10-05 04:37:16.730] [info] [candidate.cpp:199] InstancePrecompute: built 25 candidates
[2026-10-05 04:37:16.730] [info] [stationary.cpp:264] NN: cost=681.453886, feasible=true, active_stations=1
[2026-10-05 04:37:16.730] [info] [candidate.cpp:199] InstancePrecompute: built 25 candidates
[2026-10-05 04:37:16.730] [info] [stationary.cpp:264] NN: cost=77.776932, feasible=true, active_stations=1
[2026-10-05 04:37:16.730] [info] [candidate.cpp:199] InstancePrecompute: built 25 candidates
[2026-10-05 04:37:16.730] [info] [stationary.cpp:264] NN: cost=571.862262, feasible=true, active_stations=1
[2026-10-05 04:37:16.730] [info] [candidate.cpp:199] InstancePrecompute: built 25 candidates
[2026-10-05 04:37:16.730] [info] [stationary.cpp:264] NN: cost=86.256859, feasible=true, active_stations=1
[2026-10-05 04:37:16.730] [info] [candidate.cpp:199] InstancePrecompute: built 25 candidates
[2026-10-05 04:37:16.730] [info] [stationary.cpp:264] NN: cost=165.366776, feasible=true, active_stations=1
[2026-10-05 04:37:16.730] [info] [candidate.cpp:199] InstancePrecompute: built 25 candidates
[2026-10-05 04:37:16.730] [info] [stationary.cpp:264] NN: cost=55.611965, feasible=true, active_stations=1
[2026-10-05 04:37:16.730] [info] [candidate.cpp:199] InstancePrecompute: built 75 candidates
[2026-10-05 04:37:16.730] [info] [stationary.cpp:264] NN: cost=60.468090, feasible=true, active_stations=1
[2026-10-05 04:37:16.730] [info] [candidate.cpp:199] InstancePrecompute: built 25 candidates
[2026-10-05 04:37:16.730] [info] [stationary.cpp:264] NN: cost=1175.925453, feasible=true, active_stations=1
[2026-10-05 04:37:16.730] [info] [candidate.cpp:199] InstancePrecompute: built 25 candidates
[2026-10-05 04:37:16.730] [info] [stationary.cpp:264] NN: cost=353.674984, feasible=true, active_stations=1
[2026-10-05 04:37:16.730] [info] [candidate.cpp:199] InstancePrecompute: built 50 candidates
[2026-10-05 04:37:16.730] [info] [stationary.cpp:264] NN: cost=571.862262, feasible=true, active_stations=1
[2026-10-05 04:37:16.730] [info] [candidate.cpp:199] InstancePrecompute: built 25 candidates
[2026-10-05 04:37:16.730] [info] [stationary.cpp:264] NN: cost=681.453886, feasible=true, active_stations=1
[2026-10-05 04:37:16.730] [info] [candidate.cpp:199] InstancePrecompute: built 25 candidates
[2026-10-05 04:37:16.730] [info] [stationary.cpp:264] NN: cost=86.256859, feasible=true, active_stations=1
[2026-10-05 04:37:16.730] [info] [candidate.cpp:199] InstancePrecompute: built 25 candidates
[2026-10-05 04:37:16.730] [info] [stationary.cpp:264] NN: cost=165.366776, feasible=true, active_stations=1
[2026-10-05 04:37:16.730] [info] [candidate.cpp:199] InstancePrecompute: built 25 candidates
[2026-10-05 04:37:16.730] [info] [stationary.cpp:264] NN: cost=55.611965, feasible=true, active_stations=1
[2026-10-05 04:37:16.730] [info] [candidate.cpp:199] InstancePrecompute: built 50 candidates
[2026-10-05 04:37:16.730] [info] [stationary.cpp:264] NN: cost=55.212868, feasible=true, active_stations=2
[2026-10-05 04:37:16.730] [info] [candidate.cpp:199] InstancePrecompute: built 25 candidates
[2026-10-05 04:37:16.730] [info] [stationary.cpp:264] NN: cost=60.468090, feasible=true, active_stations=1
[2026-10-05 04:37:16.730] [info] [candidate.cpp:199] InstancePrecompute: built 25 candidates
[2026-10-05 04:37:16.730] [info] [stationary.cpp:264] NN: cost=1175.925453, feasible=true, active_stations=1
[2026-10-05 04:37:16.730] [info] [candidate.cpp:199] InstancePrecompute: built 25 candidates
[2026-10-05 04:37:16.730] [info] [stationary.cpp:264] NN: cost=353.674984, feasible=true, active_stations=1
[2026-10-05 04:37:16.730] [info] [candidate.cpp:199] InstancePrecompute: built 50 candidates
[2026-10-05 04:37:16.730] [info] [stationary.cpp:264] NN: cost=571.862262, feasible=true, active_stations=1
[2026-10-05 04:37:16.730] [info] [candidate.cpp:199] InstancePrecompute: built 25 candidates
[2026-10-05 04:37:16.730] [info] [stationary.cpp:264] NN: cost=681.453886, feasible=true, active_stations=1
[2026-10-05 04:37:16.730] [info] [candidate.cpp:199] InstancePrecompute: built 25 candidates
[2026-10-05 04:37:16.730] [info] [stationary.cpp:264] NN: cost=86.256859, feasible=true, active_stations=1
[2026-10-05 04:37:16.730] [info] [candidate.cpp:199] InstancePrecompute: built 25 candidates
[2026-10-05 04:37:16.730] [info] [stationary.cpp:264] NN: cost=165.366776, feasible=true, active_stations=1
[2026-10-05 04:37:16.730] [info] [candidate.cpp:199] InstancePrecompute: built 25 candidates
[2026-10-05 04:37:16.730] [info] [stationary.cpp:264] NN: cost=55.611965, feasible=true, active_stations=1
[2026-10-05 04:37:16.730] [info] [candidate.cpp:199] InstancePrecompute: built 50 candidates
[2026-10-05 04:37:16.730] [info] [stationary.cpp:264] NN: cost=55.212868, feasible=true, active_stations=2
[2026-10-05 04:37:16.730] [info] [candidate.cpp:199] InstancePrecompute: built 25 candidates
[2026-10-05 04:37:16.730] [info] [stationary.cpp:264] NN: cost=60.468090, feasible=true, active_stations=1
[2026-10-05 04:37:16.730] [info] [candidate.cpp:199] InstancePrecompute: built 25 candidates
[2026-10-05 04:37:16.730] [info] [stationary.cpp:264] NN: cost=1175.925453, feasible=true, active_stations=1
[2026-10-05 04:37:16.730] [info] [candidate.cpp:199] InstancePrecompute: built 50 candidates
[2026-10-05 04:37:16.730] [info] [stationary.cpp:264] NN: cost=431.451916, feasible=true, active_stations=2
[2026-10-05 04:37:16.730] [info] [candidate.cpp:199] InstancePrecompute: built 50 candidates
[2026-10-05 04:37:16.730] [info] [stationary.cpp:264] NN: cost=681.453886, feasible=true, active_stations=1
[2026-10-05 04:37:16.730] [info] [candidate.cpp:199] InstancePrecompute: built 25 candidates
[2026-10-05 04:37:16.730] [info] [stationary.cpp:264] NN: cost=86.256859, feasible=true, active_stations=1
[2026-10-05 04:37:16.730] [info] [candidate.cpp:199] InstancePrecompute: built 25 candidates
[2026-10-05 04:37:16.730] [info] [stationary.cpp:264] NN: cost=165.366776, feasible=true, active_stations=1
[2026-10-05 04:37:16.730] [info] [candidate.cpp:199] InstancePrecompute: built 25 candidates
[2026-10-05 04:37:16.730] [info] [stationary.cpp:264] NN: cost=55.611965, feasible=true, active_stations=1
[2026-10-05 04:37:16.730] [info] [candidate.cpp:199] InstancePrecompute: built 25 candidates
[2026-10-05 04:37:16.730] [info] [stationary.cpp:264] NN: cost=18.839601, feasible=true, active_stations=1
[2026-10-05 04:37:16.730] [info] [candidate.cpp:199] InstancePrecompute: built 50 candidates
[2026-10-05 04:37:16.730] [info] [stationary.cpp:264] NN: cost=60.468090, feasible=true, active_stations=1
[2026-10-05 04:37:16.730] [info] [candidate.cpp:199] InstancePrecompute: built 25 candidates
[2026-10-05 04:37:16.730] [info] [stationary.cpp:264] NN: cost=1175.925453, feasible=true, active_stations=1
[2026-10-05 04:37:16.730] [info] [candidate.cpp:199] InstancePrecompute: built 50 candidates
[2026-10-05 04:37:16.730] [info] [stationary.cpp:264] NN: cost=431.451916, feasible=true, active_stations=2
[2026-10-05 04:37:16.730] [info] [candidate.cpp:199] InstancePrecompute: built 50 candidates
[2026-10-05 04:37:16.730] [info] [stationary.cpp:264] NN: cost=681.453886, feasible=true, active_stations=1
[2026-10-05 04:37:16.730] [info] [candidate.cpp:199] InstancePrecompute: built 25 candidates
[2026-10-05 04:37:16.730] [info] [stationary.cpp:264] NN: cost=86.256859, feasible=true, active_stations=1
[2026-10-05 04:37:16.730] [info] [candidate.cpp:199] InstancePrecompute: built 25 candidates
[2026-10-05 04:37:16.730] [info] [stationary.cpp:264] NN: cost=165.366776, feasible=true, active_stations=1
[2026-10-05 04:37:16.730] [info] [candidate.cpp:199] InstancePrecompute: built 25 candidates
[2026-10-05 04:37:16.730] [info] [stationary.cpp:264] NN: cost=55.611965, feasible=true, active_stations=1
[2026-10-05 04:37:16.730] [info] [candidate.cpp:199] InstancePrecompute: built 75 candidates
[2026-10-05 04:37:16.730] [info] [stationary.cpp:264] NN: cost=60.468090, feasible=true, active_stations=1
[2026-10-05 04:37:16.730] [info] [candidate.cpp:199] InstancePrecompute: built 25 candidates
[2026-10-05 04:37:16.730] [info] [stationary.cpp:264] NN: cost=1175.925453, feasible=true, active_stations=1
[2026-10-05 04:37:16.730] [info] [candidate.cpp:199] InstancePrecompute: built 25 candidates
[2026-10-05 04:37:16.730] [info] [stationary.cpp:264] NN: cost=353.674984, feasible=true, active_stations=1
[2026-10-05 04:37:16.730] [info] [candidate.cpp:199] InstancePrecompute: built 50 candidates
[2026-10-05 04:37:16.730] [info] [stationary.cpp:264] NN: cost=571.862262, feasible=true, active_stations=1
[2026-10-05 04:37:16.730] [info] [candidate.cpp:199] InstancePrecompute: built 25 candidates
[2026-10-05 04:37:16.730] [info] [stationary.cpp:264] NN: cost=681.453886, feasible=true, active_stations=1
[2026-10-05 04:37:16.730] [info] [candidate.cpp:199] InstancePrecompute: built 25 candidates
[2026-10-05 04:37:16.730] [info] [stationary.cpp:264] NN: cost=86.256859, feasible=true, active_stations=1
[2026-10-05 04:37:16.730] [info] [candidate.cpp:199] InstancePrecompute: built 25 candidates
[2026-10-05 04:37:16.730] [info] [stationary.cpp:264] NN: cost=165.366776, feasible=true, active_stations=1
[2026-10-05 04:37:16.730] [info] [candidate.cpp:199] InstancePrecompute: built 25 candidates
[2026-10-05 04:37:16.730] [info] [stationary.cpp:264] NN: cost=55.611965, feasible=true, active_stations=1
[2026-10-05 04:37:16.730] [info] [candidate.cpp:199] InstancePrecompute: built 50 candidates
[2026-10-05 04:37:16.730] [info] [stationary.cpp:264] NN: cost=55.212868, feasible=true, active_stations=2
[2026-10-05 04:37:16.730] [info] [candidate.cpp:199] InstancePrecompute: built 25 candidates
[2026-10-05 04:37:16.730] [info] [stationary.cpp:264] NN: cost=60.468090, feasible=true, active_stations=1
[2026-10-05 04:37:16.730] [info] [candidate.cpp:199] InstancePrecompute: built 25 candidates
[2026-10-05 04:37:16.730] [info] [stationary.cpp:264] NN: cost=1175.925453, feasible=true, active_stations=1
[2026-10-05 04:37:16.730] [info] [candidate.cpp:199] InstancePrecompute: built 25 candidates
[2026-10-05 04:37:16.730] [info] [stationary.cpp:264] NN: cost=353.674984, feasible=true, active_stations=1
[2026-10-05 04:37:16.730] [info] [candidate.cpp:199] InstancePrecompute: built 50 candidates
[2026-10-05 04:37:16.730] [info] [stationary.cpp:264] NN: cost=571.862262, feasible=true, active_stations=1
[2026-10-05 04:37:16.730] [info] [candidate.cpp:199] InstancePrecompute: built 25 candidates
[2026-10-05 04:37:16.730] [info] [stationary.cpp:264] NN: cost=681.453886, feasible=true, active_stations=1
[2026-10-05 04:37:16.730] [info] [candidate.cpp:199] InstancePrecompute: built 25 candidates
[2026-10-05 04:37:16.730] [info] [stationary.cpp:264] NN: cost=86.256859, feasible=true, active_stations=1
[2026-10-05 04:37:16.730] [info] [candidate.cpp:199] InstancePrecompute: built 25 candidates
[2026-10-05 04:37:16.730] [info] [stationary.cpp:264] NN: cost=165.366776, feasible=true, active_stations=1
[2026-10-05 04:37:16.730] [info] [candidate.cpp:199] InstancePrecompute: built 25 candidates
[2026-10-05 04:37:16.730] [info] [stationary.cpp:264] NN: cost=55.611965, feasible=true, active_stations=1
[2026-10-05 04:37:16.730] [info] [candidate.cpp:199] InstancePrecompute: built 50 candidates
[2026-10-05 04:37:16.730] [info] [stationary.cpp:264] NN: cost=55.212868, feasible=true, active_stations=2
[2026-10-05 04:37:16.730] [info] [candidate.cpp:199] InstancePrecompute: built 25 candidates
[2026-10-05 04:37:16.730] [info] [stationary.cpp:264] NN: cost=60.468090, feasible=true, active_stations=1
[2026-10-05 04:37:16.730] [info] [candidate.cpp:199] InstancePrecompute: built 25 candidates
[2026-10-05 04:37:16.730] [info] [stationary.cpp:264] NN: cost=1175.925453, feasible=true, active_stations=1
[2026-10-05 04:37:16.730] [info] [candidate.cpp:199] InstancePrecompute: built 50 candidates
[2026-10-05 04:37:16.730] [info] [stationary.cpp:264] NN: cost=431.451916, feasible=true, active_stations=2
[2026-10-05 04:37:16.730] [info] [candidate.cpp:199] InstancePrecompute: built 50 candidates
[2026-10-05 04:37:16.730] [info] [stationary.cpp:264] NN: cost=681.453886, feasible=true, active_stations=1
[2026-10-05 04:37:16.730] [info] [candidate.cpp:199] InstancePrecompute: built 25 candidates
[2026-10-05 04:37:16.730] [info] [stationary.cpp:264] NN: cost=86.256859, feasible=true, active_stations=1
[2026-10-05 04:37:16.730] [info] [candidate.cpp:199] InstancePrecompute: built 25 candidates
[2026-10-05 04:37:16.730] [info] [stationary.cpp:264] NN: cost=165.366776, feasible=true, active_stations=1
[2026-10-05 04:37:16.730] [info] [candidate.cpp:199] InstancePrecompute: built 25 candidates
[2026-10-05 04:37:16.730] [info] [stationary.cpp:264] NN: cost=55.611965, feasible=true, active_stations=1
[2026-10-05 04:37:16.730] [info] [candidate.cpp:199] InstancePrecompute: built 25 candidates
[2026-10-05 04:37:16.730] [info] [stationary.cpp:264] NN: cost=18.839601, feasible=true, active_stations=1
[2026-10-05 04:37:16.730] [info] [candidate.cpp:199] InstancePrecompute: built 50 candidates
[2026-10-05 04:37:16.730] [info] [stationary.cpp:264] NN: cost=60.468090, feasible=true, active_stations=1
[2026-10-05 04:37:16.730] [info] [candidate.cpp:199] InstancePrecompute: built 25 candidates
[2026-10-05 04:37:16.730] [info] [stationary.cpp:264] NN: cost=1175.925453, feasible=true, active_stations=1
[2026-10-05 04:37:16.730] [info] [candidate.cpp:199] InstancePrecompute: built 50 candidates
[2026-10-05 04:37:16.730] [info] [stationary.cpp:264] NN: cost=431.451916, feasible=true, active_stations=2
[2026-10-05 04:37:16.730] [info] [candidate.cpp:199] InstancePrecompute: built 50 candidates
[2026-10-05 04:37:16.730] [info] [stationary.cpp:264] NN: cost=681.453886, feasible=true, active_stations=1
[2026-10-05 04:37:16.730] [info] [candidate.cpp:199] InstancePrecompute: built 25 candidates
[2026-10-05 04:37:16.730] [info] [stationary.cpp:264] NN: cost=86.256859, feasible=true, active_stations=1
[2026-10-05 04:37:16.730] [info] [candidate.cpp:199] InstancePrecompute: built 25 candidates
[2026-10-05 04:37:16.730] [info] [stationary.cpp:264] NN: cost=165.366776, feasible=true, active_stations=1
[2026-10-05 04:37:16.730] [info] [candidate.cpp:199] InstancePrecompute: built 25 candidates
[2026-10-05 04:37:16.730] [info] [stationary.cpp:264] NN: cost=55.611965, feasible=true, active_stations=1
[2026-10-05 04:37:16.730] [info] [candidate.cpp:199] InstancePrecompute: built 75 candidates
[2026-10-05 04:37:16.730] [info] [stationary.cpp:264] NN: cost=60.468090, feasible=true, active_stations=1
[2026-10-05 04:37:16.730] [info] [candidate.cpp:199] InstancePrecompute: built 25 candidates
[2026-10-05 04:37:16.730] [info] [stationary.cpp:264] NN: cost=1175.925453, feasible=true, active_stations=1
[2026-10-05 04:37:16.730] [info] [candidate.cpp:199] InstancePrecompute: built 25 candidates
[2026-10-05 04:37:16.730] [info] [stationary.cpp:264] NN: cost=353.674984, feasible=true, active_stations=1
[2026-10-05 04:37:16.730] [info] [candidate.cpp:199] InstancePrecompute: built 25 candidates
[2026-10-05 04:37:16.730] [info] [stationary.cpp:264] NN: cost=77.776932, feasible=true, active_stations=1
[2026-10-05 04:37:16.730] [info] [candidate.cpp:199] InstancePrecompute: built 50 candidates
[2026-10-05 04:37:16.730] [info] [stationary.cpp:264] NN: cost=681.453886, feasible=true, active_stations=1
[2026-10-05 04:37:16.730] [info] [candidate.cpp:199] InstancePrecompute: built 25 candidates
[2026-10-05 04:37:16.730] [info] [stationary.cpp:264] NN: cost=86.256859, feasible=true, active_stations=1
[2026-10-05 04:37:16.730] [info] [candidate.cpp:199] InstancePrecompute: built 25 candidates
[2026-10-05 04:37:16.730] [info] [stationary.cpp:264] NN: cost=165.366776, feasible=true, active_stations=1
[2026-10-05 04:37:16.730] [info] [candidate.cpp:199] InstancePrecompute: built 25 candidates
[2026-10-05 04:37:16.730] [info] [stationary.cpp:264] NN: cost=55.611965, feasible=true, active_stations=1
[2026-10-05 04:37:16.730] [info] [candidate.cpp:199] InstancePrecompute: built 25 candidates
[2026-10-05 04:37:16.730] [info] [stationary.cpp:264] NN: cost=36.373267, feasible=true, active_stations=1
[2026-10-05 04:37:16.730] [info] [candidate.cpp:199] InstancePrecompute: built 25 candidates
[2026-10-05 04:37:16.730] [info] [stationary.cpp:264] NN: cost=60.468090, feasible=true, active_stations=1
[2026-10-05 04:37:16.730] [info] [candidate.cpp:199] InstancePrecompute: built 25 candidates
[2026-10-05 04:37:16.730] [info] [stationary.cpp:264] NN: cost=18.839601, feasible=true, active_stations=1
[2026-10-05 04:37:16.730] [info] [candidate.cpp:199] InstancePrecompute: built 25 candidates
[2026-10-05 04:37:16.730] [info] [stationary.cpp:264] NN: cost=1175.925453, feasible=true, active_stations=1
[2026-10-05 04:37:16.730] [info] [candidate.cpp:199] InstancePrecompute: built 25 candidates
[2026-10-05 04:37:16.730] [info] [stationary.cpp:264] NN: cost=353.674984, feasible=true, active_stations=1
[2026-10-05 04:37:16.730] [info] [candidate.cpp:199] InstancePrecompute: built 25 candidates
[2026-10-05 04:37:16.730] [info] [stationary.cpp:264] NN: cost=77.776932, feasible=true, active_stations=1
[2026-10-05 04:37:16.730] [info] [candidate.cpp:199] InstancePrecompute: built 50 candidates
[2026-10-05 04:37:16.730] [info] [stationary.cpp:264] NN: cost=681.453886, feasible=true, active_stations=1
[2026-10-05 04:37:16.730] [info] [candidate.cpp:199] InstancePrecompute: built 25 candidates
[2026-10-05 04:37:16.730] [info] [stationary.cpp:264] NN: cost=86.256859, feasible=true, active_stations=1
[2026-10-05 04:37:16.730] [info] [candidate.cpp:199] InstancePrecompute: built 25 candidates
[2026-10-05 04:37:16.730] [info] [stationary.cpp:264] NN: cost=165.366776, feasible=true, active_stations=1
[2026-10-05 04:37:16.730] [info] [candidate.cpp:199] InstancePrecompute: built 25 candidates
[2026-10-05 04:37:16.730] [info] [stationary.cpp:264] NN: cost=55.611965, feasible=true, active_stations=1
[2026-10-05 04:37:16.730] [info] [candidate.cpp:199] InstancePrecompute: built 25 candidates
[2026-10-05 04:37:16.730] [info] [stationary.cpp:264] NN: cost=36.373267, feasible=true, active_stations=1
[2026-10-05 04:37:16.730] [info] [candidate.cpp:199] InstancePrecompute: built 25 candidates
[2026-10-05 04:37:16.730] [info] [stationary.cpp:264] NN: cost=60.468090, feasible=true, active_stations=1
[2026-10-05 04:37:16.730] [info] [candidate.cpp:199] InstancePrecompute: built 25 candidates
[2026-10-05 04:37:16.730] [info] [stationary.cpp:264] NN: cost=18.839601, feasible=true, active_stations=1
[2026-10-05 04:37:16.730] [info] [candidate.cpp:199] InstancePrecompute: built 25 candidates
[2026-10-05 04:37:16.730] [info] [stationary.cpp:264] NN: cost=1175.925453, feasible=true, active_stations=1
[2026-10-05 04:37:16.730] [info] [candidate.cpp:199] InstancePrecompute: built 25 candidates
[2026-10-05 04:37:16.730] [info] [stationary.cpp:264] NN: cost=353.674984, feasible=true, active_stations=1
[2026-10-05 04:37:16.730] [info] [candidate.cpp:199] InstancePrecompute: built 25 candidates
[2026-10-05 04:37:16.730] [info] [stationary.cpp:264] NN: cost=77.776932, feasible=true, active_stations=1
[2026-10-05 04:37:16.730] [info] [candidate.cpp:199] InstancePrecompute: built 25 candidates
[2026-10-05 04:37:16.730] [info] [stationary.cpp:264] NN: cost=571.862262, feasible=true, active_stations=1
[2026-10-05 04:37:16.730] [info] [candidate.cpp:199] InstancePrecompute: built 25 candidates
[2026-10-05 04:37:16.730] [info] [stationary.cpp:264] NN: cost=681.453886, feasible=true, active_stations=1
[2026-10-05 04:37:16.730] [info] [candidate.cpp:199] InstancePrecompute: built 25 candidates
[2026-10-05 04:37:16.730] [info] [stationary.cpp:264] NN: cost=86.256859, feasible=true, active_stations=1
[2026-10-05 04:37:16.730] [info] [candidate.cpp:199] InstancePrecompute: built 25 candidates
[2026-10-05 04:37:16.730] [info] [stationary.cpp:264] NN: cost=165.366776, feasible=true, active_stations=1
[2026-10-05 04:37:16.730] [info] [candidate.cpp:199] InstancePrecompute: built 25 candidates
[2026-10-05 04:37:16.730] [info] [stationary.cpp:264] NN: cost=55.611965, feasible=true, active_stations=1
[2026-10-05 04:37:16.730] [info] [candidate.cpp:199] InstancePrecompute: built 50 candidates
[2026-10-05 04:37:16.730] [info] [stationary.cpp:264] NN: cost=60.468090, feasible=true, active_stations=1
[2026-10-05 04:37:16.730] [info] [candidate.cpp:199] InstancePrecompute: built 25 candidates
[2026-10-05 04:37:16.731] [info] [stationary.cpp:264] NN: cost=18.839601, feasible=true, active_stations=1
[2026-10-05 04:37:16.731] [info] [candidate.cpp:199] InstancePrecompute: built 25 candidates
[2026-10-05 04:37:16.731] [info] [stationary.cpp:264] NN: cost=1175.925453, feasible=true, active_stations=1
[2026-10-05 04:37:16.731] [info] [candidate.cpp:199] InstancePrecompute: built 25 candidates
[2026-10-05 04:37:16.731] [info] [stationary.cpp:264] NN: cost=353.674984, feasible=true, active_stations=1
[2026-10-05 04:37:16.731] [info] [candidate.cpp:199] InstancePrecompute: built 50 candidates
[2026-10-05 04:37:16.731] [info] [stationary.cpp:264] NN: cost=571.862262, feasible=true, active_stations=1
[2026-10-05 04:37:16.731] [info] [candidate.cpp:199] InstancePrecompute: built 25 candidates
[2026-10-05 04:37:16.731] [info] [stationary.cpp:264] NN: cost=681.453886, feasible=true, active_stations=1
[2026-10-05 04:37:16.731] [info] [candidate.cpp:199] InstancePrecompute: built 25 candidates
[2026-10-05 04:37:16.731] [info] [stationary.cpp:264] NN: cost=86.256859, feasible=true, active_stations=1
[2026-10-05 04:37:16.731] [info] [candidate.cpp:199] InstancePrecompute: built 25 candidates
[2026-10-05 04:37:16.731] [info] [stationary.cpp:264] NN: cost=165.366776, feasible=true, active_stations=1
[2026-10-05 04:37:16.731] [info] [candidate.cpp:199] InstancePrecompute: built 25 candidates
[2026-10-05 04:37:16.731] [info] [stationary.cpp:264] NN: cost=55.611965, feasible=true, active_stations=1
[2026-10-05 04:37:16.731] [info] [candidate.cpp:199] InstancePrecompute: built 50 candidates
[2026-10-05 04:37:16.731] [info] [stationary.cpp:264] NN: cost=60.468090, feasible=true, active_stations=1
[2026-10-05 04:37:16.731] [info] [candidate.cpp:199] InstancePrecompute: built 25 candidates
[2026-10-05 04:37:16.731] [info] [stationary.cpp:264] NN: cost=18.839601, feasible=true, active_stations=1
[2026-10-05 04:37:16.731] [info] [candidate.cpp:199] InstancePrecompute: built 25 candidates
[2026-10-05 04:37:16.731] [info] [stationary.cpp:264] NN: cost=1175.925453, feasible=true, active_stations=1
[2026-10-05 04:37:16.731] [info] [candidate.cpp:199] InstancePrecompute: built 25 candidates
[2026-10-05 04:37:16.731] [info] [stationary.cpp:264] NN: cost=353.674984, feasible=true, active_stations=1
[2026-10-05 04:37:16.731] [info] [candidate.cpp:199] InstancePrecompute: built 50 candidates
[2026-10-05 04:37:16.731] [info] [stationary.cpp:264] NN: cost=571.862262, feasible=true, active_stations=1
[2026-10-05 04:37:16.731] [info] [candidate.cpp:199] InstancePrecompute: built 25 candidates
[2026-10-05 04:37:16.731] [info] [stationary.cpp:264] NN: cost=681.453886, feasible=true, active_stations=1
[2026-10-05 04:37:16.731] [info] [candidate.cpp:199] InstancePrecompute: built 25 candidates
[2026-10-05 04:37:16.731] [info] [stationary.cpp:264] NN: cost=86.256859, feasible=true, active_stations=1
[2026-10-05 04:37:16.731] [info] [candidate.cpp:199] InstancePrecompute: built 25 candidates
[2026-10-05 04:37:16.731] [info] [stationary.cpp:264] NN: cost=165.366776, feasible=true, active_stations=1
[2026-10-05 04:37:16.731] [info] [candidate.cpp:199] InstancePrecompute: built 25 candidates
[2026-10-05 04:37:16.731] [info] [stationary.cpp:264] NN: cost=55.611965, feasible=true, active_stations=1
[2026-10-05 04:37:16.731] [info] [candidate.cpp:199] InstancePrecompute: built 50 candidates
[2026-10-05 04:37:16.731] [info] [stationary.cpp:264] NN: cost=60.468090, feasible=true, active_stations=1
[2026-10-05 04:37:16.731] [info] [candidate.cpp:199] InstancePrecompute: built 25 candidates
[2026-10-05 04:37:16.731] [info] [stationary.cpp:264] NN: cost=18.839601, feasible=true, active_stations=1
[2026-10-05 04:37:16.731] [info] [candidate.cpp:199] InstancePrecompute: built 25 candidates
[2026-10-05 04:37:16.731] [info] [stationary.cpp:264] NN: cost=1175.925453, feasible=true, active_stations=1
[2026-10-05 04:37:16.731] [info] [candidate.cpp:199] InstancePrecompute: built 25 candidates
[2026-10-05 04:37:16.731] [info] [stationary.cpp:264] NN: cost=353.674984, feasible=true, active_stations=1
[2026-10-05 04:37:16.731] [info] [candidate.cpp:199] InstancePrecompute: built 25 candidates
[2026-10-05 04:37:16.731] [info] [stationary.cpp:264] NN: cost=77.776932, feasible=true, active_stations=1
[2026-10-05 04:37:16.731] [info] [candidate.cpp:199] InstancePrecompute: built 50 candidates
[2026-10-05 04:37:16.731] [info] [stationary.cpp:264] NN: cost=681.453886, feasible=true, active_stations=1
[2026-10-05 04:37:16.731] [info] [candidate.cpp:199] InstancePrecompute: built 25 candidates
[2026-10-05 04:37:16.731] [info] [stationary.cpp:264] NN: cost=86.256859, feasible=true, active_stations=1
[2026-10-05 04:37:16.731] [info] [candidate.cpp:199] InstancePrecompute: built 25 candidates
[2026-10-05 04:37:16.731] [info] [stationary.cpp:264] NN: cost=165.366776, feasible=true, active_stations=1
[2026-10-05 04:37:16.731] [info] [candidate.cpp:199] InstancePrecompute: built 25 candidates
[2026-10-05 04:37:16.731] [info] [stationary.cpp:264] NN: cost=36.373267, feasible=true, active_stations=1
[2026-10-05 04:37:16.731] [info] [candidate.cpp:199] InstancePrecompute: built 25 candidates
[2026-10-05 04:37:16.731] [info] [stationary.cpp:264] NN: cost=55.611965, feasible=true, active_stations=1
[2026-10-05 04:37:16.731] [info] [candidate.cpp:199] InstancePrecompute: built 25 candidates
[2026-10-05 04:37:16.731] [info] [stationary.cpp:264] NN: cost=18.839601, feasible=true, active_stations=1
[2026-10-05 04:37:16.731] [info] [candidate.cpp:199] InstancePrecompute: built 25 candidates
[2026-10-05 04:37:16.731] [info] [stationary.cpp:264] NN: cost=60.468090, feasible=true, active_stations=1
[2026-10-05 04:37:16.731] [info] [candidate.cpp:199] InstancePrecompute: built 25 candidates
[2026-10-05 04:37:16.731] [info] [stationary.cpp:264] NN: cost=1175.925453, feasible=true, active_stations=1
[2026-10-05 04:37:16.731] [info] [candidate.cpp:199] InstancePrecompute: built 25 candidates
[2026-10-05 04:37:16.731] [info] [stationary.cpp:264] NN: cost=353.674984, feasible=true, active_stations=1
[2026-10-05 04:37:16.731] [info] [candidate.cpp:199] InstancePrecompute: built 25 candidates
[2026-10-05 04:37:16.731] [info] [stationary.cpp:264] NN: cost=77.776932, feasible=true, active_stations=1
[2026-10-05 04:37:16.731] [info] [candidate.cpp:199] InstancePrecompute: built 50 candidates
[2026-10-05 04:37:16.731] [info] [stationary.cpp:264] NN: cost=681.453886, feasible=true, active_stations=1
[2026-10-05 04:37:16.731] [info] [candidate.cpp:199] InstancePrecompute: built 25 candidates
[2026-10-05 04:37:16.731] [info] [stationary.cpp:264] NN: cost=86.256859, feasible=true, active_stations=1
[2026-10-05 04:37:16.731] [info] [candidate.cpp:199] InstancePrecompute: built 25 candidates
[2026-10-05 04:37:16.731] [info] [stationary.cpp:264] NN: cost=165.366776, feasible=true, active_stations=1
[2026-10-05 04:37:16.731] [info] [candidate.cpp:199] InstancePrecompute: built 25 candidates
[2026-10-05 04:37:16.731] [info] [stationary.cpp:264] NN: cost=36.373267, feasible=true, active_stations=1
[2026-10-05 04:37:16.731] [info] [candidate.cpp:199] InstancePrecompute: built 25 candidates
[2026-10-05 04:37:16.731] [info] [stationary.cpp:264] NN: cost=55.611965, feasible=true, active_stations=1
[2026-10-05 04:37:16.731] [info] [candidate.cpp:199] InstancePrecompute: built 25 candidates
[2026-10-05 04:37:16.731] [info] [stationary.cpp:264] NN: cost=18.839601, feasible=true, active_stations=1
[2026-10-05 04:37:16.731] [info] [candidate.cpp:199] InstancePrecompute: built 25 candidates
[2026-10-05 04:37:16.731] [info] [stationary.cpp:264] NN: cost=60.468090, feasible=true, active_stations=1
[2026-10-05 04:37:16.731] [info] [candidate.cpp:199] InstancePrecompute: built 25 candidates
[2026-10-05 04:37:16.731] [info] [stationary.cpp:264] NN: cost=1175.925453, feasible=true, active_stations=1
[2026-10-05 04:37:16.731] [info] [candidate.cpp:199] InstancePrecompute: built 50 candidates
[2026-10-05 04:37:16.731] [info] [stationary.cpp:264] NN: cost=431.451916, feasible=true, active_stations=2
[2026-10-05 04:37:16.731] [info] [candidate.cpp:199] InstancePrecompute: built 25 candidates
[2026-10-05 04:37:16.731] [info] [stationary.cpp:264] NN: cost=571.862262, feasible=true, active_stations=1
[2026-10-05 04:37:16.731] [info] [candidate.cpp:199] InstancePrecompute: built 25 candidates
[2026-10-05 04:37:16.731] [info] [stationary.cpp:264] NN: cost=681.453886, feasible=true, active_stations=1
[2026-10-05 04:37:16.731] [info] [candidate.cpp:199] InstancePrecompute: built 25 candidates
[2026-10-05 04:37:16.731] [info] [stationary.cpp:264] NN: cost=86.256859, feasible=true, active_stations=1
[2026-10-05 04:37:16.731] [info] [candidate.cpp:199] InstancePrecompute: built 25 candidates
[2026-10-05 04:37:16.731] [info] [stationary.cpp:264] NN: cost=165.366776, feasible=true, active_stations=1
[2026-10-05 04:37:16.731] [info] [candidate.cpp:199] InstancePrecompute: built 25 candidates
[2026-10-05 04:37:16.731] [info] [stationary.cpp:264] NN: cost=36.373267, feasible=true, active_stations=1
[2026-10-05 04:37:16.731] [info] [candidate.cpp:199] InstancePrecompute: built 25 candidates
[2026-10-05 04:37:16.731] [info] [stationary.cpp:264] NN: cost=55.611965, feasible=true, active_stations=1
[2026-10-05 04:37:16.731] [info] [candidate.cpp:199] InstancePrecompute: built 25 candidates
[2026-10-05 04:37:16.731] [info] [stationary.cpp:264] NN: cost=18.839601, feasible=true, active_stations=1
[2026-10-05 04:37:16.731] [info] [candidate.cpp:199] InstancePrecompute: built 25 candidates
[2026-10-05 04:37:16.731] [info] [stationary.cpp:264] NN: cost=60.468090, feasible=true, active_stations=1
[2026-10-05 04:37:16.731] [info] [candidate.cpp:199] InstancePrecompute: built 25 candidates
[2026-10-05 04:37:16.731] [info] [stationary.cpp:264] NN: cost=1175.925453, feasible=true, active_stations=1
[2026-10-05 04:37:16.731] [info] [candidate.cpp:199] InstancePrecompute: built 25 candidates
[2026-10-05 04:37:16.731] [info] [stationary.cpp:264] NN: cost=353.674984, feasible=true, active_stations=1
[2026-10-05 04:37:16.731] [info] [candidate.cpp:199] InstancePrecompute: built 50 candidates
[2026-10-05 04:37:16.731] [info] [stationary.cpp:264] NN: cost=571.862262, feasible=true, active_stations=1
[2026-10-05 04:37:16.731] [info] [candidate.cpp:199] InstancePrecompute: built 25 candidates
[2026-10-05 04:37:16.731] [info] [stationary.cpp:264] NN: cost=681.453886, feasible=true, active_stations=1
[2026-10-05 04:37:16.731] [info] [candidate.cpp:199] InstancePrecompute: built 25 candidates
[2026-10-05 04:37:16.731] [info] [stationary.cpp:264] NN: cost=86.256859, feasible=true, active_stations=1
[2026-10-05 04:37:16.731] [info] [candidate.cpp:199] InstancePrecompute: built 25 candidates
[2026-10-05 04:37:16.731] [info] [stationary.cpp:264] NN: cost=165.366776, feasible=true, active_stations=1
[2026-10-05 04:37:16.731] [info] [candidate.cpp:199] InstancePrecompute: built 25 candidates
[2026-10-05 04:37:16.731] [info] [stationary.cpp:264] NN: cost=36.373267, feasible=true, active_stations=1
[2026-10-05 04:37:16.731] [info] [candidate.cpp:199] InstancePrecompute: built 25 candidates
[2026-10-05 04:37:16.731] [info] [stationary.cpp:264] NN: cost=55.611965, feasible=true, active_stations=1
[2026-10-05 04:37:16.731] [info] [candidate.cpp:199] InstancePrecompute: built 25 candidates
[2026-10-05 04:37:16.731] [info] [stationary.cpp:264] NN: cost=18.839601, feasible=true, active_stations=1
[2026-10-05 04:37:16.731] [info] [candidate.cpp:199] InstancePrecompute: built 25 candidates
[2026-10-05 04:37:16.731] [info] [stationary.cpp:264] NN: cost=60.468090, feasible=true, active_stations=1
[2026-10-05 04:37:16.731] [info] [candidate.cpp:199] InstancePrecompute: built 25 candidates
[2026-10-05 04:37:16.731] [info] [stationary.cpp:264] NN: cost=1175.925453, feasible=true, active_stations=1
[2026-10-05 04:37:16.731] [info] [candidate.cpp:199] InstancePrecompute: built 25 candidates
[2026-10-05 04:37:16.731] [info] [stationary.cpp:264] NN: cost=353.674984, feasible=true, active_stations=1
[2026-10-05 04:37:16.731] [info] [candidate.cpp:199] InstancePrecompute: built 50 candidates
[2026-10-05 04:37:16.731] [info] [stationary.cpp:264] NN: cost=571.862262, feasible=true, active_stations=1
[2026-10-05 04:37:16.731] [info] [candidate.cpp:199] InstancePrecompute: built 25 candidates
[2026-10-05 04:37:16.731] [info] [stationary.cpp:264] NN: cost=681.453886, feasible=true, active_stations=1
[2026-10-05 04:37:16.731] [info] [candidate.cpp:199] InstancePrecompute: built 25 candidates
[2026-10-05 04:37:16.731] [info] [stationary.cpp:264] NN: cost=86.256859, feasible=true, active_stations=1
[2026-10-05 04:37:16.731] [info] [candidate.cpp:199] InstancePrecompute: built 25 candidates
[2026-10-05 04:37:16.731] [info] [stationary.cpp:264] NN: cost=165.366776, feasible=true, active_stations=1
[2026-10-05 04:37:16.731] [info] [candidate.cpp:199] InstancePrecompute: built 25 candidates
[2026-10-05 04:37:16.731] [info] [stationary.cpp:264] NN: cost=36.373267, feasible=true, active_stations=1
[2026-10-05 04:37:16.731] [info] [candidate.cpp:199] InstancePrecompute: built 25 candidates
[2026-10-05 04:37:16.731] [info] [stationary.cpp:264] NN: cost=55.611965, feasible=true, active_stations=1
[2026-10-05 04:37:16.731] [info] [candidate.cpp:199] InstancePrecompute: built 50 candidates
[2026-10-05 04:37:16.731] [info] [stationary.cpp:264] NN: cost=60.468090, feasible=true, active_stations=1
[2026-10-05 04:37:16.731] [info] [candidate.cpp:199] InstancePrecompute: built 25 candidates
[2026-10-05 04:37:16.731] [info] [stationary.cpp:264] NN: cost=1175.925453, feasible=true, active_stations=1
[2026-10-05 04:37:16.731] [info] [candidate.cpp:199] InstancePrecompute: built 25 candidates
[2026-10-05 04:37:16.731] [info] [stationary.cpp:264] NN: cost=353.674984, feasible=true, active_stations=1
[2026-10-05 04:37:16.731] [info] [candidate.cpp:199] InstancePrecompute: built 50 candidates
[2026-10-05 04:37:16.731] [info] [stationary.cpp:264] NN: cost=681.453886, feasible=true, active_stations=1
[2026-10-05 04:37:16.731] [info] [candidate.cpp:199] InstancePrecompute: built 25 candidates
[2026-10-05 04:37:16.731] [info] [stationary.cpp:264] NN: cost=77.776932, feasible=true, active_stations=1
[2026-10-05 04:37:16.731] [info] [candidate.cpp:199] InstancePrecompute: built 25 candidates
[2026-10-05 04:37:16.731] [info] [stationary.cpp:264] NN: cost=86.256859, feasible=true, active_stations=1
[2026-10-05 04:37:16.731] [info] [candidate.cpp:199] InstancePrecompute: built 25 candidates
[2026-10-05 04:37:16.731] [info] [stationary.cpp:264] NN: cost=165.366776, feasible=true, active_stations=1
[2026-10-05 04:37:16.731] [info] [candidate.cpp:199] InstancePrecompute: built 25 candidates
[2026-10-05 04:37:16.731] [info] [stationary.cpp:264] NN: cost=55.611965, feasible=true, active_stations=1
[2026-10-05 04:37:16.731] [info] [candidate.cpp:199] InstancePrecompute: built 50 candidates
[2026-10-05 04:37:16.731] [info] [stationary.cpp:264] NN: cost=55.212868, feasible=true, active_stations=2
[2026-10-05 04:37:16.731] [info] [candidate.cpp:199] InstancePrecompute: built 25 candidates
[2026-10-05 04:37:16.731] [info] [stationary.cpp:264] NN: cost=60.468090, feasible=true, active_stations=1
[2026-10-05 04:37:16.731] [info] [candidate.cpp:199] InstancePrecompute: built 25 candidates
[2026-10-05 04:37:16.731] [info] [stationary.cpp:264] NN: cost=1175.925453, feasible=true, active_stations=1
[2026-10-05 04:37:16.731] [info] [candidate.cpp:199] InstancePrecompute: built 25 candidates
[2026-10-05 04:37:16.731] [info] [stationary.cpp:264] NN: cost=353.674984, feasible=true, active_stations=1
[2026-10-05 04:37:16.731] [info] [candidate.cpp:199] InstancePrecompute: built 50 candidates
[2026-10-05 04:37:16.731] [info] [stationary.cpp:264] NN: cost=681.453886, feasible=true, active_stations=1
[2026-10-05 04:37:16.731] [info] [candidate.cpp:199] InstancePrecompute: built 25 candidates
[2026-10-05 04:37:16.731] [info] [stationary.cpp:264] NN: cost=77.776932, feasible=true, active_stations=1
[2026-10-05 04:37:16.731] [info] [candidate.cpp:199] InstancePrecompute: built 25 candidates
[2026-10-05 04:37:16.731] [info] [stationary.cpp:264] NN: cost=86.256859, feasible=true, active_stations=1
[2026-10-05 04:37:16.731] [info] [candidate.cpp:199] InstancePrecompute: built 25 candidates
[2026-10-05 04:37:16.731] [info] [stationary.cpp:264] NN: cost=165.366776, feasible=true, active_stations=1
[2026-10-05 04:37:16.731] [info] [candidate.cpp:199] InstancePrecompute: built 25 candidates
[2026-10-05 04:37:16.731] [info] [stationary.cpp:264] NN: cost=55.611965, feasible=true, active_stations=1
[2026-10-05 04:37:16.731] [info] [candidate.cpp:199] InstancePrecompute: built 50 candidates
[2026-10-05 04:37:16.731] [info] [stationary.cpp:264] NN: cost=55.212868, feasible=true, active_stations=2
[2026-10-05 04:37:16.731] [info] [candidate.cpp:199] InstancePrecompute: built 25 candidates
[2026-10-05 04:37:16.731] [info] [stationary.cpp:264] NN: cost=60.468090, feasible=true, active_stations=1
[2026-10-05 04:37:16.731] [info] [candidate.cpp:199] InstancePrecompute: built 25 candidates
[2026-10-05 04:37:16.731] [info] [stationary.cpp:264] NN: cost=1175.925453, feasible=true, active_stations=1
[2026-10-05 04:37:16.731] [info] [candidate.cpp:199] InstancePrecompute: built 25 candidates
[2026-10-05 04:37:16.731] [info] [stationary.cpp:264] NN: cost=353.674984, feasible=true, active_stations=1
[2026-10-05 04:37:16.731] [info] [candidate.cpp:199] InstancePrecompute: built 25 candidates
[2026-10-05 04:37:16.731] [info] [stationary.cpp:264] NN: cost=571.862262, feasible=true, active_stations=1
[2026-10-05 04:37:16.731] [info] [candidate.cpp:199] InstancePrecompute: built 25 candidates
[2026-10-05 04:37:16.731] [info] [stationary.cpp:264] NN: cost=681.453886, feasible=true, active_stations=1
[2026-10-05 04:37:16.731] [info] [candidate.cpp:199] InstancePrecompute: built 25 candidates
[2026-10-05 04:37:16.731] [info] [stationary.cpp:264] NN: cost=77.776932, feasible=true, active_stations=1
[2026-10-05 04:37:16.731] [info] [candidate.cpp:199] InstancePrecompute: built 25 candidates
[2026-10-05 04:37:16.731] [info] [stationary.cpp:264] NN: cost=86.256859, feasible=true, active_stations=1
[2026-10-05 04:37:16.731] [info] [candidate.cpp:199] InstancePrecompute: built 25 candidates
[2026-10-05 04:37:16.731] [info] [stationary.cpp:264] NN: cost=165.366776, feasible=true, active_stations=1
[2026-10-05 04:37:16.731] [info] [candidate.cpp:199] InstancePrecompute: built 25 candidates
[2026-10-05 04:37:16.731] [info] [stationary.cpp:264] NN: cost=55.611965, feasible=true, active_stations=1
[2026-10-05 04:37:16.731] [info] [candidate.cpp:199] InstancePrecompute: built 25 candidates
[2026-10-05 04:37:16.731] [info] [stationary.cpp:264] NN: cost=18.839601, feasible=true, active_stations=1
[2026-10-05 04:37:16.731] [info] [candidate.cpp:199] InstancePrecompute: built 50 candidates
[2026-10-05 04:37:16.731] [info] [stationary.cpp:264] NN: cost=60.468090, feasible=true, active_stations=1
[2026-10-05 04:37:16.731] [info] [candidate.cpp:199] InstancePrecompute: built 25 candidates
[2026-10-05 04:37:16.731] [info] [stationary.cpp:264] NN: cost=1175.925453, feasible=true, active_stations=1
[2026-10-05 04:37:16.731] [info] [candidate.cpp:199] InstancePrecompute: built 25 candidates
[2026-10-05 04:37:16.731] [info] [stationary.cpp:264] NN: cost=353.674984, feasible=true, active_stations=1
[2026-10-05 04:37:16.731] [info] [candidate.cpp:199] InstancePrecompute: built 25 candidates
[2026-10-05 04:37:16.731] [info] [stationary.cpp:264] NN: cost=571.862262, feasible=true, active_stations=1
[2026-10-05 04:37:16.731] [info] [candidate.cpp:199] InstancePrecompute: built 25 candidates
[2026-10-05 04:37:16.731] [info] [stationary.cpp:264] NN: cost=681.453886, feasible=true, active_stations=1
[2026-10-05 04:37:16.731] [info] [candidate.cpp:199] InstancePrecompute: built 25 candidates
[2026-10-05 04:37:16.731] [info] [stationary.cpp:264] NN: cost=77.776932, feasible=true, active_stations=1
[2026-10-05 04:37:16.731] [info] [candidate.cpp:199] InstancePrecompute: built 25 candidates
[2026-10-05 04:37:16.731] [info] [stationary.cpp:264] NN: cost=86.256859, feasible=true, active_stations=1
[2026-10-05 04:37:16.731] [info] [candidate.cpp:199] InstancePrecompute: built 25 candidates
[2026-10-05 04:37:16.731] [info] [stationary.cpp:264] NN: cost=165.366776, feasible=true, active_stations=1
[2026-10-05 04:37:16.731] [info] [candidate.cpp:199] InstancePrecompute: built 25 candidates
[2026-10-05 04:37:16.731] [info] [stationary.cpp:264] NN: cost=55.611965, feasible=true, active_stations=1
[2026-10-05 04:37:16.731] [info] [candidate.cpp:199] InstancePrecompute: built 25 candidates
[2026-10-05 04:37:16.731] [info] [stationary.cpp:264] NN: cost=18.839601, feasible=true, active_stations=1
[2026-10-05 04:37:16.731] [info] [candidate.cpp:199] InstancePrecompute: built 50 candidates
[2026-10-05 04:37:16.731] [info] [stationary.cpp:264] NN: cost=60.468090, feasible=true, active_stations=1
[2026-10-05 04:37:16.731] [info] [candidate.cpp:199] InstancePrecompute: built 25 candidates
[2026-10-05 04:37:16.731] [info] [stationary.cpp:264] NN: cost=1175.925453, feasible=true, active_stations=1
[2026-10-05 04:37:16.731] [info] [candidate.cpp:199] InstancePrecompute: built 25 candidates
[2026-10-05 04:37:16.731] [info] [stationary.cpp:264] NN: cost=353.674984, feasible=true, active_stations=1
[2026-10-05 04:37:16.731] [info] [candidate.cpp:199] InstancePrecompute: built 25 candidates
[2026-10-05 04:37:16.731] [info] [stationary.cpp:264] NN: cost=571.862262, feasible=true, active_stations=1
[2026-10-05 04:37:16.731] [info] [candidate.cpp:199] InstancePrecompute: built 25 candidates
[2026-10-05 04:37:16.731] [info] [stationary.cpp:264] NN: cost=681.453886, feasible=true, active_stations=1
[2026-10-05 04:37:16.731] [info] [candidate.cpp:199] InstancePrecompute: built 25 candidates
[2026-10-05 04:37:16.731] [info] [stationary.cpp:264] NN: cost=77.776932, feasible=true, active_stations=1
[2026-10-05 04:37:16.731] [info] [candidate.cpp:199] InstancePrecompute: built 25 candidates
[2026-10-05 04:37:16.731] [info] [stationary.cpp:264] NN: cost=86.256859, feasible=true, active_stations=1
[2026-10-05 04:37:16.731] [info] [candidate.cpp:199] InstancePrecompute: built 25 candidates
[2026-10-05 04:37:16.731] [info] [stationary.cpp:264] NN: cost=165.366776, feasible=true, active_stations=1
[2026-10-05 04:37:16.731] [info] [candidate.cpp:199] InstancePrecompute: built 25 candidates
[2026-10-05 04:37:16.731] [info] [stationary.cpp:264] NN: cost=55.611965, feasible=true, active_stations=1
[2026-10-05 04:37:16.731] [info] [candidate.cpp:199] InstancePrecompute: built 75 candidates
[2026-10-05 04:37:16.731] [info] [stationary.cpp:264] NN: cost=60.468090, feasible=true, active_stations=1
[2026-10-05 04:37:16.731] [info] [candidate.cpp:199] InstancePrecompute: built 25 candidates
[2026-10-05 04:37:16.731] [info] [stationary.cpp:264] NN: cost=1175.925453, feasible=true, active_stations=1
[2026-10-05 04:37:16.731] [info] [candidate.cpp:199] InstancePrecompute: built 25 candidates
[2026-10-05 04:37:16.731] [info] [stationary.cpp:264] NN: cost=353.674984, feasible=true, active_stations=1
[2026-10-05 04:37:16.731] [info] [candidate.cpp:199] InstancePrecompute: built 50 candidates
[2026-10-05 04:37:16.731] [info] [stationary.cpp:264] NN: cost=681.453886, feasible=true, active_stations=1
[2026-10-05 04:37:16.731] [info] [candidate.cpp:199] InstancePrecompute: built 25 candidates
[2026-10-05 04:37:16.731] [info] [stationary.cpp:264] NN: cost=77.776932, feasible=true, active_stations=1
[2026-10-05 04:37:16.731] [info] [candidate.cpp:199] InstancePrecompute: built 25 candidates
[2026-10-05 04:37:16.731] [info] [stationary.cpp:264] NN: cost=86.256859, feasible=true, active_stations=1
[2026-10-05 04:37:16.731] [info] [candidate.cpp:199] InstancePrecompute: built 25 candidates
[2026-10-05 04:37:16.731] [info] [stationary.cpp:264] NN: cost=165.366776, feasible=true, active_stations=1
[2026-10-05 04:37:16.731] [info] [candidate.cpp:199] InstancePrecompute: built 25 candidates
[2026-10-05 04:37:16.731] [info] [stationary.cpp:264] NN: cost=55.611965, feasible=true, active_stations=1
[2026-10-05 04:37:16.731] [info] [candidate.cpp:199] InstancePrecompute: built 50 candidates
[2026-10-05 04:37:16.731] [info] [stationary.cpp:264] NN: cost=55.212868, feasible=true, active_stations=2
[2026-10-05 04:37:16.731] [info] [candidate.cpp:199] InstancePrecompute: built 25 candidates
[2026-10-05 04:37:16.731] [info] [stationary.cpp:264] NN: cost=60.468090, feasible=true, active_stations=1
[2026-10-05 04:37:16.731] [info] [candidate.cpp:199] InstancePrecompute: built 25 candidates
[2026-10-05 04:37:16.731] [info] [stationary.cpp:264] NN: cost=1175.925453, feasible=true, active_stations=1
[2026-10-05 04:37:16.731] [info] [candidate.cpp:199] InstancePrecompute: built 25 candidates
[2026-10-05 04:37:16.731] [info] [stationary.cpp:264] NN: cost=353.674984, feasible=true, active_stations=1
[2026-10-05 04:37:16.731] [info] [candidate.cpp:199] InstancePrecompute: built 50 candidates
[2026-10-05 04:37:16.731] [info] [stationary.cpp:264] NN: cost=681.453886, feasible=true, active_stations=1
[2026-10-05 04:37:16.731] [info] [candidate.cpp:199] InstancePrecompute: built 25 candidates
[2026-10-05 04:37:16.731] [info] [stationary.cpp:264] NN: cost=77.776932, feasible=true, active_stations=1
[2026-10-05 04:37:16.731] [info] [candidate.cpp:199] InstancePrecompute: built 25 candidates
[2026-10-05 04:37:16.731] [info] [stationary.cpp:264] NN: cost=86.256859, feasible=true, active_stations=1
[2026-10-05 04:37:16.731] [info] [candidate.cpp:199] InstancePrecompute: built 25 candidates
[2026-10-05 04:37:16.731] [info] [stationary.cpp:264] NN: cost=165.366776, feasible=true, active_stations=1
[2026-10-05 04:37:16.731] [info] [candidate.cpp:199] InstancePrecompute: built 25 candidates
[2026-10-05 04:37:16.731] [info] [stationary.cpp:264] NN: cost=55.611965, feasible=true, active_stations=1
[2026-10-05 04:37:16.731] [info] [candidate.cpp:199] InstancePrecompute: built 50 candidates
[2026-10-05 04:37:16.731] [info] [stationary.cpp:264] NN: cost=55.212868, feasible=true, active_stations=2
[2026-10-05 04:37:16.731] [info] [candidate.cpp:199] InstancePrecompute: built 25 candidates
[2026-10-05 04:37:16.732] [info] [stationary.cpp:264] NN: cost=60.468090, feasible=true, active_stations=1
[2026-10-05 04:37:16.732] [info] [candidate.cpp:199] InstancePrecompute: built 25 candidates
[2026-10-05 04:37:16.732] [info] [stationary.cpp:264] NN: cost=1175.925453, feasible=true, active_stations=1
[2026-10-05 04:37:16.732] [info] [candidate.cpp:199] InstancePrecompute: built 25 candidates
[2026-10-05 04:37:16.732] [info] [stationary.cpp:264] NN: cost=353.674984, feasible=true, active_stations=1
[2026-10-05 04:37:16.732] [info] [candidate.cpp:199] InstancePrecompute: built 25 candidates
[2026-10-05 04:37:16.732] [info] [stationary.cpp:264] NN: cost=571.862262, feasible=true, active_stations=1
[2026-10-05 04:37:16.732] [info] [candidate.cpp:199] InstancePrecompute: built 25 candidates
[2026-10-05 04:37:16.732] [info] [stationary.cpp:264] NN: cost=681.453886, feasible=true, active_stations=1
[2026-10-05 04:37:16.732] [info] [candidate.cpp:199] InstancePrecompute: built 25 candidates
[2026-10-05 04:37:16.732] [info] [stationary.cpp:264] NN: cost=77.776932, feasible=true, active_stations=1
[2026-10-05 04:37:16.732] [info] [candidate.cpp:199] InstancePrecompute: built 25 candidates
[2026-10-05 04:37:16.732] [info] [stationary.cpp:264] NN: cost=86.256859, feasible=true, active_stations=1
[2026-10-05 04:37:16.732] [info] [candidate.cpp:199] InstancePrecompute: built 25 candidates
[2026-10-05 04:37:16.732] [info] [stationary.cpp:264] NN: cost=165.366776, feasible=true, active_stations=1
[2026-10-05 04:37:16.732] [info] [candidate.cpp:199] InstancePrecompute: built 25 candidates
[2026-10-05 04:37:16.732] [info] [stationary.cpp:264] NN: cost=55.611965, feasible=true, active_stations=1
[2026-10-05 04:37:16.732] [info] [candidate.cpp:199] InstancePrecompute: built 25 candidates
[2026-10-05 04:37:16.732] [info] [stationary.cpp:264] NN: cost=18.839601, feasible=true, active_stations=1
[2026-10-05 04:37:16.732] [info] [candidate.cpp:199] InstancePrecompute: built 50 candidates
[2026-10-05 04:37:16.732] [info] [stationary.cpp:264] NN: cost=60.468090, feasible=true, active_stations=1
[2026-10-05 04:37:16.732] [info] [candidate.cpp:199] InstancePrecompute: built 25 candidates
[2026-10-05 04:37:16.732] [info] [stationary.cpp:264] NN: cost=1175.925453, feasible=true, active_stations=1
[2026-10-05 04:37:16.732] [info] [candidate.cpp:199] InstancePrecompute: built 25 candidates
[2026-10-05 04:37:16.732] [info] [stationary.cpp:264] NN: cost=353.674984, feasible=true, active_stations=1
[2026-10-05 04:37:16.732] [info] [candidate.cpp:199] InstancePrecompute: built 25 candidates
[2026-10-05 04:37:16.732] [info] [stationary.cpp:264] NN: cost=571.862262, feasible=true, active_stations=1
[2026-10-05 04:37:16.732] [info] [candidate.cpp:199] InstancePrecompute: built 25 candidates
[2026-10-05 04:37:16.732] [info] [stationary.cpp:264] NN: cost=681.453886, feasible=true, active_stations=1
[2026-10-05 04:37:16.732] [info] [candidate.cpp:199] InstancePrecompute: built 25 candidates
[2026-10-05 04:37:16.732] [info] [stationary.cpp:264] NN: cost=77.776932, feasible=true, active_stations=1
[2026-10-05 04:37:16.732] [info] [candidate.cpp:199] InstancePrecompute: built 25 candidates
[2026-10-05 04:37:16.732] [info] [stationary.cpp:264] NN: cost=86.256859, feasible=true, active_stations=1
[2026-10-05 04:37:16.732] [info] [candidate.cpp:199] InstancePrecompute: built 25 candidates
[2026-10-05 04:37:16.732] [info] [stationary.cpp:264] NN: cost=165.366776, feasible=true, active_stations=1
[2026-10-05 04:37:16.732] [info] [candidate.cpp:199] InstancePrecompute: built 25 candidates
[2026-10-05 04:37:16.732] [info] [stationary.cpp:264] NN: cost=55.611965, feasible=true, active_stations=1
[2026-10-05 04:37:16.732] [info] [candidate.cpp:199] InstancePrecompute: built 25 candidates
[2026-10-05 04:37:16.732] [info] [stationary.cpp:264] NN: cost=18.839601, feasible=true, active_stations=1
[2026-10-05 04:37:16.732] [info] [candidate.cpp:199] InstancePrecompute: built 50 candidates
[2026-10-05 04:37:16.732] [info] [stationary.cpp:264] NN: cost=60.468090, feasible=true, active_stations=1
[2026-10-05 04:37:16.732] [info] [candidate.cpp:199] InstancePrecompute: built 25 candidates
[2026-10-05 04:37:16.732] [info] [stationary.cpp:264] NN: cost=1175.925453, feasible=true, active_stations=1
[2026-10-05 04:37:16.732] [info] [candidate.cpp:199] InstancePrecompute: built 25 candidates
[2026-10-05 04:37:16.732] [info] [stationary.cpp:264] NN: cost=353.674984, feasible=true, active_stations=1
[2026-10-05 04:37:16.732] [info] [candidate.cpp:199] InstancePrecompute: built 25 candidates
[2026-10-05 04:37:16.732] [info] [stationary.cpp:264] NN: cost=571.862262, feasible=true, active_stations=1
[2026-10-05 04:37:16.732] [info] [candidate.cpp:199] InstancePrecompute: built 25 candidates
[2026-10-05 04:37:16.732] [info] [stationary.cpp:264] NN: cost=681.453886, feasible=true, active_stations=1
[2026-10-05 04:37:16.732] [info] [candidate.cpp:199] InstancePrecompute: built 25 candidates
[2026-10-05 04:37:16.732] [info] [stationary.cpp:264] NN: cost=77.776932, feasible=true, active_stations=1
[2026-10-05 04:37:16.732] [info] [candidate.cpp:199] InstancePrecompute: built 25 candidates
[2026-10-05 04:37:16.732] [info] [stationary.cpp:264] NN: cost=86.256859, feasible=true, active_stations=1
[2026-10-05 04:37:16.732] [info] [candidate.cpp:199] InstancePrecompute: built 25 candidates
[2026-10-05 04:37:16.732] [info] [stationary.cpp:264] NN: cost=165.366776, feasible=true, active_stations=1
[2026-10-05 04:37:16.732] [info] [candidate.cpp:199] InstancePrecompute: built 25 candidates
[2026-10-05 04:37:16.732] [info] [stationary.cpp:264] NN: cost=55.611965, feasible=true, active_stations=1
[2026-10-05 04:37:16.732] [info] [candidate.cpp:199] InstancePrecompute: built 75 candidates
[2026-10-05 04:37:16.732] [info] [stationary.cpp:264] NN: cost=60.468090, feasible=true, active_stations=1
[2026-10-05 04:37:16.732] [info] [candidate.cpp:199] InstancePrecompute: built 25 candidates
[2026-10-05 04:37:16.732] [info] [stationary.cpp:264] NN: cost=1175.925453, feasible=true, active_stations=1
[2026-10-05 04:37:16.732] [info] [candidate.cpp:199] InstancePrecompute: built 25 candidates
[2026-10-05 04:37:16.732] [info] [stationary.cpp:264] NN: cost=353.674984, feasible=true, active_stations=1
[2026-10-05 04:37:16.732] [info] [candidate.cpp:199] InstancePrecompute: built 25 candidates
[2026-10-05 04:37:16.732] [info] [stationary.cpp:264] NN: cost=681.453886, feasible=true, active_stations=1
[2026-10-05 04:37:16.732] [info] [candidate.cpp:199] InstancePrecompute: built 25 candidates
[2026-10-05 04:37:16.732] [info] [stationary.cpp:264] NN: cost=77.776932, feasible=true, active_stations=1
[2026-10-05 04:37:16.732] [info] [candidate.cpp:199] InstancePrecompute: built 25 candidates
[2026-10-05 04:37:16.732] [info] [stationary.cpp:264] NN: cost=571.862262, feasible=true, active_stations=1
[2026-10-05 04:37:16.732] [info] [candidate.cpp:199] InstancePrecompute: built 25 candidates
[2026-10-05 04:37:16.732] [info] [stationary.cpp:264] NN: cost=86.256859, feasible=true, active_stations=1
[2026-10-05 04:37:16.732] [info] [candidate.cpp:199] InstancePrecompute: built 25 candidates
[2026-10-05 04:37:16.732] [info] [stationary.cpp:264] NN: cost=165.366776, feasible=true, active_stations=1
[2026-10-05 04:37:16.732] [info] [candidate.cpp:199] InstancePrecompute: built 25 candidates
[2026-10-05 04:37:16.732] [info] [stationary.cpp:264] NN: cost=55.611965, feasible=true, active_stations=1
[2026-10-05 04:37:16.732] [info] [candidate.cpp:199] InstancePrecompute: built 50 candidates
[2026-10-05 04:37:16.732] [info] [stationary.cpp:264] NN: cost=55.212868, feasible=true, active_stations=2
[2026-10-05 04:37:16.732] [info] [candidate.cpp:199] InstancePrecompute: built 25 candidates
[2026-10-05 04:37:16.732] [info] [stationary.cpp:264] NN: cost=60.468090, feasible=true, active_stations=1
[2026-10-05 04:37:16.732] [info] [candidate.cpp:199] InstancePrecompute: built 25 candidates
[2026-10-05 04:37:16.732] [info] [stationary.cpp:264] NN: cost=1175.925453, feasible=true, active_stations=1
[2026-10-05 04:37:16.732] [info] [candidate.cpp:199] InstancePrecompute: built 25 candidates
[2026-10-05 04:37:16.732] [info] [stationary.cpp:264] NN: cost=353.674984, feasible=true, active_stations=1
[2026-10-05 04:37:16.732] [info] [candidate.cpp:199] InstancePrecompute: built 25 candidates
[2026-10-05 04:37:16.732] [info] [stationary.cpp:264] NN: cost=681.453886, feasible=true, active_stations=1
[2026-10-05 04:37:16.732] [info] [candidate.cpp:199] InstancePrecompute: built 25 candidates
[2026-10-05 04:37:16.732] [info] [stationary.cpp:264] NN: cost=77.776932, feasible=true, active_stations=1
[2026-10-05 04:37:16.732] [info] [candidate.cpp:199] InstancePrecompute: built 25 candidates
[2026-10-05 04:37:16.732] [info] [stationary.cpp:264] NN: cost=571.862262, feasible=true, active_stations=1
[2026-10-05 04:37:16.732] [info] [candidate.cpp:199] InstancePrecompute: built 25 candidates
[2026-10-05 04:37:16.732] [info] [stationary.cpp:264] NN: cost=86.256859, feasible=true, active_stations=1
[2026-10-05 04:37:16.732] [info] [candidate.cpp:199] InstancePrecompute: built 25 candidates
[2026-10-05 04:37:16.732] [info] [stationary.cpp:264] NN: cost=165.366776, feasible=true, active_stations=1
[2026-10-05 04:37:16.732] [info] [candidate.cpp:199] InstancePrecompute: built 25 candidates
[2026-10-05 04:37:16.732] [info] [stationary.cpp:264] NN: cost=55.611965, feasible=true, active_stations=1
[2026-10-05 04:37:16.732] [info] [candidate.cpp:199] InstancePrecompute: built 50 candidates
[2026-10-05 04:37:16.732] [info] [stationary.cpp:264] NN: cost=55.212868, feasible=true, active_stations=2
[2026-10-05 04:37:16.732] [info] [candidate.cpp:199] InstancePrecompute: built 25 candidates
[2026-10-05 04:37:16.732] [info] [stationary.cpp:264] NN: cost=60.468090, feasible=true, active_stations=1
[2026-10-05 04:37:16.732] [info] [candidate.cpp:199] InstancePrecompute: built 25 candidates
[2026-10-05 04:37:16.732] [info] [stationary.cpp:264] NN: cost=1175.925453, feasible=true, active_stations=1
[2026-10-05 04:37:16.732] [info] [candidate.cpp:199] InstancePrecompute: built 25 candidates
[2026-10-05 04:37:16.732] [info] [stationary.cpp:264] NN: cost=353.674984, feasible=true, active_stations=1
[2026-10-05 04:37:16.732] [info] [candidate.cpp:199] InstancePrecompute: built 25 candidates
[2026-10-05 04:37:16.732] [info] [stationary.cpp:264] NN: cost=681.453886, feasible=true, active_stations=1
[2026-10-05 04:37:16.732] [info] [candidate.cpp:199] InstancePrecompute: built 25 candidates
[2026-10-05 04:37:16.732] [info] [stationary.cpp:264] NN: cost=77.776932, feasible=true, active_stations=1
[2026-10-05 04:37:16.732] [info] [candidate.cpp:199] InstancePrecompute: built 25 candidates
[2026-10-05 04:37:16.732] [info] [stationary.cpp:264] NN: cost=571.862262, feasible=true, active_stations=1
[2026-10-05 04:37:16.732] [info] [candidate.cpp:199] InstancePrecompute: built 25 candidates
[2026-10-05 04:37:16.732] [info] [stationary.cpp:264] NN: cost=86.256859, feasible=true, active_stations=1
[2026-10-05 04:37:16.732] [info] [candidate.cpp:199] InstancePrecompute: built 25 candidates
[2026-10-05 04:37:16.732] [info] [stationary.cpp:264] NN: cost=165.366776, feasible=true, active_stations=1
[2026-10-05 04:37:16.732] [info] [candidate.cpp:199] InstancePrecompute: built 25 candidates
[2026-10-05 04:37:16.732] [info] [stationary.cpp:264] NN: cost=55.611965, feasible=true, active_stations=1
[2026-10-05 04:37:16.732] [info] [candidate.cpp:199] InstancePrecompute: built 25 candidates
[2026-10-05 04:37:16.732] [info] [stationary.cpp:264] NN: cost=18.839601, feasible=true, active_stations=1
[2026-10-05 04:37:16.732] [info] [candidate.cpp:199] InstancePrecompute: built 50 candidates
[2026-10-05 04:37:16.732] [info] [stationary.cpp:264] NN: cost=60.468090, feasible=true, active_stations=1
[2026-10-05 04:37:16.732] [info] [candidate.cpp:199] InstancePrecompute: built 25 candidates
[2026-10-05 04:37:16.732] [info] [stationary.cpp:264] NN: cost=1175.925453, feasible=true, active_stations=1
[2026-10-05 04:37:16.732] [info] [candidate.cpp:199] InstancePrecompute: built 25 candidates
[2026-10-05 04:37:16.732] [info] [stationary.cpp:264] NN: cost=353.674984, feasible=true, active_stations=1
[2026-10-05 04:37:16.732] [info] [candidate.cpp:199] InstancePrecompute: built 25 candidates
[2026-10-05 04:37:16.732] [info] [stationary.cpp:264] NN: cost=681.453886, feasible=true, active_stations=1
[2026-10-05 04:37:16.732] [info] [candidate.cpp:199] InstancePrecompute: built 50 candidates
[2026-10-05 04:37:16.732] [info] [stationary.cpp:264] NN: cost=571.862262, feasible=true, active_stations=1
[2026-10-05 04:37:16.732] [info] [candidate.cpp:199] InstancePrecompute: built 25 candidates
[2026-10-05 04:37:16.732] [info] [stationary.cpp:264] NN: cost=86.256859, feasible=true, active_stations=1
[2026-10-05 04:37:16.732] [info] [candidate.cpp:199] InstancePrecompute: built 25 candidates
[2026-10-05 04:37:16.732] [info] [stationary.cpp:264] NN: cost=165.366776, feasible=true, active_stations=1
[2026-10-05 04:37:16.732] [info] [candidate.cpp:199] InstancePrecompute: built 25 candidates
[2026-10-05 04:37:16.732] [info] [stationary.cpp:264] NN: cost=55.611965, feasible=true, active_stations=1
[2026-10-05 04:37:16.732] [info] [candidate.cpp:199] InstancePrecompute: built 25 candidates
[2026-10-05 04:37:16.732] [info] [stationary.cpp:264] NN: cost=18.839601, feasible=true, active_stations=1
[2026-10-05 04:37:16.732] [info] [candidate.cpp:199] InstancePrecompute: built 50 candidates
[2026-10-05 04:37:16.732] [info] [stationary.cpp:264] NN: cost=60.468090, feasible=true, active_stations=1
[2026-10-05 04:37:16.732] [info] [candidate.cpp:199] InstancePrecompute: built 25 candidates
[2026-10-05 04:37:16.732] [info] [stationary.cpp:264] NN: cost=1175.925453, feasible=true, active_stations=1
[2026-10-05 04:37:16.732] [info] [candidate.cpp:199] InstancePrecompute: built 25 candidates
[2026-10-05 04:37:16.732] [info] [stationary.cpp:264] NN: cost=353.674984, feasible=true, active_stations=1
[2026-10-05 04:37:16.732] [info] [candidate.cpp:199] InstancePrecompute: built 25 candidates
[2026-10-05 04:37:16.732] [info] [stationary.cpp:264] NN: cost=681.453886, feasible=true, active_stations=1
[2026-10-05 04:37:16.732] [info] [candidate.cpp:199] InstancePrecompute: built 50 candidates
[2026-10-05 04:37:16.732] [info] [stationary.cpp:264] NN: cost=571.862262, feasible=true, active_stations=1
[2026-10-05 04:37:16.732] [info] [candidate.cpp:199] InstancePrecompute: built 25 candidates
[2026-10-05 04:37:16.732] [info] [stationary.cpp:264] NN: cost=86.256859, feasible=true, active_stations=1
[2026-10-05 04:37:16.732] [info] [candidate.cpp:199] InstancePrecompute: built 25 candidates
[2026-10-05 04:37:16.732] [info] [stationary.cpp:264] NN: cost=165.366776, feasible=true, active_stations=1
[2026-10-05 04:37:16.732] [info] [candidate.cpp:199] InstancePrecompute: built 25 candidates
[2026-10-05 04:37:16.732] [info] [stationary.cpp:264] NN: cost=55.611965, feasible=true, active_stations=1
[2026-10-05 04:37:16.732] [info] [candidate.cpp:199] InstancePrecompute: built 75 candidates
[2026-10-05 04:37:16.732] [info] [stationary.cpp:264] NN: cost=60.468090, feasible=true, active_stations=1
[2026-10-05 04:37:16.732] [info] [candidate.cpp:199] InstancePrecompute: built 25 candidates
[2026-10-05 04:37:16.732] [info] [stationary.cpp:264] NN: cost=1175.925453, feasible=true, active_stations=1
[2026-10-05 04:37:16.732] [info] [candidate.cpp:199] InstancePrecompute: built 25 candidates
[2026-10-05 04:37:16.732] [info] [stationary.cpp:264] NN: cost=353.674984, feasible=true, active_stations=1
[2026-10-05 04:37:16.732] [info] [candidate.cpp:199] InstancePrecompute: built 25 candidates
[2026-10-05 04:37:16.732] [info] [stationary.cpp:264] NN: cost=571.862262, feasible=true, active_stations=1
[2026-10-05 04:37:16.732] [info] [candidate.cpp:199] InstancePrecompute: built 25 candidates
[2026-10-05 04:37:16.732] [info] [stationary.cpp:264] NN: cost=681.453886, feasible=true, active_stations=1
[2026-10-05 04:37:16.732] [info] [candidate.cpp:199] InstancePrecompute: built 25 candidates
[2026-10-05 04:37:16.732] [info] [stationary.cpp:264] NN: cost=77.776932, feasible=true, active_stations=1
[2026-10-05 04:37:16.732] [info] [candidate.cpp:199] InstancePrecompute: built 25 candidates
[2026-10-05 04:37:16.732] [info] [stationary.cpp:264] NN: cost=86.256859, feasible=true, active_stations=1
[2026-10-05 04:37:16.732] [info] [candidate.cpp:199] InstancePrecompute: built 25 candidates
[2026-10-05 04:37:16.732] [info] [stationary.cpp:264] NN: cost=165.366776, feasible=true, active_stations=1
[2026-10-05 04:37:16.732] [info] [candidate.cpp:199] InstancePrecompute: built 25 candidates
[2026-10-05 04:37:16.732] [info] [stationary.cpp:264] NN: cost=55.611965, feasible=true, active_stations=1
[2026-10-05 04:37:16.732] [info] [candidate.cpp:199] InstancePrecompute: built 25 candidates
[2026-10-05 04:37:16.732] [info] [stationary.cpp:264] NN: cost=36.373267, feasible=true, active_stations=1
[2026-10-05 04:37:16.732] [info] [candidate.cpp:199] InstancePrecompute: built 25 candidates
[2026-10-05 04:37:16.732] [info] [stationary.cpp:264] NN: cost=60.468090, feasible=true, active_stations=1
[2026-10-05 04:37:16.732] [info] [candidate.cpp:199] InstancePrecompute: built 25 candidates
[2026-10-05 04:37:16.732] [info] [stationary.cpp:264] NN: cost=18.839601, feasible=true, active_stations=1
[2026-10-05 04:37:16.732] [info] [candidate.cpp:199] InstancePrecompute: built 25 candidates
[2026-10-05 04:37:16.732] [info] [stationary.cpp:264] NN: cost=1175.925453, feasible=true, active_stations=1
[2026-10-05 04:37:16.732] [info] [candidate.cpp:199] InstancePrecompute: built 25 candidates
[2026-10-05 04:37:16.732] [info] [stationary.cpp:264] NN: cost=353.674984, feasible=true, active_stations=1
[2026-10-05 04:37:16.732] [info] [candidate.cpp:199] InstancePrecompute: built 25 candidates
[2026-10-05 04:37:16.732] [info] [stationary.cpp:264] NN: cost=571.862262, feasible=true, active_stations=1
[2026-10-05 04:37:16.732] [info] [candidate.cpp:199] InstancePrecompute: built 25 candidates
[2026-10-05 04:37:16.732] [info] [stationary.cpp:264] NN: cost=681.453886, feasible=true, active_stations=1
[2026-10-05 04:37:16.732] [info] [candidate.cpp:199] InstancePrecompute: built 25 candidates
[2026-10-05 04:37:16.732] [info] [stationary.cpp:264] NN: cost=77.776932, feasible=true, active_stations=1
[2026-10-05 04:37:16.732] [info] [candidate.cpp:199] InstancePrecompute: built 25 candidates
[2026-10-05 04:37:16.732] [info] [stationary.cpp:264] NN: cost=86.256859, feasible=true, active_stations=1
[2026-10-05 04:37:16.732] [info] [candidate.cpp:199] InstancePrecompute: built 25 candidates
[2026-10-05 04:37:16.732] [info] [stationary.cpp:264] NN: cost=165.366776, feasible=true, active_stations=1
[2026-10-05 04:37:16.732] [info] [candidate.cpp:199] InstancePrecompute: built 25 candidates
[2026-10-05 04:37:16.732] [info] [stationary.cpp:264] NN: cost=55.611965, feasible=true, active_stations=1
[2026-10-05 04:37:16.732] [info] [candidate.cpp:199] InstancePrecompute: built 25 candidates
[2026-10-05 04:37:16.732] [info] [stationary.cpp:264] NN: cost=36.373267, feasible=true, active_stations=1
[2026-10-05 04:37:16.732] [info] [candidate.cpp:199] InstancePrecompute: built 25 candidates
[2026-10-05 04:37:16.732] [info] [stationary.cpp:264] NN: cost=60.468090, feasible=true, active_stations=1
[2026-10-05 04:37:16.732] [info] [candidate.cpp:199] InstancePrecompute: built 25 candidates
[2026-10-05 04:37:16.732] [info] [stationary.cpp:264] NN: cost=18.839601, feasible=true, active_stations=1
[2026-10-05 04:37:16.732] [info] [candidate.cpp:199] InstancePrecompute: built 25 candidates
[2026-10-05 04:37:16.732] [info] [stationary.cpp:264] NN: cost=1175.925453, feasible=true, active_stations=1
[2026-10-05 04:37:16.732] [info] [candidate.cpp:199] InstancePrecompute: built 25 candidates
[2026-10-05 04:37:16.732] [info] [stationary.cpp:264] NN: cost=353.674984, feasible=true, active_stations=1
[2026-10-05 04:37:16.732] [info] [candidate.cpp:199] InstancePrecompute: built 25 candidates
[2026-10-05 04:37:16.732] [info] [stationary.cpp:264] NN: cost=571.862262, feasible=true, active_stations=1
[2026-10-05 04:37:16.732] [info] [candidate.cpp:199] InstancePrecompute: built 25 candidates
[2026-10-05 04:37:16.732] [info] [stationary.cpp:264] NN: cost=681.453886, feasible=true, active_stations=1
[2026-10-05 04:37:16.732] [info] [candidate.cpp:199] InstancePrecompute: built 25 candidates
[2026-10-05 04:37:16.732] [info] [stationary.cpp:264] NN: cost=77.776932, feasible=true, active_stations=1
[2026-10-05 04:37:16.732] [info] [candidate.cpp:199] InstancePrecompute: built 25 candidates
[2026-10-05 04:37:16.732] [info] [stationary.cpp:264] NN: cost=86.256859, feasible=true, active_stations=1
[2026-10-05 04:37:16.732] [info] [candidate.cpp:199] InstancePrecompute: built 25 candidates
[2026-10-05 04:37:16.732] [info] [stationary.cpp:264] NN: cost=165.366776, feasible=true, active_stations=1
[2026-10-05 04:37:16.732] [info] [candidate.cpp:199] InstancePrecompute: built 25 candidates
[2026-10-05 04:37:16.732] [info] [stationary.cpp:264] NN: cost=55.611965, feasible=true, active_stations=1
[2026-10-05 04:37:16.732] [info] [candidate.cpp:199] InstancePrecompute: built 25 candidates
[2026-10-05 04:37:16.732] [info] [stationary.cpp:264] NN: cost=36.373267, feasible=true, active_stations=1
[2026-10-05 04:37:16.732] [info] [candidate.cpp:199] InstancePrecompute: built 25 candidates
[2026-10-05 04:37:16.732] [info] [stationary.cpp:264] NN: cost=60.468090, feasible=true, active_stations=1
[2026-10-05 04:37:16.732] [info] [candidate.cpp:199] InstancePrecompute: built 25 candidates
[2026-10-05 04:37:16.732] [info] [stationary.cpp:264] NN: cost=18.839601, feasible=true, active_stations=1
[2026-10-05 04:37:16.732] [info] [candidate.cpp:199] InstancePrecompute: built 25 candidates
[2026-10-05 04:37:16.732] [info] [stationary.cpp:264] NN: cost=1175.925453, feasible=true, active_stations=1
[2026-10-05 04:37:16.732] [info] [candidate.cpp:199] InstancePrecompute: built 25 candidates
[2026-10-05 04:37:16.732] [info] [stationary.cpp:264] NN: cost=353.674984, feasible=true, active_stations=1
[2026-10-05 04:37:16.732] [info] [candidate.cpp:199] InstancePrecompute: built 50 candidates
[2026-10-05 04:37:16.732] [info] [stationary.cpp:264] NN: cost=681.453886, feasible=true, active_stations=1
[2026-10-05 04:37:16.732] [info] [candidate.cpp:199] InstancePrecompute: built 25 candidates
[2026-10-05 04:37:16.732] [info] [stationary.cpp:264] NN: cost=77.776932, feasible=true, active_stations=1
[2026-10-05 04:37:16.732] [info] [candidate.cpp:199] InstancePrecompute: built 25 candidates
[2026-10-05 04:37:16.732] [info] [stationary.cpp:264] NN: cost=86.256859, feasible=true, active_stations=1
[2026-10-05 04:37:16.732] [info] [candidate.cpp:199] InstancePrecompute: built 25 candidates
[2026-10-05 04:37:16.732] [info] [stationary.cpp:264] NN: cost=165.366776, feasible=true, active_stations=1
[2026-10-05 04:37:16.732] [info] [candidate.cpp:199] InstancePrecompute: built 25 candidates
[2026-10-05 04:37:16.732] [info] [stationary.cpp:264] NN: cost=55.611965, feasible=true, active_stations=1
[2026-10-05 04:37:16.732] [info] [candidate.cpp:199] InstancePrecompute: built 50 candidates
[2026-10-05 04:37:16.732] [info] [stationary.cpp:264] NN: cost=60.468090, feasible=true, active_stations=1
[2026-10-05 04:37:16.732] [info] [candidate.cpp:199] InstancePrecompute: built 25 candidates
[2026-10-05 04:37:16.732] [info] [stationary.cpp:264] NN: cost=18.839601, feasible=true, active_stations=1
[2026-10-05 04:37:16.732] [info] [candidate.cpp:199] InstancePrecompute: built 25 candidates
[2026-10-05 04:37:16.732] [info] [stationary.cpp:264] NN: cost=1175.925453, feasible=true, active_stations=1
[2026-10-05 04:37:16.732] [info] [candidate.cpp:199] InstancePrecompute: built 25 candidates
[2026-10-05 04:37:16.732] [info] [stationary.cpp:264] NN: cost=353.674984, feasible=true, active_stations=1
[2026-10-05 04:37:16.732] [info] [candidate.cpp:199] InstancePrecompute: built 50 candidates
[2026-10-05 04:37:16.732] [info] [stationary.cpp:264] NN: cost=681.453886, feasible=true, active_stations=1
[2026-10-05 04:37:16.732] [info] [candidate.cpp:199] InstancePrecompute: built 25 candidates
[2026-10-05 04:37:16.732] [info] [stationary.cpp:264] NN: cost=77.776932, feasible=true, active_stations=1
[2026-10-05 04:37:16.732] [info] [candidate.cpp:199] InstancePrecompute: built 25 candidates
[2026-10-05 04:37:16.732] [info] [stationary.cpp:264] NN: cost=86.256859, feasible=true, active_stations=1
[2026-10-05 04:37:16.732] [info] [candidate.cpp:199] InstancePrecompute: built 25 candidates
[2026-10-05 04:37:16.732] [info] [stationary.cpp:264] NN: cost=165.366776, feasible=true, active_stations=1
[2026-10-05 04:37:16.732] [info] [candidate.cpp:199] InstancePrecompute: built 25 candidates
[2026-10-05 04:37:16.732] [info] [stationary.cpp:264] NN: cost=55.611965, feasible=true, active_stations=1
[2026-10-05 04:37:16.732] [info] [candidate.cpp:199] InstancePrecompute: built 50 candidates
[2026-10-05 04:37:16.732] [info] [stationary.cpp:264] NN: cost=60.468090, feasible=true, active_stations=1
[2026-10-05 04:37:16.732] [info] [candidate.cpp:199] InstancePrecompute: built 25 candidates
[2026-10-05 04:37:16.732] [info] [stationary.cpp:264] NN: cost=18.839601, feasible=true, active_stations=1
[2026-10-05 04:37:16.732] [info] [candidate.cpp:199] InstancePrecompute: built 25 candidates
[2026-10-05 04:37:16.732] [info] [stationary.cpp:264] NN: cost=1175.925453, feasible=true, active_stations=1
[2026-10-05 04:37:16.732] [info] [candidate.cpp:199] InstancePrecompute: built 25 candidates
[2026-10-05 04:37:16.732] [info] [stationary.cpp:264] NN: cost=353.674984, feasible=true, active_stations=1
[2026-10-05 04:37:16.732] [info] [candidate.cpp:199] InstancePrecompute: built 25 candidates
[2026-10-05 04:37:16.732] [info] [stationary.cpp:264] NN: cost=571.862262, feasible=true, active_stations=1
[2026-10-05 04:37:16.732] [info] [candidate.cpp:199] InstancePrecompute: built 25 candidates
[2026-10-05 04:37:16.732] [info] [stationary.cpp:264] NN: cost=681.453886, feasible=true, active_stations=1
[2026-10-05 04:37:16.732] [info] [candidate.cpp:199] InstancePrecompute: built 25 candidates
[2026-10-05 04:37:16.732] [info] [stationary.cpp:264] NN: cost=77.776932, feasible=true, active_stations=1
[2026-10-05 04:37:16.732] [info] [candidate.cpp:199] InstancePrecompute: built 25 candidates
[2026-10-05 04:37:16.732] [info] [stationary.cpp:264] NN: cost=86.256859, feasible=true, active_stations=1
[2026-10-05 04:37:16.732] [info] [candidate.cpp:199] InstancePrecompute: built 25 candidates
[2026-10-05 04:37:16.732] [info] [stationary.cpp:264] NN: cost=165.366776, feasible=true, active_stations=1
[2026-10-05 04:37:16.732] [info] [candidate.cpp:199] InstancePrecompute: built 25 candidates
[2026-10-05 04:37:16.732] [info] [stationary.cpp:264] NN: cost=55.611965, feasible=true, active_stations=1
[2026-10-05 04:37:16.732] [info] [candidate.cpp:199] InstancePrecompute: built 50 candidates
[2026-10-05 04:37:16.732] [info] [stationary.cpp:264] NN: cost=60.468090, feasible=true, active_stations=1
[2026-10-05 04:37:16.732] [info] [candidate.cpp:199] InstancePrecompute: built 25 candidates
[2026-10-05 04:37:16.732] [info] [stationary.cpp:264] NN: cost=18.839601, feasible=true, active_stations=1
[2026-10-05 04:37:16.732] [info] [candidate.cpp:199] InstancePrecompute: built 25 candidates
[2026-10-05 04:37:16.732] [info] [stationary.cpp:264] NN: cost=1175.925453, feasible=true, active_stations=1
[2026-10-05 04:37:16.732] [info] [candidate.cpp:199] InstancePrecompute: built 25 candidates
[2026-10-05 04:37:16.732] [info] [stationary.cpp:264] NN: cost=353.674984, feasible=true, active_stations=1
[2026-10-05 04:37:16.732] [info] [candidate.cpp:199] InstancePrecompute: built 25 candidates
[2026-10-05 04:37:16.732] [info] [stationary.cpp:264] NN: cost=571.862262, feasible=true, active_stations=1
[2026-10-05 04:37:16.732] [info] [candidate.cpp:199] InstancePrecompute: built 25 candidates
[2026-10-05 04:37:16.732] [info] [stationary.cpp:264] NN: cost=681.453886, feasible=true, active_stations=1
[2026-10-05 04:37:16.733] [info] [candidate.cpp:199] InstancePrecompute: built 25 candidates
[2026-10-05 04:37:16.733] [info] [stationary.cpp:264] NN: cost=77.776932, feasible=true, active_stations=1
[2026-10-05 04:37:16.733] [info] [candidate.cpp:199] InstancePrecompute: built 25 candidates
[2026-10-05 04:37:16.733] [info] [stationary.cpp:264] NN: cost=86.256859, feasible=true, active_stations=1
[2026-10-05 04:37:16.733] [info] [candidate.cpp:199] InstancePrecompute: built 25 candidates
[2026-10-05 04:37:16.733] [info] [stationary.cpp:264] NN: cost=165.366776, feasible=true, active_stations=1
[2026-10-05 04:37:16.733] [info] [candidate.cpp:199] InstancePrecompute: built 25 candidates
[2026-10-05 04:37:16.733] [info] [stationary.cpp:264] NN: cost=55.611965, feasible=true, active_stations=1
[2026-10-05 04:37:16.733] [info] [candidate.cpp:199] InstancePrecompute: built 25 candidates
[2026-10-05 04:37:16.733] [info] [stationary.cpp:264] NN: cost=36.373267, feasible=true, active_stations=1
[2026-10-05 04:37:16.733] [info] [candidate.cpp:199] InstancePrecompute: built 25 candidates
[2026-10-05 04:37:16.733] [info] [stationary.cpp:264] NN: cost=18.839601, feasible=true, active_stations=1
[2026-10-05 04:37:16.733] [info] [candidate.cpp:199] InstancePrecompute: built 25 candidates
[2026-10-05 04:37:16.733] [info] [stationary.cpp:264] NN: cost=60.468090, feasible=true, active_stations=1
[2026-10-05 04:37:16.733] [info] [candidate.cpp:199] InstancePrecompute: built 25 candidates
[2026-10-05 04:37:16.733] [info] [stationary.cpp:264] NN: cost=1175.925453, feasible=true, active_stations=1
[2026-10-05 04:37:16.733] [info] [candidate.cpp:199] InstancePrecompute: built 25 candidates
[2026-10-05 04:37:16.733] [info] [stationary.cpp:264] NN: cost=353.674984, feasible=true, active_stations=1
[2026-10-05 04:37:16.733] [info] [candidate.cpp:199] InstancePrecompute: built 25 candidates
[2026-10-05 04:37:16.733] [info] [stationary.cpp:264] NN: cost=571.862262, feasible=true, active_stations=1
[2026-10-05 04:37:16.733] [info] [candidate.cpp:199] InstancePrecompute: built 25 candidates
[2026-10-05 04:37:16.733] [info] [stationary.cpp:264] NN: cost=681.453886, feasible=true, active_stations=1
[2026-10-05 04:37:16.733] [info] [candidate.cpp:199] InstancePrecompute: built 25 candidates
[2026-10-05 04:37:16.733] [info] [stationary.cpp:264] NN: cost=77.776932, feasible=true, active_stations=1
[2026-10-05 04:37:16.733] [info] [candidate.cpp:199] InstancePrecompute: built 25 candidates
[2026-10-05 04:37:16.733] [info] [stationary.cpp:264] NN: cost=86.256859, feasible=true, active_stations=1
[2026-10-05 04:37:16.733] [info] [candidate.cpp:199] InstancePrecompute: built 25 candidates
[2026-10-05 04:37:16.733] [info] [stationary.cpp:264] NN: cost=165.366776, feasible=true, active_stations=1
[2026-10-05 04:37:16.733] [info] [candidate.cpp:199] InstancePrecompute: built 25 candidates
[2026-10-05 04:37:16.733] [info] [stationary.cpp:264] NN: cost=55.611965, feasible=true, active_stations=1
[2026-10-05 04:37:16.733] [info] [candidate.cpp:199] InstancePrecompute: built 25 candidates
[2026-10-05 04:37:16.733] [info] [stationary.cpp:264] NN: cost=36.373267, feasible=true, active_stations=1
[2026-10-05 04:37:16.733] [info] [candidate.cpp:199] InstancePrecompute: built 25 candidates
[2026-10-05 04:37:16.733] [info] [stationary.cpp:264] NN: cost=18.839601, feasible=true, active_stations=1
[2026-10-05 04:37:16.733] [info] [candidate.cpp:199] InstancePrecompute: built 25 candidates
[2026-10-05 04:37:16.733] [info] [stationary.cpp:264] NN: cost=60.468090, feasible=true, active_stations=1
[2026-10-05 04:37:16.733] [info] [candidate.cpp:199] InstancePrecompute: built 25 candidates
[2026-10-05 04:37:16.733] [info] [stationary.cpp:264] NN: cost=1175.925453, feasible=true, active_stations=1
[2026-10-05 04:37:16.733] [info] [candidate.cpp:199] InstancePrecompute: built 25 candidates
[2026-10-05 04:37:16.733] [info] [stationary.cpp:264] NN: cost=353.674984, feasible=true, active_stations=1
[2026-10-05 04:37:16.733] [info] [candidate.cpp:199] InstancePrecompute: built 25 candidates
[2026-10-05 04:37:16.733] [info] [stationary.cpp:264] NN: cost=571.862262, feasible=true, active_stations=1
[2026-10-05 04:37:16.733] [info] [candidate.cpp:199] InstancePrecompute: built 25 candidates
[2026-10-05 04:37:16.733] [info] [stationary.cpp:264] NN: cost=681.453886, feasible=true, active_stations=1
[2026-10-05 04:37:16.733] [info] [candidate.cpp:199] InstancePrecompute: built 25 candidates
[2026-10-05 04:37:16.733] [info] [stationary.cpp:264] NN: cost=77.776932, feasible=true, active_stations=1
[2026-10-05 04:37:16.733] [info] [candidate.cpp:199] InstancePrecompute: built 25 candidates
[2026-10-05 04:37:16.733] [info] [stationary.cpp:264] NN: cost=86.256859, feasible=true, active_stations=1
[2026-10-05 04:37:16.733] [info] [candidate.cpp:199] InstancePrecompute: built 25 candidates
[2026-10-05 04:37:16.733] [info] [stationary.cpp:264] NN: cost=165.366776, feasible=true, active_stations=1
[2026-10-05 04:37:16.733] [info] [candidate.cpp:199] InstancePrecompute: built 25 candidates
[2026-10-05 04:37:16.733] [info] [stationary.cpp:264] NN: cost=55.611965, feasible=true, active_stations=1
[2026-10-05 04:37:16.733] [info] [candidate.cpp:199] InstancePrecompute: built 25 candidates
[2026-10-05 04:37:16.733] [info] [stationary.cpp:264] NN: cost=36.373267, feasible=true, active_stations=1
[2026-10-05 04:37:16.733] [info] [candidate.cpp:199] InstancePrecompute: built 25 candidates
[2026-10-05 04:37:16.733] [info] [stationary.cpp:264] NN: cost=18.839601, feasible=true, active_stations=1
[2026-10-05 04:37:16.733] [info] [candidate.cpp:199] InstancePrecompute: built 25 candidates
[2026-10-05 04:37:16.733] [info] [stationary.cpp:264] NN: cost=60.468090, feasible=true, active_stations=1
[2026-10-05 04:37:16.733] [info] [candidate.cpp:199] InstancePrecompute: built 25 candidates
[2026-10-05 04:37:16.733] [info] [stationary.cpp:264] NN: cost=1175.925453, feasible=true, active_stations=1
[2026-10-05 04:37:16.733] [info] [candidate.cpp:199] InstancePrecompute: built 25 candidates
[2026-10-05 04:37:16.733] [info] [stationary.cpp:264] NN: cost=353.674984, feasible=true, active_stations=1
[2026-10-05 04:37:16.733] [info] [candidate.cpp:199] InstancePrecompute: built 50 candidates
[2026-10-05 04:37:16.733] [info] [stationary.cpp:264] NN: cost=681.453886, feasible=true, active_stations=1
[2026-10-05 04:37:16.733] [info] [candidate.cpp:199] InstancePrecompute: built 25 candidates
[2026-10-05 04:37:16.733] [info] [stationary.cpp:264] NN: cost=77.776932, feasible=true, active_stations=1
[2026-10-05 04:37:16.733] [info] [candidate.cpp:199] InstancePrecompute: built 25 candidates
[2026-10-05 04:37:16.733] [info] [stationary.cpp:264] NN: cost=86.256859, feasible=true, active_stations=1
[2026-10-05 04:37:16.733] [info] [candidate.cpp:199] InstancePrecompute: built 25 candidates
[2026-10-05 04:37:16.733] [info] [stationary.cpp:264] NN: cost=165.366776, feasible=true, active_stations=1
[2026-10-05 04:37:16.733] [info] [candidate.cpp:199] InstancePrecompute: built 25 candidates
[2026-10-05 04:37:16.733] [info] [stationary.cpp:264] NN: cost=55.611965, feasible=true, active_stations=1
[2026-10-05 04:37:16.733] [info] [candidate.cpp:199] InstancePrecompute: built 25 candidates
[2026-10-05 04:37:16.733] [info] [stationary.cpp:264] NN: cost=36.373267, feasible=true, active_stations=1
[2026-10-05 04:37:16.733] [info] [candidate.cpp:199] InstancePrecompute: built 25 candidates
[2026-10-05 04:37:16.733] [info] [stationary.cpp:264] NN: cost=18.839601, feasible=true, active_stations=1
[2026-10-05 04:37:16.733] [info] [candidate.cpp:199] InstancePrecompute: built 25 candidates
[2026-10-05 04:37:16.733] [info] [stationary.cpp:264] NN: cost=60.468090, feasible=true, active_stations=1
[2026-10-05 04:37:16.733] [info] [candidate.cpp:199] InstancePrecompute: built 25 candidates
[2026-10-05 04:37:16.733] [info] [stationary.cpp:264] NN: cost=1175.925453, feasible=true, active_stations=1
[2026-10-05 04:37:16.733] [info] [candidate.cpp:199] InstancePrecompute: built 25 candidates
[2026-10-05 04:37:16.733] [info] [stationary.cpp:264] NN: cost=353.674984, feasible=true, active_stations=1
[2026-10-05 04:37:16.733] [info] [candidate.cpp:199] InstancePrecompute: built 50 candidates
[2026-10-05 04:37:16.733] [info] [stationary.cpp:264] NN: cost=681.453886, feasible=true, active_stations=1
[2026-10-05 04:37:16.733] [info] [candidate.cpp:199] InstancePrecompute: built 25 candidates
[2026-10-05 04:37:16.733] [info] [stationary.cpp:264] NN: cost=77.776932, feasible=true, active_stations=1
[2026-10-05 04:37:16.733] [info] [candidate.cpp:199] InstancePrecompute: built 25 candidates
[2026-10-05 04:37:16.733] [info] [stationary.cpp:264] NN: cost=86.256859, feasible=true, active_stations=1
[2026-10-05 04:37:16.733] [info] [candidate.cpp:199] InstancePrecompute: built 25 candidates
[2026-10-05 04:37:16.733] [info] [stationary.cpp:264] NN: cost=165.366776, feasible=true, active_stations=1
[2026-10-05 04:37:16.733] [info] [candidate.cpp:199] InstancePrecompute: built 25 candidates
[2026-10-05 04:37:16.733] [info] [stationary.cpp:264] NN: cost=55.611965, feasible=true, active_stations=1
[2026-10-05 04:37:16.733] [info] [candidate.cpp:199] InstancePrecompute: built 25 candidates
[2026-10-05 04:37:16.733] [info] [stationary.cpp:264] NN: cost=36.373267, feasible=true, active_stations=1
[2026-10-05 04:37:16.733] [info] [candidate.cpp:199] InstancePrecompute: built 25 candidates
[2026-10-05 04:37:16.733] [info] [stationary.cpp:264] NN: cost=18.839601, feasible=true, active_stations=1
[2026-10-05 04:37:16.733] [info] [candidate.cpp:199] InstancePrecompute: built 25 candidates
[2026-10-05 04:37:16.733] [info] [stationary.cpp:264] NN: cost=60.468090, feasible=true, active_stations=1
[2026-10-05 04:37:16.733] [info] [candidate.cpp:199] InstancePrecompute: built 25 candidates
[2026-10-05 04:37:16.733] [info] [stationary.cpp:264] NN: cost=1175.925453, feasible=true, active_stations=1
[2026-10-05 04:37:16.733] [info] [candidate.cpp:199] InstancePrecompute: built 25 candidates
[2026-10-05 04:37:16.733] [info] [stationary.cpp:264] NN: cost=353.674984, feasible=true, active_stations=1
[2026-10-05 04:37:16.733] [info] [candidate.cpp:199] InstancePrecompute: built 25 candidates
[2026-10-05 04:37:16.733] [info] [stationary.cpp:264] NN: cost=571.862262, feasible=true, active_stations=1
[2026-10-05 04:37:16.733] [info] [candidate.cpp:199] InstancePrecompute: built 25 candidates
[2026-10-05 04:37:16.733] [info] [stationary.cpp:264] NN: cost=681.453886, feasible=true, active_stations=1
[2026-10-05 04:37:16.733] [info] [candidate.cpp:199] InstancePrecompute: built 25 candidates
[2026-10-05 04:37:16.733] [info] [stationary.cpp:264] NN: cost=77.776932, feasible=true, active_stations=1
[2026-10-05 04:37:16.733] [info] [candidate.cpp:199] InstancePrecompute: built 25 candidates
[2026-10-05 04:37:16.733] [info] [stationary.cpp:264] NN: cost=86.256859, feasible=true, active_stations=1
[2026-10-05 04:37:16.733] [info] [candidate.cpp:199] InstancePrecompute: built 25 candidates
[2026-10-05 04:37:16.733] [info] [stationary.cpp:264] NN: cost=165.366776, feasible=true, active_stations=1
[2026-10-05 04:37:16.733] [info] [candidate.cpp:199] InstancePrecompute: built 25 candidates
[2026-10-05 04:37:16.733] [info] [stationary.cpp:264] NN: cost=55.611965, feasible=true, active_stations=1
[2026-10-05 04:37:16.733] [info] [candidate.cpp:199] InstancePrecompute: built 25 candidates
[2026-10-05 04:37:16.733] [info] [stationary.cpp:264] NN: cost=36.373267, feasible=true, active_stations=1
[2026-10-05 04:37:16.733] [info] [candidate.cpp:199] InstancePrecompute: built 25 candidates
[2026-10-05 04:37:16.733] [info] [stationary.cpp:264] NN: cost=18.839601, feasible=true, active_stations=1
[2026-10-05 04:37:16.733] [info] [candidate.cpp:199] InstancePrecompute: built 25 candidates
[2026-10-05 04:37:16.733] [info] [stationary.cpp:264] NN: cost=60.468090, feasible=true, active_stations=1
[2026-10-05 04:37:16.733] [info] [candidate.cpp:199] InstancePrecompute: built 25 candidates
[2026-10-05 04:37:16.733] [info] [stationary.cpp:264] NN: cost=1175.925453, feasible=true, active_stations=1
[2026-10-05 04:37:16.733] [info] [candidate.cpp:199] InstancePrecompute: built 25 candidates
[2026-10-05 04:37:16.733] [info] [stationary.cpp:264] NN: cost=353.674984, feasible=true, active_stations=1
[2026-10-05 04:37:16.733] [info] [candidate.cpp:199] InstancePrecompute: built 25 candidates
[2026-10-05 04:37:16.733] [info] [stationary.cpp:264] NN: cost=681.453886, feasible=true, active_stations=1
[2026-10-05 04:37:16.733] [info] [candidate.cpp:199] InstancePrecompute: built 25 candidates
[2026-10-05 04:37:16.733] [info] [stationary.cpp:264] NN: cost=77.776932, feasible=true, active_stations=1
[2026-10-05 04:37:16.733] [info] [candidate.cpp:199] InstancePrecompute: built 25 candidates
[2026-10-05 04:37:16.733] [info] [stationary.cpp:264] NN: cost=571.862262, feasible=true, active_stations=1
[2026-10-05 04:37:16.733] [info] [candidate.cpp:199] InstancePrecompute: built 25 candidates
[2026-10-05 04:37:16.733] [info] [stationary.cpp:264] NN: cost=86.256859, feasible=true, active_stations=1
[2026-10-05 04:37:16.733] [info] [candidate.cpp:199] InstancePrecompute: built 25 candidates
[2026-10-05 04:37:16.733] [info] [stationary.cpp:264] NN: cost=36.373267, feasible=true, active_stations=1
[2026-10-05 04:37:16.733] [info] [candidate.cpp:199] InstancePrecompute: built 25 candidates
[2026-10-05 04:37:16.733] [info] [stationary.cpp:264] NN: cost=165.366776, feasible=true, active_stations=1
[2026-10-05 04:37:16.733] [info] [candidate.cpp:199] InstancePrecompute: built 25 candidates
[2026-10-05 04:37:16.733] [info] [stationary.cpp:264] NN: cost=55.611965, feasible=true, active_stations=1
[2026-10-05 04:37:16.733] [info] [candidate.cpp:199] InstancePrecompute: built 25 candidates
[2026-10-05 04:37:16.733] [info] [stationary.cpp:264] NN: cost=18.839601, feasible=true, active_stations=1
[2026-10-05 04:37:16.733] [info] [candidate.cpp:199] InstancePrecompute: built 25 candidates
[2026-10-05 04:37:16.733] [info] [stationary.cpp:264] NN: cost=60.468090, feasible=true, active_stations=1
[2026-10-05 04:37:16.733] [info] [candidate.cpp:199] InstancePrecompute: built 25 candidates
[2026-10-05 04:37:16.733] [info] [stationary.cpp:264] NN: cost=1175.925453, feasible=true, active_stations=1
[2026-10-05 04:37:16.733] [info] [candidate.cpp:199] InstancePrecompute: built 25 candidates
[2026-10-05 04:37:16.733] [info] [stationary.cpp:264] NN: cost=353.674984, feasible=true, active_stations=1
[2026-10-05 04:37:16.733] [info] [candidate.cpp:199] InstancePrecompute: built 25 candidates
[2026-10-05 04:37:16.733] [info] [stationary.cpp:264] NN: cost=681.453886, feasible=true, active_stations=1
[2026-10-05 04:37:16.733] [info] [candidate.cpp:199] InstancePrecompute: built 25 candidates
[2026-10-05 04:37:16.733] [info] [stationary.cpp:264] NN: cost=77.776932, feasible=true, active_stations=1
[2026-10-05 04:37:16.733] [info] [candidate.cpp:199] InstancePrecompute: built 25 candidates
[2026-10-05 04:37:16.733] [info] [stationary.cpp:264] NN: cost=571.862262, feasible=true, active_stations=1
[2026-10-05 04:37:16.733] [info] [candidate.cpp:199] InstancePrecompute: built 25 candidates
[2026-10-05 04:37:16.733] [info] [stationary.cpp:264] NN: cost=86.256859, feasible=true, active_stations=1
[2026-10-05 04:37:16.733] [info] [candidate.cpp:199] InstancePrecompute: built 25 candidates
[2026-10-05 04:37:16.733] [info] [stationary.cpp:264] NN: cost=36.373267, feasible=true, active_stations=1
[2026-10-05 04:37:16.733] [info] [candidate.cpp:199] InstancePrecompute: built 25 candidates
[2026-10-05 04:37:16.733] [info] [stationary.cpp:264] NN: cost=165.366776, feasible=true, active_stations=1
[2026-10-05 04:37:16.733] [info] [candidate.cpp:199] InstancePrecompute: built 25 candidates
[2026-10-05 04:37:16.733] [info] [stationary.cpp:264] NN: cost=55.611965, feasible=true, active_stations=1
[2026-10-05 04:37:16.733] [info] [candidate.cpp:199] InstancePrecompute: built 25 candidates
[2026-10-05 04:37:16.733] [info] [stationary.cpp:264] NN: cost=18.839601, feasible=true, active_stations=1
[2026-10-05 04:37:16.733] [info] [candidate.cpp:199] InstancePrecompute: built 25 candidates
[2026-10-05 04:37:16.733] [info] [stationary.cpp:264] NN: cost=60.468090, feasible=true, active_stations=1
[2026-10-05 04:37:16.733] [info] [candidate.cpp:199] InstancePrecompute: built 25 candidates
[2026-10-05 04:37:16.733] [info] [stationary.cpp:264] NN: cost=1175.925453, feasible=true, active_stations=1
[2026-10-05 04:37:16.733] [info] [candidate.cpp:199] InstancePrecompute: built 25 candidates
[2026-10-05 04:37:16.733] [info] [stationary.cpp:264] NN: cost=353.674984, feasible=true, active_stations=1
[2026-10-05 04:37:16.733] [info] [candidate.cpp:199] InstancePrecompute: built 25 candidates
[2026-10-05 04:37:16.733] [info] [stationary.cpp:264] NN: cost=681.453886, feasible=true, active_stations=1
[2026-10-05 04:37:16.733] [info] [candidate.cpp:199] InstancePrecompute: built 50 candidates
[2026-10-05 04:37:16.733] [info] [stationary.cpp:264] NN: cost=571.862262, feasible=true, active_stations=1
[2026-10-05 04:37:16.733] [info] [candidate.cpp:199] InstancePrecompute: built 25 candidates
[2026-10-05 04:37:16.733] [info] [stationary.cpp:264] NN: cost=86.256859, feasible=true, active_stations=1
[2026-10-05 04:37:16.733] [info] [candidate.cpp:199] InstancePrecompute: built 25 candidates
[2026-10-05 04:37:16.733] [info] [stationary.cpp:264] NN: cost=36.373267, feasible=true, active_stations=1
[2026-10-05 04:37:16.733] [info] [candidate.cpp:199] InstancePrecompute: built 25 candidates
[2026-10-05 04:37:16.733] [info] [stationary.cpp:264] NN: cost=165.366776, feasible=true, active_stations=1
[2026-10-05 04:37:16.733] [info] [candidate.cpp:199] InstancePrecompute: built 25 candidates
[2026-10-05 04:37:16.733] [info] [stationary.cpp:264] NN: cost=55.611965, feasible=true, active_stations=1
[2026-10-05 04:37:16.733] [info] [candidate.cpp:199] InstancePrecompute: built 25 candidates
[2026-10-05 04:37:16.733] [info] [stationary.cpp:264] NN: cost=18.839601, feasible=true, active_stations=1
[2026-10-05 04:37:16.733] [info] [candidate.cpp:199] InstancePrecompute: built 25 candidates
[2026-10-05 04:37:16.733] [info] [stationary.cpp:264] NN: cost=60.468090, feasible=true, active_stations=1
[2026-10-05 04:37:16.733] [info] [candidate.cpp:199] InstancePrecompute: built 25 candidates
[2026-10-05 04:37:16.733] [info] [stationary.cpp:264] NN: cost=1175.925453, feasible=true, active_stations=1
[2026-10-05 04:37:16.733] [info] [candidate.cpp:199] InstancePrecompute: built 25 candidates
[2026-10-05 04:37:16.733] [info] [stationary.cpp:264] NN: cost=353.674984, feasible=true, active_stations=1
[2026-10-05 04:37:16.733] [info] [candidate.cpp:199] InstancePrecompute: built 25 candidates
[2026-10-05 04:37:16.733] [info] [stationary.cpp:264] NN: cost=681.453886, feasible=true, active_stations=1
[2026-10-05 04:37:16.733] [info] [candidate.cpp:199] InstancePrecompute: built 25 candidates
[2026-10-05 04:37:16.733] [info] [stationary.cpp:264] NN: cost=77.776932, feasible=true, active_stations=1
[2026-10-05 04:37:16.733] [info] [candidate.cpp:199] InstancePrecompute: built 25 candidates
[2026-10-05 04:37:16.733] [info] [stationary.cpp:264] NN: cost=571.862262, feasible=true, active_stations=1
[2026-10-05 04:37:16.733] [info] [candidate.cpp:199] InstancePrecompute: built 25 candidates
[2026-10-05 04:37:16.733] [info] [stationary.cpp:264] NN: cost=86.256859, feasible=true, active_stations=1
[2026-10-05 04:37:16.733] [info] [candidate.cpp:199] InstancePrecompute: built 25 candidates
[2026-10-05 04:37:16.733] [info] [stationary.cpp:264] NN: cost=36.373267, feasible=true, active_stations=1
[2026-10-05 04:37:16.733] [info] [candidate.cpp:199] InstancePrecompute: built 25 candidates
[2026-10-05 04:37:16.733] [info] [stationary.cpp:264] NN: cost=165.366776, feasible=true, active_stations=1
[2026-10-05 04:37:16.733] [info] [candidate.cpp:199] InstancePrecompute: built 25 candidates
[2026-10-05 04:37:16.733] [info] [stationary.cpp:264] NN: cost=55.611965, feasible=true, active_stations=1
[2026-10-05 04:37:16.733] [info] [candidate.cpp:199] InstancePrecompute: built 25 candidates
[2026-10-05 04:37:16.733] [info] [stationary.cpp:264] NN: cost=18.839601, feasible=true, active_stations=1
[2026-10-05 04:37:16.733] [info] [candidate.cpp:199] InstancePrecompute: built 25 candidates
[2026-10-05 04:37:16.733] [info] [stationary.cpp:264] NN: cost=60.468090, feasible=true, active_stations=1
[2026-10-05 04:37:16.733] [info] [candidate.cpp:199] InstancePrecompute: built 25 candidates
[2026-10-05 04:37:16.733] [info] [stationary.cpp:264] NN: cost=1175.925453, feasible=true, active_stations=1
[2026-10-05 04:37:16.733] [info] [candidate.cpp:199] InstancePrecompute: built 25 candidates
[2026-10-05 04:37:16.733] [info] [stationary.cpp:264] NN: cost=353.674984, feasible=true, active_stations=1
[2026-10-05 04:37:16.733] [info] [candidate.cpp:199] InstancePrecompute: built 25 candidates
[2026-10-05 04:37:16.733] [info] [stationary.cpp:264] NN: cost=681.453886, feasible=true, active_stations=1
[2026-10-05 04:37:16.733] [info] [candidate.cpp:199] InstancePrecompute: built 25 candidates
[2026-10-05 04:37:16.733] [info] [stationary.cpp:264] NN: cost=77.776932, feasible=true, active_stations=1
[2026-10-05 04:37:16.733] [info] [candidate.cpp:199] InstancePrecompute: built 25 candidates
[2026-10-05 04:37:16.733] [info] [stationary.cpp:264] NN: cost=571.862262, feasible=true, active_stations=1
[2026-10-05 04:37:16.733] [info] [candidate.cpp:199] InstancePrecompute: built 25 candidates
[2026-10-05 04:37:16.733] [info] [stationary.cpp:264] NN: cost=86.256859, feasible=true, active_stations=1
[2026-10-05 04:37:16.733] [info] [candidate.cpp:199] InstancePrecompute: built 25 candidates
[2026-10-05 04:37:16.733] [info] [stationary.cpp:264] NN: cost=36.373267, feasible=true, active_stations=1
[2026-10-05 04:37:16.733] [info] [candidate.cpp:199] InstancePrecompute: built 25 candidates
[2026-10-05 04:37:16.733] [info] [stationary.cpp:264] NN: cost=165.366776, feasible=true, active_stations=1
[2026-10-05 04:37:16.733] [info] [candidate.cpp:199] InstancePrecompute: built 25 candidates
[2026-10-05 04:37:16.733] [info] [stationary.cpp:264] NN: cost=55.611965, feasible=true, active_stations=1
[2026-10-05 04:37:16.733] [info] [candidate.cpp:199] InstancePrecompute: built 25 candidates
[2026-10-05 04:37:16.733] [info] [stationary.cpp:264] NN: cost=18.839601, feasible=true, active_stations=1
[2026-10-05 04:37:16.733] [info] [candidate.cpp:199] InstancePrecompute: built 25 candidates
[2026-10-05 04:37:16.733] [info] [stationary.cpp:264] NN: cost=60.468090, feasible=true, active_stations=1
[2026-10-05 04:37:16.733] [info] [candidate.cpp:199] InstancePrecompute: built 25 candidates
[2026-10-05 04:37:16.733] [info] [stationary.cpp:264] NN: cost=1175.925453, feasible=true, active_stations=1
[2026-10-05 04:37:16.733] [info] [candidate.cpp:199] InstancePrecompute: built 25 candidates
[2026-10-05 04:37:16.733] [info] [stationary.cpp:264] NN: cost=353.674984, feasible=true, active_stations=1
[2026-10-05 04:37:16.733] [info] [candidate.cpp:199] InstancePrecompute: built 25 candidates
[2026-10-05 04:37:16.733] [info] [stationary.cpp:264] NN: cost=681.453886, feasible=true, active_stations=1
[2026-10-05 04:37:16.733] [info] [candidate.cpp:199] InstancePrecompute: built 25 candidates
[2026-10-05 04:37:16.733] [info] [stationary.cpp:264] NN: cost=77.776932, feasible=true, active_stations=1
[2026-10-05 04:37:16.733] [info] [candidate.cpp:199] InstancePrecompute: built 25 candidates
[2026-10-05 04:37:16.733] [info] [stationary.cpp:264] NN: cost=571.862262, feasible=true, active_stations=1
[2026-10-05 04:37:16.733] [info] [candidate.cpp:199] InstancePrecompute: built 25 candidates
[2026-10-05 04:37:16.733] [info] [stationary.cpp:264] NN: cost=86.256859, feasible=true, active_stations=1
[2026-10-05 04:37:16.733] [info] [candidate.cpp:199] InstancePrecompute: built 25 candidates
[2026-10-05 04:37:16.733] [info] [stationary.cpp:264] NN: cost=36.373267, feasible=true, active_stations=1
[2026-10-05 04:37:16.733] [info] [candidate.cpp:199] InstancePrecompute: built 25 candidates
[2026-10-05 04:37:16.733] [info] [stationary.cpp:264] NN: cost=165.366776, feasible=true, active_stations=1
[2026-10-05 04:37:16.733] [info] [candidate.cpp:199] InstancePrecompute: built 25 candidates
[2026-10-05 04:37:16.733] [info] [stationary.cpp:264] NN: cost=55.611965, feasible=true, active_stations=1
[2026-10-05 04:37:16.733] [info] [candidate.cpp:199] InstancePrecompute: built 25 candidates
[2026-10-05 04:37:16.733] [info] [stationary.cpp:264] NN: cost=18.839601, feasible=true, active_stations=1
[2026-10-05 04:37:16.733] [info] [candidate.cpp:199] InstancePrecompute: built 25 candidates
[2026-10-05 04:37:16.733] [info] [stationary.cpp:264] NN: cost=60.468090, feasible=true, active_stations=1
[2026-10-05 04:37:16.733] [info] [candidate.cpp:199] InstancePrecompute: built 25 candidates
[2026-10-05 04:37:16.733] [info] [stationary.cpp:264] NN: cost=1175.925453, feasible=true, active_stations=1
[2026-10-05 04:37:16.733] [info] [candidate.cpp:199] InstancePrecompute: built 25 candidates
[2026-10-05 04:37:16.733] [info] [stationary.cpp:264] NN: cost=353.674984, feasible=true, active_stations=1
[2026-10-05 04:37:16.733] [info] [candidate.cpp:199] InstancePrecompute: built 25 candidates
[2026-10-05 04:37:16.733] [info] [stationary.cpp:264] NN: cost=77.776932, feasible=true, active_stations=1
[2026-10-05 04:37:16.733] [info] [candidate.cpp:199] InstancePrecompute: built 25 candidates
[2026-10-05 04:37:16.733] [info] [stationary.cpp:264] NN: cost=571.862262, feasible=true, active_stations=1
[2026-10-05 04:37:16.733] [info] [candidate.cpp:199] InstancePrecompute: built 25 candidates
[2026-10-05 04:37:16.733] [info] [stationary.cpp:264] NN: cost=681.453886, feasible=true, active_stations=1
[2026-10-05 04:37:16.733] [info] [candidate.cpp:199] InstancePrecompute: built 25 candidates
[2026-10-05 04:37:16.733] [info] [stationary.cpp:264] NN: cost=86.256859, feasible=true, active_stations=1
[2026-10-05 04:37:16.733] [info] [candidate.cpp:199] InstancePrecompute: built 25 candidates
[2026-10-05 04:37:16.733] [info] [stationary.cpp:264] NN: cost=165.366776, feasible=true, active_stations=1
[2026-10-05 04:37:16.733] [info] [candidate.cpp:199] InstancePrecompute: built 25 candidates
[2026-10-05 04:37:16.733] [info] [stationary.cpp:264] NN: cost=55.611965, feasible=true, active_stations=1
[2026-10-05 04:37:16.733] [info] [candidate.cpp:199] InstancePrecompute: built 50 candidates
[2026-10-05 04:37:16.733] [info] [stationary.cpp:264] NN: cost=55.212868, feasible=true, active_stations=2
[2026-10-05 04:37:16.733] [info] [candidate.cpp:199] InstancePrecompute: built 25 candidates
[2026-10-05 04:37:16.733] [info] [stationary.cpp:264] NN: cost=60.468090, feasible=true, active_stations=1
[2026-10-05 04:37:16.733] [info] [candidate.cpp:199] InstancePrecompute: built 25 candidates
[2026-10-05 04:37:16.733] [info] [stationary.cpp:264] NN: cost=1175.925453, feasible=true, active_stations=1
[2026-10-05 04:37:16.733] [info] [candidate.cpp:199] InstancePrecompute: built 25 candidates
[2026-10-05 04:37:16.733] [info] [stationary.cpp:264] NN: cost=353.674984, feasible=true, active_stations=1
[2026-10-05 04:37:16.733] [info] [candidate.cpp:199] InstancePrecompute: built 25 candidates
[2026-10-05 04:37:16.733] [info] [stationary.cpp:264] NN: cost=77.776932, feasible=true, active_stations=1
[2026-10-05 04:37:16.733] [info] [candidate.cpp:199] InstancePrecompute: built 25 candidates
[2026-10-05 04:37:16.733] [info] [stationary.cpp:264] NN: cost=571.862262, feasible=true, active_stations=1
[2026-10-05 04:37:16.733] [info] [candidate.cpp:199] InstancePrecompute: built 25 candidates
[2026-10-05 04:37:16.733] [info] [stationary.cpp:264] NN: cost=681.453886, feasible=true, active_stations=1
[2026-10-05 04:37:16.733] [info] [candidate.cpp:199] InstancePrecompute: built 25 candidates
[2026-10-05 04:37:16.733] [info] [stationary.cpp:264] NN: cost=86.256859, feasible=true, active_stations=1
[2026-10-05 04:37:16.733] [info] [candidate.cpp:199] InstancePrecompute: built 25 candidates
[2026-10-05 04:37:16.733] [info] [stationary.cpp:264] NN: cost=165.366776, feasible=true, active_stations=1
[2026-10-05 04:37:16.733] [info] [candidate.cpp:199] InstancePrecompute: built 25 candidates
[2026-10-05 04:37:16.733] [info] [stationary.cpp:264] NN: cost=55.611965, feasible=true, active_stations=1
[2026-10-05 04:37:16.733] [info] [candidate.cpp:199] InstancePrecompute: built 50 candidates
[2026-10-05 04:37:16.733] [info] [stationary.cpp:264] NN: cost=55.212868, feasible=true, active_stations=2
[2026-10-05 04:37:16.733] [info] [candidate.cpp:199] InstancePrecompute: built 25 candidates
[2026-10-05 04:37:16.733] [info] [stationary.cpp:264] NN: cost=60.468090, feasible=true, active_stations=1
[2026-10-05 04:37:16.733] [info] [candidate.cpp:199] InstancePrecompute: built 25 candidates
[2026-10-05 04:37:16.733] [info] [stationary.cpp:264] NN: cost=1175.925453, feasible=true, active_stations=1
[2026-10-05 04:37:16.733] [info] [candidate.cpp:199] InstancePrecompute: built 25 candidates
[2026-10-05 04:37:16.733] [info] [stationary.cpp:264] NN: cost=353.674984, feasible=true, active_stations=1
[2026-10-05 04:37:16.733] [info] [candidate.cpp:199] InstancePrecompute: built 50 candidates
[2026-10-05 04:37:16.733] [info] [stationary.cpp:264] NN: cost=571.862262, feasible=true, active_stations=1
[2026-10-05 04:37:16.733] [info] [candidate.cpp:199] InstancePrecompute: built 25 candidates
[2026-10-05 04:37:16.733] [info] [stationary.cpp:264] NN: cost=681.453886, feasible=true, active_stations=1
[2026-10-05 04:37:16.733] [info] [candidate.cpp:199] InstancePrecompute: built 25 candidates
[2026-10-05 04:37:16.734] [info] [stationary.cpp:264] NN: cost=86.256859, feasible=true, active_stations=1
[2026-10-05 04:37:16.734] [info] [candidate.cpp:199] InstancePrecompute: built 25 candidates
[2026-10-05 04:37:16.734] [info] [stationary.cpp:264] NN: cost=165.366776, feasible=true, active_stations=1
[2026-10-05 04:37:16.734] [info] [candidate.cpp:199] InstancePrecompute: built 25 candidates
[2026-10-05 04:37:16.734] [info] [stationary.cpp:264] NN: cost=55.611965, feasible=true, active_stations=1
[2026-10-05 04:37:16.734] [info] [candidate.cpp:199] InstancePrecompute: built 50 candidates
[2026-10-05 04:37:16.734] [info] [stationary.cpp:264] NN: cost=55.212868, feasible=true, active_stations=2
[2026-10-05 04:37:16.734] [info] [candidate.cpp:199] InstancePrecompute: built 25 candidates
[2026-10-05 04:37:16.734] [info] [stationary.cpp:264] NN: cost=60.468090, feasible=true, active_stations=1
[2026-10-05 04:37:16.734] [info] [candidate.cpp:199] InstancePrecompute: built 25 candidates
[2026-10-05 04:37:16.734] [info] [stationary.cpp:264] NN: cost=1175.925453, feasible=true, active_stations=1
[2026-10-05 04:37:16.734] [info] [candidate.cpp:199] InstancePrecompute: built 25 candidates
[2026-10-05 04:37:16.734] [info] [stationary.cpp:264] NN: cost=353.674984, feasible=true, active_stations=1
[2026-10-05 04:37:16.734] [info] [candidate.cpp:199] InstancePrecompute: built 25 candidates
[2026-10-05 04:37:16.734] [info] [stationary.cpp:264] NN: cost=77.776932, feasible=true, active_stations=1
[2026-10-05 04:37:16.734] [info] [candidate.cpp:199] InstancePrecompute: built 50 candidates
[2026-10-05 04:37:16.734] [info] [stationary.cpp:264] NN: cost=681.453886, feasible=true, active_stations=1
[2026-10-05 04:37:16.734] [info] [candidate.cpp:199] InstancePrecompute: built 25 candidates
[2026-10-05 04:37:16.734] [info] [stationary.cpp:264] NN: cost=86.256859, feasible=true, active_stations=1
[2026-10-05 04:37:16.734] [info] [candidate.cpp:199] InstancePrecompute: built 25 candidates
[2026-10-05 04:37:16.734] [info] [stationary.cpp:264] NN: cost=165.366776, feasible=true, active_stations=1
[2026-10-05 04:37:16.734] [info] [candidate.cpp:199] InstancePrecompute: built 25 candidates
[2026-10-05 04:37:16.734] [info] [stationary.cpp:264] NN: cost=55.611965, feasible=true, active_stations=1
[2026-10-05 04:37:16.734] [info] [candidate.cpp:199] InstancePrecompute: built 25 candidates
[2026-10-05 04:37:16.734] [info] [stationary.cpp:264] NN: cost=18.839601, feasible=true, active_stations=1
[2026-10-05 04:37:16.734] [info] [candidate.cpp:199] InstancePrecompute: built 50 candidates
[2026-10-05 04:37:16.734] [info] [stationary.cpp:264] NN: cost=60.468090, feasible=true, active_stations=1
[2026-10-05 04:37:16.734] [info] [candidate.cpp:199] InstancePrecompute: built 25 candidates
[2026-10-05 04:37:16.734] [info] [stationary.cpp:264] NN: cost=1175.925453, feasible=true, active_stations=1
[2026-10-05 04:37:16.734] [info] [candidate.cpp:199] InstancePrecompute: built 25 candidates
[2026-10-05 04:37:16.734] [info] [stationary.cpp:264] NN: cost=353.674984, feasible=true, active_stations=1
[2026-10-05 04:37:16.734] [info] [candidate.cpp:199] InstancePrecompute: built 25 candidates
[2026-10-05 04:37:16.734] [info] [stationary.cpp:264] NN: cost=77.776932, feasible=true, active_stations=1
[2026-10-05 04:37:16.734] [info] [candidate.cpp:199] InstancePrecompute: built 50 candidates
[2026-10-05 04:37:16.734] [info] [stationary.cpp:264] NN: cost=681.453886, feasible=true, active_stations=1
[2026-10-05 04:37:16.734] [info] [candidate.cpp:199] InstancePrecompute: built 25 candidates
[2026-10-05 04:37:16.734] [info] [stationary.cpp:264] NN: cost=86.256859, feasible=true, active_stations=1
[2026-10-05 04:37:16.734] [info] [candidate.cpp:199] InstancePrecompute: built 25 candidates
[2026-10-05 04:37:16.734] [info] [stationary.cpp:264] NN: cost=165.366776, feasible=true, active_stations=1
[2026-10-05 04:37:16.734] [info] [candidate.cpp:199] InstancePrecompute: built 25 candidates
[2026-10-05 04:37:16.734] [info] [stationary.cpp:264] NN: cost=55.611965, feasible=true, active_stations=1
[2026-10-05 04:37:16.734] [info] [candidate.cpp:199] InstancePrecompute: built 25 candidates
[2026-10-05 04:37:16.734] [info] [stationary.cpp:264] NN: cost=18.839601, feasible=true, active_stations=1
[2026-10-05 04:37:16.734] [info] [candidate.cpp:199] InstancePrecompute: built 50 candidates
[2026-10-05 04:37:16.734] [info] [stationary.cpp:264] NN: cost=60.468090, feasible=true, active_stations=1
[2026-10-05 04:37:16.734] [info] [candidate.cpp:199] InstancePrecompute: built 25 candidates
[2026-10-05 04:37:16.734] [info] [stationary.cpp:264] NN: cost=1175.925453, feasible=true, active_stations=1
[2026-10-05 04:37:16.734] [info] [candidate.cpp:199] InstancePrecompute: built 25 candidates
[2026-10-05 04:37:16.734] [info] [stationary.cpp:264] NN: cost=353.674984, feasible=true, active_stations=1
[2026-10-05 04:37:16.734] [info] [candidate.cpp:199] InstancePrecompute: built 25 candidates
[2026-10-05 04:37:16.734] [info] [stationary.cpp:264] NN: cost=77.776932, feasible=true, active_stations=1
[2026-10-05 04:37:16.734] [info] [candidate.cpp:199] InstancePrecompute: built 25 candidates
[2026-10-05 04:37:16.734] [info] [stationary.cpp:264] NN: cost=571.862262, feasible=true, active_stations=1
[2026-10-05 04:37:16.734] [info] [candidate.cpp:199] InstancePrecompute: built 25 candidates
[2026-10-05 04:37:16.734] [info] [stationary.cpp:264] NN: cost=681.453886, feasible=true, active_stations=1
[2026-10-05 04:37:16.734] [info] [candidate.cpp:199] InstancePrecompute: built 25 candidates
[2026-10-05 04:37:16.734] [info] [stationary.cpp:264] NN: cost=86.256859, feasible=true, active_stations=1
[2026-10-05 04:37:16.734] [info] [candidate.cpp:199] InstancePrecompute: built 25 candidates
[2026-10-05 04:37:16.734] [info] [stationary.cpp:264] NN: cost=165.366776, feasible=true, active_stations=1
[2026-10-05 04:37:16.734] [info] [candidate.cpp:199] InstancePrecompute: built 25 candidates
[2026-10-05 04:37:16.734] [info] [stationary.cpp:264] NN: cost=55.611965, feasible=true, active_stations=1
[2026-10-05 04:37:16.734] [info] [candidate.cpp:199] InstancePrecompute: built 25 candidates
[2026-10-05 04:37:16.734] [info] [stationary.cpp:264] NN: cost=18.839601, feasible=true, active_stations=1
[2026-10-05 04:37:16.734] [info] [candidate.cpp:199] InstancePrecompute: built 50 candidates
[2026-10-05 04:37:16.734] [info] [stationary.cpp:264] NN: cost=60.468090, feasible=true, active_stations=1
[2026-10-05 04:37:16.734] [info] [candidate.cpp:199] InstancePrecompute: built 25 candidates
[2026-10-05 04:37:16.734] [info] [stationary.cpp:264] NN: cost=1175.925453, feasible=true, active_stations=1
[2026-10-05 04:37:16.734] [info] [candidate.cpp:199] InstancePrecompute: built 25 candidates
[2026-10-05 04:37:16.734] [info] [stationary.cpp:264] NN: cost=353.674984, feasible=true, active_stations=1
[2026-10-05 04:37:16.734] [info] [candidate.cpp:199] InstancePrecompute: built 25 candidates
[2026-10-05 04:37:16.734] [info] [stationary.cpp:264] NN: cost=77.776932, feasible=true, active_stations=1
[2026-10-05 04:37:16.734] [info] [candidate.cpp:199] InstancePrecompute: built 25 candidates
[2026-10-05 04:37:16.734] [info] [stationary.cpp:264] NN: cost=571.862262, feasible=true, active_stations=1
[2026-10-05 04:37:16.734] [info] [candidate.cpp:199] InstancePrecompute: built 25 candidates
[2026-10-05 04:37:16.734] [info] [stationary.cpp:264] NN: cost=681.453886, feasible=true, active_stations=1
[2026-10-05 04:37:16.734] [info] [candidate.cpp:199] InstancePrecompute: built 25 candidates
[2026-10-05 04:37:16.734] [info] [stationary.cpp:264] NN: cost=86.256859, feasible=true, active_stations=1
[2026-10-05 04:37:16.734] [info] [candidate.cpp:199] InstancePrecompute: built 25 candidates
[2026-10-05 04:37:16.734] [info] [stationary.cpp:264] NN: cost=165.366776, feasible=true, active_stations=1
[2026-10-05 04:37:16.734] [info] [candidate.cpp:199] InstancePrecompute: built 25 candidates
[2026-10-05 04:37:16.734] [info] [stationary.cpp:264] NN: cost=55.611965, feasible=true, active_stations=1
[2026-10-05 04:37:16.734] [info] [candidate.cpp:199] InstancePrecompute: built 50 candidates
[2026-10-05 04:37:16.734] [info] [stationary.cpp:264] NN: cost=55.212868, feasible=true, active_stations=2
[2026-10-05 04:37:16.734] [info] [candidate.cpp:199] InstancePrecompute: built 25 candidates
[2026-10-05 04:37:16.734] [info] [stationary.cpp:264] NN: cost=60.468090, feasible=true, active_stations=1
[2026-10-05 04:37:16.734] [info] [candidate.cpp:199] InstancePrecompute: built 25 candidates
[2026-10-05 04:37:16.734] [info] [stationary.cpp:264] NN: cost=1175.925453, feasible=true, active_stations=1
[2026-10-05 04:37:16.734] [info] [candidate.cpp:199] InstancePrecompute: built 25 candidates
[2026-10-05 04:37:16.734] [info] [stationary.cpp:264] NN: cost=353.674984, feasible=true, active_stations=1
[2026-10-05 04:37:16.734] [info] [candidate.cpp:199] InstancePrecompute: built 25 candidates
[2026-10-05 04:37:16.734] [info] [stationary.cpp:264] NN: cost=77.776932, feasible=true, active_stations=1
[2026-10-05 04:37:16.734] [info] [candidate.cpp:199] InstancePrecompute: built 25 candidates
[2026-10-05 04:37:16.734] [info] [stationary.cpp:264] NN: cost=571.862262, feasible=true, active_stations=1
[2026-10-05 04:37:16.734] [info] [candidate.cpp:199] InstancePrecompute: built 25 candidates
[2026-10-05 04:37:16.734] [info] [stationary.cpp:264] NN: cost=681.453886, feasible=true, active_stations=1
[2026-10-05 04:37:16.734] [info] [candidate.cpp:199] InstancePrecompute: built 25 candidates
[2026-10-05 04:37:16.734] [info] [stationary.cpp:264] NN: cost=86.256859, feasible=true, active_stations=1
[2026-10-05 04:37:16.734] [info] [candidate.cpp:199] InstancePrecompute: built 25 candidates
[2026-10-05 04:37:16.734] [info] [stationary.cpp:264] NN: cost=165.366776, feasible=true, active_stations=1
[2026-10-05 04:37:16.734] [info] [candidate.cpp:199] InstancePrecompute: built 25 candidates
[2026-10-05 04:37:16.734] [info] [stationary.cpp:264] NN: cost=55.611965, feasible=true, active_stations=1
[2026-10-05 04:37:16.734] [info] [candidate.cpp:199] InstancePrecompute: built 50 candidates
[2026-10-05 04:37:16.734] [info] [stationary.cpp:264] NN: cost=55.212868, feasible=true, active_stations=2
[2026-10-05 04:37:16.734] [info] [candidate.cpp:199] InstancePrecompute: built 25 candidates
[2026-10-05 04:37:16.734] [info] [stationary.cpp:264] NN: cost=60.468090, feasible=true, active_stations=1
[2026-10-05 04:37:16.734] [info] [candidate.cpp:199] InstancePrecompute: built 25 candidates
[2026-10-05 04:37:16.734] [info] [stationary.cpp:264] NN: cost=1175.925453, feasible=true, active_stations=1
[2026-10-05 04:37:16.734] [info] [candidate.cpp:199] InstancePrecompute: built 25 candidates
[2026-10-05 04:37:16.734] [info] [stationary.cpp:264] NN: cost=353.674984, feasible=true, active_stations=1
[2026-10-05 04:37:16.734] [info] [candidate.cpp:199] InstancePrecompute: built 50 candidates
[2026-10-05 04:37:16.734] [info] [stationary.cpp:264] NN: cost=571.862262, feasible=true, active_stations=1
[2026-10-05 04:37:16.734] [info] [candidate.cpp:199] InstancePrecompute: built 25 candidates
[2026-10-05 04:37:16.734] [info] [stationary.cpp:264] NN: cost=681.453886, feasible=true, active_stations=1
[2026-10-05 04:37:16.734] [info] [candidate.cpp:199] InstancePrecompute: built 25 candidates
[2026-10-05 04:37:16.734] [info] [stationary.cpp:264] NN: cost=86.256859, feasible=true, active_stations=1
[2026-10-05 04:37:16.734] [info] [candidate.cpp:199] InstancePrecompute: built 25 candidates
[2026-10-05 04:37:16.734] [info] [stationary.cpp:264] NN: cost=165.366776, feasible=true, active_stations=1
[2026-10-05 04:37:16.734] [info] [candidate.cpp:199] InstancePrecompute: built 25 candidates
[2026-10-05 04:37:16.734] [info] [stationary.cpp:264] NN: cost=55.611965, feasible=true, active_stations=1
[2026-10-05 04:37:16.734] [info] [candidate.cpp:199] InstancePrecompute: built 50 candidates
[2026-10-05 04:37:16.734] [info] [stationary.cpp:264] NN: cost=55.212868, feasible=true, active_stations=2
[2026-10-05 04:37:16.734] [info] [candidate.cpp:199] InstancePrecompute: built 25 candidates
[2026-10-05 04:37:16.734] [info] [stationary.cpp:264] NN: cost=60.468090, feasible=true, active_stations=1
[2026-10-05 04:37:16.734] [info] [candidate.cpp:199] InstancePrecompute: built 25 candidates
[2026-10-05 04:37:16.734] [info] [stationary.cpp:264] NN: cost=1175.925453, feasible=true, active_stations=1
[2026-10-05 04:37:16.734] [info] [candidate.cpp:199] InstancePrecompute: built 25 candidates
[2026-10-05 04:37:16.734] [info] [stationary.cpp:264] NN: cost=353.674984, feasible=true, active_stations=1
[2026-10-05 04:37:16.734] [info] [candidate.cpp:199] InstancePrecompute: built 25 candidates
[2026-10-05 04:37:16.734] [info] [stationary.cpp:264] NN: cost=77.776932, feasible=true, active_stations=1
[2026-10-05 04:37:16.734] [info] [candidate.cpp:199] InstancePrecompute: built 50 candidates
[2026-10-05 04:37:16.734] [info] [stationary.cpp:264] NN: cost=681.453886, feasible=true, active_stations=1
[2026-10-05 04:37:16.734] [info] [candidate.cpp:199] InstancePrecompute: built 25 candidates
[2026-10-05 04:37:16.734] [info] [stationary.cpp:264] NN: cost=86.256859, feasible=true, active_stations=1
[2026-10-05 04:37:16.734] [info] [candidate.cpp:199] InstancePrecompute: built 25 candidates
[2026-10-05 04:37:16.734] [info] [stationary.cpp:264] NN: cost=165.366776, feasible=true, active_stations=1
[2026-10-05 04:37:16.734] [info] [candidate.cpp:199] InstancePrecompute: built 25 candidates
[2026-10-05 04:37:16.734] [info] [stationary.cpp:264] NN: cost=55.611965, feasible=true, active_stations=1
[2026-10-05 04:37:16.734] [info] [candidate.cpp:199] InstancePrecompute: built 25 candidates
[2026-10-05 04:37:16.734] [info] [stationary.cpp:264] NN: cost=18.839601, feasible=true, active_stations=1
[2026-10-05 04:37:16.734] [info] [candidate.cpp:199] InstancePrecompute: built 50 candidates
[2026-10-05 04:37:16.734] [info] [stationary.cpp:264] NN: cost=60.468090, feasible=true, active_stations=1
[2026-10-05 04:37:16.734] [info] [candidate.cpp:199] InstancePrecompute: built 25 candidates
[2026-10-05 04:37:16.734] [info] [stationary.cpp:264] NN: cost=1175.925453, feasible=true, active_stations=1
[2026-10-05 04:37:16.734] [info] [candidate.cpp:199] InstancePrecompute: built 25 candidates
[2026-10-05 04:37:16.734] [info] [stationary.cpp:264] NN: cost=353.674984, feasible=true, active_stations=1
[2026-10-05 04:37:16.734] [info] [candidate.cpp:199] InstancePrecompute: built 25 candidates
[2026-10-05 04:37:16.734] [info] [stationary.cpp:264] NN: cost=77.776932, feasible=true, active_stations=1
[2026-10-05 04:37:16.734] [info] [candidate.cpp:199] InstancePrecompute: built 50 candidates
[2026-10-05 04:37:16.734] [info] [stationary.cpp:264] NN: cost=681.453886, feasible=true, active_stations=1
[2026-10-05 04:37:16.734] [info] [candidate.cpp:199] InstancePrecompute: built 25 candidates
[2026-10-05 04:37:16.734] [info] [stationary.cpp:264] NN: cost=86.256859, feasible=true, active_stations=1
[2026-10-05 04:37:16.734] [info] [candidate.cpp:199] InstancePrecompute: built 25 candidates
[2026-10-05 04:37:16.734] [info] [stationary.cpp:264] NN: cost=165.366776, feasible=true, active_stations=1
[2026-10-05 04:37:16.734] [info] [candidate.cpp:199] InstancePrecompute: built 25 candidates
[2026-10-05 04:37:16.734] [info] [stationary.cpp:264] NN: cost=55.611965, feasible=true, active_stations=1
[2026-10-05 04:37:16.734] [info] [candidate.cpp:199] InstancePrecompute: built 25 candidates
[2026-10-05 04:37:16.734] [info] [stationary.cpp:264] NN: cost=18.839601, feasible=true, active_stations=1
[2026-10-05 04:37:16.734] [info] [candidate.cpp:199] InstancePrecompute: built 50 candidates
[2026-10-05 04:37:16.734] [info] [stationary.cpp:264] NN: cost=60.468090, feasible=true, active_stations=1
[2026-10-05 04:37:16.734] [info] [candidate.cpp:199] InstancePrecompute: built 25 candidates
[2026-10-05 04:37:16.734] [info] [stationary.cpp:264] NN: cost=1175.925453, feasible=true, active_stations=1
[2026-10-05 04:37:16.734] [info] [candidate.cpp:199] InstancePrecompute: built 25 candidates
[2026-10-05 04:37:16.734] [info] [stationary.cpp:264] NN: cost=353.674984, feasible=true, active_stations=1
[2026-10-05 04:37:16.734] [info] [candidate.cpp:199] InstancePrecompute: built 25 candidates
[2026-10-05 04:37:16.734] [info] [stationary.cpp:264] NN: cost=77.776932, feasible=true, active_stations=1
[2026-10-05 04:37:16.734] [info] [candidate.cpp:199] InstancePrecompute: built 25 candidates
[2026-10-05 04:37:16.734] [info] [stationary.cpp:264] NN: cost=571.862262, feasible=true, active_stations=1
[2026-10-05 04:37:16.734] [info] [candidate.cpp:199] InstancePrecompute: built 25 candidates
[2026-10-05 04:37:16.734] [info] [stationary.cpp:264] NN: cost=681.453886, feasible=true, active_stations=1
[2026-10-05 04:37:16.734] [info] [candidate.cpp:199] InstancePrecompute: built 25 candidates
[2026-10-05 04:37:16.734] [info] [stationary.cpp:264] NN: cost=86.256859, feasible=true, active_stations=1
[2026-10-05 04:37:16.734] [info] [candidate.cpp:199] InstancePrecompute: built 25 candidates
[2026-10-05 04:37:16.734] [info] [stationary.cpp:264] NN: cost=165.366776, feasible=true, active_stations=1
[2026-10-05 04:37:16.734] [info] [candidate.cpp:199] InstancePrecompute: built 25 candidates
[2026-10-05 04:37:16.734] [info] [stationary.cpp:264] NN: cost=55.611965, feasible=true, active_stations=1
[2026-10-05 04:37:16.734] [info] [candidate.cpp:199] InstancePrecompute: built 25 candidates
[2026-10-05 04:37:16.734] [info] [stationary.cpp:264] NN: cost=18.839601, feasible=true, active_stations=1
[2026-10-05 04:37:16.734] [info] [candidate.cpp:199] InstancePrecompute: built 50 candidates
[2026-10-05 04:37:16.734] [info] [stationary.cpp:264] NN: cost=60.468090, feasible=true, active_stations=1
[2026-10-05 04:37:16.734] [info] [candidate.cpp:199] InstancePrecompute: built 25 candidates
[2026-10-05 04:37:16.734] [info] [stationary.cpp:264] NN: cost=1175.925453, feasible=true, active_stations=1
[2026-10-05 04:37:16.734] [info] [candidate.cpp:199] InstancePrecompute: built 25 candidates
[2026-10-05 04:37:16.734] [info] [stationary.cpp:264] NN: cost=353.674984, feasible=true, active_stations=1
[2026-10-05 04:37:16.734] [info] [candidate.cpp:199] InstancePrecompute: built 25 candidates
[2026-10-05 04:37:16.734] [info] [stationary.cpp:264] NN: cost=571.862262, feasible=true, active_stations=1
[2026-10-05 04:37:16.734] [info] [candidate.cpp:199] InstancePrecompute: built 25 candidates
[2026-10-05 04:37:16.734] [info] [stationary.cpp:264] NN: cost=681.453886, feasible=true, active_stations=1
[2026-10-05 04:37:16.734] [info] [candidate.cpp:199] InstancePrecompute: built 25 candidates
[2026-10-05 04:37:16.734] [info] [stationary.cpp:264] NN: cost=77.776932, feasible=true, active_stations=1
[2026-10-05 04:37:16.734] [info] [candidate.cpp:199] InstancePrecompute: built 25 candidates
[2026-10-05 04:37:16.734] [info] [stationary.cpp:264] NN: cost=86.256859, feasible=true, active_stations=1
[2026-10-05 04:37:16.734] [info] [candidate.cpp:199] InstancePrecompute: built 25 candidates
[2026-10-05 04:37:16.734] [info] [stationary.cpp:264] NN: cost=165.366776, feasible=true, active_stations=1
[2026-10-05 04:37:16.734] [info] [candidate.cpp:199] InstancePrecompute: built 25 candidates
[2026-10-05 04:37:16.734] [info] [stationary.cpp:264] NN: cost=55.611965, feasible=true, active_stations=1
[2026-10-05 04:37:16.734] [info] [candidate.cpp:199] InstancePrecompute: built 50 candidates
[2026-10-05 04:37:16.734] [info] [stationary.cpp:264] NN: cost=55.212868, feasible=true, active_stations=2
[2026-10-05 04:37:16.734] [info] [candidate.cpp:199] InstancePrecompute: built 25 candidates
[2026-10-05 04:37:16.734] [info] [stationary.cpp:264] NN: cost=60.468090, feasible=true, active_stations=1
[2026-10-05 04:37:16.734] [info] [candidate.cpp:199] InstancePrecompute: built 25 candidates
[2026-10-05 04:37:16.734] [info] [stationary.cpp:264] NN: cost=1175.925453, feasible=true, active_stations=1
[2026-10-05 04:37:16.734] [info] [candidate.cpp:199] InstancePrecompute: built 25 candidates
[2026-10-05 04:37:16.734] [info] [stationary.cpp:264] NN: cost=353.674984, feasible=true, active_stations=1
[2026-10-05 04:37:16.734] [info] [candidate.cpp:199] InstancePrecompute: built 25 candidates
[2026-10-05 04:37:16.734] [info] [stationary.cpp:264] NN: cost=571.862262, feasible=true, active_stations=1
[2026-10-05 04:37:16.734] [info] [candidate.cpp:199] InstancePrecompute: built 25 candidates
[2026-10-05 04:37:16.734] [info] [stationary.cpp:264] NN: cost=681.453886, feasible=true, active_stations=1
[2026-10-05 04:37:16.734] [info] [candidate.cpp:199] InstancePrecompute: built 25 candidates
[2026-10-05 04:37:16.734] [info] [stationary.cpp:264] NN: cost=77.776932, feasible=true, active_stations=1
[2026-10-05 04:37:16.734] [info] [candidate.cpp:199] InstancePrecompute: built 25 candidates
[2026-10-05 04:37:16.734] [info] [stationary.cpp:264] NN: cost=86.256859, feasible=true, active_stations=1
[2026-10-05 04:37:16.734] [info] [candidate.cpp:199] InstancePrecompute: built 25 candidates
[2026-10-05 04:37:16.734] [info] [stationary.cpp:264] NN: cost=165.366776, feasible=true, active_stations=1
[2026-10-05 04:37:16.734] [info] [candidate.cpp:199] InstancePrecompute: built 25 candidates
[2026-10-05 04:37:16.734] [info] [stationary.cpp:264] NN: cost=55.611965, feasible=true, active_stations=1
[2026-10-05 04:37:16.734] [info] [candidate.cpp:199] InstancePrecompute: built 50 candidates
[2026-10-05 04:37:16.734] [info] [stationary.cpp:264] NN: cost=55.212868, feasible=true, active_stations=2
[2026-10-05 04:37:16.734] [info] [candidate.cpp:199] InstancePrecompute: built 25 candidates
[2026-10-05 04:37:16.734] [info] [stationary.cpp:264] NN: cost=60.468090, feasible=true, active_stations=1
[2026-10-05 04:37:16.734] [info] [candidate.cpp:199] InstancePrecompute: built 25 candidates
[2026-10-05 04:37:16.734] [info] [stationary.cpp:264] NN: cost=1175.925453, feasible=true, active_stations=1
[2026-10-05 04:37:16.734] [info] [candidate.cpp:199] InstancePrecompute: built 25 candidates
[2026-10-05 04:37:16.734] [info] [stationary.cpp:264] NN: cost=353.674984, feasible=true, active_stations=1
[2026-10-05 04:37:16.734] [info] [candidate.cpp:199] InstancePrecompute: built 25 candidates
[2026-10-05 04:37:16.734] [info] [stationary.cpp:264] NN: cost=571.862262, feasible=true, active_stations=1
[2026-10-05 04:37:16.734] [info] [candidate.cpp:199] InstancePrecompute: built 25 candidates
[2026-10-05 04:37:16.734] [info] [stationary.cpp:264] NN: cost=681.453886, feasible=true, active_stations=1
[2026-10-05 04:37:16.734] [info] [candidate.cpp:199] InstancePrecompute: built 25 candidates
[2026-10-05 04:37:16.734] [info] [stationary.cpp:264] NN: cost=77.776932, feasible=true, active_stations=1
[2026-10-05 04:37:16.734] [info] [candidate.cpp:199] InstancePrecompute: built 25 candidates
[2026-10-05 04:37:16.734] [info] [stationary.cpp:264] NN: cost=86.256859, feasible=true, active_stations=1
[2026-10-05 04:37:16.734] [info] [candidate.cpp:199] InstancePrecompute: built 25 candidates
[2026-10-05 04:37:16.734] [info] [stationary.cpp:264] NN: cost=165.366776, feasible=true, active_stations=1
[2026-10-05 04:37:16.734] [info] [candidate.cpp:199] InstancePrecompute: built 25 candidates
[2026-10-05 04:37:16.734] [info] [stationary.cpp:264] NN: cost=55.611965, feasible=true, active_stations=1
[2026-10-05 04:37:16.734] [info] [candidate.cpp:199] InstancePrecompute: built 50 candidates
[2026-10-05 04:37:16.734] [info] [stationary.cpp:264] NN: cost=55.212868, feasible=true, active_stations=2
[2026-10-05 04:37:16.734] [info] [candidate.cpp:199] InstancePrecompute: built 25 candidates
[2026-10-05 04:37:16.734] [info] [stationary.cpp:264] NN: cost=60.468090, feasible=true, active_stations=1
[2026-10-05 04:37:16.734] [info] [candidate.cpp:199] InstancePrecompute: built 25 candidates
[2026-10-05 04:37:16.734] [info] [stationary.cpp:264] NN: cost=1175.925453, feasible=true, active_stations=1
[2026-10-05 04:37:16.734] [info] [candidate.cpp:199] InstancePrecompute: built 25 candidates
[2026-10-05 04:37:16.734] [info] [stationary.cpp:264] NN: cost=353.674984, feasible=true, active_stations=1
[2026-10-05 04:37:16.734] [info] [candidate.cpp:199] InstancePrecompute: built 50 candidates
[2026-10-05 04:37:16.734] [info] [stationary.cpp:264] NN: cost=681.453886, feasible=true, active_stations=1
[2026-10-05 04:37:16.734] [info] [candidate.cpp:199] InstancePrecompute: built 25 candidates
[2026-10-05 04:37:16.734] [info] [stationary.cpp:264] NN: cost=77.776932, feasible=true, active_stations=1
[2026-10-05 04:37:16.734] [info] [candidate.cpp:199] InstancePrecompute: built 25 candidates
[2026-10-05 04:37:16.734] [info] [stationary.cpp:264] NN: cost=86.256859, feasible=true, active_stations=1
[2026-10-05 04:37:16.734] [info] [candidate.cpp:199] InstancePrecompute: built 25 candidates
[2026-10-05 04:37:16.734] [info] [stationary.cpp:264] NN: cost=165.366776, feasible=true, active_stations=1
[2026-10-05 04:37:16.734] [info] [candidate.cpp:199] InstancePrecompute: built 25 candidates
[2026-10-05 04:37:16.734] [info] [stationary.cpp:264] NN: cost=55.611965, feasible=true, active_stations=1
[2026-10-05 04:37:16.734] [info] [candidate.cpp:199] InstancePrecompute: built 25 candidates
[2026-10-05 04:37:16.734] [info] [stationary.cpp:264] NN: cost=18.839601, feasible=true, active_stations=1
[2026-10-05 04:37:16.734] [info] [candidate.cpp:199] InstancePrecompute: built 50 candidates
[2026-10-05 04:37:16.734] [info] [stationary.cpp:264] NN: cost=60.468090, feasible=true, active_stations=1
[2026-10-05 04:37:16.734] [info] [candidate.cpp:199] InstancePrecompute: built 25 candidates
[2026-10-05 04:37:16.734] [info] [stationary.cpp:264] NN: cost=1175.925453, feasible=true, active_stations=1
[2026-10-05 04:37:16.734] [info] [candidate.cpp:199] InstancePrecompute: built 25 candidates
[2026-10-05 04:37:16.734] [info] [stationary.cpp:264] NN: cost=353.674984, feasible=true, active_stations=1
[2026-10-05 04:37:16.734] [info] [candidate.cpp:199] InstancePrecompute: built 50 candidates
[2026-10-05 04:37:16.734] [info] [stationary.cpp:264] NN: cost=681.453886, feasible=true, active_stations=1
[2026-10-05 04:37:16.734] [info] [candidate.cpp:199] InstancePrecompute: built 25 candidates
[2026-10-05 04:37:16.734] [info] [stationary.cpp:264] NN: cost=77.776932, feasible=true, active_stations=1
[2026-10-05 04:37:16.734] [info] [candidate.cpp:199] InstancePrecompute: built 25 candidates
[2026-10-05 04:37:16.734] [info] [stationary.cpp:264] NN: cost=86.256859, feasible=true, active_stations=1
[2026-10-05 04:37:16.734] [info] [candidate.cpp:199] InstancePrecompute: built 25 candidates
[2026-10-05 04:37:16.734] [info] [stationary.cpp:264] NN: cost=165.366776, feasible=true, active_stations=1
[2026-10-05 04:37:16.734] [info] [candidate.cpp:199] InstancePrecompute: built 25 candidates
[2026-10-05 04:37:16.734] [info] [stationary.cpp:264] NN: cost=55.611965, feasible=true, active_stations=1
[2026-10-05 04:37:16.734] [info] [candidate.cpp:199] InstancePrecompute: built 25 candidates
[2026-10-05 04:37:16.734] [info] [stationary.cpp:264] NN: cost=18.839601, feasible=true, active_stations=1
[2026-10-05 04:37:16.734] [info] [candidate.cpp:199] InstancePrecompute: built 50 candidates
[2026-10-05 04:37:16.734] [info] [stationary.cpp:264] NN: cost=60.468090, feasible=true, active_stations=1
[2026-10-05 04:37:16.734] [info] [candidate.cpp:199] InstancePrecompute: built 25 candidates
[2026-10-05 04:37:16.734] [info] [stationary.cpp:264] NN: cost=1175.925453, feasible=true, active_stations=1
[2026-10-05 04:37:16.734] [info] [candidate.cpp:199] InstancePrecompute: built 25 candidates
[2026-10-05 04:37:16.734] [info] [stationary.cpp:264] NN: cost=353.674984, feasible=true, active_stations=1
[2026-10-05 04:37:16.734] [info] [candidate.cpp:199] InstancePrecompute: built 25 candidates
[2026-10-05 04:37:16.734] [info] [stationary.cpp:264] NN: cost=571.862262, feasible=true, active_stations=1
[2026-10-05 04:37:16.735] [info] [candidate.cpp:199] InstancePrecompute: built 25 candidates
[2026-10-05 04:37:16.735] [info] [stationary.cpp:264] NN: cost=681.453886, feasible=true, active_stations=1
[2026-10-05 04:37:16.735] [info] [candidate.cpp:199] InstancePrecompute: built 25 candidates
[2026-10-05 04:37:16.735] [info] [stationary.cpp:264] NN: cost=77.776932, feasible=true, active_stations=1
[2026-10-05 04:37:16.735] [info] [candidate.cpp:199] InstancePrecompute: built 25 candidates
[2026-10-05 04:37:16.735] [info] [stationary.cpp:264] NN: cost=86.256859, feasible=true, active_stations=1
[2026-10-05 04:37:16.735] [info] [candidate.cpp:199] InstancePrecompute: built 25 candidates
[2026-10-05 04:37:16.735] [info] [stationary.cpp:264] NN: cost=165.366776, feasible=true, active_stations=1
[2026-10-05 04:37:16.735] [info] [candidate.cpp:199] InstancePrecompute: built 25 candidates
[2026-10-05 04:37:16.735] [info] [stationary.cpp:264] NN: cost=55.611965, feasible=true, active_stations=1
[2026-10-05 04:37:16.735] [info] [candidate.cpp:199] InstancePrecompute: built 25 candidates
[2026-10-05 04:37:16.735] [info] [stationary.cpp:264] NN: cost=18.839601, feasible=true, active_stations=1
[2026-10-05 04:37:16.735] [info] [candidate.cpp:199] InstancePrecompute: built 50 candidates
[2026-10-05 04:37:16.735] [info] [stationary.cpp:264] NN: cost=60.468090, feasible=true, active_stations=1
[2026-10-05 04:37:16.735] [info] [candidate.cpp:199] InstancePrecompute: built 25 candidates
[2026-10-05 04:37:16.735] [info] [stationary.cpp:264] NN: cost=1175.925453, feasible=true, active_stations=1
[2026-10-05 04:37:16.735] [info] [candidate.cpp:199] InstancePrecompute: built 25 candidates
[2026-10-05 04:37:16.735] [info] [stationary.cpp:264] NN: cost=353.674984, feasible=true, active_stations=1
[2026-10-05 04:37:16.735] [info] [candidate.cpp:199] InstancePrecompute: built 25 candidates
[2026-10-05 04:37:16.735] [info] [stationary.cpp:264] NN: cost=681.453886, feasible=true, active_stations=1
[2026-10-05 04:37:16.735] [info] [candidate.cpp:199] InstancePrecompute: built 50 candidates
[2026-10-05 04:37:16.735] [info] [stationary.cpp:264] NN: cost=571.862262, feasible=true, active_stations=1
[2026-10-05 04:37:16.735] [info] [candidate.cpp:199] InstancePrecompute: built 25 candidates
[2026-10-05 04:37:16.735] [info] [stationary.cpp:264] NN: cost=86.256859, feasible=true, active_stations=1
[2026-10-05 04:37:16.735] [info] [candidate.cpp:199] InstancePrecompute: built 25 candidates
[2026-10-05 04:37:16.735] [info] [stationary.cpp:264] NN: cost=165.366776, feasible=true, active_stations=1
[2026-10-05 04:37:16.735] [info] [candidate.cpp:199] InstancePrecompute: built 25 candidates
[2026-10-05 04:37:16.735] [info] [stationary.cpp:264] NN: cost=55.611965, feasible=true, active_stations=1
[2026-10-05 04:37:16.735] [info] [candidate.cpp:199] InstancePrecompute: built 25 candidates
[2026-10-05 04:37:16.735] [info] [stationary.cpp:264] NN: cost=36.373267, feasible=true, active_stations=1
[2026-10-05 04:37:16.735] [info] [candidate.cpp:199] InstancePrecompute: built 25 candidates
[2026-10-05 04:37:16.735] [info] [stationary.cpp:264] NN: cost=60.468090, feasible=true, active_stations=1
[2026-10-05 04:37:16.735] [info] [candidate.cpp:199] InstancePrecompute: built 25 candidates
[2026-10-05 04:37:16.735] [info] [stationary.cpp:264] NN: cost=18.839601, feasible=true, active_stations=1
[2026-10-05 04:37:16.735] [info] [candidate.cpp:199] InstancePrecompute: built 25 candidates
[2026-10-05 04:37:16.735] [info] [stationary.cpp:264] NN: cost=1175.925453, feasible=true, active_stations=1
[2026-10-05 04:37:16.735] [info] [candidate.cpp:199] InstancePrecompute: built 25 candidates
[2026-10-05 04:37:16.735] [info] [stationary.cpp:264] NN: cost=353.674984, feasible=true, active_stations=1
[2026-10-05 04:37:16.735] [info] [candidate.cpp:199] InstancePrecompute: built 25 candidates
[2026-10-05 04:37:16.735] [info] [stationary.cpp:264] NN: cost=681.453886, feasible=true, active_stations=1
[2026-10-05 04:37:16.735] [info] [candidate.cpp:199] InstancePrecompute: built 25 candidates
[2026-10-05 04:37:16.735] [info] [stationary.cpp:264] NN: cost=77.776932, feasible=true, active_stations=1
[2026-10-05 04:37:16.735] [info] [candidate.cpp:199] InstancePrecompute: built 25 candidates
[2026-10-05 04:37:16.735] [info] [stationary.cpp:264] NN: cost=571.862262, feasible=true, active_stations=1
[2026-10-05 04:37:16.735] [info] [candidate.cpp:199] InstancePrecompute: built 25 candidates
[2026-10-05 04:37:16.735] [info] [stationary.cpp:264] NN: cost=86.256859, feasible=true, active_stations=1
[2026-10-05 04:37:16.735] [info] [candidate.cpp:199] InstancePrecompute: built 25 candidates
[2026-10-05 04:37:16.735] [info] [stationary.cpp:264] NN: cost=165.366776, feasible=true, active_stations=1
[2026-10-05 04:37:16.735] [info] [candidate.cpp:199] InstancePrecompute: built 25 candidates
[2026-10-05 04:37:16.735] [info] [stationary.cpp:264] NN: cost=55.611965, feasible=true, active_stations=1
[2026-10-05 04:37:16.735] [info] [candidate.cpp:199] InstancePrecompute: built 25 candidates
[2026-10-05 04:37:16.735] [info] [stationary.cpp:264] NN: cost=36.373267, feasible=true, active_stations=1
[2026-10-05 04:37:16.735] [info] [candidate.cpp:199] InstancePrecompute: built 25 candidates
[2026-10-05 04:37:16.735] [info] [stationary.cpp:264] NN: cost=60.468090, feasible=true, active_stations=1
[2026-10-05 04:37:16.735] [info] [candidate.cpp:199] InstancePrecompute: built 25 candidates
[2026-10-05 04:37:16.735] [info] [stationary.cpp:264] NN: cost=18.839601, feasible=true, active_stations=1
[2026-10-05 04:37:16.735] [info] [candidate.cpp:199] InstancePrecompute: built 25 candidates
[2026-10-05 04:37:16.735] [info] [stationary.cpp:264] NN: cost=1175.925453, feasible=true, active_stations=1
[2026-10-05 04:37:16.735] [info] [candidate.cpp:199] InstancePrecompute: built 25 candidates
[2026-10-05 04:37:16.735] [info] [stationary.cpp:264] NN: cost=353.674984, feasible=true, active_stations=1
[2026-10-05 04:37:16.735] [info] [candidate.cpp:199] InstancePrecompute: built 25 candidates
[2026-10-05 04:37:16.735] [info] [stationary.cpp:264] NN: cost=681.453886, feasible=true, active_stations=1
[2026-10-05 04:37:16.735] [info] [candidate.cpp:199] InstancePrecompute: built 25 candidates
[2026-10-05 04:37:16.735] [info] [stationary.cpp:264] NN: cost=77.776932, feasible=true, active_stations=1
[2026-10-05 04:37:16.735] [info] [candidate.cpp:199] InstancePrecompute: built 25 candidates
[2026-10-05 04:37:16.735] [info] [stationary.cpp:264] NN: cost=571.862262, feasible=true, active_stations=1
[2026-10-05 04:37:16.735] [info] [candidate.cpp:199] InstancePrecompute: built 25 candidates
[2026-10-05 04:37:16.735] [info] [stationary.cpp:264] NN: cost=86.256859, feasible=true, active_stations=1
[2026-10-05 04:37:16.735] [info] [candidate.cpp:199] InstancePrecompute: built 25 candidates
[2026-10-05 04:37:16.735] [info] [stationary.cpp:264] NN: cost=165.366776, feasible=true, active_stations=1
[2026-10-05 04:37:16.735] [info] [candidate.cpp:199] InstancePrecompute: built 25 candidates
[2026-10-05 04:37:16.735] [info] [stationary.cpp:264] NN: cost=55.611965, feasible=true, active_stations=1
[2026-10-05 04:37:16.735] [info] [candidate.cpp:199] InstancePrecompute: built 25 candidates
[2026-10-05 04:37:16.735] [info] [stationary.cpp:264] NN: cost=36.373267, feasible=true, active_stations=1
[2026-10-05 04:37:16.735] [info] [candidate.cpp:199] InstancePrecompute: built 25 candidates
[2026-10-05 04:37:16.735] [info] [stationary.cpp:264] NN: cost=60.468090, feasible=true, active_stations=1
[2026-10-05 04:37:16.735] [info] [candidate.cpp:199] InstancePrecompute: built 25 candidates
[2026-10-05 04:37:16.735] [info] [stationary.cpp:264] NN: cost=18.839601, feasible=true, active_stations=1
[2026-10-05 04:37:16.735] [info] [candidate.cpp:199] InstancePrecompute: built 25 candidates
[2026-10-05 04:37:16.735] [info] [stationary.cpp:264] NN: cost=1175.925453, feasible=true, active_stations=1
[2026-10-05 04:37:16.735] [info] [candidate.cpp:199] InstancePrecompute: built 25 candidates
[2026-10-05 04:37:16.735] [info] [stationary.cpp:264] NN: cost=353.674984, feasible=true, active_stations=1
[2026-10-05 04:37:16.735] [info] [candidate.cpp:199] InstancePrecompute: built 25 candidates
[2026-10-05 04:37:16.735] [info] [stationary.cpp:264] NN: cost=681.453886, feasible=true, active_stations=1
[2026-10-05 04:37:16.735] [info] [candidate.cpp:199] InstancePrecompute: built 25 candidates
[2026-10-05 04:37:16.735] [info] [stationary.cpp:264] NN: cost=77.776932, feasible=true, active_stations=1
[2026-10-05 04:37:16.735] [info] [candidate.cpp:199] InstancePrecompute: built 25 candidates
[2026-10-05 04:37:16.735] [info] [stationary.cpp:264] NN: cost=571.862262, feasible=true, active_stations=1
[2026-10-05 04:37:16.735] [info] [candidate.cpp:199] InstancePrecompute: built 25 candidates
[2026-10-05 04:37:16.735] [info] [stationary.cpp:264] NN: cost=86.256859, feasible=true, active_stations=1
[2026-10-05 04:37:16.735] [info] [candidate.cpp:199] InstancePrecompute: built 25 candidates
[2026-10-05 04:37:16.735] [info] [stationary.cpp:264] NN: cost=165.366776, feasible=true, active_stations=1
[2026-10-05 04:37:16.735] [info] [candidate.cpp:199] InstancePrecompute: built 25 candidates
[2026-10-05 04:37:16.735] [info] [stationary.cpp:264] NN: cost=55.611965, feasible=true, active_stations=1
[2026-10-05 04:37:16.735] [info] [candidate.cpp:199] InstancePrecompute: built 25 candidates
[2026-10-05 04:37:16.735] [info] [stationary.cpp:264] NN: cost=36.373267, feasible=true, active_stations=1
[2026-10-05 04:37:16.735] [info] [candidate.cpp:199] InstancePrecompute: built 25 candidates
[2026-10-05 04:37:16.735] [info] [stationary.cpp:264] NN: cost=60.468090, feasible=true, active_stations=1
[2026-10-05 04:37:16.735] [info] [candidate.cpp:199] InstancePrecompute: built 25 candidates
[2026-10-05 04:37:16.735] [info] [stationary.cpp:264] NN: cost=18.839601, feasible=true, active_stations=1
[2026-10-05 04:37:16.735] [info] [candidate.cpp:199] InstancePrecompute: built 25 candidates
[2026-10-05 04:37:16.735] [info] [stationary.cpp:264] NN: cost=1175.925453, feasible=true, active_stations=1
[2026-10-05 04:37:16.735] [info] [candidate.cpp:199] InstancePrecompute: built 25 candidates
[2026-10-05 04:37:16.735] [info] [stationary.cpp:264] NN: cost=353.674984, feasible=true, active_stations=1
[2026-10-05 04:37:16.735] [info] [candidate.cpp:199] InstancePrecompute: built 25 candidates
[2026-10-05 04:37:16.735] [info] [stationary.cpp:264] NN: cost=681.453886, feasible=true, active_stations=1
[2026-10-05 04:37:16.735] [info] [candidate.cpp:199] InstancePrecompute: built 25 candidates
[2026-10-05 04:37:16.735] [info] [stationary.cpp:264] NN: cost=77.776932, feasible=true, active_stations=1
[2026-10-05 04:37:16.735] [info] [candidate.cpp:199] InstancePrecompute: built 25 candidates
[2026-10-05 04:37:16.735] [info] [stationary.cpp:264] NN: cost=571.862262, feasible=true, active_stations=1
[2026-10-05 04:37:16.735] [info] [candidate.cpp:199] InstancePrecompute: built 25 candidates
[2026-10-05 04:37:16.735] [info] [stationary.cpp:264] NN: cost=86.256859, feasible=true, active_stations=1
[2026-10-05 04:37:16.735] [info] [candidate.cpp:199] InstancePrecompute: built 25 candidates
[2026-10-05 04:37:16.735] [info] [stationary.cpp:264] NN: cost=165.366776, feasible=true, active_stations=1
[2026-10-05 04:37:16.735] [info] [candidate.cpp:199] InstancePrecompute: built 25 candidates
[2026-10-05 04:37:16.735] [info] [stationary.cpp:264] NN: cost=55.611965, feasible=true, active_stations=1
[2026-10-05 04:37:16.735] [info] [candidate.cpp:199] InstancePrecompute: built 50 candidates
[2026-10-05 04:37:16.735] [info] [stationary.cpp:264] NN: cost=60.468090, feasible=true, active_stations=1
[2026-10-05 04:37:16.735] [info] [candidate.cpp:199] InstancePrecompute: built 25 candidates
[2026-10-05 04:37:16.735] [info] [stationary.cpp:264] NN: cost=18.839601, feasible=true, active_stations=1
[2026-10-05 04:37:16.735] [info] [candidate.cpp:199] InstancePrecompute: built 25 candidates
[2026-10-05 04:37:16.735] [info] [stationary.cpp:264] NN: cost=1175.925453, feasible=true, active_stations=1
[2026-10-05 04:37:16.735] [info] [candidate.cpp:199] InstancePrecompute: built 25 candidates
[2026-10-05 04:37:16.735] [info] [stationary.cpp:264] NN: cost=353.674984, feasible=true, active_stations=1
[2026-10-05 04:37:16.735] [info] [candidate.cpp:199] InstancePrecompute: built 25 candidates
[2026-10-05 04:37:16.735] [info] [stationary.cpp:264] NN: cost=681.453886, feasible=true, active_stations=1
[2026-10-05 04:37:16.735] [info] [candidate.cpp:199] InstancePrecompute: built 25 candidates
[2026-10-05 04:37:16.735] [info] [stationary.cpp:264] NN: cost=77.776932, feasible=true, active_stations=1
[2026-10-05 04:37:16.735] [info] [candidate.cpp:199] InstancePrecompute: built 25 candidates
[2026-10-05 04:37:16.735] [info] [stationary.cpp:264] NN: cost=571.862262, feasible=true, active_stations=1
[2026-10-05 04:37:16.735] [info] [candidate.cpp:199] InstancePrecompute: built 25 candidates
[2026-10-05 04:37:16.735] [info] [stationary.cpp:264] NN: cost=86.256859, feasible=true, active_stations=1
[2026-10-05 04:37:16.735] [info] [candidate.cpp:199] InstancePrecompute: built 25 candidates
[2026-10-05 04:37:16.735] [info] [stationary.cpp:264] NN: cost=165.366776, feasible=true, active_stations=1
[2026-10-05 04:37:16.735] [info] [candidate.cpp:199] InstancePrecompute: built 25 candidates
[2026-10-05 04:37:16.735] [info] [stationary.cpp:264] NN: cost=55.611965, feasible=true, active_stations=1
[2026-10-05 04:37:16.735] [info] [candidate.cpp:199] InstancePrecompute: built 50 candidates
[2026-10-05 04:37:16.735] [info] [stationary.cpp:264] NN: cost=60.468090, feasible=true, active_stations=1
[2026-10-05 04:37:16.735] [info] [candidate.cpp:199] InstancePrecompute: built 25 candidates
[2026-10-05 04:37:16.735] [info] [stationary.cpp:264] NN: cost=18.839601, feasible=true, active_stations=1
[2026-10-05 04:37:16.735] [info] [candidate.cpp:199] InstancePrecompute: built 25 candidates
[2026-10-05 04:37:16.735] [info] [stationary.cpp:264] NN: cost=1175.925453, feasible=true, active_stations=1
[2026-10-05 04:37:16.735] [info] [candidate.cpp:199] InstancePrecompute: built 25 candidates
[2026-10-05 04:37:16.735] [info] [stationary.cpp:264] NN: cost=353.674984, feasible=true, active_stations=1
[2026-10-05 04:37:16.735] [info] [candidate.cpp:199] InstancePrecompute: built 25 candidates
[2026-10-05 04:37:16.735] [info] [stationary.cpp:264] NN: cost=681.453886, feasible=true, active_stations=1
[2026-10-05 04:37:16.735] [info] [candidate.cpp:199] InstancePrecompute: built 25 candidates
[2026-10-05 04:37:16.735] [info] [stationary.cpp:264] NN: cost=77.776932, feasible=true, active_stations=1
[2026-10-05 04:37:16.735] [info] [candidate.cpp:199] InstancePrecompute: built 25 candidates
[2026-10-05 04:37:16.735] [info] [stationary.cpp:264] NN: cost=571.862262, feasible=true, active_stations=1
[2026-10-05 04:37:16.735] [info] [candidate.cpp:199] InstancePrecompute: built 25 candidates
[2026-10-05 04:37:16.735] [info] [stationary.cpp:264] NN: cost=86.256859, feasible=true, active_stations=1
[2026-10-05 04:37:16.735] [info] [candidate.cpp:199] InstancePrecompute: built 25 candidates
[2026-10-05 04:37:16.735] [info] [stationary.cpp:264] NN: cost=165.366776, feasible=true, active_stations=1
[2026-10-05 04:37:16.735] [info] [candidate.cpp:199] InstancePrecompute: built 25 candidates
[2026-10-05 04:37:16.735] [info] [stationary.cpp:264] NN: cost=55.611965, feasible=true, active_stations=1
[2026-10-05 04:37:16.735] [info] [candidate.cpp:199] InstancePrecompute: built 50 candidates
[2026-10-05 04:37:16.735] [info] [stationary.cpp:264] NN: cost=60.468090, feasible=true, active_stations=1
[2026-10-05 04:37:16.735] [info] [candidate.cpp:199] InstancePrecompute: built 25 candidates
[2026-10-05 04:37:16.735] [info] [stationary.cpp:264] NN: cost=18.839601, feasible=true, active_stations=1
[2026-10-05 04:37:16.735] [info] [candidate.cpp:199] InstancePrecompute: built 25 candidates
[2026-10-05 04:37:16.735] [info] [stationary.cpp:264] NN: cost=1175.925453, feasible=true, active_stations=1
[2026-10-05 04:37:16.735] [info] [candidate.cpp:199] InstancePrecompute: built 25 candidates
[2026-10-05 04:37:16.735] [info] [stationary.cpp:264] NN: cost=353.674984, feasible=true, active_stations=1
[2026-10-05 04:37:16.735] [info] [candidate.cpp:199] InstancePrecompute: built 25 candidates
[2026-10-05 04:37:16.735] [info] [stationary.cpp:264] NN: cost=571.862262, feasible=true, active_stations=1
[2026-10-05 04:37:16.735] [info] [candidate.cpp:199] InstancePrecompute: built 25 candidates
[2026-10-05 04:37:16.735] [info] [stationary.cpp:264] NN: cost=681.453886, feasible=true, active_stations=1
[2026-10-05 04:37:16.735] [info] [candidate.cpp:199] InstancePrecompute: built 25 candidates
[2026-10-05 04:37:16.735] [info] [stationary.cpp:264] NN: cost=77.776932, feasible=true, active_stations=1
[2026-10-05 04:37:16.735] [info] [candidate.cpp:199] InstancePrecompute: built 25 candidates
[2026-10-05 04:37:16.735] [info] [stationary.cpp:264] NN: cost=86.256859, feasible=true, active_stations=1
[2026-10-05 04:37:16.735] [info] [candidate.cpp:199] InstancePrecompute: built 25 candidates
[2026-10-05 04:37:16.735] [info] [stationary.cpp:264] NN: cost=165.366776, feasible=true, active_stations=1
[2026-10-05 04:37:16.735] [info] [candidate.cpp:199] InstancePrecompute: built 25 candidates
[2026-10-05 04:37:16.735] [info] [stationary.cpp:264] NN: cost=55.611965, feasible=true, active_stations=1
[2026-10-05 04:37:16.735] [info] [candidate.cpp:199] InstancePrecompute: built 25 candidates
[2026-10-05 04:37:16.735] [info] [stationary.cpp:264] NN: cost=36.373267, feasible=true, active_stations=1
[2026-10-05 04:37:16.735] [info] [candidate.cpp:199] InstancePrecompute: built 25 candidates
[2026-10-05 04:37:16.735] [info] [stationary.cpp:264] NN: cost=18.839601, feasible=true, active_stations=1
[2026-10-05 04:37:16.735] [info] [candidate.cpp:199] InstancePrecompute: built 25 candidates
[2026-10-05 04:37:16.735] [info] [stationary.cpp:264] NN: cost=60.468090, feasible=true, active_stations=1
[2026-10-05 04:37:16.735] [info] [candidate.cpp:199] InstancePrecompute: built 25 candidates
[2026-10-05 04:37:16.735] [info] [stationary.cpp:264] NN: cost=1175.925453, feasible=true, active_stations=1
[2026-10-05 04:37:16.735] [info] [candidate.cpp:199] InstancePrecompute: built 25 candidates
[2026-10-05 04:37:16.735] [info] [stationary.cpp:264] NN: cost=353.674984, feasible=true, active_stations=1
[2026-10-05 04:37:16.735] [info] [candidate.cpp:199] InstancePrecompute: built 50 candidates
[2026-10-05 04:37:16.735] [info] [stationary.cpp:264] NN: cost=681.453886, feasible=true, active_stations=1
[2026-10-05 04:37:16.735] [info] [candidate.cpp:199] InstancePrecompute: built 25 candidates
[2026-10-05 04:37:16.735] [info] [stationary.cpp:264] NN: cost=77.776932, feasible=true, active_stations=1
[2026-10-05 04:37:16.735] [info] [candidate.cpp:199] InstancePrecompute: built 25 candidates
[2026-10-05 04:37:16.735] [info] [stationary.cpp:264] NN: cost=86.256859, feasible=true, active_stations=1
[2026-10-05 04:37:16.735] [info] [candidate.cpp:199] InstancePrecompute: built 25 candidates
[2026-10-05 04:37:16.735] [info] [stationary.cpp:264] NN: cost=165.366776, feasible=true, active_stations=1
[2026-10-05 04:37:16.735] [info] [candidate.cpp:199] InstancePrecompute: built 25 candidates
[2026-10-05 04:37:16.735] [info] [stationary.cpp:264] NN: cost=55.611965, feasible=true, active_stations=1
[2026-10-05 04:37:16.735] [info] [candidate.cpp:199] InstancePrecompute: built 25 candidates
[2026-10-05 04:37:16.735] [info] [stationary.cpp:264] NN: cost=36.373267, feasible=true, active_stations=1
[2026-10-05 04:37:16.735] [info] [candidate.cpp:199] InstancePrecompute: built 25 candidates
[2026-10-05 04:37:16.735] [info] [stationary.cpp:264] NN: cost=18.839601, feasible=true, active_stations=1
[2026-10-05 04:37:16.735] [info] [candidate.cpp:199] InstancePrecompute: built 25 candidates
[2026-10-05 04:37:16.735] [info] [stationary.cpp:264] NN: cost=60.468090, feasible=true, active_stations=1
[2026-10-05 04:37:16.735] [info] [candidate.cpp:199] InstancePrecompute: built 25 candidates
[2026-10-05 04:37:16.735] [info] [stationary.cpp:264] NN: cost=1175.925453, feasible=true, active_stations=1
[2026-10-05 04:37:16.735] [info] [candidate.cpp:199] InstancePrecompute: built 25 candidates
[2026-10-05 04:37:16.735] [info] [stationary.cpp:264] NN: cost=353.674984, feasible=true, active_stations=1
[2026-10-05 04:37:16.735] [info] [candidate.cpp:199] InstancePrecompute: built 25 candidates
[2026-10-05 04:37:16.735] [info] [stationary.cpp:264] NN: cost=571.862262, feasible=true, active_stations=1
[2026-10-05 04:37:16.735] [info] [candidate.cpp:199] InstancePrecompute: built 25 candidates
[2026-10-05 04:37:16.735] [info] [stationary.cpp:264] NN: cost=681.453886, feasible=true, active_stations=1
[2026-10-05 04:37:16.735] [info] [candidate.cpp:199] InstancePrecompute: built 25 candidates
[2026-10-05 04:37:16.735] [info] [stationary.cpp:264] NN: cost=77.776932, feasible=true, active_stations=1
[2026-10-05 04:37:16.735] [info] [candidate.cpp:199] InstancePrecompute: built 25 candidates
[2026-10-05 04:37:16.735] [info] [stationary.cpp:264] NN: cost=86.256859, feasible=true, active_stations=1
[2026-10-05 04:37:16.735] [info] [candidate.cpp:199] InstancePrecompute: built 25 candidates
[2026-10-05 04:37:16.735] [info] [stationary.cpp:264] NN: cost=165.366776, feasible=true, active_stations=1
[2026-10-05 04:37:16.735] [info] [candidate.cpp:199] InstancePrecompute: built 25 candidates
[2026-10-05 04:37:16.735] [info] [stationary.cpp:264] NN: cost=55.611965, feasible=true, active_stations=1
[2026-10-05 04:37:16.735] [info] [candidate.cpp:199] InstancePrecompute: built 25 candidates
[2026-10-05 04:37:16.735] [info] [stationary.cpp:264] NN: cost=36.373267, feasible=true, active_stations=1
[2026-10-05 04:37:16.735] [info] [candidate.cpp:199] InstancePrecompute: built 25 candidates
[2026-10-05 04:37:16.735] [info] [stationary.cpp:264] NN: cost=18.839601, feasible=true, active_stations=1
[2026-10-05 04:37:16.735] [info] [candidate.cpp:199] InstancePrecompute: built 25 candidates
[2026-10-05 04:37:16.735] [info] [stationary.cpp:264] NN: cost=60.468090, feasible=true, active_stations=1
[2026-10-05 04:37:16.735] [info] [candidate.cpp:199] InstancePrecompute: built 25 candidates
[2026-10-05 04:37:16.735] [info] [stationary.cpp:264] NN: cost=1175.925453, feasible=true, active_stations=1
[2026-10-05 04:37:16.735] [info] [candidate.cpp:199] InstancePrecompute: built 25 candidates
[2026-10-05 04:37:16.735] [info] [stationary.cpp:264] NN: cost=353.674984, feasible=true, active_stations=1
[2026-10-05 04:37:16.735] [info] [candidate.cpp:199] InstancePrecompute: built 25 candidates
[2026-10-05 04:37:16.735] [info] [stationary.cpp:264] NN: cost=571.862262, feasible=true, active_stations=1
[2026-10-05 04:37:16.735] [info] [candidate.cpp:199] InstancePrecompute: built 25 candidates
[2026-10-05 04:37:16.735] [info] [stationary.cpp:264] NN: cost=681.453886, feasible=true, active_stations=1
[2026-10-05 04:37:16.735] [info] [candidate.cpp:199] InstancePrecompute: built 25 candidates
[2026-10-05 04:37:16.735] [info] [stationary.cpp:264] NN: cost=77.776932, feasible=true, active_stations=1
[2026-10-05 04:37:16.735] [info] [candidate.cpp:199] InstancePrecompute: built 25 candidates
[2026-10-05 04:37:16.735] [info] [stationary.cpp:264] NN: cost=86.256859, feasible=true, active_stations=1
[2026-10-05 04:37:16.735] [info] [candidate.cpp:199] InstancePrecompute: built 25 candidates
[2026-10-05 04:37:16.735] [info] [stationary.cpp:264] NN: cost=165.366776, feasible=true, active_stations=1
[2026-10-05 04:37:16.735] [info] [candidate.cpp:199] InstancePrecompute: built 25 candidates
[2026-10-05 04:37:16.735] [info] [stationary.cpp:264] NN: cost=55.611965, feasible=true, active_stations=1
[2026-10-05 04:37:16.735] [info] [candidate.cpp:199] InstancePrecompute: built 25 candidates
[2026-10-05 04:37:16.735] [info] [stationary.cpp:264] NN: cost=36.373267, feasible=true, active_stations=1
[2026-10-05 04:37:16.735] [info] [candidate.cpp:199] InstancePrecompute: built 25 candidates
[2026-10-05 04:37:16.735] [info] [stationary.cpp:264] NN: cost=18.839601, feasible=true, active_stations=1
[2026-10-05 04:37:16.735] [info] [candidate.cpp:199] InstancePrecompute: built 25 candidates
[2026-10-05 04:37:16.735] [info] [stationary.cpp:264] NN: cost=60.468090, feasible=true, active_stations=1
[2026-10-05 04:37:16.735] [info] [candidate.cpp:199] InstancePrecompute: built 25 candidates
[2026-10-05 04:37:16.735] [info] [stationary.cpp:264] NN: cost=1175.925453, feasible=true, active_stations=1
[2026-10-05 04:37:16.735] [info] [candidate.cpp:199] InstancePrecompute: built 25 candidates
[2026-10-05 04:37:16.735] [info] [stationary.cpp:264] NN: cost=353.674984, feasible=true, active_stations=1
[2026-10-05 04:37:16.735] [info] [candidate.cpp:199] InstancePrecompute: built 25 candidates
[2026-10-05 04:37:16.735] [info] [stationary.cpp:264] NN: cost=571.862262, feasible=true, active_stations=1
[2026-10-05 04:37:16.735] [info] [candidate.cpp:199] InstancePrecompute: built 25 candidates
[2026-10-05 04:37:16.735] [info] [stationary.cpp:264] NN: cost=681.453886, feasible=true, active_stations=1
[2026-10-05 04:37:16.735] [info] [candidate.cpp:199] InstancePrecompute: built 25 candidates
[2026-10-05 04:37:16.735] [info] [stationary.cpp:264] NN: cost=77.776932, feasible=true, active_stations=1
[2026-10-05 04:37:16.735] [info] [candidate.cpp:199] InstancePrecompute: built 25 candidates
[2026-10-05 04:37:16.735] [info] [stationary.cpp:264] NN: cost=86.256859, feasible=true, active_stations=1
[2026-10-05 04:37:16.735] [info] [candidate.cpp:199] InstancePrecompute: built 25 candidates
[2026-10-05 04:37:16.735] [info] [stationary.cpp:264] NN: cost=165.366776, feasible=true, active_stations=1
[2026-10-05 04:37:16.735] [info] [candidate.cpp:199] InstancePrecompute: built 25 candidates
[2026-10-05 04:37:16.735] [info] [stationary.cpp:264] NN: cost=55.611965, feasible=true, active_stations=1
[2026-10-05 04:37:16.735] [info] [candidate.cpp:199] InstancePrecompute: built 25 candidates
[2026-10-05 04:37:16.735] [info] [stationary.cpp:264] NN: cost=36.373267, feasible=true, active_stations=1
[2026-10-05 04:37:16.735] [info] [candidate.cpp:199] InstancePrecompute: built 25 candidates
[2026-10-05 04:37:16.735] [info] [stationary.cpp:264] NN: cost=18.839601, feasible=true, active_stations=1
[2026-10-05 04:37:16.735] [info] [candidate.cpp:199] InstancePrecompute: built 25 candidates
[2026-10-05 04:37:16.735] [info] [stationary.cpp:264] NN: cost=60.468090, feasible=true, active_stations=1
[2026-10-05 04:37:16.735] [info] [candidate.cpp:199] InstancePrecompute: built 25 candidates
[2026-10-05 04:37:16.735] [info] [stationary.cpp:264] NN: cost=1175.925453, feasible=true, active_stations=1
[2026-10-05 04:37:16.735] [info] [candidate.cpp:199] InstancePrecompute: built 25 candidates
[2026-10-05 04:37:16.735] [info] [stationary.cpp:264] NN: cost=353.674984, feasible=true, active_stations=1
[2026-10-05 04:37:16.735] [info] [candidate.cpp:199] InstancePrecompute: built 25 candidates
[2026-10-05 04:37:16.735] [info] [stationary.cpp:264] NN: cost=571.862262, feasible=true, active_stations=1
[2026-10-05 04:37:16.736] [info] [candidate.cpp:199] InstancePrecompute: built 25 candidates
[2026-10-05 04:37:16.736] [info] [stationary.cpp:264] NN: cost=681.453886, feasible=true, active_stations=1
[2026-10-05 04:37:16.736] [info] [candidate.cpp:199] InstancePrecompute: built 25 candidates
[2026-10-05 04:37:16.736] [info] [stationary.cpp:264] NN: cost=77.776932, feasible=true, active_stations=1
[2026-10-05 04:37:16.736] [info] [candidate.cpp:199] InstancePrecompute: built 25 candidates
[2026-10-05 04:37:16.736] [info] [stationary.cpp:264] NN: cost=86.256859, feasible=true, active_stations=1
[2026-10-05 04:37:16.736] [info] [candidate.cpp:199] InstancePrecompute: built 25 candidates
[2026-10-05 04:37:16.736] [info] [stationary.cpp:264] NN: cost=165.366776, feasible=true, active_stations=1
[2026-10-05 04:37:16.736] [info] [candidate.cpp:199] InstancePrecompute: built 25 candidates
[2026-10-05 04:37:16.736] [info] [stationary.cpp:264] NN: cost=55.611965, feasible=true, active_stations=1
[2026-10-05 04:37:16.736] [info] [candidate.cpp:199] InstancePrecompute: built 25 candidates
[2026-10-05 04:37:16.736] [info] [stationary.cpp:264] NN: cost=36.373267, feasible=true, active_stations=1
[2026-10-05 04:37:16.736] [info] [candidate.cpp:199] InstancePrecompute: built 25 candidates
[2026-10-05 04:37:16.736] [info] [stationary.cpp:264] NN: cost=18.839601, feasible=true, active_stations=1
[2026-10-05 04:37:16.736] [info] [candidate.cpp:199] InstancePrecompute: built 25 candidates
[2026-10-05 04:37:16.736] [info] [stationary.cpp:264] NN: cost=60.468090, feasible=true, active_stations=1
[2026-10-05 04:37:16.736] [info] [candidate.cpp:199] InstancePrecompute: built 25 candidates
[2026-10-05 04:37:16.736] [info] [stationary.cpp:264] NN: cost=1175.925453, feasible=true, active_stations=1
[2026-10-05 04:37:16.736] [info] [candidate.cpp:199] InstancePrecompute: built 25 candidates
[2026-10-05 04:37:16.736] [info] [stationary.cpp:264] NN: cost=353.674984, feasible=true, active_stations=1
[2026-10-05 04:37:16.736] [info] [candidate.cpp:199] InstancePrecompute: built 25 candidates
[2026-10-05 04:37:16.736] [info] [stationary.cpp:264] NN: cost=571.862262, feasible=true, active_stations=1
[2026-10-05 04:37:16.736] [info] [candidate.cpp:199] InstancePrecompute: built 25 candidates
[2026-10-05 04:37:16.736] [info] [stationary.cpp:264] NN: cost=681.453886, feasible=true, active_stations=1
[2026-10-05 04:37:16.736] [info] [candidate.cpp:199] InstancePrecompute: built 25 candidates
[2026-10-05 04:37:16.736] [info] [stationary.cpp:264] NN: cost=77.776932, feasible=true, active_stations=1
[2026-10-05 04:37:16.736] [info] [candidate.cpp:199] InstancePrecompute: built 25 candidates
[2026-10-05 04:37:16.736] [info] [stationary.cpp:264] NN: cost=86.256859, feasible=true, active_stations=1
[2026-10-05 04:37:16.736] [info] [candidate.cpp:199] InstancePrecompute: built 25 candidates
[2026-10-05 04:37:16.736] [info] [stationary.cpp:264] NN: cost=165.366776, feasible=true, active_stations=1
[2026-10-05 04:37:16.736] [info] [candidate.cpp:199] InstancePrecompute: built 25 candidates
[2026-10-05 04:37:16.736] [info] [stationary.cpp:264] NN: cost=55.611965, feasible=true, active_stations=1
[2026-10-05 04:37:16.736] [info] [candidate.cpp:199] InstancePrecompute: built 25 candidates
[2026-10-05 04:37:16.736] [info] [stationary.cpp:264] NN: cost=36.373267, feasible=true, active_stations=1
[2026-10-05 04:37:16.736] [info] [candidate.cpp:199] InstancePrecompute: built 25 candidates
[2026-10-05 04:37:16.736] [info] [stationary.cpp:264] NN: cost=18.839601, feasible=true, active_stations=1
[2026-10-05 04:37:16.736] [info] [candidate.cpp:199] InstancePrecompute: built 25 candidates
[2026-10-05 04:37:16.736] [info] [stationary.cpp:264] NN: cost=60.468090, feasible=true, active_stations=1
[2026-10-05 04:37:16.736] [info] [candidate.cpp:199] InstancePrecompute: built 25 candidates
[2026-10-05 04:37:16.736] [info] [stationary.cpp:264] NN: cost=1175.925453, feasible=true, active_stations=1
[2026-10-05 04:37:16.736] [info] [candidate.cpp:199] InstancePrecompute: built 25 candidates
[2026-10-05 04:37:16.736] [info] [stationary.cpp:264] NN: cost=353.674984, feasible=true, active_stations=1
[2026-10-05 04:37:16.736] [info] [candidate.cpp:199] InstancePrecompute: built 25 candidates
[2026-10-05 04:37:16.736] [info] [stationary.cpp:264] NN: cost=571.862262, feasible=true, active_stations=1
[2026-10-05 04:37:16.736] [info] [candidate.cpp:199] InstancePrecompute: built 25 candidates
[2026-10-05 04:37:16.736] [info] [stationary.cpp:264] NN: cost=681.453886, feasible=true, active_stations=1
[2026-10-05 04:37:16.736] [info] [candidate.cpp:199] InstancePrecompute: built 25 candidates
[2026-10-05 04:37:16.736] [info] [stationary.cpp:264] NN: cost=77.776932, feasible=true, active_stations=1
[2026-10-05 04:37:16.736] [info] [candidate.cpp:199] InstancePrecompute: built 25 candidates
[2026-10-05 04:37:16.736] [info] [stationary.cpp:264] NN: cost=86.256859, feasible=true, active_stations=1
[2026-10-05 04:37:16.736] [info] [candidate.cpp:199] InstancePrecompute: built 25 candidates
[2026-10-05 04:37:16.736] [info] [stationary.cpp:264] NN: cost=165.366776, feasible=true, active_stations=1
[2026-10-05 04:37:16.736] [info] [candidate.cpp:199] InstancePrecompute: built 25 candidates
[2026-10-05 04:37:16.736] [info] [stationary.cpp:264] NN: cost=36.373267, feasible=true, active_stations=1
[2026-10-05 04:37:16.736] [info] [candidate.cpp:199] InstancePrecompute: built 25 candidates
[2026-10-05 04:37:16.736] [info] [stationary.cpp:264] NN: cost=55.611965, feasible=true, active_stations=1
[2026-10-05 04:37:16.736] [info] [candidate.cpp:199] InstancePrecompute: built 25 candidates
[2026-10-05 04:37:16.736] [info] [stationary.cpp:264] NN: cost=18.839601, feasible=true, active_stations=1
[2026-10-05 04:37:16.736] [info] [candidate.cpp:199] InstancePrecompute: built 25 candidates
[2026-10-05 04:37:16.736] [info] [stationary.cpp:264] NN: cost=60.468090, feasible=true, active_stations=1
[2026-10-05 04:37:16.736] [info] [candidate.cpp:199] InstancePrecompute: built 25 candidates
[2026-10-05 04:37:16.736] [info] [stationary.cpp:264] NN: cost=1175.925453, feasible=true, active_stations=1
[2026-10-05 04:37:16.736] [info] [candidate.cpp:199] InstancePrecompute: built 25 candidates
[2026-10-05 04:37:16.736] [info] [stationary.cpp:264] NN: cost=353.674984, feasible=true, active_stations=1
[2026-10-05 04:37:16.736] [info] [candidate.cpp:199] InstancePrecompute: built 50 candidates
[2026-10-05 04:37:16.736] [info] [stationary.cpp:264] NN: cost=681.453886, feasible=true, active_stations=1
[2026-10-05 04:37:16.736] [info] [candidate.cpp:199] InstancePrecompute: built 25 candidates
[2026-10-05 04:37:16.736] [info] [stationary.cpp:264] NN: cost=77.776932, feasible=true, active_stations=1
[2026-10-05 04:37:16.736] [info] [candidate.cpp:199] InstancePrecompute: built 25 candidates
[2026-10-05 04:37:16.736] [info] [stationary.cpp:264] NN: cost=86.256859, feasible=true, active_stations=1
[2026-10-05 04:37:16.736] [info] [candidate.cpp:199] InstancePrecompute: built 25 candidates
[2026-10-05 04:37:16.736] [info] [stationary.cpp:264] NN: cost=165.366776, feasible=true, active_stations=1
[2026-10-05 04:37:16.736] [info] [candidate.cpp:199] InstancePrecompute: built 25 candidates
[2026-10-05 04:37:16.736] [info] [stationary.cpp:264] NN: cost=36.373267, feasible=true, active_stations=1
[2026-10-05 04:37:16.736] [info] [candidate.cpp:199] InstancePrecompute: built 25 candidates
[2026-10-05 04:37:16.736] [info] [stationary.cpp:264] NN: cost=55.611965, feasible=true, active_stations=1
[2026-10-05 04:37:16.736] [info] [candidate.cpp:199] InstancePrecompute: built 25 candidates
[2026-10-05 04:37:16.736] [info] [stationary.cpp:264] NN: cost=18.839601, feasible=true, active_stations=1
[2026-10-05 04:37:16.736] [info] [candidate.cpp:199] InstancePrecompute: built 25 candidates
[2026-10-05 04:37:16.736] [info] [stationary.cpp:264] NN: cost=60.468090, feasible=true, active_stations=1
[2026-10-05 04:37:16.736] [info] [candidate.cpp:199] InstancePrecompute: built 25 candidates
[2026-10-05 04:37:16.736] [info] [stationary.cpp:264] NN: cost=1175.925453, feasible=true, active_stations=1
[2026-10-05 04:37:16.736] [info] [candidate.cpp:199] InstancePrecompute: built 25 candidates
[2026-10-05 04:37:16.736] [info] [stationary.cpp:264] NN: cost=353.674984, feasible=true, active_stations=1
[2026-10-05 04:37:16.736] [info] [candidate.cpp:199] InstancePrecompute: built 25 candidates
[2026-10-05 04:37:16.736] [info] [stationary.cpp:264] NN: cost=571.862262, feasible=true, active_stations=1
[2026-10-05 04:37:16.736] [info] [candidate.cpp:199] InstancePrecompute: built 25 candidates
[2026-10-05 04:37:16.736] [info] [stationary.cpp:264] NN: cost=681.453886, feasible=true, active_stations=1
[2026-10-05 04:37:16.736] [info] [candidate.cpp:199] InstancePrecompute: built 25 candidates
[2026-10-05 04:37:16.736] [info] [stationary.cpp:264] NN: cost=77.776932, feasible=true, active_stations=1
[2026-10-05 04:37:16.736] [info] [candidate.cpp:199] InstancePrecompute: built 25 candidates
[2026-10-05 04:37:16.736] [info] [stationary.cpp:264] NN: cost=86.256859, feasible=true, active_stations=1
[2026-10-05 04:37:16.736] [info] [candidate.cpp:199] InstancePrecompute: built 25 candidates
[2026-10-05 04:37:16.736] [info] [stationary.cpp:264] NN: cost=165.366776, feasible=true, active_stations=1
[2026-10-05 04:37:16.736] [info] [candidate.cpp:199] InstancePrecompute: built 25 candidates
[2026-10-05 04:37:16.736] [info] [stationary.cpp:264] NN: cost=36.373267, feasible=true, active_stations=1
[2026-10-05 04:37:16.736] [info] [candidate.cpp:199] InstancePrecompute: built 25 candidates
[2026-10-05 04:37:16.736] [info] [stationary.cpp:264] NN: cost=55.611965, feasible=true, active_stations=1
[2026-10-05 04:37:16.736] [info] [candidate.cpp:199] InstancePrecompute: built 25 candidates
[2026-10-05 04:37:16.736] [info] [stationary.cpp:264] NN: cost=18.839601, feasible=true, active_stations=1
[2026-10-05 04:37:16.736] [info] [candidate.cpp:199] InstancePrecompute: built 25 candidates
[2026-10-05 04:37:16.736] [info] [stationary.cpp:264] NN: cost=60.468090, feasible=true, active_stations=1
[2026-10-05 04:37:16.736] [info] [candidate.cpp:199] InstancePrecompute: built 25 candidates
[2026-10-05 04:37:16.736] [info] [stationary.cpp:264] NN: cost=1175.925453, feasible=true, active_stations=1
[2026-10-05 04:37:16.736] [info] [candidate.cpp:199] InstancePrecompute: built 25 candidates
[2026-10-05 04:37:16.736] [info] [stationary.cpp:264] NN: cost=353.674984, feasible=true, active_stations=1
[2026-10-05 04:37:16.736] [info] [candidate.cpp:199] InstancePrecompute: built 25 candidates
[2026-10-05 04:37:16.736] [info] [stationary.cpp:264] NN: cost=571.862262, feasible=true, active_stations=1
[2026-10-05 04:37:16.736] [info] [candidate.cpp:199] InstancePrecompute: built 25 candidates
[2026-10-05 04:37:16.736] [info] [stationary.cpp:264] NN: cost=681.453886, feasible=true, active_stations=1
[2026-10-05 04:37:16.736] [info] [candidate.cpp:199] InstancePrecompute: built 25 candidates
[2026-10-05 04:37:16.736] [info] [stationary.cpp:264] NN: cost=77.776932, feasible=true, active_stations=1
[2026-10-05 04:37:16.736] [info] [candidate.cpp:199] InstancePrecompute: built 25 candidates
[2026-10-05 04:37:16.736] [info] [stationary.cpp:264] NN: cost=86.256859, feasible=true, active_stations=1
[2026-10-05 04:37:16.736] [info] [candidate.cpp:199] InstancePrecompute: built 25 candidates
[2026-10-05 04:37:16.736] [info] [stationary.cpp:264] NN: cost=165.366776, feasible=true, active_stations=1
[2026-10-05 04:37:16.736] [info] [candidate.cpp:199] InstancePrecompute: built 25 candidates
[2026-10-05 04:37:16.736] [info] [stationary.cpp:264] NN: cost=36.373267, feasible=true, active_stations=1
[2026-10-05 04:37:16.736] [info] [candidate.cpp:199] InstancePrecompute: built 25 candidates
[2026-10-05 04:37:16.736] [info] [stationary.cpp:264] NN: cost=55.611965, feasible=true, active_stations=1
[2026-10-05 04:37:16.736] [info] [candidate.cpp:199] InstancePrecompute: built 25 candidates
[2026-10-05 04:37:16.736] [info] [stationary.cpp:264] NN: cost=18.839601, feasible=true, active_stations=1
[2026-10-05 04:37:16.736] [info] [candidate.cpp:199] InstancePrecompute: built 25 candidates
[2026-10-05 04:37:16.736] [info] [stationary.cpp:264] NN: cost=60.468090, feasible=true, active_stations=1
[2026-10-05 04:37:16.736] [info] [candidate.cpp:199] InstancePrecompute: built 25 candidates
[2026-10-05 04:37:16.736] [info] [stationary.cpp:264] NN: cost=1175.925453, feasible=true, active_stations=1
[2026-10-05 04:37:16.736] [info] [candidate.cpp:199] InstancePrecompute: built 25 candidates
[2026-10-05 04:37:16.736] [info] [stationary.cpp:264] NN: cost=353.674984, feasible=true, active_stations=1
[2026-10-05 04:37:16.736] [info] [candidate.cpp:199] InstancePrecompute: built 25 candidates
[2026-10-05 04:37:16.736] [info] [stationary.cpp:264] NN: cost=571.862262, feasible=true, active_stations=1
[2026-10-05 04:37:16.736] [info] [candidate.cpp:199] InstancePrecompute: built 25 candidates
[2026-10-05 04:37:16.736] [info] [stationary.cpp:264] NN: cost=681.453886, feasible=true, active_stations=1
[2026-10-05 04:37:16.736] [info] [candidate.cpp:199] InstancePrecompute: built 25 candidates
[2026-10-05 04:37:16.736] [info] [stationary.cpp:264] NN: cost=77.776932, feasible=true, active_stations=1
[2026-10-05 04:37:16.736] [info] [candidate.cpp:199] InstancePrecompute: built 25 candidates
[2026-10-05 04:37:16.736] [info] [stationary.cpp:264] NN: cost=86.256859, feasible=true, active_stations=1
[2026-10-05 04:37:16.736] [info] [candidate.cpp:199] InstancePrecompute: built 25 candidates
[2026-10-05 04:37:16.736] [info] [stationary.cpp:264] NN: cost=165.366776, feasible=true, active_stations=1
[2026-10-05 04:37:16.736] [info] [candidate.cpp:199] InstancePrecompute: built 25 candidates
[2026-10-05 04:37:16.736] [info] [stationary.cpp:264] NN: cost=36.373267, feasible=true, active_stations=1
[2026-10-05 04:37:16.736] [info] [candidate.cpp:199] InstancePrecompute: built 25 candidates
[2026-10-05 04:37:16.736] [info] [stationary.cpp:264] NN: cost=55.611965, feasible=true, active_stations=1
[2026-10-05 04:37:16.736] [info] [candidate.cpp:199] InstancePrecompute: built 25 candidates
[2026-10-05 04:37:16.736] [info] [stationary.cpp:264] NN: cost=18.839601, feasible=true, active_stations=1
[2026-10-05 04:37:16.736] [info] [candidate.cpp:199] InstancePrecompute: built 25 candidates
[2026-10-05 04:37:16.736] [info] [stationary.cpp:264] NN: cost=60.468090, feasible=true, active_stations=1
[2026-10-05 04:37:16.736] [info] [candidate.cpp:199] InstancePrecompute: built 25 candidates
[2026-10-05 04:37:16.736] [info] [stationary.cpp:264] NN: cost=1175.925453, feasible=true, active_stations=1
[2026-10-05 04:37:16.736] [info] [candidate.cpp:199] InstancePrecompute: built 25 candidates
[2026-10-05 04:37:16.736] [info] [stationary.cpp:264] NN: cost=353.674984, feasible=true, active_stations=1
[2026-10-05 04:37:16.736] [info] [candidate.cpp:199] InstancePrecompute: built 25 candidates
[2026-10-05 04:37:16.736] [info] [stationary.cpp:264] NN: cost=571.862262, feasible=true, active_stations=1
[2026-10-05 04:37:16.736] [info] [candidate.cpp:199] InstancePrecompute: built 25 candidates
[2026-10-05 04:37:16.736] [info] [stationary.cpp:264] NN: cost=681.453886, feasible=true, active_stations=1
[2026-10-05 04:37:16.736] [info] [candidate.cpp:199] InstancePrecompute: built 25 candidates
[2026-10-05 04:37:16.736] [info] [stationary.cpp:264] NN: cost=77.776932, feasible=true, active_stations=1
[2026-10-05 04:37:16.736] [info] [candidate.cpp:199] InstancePrecompute: built 25 candidates
[2026-10-05 04:37:16.736] [info] [stationary.cpp:264] NN: cost=86.256859, feasible=true, active_stations=1
[2026-10-05 04:37:16.736] [info] [candidate.cpp:199] InstancePrecompute: built 25 candidates
[2026-10-05 04:37:16.736] [info] [stationary.cpp:264] NN: cost=165.366776, feasible=true, active_stations=1
[2026-10-05 04:37:16.736] [info] [candidate.cpp:199] InstancePrecompute: built 25 candidates
[2026-10-05 04:37:16.736] [info] [stationary.cpp:264] NN: cost=36.373267, feasible=true, active_stations=1
[2026-10-05 04:37:16.736] [info] [candidate.cpp:199] InstancePrecompute: built 25 candidates
[2026-10-05 04:37:16.736] [info] [stationary.cpp:264] NN: cost=55.611965, feasible=true, active_stations=1
[2026-10-05 04:37:16.736] [info] [candidate.cpp:199] InstancePrecompute: built 25 candidates
[2026-10-05 04:37:16.736] [info] [stationary.cpp:264] NN: cost=18.839601, feasible=true, active_stations=1
[2026-10-05 04:37:16.736] [info] [candidate.cpp:199] InstancePrecompute: built 25 candidates
[2026-10-05 04:37:16.736] [info] [stationary.cpp:264] NN: cost=60.468090, feasible=true, active_stations=1
[2026-10-05 04:37:16.736] [info] [candidate.cpp:199] InstancePrecompute: built 25 candidates
[2026-10-05 04:37:16.736] [info] [stationary.cpp:264] NN: cost=1175.925453, feasible=true, active_stations=1
[2026-10-05 04:37:16.736] [info] [candidate.cpp:199] InstancePrecompute: built 25 candidates
[2026-10-05 04:37:16.736] [info] [stationary.cpp:264] NN: cost=353.674984, feasible=true, active_stations=1
[2026-10-05 04:37:16.736] [info] [candidate.cpp:199] InstancePrecompute: built 25 candidates
[2026-10-05 04:37:16.736] [info] [stationary.cpp:264] NN: cost=571.862262, feasible=true, active_stations=1
[2026-10-05 04:37:16.736] [info] [candidate.cpp:199] InstancePrecompute: built 25 candidates
[2026-10-05 04:37:16.736] [info] [stationary.cpp:264] NN: cost=681.453886, feasible=true, active_stations=1
[2026-10-05 04:37:16.736] [info] [candidate.cpp:199] InstancePrecompute: built 25 candidates
[2026-10-05 04:37:16.736] [info] [stationary.cpp:264] NN: cost=77.776932, feasible=true, active_stations=1
[2026-10-05 04:37:16.736] [info] [candidate.cpp:199] InstancePrecompute: built 25 candidates
[2026-10-05 04:37:16.736] [info] [stationary.cpp:264] NN: cost=86.256859, feasible=true, active_stations=1
[2026-10-05 04:37:16.736] [info] [candidate.cpp:199] InstancePrecompute: built 25 candidates
[2026-10-05 04:37:16.736] [info] [stationary.cpp:264] NN: cost=165.366776, feasible=true, active_stations=1
[2026-10-05 04:37:16.736] [info] [candidate.cpp:199] InstancePrecompute: built 25 candidates
[2026-10-05 04:37:16.736] [info] [stationary.cpp:264] NN: cost=36.373267, feasible=true, active_stations=1
[2026-10-05 04:37:16.736] [info] [candidate.cpp:199] InstancePrecompute: built 25 candidates
[2026-10-05 04:37:16.736] [info] [stationary.cpp:264] NN: cost=55.611965, feasible=true, active_stations=1
[2026-10-05 04:37:16.736] [info] [candidate.cpp:199] InstancePrecompute: built 25 candidates
[2026-10-05 04:37:16.736] [info] [stationary.cpp:264] NN: cost=18.839601, feasible=true, active_stations=1
[2026-10-05 04:37:16.736] [info] [candidate.cpp:199] InstancePrecompute: built 25 candidates
[2026-10-05 04:37:16.736] [info] [stationary.cpp:264] NN: cost=60.468090, feasible=true, active_stations=1
[2026-10-05 04:37:16.736] [info] [candidate.cpp:199] InstancePrecompute: built 25 candidates
[2026-10-05 04:37:16.736] [info] [stationary.cpp:264] NN: cost=1175.925453, feasible=true, active_stations=1
[2026-10-05 04:37:16.736] [info] [candidate.cpp:199] InstancePrecompute: built 25 candidates
[2026-10-05 04:37:16.736] [info] [stationary.cpp:264] NN: cost=353.674984, feasible=true, active_stations=1
[2026-10-05 04:37:16.736] [info] [candidate.cpp:199] InstancePrecompute: built 25 candidates
[2026-10-05 04:37:16.736] [info] [stationary.cpp:264] NN: cost=571.862262, feasible=true, active_stations=1
[2026-10-05 04:37:16.736] [info] [candidate.cpp:199] InstancePrecompute: built 25 candidates
[2026-10-05 04:37:16.736] [info] [stationary.cpp:264] NN: cost=681.453886, feasible=true, active_stations=1
[2026-10-05 04:37:16.736] [info] [candidate.cpp:199] InstancePrecompute: built 25 candidates
[2026-10-05 04:37:16.736] [info] [stationary.cpp:264] NN: cost=77.776932, feasible=true, active_stations=1
[2026-10-05 04:37:16.736] [info] [candidate.cpp:199] InstancePrecompute: built 25 candidates
[2026-10-05 04:37:16.736] [info] [stationary.cpp:264] NN: cost=86.256859, feasible=true, active_stations=1
[2026-10-05 04:37:16.736] [info] [candidate.cpp:199] InstancePrecompute: built 25 candidates
[2026-10-05 04:37:16.736] [info] [stationary.cpp:264] NN: cost=36.373267, feasible=true, active_stations=1
[2026-10-05 04:37:16.736] [info] [candidate.cpp:199] InstancePrecompute: built 25 candidates
[2026-10-05 04:37:16.736] [info] [stationary.cpp:264] NN: cost=165.366776, feasible=true, active_stations=1
[2026-10-05 04:37:16.736] [info] [candidate.cpp:199] InstancePrecompute: built 25 candidates
[2026-10-05 04:37:16.736] [info] [stationary.cpp:264] NN: cost=55.611965, feasible=true, active_stations=1
[2026-10-05 04:37:16.736] [info] [candidate.cpp:199] InstancePrecompute: built 25 candidates
[2026-10-05 04:37:16.736] [info] [stationary.cpp:264] NN: cost=18.839601, feasible=true, active_stations=1
[2026-10-05 04:37:16.736] [info] [candidate.cpp:199] InstancePrecompute: built 25 candidates
[2026-10-05 04:37:16.736] [info] [stationary.cpp:264] NN: cost=60.468090, feasible=true, active_stations=1
[2026-10-05 04:37:16.736] [info] [candidate.cpp:199] InstancePrecompute: built 25 candidates
[2026-10-05 04:37:16.736] [info] [stationary.cpp:264] NN: cost=1175.925453, feasible=true, active_stations=1
[2026-10-05 04:37:16.736] [info] [candidate.cpp:199] InstancePrecompute: built 25 candidates
[2026-10-05 04:37:16.736] [info] [stationary.cpp:264] NN: cost=353.674984, feasible=true, active_stations=1
[2026-10-05 04:37:16.736] [info] [candidate.cpp:199] InstancePrecompute: built 50 candidates
[2026-10-05 04:37:16.736] [info] [stationary.cpp:264] NN: cost=681.453886, feasible=true, active_stations=1
[2026-10-05 04:37:16.736] [info] [candidate.cpp:199] InstancePrecompute: built 25 candidates
[2026-10-05 04:37:16.736] [info] [stationary.cpp:264] NN: cost=77.776932, feasible=true, active_stations=1
[2026-10-05 04:37:16.736] [info] [candidate.cpp:199] InstancePrecompute: built 25 candidates
[2026-10-05 04:37:16.736] [info] [stationary.cpp:264] NN: cost=86.256859, feasible=true, active_stations=1
[2026-10-05 04:37:16.736] [info] [candidate.cpp:199] InstancePrecompute: built 25 candidates
[2026-10-05 04:37:16.736] [info] [stationary.cpp:264] NN: cost=36.373267, feasible=true, active_stations=1
[2026-10-05 04:37:16.736] [info] [candidate.cpp:199] InstancePrecompute: built 25 candidates
[2026-10-05 04:37:16.736] [info] [stationary.cpp:264] NN: cost=165.366776, feasible=true, active_stations=1
[2026-10-05 04:37:16.736] [info] [candidate.cpp:199] InstancePrecompute: built 25 candidates
[2026-10-05 04:37:16.736] [info] [stationary.cpp:264] NN: cost=55.611965, feasible=true, active_stations=1
[2026-10-05 04:37:16.736] [info] [candidate.cpp:199] InstancePrecompute: built 25 candidates
[2026-10-05 04:37:16.736] [info] [stationary.cpp:264] NN: cost=18.839601, feasible=true, active_stations=1
[2026-10-05 04:37:16.736] [info] [candidate.cpp:199] InstancePrecompute: built 25 candidates
[2026-10-05 04:37:16.736] [info] [stationary.cpp:264] NN: cost=60.468090, feasible=true, active_stations=1
[2026-10-05 04:37:16.736] [info] [candidate.cpp:199] InstancePrecompute: built 25 candidates
[2026-10-05 04:37:16.736] [info] [stationary.cpp:264] NN: cost=1175.925453, feasible=true, active_stations=1
[2026-10-05 04:37:16.736] [info] [candidate.cpp:199] InstancePrecompute: built 25 candidates
[2026-10-05 04:37:16.736] [info] [stationary.cpp:264] NN: cost=353.674984, feasible=true, active_stations=1
[2026-10-05 04:37:16.736] [info] [candidate.cpp:199] InstancePrecompute: built 25 candidates
[2026-10-05 04:37:16.736] [info] [stationary.cpp:264] NN: cost=571.862262, feasible=true, active_stations=1
[2026-10-05 04:37:16.736] [info] [candidate.cpp:199] InstancePrecompute: built 25 candidates
[2026-10-05 04:37:16.736] [info] [stationary.cpp:264] NN: cost=681.453886, feasible=true, active_stations=1
[2026-10-05 04:37:16.736] [info] [candidate.cpp:199] InstancePrecompute: built 25 candidates
[2026-10-05 04:37:16.736] [info] [stationary.cpp:264] NN: cost=77.776932, feasible=true, active_stations=1
[2026-10-05 04:37:16.736] [info] [candidate.cpp:199] InstancePrecompute: built 25 candidates
[2026-10-05 04:37:16.736] [info] [stationary.cpp:264] NN: cost=86.256859, feasible=true, active_stations=1
[2026-10-05 04:37:16.736] [info] [candidate.cpp:199] InstancePrecompute: built 25 candidates
[2026-10-05 04:37:16.736] [info] [stationary.cpp:264] NN: cost=36.373267, feasible=true, active_stations=1
[2026-10-05 04:37:16.736] [info] [candidate.cpp:199] InstancePrecompute: built 25 candidates
[2026-10-05 04:37:16.736] [info] [stationary.cpp:264] NN: cost=165.366776, feasible=true, active_stations=1
[2026-10-05 04:37:16.736] [info] [candidate.cpp:199] InstancePrecompute: built 25 candidates
[2026-10-05 04:37:16.736] [info] [stationary.cpp:264] NN: cost=55.611965, feasible=true, active_stations=1
[2026-10-05 04:37:16.736] [info] [candidate.cpp:199] InstancePrecompute: built 25 candidates
[2026-10-05 04:37:16.736] [info] [stationary.cpp:264] NN: cost=18.839601, feasible=true, active_stations=1
[2026-10-05 04:37:16.736] [info] [candidate.cpp:199] InstancePrecompute: built 25 candidates
[2026-10-05 04:37:16.736] [info] [stationary.cpp:264] NN: cost=60.468090, feasible=true, active_stations=1
[2026-10-05 04:37:16.736] [info] [candidate.cpp:199] InstancePrecompute: built 25 candidates
[2026-10-05 04:37:16.736] [info] [stationary.cpp:264] NN: cost=1175.925453, feasible=true, active_stations=1
[2026-10-05 04:37:16.736] [info] [candidate.cpp:199] InstancePrecompute: built 25 candidates
[2026-10-05 04:37:16.736] [info] [stationary.cpp:264] NN: cost=353.674984, feasible=true, active_stations=1
[2026-10-05 04:37:16.736] [info] [candidate.cpp:199] InstancePrecompute: built 25 candidates
[2026-10-05 04:37:16.736] [info] [stationary.cpp:264] NN: cost=571.862262, feasible=true, active_stations=1
[2026-10-05 04:37:16.736] [info] [candidate.cpp:199] InstancePrecompute: built 25 candidates
[2026-10-05 04:37:16.736] [info] [stationary.cpp:264] NN: cost=681.453886, feasible=true, active_stations=1
[2026-10-05 04:37:16.736] [info] [candidate.cpp:199] InstancePrecompute: built 25 candidates
[2026-10-05 04:37:16.736] [info] [stationary.cpp:264] NN: cost=77.776932, feasible=true, active_stations=1
[2026-10-05 04:37:16.736] [info] [candidate.cpp:199] InstancePrecompute: built 25 candidates
[2026-10-05 04:37:16.736] [info] [stationary.cpp:264] NN: cost=86.256859, feasible=true, active_stations=1
[2026-10-05 04:37:16.736] [info] [candidate.cpp:199] InstancePrecompute: built 25 candidates
[2026-10-05 04:37:16.736] [info] [stationary.cpp:264] NN: cost=36.373267, feasible=true, active_stations=1
[2026-10-05 04:37:16.736] [info] [candidate.cpp:199] InstancePrecompute: built 25 candidates
[2026-10-05 04:37:16.736] [info] [stationary.cpp:264] NN: cost=165.366776, feasible=true, active_stations=1
[2026-10-05 04:37:16.736] [info] [candidate.cpp:199] InstancePrecompute: built 25 candidates
[2026-10-05 04:37:16.736] [info] [stationary.cpp:264] NN: cost=55.611965, feasible=true, active_stations=1
[2026-10-05 04:37:16.736] [info] [candidate.cpp:199] InstancePrecompute: built 25 candidates
[2026-10-05 04:37:16.736] [info] [stationary.cpp:264] NN: cost=18.839601, feasible=true, active_stations=1
[2026-10-05 04:37:16.736] [info] [candidate.cpp:199] InstancePrecompute: built 25 candidates
[2026-10-05 04:37:16.736] [info] [stationary.cpp:264] NN: cost=60.468090, feasible=true, active_stations=1
[2026-10-05 04:37:16.736] [info] [candidate.cpp:199] InstancePrecompute: built 25 candidates
[2026-10-05 04:37:16.736] [info] [stationary.cpp:264] NN: cost=1175.925453, feasible=true, active_stations=1
[2026-10-05 04:37:16.736] [info] [candidate.cpp:199] InstancePrecompute: built 25 candidates
[2026-10-05 04:37:16.736] [info] [stationary.cpp:264] NN: cost=353.674984, feasible=true, active_stations=1
[2026-10-05 04:37:16.736] [info] [candidate.cpp:199] InstancePrecompute: built 25 candidates
[2026-10-05 04:37:16.736] [info] [stationary.cpp:264] NN: cost=571.862262, feasible=true, active_stations=1
[2026-10-05 04:37:16.736] [info] [candidate.cpp:199] InstancePrecompute: built 25 candidates
[2026-10-05 04:37:16.736] [info] [stationary.cpp:264] NN: cost=681.453886, feasible=true, active_stations=1
[2026-10-05 04:37:16.736] [info] [candidate.cpp:199] InstancePrecompute: built 25 candidates
[2026-10-05 04:37:16.736] [info] [stationary.cpp:264] NN: cost=77.776932, feasible=true, active_stations=1
[2026-10-05 04:37:16.736] [info] [candidate.cpp:199] InstancePrecompute: built 25 candidates
[2026-10-05 04:37:16.736] [info] [stationary.cpp:264] NN: cost=86.256859, feasible=true, active_stations=1
[2026-10-05 04:37:16.736] [info] [candidate.cpp:199] InstancePrecompute: built 25 candidates
[2026-10-05 04:37:16.736] [info] [stationary.cpp:264] NN: cost=36.373267, feasible=true, active_stations=1
[2026-10-05 04:37:16.736] [info] [candidate.cpp:199] InstancePrecompute: built 25 candidates
[2026-10-05 04:37:16.736] [info] [stationary.cpp:264] NN: cost=165.366776, feasible=true, active_stations=1
[2026-10-05 04:37:16.736] [info] [candidate.cpp:199] InstancePrecompute: built 25 candidates
[2026-10-05 04:37:16.736] [info] [stationary.cpp:264] NN: cost=55.611965, feasible=true, active_stations=1
[2026-10-05 04:37:16.736] [info] [candidate.cpp:199] InstancePrecompute: built 25 candidates
[2026-10-05 04:37:16.736] [info] [stationary.cpp:264] NN: cost=18.839601, feasible=true, active_stations=1
[2026-10-05 04:37:16.736] [info] [candidate.cpp:199] InstancePrecompute: built 25 candidates
[2026-10-05 04:37:16.736] [info] [stationary.cpp:264] NN: cost=60.468090, feasible=true, active_stations=1
[2026-10-05 04:37:16.736] [info] [candidate.cpp:199] InstancePrecompute: built 25 candidates
[2026-10-05 04:37:16.736] [info] [stationary.cpp:264] NN: cost=1175.925453, feasible=true, active_stations=1
[2026-10-05 04:37:16.736] [info] [candidate.cpp:199] InstancePrecompute: built 25 candidates
[2026-10-05 04:37:16.736] [info] [stationary.cpp:264] NN: cost=353.674984, feasible=true, active_stations=1
[2026-10-05 04:37:16.736] [info] [candidate.cpp:199] InstancePrecompute: built 25 candidates
[2026-10-05 04:37:16.736] [info] [stationary.cpp:264] NN: cost=571.862262, feasible=true, active_stations=1
[2026-10-05 04:37:16.737] [info] [candidate.cpp:199] InstancePrecompute: built 25 candidates
[2026-10-05 04:37:16.737] [info] [stationary.cpp:264] NN: cost=681.453886, feasible=true, active_stations=1
[2026-10-05 04:37:16.737] [info] [candidate.cpp:199] InstancePrecompute: built 25 candidates
[2026-10-05 04:37:16.737] [info] [stationary.cpp:264] NN: cost=77.776932, feasible=true, active_stations=1
[2026-10-05 04:37:16.737] [info] [candidate.cpp:199] InstancePrecompute: built 25 candidates
[2026-10-05 04:37:16.737] [info] [stationary.cpp:264] NN: cost=86.256859, feasible=true, active_stations=1
[2026-10-05 04:37:16.737] [info] [candidate.cpp:199] InstancePrecompute: built 25 candidates
[2026-10-05 04:37:16.737] [info] [stationary.cpp:264] NN: cost=36.373267, feasible=true, active_stations=1
[2026-10-05 04:37:16.737] [info] [candidate.cpp:199] InstancePrecompute: built 25 candidates
[2026-10-05 04:37:16.737] [info] [stationary.cpp:264] NN: cost=165.366776, feasible=true, active_stations=1
[2026-10-05 04:37:16.737] [info] [candidate.cpp:199] InstancePrecompute: built 25 candidates
[2026-10-05 04:37:16.737] [info] [stationary.cpp:264] NN: cost=55.611965, feasible=true, active_stations=1
[2026-10-05 04:37:16.737] [info] [candidate.cpp:199] InstancePrecompute: built 25 candidates
[2026-10-05 04:37:16.737] [info] [stationary.cpp:264] NN: cost=18.839601, feasible=true, active_stations=1
[2026-10-05 04:37:16.737] [info] [candidate.cpp:199] InstancePrecompute: built 25 candidates
[2026-10-05 04:37:16.737] [info] [stationary.cpp:264] NN: cost=60.468090, feasible=true, active_stations=1
[2026-10-05 04:37:16.737] [info] [candidate.cpp:199] InstancePrecompute: built 25 candidates
[2026-10-05 04:37:16.737] [info] [stationary.cpp:264] NN: cost=1175.925453, feasible=true, active_stations=1
[2026-10-05 04:37:16.737] [info] [candidate.cpp:199] InstancePrecompute: built 25 candidates
[2026-10-05 04:37:16.737] [info] [stationary.cpp:264] NN: cost=353.674984, feasible=true, active_stations=1
[2026-10-05 04:37:16.737] [info] [candidate.cpp:199] InstancePrecompute: built 25 candidates
[2026-10-05 04:37:16.737] [info] [stationary.cpp:264] NN: cost=571.862262, feasible=true, active_stations=1
[2026-10-05 04:37:16.737] [info] [candidate.cpp:199] InstancePrecompute: built 25 candidates
[2026-10-05 04:37:16.737] [info] [stationary.cpp:264] NN: cost=681.453886, feasible=true, active_stations=1
[2026-10-05 04:37:16.737] [info] [candidate.cpp:199] InstancePrecompute: built 25 candidates
[2026-10-05 04:37:16.737] [info] [stationary.cpp:264] NN: cost=77.776932, feasible=true, active_stations=1
[2026-10-05 04:37:16.737] [info] [candidate.cpp:199] InstancePrecompute: built 25 candidates
[2026-10-05 04:37:16.737] [info] [stationary.cpp:264] NN: cost=86.256859, feasible=true, active_stations=1
[2026-10-05 04:37:16.737] [info] [candidate.cpp:199] InstancePrecompute: built 25 candidates
[2026-10-05 04:37:16.737] [info] [stationary.cpp:264] NN: cost=36.373267, feasible=true, active_stations=1
[2026-10-05 04:37:16.737] [info] [candidate.cpp:199] InstancePrecompute: built 25 candidates
[2026-10-05 04:37:16.737] [info] [stationary.cpp:264] NN: cost=165.366776, feasible=true, active_stations=1
[2026-10-05 04:37:16.737] [info] [candidate.cpp:199] InstancePrecompute: built 25 candidates
[2026-10-05 04:37:16.737] [info] [stationary.cpp:264] NN: cost=55.611965, feasible=true, active_stations=1
[2026-10-05 04:37:16.737] [info] [candidate.cpp:199] InstancePrecompute: built 25 candidates
[2026-10-05 04:37:16.737] [info] [stationary.cpp:264] NN: cost=18.839601, feasible=true, active_stations=1
[2026-10-05 04:37:16.737] [info] [candidate.cpp:199] InstancePrecompute: built 25 candidates
[2026-10-05 04:37:16.737] [info] [stationary.cpp:264] NN: cost=60.468090, feasible=true, active_stations=1
[2026-10-05 04:37:16.737] [info] [candidate.cpp:199] InstancePrecompute: built 25 candidates
[2026-10-05 04:37:16.737] [info] [stationary.cpp:264] NN: cost=1175.925453, feasible=true, active_stations=1
[2026-10-05 04:37:16.737] [info] [candidate.cpp:199] InstancePrecompute: built 25 candidates
[2026-10-05 04:37:16.737] [info] [stationary.cpp:264] NN: cost=353.674984, feasible=true, active_stations=1
[2026-10-05 04:37:16.737] [info] [candidate.cpp:199] InstancePrecompute: built 25 candidates
[2026-10-05 04:37:16.737] [info] [stationary.cpp:264] NN: cost=571.862262, feasible=true, active_stations=1
[2026-10-05 04:37:16.737] [info] [candidate.cpp:199] InstancePrecompute: built 25 candidates
[2026-10-05 04:37:16.737] [info] [stationary.cpp:264] NN: cost=681.453886, feasible=true, active_stations=1
[2026-10-05 04:37:16.737] [info] [candidate.cpp:199] InstancePrecompute: built 25 candidates
[2026-10-05 04:37:16.737] [info] [stationary.cpp:264] NN: cost=77.776932, feasible=true, active_stations=1
[2026-10-05 04:37:16.737] [info] [candidate.cpp:199] InstancePrecompute: built 25 candidates
[2026-10-05 04:37:16.737] [info] [stationary.cpp:264] NN: cost=86.256859, feasible=true, active_stations=1
[2026-10-05 04:37:16.737] [info] [candidate.cpp:199] InstancePrecompute: built 25 candidates
[2026-10-05 04:37:16.737] [info] [stationary.cpp:264] NN: cost=165.366776, feasible=true, active_stations=1
[2026-10-05 04:37:16.737] [info] [candidate.cpp:199] InstancePrecompute: built 25 candidates
[2026-10-05 04:37:16.737] [info] [stationary.cpp:264] NN: cost=55.611965, feasible=true, active_stations=1
[2026-10-05 04:37:16.737] [info] [candidate.cpp:199] InstancePrecompute: built 25 candidates
[2026-10-05 04:37:16.737] [info] [stationary.cpp:264] NN: cost=18.839601, feasible=true, active_stations=1
[2026-10-05 04:37:16.737] [info] [candidate.cpp:199] InstancePrecompute: built 25 candidates
[2026-10-05 04:37:16.737] [info] [stationary.cpp:264] NN: cost=36.373267, feasible=true, active_stations=1
[2026-10-05 04:37:16.737] [info] [candidate.cpp:199] InstancePrecompute: built 25 candidates
[2026-10-05 04:37:16.737] [info] [stationary.cpp:264] NN: cost=60.468090, feasible=true, active_stations=1
[2026-10-05 04:37:16.737] [info] [candidate.cpp:199] InstancePrecompute: built 25 candidates
[2026-10-05 04:37:16.737] [info] [stationary.cpp:264] NN: cost=1175.925453, feasible=true, active_stations=1
[2026-10-05 04:37:16.737] [info] [candidate.cpp:199] InstancePrecompute: built 25 candidates
[2026-10-05 04:37:16.737] [info] [stationary.cpp:264] NN: cost=353.674984, feasible=true, active_stations=1
[2026-10-05 04:37:16.737] [info] [candidate.cpp:199] InstancePrecompute: built 50 candidates
[2026-10-05 04:37:16.737] [info] [stationary.cpp:264] NN: cost=681.453886, feasible=true, active_stations=1
[2026-10-05 04:37:16.737] [info] [candidate.cpp:199] InstancePrecompute: built 25 candidates
[2026-10-05 04:37:16.737] [info] [stationary.cpp:264] NN: cost=77.776932, feasible=true, active_stations=1
[2026-10-05 04:37:16.737] [info] [candidate.cpp:199] InstancePrecompute: built 25 candidates
[2026-10-05 04:37:16.737] [info] [stationary.cpp:264] NN: cost=86.256859, feasible=true, active_stations=1
[2026-10-05 04:37:16.737] [info] [candidate.cpp:199] InstancePrecompute: built 25 candidates
[2026-10-05 04:37:16.737] [info] [stationary.cpp:264] NN: cost=165.366776, feasible=true, active_stations=1
[2026-10-05 04:37:16.737] [info] [candidate.cpp:199] InstancePrecompute: built 25 candidates
[2026-10-05 04:37:16.737] [info] [stationary.cpp:264] NN: cost=55.611965, feasible=true, active_stations=1
[2026-10-05 04:37:16.737] [info] [candidate.cpp:199] InstancePrecompute: built 50 candidates
[2026-10-05 04:37:16.737] [info] [stationary.cpp:264] NN: cost=55.212868, feasible=true, active_stations=2
[2026-10-05 04:37:16.737] [info] [candidate.cpp:199] InstancePrecompute: built 25 candidates
[2026-10-05 04:37:16.737] [info] [stationary.cpp:264] NN: cost=60.468090, feasible=true, active_stations=1
[2026-10-05 04:37:16.737] [info] [candidate.cpp:199] InstancePrecompute: built 25 candidates
[2026-10-05 04:37:16.737] [info] [stationary.cpp:264] NN: cost=1175.925453, feasible=true, active_stations=1
[2026-10-05 04:37:16.737] [info] [candidate.cpp:199] InstancePrecompute: built 25 candidates
[2026-10-05 04:37:16.737] [info] [stationary.cpp:264] NN: cost=353.674984, feasible=true, active_stations=1
[2026-10-05 04:37:16.737] [info] [candidate.cpp:199] InstancePrecompute: built 25 candidates
[2026-10-05 04:37:16.737] [info] [stationary.cpp:264] NN: cost=571.862262, feasible=true, active_stations=1
[2026-10-05 04:37:16.737] [info] [candidate.cpp:199] InstancePrecompute: built 25 candidates
[2026-10-05 04:37:16.737] [info] [stationary.cpp:264] NN: cost=681.453886, feasible=true, active_stations=1
[2026-10-05 04:37:16.737] [info] [candidate.cpp:199] InstancePrecompute: built 25 candidates
[2026-10-05 04:37:16.737] [info] [stationary.cpp:264] NN: cost=77.776932, feasible=true, active_stations=1
[2026-10-05 04:37:16.737] [info] [candidate.cpp:199] InstancePrecompute: built 25 candidates
[2026-10-05 04:37:16.737] [info] [stationary.cpp:264] NN: cost=86.256859, feasible=true, active_stations=1
[2026-10-05 04:37:16.737] [info] [candidate.cpp:199] InstancePrecompute: built 25 candidates
[2026-10-05 04:37:16.737] [info] [stationary.cpp:264] NN: cost=165.366776, feasible=true, active_stations=1
[2026-10-05 04:37:16.737] [info] [candidate.cpp:199] InstancePrecompute: built 25 candidates
[2026-10-05 04:37:16.737] [info] [stationary.cpp:264] NN: cost=55.611965, feasible=true, active_stations=1
[2026-10-05 04:37:16.737] [info] [candidate.cpp:199] InstancePrecompute: built 50 candidates
[2026-10-05 04:37:16.737] [info] [stationary.cpp:264] NN: cost=55.212868, feasible=true, active_stations=2
[2026-10-05 04:37:16.737] [info] [candidate.cpp:199] InstancePrecompute: built 25 candidates
[2026-10-05 04:37:16.737] [info] [stationary.cpp:264] NN: cost=60.468090, feasible=true, active_stations=1
[2026-10-05 04:37:16.737] [info] [candidate.cpp:199] InstancePrecompute: built 25 candidates
[2026-10-05 04:37:16.737] [info] [stationary.cpp:264] NN: cost=1175.925453, feasible=true, active_stations=1
[2026-10-05 04:37:16.737] [info] [candidate.cpp:199] InstancePrecompute: built 25 candidates
[2026-10-05 04:37:16.737] [info] [stationary.cpp:264] NN: cost=353.674984, feasible=true, active_stations=1
[2026-10-05 04:37:16.737] [info] [candidate.cpp:199] InstancePrecompute: built 25 candidates
[2026-10-05 04:37:16.737] [info] [stationary.cpp:264] NN: cost=571.862262, feasible=true, active_stations=1
[2026-10-05 04:37:16.737] [info] [candidate.cpp:199] InstancePrecompute: built 25 candidates
[2026-10-05 04:37:16.737] [info] [stationary.cpp:264] NN: cost=681.453886, feasible=true, active_stations=1
[2026-10-05 04:37:16.737] [info] [candidate.cpp:199] InstancePrecompute: built 25 candidates
[2026-10-05 04:37:16.737] [info] [stationary.cpp:264] NN: cost=77.776932, feasible=true, active_stations=1
[2026-10-05 04:37:16.737] [info] [candidate.cpp:199] InstancePrecompute: built 25 candidates
[2026-10-05 04:37:16.737] [info] [stationary.cpp:264] NN: cost=86.256859, feasible=true, active_stations=1
[2026-10-05 04:37:16.737] [info] [candidate.cpp:199] InstancePrecompute: built 25 candidates
[2026-10-05 04:37:16.737] [info] [stationary.cpp:264] NN: cost=165.366776, feasible=true, active_stations=1
[2026-10-05 04:37:16.737] [info] [candidate.cpp:199] InstancePrecompute: built 25 candidates
[2026-10-05 04:37:16.737] [info] [stationary.cpp:264] NN: cost=55.611965, feasible=true, active_stations=1
[2026-10-05 04:37:16.737] [info] [candidate.cpp:199] InstancePrecompute: built 50 candidates
[2026-10-05 04:37:16.737] [info] [stationary.cpp:264] NN: cost=55.212868, feasible=true, active_stations=2
[2026-10-05 04:37:16.737] [info] [candidate.cpp:199] InstancePrecompute: built 25 candidates
[2026-10-05 04:37:16.737] [info] [stationary.cpp:264] NN: cost=60.468090, feasible=true, active_stations=1
[2026-10-05 04:37:16.737] [info] [candidate.cpp:199] InstancePrecompute: built 25 candidates
[2026-10-05 04:37:16.737] [info] [stationary.cpp:264] NN: cost=1175.925453, feasible=true, active_stations=1
[2026-10-05 04:37:16.737] [info] [candidate.cpp:199] InstancePrecompute: built 25 candidates
[2026-10-05 04:37:16.737] [info] [stationary.cpp:264] NN: cost=353.674984, feasible=true, active_stations=1
[2026-10-05 04:37:16.737] [info] [candidate.cpp:199] InstancePrecompute: built 25 candidates
[2026-10-05 04:37:16.737] [info] [stationary.cpp:264] NN: cost=571.862262, feasible=true, active_stations=1
[2026-10-05 04:37:16.737] [info] [candidate.cpp:199] InstancePrecompute: built 25 candidates
[2026-10-05 04:37:16.737] [info] [stationary.cpp:264] NN: cost=681.453886, feasible=true, active_stations=1
[2026-10-05 04:37:16.737] [info] [candidate.cpp:199] InstancePrecompute: built 25 candidates
[2026-10-05 04:37:16.737] [info] [stationary.cpp:264] NN: cost=77.776932, feasible=true, active_stations=1
[2026-10-05 04:37:16.737] [info] [candidate.cpp:199] InstancePrecompute: built 25 candidates
[2026-10-05 04:37:16.737] [info] [stationary.cpp:264] NN: cost=86.256859, feasible=true, active_stations=1
[2026-10-05 04:37:16.737] [info] [candidate.cpp:199] InstancePrecompute: built 25 candidates
[2026-10-05 04:37:16.737] [info] [stationary.cpp:264] NN: cost=165.366776, feasible=true, active_stations=1
[2026-10-05 04:37:16.737] [info] [candidate.cpp:199] InstancePrecompute: built 25 candidates
[2026-10-05 04:37:16.737] [info] [stationary.cpp:264] NN: cost=55.611965, feasible=true, active_stations=1
[2026-10-05 04:37:16.737] [info] [candidate.cpp:199] InstancePrecompute: built 25 candidates
[2026-10-05 04:37:16.737] [info] [stationary.cpp:264] NN: cost=18.839601, feasible=true, active_stations=1
[2026-10-05 04:37:16.737] [info] [candidate.cpp:199] InstancePrecompute: built 50 candidates
[2026-10-05 04:37:16.737] [info] [stationary.cpp:264] NN: cost=60.468090, feasible=true, active_stations=1
[2026-10-05 04:37:16.737] [info] [candidate.cpp:199] InstancePrecompute: built 25 candidates
[2026-10-05 04:37:16.737] [info] [stationary.cpp:264] NN: cost=1175.925453, feasible=true, active_stations=1
[2026-10-05 04:37:16.737] [info] [candidate.cpp:199] InstancePrecompute: built 25 candidates
[2026-10-05 04:37:16.737] [info] [stationary.cpp:264] NN: cost=353.674984, feasible=true, active_stations=1
[2026-10-05 04:37:16.737] [info] [candidate.cpp:199] InstancePrecompute: built 25 candidates
[2026-10-05 04:37:16.737] [info] [stationary.cpp:264] NN: cost=571.862262, feasible=true, active_stations=1
[2026-10-05 04:37:16.737] [info] [candidate.cpp:199] InstancePrecompute: built 25 candidates
[2026-10-05 04:37:16.737] [info] [stationary.cpp:264] NN: cost=681.453886, feasible=true, active_stations=1
[2026-10-05 04:37:16.737] [info] [candidate.cpp:199] InstancePrecompute: built 25 candidates
[2026-10-05 04:37:16.737] [info] [stationary.cpp:264] NN: cost=77.776932, feasible=true, active_stations=1
[2026-10-05 04:37:16.737] [info] [candidate.cpp:199] InstancePrecompute: built 25 candidates
[2026-10-05 04:37:16.737] [info] [stationary.cpp:264] NN: cost=86.256859, feasible=true, active_stations=1
[2026-10-05 04:37:16.737] [info] [candidate.cpp:199] InstancePrecompute: built 25 candidates
[2026-10-05 04:37:16.737] [info] [stationary.cpp:264] NN: cost=165.366776, feasible=true, active_stations=1
[2026-10-05 04:37:16.737] [info] [candidate.cpp:199] InstancePrecompute: built 25 candidates
[2026-10-05 04:37:16.737] [info] [stationary.cpp:264] NN: cost=55.611965, feasible=true, active_stations=1
[2026-10-05 04:37:16.737] [info] [candidate.cpp:199] InstancePrecompute: built 25 candidates
[2026-10-05 04:37:16.737] [info] [stationary.cpp:264] NN: cost=18.839601, feasible=true, active_stations=1
[2026-10-05 04:37:16.737] [info] [candidate.cpp:199] InstancePrecompute: built 50 candidates
[2026-10-05 04:37:16.737] [info] [stationary.cpp:264] NN: cost=60.468090, feasible=true, active_stations=1
[2026-10-05 04:37:16.737] [info] [candidate.cpp:199] InstancePrecompute: built 25 candidates
[2026-10-05 04:37:16.737] [info] [stationary.cpp:264] NN: cost=1175.925453, feasible=true, active_stations=1
[2026-10-05 04:37:16.737] [info] [candidate.cpp:199] InstancePrecompute: built 25 candidates
[2026-10-05 04:37:16.737] [info] [stationary.cpp:264] NN: cost=353.674984, feasible=true, active_stations=1
[2026-10-05 04:37:16.737] [info] [candidate.cpp:199] InstancePrecompute: built 25 candidates
[2026-10-05 04:37:16.737] [info] [stationary.cpp:264] NN: cost=571.862262, feasible=true, active_stations=1
[2026-10-05 04:37:16.737] [info] [candidate.cpp:199] InstancePrecompute: built 25 candidates
[2026-10-05 04:37:16.737] [info] [stationary.cpp:264] NN: cost=681.453886, feasible=true, active_stations=1
[2026-10-05 04:37:16.737] [info] [candidate.cpp:199] InstancePrecompute: built 25 candidates
[2026-10-05 04:37:16.737] [info] [stationary.cpp:264] NN: cost=77.776932, feasible=true, active_stations=1
[2026-10-05 04:37:16.737] [info] [candidate.cpp:199] InstancePrecompute: built 25 candidates
[2026-10-05 04:37:16.737] [info] [stationary.cpp:264] NN: cost=86.256859, feasible=true, active_stations=1
[2026-10-05 04:37:16.737] [info] [candidate.cpp:199] InstancePrecompute: built 25 candidates
[2026-10-05 04:37:16.737] [info] [stationary.cpp:264] NN: cost=165.366776, feasible=true, active_stations=1
[2026-10-05 04:37:16.737] [info] [candidate.cpp:199] InstancePrecompute: built 25 candidates
[2026-10-05 04:37:16.737] [info] [stationary.cpp:264] NN: cost=55.611965, feasible=true, active_stations=1
[2026-10-05 04:37:16.737] [info] [candidate.cpp:199] InstancePrecompute: built 25 candidates
[2026-10-05 04:37:16.737] [info] [stationary.cpp:264] NN: cost=18.839601, feasible=true, active_stations=1
[2026-10-05 04:37:16.737] [info] [candidate.cpp:199] InstancePrecompute: built 50 candidates
[2026-10-05 04:37:16.737] [info] [stationary.cpp:264] NN: cost=60.468090, feasible=true, active_stations=1
[2026-10-05 04:37:16.737] [info] [candidate.cpp:199] InstancePrecompute: built 25 candidates
[2026-10-05 04:37:16.737] [info] [stationary.cpp:264] NN: cost=1175.925453, feasible=true, active_stations=1
[2026-10-05 04:37:16.737] [info] [candidate.cpp:199] InstancePrecompute: built 25 candidates
[2026-10-05 04:37:16.737] [info] [stationary.cpp:264] NN: cost=353.674984, feasible=true, active_stations=1
[2026-10-05 04:37:16.737] [info] [candidate.cpp:199] InstancePrecompute: built 25 candidates
[2026-10-05 04:37:16.737] [info] [stationary.cpp:264] NN: cost=571.862262, feasible=true, active_stations=1
[2026-10-05 04:37:16.737] [info] [candidate.cpp:199] InstancePrecompute: built 25 candidates
[2026-10-05 04:37:16.737] [info] [stationary.cpp:264] NN: cost=681.453886, feasible=true, active_stations=1
[2026-10-05 04:37:16.737] [info] [candidate.cpp:199] InstancePrecompute: built 25 candidates
[2026-10-05 04:37:16.737] [info] [stationary.cpp:264] NN: cost=77.776932, feasible=true, active_stations=1
[2026-10-05 04:37:16.737] [info] [candidate.cpp:199] InstancePrecompute: built 25 candidates
[2026-10-05 04:37:16.737] [info] [stationary.cpp:264] NN: cost=86.256859, feasible=true, active_stations=1
[2026-10-05 04:37:16.737] [info] [candidate.cpp:199] InstancePrecompute: built 25 candidates
[2026-10-05 04:37:16.737] [info] [stationary.cpp:264] NN: cost=165.366776, feasible=true, active_stations=1
[2026-10-05 04:37:16.737] [info] [candidate.cpp:199] InstancePrecompute: built 25 candidates
[2026-10-05 04:37:16.737] [info] [stationary.cpp:264] NN: cost=55.611965, feasible=true, active_stations=1
[2026-10-05 04:37:16.737] [info] [candidate.cpp:199] InstancePrecompute: built 25 candidates
[2026-10-05 04:37:16.737] [info] [stationary.cpp:264] NN: cost=18.839601, feasible=true, active_stations=1
[2026-10-05 04:37:16.737] [info] [candidate.cpp:199] InstancePrecompute: built 25 candidates
[2026-10-05 04:37:16.737] [info] [stationary.cpp:264] NN: cost=36.373267, feasible=true, active_stations=1
[2026-10-05 04:37:16.737] [info] [candidate.cpp:199] InstancePrecompute: built 25 candidates
[2026-10-05 04:37:16.737] [info] [stationary.cpp:264] NN: cost=60.468090, feasible=true, active_stations=1
[2026-10-05 04:37:16.737] [info] [candidate.cpp:199] InstancePrecompute: built 25 candidates
[2026-10-05 04:37:16.737] [info] [stationary.cpp:264] NN: cost=1175.925453, feasible=true, active_stations=1
[2026-10-05 04:37:16.737] [info] [candidate.cpp:199] InstancePrecompute: built 25 candidates
[2026-10-05 04:37:16.737] [info] [stationary.cpp:264] NN: cost=353.674984, feasible=true, active_stations=1
[2026-10-05 04:37:16.737] [info] [candidate.cpp:199] InstancePrecompute: built 50 candidates
[2026-10-05 04:37:16.737] [info] [stationary.cpp:264] NN: cost=681.453886, feasible=true, active_stations=1
[2026-10-05 04:37:16.737] [info] [candidate.cpp:199] InstancePrecompute: built 25 candidates
[2026-10-05 04:37:16.737] [info] [stationary.cpp:264] NN: cost=77.776932, feasible=true, active_stations=1
[2026-10-05 04:37:16.737] [info] [candidate.cpp:199] InstancePrecompute: built 25 candidates
[2026-10-05 04:37:16.737] [info] [stationary.cpp:264] NN: cost=86.256859, feasible=true, active_stations=1
[2026-10-05 04:37:16.737] [info] [candidate.cpp:199] InstancePrecompute: built 25 candidates
[2026-10-05 04:37:16.737] [info] [stationary.cpp:264] NN: cost=165.366776, feasible=true, active_stations=1
[2026-10-05 04:37:16.737] [info] [candidate.cpp:199] InstancePrecompute: built 25 candidates
[2026-10-05 04:37:16.737] [info] [stationary.cpp:264] NN: cost=55.611965, feasible=true, active_stations=1
[2026-10-05 04:37:16.737] [info] [candidate.cpp:199] InstancePrecompute: built 50 candidates
[2026-10-05 04:37:16.737] [info] [stationary.cpp:264] NN: cost=55.212868, feasible=true, active_stations=2
[2026-10-05 04:37:16.737] [info] [candidate.cpp:199] InstancePrecompute: built 25 candidates
[2026-10-05 04:37:16.737] [info] [stationary.cpp:264] NN: cost=60.468090, feasible=true, active_stations=1
[2026-10-05 04:37:16.737] [info] [candidate.cpp:199] InstancePrecompute: built 25 candidates
[2026-10-05 04:37:16.737] [info] [stationary.cpp:264] NN: cost=1175.925453, feasible=true, active_stations=1
[2026-10-05 04:37:16.737] [info] [candidate.cpp:199] InstancePrecompute: built 25 candidates
[2026-10-05 04:37:16.737] [info] [stationary.cpp:264] NN: cost=353.674984, feasible=true, active_stations=1
[2026-10-05 04:37:16.737] [info] [candidate.cpp:199] InstancePrecompute: built 25 candidates
[2026-10-05 04:37:16.737] [info] [stationary.cpp:264] NN: cost=571.862262, feasible=true, active_stations=1
[2026-10-05 04:37:16.737] [info] [candidate.cpp:199] InstancePrecompute: built 25 candidates
[2026-10-05 04:37:16.737] [info] [stationary.cpp:264] NN: cost=681.453886, feasible=true, active_stations=1
[2026-10-05 04:37:16.737] [info] [candidate.cpp:199] InstancePrecompute: built 25 candidates
[2026-10-05 04:37:16.737] [info] [stationary.cpp:264] NN: cost=77.776932, feasible=true, active_stations=1
[2026-10-05 04:37:16.737] [info] [candidate.cpp:199] InstancePrecompute: built 25 candidates
[2026-10-05 04:37:16.737] [info] [stationary.cpp:264] NN: cost=86.256859, feasible=true, active_stations=1
[2026-10-05 04:37:16.737] [info] [candidate.cpp:199] InstancePrecompute: built 25 candidates
[2026-10-05 04:37:16.737] [info] [stationary.cpp:264] NN: cost=165.366776, feasible=true, active_stations=1
[2026-10-05 04:37:16.737] [info] [candidate.cpp:199] InstancePrecompute: built 25 candidates
[2026-10-05 04:37:16.737] [info] [stationary.cpp:264] NN: cost=55.611965, feasible=true, active_stations=1
[2026-10-05 04:37:16.737] [info] [candidate.cpp:199] InstancePrecompute: built 50 candidates
[2026-10-05 04:37:16.737] [info] [stationary.cpp:264] NN: cost=55.212868, feasible=true, active_stations=2
[2026-10-05 04:37:16.737] [info] [candidate.cpp:199] InstancePrecompute: built 25 candidates
[2026-10-05 04:37:16.737] [info] [stationary.cpp:264] NN: cost=60.468090, feasible=true, active_stations=1
[2026-10-05 04:37:16.737] [info] [candidate.cpp:199] InstancePrecompute: built 25 candidates
[2026-10-05 04:37:16.737] [info] [stationary.cpp:264] NN: cost=1175.925453, feasible=true, active_stations=1
[2026-10-05 04:37:16.737] [info] [candidate.cpp:199] InstancePrecompute: built 25 candidates
[2026-10-05 04:37:16.737] [info] [stationary.cpp:264] NN: cost=353.674984, feasible=true, active_stations=1
[2026-10-05 04:37:16.737] [info] [candidate.cpp:199] InstancePrecompute: built 25 candidates
[2026-10-05 04:37:16.737] [info] [stationary.cpp:264] NN: cost=571.862262, feasible=true, active_stations=1
[2026-10-05 04:37:16.737] [info] [candidate.cpp:199] InstancePrecompute: built 25 candidates
[2026-10-05 04:37:16.737] [info] [stationary.cpp:264] NN: cost=681.453886, feasible=true, active_stations=1
[2026-10-05 04:37:16.737] [info] [candidate.cpp:199] InstancePrecompute: built 25 candidates
[2026-10-05 04:37:16.737] [info] [stationary.cpp:264] NN: cost=77.776932, feasible=true, active_stations=1
[2026-10-05 04:37:16.737] [info] [candidate.cpp:199] InstancePrecompute: built 25 candidates
[2026-10-05 04:37:16.737] [info] [stationary.cpp:264] NN: cost=86.256859, feasible=true, active_stations=1
[2026-10-05 04:37:16.737] [info] [candidate.cpp:199] InstancePrecompute: built 25 candidates
[2026-10-05 04:37:16.737] [info] [stationary.cpp:264] NN: cost=165.366776, feasible=true, active_stations=1
[2026-10-05 04:37:16.737] [info] [candidate.cpp:199] InstancePrecompute: built 25 candidates
[2026-10-05 04:37:16.737] [info] [stationary.cpp:264] NN: cost=55.611965, feasible=true, active_stations=1
[2026-10-05 04:37:16.737] [info] [candidate.cpp:199] InstancePrecompute: built 50 candidates
[2026-10-05 04:37:16.737] [info] [stationary.cpp:264] NN: cost=55.212868, feasible=true, active_stations=2
[2026-10-05 04:37:16.737] [info] [candidate.cpp:199] InstancePrecompute: built 25 candidates
[2026-10-05 04:37:16.737] [info] [stationary.cpp:264] NN: cost=60.468090, feasible=true, active_stations=1
[2026-10-05 04:37:16.737] [info] [candidate.cpp:199] InstancePrecompute: built 25 candidates
[2026-10-05 04:37:16.737] [info] [stationary.cpp:264] NN: cost=1175.925453, feasible=true, active_stations=1
[2026-10-05 04:37:16.737] [info] [candidate.cpp:199] InstancePrecompute: built 25 candidates
[2026-10-05 04:37:16.737] [info] [stationary.cpp:264] NN: cost=353.674984, feasible=true, active_stations=1
[2026-10-05 04:37:16.737] [info] [candidate.cpp:199] InstancePrecompute: built 25 candidates
[2026-10-05 04:37:16.737] [info] [stationary.cpp:264] NN: cost=571.862262, feasible=true, active_stations=1
[2026-10-05 04:37:16.737] [info] [candidate.cpp:199] InstancePrecompute: built 25 candidates
[2026-10-05 04:37:16.737] [info] [stationary.cpp:264] NN: cost=681.453886, feasible=true, active_stations=1
[2026-10-05 04:37:16.737] [info] [candidate.cpp:199] InstancePrecompute: built 25 candidates
[2026-10-05 04:37:16.737] [info] [stationary.cpp:264] NN: cost=77.776932, feasible=true, active_stations=1
[2026-10-05 04:37:16.737] [info] [candidate.cpp:199] InstancePrecompute: built 25 candidates
[2026-10-05 04:37:16.737] [info] [stationary.cpp:264] NN: cost=86.256859, feasible=true, active_stations=1
[2026-10-05 04:37:16.737] [info] [candidate.cpp:199] InstancePrecompute: built 25 candidates
[2026-10-05 04:37:16.737] [info] [stationary.cpp:264] NN: cost=165.366776, feasible=true, active_stations=1
[2026-10-05 04:37:16.737] [info] [candidate.cpp:199] InstancePrecompute: built 25 candidates
[2026-10-05 04:37:16.738] [info] [stationary.cpp:264] NN: cost=55.611965, feasible=true, active_stations=1
[2026-10-05 04:37:16.738] [info] [candidate.cpp:199] InstancePrecompute: built 25 candidates
[2026-10-05 04:37:16.738] [info] [stationary.cpp:264] NN: cost=18.839601, feasible=true, active_stations=1
[2026-10-05 04:37:16.738] [info] [candidate.cpp:199] InstancePrecompute: built 50 candidates
[2026-10-05 04:37:16.738] [info] [stationary.cpp:264] NN: cost=60.468090, feasible=true, active_stations=1
[2026-10-05 04:37:16.738] [info] [candidate.cpp:199] InstancePrecompute: built 25 candidates
[2026-10-05 04:37:16.738] [info] [stationary.cpp:264] NN: cost=1175.925453, feasible=true, active_stations=1
[2026-10-05 04:37:16.738] [info] [candidate.cpp:199] InstancePrecompute: built 25 candidates
[2026-10-05 04:37:16.738] [info] [stationary.cpp:264] NN: cost=353.674984, feasible=true, active_stations=1
[2026-10-05 04:37:16.738] [info] [candidate.cpp:199] InstancePrecompute: built 25 candidates
[2026-10-05 04:37:16.738] [info] [stationary.cpp:264] NN: cost=571.862262, feasible=true, active_stations=1
[2026-10-05 04:37:16.738] [info] [candidate.cpp:199] InstancePrecompute: built 25 candidates
[2026-10-05 04:37:16.738] [info] [stationary.cpp:264] NN: cost=681.453886, feasible=true, active_stations=1
[2026-10-05 04:37:16.738] [info] [candidate.cpp:199] InstancePrecompute: built 25 candidates
[2026-10-05 04:37:16.738] [info] [stationary.cpp:264] NN: cost=77.776932, feasible=true, active_stations=1
[2026-10-05 04:37:16.738] [info] [candidate.cpp:199] InstancePrecompute: built 25 candidates
[2026-10-05 04:37:16.738] [info] [stationary.cpp:264] NN: cost=86.256859, feasible=true, active_stations=1
[2026-10-05 04:37:16.738] [info] [candidate.cpp:199] InstancePrecompute: built 25 candidates
[2026-10-05 04:37:16.738] [info] [stationary.cpp:264] NN: cost=165.366776, feasible=true, active_stations=1
[2026-10-05 04:37:16.738] [info] [candidate.cpp:199] InstancePrecompute: built 25 candidates
[2026-10-05 04:37:16.738] [info] [stationary.cpp:264] NN: cost=55.611965, feasible=true, active_stations=1
[2026-10-05 04:37:16.738] [info] [candidate.cpp:199] InstancePrecompute: built 25 candidates
[2026-10-05 04:37:16.738] [info] [stationary.cpp:264] NN: cost=18.839601, feasible=true, active_stations=1
[2026-10-05 04:37:16.738] [info] [candidate.cpp:199] InstancePrecompute: built 50 candidates
[2026-10-05 04:37:16.738] [info] [stationary.cpp:264] NN: cost=60.468090, feasible=true, active_stations=1
[2026-10-05 04:37:16.738] [info] [candidate.cpp:199] InstancePrecompute: built 25 candidates
[2026-10-05 04:37:16.738] [info] [stationary.cpp:264] NN: cost=1175.925453, feasible=true, active_stations=1
[2026-10-05 04:37:16.738] [info] [candidate.cpp:199] InstancePrecompute: built 25 candidates
[2026-10-05 04:37:16.738] [info] [stationary.cpp:264] NN: cost=353.674984, feasible=true, active_stations=1
[2026-10-05 04:37:16.738] [info] [candidate.cpp:199] InstancePrecompute: built 25 candidates
[2026-10-05 04:37:16.738] [info] [stationary.cpp:264] NN: cost=571.862262, feasible=true, active_stations=1
[2026-10-05 04:37:16.738] [info] [candidate.cpp:199] InstancePrecompute: built 25 candidates
[2026-10-05 04:37:16.738] [info] [stationary.cpp:264] NN: cost=681.453886, feasible=true, active_stations=1
[2026-10-05 04:37:16.738] [info] [candidate.cpp:199] InstancePrecompute: built 25 candidates
[2026-10-05 04:37:16.738] [info] [stationary.cpp:264] NN: cost=77.776932, feasible=true, active_stations=1
[2026-10-05 04:37:16.738] [info] [candidate.cpp:199] InstancePrecompute: built 25 candidates
[2026-10-05 04:37:16.738] [info] [stationary.cpp:264] NN: cost=86.256859, feasible=true, active_stations=1
[2026-10-05 04:37:16.738] [info] [candidate.cpp:199] InstancePrecompute: built 25 candidates
[2026-10-05 04:37:16.738] [info] [stationary.cpp:264] NN: cost=165.366776, feasible=true, active_stations=1
[2026-10-05 04:37:16.738] [info] [candidate.cpp:199] InstancePrecompute: built 25 candidates
[2026-10-05 04:37:16.738] [info] [stationary.cpp:264] NN: cost=55.611965, feasible=true, active_stations=1
[2026-10-05 04:37:16.738] [info] [candidate.cpp:199] InstancePrecompute: built 25 candidates
[2026-10-05 04:37:16.738] [info] [stationary.cpp:264] NN: cost=18.839601, feasible=true, active_stations=1
[2026-10-05 04:37:16.738] [info] [candidate.cpp:199] InstancePrecompute: built 50 candidates
[2026-10-05 04:37:16.738] [info] [stationary.cpp:264] NN: cost=60.468090, feasible=true, active_stations=1
[2026-10-05 04:37:16.738] [info] [candidate.cpp:199] InstancePrecompute: built 25 candidates
[2026-10-05 04:37:16.738] [info] [stationary.cpp:264] NN: cost=1175.925453, feasible=true, active_stations=1
[2026-10-05 04:37:16.738] [info] [candidate.cpp:199] InstancePrecompute: built 25 candidates
[2026-10-05 04:37:16.738] [info] [stationary.cpp:264] NN: cost=353.674984, feasible=true, active_stations=1
[2026-10-05 04:37:16.738] [info] [candidate.cpp:199] InstancePrecompute: built 25 candidates
[2026-10-05 04:37:16.738] [info] [stationary.cpp:264] NN: cost=571.862262, feasible=true, active_stations=1
[2026-10-05 04:37:16.738] [info] [candidate.cpp:199] InstancePrecompute: built 25 candidates
[2026-10-05 04:37:16.738] [info] [stationary.cpp:264] NN: cost=681.453886, feasible=true, active_stations=1
[2026-10-05 04:37:16.738] [info] [candidate.cpp:199] InstancePrecompute: built 25 candidates
[2026-10-05 04:37:16.738] [info] [stationary.cpp:264] NN: cost=77.776932, feasible=true, active_stations=1
[2026-10-05 04:37:16.738] [info] [candidate.cpp:199] InstancePrecompute: built 25 candidates
[2026-10-05 04:37:16.738] [info] [stationary.cpp:264] NN: cost=86.256859, feasible=true, active_stations=1
[2026-10-05 04:37:16.738] [info] [candidate.cpp:199] InstancePrecompute: built 25 candidates
[2026-10-05 04:37:16.738] [info] [stationary.cpp:264] NN: cost=165.366776, feasible=true, active_stations=1
[2026-10-05 04:37:16.738] [info] [candidate.cpp:199] InstancePrecompute: built 25 candidates
[2026-10-05 04:37:16.738] [info] [stationary.cpp:264] NN: cost=55.611965, feasible=true, active_stations=1
[2026-10-05 04:37:16.738] [info] [candidate.cpp:199] InstancePrecompute: built 25 candidates
[2026-10-05 04:37:16.738] [info] [stationary.cpp:264] NN: cost=18.839601, feasible=true, active_stations=1
[2026-10-05 04:37:16.738] [info] [candidate.cpp:199] InstancePrecompute: built 25 candidates
[2026-10-05 04:37:16.738] [info] [stationary.cpp:264] NN: cost=36.373267, feasible=true, active_stations=1
[2026-10-05 04:37:16.738] [info] [candidate.cpp:199] InstancePrecompute: built 25 candidates
[2026-10-05 04:37:16.738] [info] [stationary.cpp:264] NN: cost=60.468090, feasible=true, active_stations=1
[2026-10-05 04:37:16.738] [info] [candidate.cpp:199] InstancePrecompute: built 25 candidates
[2026-10-05 04:37:16.738] [info] [stationary.cpp:264] NN: cost=1175.925453, feasible=true, active_stations=1
[2026-10-05 04:37:16.738] [info] [candidate.cpp:199] InstancePrecompute: built 25 candidates
[2026-10-05 04:37:16.738] [info] [stationary.cpp:264] NN: cost=353.674984, feasible=true, active_stations=1
[2026-10-05 04:37:16.738] [info] [candidate.cpp:199] InstancePrecompute: built 50 candidates
[2026-10-05 04:37:16.738] [info] [stationary.cpp:264] NN: cost=681.453886, feasible=true, active_stations=1
[2026-10-05 04:37:16.738] [info] [candidate.cpp:199] InstancePrecompute: built 25 candidates
[2026-10-05 04:37:16.738] [info] [stationary.cpp:264] NN: cost=77.776932, feasible=true, active_stations=1
[2026-10-05 04:37:16.738] [info] [candidate.cpp:199] InstancePrecompute: built 25 candidates
[2026-10-05 04:37:16.738] [info] [stationary.cpp:264] NN: cost=86.256859, feasible=true, active_stations=1
[2026-10-05 04:37:16.738] [info] [candidate.cpp:199] InstancePrecompute: built 25 candidates
[2026-10-05 04:37:16.738] [info] [stationary.cpp:264] NN: cost=165.366776, feasible=true, active_stations=1
[2026-10-05 04:37:16.738] [info] [candidate.cpp:199] InstancePrecompute: built 25 candidates
[2026-10-05 04:37:16.738] [info] [stationary.cpp:264] NN: cost=55.611965, feasible=true, active_stations=1
[2026-10-05 04:37:16.738] [info] [candidate.cpp:199] InstancePrecompute: built 50 candidates
[2026-10-05 04:37:16.738] [info] [stationary.cpp:264] NN: cost=55.212868, feasible=true, active_stations=2
[2026-10-05 04:37:16.738] [info] [candidate.cpp:199] InstancePrecompute: built 25 candidates
[2026-10-05 04:37:16.738] [info] [stationary.cpp:264] NN: cost=60.468090, feasible=true, active_stations=1
[2026-10-05 04:37:16.738] [info] [candidate.cpp:199] InstancePrecompute: built 25 candidates
[2026-10-05 04:37:16.738] [info] [stationary.cpp:264] NN: cost=1175.925453, feasible=true, active_stations=1
[2026-10-05 04:37:16.738] [info] [candidate.cpp:199] InstancePrecompute: built 25 candidates
[2026-10-05 04:37:16.738] [info] [stationary.cpp:264] NN: cost=353.674984, feasible=true, active_stations=1
[2026-10-05 04:37:16.738] [info] [candidate.cpp:199] InstancePrecompute: built 25 candidates
[2026-10-05 04:37:16.738] [info] [stationary.cpp:264] NN: cost=571.862262, feasible=true, active_stations=1
[2026-10-05 04:37:16.738] [info] [candidate.cpp:199] InstancePrecompute: built 25 candidates
[2026-10-05 04:37:16.738] [info] [stationary.cpp:264] NN: cost=681.453886, feasible=true, active_stations=1
[2026-10-05 04:37:16.738] [info] [candidate.cpp:199] InstancePrecompute: built 25 candidates
[2026-10-05 04:37:16.738] [info] [stationary.cpp:264] NN: cost=77.776932, feasible=true, active_stations=1
[2026-10-05 04:37:16.738] [info] [candidate.cpp:199] InstancePrecompute: built 25 candidates
[2026-10-05 04:37:16.738] [info] [stationary.cpp:264] NN: cost=86.256859, feasible=true, active_stations=1
[2026-10-05 04:37:16.738] [info] [candidate.cpp:199] InstancePrecompute: built 25 candidates
[2026-10-05 04:37:16.738] [info] [stationary.cpp:264] NN: cost=165.366776, feasible=true, active_stations=1
[2026-10-05 04:37:16.738] [info] [candidate.cpp:199] InstancePrecompute: built 25 candidates
[2026-10-05 04:37:16.738] [info] [stationary.cpp:264] NN: cost=55.611965, feasible=true, active_stations=1
[2026-10-05 04:37:16.738] [info] [candidate.cpp:199] InstancePrecompute: built 50 candidates
[2026-10-05 04:37:16.738] [info] [stationary.cpp:264] NN: cost=55.212868, feasible=true, active_stations=2
[2026-10-05 04:37:16.738] [info] [candidate.cpp:199] InstancePrecompute: built 25 candidates
[2026-10-05 04:37:16.738] [info] [stationary.cpp:264] NN: cost=60.468090, feasible=true, active_stations=1
[2026-10-05 04:37:16.738] [info] [candidate.cpp:199] InstancePrecompute: built 25 candidates
[2026-10-05 04:37:16.738] [info] [stationary.cpp:264] NN: cost=1175.925453, feasible=true, active_stations=1
[2026-10-05 04:37:16.738] [info] [candidate.cpp:199] InstancePrecompute: built 25 candidates
[2026-10-05 04:37:16.738] [info] [stationary.cpp:264] NN: cost=353.674984, feasible=true, active_stations=1
[2026-10-05 04:37:16.738] [info] [candidate.cpp:199] InstancePrecompute: built 25 candidates
[2026-10-05 04:37:16.738] [info] [stationary.cpp:264] NN: cost=571.862262, feasible=true, active_stations=1
[2026-10-05 04:37:16.738] [info] [candidate.cpp:199] InstancePrecompute: built 25 candidates
[2026-10-05 04:37:16.738] [info] [stationary.cpp:264] NN: cost=681.453886, feasible=true, active_stations=1
[2026-10-05 04:37:16.738] [info] [candidate.cpp:199] InstancePrecompute: built 25 candidates
[2026-10-05 04:37:16.738] [info] [stationary.cpp:264] NN: cost=77.776932, feasible=true, active_stations=1
[2026-10-05 04:37:16.738] [info] [candidate.cpp:199] InstancePrecompute: built 25 candidates
[2026-10-05 04:37:16.738] [info] [stationary.cpp:264] NN: cost=86.256859, feasible=true, active_stations=1
[2026-10-05 04:37:16.738] [info] [candidate.cpp:199] InstancePrecompute: built 25 candidates
[2026-10-05 04:37:16.738] [info] [stationary.cpp:264] NN: cost=165.366776, feasible=true, active_stations=1
[2026-10-05 04:37:16.738] [info] [candidate.cpp:199] InstancePrecompute: built 25 candidates
[2026-10-05 04:37:16.738] [info] [stationary.cpp:264] NN: cost=55.611965, feasible=true, active_stations=1
[2026-10-05 04:37:16.738] [info] [candidate.cpp:199] InstancePrecompute: built 50 candidates
[2026-10-05 04:37:16.738] [info] [stationary.cpp:264] NN: cost=55.212868, feasible=true, active_stations=2
[2026-10-05 04:37:16.738] [info] [candidate.cpp:199] InstancePrecompute: built 25 candidates
[2026-10-05 04:37:16.738] [info] [stationary.cpp:264] NN: cost=60.468090, feasible=true, active_stations=1
[2026-10-05 04:37:16.738] [info] [candidate.cpp:199] InstancePrecompute: built 25 candidates
[2026-10-05 04:37:16.738] [info] [stationary.cpp:264] NN: cost=1175.925453, feasible=true, active_stations=1
[2026-10-05 04:37:16.738] [info] [candidate.cpp:199] InstancePrecompute: built 25 candidates
[2026-10-05 04:37:16.738] [info] [stationary.cpp:264] NN: cost=353.674984, feasible=true, active_stations=1
[2026-10-05 04:37:16.738] [info] [candidate.cpp:199] InstancePrecompute: built 25 candidates
[2026-10-05 04:37:16.738] [info] [stationary.cpp:264] NN: cost=571.862262, feasible=true, active_stations=1
[2026-10-05 04:37:16.738] [info] [candidate.cpp:199] InstancePrecompute: built 25 candidates
[2026-10-05 04:37:16.738] [info] [stationary.cpp:264] NN: cost=681.453886, feasible=true, active_stations=1
[2026-10-05 04:37:16.738] [info] [candidate.cpp:199] InstancePrecompute: built 25 candidates
[2026-10-05 04:37:16.738] [info] [stationary.cpp:264] NN: cost=77.776932, feasible=true, active_stations=1
[2026-10-05 04:37:16.738] [info] [candidate.cpp:199] InstancePrecompute: built 25 candidates
[2026-10-05 04:37:16.738] [info] [stationary.cpp:264] NN: cost=86.256859, feasible=true, active_stations=1
[2026-10-05 04:37:16.738] [info] [candidate.cpp:199] InstancePrecompute: built 25 candidates
[2026-10-05 04:37:16.738] [info] [stationary.cpp:264] NN: cost=165.366776, feasible=true, active_stations=1
[2026-10-05 04:37:16.738] [info] [candidate.cpp:199] InstancePrecompute: built 25 candidates
[2026-10-05 04:37:16.738] [info] [stationary.cpp:264] NN: cost=55.611965, feasible=true, active_stations=1
[2026-10-05 04:37:16.738] [info] [candidate.cpp:199] InstancePrecompute: built 25 candidates
[2026-10-05 04:37:16.738] [info] [stationary.cpp:264] NN: cost=18.839601, feasible=true, active_stations=1
[2026-10-05 04:37:16.738] [info] [candidate.cpp:199] InstancePrecompute: built 50 candidates
[2026-10-05 04:37:16.738] [info] [stationary.cpp:264] NN: cost=60.468090, feasible=true, active_stations=1
[2026-10-05 04:37:16.738] [info] [candidate.cpp:199] InstancePrecompute: built 25 candidates
[2026-10-05 04:37:16.738] [info] [stationary.cpp:264] NN: cost=1175.925453, feasible=true, active_stations=1
[2026-10-05 04:37:16.738] [info] [candidate.cpp:199] InstancePrecompute: built 25 candidates
[2026-10-05 04:37:16.738] [info] [stationary.cpp:264] NN: cost=353.674984, feasible=true, active_stations=1
[2026-10-05 04:37:16.738] [info] [candidate.cpp:199] InstancePrecompute: built 25 candidates
[2026-10-05 04:37:16.738] [info] [stationary.cpp:264] NN: cost=571.862262, feasible=true, active_stations=1
[2026-10-05 04:37:16.738] [info] [candidate.cpp:199] InstancePrecompute: built 25 candidates
[2026-10-05 04:37:16.738] [info] [stationary.cpp:264] NN: cost=681.453886, feasible=true, active_stations=1
[2026-10-05 04:37:16.738] [info] [candidate.cpp:199] InstancePrecompute: built 25 candidates
[2026-10-05 04:37:16.738] [info] [stationary.cpp:264] NN: cost=77.776932, feasible=true, active_stations=1
[2026-10-05 04:37:16.738] [info] [candidate.cpp:199] InstancePrecompute: built 25 candidates
[2026-10-05 04:37:16.738] [info] [stationary.cpp:264] NN: cost=86.256859, feasible=true, active_stations=1
[2026-10-05 04:37:16.738] [info] [candidate.cpp:199] InstancePrecompute: built 25 candidates
[2026-10-05 04:37:16.738] [info] [stationary.cpp:264] NN: cost=165.366776, feasible=true, active_stations=1
[2026-10-05 04:37:16.738] [info] [candidate.cpp:199] InstancePrecompute: built 25 candidates
[2026-10-05 04:37:16.738] [info] [stationary.cpp:264] NN: cost=55.611965, feasible=true, active_stations=1
[2026-10-05 04:37:16.738] [info] [candidate.cpp:199] InstancePrecompute: built 25 candidates
[2026-10-05 04:37:16.738] [info] [stationary.cpp:264] NN: cost=18.839601, feasible=true, active_stations=1
[2026-10-05 04:37:16.738] [info] [candidate.cpp:199] InstancePrecompute: built 50 candidates
[2026-10-05 04:37:16.738] [info] [stationary.cpp:264] NN: cost=60.468090, feasible=true, active_stations=1
[2026-10-05 04:37:16.738] [info] [candidate.cpp:199] InstancePrecompute: built 25 candidates
[2026-10-05 04:37:16.738] [info] [stationary.cpp:264] NN: cost=1175.925453, feasible=true, active_stations=1
[2026-10-05 04:37:16.738] [info] [candidate.cpp:199] InstancePrecompute: built 25 candidates
[2026-10-05 04:37:16.738] [info] [stationary.cpp:264] NN: cost=353.674984, feasible=true, active_stations=1
[2026-10-05 04:37:16.738] [info] [candidate.cpp:199] InstancePrecompute: built 25 candidates
[2026-10-05 04:37:16.738] [info] [stationary.cpp:264] NN: cost=571.862262, feasible=true, active_stations=1
[2026-10-05 04:37:16.738] [info] [candidate.cpp:199] InstancePrecompute: built 25 candidates
[2026-10-05 04:37:16.738] [info] [stationary.cpp:264] NN: cost=681.453886, feasible=true, active_stations=1
[2026-10-05 04:37:16.738] [info] [candidate.cpp:199] InstancePrecompute: built 25 candidates
[2026-10-05 04:37:16.738] [info] [stationary.cpp:264] NN: cost=77.776932, feasible=true, active_stations=1
[2026-10-05 04:37:16.738] [info] [candidate.cpp:199] InstancePrecompute: built 25 candidates
[2026-10-05 04:37:16.738] [info] [stationary.cpp:264] NN: cost=86.256859, feasible=true, active_stations=1
[2026-10-05 04:37:16.738] [info] [candidate.cpp:199] InstancePrecompute: built 25 candidates
[2026-10-05 04:37:16.738] [info] [stationary.cpp:264] NN: cost=165.366776, feasible=true, active_stations=1
[2026-10-05 04:37:16.738] [info] [candidate.cpp:199] InstancePrecompute: built 25 candidates
[2026-10-05 04:37:16.738] [info] [stationary.cpp:264] NN: cost=55.611965, feasible=true, active_stations=1
[2026-10-05 04:37:16.738] [info] [candidate.cpp:199] InstancePrecompute: built 25 candidates
[2026-10-05 04:37:16.738] [info] [stationary.cpp:264] NN: cost=18.839601, feasible=true, active_stations=1
[2026-10-05 04:37:16.738] [info] [candidate.cpp:199] InstancePrecompute: built 50 candidates
[2026-10-05 04:37:16.738] [info] [stationary.cpp:264] NN: cost=60.468090, feasible=true, active_stations=1
[2026-10-05 04:37:16.738] [info] [candidate.cpp:199] InstancePrecompute: built 25 candidates
[2026-10-05 04:37:16.738] [info] [stationary.cpp:264] NN: cost=1175.925453, feasible=true, active_stations=1
[2026-10-05 04:37:16.738] [info] [candidate.cpp:199] InstancePrecompute: built 25 candidates
[2026-10-05 04:37:16.738] [info] [stationary.cpp:264] NN: cost=353.674984, feasible=true, active_stations=1
[2026-10-05 04:37:16.738] [info] [candidate.cpp:199] InstancePrecompute: built 25 candidates
[2026-10-05 04:37:16.738] [info] [stationary.cpp:264] NN: cost=571.862262, feasible=true, active_stations=1
[2026-10-05 04:37:16.738] [info] [candidate.cpp:199] InstancePrecompute: built 25 candidates
[2026-10-05 04:37:16.738] [info] [stationary.cpp:264] NN: cost=681.453886, feasible=true, active_stations=1
[2026-10-05 04:37:16.738] [info] [candidate.cpp:199] InstancePrecompute: built 25 candidates
[2026-10-05 04:37:16.738] [info] [stationary.cpp:264] NN: cost=77.776932, feasible=true, active_stations=1
[2026-10-05 04:37:16.738] [info] [candidate.cpp:199] InstancePrecompute: built 25 candidates
[2026-10-05 04:37:16.738] [info] [stationary.cpp:264] NN: cost=86.256859, feasible=true, active_stations=1
[2026-10-05 04:37:16.738] [info] [candidate.cpp:199] InstancePrecompute: built 25 candidates
[2026-10-05 04:37:16.738] [info] [stationary.cpp:264] NN: cost=165.366776, feasible=true, active_stations=1
[2026-10-05 04:37:16.738] [info] [candidate.cpp:199] InstancePrecompute: built 25 candidates
[2026-10-05 04:37:16.738] [info] [stationary.cpp:264] NN: cost=55.611965, feasible=true, active_stations=1
[2026-10-05 04:37:16.738] [info] [candidate.cpp:199] InstancePrecompute: built 25 candidates
[2026-10-05 04:37:16.738] [info] [stationary.cpp:264] NN: cost=36.373267, feasible=true, active_stations=1
[2026-10-05 04:37:16.738] [info] [candidate.cpp:199] InstancePrecompute: built 25 candidates
[2026-10-05 04:37:16.738] [info] [stationary.cpp:264] NN: cost=60.468090, feasible=true, active_stations=1
[2026-10-05 04:37:16.738] [info] [candidate.cpp:199] InstancePrecompute: built 25 candidates
[2026-10-05 04:37:16.738] [info] [stationary.cpp:264] NN: cost=18.839601, feasible=true, active_stations=1
[2026-10-05 04:37:16.738] [info] [candidate.cpp:199] InstancePrecompute: built 25 candidates
[2026-10-05 04:37:16.738] [info] [stationary.cpp:264] NN: cost=1175.925453, feasible=true, active_stations=1
[2026-10-05 04:37:16.738] [info] [candidate.cpp:199] InstancePrecompute: built 25 candidates
[2026-10-05 04:37:16.738] [info] [stationary.cpp:264] NN: cost=353.674984, feasible=true, active_stations=1
[2026-10-05 04:37:16.738] [info] [candidate.cpp:199] InstancePrecompute: built 25 candidates
[2026-10-05 04:37:16.738] [info] [stationary.cpp:264] NN: cost=571.862262, feasible=true, active_stations=1
[2026-10-05 04:37:16.738] [info] [candidate.cpp:199] InstancePrecompute: built 25 candidates
[2026-10-05 04:37:16.738] [info] [stationary.cpp:264] NN: cost=681.453886, feasible=true, active_stations=1
[2026-10-05 04:37:16.738] [info] [candidate.cpp:199] InstancePrecompute: built 25 candidates
[2026-10-05 04:37:16.738] [info] [stationary.cpp:264] NN: cost=77.776932, feasible=true, active_stations=1
[2026-10-05 04:37:16.738] [info] [candidate.cpp:199] InstancePrecompute: built 25 candidates
[2026-10-05 04:37:16.738] [info] [stationary.cpp:264] NN: cost=86.256859, feasible=true, active_stations=1
[2026-10-05 04:37:16.738] [info] [candidate.cpp:199] InstancePrecompute: built 25 candidates
[2026-10-05 04:37:16.738] [info] [stationary.cpp:264] NN: cost=165.366776, feasible=true, active_stations=1
[2026-10-05 04:37:16.738] [info] [candidate.cpp:199] InstancePrecompute: built 25 candidates
[2026-10-05 04:37:16.738] [info] [stationary.cpp:264] NN: cost=55.611965, feasible=true, active_stations=1
[2026-10-05 04:37:16.738] [info] [candidate.cpp:199] InstancePrecompute: built 25 candidates
[2026-10-05 04:37:16.738] [info] [stationary.cpp:264] NN: cost=36.373267, feasible=true, active_stations=1
[2026-10-05 04:37:16.738] [info] [candidate.cpp:199] InstancePrecompute: built 25 candidates
[2026-10-05 04:37:16.738] [info] [stationary.cpp:264] NN: cost=60.468090, feasible=true, active_stations=1
[2026-10-05 04:37:16.738] [info] [candidate.cpp:199] InstancePrecompute: built 25 candidates
[2026-10-05 04:37:16.738] [info] [stationary.cpp:264] NN: cost=18.839601, feasible=true, active_stations=1
[2026-10-05 04:37:16.738] [info] [candidate.cpp:199] InstancePrecompute: built 25 candidates
[2026-10-05 04:37:16.738] [info] [stationary.cpp:264] NN: cost=1175.925453, feasible=true, active_stations=1
[2026-10-05 04:37:16.738] [info] [candidate.cpp:199] InstancePrecompute: built 25 candidates
[2026-10-05 04:37:16.738] [info] [stationary.cpp:264] NN: cost=353.674984, feasible=true, active_stations=1
[2026-10-05 04:37:16.738] [info] [candidate.cpp:199] InstancePrecompute: built 25 candidates
[2026-10-05 04:37:16.738] [info] [stationary.cpp:264] NN: cost=571.862262, feasible=true, active_stations=1
[2026-10-05 04:37:16.738] [info] [candidate.cpp:199] InstancePrecompute: built 25 candidates
[2026-10-05 04:37:16.738] [info] [stationary.cpp:264] NN: cost=681.453886, feasible=true, active_stations=1
[2026-10-05 04:37:16.738] [info] [candidate.cpp:199] InstancePrecompute: built 25 candidates
[2026-10-05 04:37:16.738] [info] [stationary.cpp:264] NN: cost=77.776932, feasible=true, active_stations=1
[2026-10-05 04:37:16.738] [info] [candidate.cpp:199] InstancePrecompute: built 25 candidates
[2026-10-05 04:37:16.738] [info] [stationary.cpp:264] NN: cost=86.256859, feasible=true, active_stations=1
[2026-10-05 04:37:16.738] [info] [candidate.cpp:199] InstancePrecompute: built 25 candidates
[2026-10-05 04:37:16.738] [info] [stationary.cpp:264] NN: cost=165.366776, feasible=true, active_stations=1
[2026-10-05 04:37:16.738] [info] [candidate.cpp:199] InstancePrecompute: built 25 candidates
[2026-10-05 04:37:16.738] [info] [stationary.cpp:264] NN: cost=55.611965, feasible=true, active_stations=1
[2026-10-05 04:37:16.738] [info] [candidate.cpp:199] InstancePrecompute: built 25 candidates
[2026-10-05 04:37:16.738] [info] [stationary.cpp:264] NN: cost=36.373267, feasible=true, active_stations=1
[2026-10-05 04:37:16.738] [info] [candidate.cpp:199] InstancePrecompute: built 25 candidates
[2026-10-05 04:37:16.738] [info] [stationary.cpp:264] NN: cost=60.468090, feasible=true, active_stations=1
[2026-10-05 04:37:16.738] [info] [candidate.cpp:199] InstancePrecompute: built 25 candidates
[2026-10-05 04:37:16.738] [info] [stationary.cpp:264] NN: cost=18.839601, feasible=true, active_stations=1
[2026-10-05 04:37:16.738] [info] [candidate.cpp:199] InstancePrecompute: built 25 candidates
[2026-10-05 04:37:16.738] [info] [stationary.cpp:264] NN: cost=1175.925453, feasible=true, active_stations=1
[2026-10-05 04:37:16.738] [info] [candidate.cpp:199] InstancePrecompute: built 25 candidates
[2026-10-05 04:37:16.738] [info] [stationary.cpp:264] NN: cost=353.674984, feasible=true, active_stations=1
[2026-10-05 04:37:16.738] [info] [candidate.cpp:199] InstancePrecompute: built 25 candidates
[2026-10-05 04:37:16.738] [info] [stationary.cpp:264] NN: cost=571.862262, feasible=true, active_stations=1
[2026-10-05 04:37:16.738] [info] [candidate.cpp:199] InstancePrecompute: built 25 candidates
[2026-10-05 04:37:16.738] [info] [stationary.cpp:264] NN: cost=681.453886, feasible=true, active_stations=1
[2026-10-05 04:37:16.738] [info] [candidate.cpp:199] InstancePrecompute: built 25 candidates
[2026-10-05 04:37:16.738] [info] [stationary.cpp:264] NN: cost=77.776932, feasible=true, active_stations=1
[2026-10-05 04:37:16.738] [info] [candidate.cpp:199] InstancePrecompute: built 25 candidates
[2026-10-05 04:37:16.738] [info] [stationary.cpp:264] NN: cost=86.256859, feasible=true, active_stations=1
[2026-10-05 04:37:16.738] [info] [candidate.cpp:199] InstancePrecompute: built 25 candidates
[2026-10-05 04:37:16.738] [info] [stationary.cpp:264] NN: cost=165.366776, feasible=true, active_stations=1
[2026-10-05 04:37:16.738] [info] [candidate.cpp:199] InstancePrecompute: built 25 candidates
[2026-10-05 04:37:16.738] [info] [stationary.cpp:264] NN: cost=55.611965, feasible=true, active_stations=1
[2026-10-05 04:37:16.738] [info] [candidate.cpp:199] InstancePrecompute: built 25 candidates
[2026-10-05 04:37:16.738] [info] [stationary.cpp:264] NN: cost=36.373267, feasible=true, active_stations=1
[2026-10-05 04:37:16.738] [info] [candidate.cpp:199] InstancePrecompute: built 25 candidates
[2026-10-05 04:37:16.738] [info] [stationary.cpp:264] NN: cost=60.468090, feasible=true, active_stations=1
[2026-10-05 04:37:16.738] [info] [candidate.cpp:199] InstancePrecompute: built 25 candidates
[2026-10-05 04:37:16.738] [info] [stationary.cpp:264] NN: cost=18.839601, feasible=true, active_stations=1
[2026-10-05 04:37:16.738] [info] [candidate.cpp:199] InstancePrecompute: built 25 candidates
[2026-10-05 04:37:16.738] [info] [stationary.cpp:264] NN: cost=1175.925453, feasible=true, active_stations=1
[2026-10-05 04:37:16.738] [info] [candidate.cpp:199] InstancePrecompute: built 25 candidates
[2026-10-05 04:37:16.738] [info] [stationary.cpp:264] NN: cost=353.674984, feasible=true, active_stations=1
[2026-10-05 04:37:16.738] [info] [candidate.cpp:199] InstancePrecompute: built 25 candidates
[2026-10-05 04:37:16.738] [info] [stationary.cpp:264] NN: cost=571.862262, feasible=true, active_stations=1
[2026-10-05 04:37:16.738] [info] [candidate.cpp:199] InstancePrecompute: built 25 candidates
[2026-10-05 04:37:16.738] [info] [stationary.cpp:264] NN: cost=681.453886, feasible=true, active_stations=1
[2026-10-05 04:37:16.738] [info] [candidate.cpp:199] InstancePrecompute: built 25 candidates
[2026-10-05 04:37:16.738] [info] [stationary.cpp:264] NN: cost=77.776932, feasible=true, active_stations=1
[2026-10-05 04:37:16.738] [info] [candidate.cpp:199] InstancePrecompute: built 25 candidates
[2026-10-05 04:37:16.738] [info] [stationary.cpp:264] NN: cost=86.256859, feasible=true, active_stations=1
[2026-10-05 04:37:16.738] [info] [candidate.cpp:199] InstancePrecompute: built 25 candidates
[2026-10-05 04:37:16.738] [info] [stationary.cpp:264] NN: cost=165.366776, feasible=true, active_stations=1
[2026-10-05 04:37:16.738] [info] [candidate.cpp:199] InstancePrecompute: built 25 candidates
[2026-10-05 04:37:16.738] [info] [stationary.cpp:264] NN: cost=55.611965, feasible=true, active_stations=1
[2026-10-05 04:37:16.738] [info] [candidate.cpp:199] InstancePrecompute: built 25 candidates
[2026-10-05 04:37:16.738] [info] [stationary.cpp:264] NN: cost=36.373267, feasible=true, active_stations=1
[2026-10-05 04:37:16.738] [info] [candidate.cpp:199] InstancePrecompute: built 25 candidates
[2026-10-05 04:37:16.738] [info] [stationary.cpp:264] NN: cost=60.468090, feasible=true, active_stations=1
[2026-10-05 04:37:16.738] [info] [candidate.cpp:199] InstancePrecompute: built 25 candidates
[2026-10-05 04:37:16.738] [info] [stationary.cpp:264] NN: cost=18.839601, feasible=true, active_stations=1
[2026-10-05 04:37:16.738] [info] [candidate.cpp:199] InstancePrecompute: built 25 candidates
[2026-10-05 04:37:16.738] [info] [stationary.cpp:264] NN: cost=1175.925453, feasible=true, active_stations=1
[2026-10-05 04:37:16.738] [info] [candidate.cpp:199] InstancePrecompute: built 25 candidates
[2026-10-05 04:37:16.739] [info] [stationary.cpp:264] NN: cost=353.674984, feasible=true, active_stations=1
[2026-10-05 04:37:16.739] [info] [candidate.cpp:199] InstancePrecompute: built 50 candidates
[2026-10-05 04:37:16.739] [info] [stationary.cpp:264] NN: cost=681.453886, feasible=true, active_stations=1
[2026-10-05 04:37:16.739] [info] [candidate.cpp:199] InstancePrecompute: built 25 candidates
[2026-10-05 04:37:16.739] [info] [stationary.cpp:264] NN: cost=77.776932, feasible=true, active_stations=1
[2026-10-05 04:37:16.739] [info] [candidate.cpp:199] InstancePrecompute: built 25 candidates
[2026-10-05 04:37:16.739] [info] [stationary.cpp:264] NN: cost=86.256859, feasible=true, active_stations=1
[2026-10-05 04:37:16.739] [info] [candidate.cpp:199] InstancePrecompute: built 25 candidates
[2026-10-05 04:37:16.739] [info] [stationary.cpp:264] NN: cost=165.366776, feasible=true, active_stations=1
[2026-10-05 04:37:16.739] [info] [candidate.cpp:199] InstancePrecompute: built 25 candidates
[2026-10-05 04:37:16.739] [info] [stationary.cpp:264] NN: cost=55.611965, feasible=true, active_stations=1
[2026-10-05 04:37:16.739] [info] [candidate.cpp:199] InstancePrecompute: built 50 candidates
[2026-10-05 04:37:16.739] [info] [stationary.cpp:264] NN: cost=60.468090, feasible=true, active_stations=1
[2026-10-05 04:37:16.739] [info] [candidate.cpp:199] InstancePrecompute: built 25 candidates
[2026-10-05 04:37:16.739] [info] [stationary.cpp:264] NN: cost=18.839601, feasible=true, active_stations=1
[2026-10-05 04:37:16.739] [info] [candidate.cpp:199] InstancePrecompute: built 25 candidates
[2026-10-05 04:37:16.739] [info] [stationary.cpp:264] NN: cost=1175.925453, feasible=true, active_stations=1
[2026-10-05 04:37:16.739] [info] [candidate.cpp:199] InstancePrecompute: built 25 candidates
[2026-10-05 04:37:16.739] [info] [stationary.cpp:264] NN: cost=353.674984, feasible=true, active_stations=1
[2026-10-05 04:37:16.739] [info] [candidate.cpp:199] InstancePrecompute: built 25 candidates
[2026-10-05 04:37:16.739] [info] [stationary.cpp:264] NN: cost=571.862262, feasible=true, active_stations=1
[2026-10-05 04:37:16.739] [info] [candidate.cpp:199] InstancePrecompute: built 25 candidates
[2026-10-05 04:37:16.739] [info] [stationary.cpp:264] NN: cost=681.453886, feasible=true, active_stations=1
[2026-10-05 04:37:16.739] [info] [candidate.cpp:199] InstancePrecompute: built 25 candidates
[2026-10-05 04:37:16.739] [info] [stationary.cpp:264] NN: cost=77.776932, feasible=true, active_stations=1
[2026-10-05 04:37:16.739] [info] [candidate.cpp:199] InstancePrecompute: built 25 candidates
[2026-10-05 04:37:16.739] [info] [stationary.cpp:264] NN: cost=86.256859, feasible=true, active_stations=1
[2026-10-05 04:37:16.739] [info] [candidate.cpp:199] InstancePrecompute: built 25 candidates
[2026-10-05 04:37:16.739] [info] [stationary.cpp:264] NN: cost=165.366776, feasible=true, active_stations=1
[2026-10-05 04:37:16.739] [info] [candidate.cpp:199] InstancePrecompute: built 25 candidates
[2026-10-05 04:37:16.739] [info] [stationary.cpp:264] NN: cost=55.611965, feasible=true, active_stations=1
[2026-10-05 04:37:16.739] [info] [candidate.cpp:199] InstancePrecompute: built 50 candidates
[2026-10-05 04:37:16.739] [info] [stationary.cpp:264] NN: cost=60.468090, feasible=true, active_stations=1
[2026-10-05 04:37:16.739] [info] [candidate.cpp:199] InstancePrecompute: built 25 candidates
[2026-10-05 04:37:16.739] [info] [stationary.cpp:264] NN: cost=18.839601, feasible=true, active_stations=1
[2026-10-05 04:37:16.739] [info] [candidate.cpp:199] InstancePrecompute: built 25 candidates
[2026-10-05 04:37:16.739] [info] [stationary.cpp:264] NN: cost=1175.925453, feasible=true, active_stations=1
[2026-10-05 04:37:16.739] [info] [candidate.cpp:199] InstancePrecompute: built 25 candidates
[2026-10-05 04:37:16.739] [info] [stationary.cpp:264] NN: cost=353.674984, feasible=true, active_stations=1
[2026-10-05 04:37:16.739] [info] [candidate.cpp:199] InstancePrecompute: built 25 candidates
[2026-10-05 04:37:16.739] [info] [stationary.cpp:264] NN: cost=571.862262, feasible=true, active_stations=1
[2026-10-05 04:37:16.739] [info] [candidate.cpp:199] InstancePrecompute: built 25 candidates
[2026-10-05 04:37:16.739] [info] [stationary.cpp:264] NN: cost=681.453886, feasible=true, active_stations=1
[2026-10-05 04:37:16.739] [info] [candidate.cpp:199] InstancePrecompute: built 25 candidates
[2026-10-05 04:37:16.739] [info] [stationary.cpp:264] NN: cost=77.776932, feasible=true, active_stations=1
[2026-10-05 04:37:16.739] [info] [candidate.cpp:199] InstancePrecompute: built 25 candidates
[2026-10-05 04:37:16.739] [info] [stationary.cpp:264] NN: cost=86.256859, feasible=true, active_stations=1
[2026-10-05 04:37:16.739] [info] [candidate.cpp:199] InstancePrecompute: built 25 candidates
[2026-10-05 04:37:16.739] [info] [stationary.cpp:264] NN: cost=165.366776, feasible=true, active_stations=1
[2026-10-05 04:37:16.739] [info] [candidate.cpp:199] InstancePrecompute: built 25 candidates
[2026-10-05 04:37:16.739] [info] [stationary.cpp:264] NN: cost=55.611965, feasible=true, active_stations=1
[2026-10-05 04:37:16.739] [info] [candidate.cpp:199] InstancePrecompute: built 50 candidates
[2026-10-05 04:37:16.739] [info] [stationary.cpp:264] NN: cost=60.468090, feasible=true, active_stations=1
[2026-10-05 04:37:16.739] [info] [candidate.cpp:199] InstancePrecompute: built 25 candidates
[2026-10-05 04:37:16.739] [info] [stationary.cpp:264] NN: cost=18.839601, feasible=true, active_stations=1
[2026-10-05 04:37:16.739] [info] [candidate.cpp:199] InstancePrecompute: built 25 candidates
[2026-10-05 04:37:16.739] [info] [stationary.cpp:264] NN: cost=1175.925453, feasible=true, active_stations=1
[2026-10-05 04:37:16.739] [info] [candidate.cpp:199] InstancePrecompute: built 25 candidates
[2026-10-05 04:37:16.739] [info] [stationary.cpp:264] NN: cost=353.674984, feasible=true, active_stations=1
[2026-10-05 04:37:16.739] [info] [candidate.cpp:199] InstancePrecompute: built 25 candidates
[2026-10-05 04:37:16.739] [info] [stationary.cpp:264] NN: cost=571.862262, feasible=true, active_stations=1
[2026-10-05 04:37:16.739] [info] [candidate.cpp:199] InstancePrecompute: built 25 candidates
[2026-10-05 04:37:16.739] [info] [stationary.cpp:264] NN: cost=681.453886, feasible=true, active_stations=1
[2026-10-05 04:37:16.739] [info] [candidate.cpp:199] InstancePrecompute: built 25 candidates
[2026-10-05 04:37:16.739] [info] [stationary.cpp:264] NN: cost=77.776932, feasible=true, active_stations=1
[2026-10-05 04:37:16.739] [info] [candidate.cpp:199] InstancePrecompute: built 25 candidates
[2026-10-05 04:37:16.739] [info] [stationary.cpp:264] NN: cost=86.256859, feasible=true, active_stations=1
[2026-10-05 04:37:16.739] [info] [candidate.cpp:199] InstancePrecompute: built 25 candidates
[2026-10-05 04:37:16.739] [info] [stationary.cpp:264] NN: cost=165.366776, feasible=true, active_stations=1
[2026-10-05 04:37:16.739] [info] [candidate.cpp:199] InstancePrecompute: built 25 candidates
[2026-10-05 04:37:16.739] [info] [stationary.cpp:264] NN: cost=55.611965, feasible=true, active_stations=1
[2026-10-05 04:37:16.739] [info] [candidate.cpp:199] InstancePrecompute: built 25 candidates
[2026-10-05 04:37:16.739] [info] [stationary.cpp:264] NN: cost=36.373267, feasible=true, active_stations=1
[2026-10-05 04:37:16.739] [info] [candidate.cpp:199] InstancePrecompute: built 25 candidates
[2026-10-05 04:37:16.739] [info] [stationary.cpp:264] NN: cost=60.468090, feasible=true, active_stations=1
[2026-10-05 04:37:16.739] [info] [candidate.cpp:199] InstancePrecompute: built 25 candidates
[2026-10-05 04:37:16.739] [info] [stationary.cpp:264] NN: cost=18.839601, feasible=true, active_stations=1
[2026-10-05 04:37:16.739] [info] [candidate.cpp:199] InstancePrecompute: built 25 candidates
[2026-10-05 04:37:16.739] [info] [stationary.cpp:264] NN: cost=1175.925453, feasible=true, active_stations=1
[2026-10-05 04:37:16.739] [info] [candidate.cpp:199] InstancePrecompute: built 25 candidates
[2026-10-05 04:37:16.739] [info] [stationary.cpp:264] NN: cost=353.674984, feasible=true, active_stations=1
[2026-10-05 04:37:16.739] [info] [candidate.cpp:199] InstancePrecompute: built 25 candidates
[2026-10-05 04:37:16.739] [info] [stationary.cpp:264] NN: cost=571.862262, feasible=true, active_stations=1
[2026-10-05 04:37:16.739] [info] [candidate.cpp:199] InstancePrecompute: built 25 candidates
[2026-10-05 04:37:16.739] [info] [stationary.cpp:264] NN: cost=681.453886, feasible=true, active_stations=1
[2026-10-05 04:37:16.739] [info] [candidate.cpp:199] InstancePrecompute: built 25 candidates
[2026-10-05 04:37:16.739] [info] [stationary.cpp:264] NN: cost=77.776932, feasible=true, active_stations=1
[2026-10-05 04:37:16.739] [info] [candidate.cpp:199] InstancePrecompute: built 25 candidates
[2026-10-05 04:37:16.739] [info] [stationary.cpp:264] NN: cost=86.256859, feasible=true, active_stations=1
[2026-10-05 04:37:16.739] [info] [candidate.cpp:199] InstancePrecompute: built 25 candidates
[2026-10-05 04:37:16.739] [info] [stationary.cpp:264] NN: cost=165.366776, feasible=true, active_stations=1
[2026-10-05 04:37:16.739] [info] [candidate.cpp:199] InstancePrecompute: built 25 candidates
[2026-10-05 04:37:16.739] [info] [stationary.cpp:264] NN: cost=55.611965, feasible=true, active_stations=1
[2026-10-05 04:37:16.739] [info] [candidate.cpp:199] InstancePrecompute: built 25 candidates
[2026-10-05 04:37:16.739] [info] [stationary.cpp:264] NN: cost=36.373267, feasible=true, active_stations=1
[2026-10-05 04:37:16.739] [info] [candidate.cpp:199] InstancePrecompute: built 25 candidates
[2026-10-05 04:37:16.739] [info] [stationary.cpp:264] NN: cost=60.468090, feasible=true, active_stations=1
[2026-10-05 04:37:16.739] [info] [candidate.cpp:199] InstancePrecompute: built 25 candidates
[2026-10-05 04:37:16.739] [info] [stationary.cpp:264] NN: cost=18.839601, feasible=true, active_stations=1
[2026-10-05 04:37:16.739] [info] [candidate.cpp:199] InstancePrecompute: built 25 candidates
[2026-10-05 04:37:16.739] [info] [stationary.cpp:264] NN: cost=1175.925453, feasible=true, active_stations=1
[2026-10-05 04:37:16.739] [info] [candidate.cpp:199] InstancePrecompute: built 25 candidates
[2026-10-05 04:37:16.739] [info] [stationary.cpp:264] NN: cost=353.674984, feasible=true, active_stations=1
[2026-10-05 04:37:16.739] [info] [candidate.cpp:199] InstancePrecompute: built 25 candidates
[2026-10-05 04:37:16.739] [info] [stationary.cpp:264] NN: cost=571.862262, feasible=true, active_stations=1
[2026-10-05 04:37:16.739] [info] [candidate.cpp:199] InstancePrecompute: built 25 candidates
[2026-10-05 04:37:16.739] [info] [stationary.cpp:264] NN: cost=681.453886, feasible=true, active_stations=1
[2026-10-05 04:37:16.739] [info] [candidate.cpp:199] InstancePrecompute: built 25 candidates
[2026-10-05 04:37:16.739] [info] [stationary.cpp:264] NN: cost=77.776932, feasible=true, active_stations=1
[2026-10-05 04:37:16.739] [info] [candidate.cpp:199] InstancePrecompute: built 25 candidates
[2026-10-05 04:37:16.739] [info] [stationary.cpp:264] NN: cost=86.256859, feasible=true, active_stations=1
[2026-10-05 04:37:16.739] [info] [candidate.cpp:199] InstancePrecompute: built 25 candidates
[2026-10-05 04:37:16.739] [info] [stationary.cpp:264] NN: cost=165.366776, feasible=true, active_stations=1
[2026-10-05 04:37:16.739] [info] [candidate.cpp:199] InstancePrecompute: built 25 candidates
[2026-10-05 04:37:16.739] [info] [stationary.cpp:264] NN: cost=55.611965, feasible=true, active_stations=1
[2026-10-05 04:37:16.739] [info] [candidate.cpp:199] InstancePrecompute: built 25 candidates
[2026-10-05 04:37:16.739] [info] [stationary.cpp:264] NN: cost=36.373267, feasible=true, active_stations=1
[2026-10-05 04:37:16.739] [info] [candidate.cpp:199] InstancePrecompute: built 25 candidates
[2026-10-05 04:37:16.739] [info] [stationary.cpp:264] NN: cost=60.468090, feasible=true, active_stations=1
[2026-10-05 04:37:16.739] [info] [candidate.cpp:199] InstancePrecompute: built 25 candidates
[2026-10-05 04:37:16.739] [info] [stationary.cpp:264] NN: cost=18.839601, feasible=true, active_stations=1
[2026-10-05 04:37:16.739] [info] [candidate.cpp:199] InstancePrecompute: built 25 candidates
[2026-10-05 04:37:16.739] [info] [stationary.cpp:264] NN: cost=1175.925453, feasible=true, active_stations=1
[2026-10-05 04:37:16.739] [info] [candidate.cpp:199] InstancePrecompute: built 25 candidates
[2026-10-05 04:37:16.739] [info] [stationary.cpp:264] NN: cost=353.674984, feasible=true, active_stations=1
[2026-10-05 04:37:16.739] [info] [candidate.cpp:199] InstancePrecompute: built 25 candidates
[2026-10-05 04:37:16.739] [info] [stationary.cpp:264] NN: cost=571.862262, feasible=true, active_stations=1
[2026-10-05 04:37:16.739] [info] [candidate.cpp:199] InstancePrecompute: built 25 candidates
[2026-10-05 04:37:16.739] [info] [stationary.cpp:264] NN: cost=681.453886, feasible=true, active_stations=1
[2026-10-05 04:37:16.739] [info] [candidate.cpp:199] InstancePrecompute: built 25 candidates
[2026-10-05 04:37:16.739] [info] [stationary.cpp:264] NN: cost=77.776932, feasible=true, active_stations=1
[2026-10-05 04:37:16.739] [info] [candidate.cpp:199] InstancePrecompute: built 25 candidates
[2026-10-05 04:37:16.739] [info] [stationary.cpp:264] NN: cost=86.256859, feasible=true, active_stations=1
[2026-10-05 04:37:16.739] [info] [candidate.cpp:199] InstancePrecompute: built 25 candidates
[2026-10-05 04:37:16.739] [info] [stationary.cpp:264] NN: cost=165.366776, feasible=true, active_stations=1
[2026-10-05 04:37:16.739] [info] [candidate.cpp:199] InstancePrecompute: built 25 candidates
[2026-10-05 04:37:16.739] [info] [stationary.cpp:264] NN: cost=55.611965, feasible=true, active_stations=1
[2026-10-05 04:37:16.739] [info] [candidate.cpp:199] InstancePrecompute: built 25 candidates
[2026-10-05 04:37:16.739] [info] [stationary.cpp:264] NN: cost=36.373267, feasible=true, active_stations=1
[2026-10-05 04:37:16.739] [info] [candidate.cpp:199] InstancePrecompute: built 25 candidates
[2026-10-05 04:37:16.739] [info] [stationary.cpp:264] NN: cost=60.468090, feasible=true, active_stations=1
[2026-10-05 04:37:16.739] [info] [candidate.cpp:199] InstancePrecompute: built 25 candidates
[2026-10-05 04:37:16.739] [info] [stationary.cpp:264] NN: cost=18.839601, feasible=true, active_stations=1
[2026-10-05 04:37:16.739] [info] [candidate.cpp:199] InstancePrecompute: built 25 candidates
[2026-10-05 04:37:16.739] [info] [stationary.cpp:264] NN: cost=1175.925453, feasible=true, active_stations=1
[2026-10-05 04:37:16.739] [info] [candidate.cpp:199] InstancePrecompute: built 25 candidates
[2026-10-05 04:37:16.739] [info] [stationary.cpp:264] NN: cost=353.674984, feasible=true, active_stations=1
[2026-10-05 04:37:16.739] [info] [candidate.cpp:199] InstancePrecompute: built 25 candidates
[2026-10-05 04:37:16.739] [info] [stationary.cpp:264] NN: cost=571.862262, feasible=true, active_stations=1
[2026-10-05 04:37:16.739] [info] [candidate.cpp:199] InstancePrecompute: built 25 candidates
[2026-10-05 04:37:16.739] [info] [stationary.cpp:264] NN: cost=681.453886, feasible=true, active_stations=1
[2026-10-05 04:37:16.739] [info] [candidate.cpp:199] InstancePrecompute: built 25 candidates
[2026-10-05 04:37:16.739] [info] [stationary.cpp:264] NN: cost=77.776932, feasible=true, active_stations=1
[2026-10-05 04:37:16.739] [info] [candidate.cpp:199] InstancePrecompute: built 25 candidates
[2026-10-05 04:37:16.739] [info] [stationary.cpp:264] NN: cost=86.256859, feasible=true, active_stations=1
[2026-10-05 04:37:16.739] [info] [candidate.cpp:199] InstancePrecompute: built 25 candidates
[2026-10-05 04:37:16.739] [info] [stationary.cpp:264] NN: cost=165.366776, feasible=true, active_stations=1
[2026-10-05 04:37:16.739] [info] [candidate.cpp:199] InstancePrecompute: built 25 candidates
[2026-10-05 04:37:16.739] [info] [stationary.cpp:264] NN: cost=55.611965, feasible=true, active_stations=1
[2026-10-05 04:37:16.739] [info] [candidate.cpp:199] InstancePrecompute: built 25 candidates
[2026-10-05 04:37:16.739] [info] [stationary.cpp:264] NN: cost=36.373267, feasible=true, active_stations=1
[2026-10-05 04:37:16.739] [info] [candidate.cpp:199] InstancePrecompute: built 25 candidates
[2026-10-05 04:37:16.739] [info] [stationary.cpp:264] NN: cost=60.468090, feasible=true, active_stations=1
[2026-10-05 04:37:16.739] [info] [candidate.cpp:199] InstancePrecompute: built 25 candidates
[2026-10-05 04:37:16.739] [info] [stationary.cpp:264] NN: cost=18.839601, feasible=true, active_stations=1
[2026-10-05 04:37:16.739] [info] [candidate.cpp:199] InstancePrecompute: built 25 candidates
[2026-10-05 04:37:16.739] [info] [stationary.cpp:264] NN: cost=1175.925453, feasible=true, active_stations=1
[2026-10-05 04:37:16.739] [info] [candidate.cpp:199] InstancePrecompute: built 25 candidates
[2026-10-05 04:37:16.739] [info] [stationary.cpp:264] NN: cost=353.674984, feasible=true, active_stations=1
[2026-10-05 04:37:16.739] [info] [candidate.cpp:199] InstancePrecompute: built 50 candidates
[2026-10-05 04:37:16.739] [info] [stationary.cpp:264] NN: cost=681.453886, feasible=true, active_stations=1
[2026-10-05 04:37:16.739] [info] [candidate.cpp:199] InstancePrecompute: built 25 candidates
[2026-10-05 04:37:16.739] [info] [stationary.cpp:264] NN: cost=77.776932, feasible=true, active_stations=1
[2026-10-05 04:37:16.739] [info] [candidate.cpp:199] InstancePrecompute: built 25 candidates
[2026-10-05 04:37:16.739] [info] [stationary.cpp:264] NN: cost=86.256859, feasible=true, active_stations=1
[2026-10-05 04:37:16.739] [info] [candidate.cpp:199] InstancePrecompute: built 25 candidates
[2026-10-05 04:37:16.739] [info] [stationary.cpp:264] NN: cost=165.366776, feasible=true, active_stations=1
[2026-10-05 04:37:16.739] [info] [candidate.cpp:199] InstancePrecompute: built 25 candidates
[2026-10-05 04:37:16.739] [info] [stationary.cpp:264] NN: cost=55.611965, feasible=true, active_stations=1
[2026-10-05 04:37:16.739] [info] [candidate.cpp:199] InstancePrecompute: built 50 candidates
[2026-10-05 04:37:16.739] [info] [stationary.cpp:264] NN: cost=60.468090, feasible=true, active_stations=1
[2026-10-05 04:37:16.739] [info] [candidate.cpp:199] InstancePrecompute: built 25 candidates
[2026-10-05 04:37:16.739] [info] [stationary.cpp:264] NN: cost=18.839601, feasible=true, active_stations=1
[2026-10-05 04:37:16.739] [info] [candidate.cpp:199] InstancePrecompute: built 25 candidates
[2026-10-05 04:37:16.739] [info] [stationary.cpp:264] NN: cost=1175.925453, feasible=true, active_stations=1
[2026-10-05 04:37:16.739] [info] [candidate.cpp:199] InstancePrecompute: built 25 candidates
[2026-10-05 04:37:16.739] [info] [stationary.cpp:264] NN: cost=353.674984, feasible=true, active_stations=1
[2026-10-05 04:37:16.739] [info] [candidate.cpp:199] InstancePrecompute: built 25 candidates
[2026-10-05 04:37:16.739] [info] [stationary.cpp:264] NN: cost=571.862262, feasible=true, active_stations=1
[2026-10-05 04:37:16.739] [info] [candidate.cpp:199] InstancePrecompute: built 25 candidates
[2026-10-05 04:37:16.739] [info] [stationary.cpp:264] NN: cost=681.453886, feasible=true, active_stations=1
[2026-10-05 04:37:16.739] [info] [candidate.cpp:199] InstancePrecompute: built 25 candidates
[2026-10-05 04:37:16.739] [info] [stationary.cpp:264] NN: cost=77.776932, feasible=true, active_stations=1
[2026-10-05 04:37:16.739] [info] [candidate.cpp:199] InstancePrecompute: built 25 candidates
[2026-10-05 04:37:16.739] [info] [stationary.cpp:264] NN: cost=86.256859, feasible=true, active_stations=1
[2026-10-05 04:37:16.739] [info] [candidate.cpp:199] InstancePrecompute: built 25 candidates
[2026-10-05 04:37:16.739] [info] [stationary.cpp:264] NN: cost=165.366776, feasible=true, active_stations=1
[2026-10-05 04:37:16.739] [info] [candidate.cpp:199] InstancePrecompute: built 25 candidates
[2026-10-05 04:37:16.739] [info] [stationary.cpp:264] NN: cost=55.611965, feasible=true, active_stations=1
[2026-10-05 04:37:16.739] [info] [candidate.cpp:199] InstancePrecompute: built 50 candidates
[2026-10-05 04:37:16.739] [info] [stationary.cpp:264] NN: cost=60.468090, feasible=true, active_stations=1
[2026-10-05 04:37:16.739] [info] [candidate.cpp:199] InstancePrecompute: built 25 candidates
[2026-10-05 04:37:16.739] [info] [stationary.cpp:264] NN: cost=18.839601, feasible=true, active_stations=1
[2026-10-05 04:37:16.739] [info] [candidate.cpp:199] InstancePrecompute: built 25 candidates
[2026-10-05 04:37:16.739] [info] [stationary.cpp:264] NN: cost=1175.925453, feasible=true, active_stations=1
[2026-10-05 04:37:16.739] [info] [candidate.cpp:199] InstancePrecompute: built 25 candidates
[2026-10-05 04:37:16.739] [info] [stationary.cpp:264] NN: cost=353.674984, feasible=true, active_stations=1
[2026-10-05 04:37:16.739] [info] [candidate.cpp:199] InstancePrecompute: built 25 candidates
[2026-10-05 04:37:16.739] [info] [stationary.cpp:264] NN: cost=571.862262, feasible=true, active_stations=1
[2026-10-05 04:37:16.739] [info] [candidate.cpp:199] InstancePrecompute: built 25 candidates
[2026-10-05 04:37:16.739] [info] [stationary.cpp:264] NN: cost=681.453886, feasible=true, active_stations=1
[2026-10-05 04:37:16.739] [info] [candidate.cpp:199] InstancePrecompute: built 25 candidates
[2026-10-05 04:37:16.739] [info] [stationary.cpp:264] NN: cost=77.776932, feasible=true, active_stations=1
[2026-10-05 04:37:16.739] [info] [candidate.cpp:199] InstancePrecompute: built 25 candidates
[2026-10-05 04:37:16.739] [info] [stationary.cpp:264] NN: cost=86.256859, feasible=true, active_stations=1
[2026-10-05 04:37:16.739] [info] [candidate.cpp:199] InstancePrecompute: built 25 candidates
[2026-10-05 04:37:16.739] [info] [stationary.cpp:264] NN: cost=165.366776, feasible=true, active_stations=1
[2026-10-05 04:37:16.739] [info] [candidate.cpp:199] InstancePrecompute: built 25 candidates
[2026-10-05 04:37:16.739] [info] [stationary.cpp:264] NN: cost=55.611965, feasible=true, active_stations=1
[2026-10-05 04:37:16.739] [info] [candidate.cpp:199] InstancePrecompute: built 50 candidates
[2026-10-05 04:37:16.739] [info] [stationary.cpp:264] NN: cost=60.468090, feasible=true, active_stations=1
[2026-10-05 04:37:16.739] [info] [candidate.cpp:199] InstancePrecompute: built 25 candidates
[2026-10-05 04:37:16.739] [info] [stationary.cpp:264] NN: cost=18.839601, feasible=true, active_stations=1
[2026-10-05 04:37:16.739] [info] [candidate.cpp:199] InstancePrecompute: built 25 candidates
[2026-10-05 04:37:16.739] [info] [stationary.cpp:264] NN: cost=1175.925453, feasible=true, active_stations=1
[2026-10-05 04:37:16.739] [info] [candidate.cpp:199] InstancePrecompute: built 25 candidates
[2026-10-05 04:37:16.739] [info] [stationary.cpp:264] NN: cost=353.674984, feasible=true, active_stations=1
[2026-10-05 04:37:16.739] [info] [candidate.cpp:199] InstancePrecompute: built 25 candidates
[2026-10-05 04:37:16.739] [info] [stationary.cpp:264] NN: cost=571.862262, feasible=true, active_stations=1
[2026-10-05 04:37:16.739] [info] [candidate.cpp:199] InstancePrecompute: built 25 candidates
[2026-10-05 04:37:16.739] [info] [stationary.cpp:264] NN: cost=681.453886, feasible=true, active_stations=1
[2026-10-05 04:37:16.739] [info] [candidate.cpp:199] InstancePrecompute: built 25 candidates
[2026-10-05 04:37:16.739] [info] [stationary.cpp:264] NN: cost=77.776932, feasible=true, active_stations=1
[2026-10-05 04:37:16.739] [info] [candidate.cpp:199] InstancePrecompute: built 25 candidates
[2026-10-05 04:37:16.739] [info] [stationary.cpp:264] NN: cost=86.256859, feasible=true, active_stations=1
[2026-10-05 04:37:16.739] [info] [candidate.cpp:199] InstancePrecompute: built 25 candidates
[2026-10-05 04:37:16.739] [info] [stationary.cpp:264] NN: cost=165.366776, feasible=true, active_stations=1
[2026-10-05 04:37:16.739] [info] [candidate.cpp:199] InstancePrecompute: built 25 candidates
[2026-10-05 04:37:16.739] [info] [stationary.cpp:264] NN: cost=55.611965, feasible=true, active_stations=1
[2026-10-05 04:37:16.739] [info] [candidate.cpp:199] InstancePrecompute: built 25 candidates
[2026-10-05 04:37:16.739] [info] [stationary.cpp:264] NN: cost=36.373267, feasible=true, active_stations=1
[2026-10-05 04:37:16.739] [info] [candidate.cpp:199] InstancePrecompute: built 25 candidates
[2026-10-05 04:37:16.739] [info] [stationary.cpp:264] NN: cost=18.839601, feasible=true, active_stations=1
[2026-10-05 04:37:16.739] [info] [candidate.cpp:199] InstancePrecompute: built 25 candidates
[2026-10-05 04:37:16.739] [info] [stationary.cpp:264] NN: cost=60.468090, feasible=true, active_stations=1
[2026-10-05 04:37:16.739] [info] [candidate.cpp:199] InstancePrecompute: built 25 candidates
[2026-10-05 04:37:16.739] [info] [stationary.cpp:264] NN: cost=1175.925453, feasible=true, active_stations=1
[2026-10-05 04:37:16.739] [info] [candidate.cpp:199] InstancePrecompute: built 25 candidates
[2026-10-05 04:37:16.739] [info] [stationary.cpp:264] NN: cost=353.674984, feasible=true, active_stations=1
[2026-10-05 04:37:16.739] [info] [candidate.cpp:199] InstancePrecompute: built 25 candidates
[2026-10-05 04:37:16.739] [info] [stationary.cpp:264] NN: cost=571.862262, feasible=true, active_stations=1
[2026-10-05 04:37:16.739] [info] [candidate.cpp:199] InstancePrecompute: built 25 candidates
[2026-10-05 04:37:16.739] [info] [stationary.cpp:264] NN: cost=681.453886, feasible=true, active_stations=1
[2026-10-05 04:37:16.739] [info] [candidate.cpp:199] InstancePrecompute: built 25 candidates
[2026-10-05 04:37:16.739] [info] [stationary.cpp:264] NN: cost=77.776932, feasible=true, active_stations=1
[2026-10-05 04:37:16.739] [info] [candidate.cpp:199] InstancePrecompute: built 25 candidates
[2026-10-05 04:37:16.739] [info] [stationary.cpp:264] NN: cost=86.256859, feasible=true, active_stations=1
[2026-10-05 04:37:16.739] [info] [candidate.cpp:199] InstancePrecompute: built 25 candidates
[2026-10-05 04:37:16.739] [info] [stationary.cpp:264] NN: cost=165.366776, feasible=true, active_stations=1
[2026-10-05 04:37:16.739] [info] [candidate.cpp:199] InstancePrecompute: built 25 candidates
[2026-10-05 04:37:16.739] [info] [stationary.cpp:264] NN: cost=55.611965, feasible=true, active_stations=1
[2026-10-05 04:37:16.739] [info] [candidate.cpp:199] InstancePrecompute: built 25 candidates
[2026-10-05 04:37:16.739] [info] [stationary.cpp:264] NN: cost=36.373267, feasible=true, active_stations=1
[2026-10-05 04:37:16.739] [info] [candidate.cpp:199] InstancePrecompute: built 25 candidates
[2026-10-05 04:37:16.739] [info] [stationary.cpp:264] NN: cost=18.839601, feasible=true, active_stations=1
[2026-10-05 04:37:16.739] [info] [candidate.cpp:199] InstancePrecompute: built 25 candidates
[2026-10-05 04:37:16.739] [info] [stationary.cpp:264] NN: cost=60.468090, feasible=true, active_stations=1
[2026-10-05 04:37:16.739] [info] [candidate.cpp:199] InstancePrecompute: built 25 candidates
[2026-10-05 04:37:16.739] [info] [stationary.cpp:264] NN: cost=1175.925453, feasible=true, active_stations=1
[2026-10-05 04:37:16.739] [info] [candidate.cpp:199] InstancePrecompute: built 25 candidates
[2026-10-05 04:37:16.739] [info] [stationary.cpp:264] NN: cost=353.674984, feasible=true, active_stations=1
[2026-10-05 04:37:16.739] [info] [candidate.cpp:199] InstancePrecompute: built 25 candidates
[2026-10-05 04:37:16.739] [info] [stationary.cpp:264] NN: cost=571.862262, feasible=true, active_stations=1
[2026-10-05 04:37:16.739] [info] [candidate.cpp:199] InstancePrecompute: built 25 candidates
[2026-10-05 04:37:16.739] [info] [stationary.cpp:264] NN: cost=681.453886, feasible=true, active_stations=1
[2026-10-05 04:37:16.739] [info] [candidate.cpp:199] InstancePrecompute: built 25 candidates
[2026-10-05 04:37:16.739] [info] [stationary.cpp:264] NN: cost=77.776932, feasible=true, active_stations=1
[2026-10-05 04:37:16.739] [info] [candidate.cpp:199] InstancePrecompute: built 25 candidates
[2026-10-05 04:37:16.739] [info] [stationary.cpp:264] NN: cost=86.256859, feasible=true, active_stations=1
[2026-10-05 04:37:16.739] [info] [candidate.cpp:199] InstancePrecompute: built 25 candidates
[2026-10-05 04:37:16.739] [info] [stationary.cpp:264] NN: cost=165.366776, feasible=true, active_stations=1
[2026-10-05 04:37:16.739] [info] [candidate.cpp:199] InstancePrecompute: built 25 candidates
[2026-10-05 04:37:16.739] [info] [stationary.cpp:264] NN: cost=55.611965, feasible=true, active_stations=1
[2026-10-05 04:37:16.739] [info] [candidate.cpp:199] InstancePrecompute: built 25 candidates
[2026-10-05 04:37:16.740] [info] [stationary.cpp:264] NN: cost=36.373267, feasible=true, active_stations=1
[2026-10-05 04:37:16.740] [info] [candidate.cpp:199] InstancePrecompute: built 25 candidates
[2026-10-05 04:37:16.740] [info] [stationary.cpp:264] NN: cost=18.839601, feasible=true, active_stations=1
[2026-10-05 04:37:16.740] [info] [candidate.cpp:199] InstancePrecompute: built 25 candidates
[2026-10-05 04:37:16.740] [info] [stationary.cpp:264] NN: cost=60.468090, feasible=true, active_stations=1
[2026-10-05 04:37:16.740] [info] [candidate.cpp:199] InstancePrecompute: built 25 candidates
[2026-10-05 04:37:16.740] [info] [stationary.cpp:264] NN: cost=1175.925453, feasible=true, active_stations=1
[2026-10-05 04:37:16.740] [info] [candidate.cpp:199] InstancePrecompute: built 25 candidates
[2026-10-05 04:37:16.740] [info] [stationary.cpp:264] NN: cost=353.674984, feasible=true, active_stations=1
[2026-10-05 04:37:16.740] [info] [candidate.cpp:199] InstancePrecompute: built 25 candidates
[2026-10-05 04:37:16.740] [info] [stationary.cpp:264] NN: cost=571.862262, feasible=true, active_stations=1
[2026-10-05 04:37:16.740] [info] [candidate.cpp:199] InstancePrecompute: built 25 candidates
[2026-10-05 04:37:16.740] [info] [stationary.cpp:264] NN: cost=681.453886, feasible=true, active_stations=1
[2026-10-05 04:37:16.740] [info] [candidate.cpp:199] InstancePrecompute: built 25 candidates
[2026-10-05 04:37:16.740] [info] [stationary.cpp:264] NN: cost=77.776932, feasible=true, active_stations=1
[2026-10-05 04:37:16.740] [info] [candidate.cpp:199] InstancePrecompute: built 25 candidates
[2026-10-05 04:37:16.740] [info] [stationary.cpp:264] NN: cost=86.256859, feasible=true, active_stations=1
[2026-10-05 04:37:16.740] [info] [candidate.cpp:199] InstancePrecompute: built 25 candidates
[2026-10-05 04:37:16.740] [info] [stationary.cpp:264] NN: cost=165.366776, feasible=true, active_stations=1
[2026-10-05 04:37:16.740] [info] [candidate.cpp:199] InstancePrecompute: built 25 candidates
[2026-10-05 04:37:16.740] [info] [stationary.cpp:264] NN: cost=55.611965, feasible=true, active_stations=1
[2026-10-05 04:37:16.740] [info] [candidate.cpp:199] InstancePrecompute: built 25 candidates
[2026-10-05 04:37:16.740] [info] [stationary.cpp:264] NN: cost=36.373267, feasible=true, active_stations=1
[2026-10-05 04:37:16.740] [info] [candidate.cpp:199] InstancePrecompute: built 25 candidates
[2026-10-05 04:37:16.740] [info] [stationary.cpp:264] NN: cost=18.839601, feasible=true, active_stations=1
[2026-10-05 04:37:16.740] [info] [candidate.cpp:199] InstancePrecompute: built 25 candidates
[2026-10-05 04:37:16.740] [info] [stationary.cpp:264] NN: cost=60.468090, feasible=true, active_stations=1
[2026-10-05 04:37:16.740] [info] [candidate.cpp:199] InstancePrecompute: built 25 candidates
[2026-10-05 04:37:16.740] [info] [stationary.cpp:264] NN: cost=1175.925453, feasible=true, active_stations=1
[2026-10-05 04:37:16.740] [info] [candidate.cpp:199] InstancePrecompute: built 25 candidates
[2026-10-05 04:37:16.740] [info] [stationary.cpp:264] NN: cost=353.674984, feasible=true, active_stations=1
[2026-10-05 04:37:16.740] [info] [candidate.cpp:199] InstancePrecompute: built 25 candidates
[2026-10-05 04:37:16.740] [info] [stationary.cpp:264] NN: cost=571.862262, feasible=true, active_stations=1
[2026-10-05 04:37:16.740] [info] [candidate.cpp:199] InstancePrecompute: built 25 candidates
[2026-10-05 04:37:16.740] [info] [stationary.cpp:264] NN: cost=681.453886, feasible=true, active_stations=1
[2026-10-05 04:37:16.740] [info] [candidate.cpp:199] InstancePrecompute: built 25 candidates
[2026-10-05 04:37:16.740] [info] [stationary.cpp:264] NN: cost=77.776932, feasible=true, active_stations=1
[2026-10-05 04:37:16.740] [info] [candidate.cpp:199] InstancePrecompute: built 25 candidates
[2026-10-05 04:37:16.740] [info] [stationary.cpp:264] NN: cost=86.256859, feasible=true, active_stations=1
[2026-10-05 04:37:16.740] [info] [candidate.cpp:199] InstancePrecompute: built 25 candidates
[2026-10-05 04:37:16.740] [info] [stationary.cpp:264] NN: cost=165.366776, feasible=true, active_stations=1
[2026-10-05 04:37:16.740] [info] [candidate.cpp:199] InstancePrecompute: built 25 candidates
[2026-10-05 04:37:16.740] [info] [stationary.cpp:264] NN: cost=55.611965, feasible=true, active_stations=1
[2026-10-05 04:37:16.740] [info] [candidate.cpp:199] InstancePrecompute: built 25 candidates
[2026-10-05 04:37:16.740] [info] [stationary.cpp:264] NN: cost=36.373267, feasible=true, active_stations=1
[2026-10-05 04:37:16.740] [info] [candidate.cpp:199] InstancePrecompute: built 25 candidates
[2026-10-05 04:37:16.740] [info] [stationary.cpp:264] NN: cost=18.839601, feasible=true, active_stations=1
[2026-10-05 04:37:16.740] [info] [candidate.cpp:199] InstancePrecompute: built 25 candidates
[2026-10-05 04:37:16.740] [info] [stationary.cpp:264] NN: cost=60.468090, feasible=true, active_stations=1
[2026-10-05 04:37:16.740] [info] [candidate.cpp:199] InstancePrecompute: built 25 candidates
[2026-10-05 04:37:16.740] [info] [stationary.cpp:264] NN: cost=1175.925453, feasible=true, active_stations=1
[2026-10-05 04:37:16.740] [info] [candidate.cpp:199] InstancePrecompute: built 25 candidates
[2026-10-05 04:37:16.740] [info] [stationary.cpp:264] NN: cost=353.674984, feasible=true, active_stations=1
[2026-10-05 04:37:16.740] [info] [candidate.cpp:199] InstancePrecompute: built 50 candidates
[2026-10-05 04:37:16.740] [info] [stationary.cpp:264] NN: cost=681.453886, feasible=true, active_stations=1
[2026-10-05 04:37:16.740] [info] [candidate.cpp:199] InstancePrecompute: built 25 candidates
[2026-10-05 04:37:16.740] [info] [stationary.cpp:264] NN: cost=77.776932, feasible=true, active_stations=1
[2026-10-05 04:37:16.740] [info] [candidate.cpp:199] InstancePrecompute: built 25 candidates
[2026-10-05 04:37:16.740] [info] [stationary.cpp:264] NN: cost=86.256859, feasible=true, active_stations=1
[2026-10-05 04:37:16.740] [info] [candidate.cpp:199] InstancePrecompute: built 25 candidates
[2026-10-05 04:37:16.740] [info] [stationary.cpp:264] NN: cost=165.366776, feasible=true, active_stations=1
[2026-10-05 04:37:16.740] [info] [candidate.cpp:199] InstancePrecompute: built 25 candidates
[2026-10-05 04:37:16.740] [info] [stationary.cpp:264] NN: cost=55.611965, feasible=true, active_stations=1
[2026-10-05 04:37:16.740] [info] [candidate.cpp:199] InstancePrecompute: built 25 candidates
[2026-10-05 04:37:16.740] [info] [stationary.cpp:264] NN: cost=36.373267, feasible=true, active_stations=1
[2026-10-05 04:37:16.740] [info] [candidate.cpp:199] InstancePrecompute: built 25 candidates
[2026-10-05 04:37:16.740] [info] [stationary.cpp:264] NN: cost=18.839601, feasible=true, active_stations=1
[2026-10-05 04:37:16.740] [info] [candidate.cpp:199] InstancePrecompute: built 25 candidates
[2026-10-05 04:37:16.740] [info] [stationary.cpp:264] NN: cost=60.468090, feasible=true, active_stations=1
[2026-10-05 04:37:16.740] [info] [candidate.cpp:199] InstancePrecompute: built 25 candidates
[2026-10-05 04:37:16.740] [info] [stationary.cpp:264] NN: cost=1175.925453, feasible=true, active_stations=1
[2026-10-05 04:37:16.740] [info] [candidate.cpp:199] InstancePrecompute: built 25 candidates
[2026-10-05 04:37:16.740] [info] [stationary.cpp:264] NN: cost=353.674984, feasible=true, active_stations=1
[2026-10-05 04:37:16.740] [info] [candidate.cpp:199] InstancePrecompute: built 25 candidates
[2026-10-05 04:37:16.740] [info] [stationary.cpp:264] NN: cost=571.862262, feasible=true, active_stations=1
[2026-10-05 04:37:16.740] [info] [candidate.cpp:199] InstancePrecompute: built 25 candidates
[2026-10-05 04:37:16.740] [info] [stationary.cpp:264] NN: cost=681.453886, feasible=true, active_stations=1
[2026-10-05 04:37:16.740] [info] [candidate.cpp:199] InstancePrecompute: built 25 candidates
[2026-10-05 04:37:16.740] [info] [stationary.cpp:264] NN: cost=77.776932, feasible=true, active_stations=1
[2026-10-05 04:37:16.740] [info] [candidate.cpp:199] InstancePrecompute: built 25 candidates
[2026-10-05 04:37:16.740] [info] [stationary.cpp:264] NN: cost=86.256859, feasible=true, active_stations=1
[2026-10-05 04:37:16.740] [info] [candidate.cpp:199] InstancePrecompute: built 25 candidates
[2026-10-05 04:37:16.740] [info] [stationary.cpp:264] NN: cost=165.366776, feasible=true, active_stations=1
[2026-10-05 04:37:16.740] [info] [candidate.cpp:199] InstancePrecompute: built 25 candidates
[2026-10-05 04:37:16.740] [info] [stationary.cpp:264] NN: cost=55.611965, feasible=true, active_stations=1
[2026-10-05 04:37:16.740] [info] [candidate.cpp:199] InstancePrecompute: built 25 candidates
[2026-10-05 04:37:16.740] [info] [stationary.cpp:264] NN: cost=36.373267, feasible=true, active_stations=1
[2026-10-05 04:37:16.740] [info] [candidate.cpp:199] InstancePrecompute: built 25 candidates
[2026-10-05 04:37:16.740] [info] [stationary.cpp:264] NN: cost=18.839601, feasible=true, active_stations=1
[2026-10-05 04:37:16.740] [info] [candidate.cpp:199] InstancePrecompute: built 25 candidates
[2026-10-05 04:37:16.740] [info] [stationary.cpp:264] NN: cost=60.468090, feasible=true, active_stations=1
[2026-10-05 04:37:16.740] [info] [candidate.cpp:199] InstancePrecompute: built 25 candidates
[2026-10-05 04:37:16.740] [info] [stationary.cpp:264] NN: cost=1175.925453, feasible=true, active_stations=1
[2026-10-05 04:37:16.740] [info] [candidate.cpp:199] InstancePrecompute: built 25 candidates
[2026-10-05 04:37:16.740] [info] [stationary.cpp:264] NN: cost=353.674984, feasible=true, active_stations=1
[2026-10-05 04:37:16.740] [info] [candidate.cpp:199] InstancePrecompute: built 25 candidates
[2026-10-05 04:37:16.740] [info] [stationary.cpp:264] NN: cost=571.862262, feasible=true, active_stations=1
[2026-10-05 04:37:16.740] [info] [candidate.cpp:199] InstancePrecompute: built 25 candidates
[2026-10-05 04:37:16.740] [info] [stationary.cpp:264] NN: cost=681.453886, feasible=true, active_stations=1
[2026-10-05 04:37:16.740] [info] [candidate.cpp:199] InstancePrecompute: built 25 candidates
[2026-10-05 04:37:16.740] [info] [stationary.cpp:264] NN: cost=77.776932, feasible=true, active_stations=1
[2026-10-05 04:37:16.740] [info] [candidate.cpp:199] InstancePrecompute: built 25 candidates
[2026-10-05 04:37:16.740] [info] [stationary.cpp:264] NN: cost=86.256859, feasible=true, active_stations=1
[2026-10-05 04:37:16.740] [info] [candidate.cpp:199] InstancePrecompute: built 25 candidates
[2026-10-05 04:37:16.740] [info] [stationary.cpp:264] NN: cost=165.366776, feasible=true, active_stations=1
[2026-10-05 04:37:16.740] [info] [candidate.cpp:199] InstancePrecompute: built 25 candidates
[2026-10-05 04:37:16.740] [info] [stationary.cpp:264] NN: cost=55.611965, feasible=true, active_stations=1
[2026-10-05 04:37:16.740] [info] [candidate.cpp:199] InstancePrecompute: built 25 candidates
[2026-10-05 04:37:16.740] [info] [stationary.cpp:264] NN: cost=36.373267, feasible=true, active_stations=1
[2026-10-05 04:37:16.740] [info] [candidate.cpp:199] InstancePrecompute: built 25 candidates
[2026-10-05 04:37:16.740] [info] [stationary.cpp:264] NN: cost=18.839601, feasible=true, active_stations=1
[2026-10-05 04:37:16.740] [info] [candidate.cpp:199] InstancePrecompute: built 25 candidates
[2026-10-05 04:37:16.740] [info] [stationary.cpp:264] NN: cost=60.468090, feasible=true, active_stations=1
[2026-10-05 04:37:16.740] [info] [candidate.cpp:199] InstancePrecompute: built 25 candidates
[2026-10-05 04:37:16.740] [info] [stationary.cpp:264] NN: cost=1175.925453, feasible=true, active_stations=1
[2026-10-05 04:37:16.740] [info] [candidate.cpp:199] InstancePrecompute: built 25 candidates
[2026-10-05 04:37:16.740] [info] [stationary.cpp:264] NN: cost=353.674984, feasible=true, active_stations=1
[2026-10-05 04:37:16.740] [info] [candidate.cpp:199] InstancePrecompute: built 25 candidates
[2026-10-05 04:37:16.740] [info] [stationary.cpp:264] NN: cost=571.862262, feasible=true, active_stations=1
[2026-10-05 04:37:16.740] [info] [candidate.cpp:199] InstancePrecompute: built 25 candidates
[2026-10-05 04:37:16.740] [info] [stationary.cpp:264] NN: cost=681.453886, feasible=true, active_stations=1
[2026-10-05 04:37:16.740] [info] [candidate.cpp:199] InstancePrecompute: built 25 candidates
[2026-10-05 04:37:16.740] [info] [stationary.cpp:264] NN: cost=77.776932, feasible=true, active_stations=1
[2026-10-05 04:37:16.740] [info] [candidate.cpp:199] InstancePrecompute: built 25 candidates
[2026-10-05 04:37:16.740] [info] [stationary.cpp:264] NN: cost=86.256859, feasible=true, active_stations=1
[2026-10-05 04:37:16.740] [info] [candidate.cpp:199] InstancePrecompute: built 25 candidates
[2026-10-05 04:37:16.740] [info] [stationary.cpp:264] NN: cost=165.366776, feasible=true, active_stations=1
[2026-10-05 04:37:16.740] [info] [candidate.cpp:199] InstancePrecompute: built 25 candidates
[2026-10-05 04:37:16.740] [info] [stationary.cpp:264] NN: cost=36.373267, feasible=true, active_stations=1
[2026-10-05 04:37:16.740] [info] [candidate.cpp:199] InstancePrecompute: built 25 candidates
[2026-10-05 04:37:16.740] [info] [stationary.cpp:264] NN: cost=55.611965, feasible=true, active_stations=1
[2026-10-05 04:37:16.740] [info] [candidate.cpp:199] InstancePrecompute: built 25 candidates
[2026-10-05 04:37:16.740] [info] [stationary.cpp:264] NN: cost=18.839601, feasible=true, active_stations=1
[2026-10-05 04:37:16.740] [info] [candidate.cpp:199] InstancePrecompute: built 25 candidates
[2026-10-05 04:37:16.740] [info] [stationary.cpp:264] NN: cost=60.468090, feasible=true, active_stations=1
[2026-10-05 04:37:16.740] [info] [candidate.cpp:199] InstancePrecompute: built 25 candidates
[2026-10-05 04:37:16.740] [info] [stationary.cpp:264] NN: cost=1175.925453, feasible=true, active_stations=1
[2026-10-05 04:37:16.740] [info] [candidate.cpp:199] InstancePrecompute: built 25 candidates
[2026-10-05 04:37:16.740] [info] [stationary.cpp:264] NN: cost=353.674984, feasible=true, active_stations=1
[2026-10-05 04:37:16.740] [info] [candidate.cpp:199] InstancePrecompute: built 25 candidates
[2026-10-05 04:37:16.740] [info] [stationary.cpp:264] NN: cost=571.862262, feasible=true, active_stations=1
[2026-10-05 04:37:16.740] [info] [candidate.cpp:199] InstancePrecompute: built 25 candidates
[2026-10-05 04:37:16.740] [info] [stationary.cpp:264] NN: cost=681.453886, feasible=true, active_stations=1
[2026-10-05 04:37:16.740] [info] [candidate.cpp:199] InstancePrecompute: built 25 candidates
[2026-10-05 04:37:16.740] [info] [stationary.cpp:264] NN: cost=77.776932, feasible=true, active_stations=1
[2026-10-05 04:37:16.740] [info] [candidate.cpp:199] InstancePrecompute: built 25 candidates
[2026-10-05 04:37:16.740] [info] [stationary.cpp:264] NN: cost=86.256859, feasible=true, active_stations=1
[2026-10-05 04:37:16.740] [info] [candidate.cpp:199] InstancePrecompute: built 25 candidates
[2026-10-05 04:37:16.740] [info] [stationary.cpp:264] NN: cost=165.366776, feasible=true, active_stations=1
[2026-10-05 04:37:16.740] [info] [candidate.cpp:199] InstancePrecompute: built 25 candidates
[2026-10-05 04:37:16.740] [info] [stationary.cpp:264] NN: cost=36.373267, feasible=true, active_stations=1
[2026-10-05 04:37:16.740] [info] [candidate.cpp:199] InstancePrecompute: built 25 candidates
[2026-10-05 04:37:16.740] [info] [stationary.cpp:264] NN: cost=55.611965, feasible=true, active_stations=1
[2026-10-05 04:37:16.740] [info] [candidate.cpp:199] InstancePrecompute: built 25 candidates
[2026-10-05 04:37:16.740] [info] [stationary.cpp:264] NN: cost=18.839601, feasible=true, active_stations=1
[2026-10-05 04:37:16.740] [info] [candidate.cpp:199] InstancePrecompute: built 25 candidates
[2026-10-05 04:37:16.740] [info] [stationary.cpp:264] NN: cost=60.468090, feasible=true, active_stations=1
[2026-10-05 04:37:16.740] [info] [candidate.cpp:199] InstancePrecompute: built 25 candidates
[2026-10-05 04:37:16.740] [info] [stationary.cpp:264] NN: cost=1175.925453, feasible=true, active_stations=1
[2026-10-05 04:37:16.740] [info] [candidate.cpp:199] InstancePrecompute: built 25 candidates
[2026-10-05 04:37:16.740] [info] [stationary.cpp:264] NN: cost=353.674984, feasible=true, active_stations=1
[2026-10-05 04:37:16.740] [info] [candidate.cpp:199] InstancePrecompute: built 25 candidates
[2026-10-05 04:37:16.740] [info] [stationary.cpp:264] NN: cost=571.862262, feasible=true, active_stations=1
[2026-10-05 04:37:16.740] [info] [candidate.cpp:199] InstancePrecompute: built 25 candidates
[2026-10-05 04:37:16.740] [info] [stationary.cpp:264] NN: cost=681.453886, feasible=true, active_stations=1
[2026-10-05 04:37:16.740] [info] [candidate.cpp:199] InstancePrecompute: built 25 candidates
[2026-10-05 04:37:16.740] [info] [stationary.cpp:264] NN: cost=77.776932, feasible=true, active_stations=1
[2026-10-05 04:37:16.740] [info] [candidate.cpp:199] InstancePrecompute: built 25 candidates
[2026-10-05 04:37:16.740] [info] [stationary.cpp:264] NN: cost=86.256859, feasible=true, active_stations=1
[2026-10-05 04:37:16.740] [info] [candidate.cpp:199] InstancePrecompute: built 25 candidates
[2026-10-05 04:37:16.740] [info] [stationary.cpp:264] NN: cost=165.366776, feasible=true, active_stations=1
[2026-10-05 04:37:16.740] [info] [candidate.cpp:199] InstancePrecompute: built 25 candidates
[2026-10-05 04:37:16.740] [info] [stationary.cpp:264] NN: cost=36.373267, feasible=true, active_stations=1
[2026-10-05 04:37:16.740] [info] [candidate.cpp:199] InstancePrecompute: built 25 candidates
[2026-10-05 04:37:16.740] [info] [stationary.cpp:264] NN: cost=55.611965, feasible=true, active_stations=1
[2026-10-05 04:37:16.740] [info] [candidate.cpp:199] InstancePrecompute: built 25 candidates
[2026-10-05 04:37:16.740] [info] [stationary.cpp:264] NN: cost=18.839601, feasible=true, active_stations=1
[2026-10-05 04:37:16.740] [info] [candidate.cpp:199] InstancePrecompute: built 25 candidates
[2026-10-05 04:37:16.740] [info] [stationary.cpp:264] NN: cost=60.468090, feasible=true, active_stations=1
[2026-10-05 04:37:16.740] [info] [candidate.cpp:199] InstancePrecompute: built 25 candidates
[2026-10-05 04:37:16.740] [info] [stationary.cpp:264] NN: cost=1175.925453, feasible=true, active_stations=1
[2026-10-05 04:37:16.740] [info] [candidate.cpp:199] InstancePrecompute: built 25 candidates
[2026-10-05 04:37:16.740] [info] [stationary.cpp:264] NN: cost=353.674984, feasible=true, active_stations=1
[2026-10-05 04:37:16.740] [info] [candidate.cpp:199] InstancePrecompute: built 25 candidates
[2026-10-05 04:37:16.740] [info] [stationary.cpp:264] NN: cost=571.862262, feasible=true, active_stations=1
[2026-10-05 04:37:16.740] [info] [candidate.cpp:199] InstancePrecompute: built 25 candidates
[2026-10-05 04:37:16.740] [info] [stationary.cpp:264] NN: cost=681.453886, feasible=true, active_stations=1
[2026-10-05 04:37:16.740] [info] [candidate.cpp:199] InstancePrecompute: built 25 candidates
[2026-10-05 04:37:16.740] [info] [stationary.cpp:264] NN: cost=77.776932, feasible=true, active_stations=1
[2026-10-05 04:37:16.740] [info] [candidate.cpp:199] InstancePrecompute: built 25 candidates
[2026-10-05 04:37:16.740] [info] [stationary.cpp:264] NN: cost=86.256859, feasible=true, active_stations=1
[2026-10-05 04:37:16.740] [info] [candidate.cpp:199] InstancePrecompute: built 25 candidates
[2026-10-05 04:37:16.740] [info] [stationary.cpp:264] NN: cost=165.366776, feasible=true, active_stations=1
[2026-10-05 04:37:16.740] [info] [candidate.cpp:199] InstancePrecompute: built 25 candidates
[2026-10-05 04:37:16.740] [info] [stationary.cpp:264] NN: cost=36.373267, feasible=true, active_stations=1
[2026-10-05 04:37:16.740] [info] [candidate.cpp:199] InstancePrecompute: built 25 candidates
[2026-10-05 04:37:16.740] [info] [stationary.cpp:264] NN: cost=55.611965, feasible=true, active_stations=1
[2026-10-05 04:37:16.740] [info] [candidate.cpp:199] InstancePrecompute: built 25 candidates
[2026-10-05 04:37:16.740] [info] [stationary.cpp:264] NN: cost=18.839601, feasible=true, active_stations=1
[2026-10-05 04:37:16.740] [info] [candidate.cpp:199] InstancePrecompute: built 25 candidates
[2026-10-05 04:37:16.740] [info] [stationary.cpp:264] NN: cost=60.468090, feasible=true, active_stations=1
[2026-10-05 04:37:16.740] [info] [candidate.cpp:199] InstancePrecompute: built 25 candidates
[2026-10-05 04:37:16.740] [info] [stationary.cpp:264] NN: cost=1175.925453, feasible=true, active_stations=1
[2026-10-05 04:37:16.740] [info] [candidate.cpp:199] InstancePrecompute: built 25 candidates
[2026-10-05 04:37:16.740] [info] [stationary.cpp:264] NN: cost=353.674984, feasible=true, active_stations=1
[2026-10-05 04:37:16.740] [info] [candidate.cpp:199] InstancePrecompute: built 25 candidates
[2026-10-05 04:37:16.740] [info] [stationary.cpp:264] NN: cost=571.862262, feasible=true, active_stations=1
[2026-10-05 04:37:16.740] [info] [candidate.cpp:199] InstancePrecompute: built 25 candidates
[2026-10-05 04:37:16.740] [info] [stationary.cpp:264] NN: cost=681.453886, feasible=true, active_stations=1
[2026-10-05 04:37:16.740] [info] [candidate.cpp:199] InstancePrecompute: built 25 candidates
[2026-10-05 04:37:16.740] [info] [stationary.cpp:264] NN: cost=77.776932, feasible=true, active_stations=1
[2026-10-05 04:37:16.740] [info] [candidate.cpp:199] InstancePrecompute: built 25 candidates
[2026-10-05 04:37:16.740] [info] [stationary.cpp:264] NN: cost=86.256859, feasible=true, active_stations=1
[2026-10-05 04:37:16.740] [info] [candidate.cpp:199] InstancePrecompute: built 25 candidates
[2026-10-05 04:37:16.740] [info] [stationary.cpp:264] NN: cost=165.366776, feasible=true, active_stations=1
[2026-10-05 04:37:16.740] [info] [candidate.cpp:199] InstancePrecompute: built 25 candidates
[2026-10-05 04:37:16.740] [info] [stationary.cpp:264] NN: cost=36.373267, feasible=true, active_stations=1
[2026-10-05 04:37:16.740] [info] [candidate.cpp:199] InstancePrecompute: built 25 candidates
[2026-10-05 04:37:16.740] [info] [stationary.cpp:264] NN: cost=55.611965, feasible=true, active_stations=1
[2026-10-05 04:37:16.740] [info] [candidate.cpp:199] InstancePrecompute: built 25 candidates
[2026-10-05 04:37:16.740] [info] [stationary.cpp:264] NN: cost=18.839601, feasible=true, active_stations=1
[2026-10-05 04:37:16.740] [info] [candidate.cpp:199] InstancePrecompute: built 25 candidates
[2026-10-05 04:37:16.740] [info] [stationary.cpp:264] NN: cost=60.468090, feasible=true, active_stations=1
[2026-10-05 04:37:16.740] [info] [candidate.cpp:199] InstancePrecompute: built 25 candidates
[2026-10-05 04:37:16.740] [info] [stationary.cpp:264] NN: cost=1175.925453, feasible=true, active_stations=1
[2026-10-05 04:37:16.740] [info] [candidate.cpp:199] InstancePrecompute: built 25 candidates
[2026-10-05 04:37:16.740] [info] [stationary.cpp:264] NN: cost=353.674984, feasible=true, active_stations=1
[2026-10-05 04:37:16.740] [info] [candidate.cpp:199] InstancePrecompute: built 50 candidates
[2026-10-05 04:37:16.740] [info] [stationary.cpp:264] NN: cost=681.453886, feasible=true, active_stations=1
[2026-10-05 04:37:16.740] [info] [candidate.cpp:199] InstancePrecompute: built 25 candidates
[2026-10-05 04:37:16.740] [info] [stationary.cpp:264] NN: cost=77.776932, feasible=true, active_stations=1
[2026-10-05 04:37:16.740] [info] [candidate.cpp:199] InstancePrecompute: built 25 candidates
[2026-10-05 04:37:16.740] [info] [stationary.cpp:264] NN: cost=86.256859, feasible=true, active_stations=1
[2026-10-05 04:37:16.740] [info] [candidate.cpp:199] InstancePrecompute: built 25 candidates
[2026-10-05 04:37:16.740] [info] [stationary.cpp:264] NN: cost=165.366776, feasible=true, active_stations=1
[2026-10-05 04:37:16.740] [info] [candidate.cpp:199] InstancePrecompute: built 25 candidates
[2026-10-05 04:37:16.740] [info] [stationary.cpp:264] NN: cost=36.373267, feasible=true, active_stations=1
[2026-10-05 04:37:16.740] [info] [candidate.cpp:199] InstancePrecompute: built 25 candidates
[2026-10-05 04:37:16.740] [info] [stationary.cpp:264] NN: cost=55.611965, feasible=true, active_stations=1
[2026-10-05 04:37:16.740] [info] [candidate.cpp:199] InstancePrecompute: built 25 candidates
[2026-10-05 04:37:16.740] [info] [stationary.cpp:264] NN: cost=18.839601, feasible=true, active_stations=1
[2026-10-05 04:37:16.740] [info] [candidate.cpp:199] InstancePrecompute: built 25 candidates
[2026-10-05 04:37:16.740] [info] [stationary.cpp:264] NN: cost=60.468090, feasible=true, active_stations=1
[2026-10-05 04:37:16.740] [info] [candidate.cpp:199] InstancePrecompute: built 25 candidates
[2026-10-05 04:37:16.740] [info] [stationary.cpp:264] NN: cost=1175.925453, feasible=true, active_stations=1
[2026-10-05 04:37:16.740] [info] [candidate.cpp:199] InstancePrecompute: built 25 candidates
[2026-10-05 04:37:16.740] [info] [stationary.cpp:264] NN: cost=353.674984, feasible=true, active_stations=1
[2026-10-05 04:37:16.740] [info] [candidate.cpp:199] InstancePrecompute: built 25 candidates
[2026-10-05 04:37:16.740] [info] [stationary.cpp:264] NN: cost=571.862262, feasible=true, active_stations=1
[2026-10-05 04:37:16.740] [info] [candidate.cpp:199] InstancePrecompute: built 25 candidates
[2026-10-05 04:37:16.740] [info] [stationary.cpp:264] NN: cost=681.453886, feasible=true, active_stations=1
[2026-10-05 04:37:16.740] [info] [candidate.cpp:199] InstancePrecompute: built 25 candidates
[2026-10-05 04:37:16.740] [info] [stationary.cpp:264] NN: cost=77.776932, feasible=true, active_stations=1
[2026-10-05 04:37:16.740] [info] [candidate.cpp:199] InstancePrecompute: built 25 candidates
[2026-10-05 04:37:16.740] [info] [stationary.cpp:264] NN: cost=86.256859, feasible=true, active_stations=1
[2026-10-05 04:37:16.740] [info] [candidate.cpp:199] InstancePrecompute: built 25 candidates
[2026-10-05 04:37:16.740] [info] [stationary.cpp:264] NN: cost=165.366776, feasible=true, active_stations=1
[2026-10-05 04:37:16.740] [info] [candidate.cpp:199] InstancePrecompute: built 25 candidates
[2026-10-05 04:37:16.740] [info] [stationary.cpp:264] NN: cost=36.373267, feasible=true, active_stations=1
[2026-10-05 04:37:16.740] [info] [candidate.cpp:199] InstancePrecompute: built 25 candidates
[2026-10-05 04:37:16.740] [info] [stationary.cpp:264] NN: cost=55.611965, feasible=true, active_stations=1
[2026-10-05 04:37:16.740] [info] [candidate.cpp:199] InstancePrecompute: built 25 candidates
[2026-10-05 04:37:16.740] [info] [stationary.cpp:264] NN: cost=18.839601, feasible=true, active_stations=1
[2026-10-05 04:37:16.740] [info] [candidate.cpp:199] InstancePrecompute: built 25 candidates
[2026-10-05 04:37:16.740] [info] [stationary.cpp:264] NN: cost=60.468090, feasible=true, active_stations=1
[2026-10-05 04:37:16.740] [info] [candidate.cpp:199] InstancePrecompute: built 25 candidates
[2026-10-05 04:37:16.740] [info] [stationary.cpp:264] NN: cost=1175.925453, feasible=true, active_stations=1
[2026-10-05 04:37:16.740] [info] [candidate.cpp:199] InstancePrecompute: built 25 candidates
[2026-10-05 04:37:16.740] [info] [stationary.cpp:264] NN: cost=353.674984, feasible=true, active_stations=1
[2026-10-05 04:37:16.740] [info] [candidate.cpp:199] InstancePrecompute: built 25 candidates
[2026-10-05 04:37:16.740] [info] [stationary.cpp:264] NN: cost=571.862262, feasible=true, active_stations=1
[2026-10-05 04:37:16.740] [info] [candidate.cpp:199] InstancePrecompute: built 25 candidates
[2026-10-05 04:37:16.740] [info] [stationary.cpp:264] NN: cost=681.453886, feasible=true, active_stations=1
[2026-10-05 04:37:16.740] [info] [candidate.cpp:199] InstancePrecompute: built 25 candidates
[2026-10-05 04:37:16.740] [info] [stationary.cpp:264] NN: cost=77.776932, feasible=true, active_stations=1
[2026-10-05 04:37:16.740] [info] [candidate.cpp:199] InstancePrecompute: built 25 candidates
[2026-10-05 04:37:16.740] [info] [stationary.cpp:264] NN: cost=86.256859, feasible=true, active_stations=1
[2026-10-05 04:37:16.740] [info] [candidate.cpp:199] InstancePrecompute: built 25 candidates
[2026-10-05 04:37:16.740] [info] [stationary.cpp:264] NN: cost=165.366776, feasible=true, active_stations=1
[2026-10-05 04:37:16.740] [info] [candidate.cpp:199] InstancePrecompute: built 25 candidates
[2026-10-05 04:37:16.740] [info] [stationary.cpp:264] NN: cost=36.373267, feasible=true, active_stations=1
[2026-10-05 04:37:16.740] [info] [candidate.cpp:199] InstancePrecompute: built 25 candidates
[2026-10-05 04:37:16.740] [info] [stationary.cpp:264] NN: cost=55.611965, feasible=true, active_stations=1
[2026-10-05 04:37:16.740] [info] [candidate.cpp:199] InstancePrecompute: built 25 candidates
[2026-10-05 04:37:16.740] [info] [stationary.cpp:264] NN: cost=18.839601, feasible=true, active_stations=1
[2026-10-05 04:37:16.740] [info] [candidate.cpp:199] InstancePrecompute: built 25 candidates
[2026-10-05 04:37:16.740] [info] [stationary.cpp:264] NN: cost=60.468090, feasible=true, active_stations=1
[2026-10-05 04:37:16.740] [info] [candidate.cpp:199] InstancePrecompute: built 25 candidates
[2026-10-05 04:37:16.740] [info] [stationary.cpp:264] NN: cost=1175.925453, feasible=true, active_stations=1
[2026-10-05 04:37:16.740] [info] [candidate.cpp:199] InstancePrecompute: built 25 candidates
[2026-10-05 04:37:16.740] [info] [stationary.cpp:264] NN: cost=353.674984, feasible=true, active_stations=1
[2026-10-05 04:37:16.740] [info] [candidate.cpp:199] InstancePrecompute: built 25 candidates
[2026-10-05 04:37:16.740] [info] [stationary.cpp:264] NN: cost=681.453886, feasible=true, active_stations=1
[2026-10-05 04:37:16.740] [info] [candidate.cpp:199] InstancePrecompute: built 25 candidates
[2026-10-05 04:37:16.740] [info] [stationary.cpp:264] NN: cost=77.776932, feasible=true, active_stations=1
[2026-10-05 04:37:16.740] [info] [candidate.cpp:199] InstancePrecompute: built 25 candidates
[2026-10-05 04:37:16.740] [info] [stationary.cpp:264] NN: cost=571.862262, feasible=true, active_stations=1
[2026-10-05 04:37:16.740] [info] [candidate.cpp:199] InstancePrecompute: built 25 candidates
[2026-10-05 04:37:16.740] [info] [stationary.cpp:264] NN: cost=86.256859, feasible=true, active_stations=1
[2026-10-05 04:37:16.740] [info] [candidate.cpp:199] InstancePrecompute: built 25 candidates
[2026-10-05 04:37:16.740] [info] [stationary.cpp:264] NN: cost=165.366776, feasible=true, active_stations=1
[2026-10-05 04:37:16.740] [info] [candidate.cpp:199] InstancePrecompute: built 25 candidates
[2026-10-05 04:37:16.740] [info] [stationary.cpp:264] NN: cost=55.611965, feasible=true, active_stations=1
[2026-10-05 04:37:16.740] [info] [candidate.cpp:199] InstancePrecompute: built 25 candidates
[2026-10-05 04:37:16.740] [info] [stationary.cpp:264] NN: cost=18.839601, feasible=true, active_stations=1
[2026-10-05 04:37:16.740] [info] [candidate.cpp:199] InstancePrecompute: built 25 candidates
[2026-10-05 04:37:16.740] [info] [stationary.cpp:264] NN: cost=36.373267, feasible=true, active_stations=1
[2026-10-05 04:37:16.740] [info] [candidate.cpp:199] InstancePrecompute: built 25 candidates
[2026-10-05 04:37:16.740] [info] [stationary.cpp:264] NN: cost=60.468090, feasible=true, active_stations=1
[2026-10-05 04:37:16.740] [info] [candidate.cpp:199] InstancePrecompute: built 25 candidates
[2026-10-05 04:37:16.740] [info] [stationary.cpp:264] NN: cost=1175.925453, feasible=true, active_stations=1
[2026-10-05 04:37:16.740] [info] [candidate.cpp:199] InstancePrecompute: built 25 candidates
[2026-10-05 04:37:16.740] [info] [stationary.cpp:264] NN: cost=353.674984, feasible=true, active_stations=1
[2026-10-05 04:37:16.740] [info] [candidate.cpp:199] InstancePrecompute: built 25 candidates
[2026-10-05 04:37:16.740] [info] [stationary.cpp:264] NN: cost=681.453886, feasible=true, active_stations=1
[2026-10-05 04:37:16.740] [info] [candidate.cpp:199] InstancePrecompute: built 25 candidates
[2026-10-05 04:37:16.740] [info] [stationary.cpp:264] NN: cost=77.776932, feasible=true, active_stations=1
[2026-10-05 04:37:16.740] [info] [candidate.cpp:199] InstancePrecompute: built 25 candidates
[2026-10-05 04:37:16.741] [info] [stationary.cpp:264] NN: cost=571.862262, feasible=true, active_stations=1
[2026-10-05 04:37:16.741] [info] [candidate.cpp:199] InstancePrecompute: built 25 candidates
[2026-10-05 04:37:16.741] [info] [stationary.cpp:264] NN: cost=86.256859, feasible=true, active_stations=1
[2026-10-05 04:37:16.741] [info] [candidate.cpp:199] InstancePrecompute: built 25 candidates
[2026-10-05 04:37:16.741] [info] [stationary.cpp:264] NN: cost=165.366776, feasible=true, active_stations=1
[2026-10-05 04:37:16.741] [info] [candidate.cpp:199] InstancePrecompute: built 25 candidates
[2026-10-05 04:37:16.741] [info] [stationary.cpp:264] NN: cost=55.611965, feasible=true, active_stations=1
[2026-10-05 04:37:16.741] [info] [candidate.cpp:199] InstancePrecompute: built 25 candidates
[2026-10-05 04:37:16.741] [info] [stationary.cpp:264] NN: cost=18.839601, feasible=true, active_stations=1
[2026-10-05 04:37:16.741] [info] [candidate.cpp:199] InstancePrecompute: built 25 candidates
[2026-10-05 04:37:16.741] [info] [stationary.cpp:264] NN: cost=36.373267, feasible=true, active_stations=1
[2026-10-05 04:37:16.741] [info] [candidate.cpp:199] InstancePrecompute: built 25 candidates
[2026-10-05 04:37:16.741] [info] [stationary.cpp:264] NN: cost=60.468090, feasible=true, active_stations=1
[2026-10-05 04:37:16.741] [info] [candidate.cpp:199] InstancePrecompute: built 25 candidates
[2026-10-05 04:37:16.741] [info] [stationary.cpp:264] NN: cost=1175.925453, feasible=true, active_stations=1
[2026-10-05 04:37:16.741] [info] [candidate.cpp:199] InstancePrecompute: built 25 candidates
[2026-10-05 04:37:16.741] [info] [stationary.cpp:264] NN: cost=353.674984, feasible=true, active_stations=1
[2026-10-05 04:37:16.741] [info] [candidate.cpp:199] InstancePrecompute: built 25 candidates
[2026-10-05 04:37:16.741] [info] [stationary.cpp:264] NN: cost=681.453886, feasible=true, active_stations=1
[2026-10-05 04:37:16.741] [info] [candidate.cpp:199] InstancePrecompute: built 25 candidates
[2026-10-05 04:37:16.741] [info] [stationary.cpp:264] NN: cost=77.776932, feasible=true, active_stations=1
[2026-10-05 04:37:16.741] [info] [candidate.cpp:199] InstancePrecompute: built 25 candidates
[2026-10-05 04:37:16.741] [info] [stationary.cpp:264] NN: cost=571.862262, feasible=true, active_stations=1
[2026-10-05 04:37:16.741] [info] [candidate.cpp:199] InstancePrecompute: built 25 candidates
[2026-10-05 04:37:16.741] [info] [stationary.cpp:264] NN: cost=86.256859, feasible=true, active_stations=1
[2026-10-05 04:37:16.741] [info] [candidate.cpp:199] InstancePrecompute: built 25 candidates
[2026-10-05 04:37:16.741] [info] [stationary.cpp:264] NN: cost=165.366776, feasible=true, active_stations=1
[2026-10-05 04:37:16.741] [info] [candidate.cpp:199] InstancePrecompute: built 25 candidates
[2026-10-05 04:37:16.741] [info] [stationary.cpp:264] NN: cost=55.611965, feasible=true, active_stations=1
[2026-10-05 04:37:16.741] [info] [candidate.cpp:199] InstancePrecompute: built 50 candidates
[2026-10-05 04:37:16.741] [info] [stationary.cpp:264] NN: cost=55.212868, feasible=true, active_stations=2
[2026-10-05 04:37:16.741] [info] [candidate.cpp:199] InstancePrecompute: built 25 candidates
[2026-10-05 04:37:16.741] [info] [stationary.cpp:264] NN: cost=60.468090, feasible=true, active_stations=1
[2026-10-05 04:37:16.741] [info] [candidate.cpp:199] InstancePrecompute: built 25 candidates
[2026-10-05 04:37:16.741] [info] [stationary.cpp:264] NN: cost=1175.925453, feasible=true, active_stations=1
[2026-10-05 04:37:16.741] [info] [candidate.cpp:199] InstancePrecompute: built 25 candidates
[2026-10-05 04:37:16.741] [info] [stationary.cpp:264] NN: cost=353.674984, feasible=true, active_stations=1
[2026-10-05 04:37:16.741] [info] [candidate.cpp:199] InstancePrecompute: built 25 candidates
[2026-10-05 04:37:16.741] [info] [stationary.cpp:264] NN: cost=681.453886, feasible=true, active_stations=1
[2026-10-05 04:37:16.741] [info] [candidate.cpp:199] InstancePrecompute: built 25 candidates
[2026-10-05 04:37:16.741] [info] [stationary.cpp:264] NN: cost=77.776932, feasible=true, active_stations=1
[2026-10-05 04:37:16.741] [info] [candidate.cpp:199] InstancePrecompute: built 25 candidates
[2026-10-05 04:37:16.741] [info] [stationary.cpp:264] NN: cost=571.862262, feasible=true, active_stations=1
[2026-10-05 04:37:16.741] [info] [candidate.cpp:199] InstancePrecompute: built 25 candidates
[2026-10-05 04:37:16.741] [info] [stationary.cpp:264] NN: cost=86.256859, feasible=true, active_stations=1
[2026-10-05 04:37:16.741] [info] [candidate.cpp:199] InstancePrecompute: built 25 candidates
[2026-10-05 04:37:16.741] [info] [stationary.cpp:264] NN: cost=165.366776, feasible=true, active_stations=1
[2026-10-05 04:37:16.741] [info] [candidate.cpp:199] InstancePrecompute: built 25 candidates
[2026-10-05 04:37:16.741] [info] [stationary.cpp:264] NN: cost=55.611965, feasible=true, active_stations=1
[2026-10-05 04:37:16.741] [info] [candidate.cpp:199] InstancePrecompute: built 50 candidates
[2026-10-05 04:37:16.741] [info] [stationary.cpp:264] NN: cost=55.212868, feasible=true, active_stations=2
[2026-10-05 04:37:16.741] [info] [candidate.cpp:199] InstancePrecompute: built 25 candidates
[2026-10-05 04:37:16.741] [info] [stationary.cpp:264] NN: cost=60.468090, feasible=true, active_stations=1
[2026-10-05 04:37:16.741] [info] [candidate.cpp:199] InstancePrecompute: built 25 candidates
[2026-10-05 04:37:16.741] [info] [stationary.cpp:264] NN: cost=1175.925453, feasible=true, active_stations=1
[2026-10-05 04:37:16.741] [info] [candidate.cpp:199] InstancePrecompute: built 25 candidates
[2026-10-05 04:37:16.741] [info] [stationary.cpp:264] NN: cost=353.674984, feasible=true, active_stations=1
[2026-10-05 04:37:16.741] [info] [candidate.cpp:199] InstancePrecompute: built 25 candidates
[2026-10-05 04:37:16.741] [info] [stationary.cpp:264] NN: cost=681.453886, feasible=true, active_stations=1
[2026-10-05 04:37:16.741] [info] [candidate.cpp:199] InstancePrecompute: built 25 candidates
[2026-10-05 04:37:16.741] [info] [stationary.cpp:264] NN: cost=77.776932, feasible=true, active_stations=1
[2026-10-05 04:37:16.741] [info] [candidate.cpp:199] InstancePrecompute: built 25 candidates
[2026-10-05 04:37:16.741] [info] [stationary.cpp:264] NN: cost=571.862262, feasible=true, active_stations=1
[2026-10-05 04:37:16.741] [info] [candidate.cpp:199] InstancePrecompute: built 25 candidates
[2026-10-05 04:37:16.741] [info] [stationary.cpp:264] NN: cost=86.256859, feasible=true, active_stations=1
[2026-10-05 04:37:16.741] [info] [candidate.cpp:199] InstancePrecompute: built 25 candidates
[2026-10-05 04:37:16.741] [info] [stationary.cpp:264] NN: cost=165.366776, feasible=true, active_stations=1
[2026-10-05 04:37:16.741] [info] [candidate.cpp:199] InstancePrecompute: built 25 candidates
[2026-10-05 04:37:16.741] [info] [stationary.cpp:264] NN: cost=55.611965, feasible=true, active_stations=1
[2026-10-05 04:37:16.741] [info] [candidate.cpp:199] InstancePrecompute: built 50 candidates
[2026-10-05 04:37:16.741] [info] [stationary.cpp:264] NN: cost=55.212868, feasible=true, active_stations=2
[2026-10-05 04:37:16.741] [info] [candidate.cpp:199] InstancePrecompute: built 25 candidates
[2026-10-05 04:37:16.741] [info] [stationary.cpp:264] NN: cost=60.468090, feasible=true, active_stations=1
[2026-10-05 04:37:16.741] [info] [candidate.cpp:199] InstancePrecompute: built 25 candidates
[2026-10-05 04:37:16.741] [info] [stationary.cpp:264] NN: cost=1175.925453, feasible=true, active_stations=1
[2026-10-05 04:37:16.741] [info] [candidate.cpp:199] InstancePrecompute: built 25 candidates
[2026-10-05 04:37:16.741] [info] [stationary.cpp:264] NN: cost=353.674984, feasible=true, active_stations=1
[2026-10-05 04:37:16.741] [info] [candidate.cpp:199] InstancePrecompute: built 25 candidates
[2026-10-05 04:37:16.741] [info] [stationary.cpp:264] NN: cost=681.453886, feasible=true, active_stations=1
[2026-10-05 04:37:16.741] [info] [candidate.cpp:199] InstancePrecompute: built 25 candidates
[2026-10-05 04:37:16.741] [info] [stationary.cpp:264] NN: cost=77.776932, feasible=true, active_stations=1
[2026-10-05 04:37:16.741] [info] [candidate.cpp:199] InstancePrecompute: built 25 candidates
[2026-10-05 04:37:16.741] [info] [stationary.cpp:264] NN: cost=571.862262, feasible=true, active_stations=1
[2026-10-05 04:37:16.741] [info] [candidate.cpp:199] InstancePrecompute: built 25 candidates
[2026-10-05 04:37:16.741] [info] [stationary.cpp:264] NN: cost=86.256859, feasible=true, active_stations=1
[2026-10-05 04:37:16.741] [info] [candidate.cpp:199] InstancePrecompute: built 25 candidates
[2026-10-05 04:37:16.741] [info] [stationary.cpp:264] NN: cost=165.366776, feasible=true, active_stations=1
[2026-10-05 04:37:16.741] [info] [candidate.cpp:199] InstancePrecompute: built 25 candidates
[2026-10-05 04:37:16.741] [info] [stationary.cpp:264] NN: cost=55.611965, feasible=true, active_stations=1
[2026-10-05 04:37:16.741] [info] [candidate.cpp:199] InstancePrecompute: built 25 candidates
[2026-10-05 04:37:16.741] [info] [stationary.cpp:264] NN: cost=18.839601, feasible=true, active_stations=1
[2026-10-05 04:37:16.741] [info] [candidate.cpp:199] InstancePrecompute: built 50 candidates
[2026-10-05 04:37:16.741] [info] [stationary.cpp:264] NN: cost=60.468090, feasible=true, active_stations=1
[2026-10-05 04:37:16.741] [info] [candidate.cpp:199] InstancePrecompute: built 25 candidates
[2026-10-05 04:37:16.741] [info] [stationary.cpp:264] NN: cost=1175.925453, feasible=true, active_stations=1
[2026-10-05 04:37:16.741] [info] [candidate.cpp:199] InstancePrecompute: built 25 candidates
[2026-10-05 04:37:16.741] [info] [stationary.cpp:264] NN: cost=353.674984, feasible=true, active_stations=1
[2026-10-05 04:37:16.741] [info] [candidate.cpp:199] InstancePrecompute: built 25 candidates
[2026-10-05 04:37:16.741] [info] [stationary.cpp:264] NN: cost=681.453886, feasible=true, active_stations=1
[2026-10-05 04:37:16.741] [info] [candidate.cpp:199] InstancePrecompute: built 25 candidates
[2026-10-05 04:37:16.741] [info] [stationary.cpp:264] NN: cost=77.776932, feasible=true, active_stations=1
[2026-10-05 04:37:16.741] [info] [candidate.cpp:199] InstancePrecompute: built 25 candidates
[2026-10-05 04:37:16.741] [info] [stationary.cpp:264] NN: cost=571.862262, feasible=true, active_stations=1
[2026-10-05 04:37:16.741] [info] [candidate.cpp:199] InstancePrecompute: built 25 candidates
[2026-10-05 04:37:16.741] [info] [stationary.cpp:264] NN: cost=86.256859, feasible=true, active_stations=1
[2026-10-05 04:37:16.741] [info] [candidate.cpp:199] InstancePrecompute: built 25 candidates
[2026-10-05 04:37:16.741] [info] [stationary.cpp:264] NN: cost=165.366776, feasible=true, active_stations=1
[2026-10-05 04:37:16.741] [info] [candidate.cpp:199] InstancePrecompute: built 25 candidates
[2026-10-05 04:37:16.741] [info] [stationary.cpp:264] NN: cost=55.611965, feasible=true, active_stations=1
[2026-10-05 04:37:16.741] [info] [candidate.cpp:199] InstancePrecompute: built 25 candidates
[2026-10-05 04:37:16.741] [info] [stationary.cpp:264] NN: cost=18.839601, feasible=true, active_stations=1
[2026-10-05 04:37:16.741] [info] [candidate.cpp:199] InstancePrecompute: built 50 candidates
[2026-10-05 04:37:16.741] [info] [stationary.cpp:264] NN: cost=60.468090, feasible=true, active_stations=1
[2026-10-05 04:37:16.741] [info] [candidate.cpp:199] InstancePrecompute: built 25 candidates
[2026-10-05 04:37:16.741] [info] [stationary.cpp:264] NN: cost=1175.925453, feasible=true, active_stations=1
[2026-10-05 04:37:16.741] [info] [candidate.cpp:199] InstancePrecompute: built 25 candidates
[2026-10-05 04:37:16.741] [info] [stationary.cpp:264] NN: cost=353.674984, feasible=true, active_stations=1
[2026-10-05 04:37:16.741] [info] [candidate.cpp:199] InstancePrecompute: built 25 candidates
[2026-10-05 04:37:16.741] [info] [stationary.cpp:264] NN: cost=681.453886, feasible=true, active_stations=1
[2026-10-05 04:37:16.741] [info] [candidate.cpp:199] InstancePrecompute: built 25 candidates
[2026-10-05 04:37:16.741] [info] [stationary.cpp:264] NN: cost=77.776932, feasible=true, active_stations=1
[2026-10-05 04:37:16.741] [info] [candidate.cpp:199] InstancePrecompute: built 25 candidates
[2026-10-05 04:37:16.741] [info] [stationary.cpp:264] NN: cost=571.862262, feasible=true, active_stations=1
[2026-10-05 04:37:16.741] [info] [candidate.cpp:199] InstancePrecompute: built 25 candidates
[2026-10-05 04:37:16.741] [info] [stationary.cpp:264] NN: cost=86.256859, feasible=true, active_stations=1
[2026-10-05 04:37:16.741] [info] [candidate.cpp:199] InstancePrecompute: built 25 candidates
[2026-10-05 04:37:16.741] [info] [stationary.cpp:264] NN: cost=165.366776, feasible=true, active_stations=1
[2026-10-05 04:37:16.741] [info] [candidate.cpp:199] InstancePrecompute: built 25 candidates
[2026-10-05 04:37:16.741] [info] [stationary.cpp:264] NN: cost=55.611965, feasible=true, active_stations=1
[2026-10-05 04:37:16.741] [info] [candidate.cpp:199] InstancePrecompute: built 25 candidates
[2026-10-05 04:37:16.741] [info] [stationary.cpp:264] NN: cost=18.839601, feasible=true, active_stations=1
[2026-10-05 04:37:16.741] [info] [candidate.cpp:199] InstancePrecompute: built 50 candidates
[2026-10-05 04:37:16.741] [info] [stationary.cpp:264] NN: cost=60.468090, feasible=true, active_stations=1
[2026-10-05 04:37:16.741] [info] [candidate.cpp:199] InstancePrecompute: built 25 candidates
[2026-10-05 04:37:16.741] [info] [stationary.cpp:264] NN: cost=1175.925453, feasible=true, active_stations=1
[2026-10-05 04:37:16.741] [info] [candidate.cpp:199] InstancePrecompute: built 25 candidates
[2026-10-05 04:37:16.741] [info] [stationary.cpp:264] NN: cost=353.674984, feasible=true, active_stations=1
[2026-10-05 04:37:16.741] [info] [candidate.cpp:199] InstancePrecompute: built 25 candidates
[2026-10-05 04:37:16.741] [info] [stationary.cpp:264] NN: cost=681.453886, feasible=true, active_stations=1
[2026-10-05 04:37:16.741] [info] [candidate.cpp:199] InstancePrecompute: built 25 candidates
[2026-10-05 04:37:16.741] [info] [stationary.cpp:264] NN: cost=571.862262, feasible=true, active_stations=1
[2026-10-05 04:37:16.741] [info] [candidate.cpp:199] InstancePrecompute: built 25 candidates
[2026-10-05 04:37:16.741] [info] [stationary.cpp:264] NN: cost=77.776932, feasible=true, active_stations=1
[2026-10-05 04:37:16.741] [info] [candidate.cpp:199] InstancePrecompute: built 25 candidates
[2026-10-05 04:37:16.741] [info] [stationary.cpp:264] NN: cost=86.256859, feasible=true, active_stations=1
[2026-10-05 04:37:16.741] [info] [candidate.cpp:199] InstancePrecompute: built 25 candidates
[2026-10-05 04:37:16.741] [info] [stationary.cpp:264] NN: cost=165.366776, feasible=true, active_stations=1
[2026-10-05 04:37:16.741] [info] [candidate.cpp:199] InstancePrecompute: built 25 candidates
[2026-10-05 04:37:16.741] [info] [stationary.cpp:264] NN: cost=55.611965, feasible=true, active_stations=1
[2026-10-05 04:37:16.741] [info] [candidate.cpp:199] InstancePrecompute: built 25 candidates
[2026-10-05 04:37:16.741] [info] [stationary.cpp:264] NN: cost=18.839601, feasible=true, active_stations=1
[2026-10-05 04:37:16.741] [info] [candidate.cpp:199] InstancePrecompute: built 25 candidates
[2026-10-05 04:37:16.741] [info] [stationary.cpp:264] NN: cost=36.373267, feasible=true, active_stations=1
[2026-10-05 04:37:16.741] [info] [candidate.cpp:199] InstancePrecompute: built 25 candidates
[2026-10-05 04:37:16.741] [info] [stationary.cpp:264] NN: cost=60.468090, feasible=true, active_stations=1
[2026-10-05 04:37:16.741] [info] [candidate.cpp:199] InstancePrecompute: built 25 candidates
[2026-10-05 04:37:16.741] [info] [stationary.cpp:264] NN: cost=1175.925453, feasible=true, active_stations=1
[2026-10-05 04:37:16.741] [info] [candidate.cpp:199] InstancePrecompute: built 25 candidates
[2026-10-05 04:37:16.741] [info] [stationary.cpp:264] NN: cost=353.674984, feasible=true, active_stations=1
[2026-10-05 04:37:16.741] [info] [candidate.cpp:199] InstancePrecompute: built 25 candidates
[2026-10-05 04:37:16.741] [info] [stationary.cpp:264] NN: cost=681.453886, feasible=true, active_stations=1
[2026-10-05 04:37:16.741] [info] [candidate.cpp:199] InstancePrecompute: built 25 candidates
[2026-10-05 04:37:16.741] [info] [stationary.cpp:264] NN: cost=571.862262, feasible=true, active_stations=1
[2026-10-05 04:37:16.741] [info] [candidate.cpp:199] InstancePrecompute: built 25 candidates
[2026-10-05 04:37:16.741] [info] [stationary.cpp:264] NN: cost=77.776932, feasible=true, active_stations=1
[2026-10-05 04:37:16.741] [info] [candidate.cpp:199] InstancePrecompute: built 25 candidates
[2026-10-05 04:37:16.741] [info] [stationary.cpp:264] NN: cost=86.256859, feasible=true, active_stations=1
[2026-10-05 04:37:16.741] [info] [candidate.cpp:199] InstancePrecompute: built 25 candidates
[2026-10-05 04:37:16.741] [info] [stationary.cpp:264] NN: cost=165.366776, feasible=true, active_stations=1
[2026-10-05 04:37:16.741] [info] [candidate.cpp:199] InstancePrecompute: built 25 candidates
[2026-10-05 04:37:16.741] [info] [stationary.cpp:264] NN: cost=55.611965, feasible=true, active_stations=1
[2026-10-05 04:37:16.741] [info] [candidate.cpp:199] InstancePrecompute: built 25 candidates
[2026-10-05 04:37:16.741] [info] [stationary.cpp:264] NN: cost=18.839601, feasible=true, active_stations=1
[2026-10-05 04:37:16.741] [info] [candidate.cpp:199] InstancePrecompute: built 25 candidates
[2026-10-05 04:37:16.741] [info] [stationary.cpp:264] NN: cost=36.373267, feasible=true, active_stations=1
[2026-10-05 04:37:16.741] [info] [candidate.cpp:199] InstancePrecompute: built 25 candidates
[2026-10-05 04:37:16.741] [info] [stationary.cpp:264] NN: cost=60.468090, feasible=true, active_stations=1
[2026-10-05 04:37:16.741] [info] [candidate.cpp:199] InstancePrecompute: built 25 candidates
[2026-10-05 04:37:16.741] [info] [stationary.cpp:264] NN: cost=1175.925453, feasible=true, active_stations=1
[2026-10-05 04:37:16.741] [info] [candidate.cpp:199] InstancePrecompute: built 25 candidates
[2026-10-05 04:37:16.741] [info] [stationary.cpp:264] NN: cost=353.674984, feasible=true, active_stations=1
[2026-10-05 04:37:16.741] [info] [candidate.cpp:199] InstancePrecompute: built 25 candidates
[2026-10-05 04:37:16.741] [info] [stationary.cpp:264] NN: cost=681.453886, feasible=true, active_stations=1
[2026-10-05 04:37:16.741] [info] [candidate.cpp:199] InstancePrecompute: built 25 candidates
[2026-10-05 04:37:16.741] [info] [stationary.cpp:264] NN: cost=571.862262, feasible=true, active_stations=1
[2026-10-05 04:37:16.741] [info] [candidate.cpp:199] InstancePrecompute: built 25 candidates
[2026-10-05 04:37:16.741] [info] [stationary.cpp:264] NN: cost=77.776932, feasible=true, active_stations=1
[2026-10-05 04:37:16.741] [info] [candidate.cpp:199] InstancePrecompute: built 25 candidates
[2026-10-05 04:37:16.741] [info] [stationary.cpp:264] NN: cost=86.256859, feasible=true, active_stations=1
[2026-10-05 04:37:16.741] [info] [candidate.cpp:199] InstancePrecompute: built 25 candidates
[2026-10-05 04:37:16.741] [info] [stationary.cpp:264] NN: cost=165.366776, feasible=true, active_stations=1
[2026-10-05 04:37:16.741] [info] [candidate.cpp:199] InstancePrecompute: built 25 candidates
[2026-10-05 04:37:16.741] [info] [stationary.cpp:264] NN: cost=55.611965, feasible=true, active_stations=1
[2026-10-05 04:37:16.741] [info] [candidate.cpp:199] InstancePrecompute: built 50 candidates
[2026-10-05 04:37:16.741] [info] [stationary.cpp:264] NN: cost=55.212868, feasible=true, active_stations=2
[2026-10-05 04:37:16.741] [info] [candidate.cpp:199] InstancePrecompute: built 25 candidates
[2026-10-05 04:37:16.741] [info] [stationary.cpp:264] NN: cost=60.468090, feasible=true, active_stations=1
[2026-10-05 04:37:16.741] [info] [candidate.cpp:199] InstancePrecompute: built 25 candidates
[2026-10-05 04:37:16.741] [info] [stationary.cpp:264] NN: cost=1175.925453, feasible=true, active_stations=1
[2026-10-05 04:37:16.741] [info] [candidate.cpp:199] InstancePrecompute: built 25 candidates
[2026-10-05 04:37:16.741] [info] [stationary.cpp:264] NN: cost=353.674984, feasible=true, active_stations=1
[2026-10-05 04:37:16.741] [info] [candidate.cpp:199] InstancePrecompute: built 25 candidates
[2026-10-05 04:37:16.741] [info] [stationary.cpp:264] NN: cost=681.453886, feasible=true, active_stations=1
[2026-10-05 04:37:16.741] [info] [candidate.cpp:199] InstancePrecompute: built 25 candidates
[2026-10-05 04:37:16.741] [info] [stationary.cpp:264] NN: cost=571.862262, feasible=true, active_stations=1
[2026-10-05 04:37:16.741] [info] [candidate.cpp:199] InstancePrecompute: built 25 candidates
[2026-10-05 04:37:16.741] [info] [stationary.cpp:264] NN: cost=77.776932, feasible=true, active_stations=1
[2026-10-05 04:37:16.741] [info] [candidate.cpp:199] InstancePrecompute: built 25 candidates
[2026-10-05 04:37:16.741] [info] [stationary.cpp:264] NN: cost=86.256859, feasible=true, active_stations=1
[2026-10-05 04:37:16.741] [info] [candidate.cpp:199] InstancePrecompute: built 25 candidates
[2026-10-05 04:37:16.741] [info] [stationary.cpp:264] NN: cost=165.366776, feasible=true, active_stations=1
[2026-10-05 04:37:16.741] [info] [candidate.cpp:199] InstancePrecompute: built 25 candidates
[2026-10-05 04:37:16.741] [info] [stationary.cpp:264] NN: cost=55.611965, feasible=true, active_stations=1
[2026-10-05 04:37:16.741] [info] [candidate.cpp:199] InstancePrecompute: built 50 candidates
[2026-10-05 04:37:16.741] [info] [stationary.cpp:264] NN: cost=55.212868, feasible=true, active_stations=2
[2026-10-05 04:37:16.741] [info] [candidate.cpp:199] InstancePrecompute: built 25 candidates
[2026-10-05 04:37:16.741] [info] [stationary.cpp:264] NN: cost=60.468090, feasible=true, active_stations=1
[2026-10-05 04:37:16.741] [info] [candidate.cpp:199] InstancePrecompute: built 25 candidates
[2026-10-05 04:37:16.741] [info] [stationary.cpp:264] NN: cost=1175.925453, feasible=true, active_stations=1
[2026-10-05 04:37:16.741] [info] [candidate.cpp:199] InstancePrecompute: built 25 candidates
[2026-10-05 04:37:16.741] [info] [stationary.cpp:264] NN: cost=353.674984, feasible=true, active_stations=1
[2026-10-05 04:37:16.741] [info] [candidate.cpp:199] InstancePrecompute: built 25 candidates
[2026-10-05 04:37:16.741] [info] [stationary.cpp:264] NN: cost=681.453886, feasible=true, active_stations=1
[2026-10-05 04:37:16.741] [info] [candidate.cpp:199] InstancePrecompute: built 25 candidates
[2026-10-05 04:37:16.741] [info] [stationary.cpp:264] NN: cost=571.862262, feasible=true, active_stations=1
[2026-10-05 04:37:16.741] [info] [candidate.cpp:199] InstancePrecompute: built 25 candidates
[2026-10-05 04:37:16.741] [info] [stationary.cpp:264] NN: cost=77.776932, feasible=true, active_stations=1
[2026-10-05 04:37:16.741] [info] [candidate.cpp:199] InstancePrecompute: built 25 candidates
[2026-10-05 04:37:16.741] [info] [stationary.cpp:264] NN: cost=86.256859, feasible=true, active_stations=1
[2026-10-05 04:37:16.741] [info] [candidate.cpp:199] InstancePrecompute: built 25 candidates
[2026-10-05 04:37:16.741] [info] [stationary.cpp:264] NN: cost=165.366776, feasible=true, active_stations=1
[2026-10-05 04:37:16.741] [info] [candidate.cpp:199] InstancePrecompute: built 25 candidates
[2026-10-05 04:37:16.741] [info] [stationary.cpp:264] NN: cost=55.611965, feasible=true, active_stations=1
[2026-10-05 04:37:16.741] [info] [candidate.cpp:199] InstancePrecompute: built 50 candidates
[2026-10-05 04:37:16.741] [info] [stationary.cpp:264] NN: cost=55.212868, feasible=true, active_stations=2
[2026-10-05 04:37:16.741] [info] [candidate.cpp:199] InstancePrecompute: built 25 candidates
[2026-10-05 04:37:16.741] [info] [stationary.cpp:264] NN: cost=60.468090, feasible=true, active_stations=1
[2026-10-05 04:37:16.741] [info] [candidate.cpp:199] InstancePrecompute: built 25 candidates
[2026-10-05 04:37:16.741] [info] [stationary.cpp:264] NN: cost=1175.925453, feasible=true, active_stations=1
[2026-10-05 04:37:16.741] [info] [candidate.cpp:199] InstancePrecompute: built 25 candidates
[2026-10-05 04:37:16.741] [info] [stationary.cpp:264] NN: cost=353.674984, feasible=true, active_stations=1
[2026-10-05 04:37:16.741] [info] [candidate.cpp:199] InstancePrecompute: built 25 candidates
[2026-10-05 04:37:16.741] [info] [stationary.cpp:264] NN: cost=681.453886, feasible=true, active_stations=1
[2026-10-05 04:37:16.741] [info] [candidate.cpp:199] InstancePrecompute: built 25 candidates
[2026-10-05 04:37:16.741] [info] [stationary.cpp:264] NN: cost=571.862262, feasible=true, active_stations=1
[2026-10-05 04:37:16.741] [info] [candidate.cpp:199] InstancePrecompute: built 25 candidates
[2026-10-05 04:37:16.741] [info] [stationary.cpp:264] NN: cost=77.776932, feasible=true, active_stations=1
[2026-10-05 04:37:16.741] [info] [candidate.cpp:199] InstancePrecompute: built 25 candidates
[2026-10-05 04:37:16.741] [info] [stationary.cpp:264] NN: cost=86.256859, feasible=true, active_stations=1
[2026-10-05 04:37:16.741] [info] [candidate.cpp:199] InstancePrecompute: built 25 candidates
[2026-10-05 04:37:16.741] [info] [stationary.cpp:264] NN: cost=165.366776, feasible=true, active_stations=1
[2026-10-05 04:37:16.741] [info] [candidate.cpp:199] InstancePrecompute: built 25 candidates
[2026-10-05 04:37:16.741] [info] [stationary.cpp:264] NN: cost=55.611965, feasible=true, active_stations=1
[2026-10-05 04:37:16.741] [info] [candidate.cpp:199] InstancePrecompute: built 25 candidates
[2026-10-05 04:37:16.741] [info] [stationary.cpp:264] NN: cost=18.839601, feasible=true, active_stations=1
[2026-10-05 04:37:16.741] [info] [candidate.cpp:199] InstancePrecompute: built 50 candidates
[2026-10-05 04:37:16.741] [info] [stationary.cpp:264] NN: cost=60.468090, feasible=true, active_stations=1
[2026-10-05 04:37:16.741] [info] [candidate.cpp:199] InstancePrecompute: built 25 candidates
[2026-10-05 04:37:16.741] [info] [stationary.cpp:264] NN: cost=1175.925453, feasible=true, active_stations=1
[2026-10-05 04:37:16.741] [info] [candidate.cpp:199] InstancePrecompute: built 25 candidates
[2026-10-05 04:37:16.741] [info] [stationary.cpp:264] NN: cost=353.674984, feasible=true, active_stations=1
[2026-10-05 04:37:16.741] [info] [candidate.cpp:199] InstancePrecompute: built 25 candidates
[2026-10-05 04:37:16.741] [info] [stationary.cpp:264] NN: cost=681.453886, feasible=true, active_stations=1
[2026-10-05 04:37:16.741] [info] [candidate.cpp:199] InstancePrecompute: built 25 candidates
[2026-10-05 04:37:16.741] [info] [stationary.cpp:264] NN: cost=571.862262, feasible=true, active_stations=1
[2026-10-05 04:37:16.741] [info] [candidate.cpp:199] InstancePrecompute: built 25 candidates
[2026-10-05 04:37:16.741] [info] [stationary.cpp:264] NN: cost=77.776932, feasible=true, active_stations=1
[2026-10-05 04:37:16.741] [info] [candidate.cpp:199] InstancePrecompute: built 25 candidates
[2026-10-05 04:37:16.741] [info] [stationary.cpp:264] NN: cost=86.256859, feasible=true, active_stations=1
[2026-10-05 04:37:16.741] [info] [candidate.cpp:199] InstancePrecompute: built 25 candidates
[2026-10-05 04:37:16.741] [info] [stationary.cpp:264] NN: cost=165.366776, feasible=true, active_stations=1
[2026-10-05 04:37:16.741] [info] [candidate.cpp:199] InstancePrecompute: built 25 candidates
[2026-10-05 04:37:16.741] [info] [stationary.cpp:264] NN: cost=55.611965, feasible=true, active_stations=1
[2026-10-05 04:37:16.741] [info] [candidate.cpp:199] InstancePrecompute: built 25 candidates
[2026-10-05 04:37:16.741] [info] [stationary.cpp:264] NN: cost=18.839601, feasible=true, active_stations=1
[2026-10-05 04:37:16.741] [info] [candidate.cpp:199] InstancePrecompute: built 50 candidates
[2026-10-05 04:37:16.741] [info] [stationary.cpp:264] NN: cost=60.468090, feasible=true, active_stations=1
[2026-10-05 04:37:16.741] [info] [candidate.cpp:199] InstancePrecompute: built 25 candidates
[2026-10-05 04:37:16.741] [info] [stationary.cpp:264] NN: cost=1175.925453, feasible=true, active_stations=1
[2026-10-05 04:37:16.741] [info] [candidate.cpp:199] InstancePrecompute: built 25 candidates
[2026-10-05 04:37:16.741] [info] [stationary.cpp:264] NN: cost=353.674984, feasible=true, active_stations=1
[2026-10-05 04:37:16.741] [info] [candidate.cpp:199] InstancePrecompute: built 25 candidates
[2026-10-05 04:37:16.741] [info] [stationary.cpp:264] NN: cost=681.453886, feasible=true, active_stations=1
[2026-10-05 04:37:16.741] [info] [candidate.cpp:199] InstancePrecompute: built 25 candidates
[2026-10-05 04:37:16.741] [info] [stationary.cpp:264] NN: cost=571.862262, feasible=true, active_stations=1
[2026-10-05 04:37:16.741] [info] [candidate.cpp:199] InstancePrecompute: built 25 candidates
[2026-10-05 04:37:16.741] [info] [stationary.cpp:264] NN: cost=77.776932, feasible=true, active_stations=1
[2026-10-05 04:37:16.741] [info] [candidate.cpp:199] InstancePrecompute: built 25 candidates
[2026-10-05 04:37:16.741] [info] [stationary.cpp:264] NN: cost=86.256859, feasible=true, active_stations=1
[2026-10-05 04:37:16.741] [info] [candidate.cpp:199] InstancePrecompute: built 25 candidates
[2026-10-05 04:37:16.741] [info] [stationary.cpp:264] NN: cost=165.366776, feasible=true, active_stations=1
[2026-10-05 04:37:16.741] [info] [candidate.cpp:199] InstancePrecompute: built 25 candidates
[2026-10-05 04:37:16.741] [info] [stationary.cpp:264] NN: cost=55.611965, feasible=true, active_stations=1
[2026-10-05 04:37:16.741] [info] [candidate.cpp:199] InstancePrecompute: built 25 candidates
[2026-10-05 04:37:16.741] [info] [stationary.cpp:264] NN: cost=18.839601, feasible=true, active_stations=1
[2026-10-05 04:37:16.741] [info] [candidate.cpp:199] InstancePrecompute: built 50 candidates
[2026-10-05 04:37:16.741] [info] [stationary.cpp:264] NN: cost=60.468090, feasible=true, active_stations=1
[2026-10-05 04:37:16.741] [info] [candidate.cpp:199] InstancePrecompute: built 25 candidates
[2026-10-05 04:37:16.741] [info] [stationary.cpp:264] NN: cost=1175.925453, feasible=true, active_stations=1
[2026-10-05 04:37:16.741] [info] [candidate.cpp:199] InstancePrecompute: built 25 candidates
[2026-10-05 04:37:16.741] [info] [stationary.cpp:264] NN: cost=353.674984, feasible=true, active_stations=1
[2026-10-05 04:37:16.741] [info] [candidate.cpp:199] InstancePrecompute: built 25 candidates
[2026-10-05 04:37:16.741] [info] [stationary.cpp:264] NN: cost=571.862262, feasible=true, active_stations=1
[2026-10-05 04:37:16.741] [info] [candidate.cpp:199] InstancePrecompute: built 25 candidates
[2026-10-05 04:37:16.741] [info] [stationary.cpp:264] NN: cost=681.453886, feasible=true, active_stations=1
[2026-10-05 04:37:16.741] [info] [candidate.cpp:199] InstancePrecompute: built 25 candidates
[2026-10-05 04:37:16.741] [info] [stationary.cpp:264] NN: cost=77.776932, feasible=true, active_stations=1
[2026-10-05 04:37:16.741] [info] [candidate.cpp:199] InstancePrecompute: built 25 candidates
[2026-10-05 04:37:16.741] [info] [stationary.cpp:264] NN: cost=86.256859, feasible=true, active_stations=1
[2026-10-05 04:37:16.741] [info] [candidate.cpp:199] InstancePrecompute: built 25 candidates
[2026-10-05 04:37:16.741] [info] [stationary.cpp:264] NN: cost=165.366776, feasible=true, active_stations=1
[2026-10-05 04:37:16.741] [info] [candidate.cpp:199] InstancePrecompute: built 25 candidates
[2026-10-05 04:37:16.741] [info] [stationary.cpp:264] NN: cost=55.611965, feasible=true, active_stations=1
[2026-10-05 04:37:16.742] [info] [candidate.cpp:199] InstancePrecompute: built 25 candidates
[2026-10-05 04:37:16.742] [info] [stationary.cpp:264] NN: cost=18.839601, feasible=true, active_stations=1
[2026-10-05 04:37:16.742] [info] [candidate.cpp:199] InstancePrecompute: built 25 candidates
[2026-10-05 04:37:16.742] [info] [stationary.cpp:264] NN: cost=36.373267, feasible=true, active_stations=1
[2026-10-05 04:37:16.742] [info] [candidate.cpp:199] InstancePrecompute: built 25 candidates
[2026-10-05 04:37:16.742] [info] [stationary.cpp:264] NN: cost=60.468090, feasible=true, active_stations=1
[2026-10-05 04:37:16.742] [info] [candidate.cpp:199] InstancePrecompute: built 25 candidates
[2026-10-05 04:37:16.742] [info] [stationary.cpp:264] NN: cost=1175.925453, feasible=true, active_stations=1
[2026-10-05 04:37:16.742] [info] [candidate.cpp:199] InstancePrecompute: built 25 candidates
[2026-10-05 04:37:16.742] [info] [stationary.cpp:264] NN: cost=353.674984, feasible=true, active_stations=1
[2026-10-05 04:37:16.742] [info] [candidate.cpp:199] InstancePrecompute: built 25 candidates
[2026-10-05 04:37:16.742] [info] [stationary.cpp:264] NN: cost=571.862262, feasible=true, active_stations=1
[2026-10-05 04:37:16.742] [info] [candidate.cpp:199] InstancePrecompute: built 25 candidates
[2026-10-05 04:37:16.742] [info] [stationary.cpp:264] NN: cost=681.453886, feasible=true, active_stations=1
[2026-10-05 04:37:16.742] [info] [candidate.cpp:199] InstancePrecompute: built 25 candidates
[2026-10-05 04:37:16.742] [info] [stationary.cpp:264] NN: cost=77.776932, feasible=true, active_stations=1
[2026-10-05 04:37:16.742] [info] [candidate.cpp:199] InstancePrecompute: built 25 candidates
[2026-10-05 04:37:16.742] [info] [stationary.cpp:264] NN: cost=86.256859, feasible=true, active_stations=1
[2026-10-05 04:37:16.742] [info] [candidate.cpp:199] InstancePrecompute: built 25 candidates
[2026-10-05 04:37:16.742] [info] [stationary.cpp:264] NN: cost=165.366776, feasible=true, active_stations=1
[2026-10-05 04:37:16.742] [info] [candidate.cpp:199] InstancePrecompute: built 25 candidates
[2026-10-05 04:37:16.742] [info] [stationary.cpp:264] NN: cost=55.611965, feasible=true, active_stations=1
[2026-10-05 04:37:16.742] [info] [candidate.cpp:199] InstancePrecompute: built 25 candidates
[2026-10-05 04:37:16.742] [info] [stationary.cpp:264] NN: cost=18.839601, feasible=true, active_stations=1
[2026-10-05 04:37:16.742] [info] [candidate.cpp:199] InstancePrecompute: built 25 candidates
[2026-10-05 04:37:16.742] [info] [stationary.cpp:264] NN: cost=36.373267, feasible=true, active_stations=1
[2026-10-05 04:37:16.742] [info] [candidate.cpp:199] InstancePrecompute: built 25 candidates
[2026-10-05 04:37:16.742] [info] [stationary.cpp:264] NN: cost=60.468090, feasible=true, active_stations=1
[2026-10-05 04:37:16.742] [info] [candidate.cpp:199] InstancePrecompute: built 25 candidates
[2026-10-05 04:37:16.742] [info] [stationary.cpp:264] NN: cost=1175.925453, feasible=true, active_stations=1
[2026-10-05 04:37:16.742] [info] [candidate.cpp:199] InstancePrecompute: built 25 candidates
[2026-10-05 04:37:16.742] [info] [stationary.cpp:264] NN: cost=353.674984, feasible=true, active_stations=1
[2026-10-05 04:37:16.742] [info] [candidate.cpp:199] InstancePrecompute: built 25 candidates
[2026-10-05 04:37:16.742] [info] [stationary.cpp:264] NN: cost=571.862262, feasible=true, active_stations=1
[2026-10-05 04:37:16.742] [info] [candidate.cpp:199] InstancePrecompute: built 25 candidates
[2026-10-05 04:37:16.742] [info] [stationary.cpp:264] NN: cost=681.453886, feasible=true, active_stations=1
[2026-10-05 04:37:16.742] [info] [candidate.cpp:199] InstancePrecompute: built 25 candidates
[2026-10-05 04:37:16.742] [info] [stationary.cpp:264] NN: cost=77.776932, feasible=true, active_stations=1
[2026-10-05 04:37:16.742] [info] [candidate.cpp:199] InstancePrecompute: built 25 candidates
[2026-10-05 04:37:16.742] [info] [stationary.cpp:264] NN: cost=86.256859, feasible=true, active_stations=1
[2026-10-05 04:37:16.742] [info] [candidate.cpp:199] InstancePrecompute: built 25 candidates
[2026-10-05 04:37:16.742] [info] [stationary.cpp:264] NN: cost=165.366776, feasible=true, active_stations=1
[2026-10-05 04:37:16.742] [info] [candidate.cpp:199] InstancePrecompute: built 25 candidates
[2026-10-05 04:37:16.742] [info] [stationary.cpp:264] NN: cost=55.611965, feasible=true, active_stations=1
[2026-10-05 04:37:16.742] [info] [candidate.cpp:199] InstancePrecompute: built 50 candidates
[2026-10-05 04:37:16.742] [info] [stationary.cpp:264] NN: cost=55.212868, feasible=true, active_stations=2
[2026-10-05 04:37:16.742] [info] [candidate.cpp:199] InstancePrecompute: built 25 candidates
[2026-10-05 04:37:16.742] [info] [stationary.cpp:264] NN: cost=60.468090, feasible=true, active_stations=1
[2026-10-05 04:37:16.742] [info] [candidate.cpp:199] InstancePrecompute: built 25 candidates
[2026-10-05 04:37:16.742] [info] [stationary.cpp:264] NN: cost=1175.925453, feasible=true, active_stations=1
[2026-10-05 04:37:16.742] [info] [candidate.cpp:199] InstancePrecompute: built 25 candidates
[2026-10-05 04:37:16.742] [info] [stationary.cpp:264] NN: cost=353.674984, feasible=true, active_stations=1
[2026-10-05 04:37:16.742] [info] [candidate.cpp:199] InstancePrecompute: built 25 candidates
[2026-10-05 04:37:16.742] [info] [stationary.cpp:264] NN: cost=571.862262, feasible=true, active_stations=1
[2026-10-05 04:37:16.742] [info] [candidate.cpp:199] InstancePrecompute: built 25 candidates
[2026-10-05 04:37:16.742] [info] [stationary.cpp:264] NN: cost=681.453886, feasible=true, active_stations=1
[2026-10-05 04:37:16.742] [info] [candidate.cpp:199] InstancePrecompute: built 25 candidates
[2026-10-05 04:37:16.742] [info] [stationary.cpp:264] NN: cost=77.776932, feasible=true, active_stations=1
[2026-10-05 04:37:16.742] [info] [candidate.cpp:199] InstancePrecompute: built 25 candidates
[2026-10-05 04:37:16.742] [info] [stationary.cpp:264] NN: cost=86.256859, feasible=true, active_stations=1
[2026-10-05 04:37:16.742] [info] [candidate.cpp:199] InstancePrecompute: built 25 candidates
[2026-10-05 04:37:16.742] [info] [stationary.cpp:264] NN: cost=165.366776, feasible=true, active_stations=1
[2026-10-05 04:37:16.742] [info] [candidate.cpp:199] InstancePrecompute: built 25 candidates
[2026-10-05 04:37:16.742] [info] [stationary.cpp:264] NN: cost=55.611965, feasible=true, active_stations=1
[2026-10-05 04:37:16.742] [info] [candidate.cpp:199] InstancePrecompute: built 50 candidates
[2026-10-05 04:37:16.742] [info] [stationary.cpp:264] NN: cost=55.212868, feasible=true, active_stations=2
[2026-10-05 04:37:16.742] [info] [candidate.cpp:199] InstancePrecompute: built 25 candidates
[2026-10-05 04:37:16.742] [info] [stationary.cpp:264] NN: cost=60.468090, feasible=true, active_stations=1
[2026-10-05 04:37:16.742] [info] [candidate.cpp:199] InstancePrecompute: built 25 candidates
[2026-10-05 04:37:16.742] [info] [stationary.cpp:264] NN: cost=1175.925453, feasible=true, active_stations=1
[2026-10-05 04:37:16.742] [info] [candidate.cpp:199] InstancePrecompute: built 25 candidates
[2026-10-05 04:37:16.742] [info] [stationary.cpp:264] NN: cost=353.674984, feasible=true, active_stations=1
[2026-10-05 04:37:16.742] [info] [candidate.cpp:199] InstancePrecompute: built 25 candidates
[2026-10-05 04:37:16.742] [info] [stationary.cpp:264] NN: cost=571.862262, feasible=true, active_stations=1
[2026-10-05 04:37:16.742] [info] [candidate.cpp:199] InstancePrecompute: built 25 candidates
[2026-10-05 04:37:16.742] [info] [stationary.cpp:264] NN: cost=681.453886, feasible=true, active_stations=1
[2026-10-05 04:37:16.742] [info] [candidate.cpp:199] InstancePrecompute: built 25 candidates
[2026-10-05 04:37:16.742] [info] [stationary.cpp:264] NN: cost=77.776932, feasible=true, active_stations=1
[2026-10-05 04:37:16.742] [info] [candidate.cpp:199] InstancePrecompute: built 25 candidates
[2026-10-05 04:37:16.742] [info] [stationary.cpp:264] NN: cost=86.256859, feasible=true, active_stations=1
[2026-10-05 04:37:16.742] [info] [candidate.cpp:199] InstancePrecompute: built 25 candidates
[2026-10-05 04:37:16.742] [info] [stationary.cpp:264] NN: cost=165.366776, feasible=true, active_stations=1
[2026-10-05 04:37:16.742] [info] [candidate.cpp:199] InstancePrecompute: built 25 candidates
[2026-10-05 04:37:16.742] [info] [stationary.cpp:264] NN: cost=55.611965, feasible=true, active_stations=1
[2026-10-05 04:37:16.742] [info] [candidate.cpp:199] InstancePrecompute: built 50 candidates
[2026-10-05 04:37:16.742] [info] [stationary.cpp:264] NN: cost=55.212868, feasible=true, active_stations=2
[2026-10-05 04:37:16.742] [info] [candidate.cpp:199] InstancePrecompute: built 25 candidates
[2026-10-05 04:37:16.742] [info] [stationary.cpp:264] NN: cost=60.468090, feasible=true, active_stations=1
[2026-10-05 04:37:16.742] [info] [candidate.cpp:199] InstancePrecompute: built 25 candidates
[2026-10-05 04:37:16.742] [info] [stationary.cpp:264] NN: cost=1175.925453, feasible=true, active_stations=1
[2026-10-05 04:37:16.742] [info] [candidate.cpp:199] InstancePrecompute: built 25 candidates
[2026-10-05 04:37:16.742] [info] [stationary.cpp:264] NN: cost=353.674984, feasible=true, active_stations=1
[2026-10-05 04:37:16.742] [info] [candidate.cpp:199] InstancePrecompute: built 50 candidates
[2026-10-05 04:37:16.742] [info] [stationary.cpp:264] NN: cost=681.453886, feasible=true, active_stations=1
[2026-10-05 04:37:16.742] [info] [candidate.cpp:199] InstancePrecompute: built 25 candidates
[2026-10-05 04:37:16.742] [info] [stationary.cpp:264] NN: cost=77.776932, feasible=true, active_stations=1
[2026-10-05 04:37:16.742] [info] [candidate.cpp:199] InstancePrecompute: built 25 candidates
[2026-10-05 04:37:16.742] [info] [stationary.cpp:264] NN: cost=86.256859, feasible=true, active_stations=1
[2026-10-05 04:37:16.742] [info] [candidate.cpp:199] InstancePrecompute: built 25 candidates
[2026-10-05 04:37:16.742] [info] [stationary.cpp:264] NN: cost=165.366776, feasible=true, active_stations=1
[2026-10-05 04:37:16.742] [info] [candidate.cpp:199] InstancePrecompute: built 25 candidates
[2026-10-05 04:37:16.742] [info] [stationary.cpp:264] NN: cost=55.611965, feasible=true, active_stations=1
[2026-10-05 04:37:16.742] [info] [candidate.cpp:199] InstancePrecompute: built 25 candidates
[2026-10-05 04:37:16.742] [info] [stationary.cpp:264] NN: cost=18.839601, feasible=true, active_stations=1
[2026-10-05 04:37:16.742] [info] [candidate.cpp:199] InstancePrecompute: built 50 candidates
[2026-10-05 04:37:16.742] [info] [stationary.cpp:264] NN: cost=60.468090, feasible=true, active_stations=1
[2026-10-05 04:37:16.742] [info] [candidate.cpp:199] InstancePrecompute: built 25 candidates
[2026-10-05 04:37:16.742] [info] [stationary.cpp:264] NN: cost=1175.925453, feasible=true, active_stations=1
[2026-10-05 04:37:16.742] [info] [candidate.cpp:199] InstancePrecompute: built 25 candidates
[2026-10-05 04:37:16.742] [info] [stationary.cpp:264] NN: cost=353.674984, feasible=true, active_stations=1
[2026-10-05 04:37:16.742] [info] [candidate.cpp:199] InstancePrecompute: built 25 candidates
[2026-10-05 04:37:16.742] [info] [stationary.cpp:264] NN: cost=571.862262, feasible=true, active_stations=1
[2026-10-05 04:37:16.742] [info] [candidate.cpp:199] InstancePrecompute: built 25 candidates
[2026-10-05 04:37:16.742] [info] [stationary.cpp:264] NN: cost=681.453886, feasible=true, active_stations=1
[2026-10-05 04:37:16.742] [info] [candidate.cpp:199] InstancePrecompute: built 25 candidates
[2026-10-05 04:37:16.742] [info] [stationary.cpp:264] NN: cost=77.776932, feasible=true, active_stations=1
[2026-10-05 04:37:16.742] [info] [candidate.cpp:199] InstancePrecompute: built 25 candidates
[2026-10-05 04:37:16.742] [info] [stationary.cpp:264] NN: cost=86.256859, feasible=true, active_stations=1
[2026-10-05 04:37:16.742] [info] [candidate.cpp:199] InstancePrecompute: built 25 candidates
[2026-10-05 04:37:16.742] [info] [stationary.cpp:264] NN: cost=165.366776, feasible=true, active_stations=1
[2026-10-05 04:37:16.742] [info] [candidate.cpp:199] InstancePrecompute: built 25 candidates
[2026-10-05 04:37:16.742] [info] [stationary.cpp:264] NN: cost=55.611965, feasible=true, active_stations=1
[2026-10-05 04:37:16.742] [info] [candidate.cpp:199] InstancePrecompute: built 25 candidates
[2026-10-05 04:37:16.742] [info] [stationary.cpp:264] NN: cost=18.839601, feasible=true, active_stations=1
[2026-10-05 04:37:16.742] [info] [candidate.cpp:199] InstancePrecompute: built 50 candidates
[2026-10-05 04:37:16.742] [info] [stationary.cpp:264] NN: cost=60.468090, feasible=true, active_stations=1
[2026-10-05 04:37:16.742] [info] [candidate.cpp:199] InstancePrecompute: built 25 candidates
[2026-10-05 04:37:16.742] [info] [stationary.cpp:264] NN: cost=1175.925453, feasible=true, active_stations=1
[2026-10-05 04:37:16.742] [info] [candidate.cpp:199] InstancePrecompute: built 25 candidates
[2026-10-05 04:37:16.742] [info] [stationary.cpp:264] NN: cost=353.674984, feasible=true, active_stations=1
[2026-10-05 04:37:16.742] [info] [candidate.cpp:199] InstancePrecompute: built 25 candidates
[2026-10-05 04:37:16.742] [info] [stationary.cpp:264] NN: cost=571.862262, feasible=true, active_stations=1
[2026-10-05 04:37:16.742] [info] [candidate.cpp:199] InstancePrecompute: built 25 candidates
[2026-10-05 04:37:16.742] [info] [stationary.cpp:264] NN: cost=681.453886, feasible=true, active_stations=1
[2026-10-05 04:37:16.742] [info] [candidate.cpp:199] InstancePrecompute: built 25 candidates
[2026-10-05 04:37:16.742] [info] [stationary.cpp:264] NN: cost=77.776932, feasible=true, active_stations=1
[2026-10-05 04:37:16.742] [info] [candidate.cpp:199] InstancePrecompute: built 25 candidates
[2026-10-05 04:37:16.742] [info] [stationary.cpp:264] NN: cost=86.256859, feasible=true, active_stations=1
[2026-10-05 04:37:16.742] [info] [candidate.cpp:199] InstancePrecompute: built 25 candidates
[2026-10-05 04:37:16.742] [info] [stationary.cpp:264] NN: cost=165.366776, feasible=true, active_stations=1
[2026-10-05 04:37:16.742] [info] [candidate.cpp:199] InstancePrecompute: built 25 candidates
[2026-10-05 04:37:16.742] [info] [stationary.cpp:264] NN: cost=55.611965, feasible=true, active_stations=1
[2026-10-05 04:37:16.742] [info] [candidate.cpp:199] InstancePrecompute: built 25 candidates
[2026-10-05 04:37:16.742] [info] [stationary.cpp:264] NN: cost=18.839601, feasible=true, active_stations=1
[2026-10-05 04:37:16.742] [info] [candidate.cpp:199] InstancePrecompute: built 50 candidates
[2026-10-05 04:37:16.742] [info] [stationary.cpp:264] NN: cost=60.468090, feasible=true, active_stations=1
[2026-10-05 04:37:16.742] [info] [candidate.cpp:199] InstancePrecompute: built 25 candidates
[2026-10-05 04:37:16.742] [info] [stationary.cpp:264] NN: cost=1175.925453, feasible=true, active_stations=1
[2026-10-05 04:37:16.742] [info] [candidate.cpp:199] InstancePrecompute: built 25 candidates
[2026-10-05 04:37:16.742] [info] [stationary.cpp:264] NN: cost=353.674984, feasible=true, active_stations=1
[2026-10-05 04:37:16.742] [info] [candidate.cpp:199] InstancePrecompute: built 25 candidates
[2026-10-05 04:37:16.742] [info] [stationary.cpp:264] NN: cost=571.862262, feasible=true, active_stations=1
[2026-10-05 04:37:16.742] [info] [candidate.cpp:199] InstancePrecompute: built 25 candidates
[2026-10-05 04:37:16.742] [info] [stationary.cpp:264] NN: cost=681.453886, feasible=true, active_stations=1
[2026-10-05 04:37:16.742] [info] [candidate.cpp:199] InstancePrecompute: built 25 candidates
[2026-10-05 04:37:16.742] [info] [stationary.cpp:264] NN: cost=77.776932, feasible=true, active_stations=1
[2026-10-05 04:37:16.742] [info] [candidate.cpp:199] InstancePrecompute: built 25 candidates
[2026-10-05 04:37:16.742] [info] [stationary.cpp:264] NN: cost=86.256859, feasible=true, active_stations=1
[2026-10-05 04:37:16.742] [info] [candidate.cpp:199] InstancePrecompute: built 25 candidates
[2026-10-05 04:37:16.742] [info] [stationary.cpp:264] NN: cost=165.366776, feasible=true, active_stations=1
[2026-10-05 04:37:16.742] [info] [candidate.cpp:199] InstancePrecompute: built 25 candidates
[2026-10-05 04:37:16.742] [info] [stationary.cpp:264] NN: cost=55.611965, feasible=true, active_stations=1
[2026-10-05 04:37:16.742] [info] [candidate.cpp:199] InstancePrecompute: built 25 candidates
[2026-10-05 04:37:16.742] [info] [stationary.cpp:264] NN: cost=18.839601, feasible=true, active_stations=1
[2026-10-05 04:37:16.742] [info] [candidate.cpp:199] InstancePrecompute: built 25 candidates
[2026-10-05 04:37:16.742] [info] [stationary.cpp:264] NN: cost=36.373267, feasible=true, active_stations=1
[2026-10-05 04:37:16.742] [info] [candidate.cpp:199] InstancePrecompute: built 25 candidates
[2026-10-05 04:37:16.742] [info] [stationary.cpp:264] NN: cost=60.468090, feasible=true, active_stations=1
[2026-10-05 04:37:16.742] [info] [candidate.cpp:199] InstancePrecompute: built 25 candidates
[2026-10-05 04:37:16.742] [info] [stationary.cpp:264] NN: cost=1175.925453, feasible=true, active_stations=1
[2026-10-05 04:37:16.742] [info] [candidate.cpp:199] InstancePrecompute: built 25 candidates
[2026-10-05 04:37:16.742] [info] [stationary.cpp:264] NN: cost=353.674984, feasible=true, active_stations=1
[2026-10-05 04:37:16.742] [info] [candidate.cpp:199] InstancePrecompute: built 25 candidates
[2026-10-05 04:37:16.742] [info] [stationary.cpp:264] NN: cost=571.862262, feasible=true, active_stations=1
[2026-10-05 04:37:16.742] [info] [candidate.cpp:199] InstancePrecompute: built 25 candidates
[2026-10-05 04:37:16.742] [info] [stationary.cpp:264] NN: cost=681.453886, feasible=true, active_stations=1
[2026-10-05 04:37:16.742] [info] [candidate.cpp:199] InstancePrecompute: built 25 candidates
[2026-10-05 04:37:16.742] [info] [stationary.cpp:264] NN: cost=77.776932, feasible=true, active_stations=1
[2026-10-05 04:37:16.742] [info] [candidate.cpp:199] InstancePrecompute: built 25 candidates
[2026-10-05 04:37:16.742] [info] [stationary.cpp:264] NN: cost=86.256859, feasible=true, active_stations=1
[2026-10-05 04:37:16.742] [info] [candidate.cpp:199] InstancePrecompute: built 25 candidates
[2026-10-05 04:37:16.742] [info] [stationary.cpp:264] NN: cost=165.366776, feasible=true, active_stations=1
[2026-10-05 04:37:16.742] [info] [candidate.cpp:199] InstancePrecompute: built 25 candidates
[2026-10-05 04:37:16.742] [info] [stationary.cpp:264] NN: cost=55.611965, feasible=true, active_stations=1
[2026-10-05 04:37:16.742] [info] [candidate.cpp:199] InstancePrecompute: built 25 candidates
[2026-10-05 04:37:16.742] [info] [stationary.cpp:264] NN: cost=18.839601, feasible=true, active_stations=1
[2026-10-05 04:37:16.742] [info] [candidate.cpp:199] InstancePrecompute: built 25 candidates
[2026-10-05 04:37:16.742] [info] [stationary.cpp:264] NN: cost=36.373267, feasible=true, active_stations=1
[2026-10-05 04:37:16.742] [info] [candidate.cpp:199] InstancePrecompute: built 25 candidates
[2026-10-05 04:37:16.742] [info] [stationary.cpp:264] NN: cost=60.468090, feasible=true, active_stations=1
[2026-10-05 04:37:16.742] [info] [candidate.cpp:199] InstancePrecompute: built 25 candidates
[2026-10-05 04:37:16.742] [info] [stationary.cpp:264] NN: cost=1175.925453, feasible=true, active_stations=1
[2026-10-05 04:37:16.742] [info] [candidate.cpp:199] InstancePrecompute: built 25 candidates
[2026-10-05 04:37:16.742] [info] [stationary.cpp:264] NN: cost=353.674984, feasible=true, active_stations=1
[2026-10-05 04:37:16.742] [info] [candidate.cpp:199] InstancePrecompute: built 25 candidates
[2026-10-05 04:37:16.742] [info] [stationary.cpp:264] NN: cost=571.862262, feasible=true, active_stations=1
[2026-10-05 04:37:16.742] [info] [candidate.cpp:199] InstancePrecompute: built 25 candidates
[2026-10-05 04:37:16.742] [info] [stationary.cpp:264] NN: cost=681.453886, feasible=true, active_stations=1
[2026-10-05 04:37:16.742] [info] [candidate.cpp:199] InstancePrecompute: built 25 candidates
[2026-10-05 04:37:16.742] [info] [stationary.cpp:264] NN: cost=77.776932, feasible=true, active_stations=1
[2026-10-05 04:37:16.742] [info] [candidate.cpp:199] InstancePrecompute: built 25 candidates
[2026-10-05 04:37:16.742] [info] [stationary.cpp:264] NN: cost=86.256859, feasible=true, active_stations=1
[2026-10-05 04:37:16.742] [info] [candidate.cpp:199] InstancePrecompute: built 25 candidates
[2026-10-05 04:37:16.742] [info] [stationary.cpp:264] NN: cost=165.366776, feasible=true, active_stations=1
[2026-10-05 04:37:16.742] [info] [candidate.cpp:199] InstancePrecompute: built 25 candidates
[2026-10-05 04:37:16.742] [info] [stationary.cpp:264] NN: cost=55.611965, feasible=true, active_stations=1
[2026-10-05 04:37:16.742] [info] [candidate.cpp:199] InstancePrecompute: built 50 candidates
[2026-10-05 04:37:16.742] [info] [stationary.cpp:264] NN: cost=55.212868, feasible=true, active_stations=2
[2026-10-05 04:37:16.742] [info] [candidate.cpp:199] InstancePrecompute: built 25 candidates
[2026-10-05 04:37:16.742] [info] [stationary.cpp:264] NN: cost=60.468090, feasible=true, active_stations=1
[2026-10-05 04:37:16.742] [info] [candidate.cpp:199] InstancePrecompute: built 25 candidates
[2026-10-05 04:37:16.742] [info] [stationary.cpp:264] NN: cost=1175.925453, feasible=true, active_stations=1
[2026-10-05 04:37:16.742] [info] [candidate.cpp:199] InstancePrecompute: built 25 candidates
[2026-10-05 04:37:16.742] [info] [stationary.cpp:264] NN: cost=353.674984, feasible=true, active_stations=1
[2026-10-05 04:37:16.742] [info] [candidate.cpp:199] InstancePrecompute: built 25 candidates
[2026-10-05 04:37:16.742] [info] [stationary.cpp:264] NN: cost=571.862262, feasible=true, active_stations=1
[2026-10-05 04:37:16.742] [info] [candidate.cpp:199] InstancePrecompute: built 25 candidates
[2026-10-05 04:37:16.742] [info] [stationary.cpp:264] NN: cost=681.453886, feasible=true, active_stations=1
[2026-10-05 04:37:16.742] [info] [candidate.cpp:199] InstancePrecompute: built 25 candidates
[2026-10-05 04:37:16.742] [info] [stationary.cpp:264] NN: cost=77.776932, feasible=true, active_stations=1
[2026-10-05 04:37:16.742] [info] [candidate.cpp:199] InstancePrecompute: built 25 candidates
[2026-10-05 04:37:16.742] [info] [stationary.cpp:264] NN: cost=86.256859, feasible=true, active_stations=1
[2026-10-05 04:37:16.742] [info] [candidate.cpp:199] InstancePrecompute: built 25 candidates
[2026-10-05 04:37:16.742] [info] [stationary.cpp:264] NN: cost=165.366776, feasible=true, active_stations=1
[2026-10-05 04:37:16.742] [info] [candidate.cpp:199] InstancePrecompute: built 25 candidates
[2026-10-05 04:37:16.742] [info] [stationary.cpp:264] NN: cost=55.611965, feasible=true, active_stations=1
[2026-10-05 04:37:16.742] [info] [candidate.cpp:199] InstancePrecompute: built 50 candidates
[2026-10-05 04:37:16.742] [info] [stationary.cpp:264] NN: cost=55.212868, feasible=true, active_stations=2
[2026-10-05 04:37:16.742] [info] [candidate.cpp:199] InstancePrecompute: built 25 candidates
[2026-10-05 04:37:16.742] [info] [stationary.cpp:264] NN: cost=60.468090, feasible=true, active_stations=1
[2026-10-05 04:37:16.742] [info] [candidate.cpp:199] InstancePrecompute: built 25 candidates
[2026-10-05 04:37:16.742] [info] [stationary.cpp:264] NN: cost=1175.925453, feasible=true, active_stations=1
[2026-10-05 04:37:16.742] [info] [candidate.cpp:199] InstancePrecompute: built 25 candidates
[2026-10-05 04:37:16.742] [info] [stationary.cpp:264] NN: cost=353.674984, feasible=true, active_stations=1
[2026-10-05 04:37:16.742] [info] [candidate.cpp:199] InstancePrecompute: built 25 candidates
[2026-10-05 04:37:16.742] [info] [stationary.cpp:264] NN: cost=571.862262, feasible=true, active_stations=1
[2026-10-05 04:37:16.742] [info] [candidate.cpp:199] InstancePrecompute: built 25 candidates
[2026-10-05 04:37:16.742] [info] [stationary.cpp:264] NN: cost=681.453886, feasible=true, active_stations=1
[2026-10-05 04:37:16.742] [info] [candidate.cpp:199] InstancePrecompute: built 25 candidates
[2026-10-05 04:37:16.742] [info] [stationary.cpp:264] NN: cost=77.776932, feasible=true, active_stations=1
[2026-10-05 04:37:16.742] [info] [candidate.cpp:199] InstancePrecompute: built 25 candidates
[2026-10-05 04:37:16.742] [info] [stationary.cpp:264] NN: cost=86.256859, feasible=true, active_stations=1
[2026-10-05 04:37:16.742] [info] [candidate.cpp:199] InstancePrecompute: built 25 candidates
[2026-10-05 04:37:16.742] [info] [stationary.cpp:264] NN: cost=165.366776, feasible=true, active_stations=1
[2026-10-05 04:37:16.742] [info] [candidate.cpp:199] InstancePrecompute: built 25 candidates
[2026-10-05 04:37:16.742] [info] [stationary.cpp:264] NN: cost=55.611965, feasible=true, active_stations=1
[2026-10-05 04:37:16.742] [info] [candidate.cpp:199] InstancePrecompute: built 50 candidates
[2026-10-05 04:37:16.742] [info] [stationary.cpp:264] NN: cost=55.212868, feasible=true, active_stations=2
[2026-10-05 04:37:16.742] [info] [candidate.cpp:199] InstancePrecompute: built 25 candidates
[2026-10-05 04:37:16.742] [info] [stationary.cpp:264] NN: cost=60.468090, feasible=true, active_stations=1
[2026-10-05 04:37:16.742] [info] [candidate.cpp:199] InstancePrecompute: built 25 candidates
[2026-10-05 04:37:16.742] [info] [stationary.cpp:264] NN: cost=1175.925453, feasible=true, active_stations=1
[2026-10-05 04:37:16.742] [info] [candidate.cpp:199] InstancePrecompute: built 25 candidates
[2026-10-05 04:37:16.742] [info] [stationary.cpp:264] NN: cost=353.674984, feasible=true, active_stations=1
[2026-10-05 04:37:16.742] [info] [candidate.cpp:199] InstancePrecompute: built 50 candidates
[2026-10-05 04:37:16.742] [info] [stationary.cpp:264] NN: cost=681.453886, feasible=true, active_stations=1
[2026-10-05 04:37:16.742] [info] [candidate.cpp:199] InstancePrecompute: built 25 candidates
[2026-10-05 04:37:16.742] [info] [stationary.cpp:264] NN: cost=77.776932, feasible=true, active_stations=1
[2026-10-05 04:37:16.742] [info] [candidate.cpp:199] InstancePrecompute: built 25 candidates
[2026-10-05 04:37:16.742] [info] [stationary.cpp:264] NN: cost=86.256859, feasible=true, active_stations=1
[2026-10-05 04:37:16.742] [info] [candidate.cpp:199] InstancePrecompute: built 25 candidates
[2026-10-05 04:37:16.742] [info] [stationary.cpp:264] NN: cost=165.366776, feasible=true, active_stations=1
[2026-10-05 04:37:16.742] [info] [candidate.cpp:199] InstancePrecompute: built 25 candidates
[2026-10-05 04:37:16.742] [info] [stationary.cpp:264] NN: cost=55.611965, feasible=true, active_stations=1
[2026-10-05 04:37:16.742] [info] [candidate.cpp:199] InstancePrecompute: built 25 candidates
[2026-10-05 04:37:16.742] [info] [stationary.cpp:264] NN: cost=18.839601, feasible=true, active_stations=1
[2026-10-05 04:37:16.742] [info] [candidate.cpp:199] InstancePrecompute: built 50 candidates
[2026-10-05 04:37:16.742] [info] [stationary.cpp:264] NN: cost=60.468090, feasible=true, active_stations=1
[2026-10-05 04:37:16.742] [info] [candidate.cpp:199] InstancePrecompute: built 25 candidates
[2026-10-05 04:37:16.742] [info] [stationary.cpp:264] NN: cost=1175.925453, feasible=true, active_stations=1
[2026-10-05 04:37:16.742] [info] [candidate.cpp:199] InstancePrecompute: built 25 candidates
[2026-10-05 04:37:16.742] [info] [stationary.cpp:264] NN: cost=353.674984, feasible=true, active_stations=1
[2026-10-05 04:37:16.742] [info] [candidate.cpp:199] InstancePrecompute: built 25 candidates
[2026-10-05 04:37:16.742] [info] [stationary.cpp:264] NN: cost=571.862262, feasible=true, active_stations=1
[2026-10-05 04:37:16.742] [info] [candidate.cpp:199] InstancePrecompute: built 25 candidates
[2026-10-05 04:37:16.742] [info] [stationary.cpp:264] NN: cost=681.453886, feasible=true, active_stations=1
[2026-10-05 04:37:16.742] [info] [candidate.cpp:199] InstancePrecompute: built 25 candidates
[2026-10-05 04:37:16.742] [info] [stationary.cpp:264] NN: cost=77.776932, feasible=true, active_stations=1
[2026-10-05 04:37:16.742] [info] [candidate.cpp:199] InstancePrecompute: built 25 candidates
[2026-10-05 04:37:16.742] [info] [stationary.cpp:264] NN: cost=86.256859, feasible=true, active_stations=1
[2026-10-05 04:37:16.742] [info] [candidate.cpp:199] InstancePrecompute: built 25 candidates
[2026-10-05 04:37:16.742] [info] [stationary.cpp:264] NN: cost=165.366776, feasible=true, active_stations=1
[2026-10-05 04:37:16.742] [info] [candidate.cpp:199] InstancePrecompute: built 25 candidates
[2026-10-05 04:37:16.742] [info] [stationary.cpp:264] NN: cost=55.611965, feasible=true, active_stations=1
[2026-10-05 04:37:16.742] [info] [candidate.cpp:199] InstancePrecompute: built 25 candidates
[2026-10-05 04:37:16.742] [info] [stationary.cpp:264] NN: cost=18.839601, feasible=true, active_stations=1
[2026-10-05 04:37:16.742] [info] [candidate.cpp:199] InstancePrecompute: built 50 candidates
[2026-10-05 04:37:16.742] [info] [stationary.cpp:264] NN: cost=60.468090, feasible=true, active_stations=1
[2026-10-05 04:37:16.742] [info] [candidate.cpp:199] InstancePrecompute: built 25 candidates
[2026-10-05 04:37:16.742] [info] [stationary.cpp:264] NN: cost=1175.925453, feasible=true, active_stations=1
[2026-10-05 04:37:16.742] [info] [candidate.cpp:199] InstancePrecompute: built 25 candidates
[2026-10-05 04:37:16.742] [info] [stationary.cpp:264] NN: cost=353.674984, feasible=true, active_stations=1
[2026-10-05 04:37:16.742] [info] [candidate.cpp:199] InstancePrecompute: built 25 candidates
[2026-10-05 04:37:16.742] [info] [stationary.cpp:264] NN: cost=571.862262, feasible=true, active_stations=1
[2026-10-05 04:37:16.742] [info] [candidate.cpp:199] InstancePrecompute: built 25 candidates
[2026-10-05 04:37:16.742] [info] [stationary.cpp:264] NN: cost=681.453886, feasible=true, active_stations=1
[2026-10-05 04:37:16.742] [info] [candidate.cpp:199] InstancePrecompute: built 25 candidates
[2026-10-05 04:37:16.742] [info] [stationary.cpp:264] NN: cost=77.776932, feasible=true, active_stations=1
[2026-10-05 04:37:16.742] [info] [candidate.cpp:199] InstancePrecompute: built 25 candidates
[2026-10-05 04:37:16.742] [info] [stationary.cpp:264] NN: cost=86.256859, feasible=true, active_stations=1
[2026-10-05 04:37:16.742] [info] [candidate.cpp:199] InstancePrecompute: built 25 candidates
[2026-10-05 04:37:16.742] [info] [stationary.cpp:264] NN: cost=165.366776, feasible=true, active_stations=1
[2026-10-05 04:37:16.742] [info] [candidate.cpp:199] InstancePrecompute: built 25 candidates
[2026-10-05 04:37:16.742] [info] [stationary.cpp:264] NN: cost=55.611965, feasible=true, active_stations=1
[2026-10-05 04:37:16.742] [info] [candidate.cpp:199] InstancePrecompute: built 25 candidates
[2026-10-05 04:37:16.742] [info] [stationary.cpp:264] NN: cost=18.839601, feasible=true, active_stations=1
[2026-10-05 04:37:16.742] [info] [candidate.cpp:199] InstancePrecompute: built 50 candidates
[2026-10-05 04:37:16.742] [info] [stationary.cpp:264] NN: cost=60.468090, feasible=true, active_stations=1
[2026-10-05 04:37:16.742] [info] [shifting_strategy_solver.cpp:266] Shifting: cost=2578.758012621 LB=1175.925452839 ratio=2.1930 l=8
[2026-10-05 04:37:16.743] [info] [candidate.cpp:199] InstancePrecompute: built 275 candidates
[2026-10-05 04:37:16.743] [info] [solution.cpp:527] extend: 14 intervals over [0, 1]
[2026-10-05 04:37:16.743] [info] [minmax.cpp:198] MinMax iter 1: t_max=0.992896, peak=7388.436059, LB=1175.925453, gap=5.2831
[2026-10-05 04:37:16.743] [info] [candidate.cpp:199] InstancePrecompute: built 250 candidates
[2026-10-05 04:37:16.744] [info] [stationary.cpp:264] NN: cost=2416.759295, feasible=true, active_stations=6
[2026-10-05 04:37:16.744] [info] [candidate.cpp:199] InstancePrecompute: built 25 candidates
[2026-10-05 04:37:16.744] [info] [stationary.cpp:264] NN: cost=18.697365, feasible=true, active_stations=1
[2026-10-05 04:37:16.744] [info] [candidate.cpp:199] InstancePrecompute: built 50 candidates
[2026-10-05 04:37:16.744] [info] [stationary.cpp:264] NN: cost=1419.113559, feasible=true, active_stations=2
[2026-10-05 04:37:16.744] [info] [candidate.cpp:199] InstancePrecompute: built 75 candidates
[2026-10-05 04:37:16.744] [info] [stationary.cpp:264] NN: cost=671.691746, feasible=true, active_stations=2
[2026-10-05 04:37:16.744] [info] [candidate.cpp:199] InstancePrecompute: built 125 candidates
[2026-10-05 04:37:16.744] [info] [stationary.cpp:264] NN: cost=452.660770, feasible=true, active_stations=3
[2026-10-05 04:37:16.744] [info] [candidate.cpp:199] InstancePrecompute: built 25 candidates
[2026-10-05 04:37:16.744] [info] [stationary.cpp:264] NN: cost=18.697365, feasible=true, active_stations=1
[2026-10-05 04:37:16.744] [info] [candidate.cpp:199] InstancePrecompute: built 50 candidates
[2026-10-05 04:37:16.744] [info] [stationary.cpp:264] NN: cost=1419.113559, feasible=true, active_stations=2
[2026-10-05 04:37:16.744] [info] [candidate.cpp:199] InstancePrecompute: built 25 candidates
[2026-10-05 04:37:16.744] [info] [stationary.cpp:264] NN: cost=544.984966, feasible=true, active_stations=1
[2026-10-05 04:37:16.744] [info] [candidate.cpp:199] InstancePrecompute: built 150 candidates
[2026-10-05 04:37:16.744] [info] [stationary.cpp:264] NN: cost=722.201740, feasible=true, active_stations=3
[2026-10-05 04:37:16.744] [info] [candidate.cpp:199] InstancePrecompute: built 25 candidates
[2026-10-05 04:37:16.744] [info] [stationary.cpp:264] NN: cost=29.449035, feasible=true, active_stations=1
[2026-10-05 04:37:16.744] [info] [candidate.cpp:199] InstancePrecompute: built 25 candidates
[2026-10-05 04:37:16.744] [info] [stationary.cpp:264] NN: cost=18.697365, feasible=true, active_stations=1
[2026-10-05 04:37:16.744] [info] [candidate.cpp:199] InstancePrecompute: built 25 candidates
[2026-10-05 04:37:16.744] [info] [stationary.cpp:264] NN: cost=833.076510, feasible=true, active_stations=1
[2026-10-05 04:37:16.744] [info] [candidate.cpp:199] InstancePrecompute: built 75 candidates
[2026-10-05 04:37:16.744] [info] [stationary.cpp:264] NN: cost=1131.022015, feasible=true, active_stations=2
[2026-10-05 04:37:16.744] [info] [candidate.cpp:199] InstancePrecompute: built 25 candidates
[2026-10-05 04:37:16.744] [info] [stationary.cpp:264] NN: cost=126.706780, feasible=true, active_stations=1
[2026-10-05 04:37:16.744] [info] [candidate.cpp:199] InstancePrecompute: built 125 candidates
[2026-10-05 04:37:16.744] [info] [stationary.cpp:264] NN: cost=452.660770, feasible=true, active_stations=3
[2026-10-05 04:37:16.744] [info] [candidate.cpp:199] InstancePrecompute: built 25 candidates
[2026-10-05 04:37:16.744] [info] [stationary.cpp:264] NN: cost=18.697365, feasible=true, active_stations=1
[2026-10-05 04:37:16.744] [info] [candidate.cpp:199] InstancePrecompute: built 25 candidates
[2026-10-05 04:37:16.744] [info] [stationary.cpp:264] NN: cost=833.076510, feasible=true, active_stations=1
[2026-10-05 04:37:16.744] [info] [candidate.cpp:199] InstancePrecompute: built 25 candidates
[2026-10-05 04:37:16.744] [info] [stationary.cpp:264] NN: cost=544.984966, feasible=true, active_stations=1
[2026-10-05 04:37:16.744] [info] [candidate.cpp:199] InstancePrecompute: built 50 candidates
[2026-10-05 04:37:16.744] [info] [stationary.cpp:264] NN: cost=885.027054, feasible=true, active_stations=2
[2026-10-05 04:37:16.744] [info] [candidate.cpp:199] InstancePrecompute: built 125 candidates
[2026-10-05 04:37:16.744] [info] [stationary.cpp:264] NN: cost=423.211735, feasible=true, active_stations=2
[2026-10-05 04:37:16.744] [info] [candidate.cpp:199] InstancePrecompute: built 50 candidates
[2026-10-05 04:37:16.744] [info] [stationary.cpp:264] NN: cost=48.146400, feasible=true, active_stations=2
[2026-10-05 04:37:16.744] [info] [candidate.cpp:199] InstancePrecompute: built 25 candidates
[2026-10-05 04:37:16.744] [info] [stationary.cpp:264] NN: cost=833.076510, feasible=true, active_stations=1
[2026-10-05 04:37:16.744] [info] [candidate.cpp:199] InstancePrecompute: built 25 candidates
[2026-10-05 04:37:16.744] [info] [stationary.cpp:264] NN: cost=544.984966, feasible=true, active_stations=1
[2026-10-05 04:37:16.744] [info] [candidate.cpp:199] InstancePrecompute: built 25 candidates
[2026-10-05 04:37:16.744] [info] [stationary.cpp:264] NN: cost=586.037049, feasible=true, active_stations=1
[2026-10-05 04:37:16.744] [info] [candidate.cpp:199] InstancePrecompute: built 25 candidates
[2026-10-05 04:37:16.744] [info] [stationary.cpp:264] NN: cost=298.990005, feasible=true, active_stations=1
[2026-10-05 04:37:16.744] [info] [candidate.cpp:199] InstancePrecompute: built 125 candidates
[2026-10-05 04:37:16.744] [info] [stationary.cpp:264] NN: cost=423.211735, feasible=true, active_stations=2
[2026-10-05 04:37:16.744] [info] [candidate.cpp:199] InstancePrecompute: built 25 candidates
[2026-10-05 04:37:16.744] [info] [stationary.cpp:264] NN: cost=29.449035, feasible=true, active_stations=1
[2026-10-05 04:37:16.744] [info] [candidate.cpp:199] InstancePrecompute: built 25 candidates
[2026-10-05 04:37:16.744] [info] [stationary.cpp:264] NN: cost=18.697365, feasible=true, active_stations=1
[2026-10-05 04:37:16.744] [info] [candidate.cpp:199] InstancePrecompute: built 25 candidates
[2026-10-05 04:37:16.744] [info] [stationary.cpp:264] NN: cost=833.076510, feasible=true, active_stations=1
[2026-10-05 04:37:16.744] [info] [candidate.cpp:199] InstancePrecompute: built 25 candidates
[2026-10-05 04:37:16.744] [info] [stationary.cpp:264] NN: cost=544.984966, feasible=true, active_stations=1
[2026-10-05 04:37:16.744] [info] [candidate.cpp:199] InstancePrecompute: built 25 candidates
[2026-10-05 04:37:16.744] [info] [stationary.cpp:264] NN: cost=586.037049, feasible=true, active_stations=1
[2026-10-05 04:37:16.744] [info] [candidate.cpp:199] InstancePrecompute: built 50 candidates
[2026-10-05 04:37:16.744] [info] [stationary.cpp:264] NN: cost=425.696784, feasible=true, active_stations=2
[2026-10-05 04:37:16.744] [info] [candidate.cpp:199] InstancePrecompute: built 100 candidates
[2026-10-05 04:37:16.744] [info] [stationary.cpp:264] NN: cost=423.211735, feasible=true, active_stations=2
[2026-10-05 04:37:16.744] [info] [candidate.cpp:199] InstancePrecompute: built 25 candidates
[2026-10-05 04:37:16.744] [info] [stationary.cpp:264] NN: cost=29.449035, feasible=true, active_stations=1
[2026-10-05 04:37:16.744] [info] [candidate.cpp:199] InstancePrecompute: built 25 candidates
[2026-10-05 04:37:16.744] [info] [stationary.cpp:264] NN: cost=18.697365, feasible=true, active_stations=1
[2026-10-05 04:37:16.744] [info] [candidate.cpp:199] InstancePrecompute: built 25 candidates
[2026-10-05 04:37:16.744] [info] [stationary.cpp:264] NN: cost=833.076510, feasible=true, active_stations=1
[2026-10-05 04:37:16.744] [info] [candidate.cpp:199] InstancePrecompute: built 25 candidates
[2026-10-05 04:37:16.744] [info] [stationary.cpp:264] NN: cost=544.984966, feasible=true, active_stations=1
[2026-10-05 04:37:16.744] [info] [candidate.cpp:199] InstancePrecompute: built 25 candidates
[2026-10-05 04:37:16.744] [info] [stationary.cpp:264] NN: cost=586.037049, feasible=true, active_stations=1
[2026-10-05 04:37:16.744] [info] [candidate.cpp:199] InstancePrecompute: built 50 candidates
[2026-10-05 04:37:16.744] [info] [stationary.cpp:264] NN: cost=425.696784, feasible=true, active_stations=2
[2026-10-05 04:37:16.744] [info] [candidate.cpp:199] InstancePrecompute: built 100 candidates
[2026-10-05 04:37:16.744] [info] [stationary.cpp:264] NN: cost=423.211735, feasible=true, active_stations=2
[2026-10-05 04:37:16.744] [info] [candidate.cpp:199] InstancePrecompute: built 25 candidates
[2026-10-05 04:37:16.744] [info] [stationary.cpp:264] NN: cost=29.449035, feasible=true, active_stations=1
[2026-10-05 04:37:16.744] [info] [candidate.cpp:199] InstancePrecompute: built 25 candidates
[2026-10-05 04:37:16.744] [info] [stationary.cpp:264] NN: cost=18.697365, feasible=true, active_stations=1
[2026-10-05 04:37:16.744] [info] [candidate.cpp:199] InstancePrecompute: built 25 candidates
[2026-10-05 04:37:16.744] [info] [stationary.cpp:264] NN: cost=833.076510, feasible=true, active_stations=1
[2026-10-05 04:37:16.744] [info] [candidate.cpp:199] InstancePrecompute: built 25 candidates
[2026-10-05 04:37:16.744] [info] [stationary.cpp:264] NN: cost=586.037049, feasible=true, active_stations=1
[2026-10-05 04:37:16.744] [info] [candidate.cpp:199] InstancePrecompute: built 50 candidates
[2026-10-05 04:37:16.744] [info] [stationary.cpp:264] NN: cost=544.984966, feasible=true, active_stations=1
[2026-10-05 04:37:16.744] [info] [candidate.cpp:199] InstancePrecompute: built 100 candidates
[2026-10-05 04:37:16.744] [info] [stationary.cpp:264] NN: cost=143.177822, feasible=true, active_stations=1
[2026-10-05 04:37:16.744] [info] [candidate.cpp:199] InstancePrecompute: built 25 candidates
[2026-10-05 04:37:16.744] [info] [stationary.cpp:264] NN: cost=280.033913, feasible=true, active_stations=1
[2026-10-05 04:37:16.744] [info] [candidate.cpp:199] InstancePrecompute: built 25 candidates
[2026-10-05 04:37:16.744] [info] [stationary.cpp:264] NN: cost=29.449035, feasible=true, active_stations=1
[2026-10-05 04:37:16.744] [info] [candidate.cpp:199] InstancePrecompute: built 25 candidates
[2026-10-05 04:37:16.744] [info] [stationary.cpp:264] NN: cost=18.697365, feasible=true, active_stations=1
[2026-10-05 04:37:16.744] [info] [candidate.cpp:199] InstancePrecompute: built 25 candidates
[2026-10-05 04:37:16.744] [info] [stationary.cpp:264] NN: cost=833.076510, feasible=true, active_stations=1
[2026-10-05 04:37:16.744] [info] [candidate.cpp:199] InstancePrecompute: built 25 candidates
[2026-10-05 04:37:16.744] [info] [stationary.cpp:264] NN: cost=586.037049, feasible=true, active_stations=1
[2026-10-05 04:37:16.744] [info] [candidate.cpp:199] InstancePrecompute: built 25 candidates
[2026-10-05 04:37:16.744] [info] [stationary.cpp:264] NN: cost=544.984966, feasible=true, active_stations=1
[2026-10-05 04:37:16.744] [info] [candidate.cpp:199] InstancePrecompute: built 50 candidates
[2026-10-05 04:37:16.744] [info] [stationary.cpp:264] NN: cost=425.696784, feasible=true, active_stations=2
[2026-10-05 04:37:16.744] [info] [candidate.cpp:199] InstancePrecompute: built 75 candidates
[2026-10-05 04:37:16.744] [info] [stationary.cpp:264] NN: cost=143.177822, feasible=true, active_stations=1
[2026-10-05 04:37:16.744] [info] [candidate.cpp:199] InstancePrecompute: built 25 candidates
[2026-10-05 04:37:16.744] [info] [stationary.cpp:264] NN: cost=280.033913, feasible=true, active_stations=1
[2026-10-05 04:37:16.744] [info] [candidate.cpp:199] InstancePrecompute: built 50 candidates
[2026-10-05 04:37:16.744] [info] [stationary.cpp:264] NN: cost=48.146400, feasible=true, active_stations=2
[2026-10-05 04:37:16.744] [info] [candidate.cpp:199] InstancePrecompute: built 25 candidates
[2026-10-05 04:37:16.744] [info] [stationary.cpp:264] NN: cost=833.076510, feasible=true, active_stations=1
[2026-10-05 04:37:16.744] [info] [candidate.cpp:199] InstancePrecompute: built 25 candidates
[2026-10-05 04:37:16.744] [info] [stationary.cpp:264] NN: cost=586.037049, feasible=true, active_stations=1
[2026-10-05 04:37:16.744] [info] [candidate.cpp:199] InstancePrecompute: built 25 candidates
[2026-10-05 04:37:16.744] [info] [stationary.cpp:264] NN: cost=544.984966, feasible=true, active_stations=1
[2026-10-05 04:37:16.744] [info] [candidate.cpp:199] InstancePrecompute: built 50 candidates
[2026-10-05 04:37:16.744] [info] [stationary.cpp:264] NN: cost=425.696784, feasible=true, active_stations=2
[2026-10-05 04:37:16.744] [info] [candidate.cpp:199] InstancePrecompute: built 75 candidates
[2026-10-05 04:37:16.744] [info] [stationary.cpp:264] NN: cost=143.177822, feasible=true, active_stations=1
[2026-10-05 04:37:16.744] [info] [candidate.cpp:199] InstancePrecompute: built 25 candidates
[2026-10-05 04:37:16.744] [info] [stationary.cpp:264] NN: cost=280.033913, feasible=true, active_stations=1
[2026-10-05 04:37:16.744] [info] [candidate.cpp:199] InstancePrecompute: built 50 candidates
[2026-10-05 04:37:16.744] [info] [stationary.cpp:264] NN: cost=48.146400, feasible=true, active_stations=2
[2026-10-05 04:37:16.744] [info] [candidate.cpp:199] InstancePrecompute: built 25 candidates
[2026-10-05 04:37:16.744] [info] [stationary.cpp:264] NN: cost=833.076510, feasible=true, active_stations=1
[2026-10-05 04:37:16.744] [info] [candidate.cpp:199] InstancePrecompute: built 25 candidates
[2026-10-05 04:37:16.744] [info] [stationary.cpp:264] NN: cost=586.037049, feasible=true, active_stations=1
[2026-10-05 04:37:16.744] [info] [candidate.cpp:199] InstancePrecompute: built 50 candidates
[2026-10-05 04:37:16.744] [info] [stationary.cpp:264] NN: cost=544.984966, feasible=true, active_stations=1
[2026-10-05 04:37:16.744] [info] [candidate.cpp:199] InstancePrecompute: built 25 candidates
[2026-10-05 04:37:16.744] [info] [stationary.cpp:264] NN: cost=72.483971, feasible=true, active_stations=1
[2026-10-05 04:37:16.744] [info] [candidate.cpp:199] InstancePrecompute: built 100 candidates
[2026-10-05 04:37:16.744] [info] [stationary.cpp:264] NN: cost=423.211735, feasible=true, active_stations=2
[2026-10-05 04:37:16.744] [info] [candidate.cpp:199] InstancePrecompute: built 25 candidates
[2026-10-05 04:37:16.744] [info] [stationary.cpp:264] NN: cost=29.449035, feasible=true, active_stations=1
[2026-10-05 04:37:16.744] [info] [candidate.cpp:199] InstancePrecompute: built 25 candidates
[2026-10-05 04:37:16.744] [info] [stationary.cpp:264] NN: cost=18.697365, feasible=true, active_stations=1
[2026-10-05 04:37:16.744] [info] [candidate.cpp:199] InstancePrecompute: built 25 candidates
[2026-10-05 04:37:16.744] [info] [stationary.cpp:264] NN: cost=833.076510, feasible=true, active_stations=1
[2026-10-05 04:37:16.744] [info] [candidate.cpp:199] InstancePrecompute: built 25 candidates
[2026-10-05 04:37:16.744] [info] [stationary.cpp:264] NN: cost=586.037049, feasible=true, active_stations=1
[2026-10-05 04:37:16.744] [info] [candidate.cpp:199] InstancePrecompute: built 25 candidates
[2026-10-05 04:37:16.744] [info] [stationary.cpp:264] NN: cost=544.984966, feasible=true, active_stations=1
[2026-10-05 04:37:16.744] [info] [candidate.cpp:199] InstancePrecompute: built 25 candidates
[2026-10-05 04:37:16.744] [info] [stationary.cpp:264] NN: cost=298.990005, feasible=true, active_stations=1
[2026-10-05 04:37:16.744] [info] [candidate.cpp:199] InstancePrecompute: built 25 candidates
[2026-10-05 04:37:16.744] [info] [stationary.cpp:264] NN: cost=72.483971, feasible=true, active_stations=1
[2026-10-05 04:37:16.744] [info] [candidate.cpp:199] InstancePrecompute: built 25 candidates
[2026-10-05 04:37:16.744] [info] [stationary.cpp:264] NN: cost=126.706780, feasible=true, active_stations=1
[2026-10-05 04:37:16.744] [info] [candidate.cpp:199] InstancePrecompute: built 75 candidates
[2026-10-05 04:37:16.744] [info] [stationary.cpp:264] NN: cost=423.211735, feasible=true, active_stations=2
[2026-10-05 04:37:16.744] [info] [candidate.cpp:199] InstancePrecompute: built 50 candidates
[2026-10-05 04:37:16.744] [info] [stationary.cpp:264] NN: cost=48.146400, feasible=true, active_stations=2
[2026-10-05 04:37:16.744] [info] [candidate.cpp:199] InstancePrecompute: built 25 candidates
[2026-10-05 04:37:16.744] [info] [stationary.cpp:264] NN: cost=833.076510, feasible=true, active_stations=1
[2026-10-05 04:37:16.744] [info] [candidate.cpp:199] InstancePrecompute: built 25 candidates
[2026-10-05 04:37:16.744] [info] [stationary.cpp:264] NN: cost=586.037049, feasible=true, active_stations=1
[2026-10-05 04:37:16.744] [info] [candidate.cpp:199] InstancePrecompute: built 25 candidates
[2026-10-05 04:37:16.744] [info] [stationary.cpp:264] NN: cost=544.984966, feasible=true, active_stations=1
[2026-10-05 04:37:16.744] [info] [candidate.cpp:199] InstancePrecompute: built 25 candidates
[2026-10-05 04:37:16.744] [info] [stationary.cpp:264] NN: cost=298.990005, feasible=true, active_stations=1
[2026-10-05 04:37:16.744] [info] [candidate.cpp:199] InstancePrecompute: built 25 candidates
[2026-10-05 04:37:16.744] [info] [stationary.cpp:264] NN: cost=72.483971, feasible=true, active_stations=1
[2026-10-05 04:37:16.744] [info] [candidate.cpp:199] InstancePrecompute: built 25 candidates
[2026-10-05 04:37:16.744] [info] [stationary.cpp:264] NN: cost=126.706780, feasible=true, active_stations=1
[2026-10-05 04:37:16.744] [info] [candidate.cpp:199] InstancePrecompute: built 75 candidates
[2026-10-05 04:37:16.744] [info] [stationary.cpp:264] NN: cost=423.211735, feasible=true, active_stations=2
[2026-10-05 04:37:16.744] [info] [candidate.cpp:199] InstancePrecompute: built 50 candidates
[2026-10-05 04:37:16.744] [info] [stationary.cpp:264] NN: cost=48.146400, feasible=true, active_stations=2
[2026-10-05 04:37:16.744] [info] [candidate.cpp:199] InstancePrecompute: built 25 candidates
[2026-10-05 04:37:16.744] [info] [stationary.cpp:264] NN: cost=833.076510, feasible=true, active_stations=1
[2026-10-05 04:37:16.744] [info] [candidate.cpp:199] InstancePrecompute: built 25 candidates
[2026-10-05 04:37:16.744] [info] [stationary.cpp:264] NN: cost=586.037049, feasible=true, active_stations=1
[2026-10-05 04:37:16.744] [info] [candidate.cpp:199] InstancePrecompute: built 25 candidates
[2026-10-05 04:37:16.744] [info] [stationary.cpp:264] NN: cost=544.984966, feasible=true, active_stations=1
[2026-10-05 04:37:16.744] [info] [candidate.cpp:199] InstancePrecompute: built 25 candidates
[2026-10-05 04:37:16.744] [info] [stationary.cpp:264] NN: cost=298.990005, feasible=true, active_stations=1
[2026-10-05 04:37:16.744] [info] [candidate.cpp:199] InstancePrecompute: built 25 candidates
[2026-10-05 04:37:16.744] [info] [stationary.cpp:264] NN: cost=126.706780, feasible=true, active_stations=1
[2026-10-05 04:37:16.744] [info] [candidate.cpp:199] InstancePrecompute: built 100 candidates
[2026-10-05 04:37:16.744] [info] [stationary.cpp:264] NN: cost=423.211735, feasible=true, active_stations=2
[2026-10-05 04:37:16.744] [info] [candidate.cpp:199] InstancePrecompute: built 25 candidates
[2026-10-05 04:37:16.744] [info] [stationary.cpp:264] NN: cost=29.449035, feasible=true, active_stations=1
[2026-10-05 04:37:16.744] [info] [candidate.cpp:199] InstancePrecompute: built 25 candidates
[2026-10-05 04:37:16.744] [info] [stationary.cpp:264] NN: cost=18.697365, feasible=true, active_stations=1
[2026-10-05 04:37:16.744] [info] [candidate.cpp:199] InstancePrecompute: built 25 candidates
[2026-10-05 04:37:16.744] [info] [stationary.cpp:264] NN: cost=833.076510, feasible=true, active_stations=1
[2026-10-05 04:37:16.744] [info] [candidate.cpp:199] InstancePrecompute: built 25 candidates
[2026-10-05 04:37:16.744] [info] [stationary.cpp:264] NN: cost=586.037049, feasible=true, active_stations=1
[2026-10-05 04:37:16.744] [info] [candidate.cpp:199] InstancePrecompute: built 25 candidates
[2026-10-05 04:37:16.744] [info] [stationary.cpp:264] NN: cost=544.984966, feasible=true, active_stations=1
[2026-10-05 04:37:16.744] [info] [candidate.cpp:199] InstancePrecompute: built 25 candidates
[2026-10-05 04:37:16.744] [info] [stationary.cpp:264] NN: cost=298.990005, feasible=true, active_stations=1
[2026-10-05 04:37:16.744] [info] [candidate.cpp:199] InstancePrecompute: built 125 candidates
[2026-10-05 04:37:16.744] [info] [stationary.cpp:264] NN: cost=423.211735, feasible=true, active_stations=2
[2026-10-05 04:37:16.744] [info] [candidate.cpp:199] InstancePrecompute: built 25 candidates
[2026-10-05 04:37:16.744] [info] [stationary.cpp:264] NN: cost=29.449035, feasible=true, active_stations=1
[2026-10-05 04:37:16.744] [info] [candidate.cpp:199] InstancePrecompute: built 25 candidates
[2026-10-05 04:37:16.744] [info] [stationary.cpp:264] NN: cost=18.697365, feasible=true, active_stations=1
[2026-10-05 04:37:16.744] [info] [candidate.cpp:199] InstancePrecompute: built 25 candidates
[2026-10-05 04:37:16.744] [info] [stationary.cpp:264] NN: cost=833.076510, feasible=true, active_stations=1
[2026-10-05 04:37:16.744] [info] [candidate.cpp:199] InstancePrecompute: built 25 candidates
[2026-10-05 04:37:16.744] [info] [stationary.cpp:264] NN: cost=586.037049, feasible=true, active_stations=1
[2026-10-05 04:37:16.744] [info] [candidate.cpp:199] InstancePrecompute: built 25 candidates
[2026-10-05 04:37:16.744] [info] [stationary.cpp:264] NN: cost=544.984966, feasible=true, active_stations=1
[2026-10-05 04:37:16.744] [info] [candidate.cpp:199] InstancePrecompute: built 25 candidates
[2026-10-05 04:37:16.744] [info] [stationary.cpp:264] NN: cost=298.990005, feasible=true, active_stations=1
[2026-10-05 04:37:16.744] [info] [candidate.cpp:199] InstancePrecompute: built 75 candidates
[2026-10-05 04:37:16.745] [info] [stationary.cpp:264] NN: cost=406.740693, feasible=true, active_stations=2
[2026-10-05 04:37:16.745] [info] [candidate.cpp:199] InstancePrecompute: built 50 candidates
[2026-10-05 04:37:16.745] [info] [stationary.cpp:264] NN: cost=143.177822, feasible=true, active_stations=1
[2026-10-05 04:37:16.745] [info] [candidate.cpp:199] InstancePrecompute: built 25 candidates
[2026-10-05 04:37:16.745] [info] [stationary.cpp:264] NN: cost=29.449035, feasible=true, active_stations=1
[2026-10-05 04:37:16.745] [info] [candidate.cpp:199] InstancePrecompute: built 25 candidates
[2026-10-05 04:37:16.745] [info] [stationary.cpp:264] NN: cost=18.697365, feasible=true, active_stations=1
[2026-10-05 04:37:16.745] [info] [candidate.cpp:199] InstancePrecompute: built 25 candidates
[2026-10-05 04:37:16.745] [info] [stationary.cpp:264] NN: cost=833.076510, feasible=true, active_stations=1
[2026-10-05 04:37:16.745] [info] [candidate.cpp:199] InstancePrecompute: built 25 candidates
[2026-10-05 04:37:16.745] [info] [stationary.cpp:264] NN: cost=586.037049, feasible=true, active_stations=1
[2026-10-05 04:37:16.745] [info] [candidate.cpp:199] InstancePrecompute: built 25 candidates
[2026-10-05 04:37:16.745] [info] [stationary.cpp:264] NN: cost=544.984966, feasible=true, active_stations=1
[2026-10-05 04:37:16.745] [info] [candidate.cpp:199] InstancePrecompute: built 25 candidates
[2026-10-05 04:37:16.745] [info] [stationary.cpp:264] NN: cost=298.990005, feasible=true, active_stations=1
[2026-10-05 04:37:16.745] [info] [candidate.cpp:199] InstancePrecompute: built 25 candidates
[2026-10-05 04:37:16.745] [info] [stationary.cpp:264] NN: cost=126.706780, feasible=true, active_stations=1
[2026-10-05 04:37:16.745] [info] [candidate.cpp:199] InstancePrecompute: built 100 candidates
[2026-10-05 04:37:16.745] [info] [stationary.cpp:264] NN: cost=423.211735, feasible=true, active_stations=2
[2026-10-05 04:37:16.745] [info] [candidate.cpp:199] InstancePrecompute: built 25 candidates
[2026-10-05 04:37:16.745] [info] [stationary.cpp:264] NN: cost=29.449035, feasible=true, active_stations=1
[2026-10-05 04:37:16.745] [info] [candidate.cpp:199] InstancePrecompute: built 25 candidates
[2026-10-05 04:37:16.745] [info] [stationary.cpp:264] NN: cost=18.697365, feasible=true, active_stations=1
[2026-10-05 04:37:16.745] [info] [candidate.cpp:199] InstancePrecompute: built 25 candidates
[2026-10-05 04:37:16.745] [info] [stationary.cpp:264] NN: cost=833.076510, feasible=true, active_stations=1
[2026-10-05 04:37:16.745] [info] [candidate.cpp:199] InstancePrecompute: built 25 candidates
[2026-10-05 04:37:16.745] [info] [stationary.cpp:264] NN: cost=586.037049, feasible=true, active_stations=1
[2026-10-05 04:37:16.745] [info] [candidate.cpp:199] InstancePrecompute: built 25 candidates
[2026-10-05 04:37:16.745] [info] [stationary.cpp:264] NN: cost=544.984966, feasible=true, active_stations=1
[2026-10-05 04:37:16.745] [info] [candidate.cpp:199] InstancePrecompute: built 50 candidates
[2026-10-05 04:37:16.745] [info] [stationary.cpp:264] NN: cost=425.696784, feasible=true, active_stations=2
[2026-10-05 04:37:16.745] [info] [candidate.cpp:199] InstancePrecompute: built 75 candidates
[2026-10-05 04:37:16.745] [info] [stationary.cpp:264] NN: cost=143.177822, feasible=true, active_stations=1
[2026-10-05 04:37:16.745] [info] [candidate.cpp:199] InstancePrecompute: built 25 candidates
[2026-10-05 04:37:16.745] [info] [stationary.cpp:264] NN: cost=280.033913, feasible=true, active_stations=1
[2026-10-05 04:37:16.745] [info] [candidate.cpp:199] InstancePrecompute: built 25 candidates
[2026-10-05 04:37:16.745] [info] [stationary.cpp:264] NN: cost=29.449035, feasible=true, active_stations=1
[2026-10-05 04:37:16.745] [info] [candidate.cpp:199] InstancePrecompute: built 25 candidates
[2026-10-05 04:37:16.745] [info] [stationary.cpp:264] NN: cost=18.697365, feasible=true, active_stations=1
[2026-10-05 04:37:16.745] [info] [candidate.cpp:199] InstancePrecompute: built 25 candidates
[2026-10-05 04:37:16.745] [info] [stationary.cpp:264] NN: cost=833.076510, feasible=true, active_stations=1
[2026-10-05 04:37:16.745] [info] [candidate.cpp:199] InstancePrecompute: built 25 candidates
[2026-10-05 04:37:16.745] [info] [stationary.cpp:264] NN: cost=586.037049, feasible=true, active_stations=1
[2026-10-05 04:37:16.745] [info] [candidate.cpp:199] InstancePrecompute: built 25 candidates
[2026-10-05 04:37:16.745] [info] [stationary.cpp:264] NN: cost=544.984966, feasible=true, active_stations=1
[2026-10-05 04:37:16.745] [info] [candidate.cpp:199] InstancePrecompute: built 25 candidates
[2026-10-05 04:37:16.745] [info] [stationary.cpp:264] NN: cost=298.990005, feasible=true, active_stations=1
[2026-10-05 04:37:16.745] [info] [candidate.cpp:199] InstancePrecompute: built 100 candidates
[2026-10-05 04:37:16.745] [info] [stationary.cpp:264] NN: cost=143.177822, feasible=true, active_stations=1
[2026-10-05 04:37:16.745] [info] [candidate.cpp:199] InstancePrecompute: built 25 candidates
[2026-10-05 04:37:16.745] [info] [stationary.cpp:264] NN: cost=280.033913, feasible=true, active_stations=1
[2026-10-05 04:37:16.745] [info] [candidate.cpp:199] InstancePrecompute: built 50 candidates
[2026-10-05 04:37:16.745] [info] [stationary.cpp:264] NN: cost=48.146400, feasible=true, active_stations=2
[2026-10-05 04:37:16.745] [info] [candidate.cpp:199] InstancePrecompute: built 25 candidates
[2026-10-05 04:37:16.745] [info] [stationary.cpp:264] NN: cost=833.076510, feasible=true, active_stations=1
[2026-10-05 04:37:16.745] [info] [candidate.cpp:199] InstancePrecompute: built 25 candidates
[2026-10-05 04:37:16.745] [info] [stationary.cpp:264] NN: cost=586.037049, feasible=true, active_stations=1
[2026-10-05 04:37:16.745] [info] [candidate.cpp:199] InstancePrecompute: built 25 candidates
[2026-10-05 04:37:16.745] [info] [stationary.cpp:264] NN: cost=544.984966, feasible=true, active_stations=1
[2026-10-05 04:37:16.745] [info] [candidate.cpp:199] InstancePrecompute: built 25 candidates
[2026-10-05 04:37:16.745] [info] [stationary.cpp:264] NN: cost=298.990005, feasible=true, active_stations=1
[2026-10-05 04:37:16.745] [info] [candidate.cpp:199] InstancePrecompute: built 50 candidates
[2026-10-05 04:37:16.745] [info] [stationary.cpp:264] NN: cost=126.706780, feasible=true, active_stations=1
[2026-10-05 04:37:16.745] [info] [candidate.cpp:199] InstancePrecompute: built 50 candidates
[2026-10-05 04:37:16.745] [info] [stationary.cpp:264] NN: cost=143.177822, feasible=true, active_stations=1
[2026-10-05 04:37:16.745] [info] [candidate.cpp:199] InstancePrecompute: built 25 candidates
[2026-10-05 04:37:16.745] [info] [stationary.cpp:264] NN: cost=280.033913, feasible=true, active_stations=1
[2026-10-05 04:37:16.745] [info] [candidate.cpp:199] InstancePrecompute: built 50 candidates
[2026-10-05 04:37:16.745] [info] [stationary.cpp:264] NN: cost=48.146400, feasible=true, active_stations=2
[2026-10-05 04:37:16.745] [info] [candidate.cpp:199] InstancePrecompute: built 25 candidates
[2026-10-05 04:37:16.745] [info] [stationary.cpp:264] NN: cost=833.076510, feasible=true, active_stations=1
[2026-10-05 04:37:16.745] [info] [candidate.cpp:199] InstancePrecompute: built 25 candidates
[2026-10-05 04:37:16.745] [info] [stationary.cpp:264] NN: cost=586.037049, feasible=true, active_stations=1
[2026-10-05 04:37:16.745] [info] [candidate.cpp:199] InstancePrecompute: built 25 candidates
[2026-10-05 04:37:16.745] [info] [stationary.cpp:264] NN: cost=544.984966, feasible=true, active_stations=1
[2026-10-05 04:37:16.745] [info] [candidate.cpp:199] InstancePrecompute: built 25 candidates
[2026-10-05 04:37:16.745] [info] [stationary.cpp:264] NN: cost=298.990005, feasible=true, active_stations=1
[2026-10-05 04:37:16.745] [info] [candidate.cpp:199] InstancePrecompute: built 25 candidates
[2026-10-05 04:37:16.745] [info] [stationary.cpp:264] NN: cost=126.706780, feasible=true, active_stations=1
[2026-10-05 04:37:16.745] [info] [candidate.cpp:199] InstancePrecompute: built 75 candidates
[2026-10-05 04:37:16.745] [info] [stationary.cpp:264] NN: cost=143.177822, feasible=true, active_stations=1
[2026-10-05 04:37:16.745] [info] [candidate.cpp:199] InstancePrecompute: built 25 candidates
[2026-10-05 04:37:16.745] [info] [stationary.cpp:264] NN: cost=280.033913, feasible=true, active_stations=1
[2026-10-05 04:37:16.745] [info] [candidate.cpp:199] InstancePrecompute: built 50 candidates
[2026-10-05 04:37:16.745] [info] [stationary.cpp:264] NN: cost=48.146400, feasible=true, active_stations=2
[2026-10-05 04:37:16.745] [info] [candidate.cpp:199] InstancePrecompute: built 25 candidates
[2026-10-05 04:37:16.745] [info] [stationary.cpp:264] NN: cost=833.076510, feasible=true, active_stations=1
[2026-10-05 04:37:16.745] [info] [candidate.cpp:199] InstancePrecompute: built 25 candidates
[2026-10-05 04:37:16.745] [info] [stationary.cpp:264] NN: cost=586.037049, feasible=true, active_stations=1
[2026-10-05 04:37:16.745] [info] [candidate.cpp:199] InstancePrecompute: built 25 candidates
[2026-10-05 04:37:16.745] [info] [stationary.cpp:264] NN: cost=544.984966, feasible=true, active_stations=1
[2026-10-05 04:37:16.745] [info] [candidate.cpp:199] InstancePrecompute: built 50 candidates
[2026-10-05 04:37:16.745] [info] [stationary.cpp:264] NN: cost=425.696784, feasible=true, active_stations=2
[2026-10-05 04:37:16.745] [info] [candidate.cpp:199] InstancePrecompute: built 50 candidates
[2026-10-05 04:37:16.745] [info] [stationary.cpp:264] NN: cost=106.907900, feasible=true, active_stations=1
[2026-10-05 04:37:16.745] [info] [candidate.cpp:199] InstancePrecompute: built 50 candidates
[2026-10-05 04:37:16.745] [info] [stationary.cpp:264] NN: cost=423.211735, feasible=true, active_stations=2
[2026-10-05 04:37:16.745] [info] [candidate.cpp:199] InstancePrecompute: built 25 candidates
[2026-10-05 04:37:16.745] [info] [stationary.cpp:264] NN: cost=29.449035, feasible=true, active_stations=1
[2026-10-05 04:37:16.745] [info] [candidate.cpp:199] InstancePrecompute: built 25 candidates
[2026-10-05 04:37:16.745] [info] [stationary.cpp:264] NN: cost=18.697365, feasible=true, active_stations=1
[2026-10-05 04:37:16.745] [info] [candidate.cpp:199] InstancePrecompute: built 25 candidates
[2026-10-05 04:37:16.745] [info] [stationary.cpp:264] NN: cost=833.076510, feasible=true, active_stations=1
[2026-10-05 04:37:16.745] [info] [candidate.cpp:199] InstancePrecompute: built 25 candidates
[2026-10-05 04:37:16.745] [info] [stationary.cpp:264] NN: cost=586.037049, feasible=true, active_stations=1
[2026-10-05 04:37:16.745] [info] [candidate.cpp:199] InstancePrecompute: built 25 candidates
[2026-10-05 04:37:16.745] [info] [stationary.cpp:264] NN: cost=544.984966, feasible=true, active_stations=1
[2026-10-05 04:37:16.745] [info] [candidate.cpp:199] InstancePrecompute: built 25 candidates
[2026-10-05 04:37:16.745] [info] [stationary.cpp:264] NN: cost=298.990005, feasible=true, active_stations=1
[2026-10-05 04:37:16.745] [info] [candidate.cpp:199] InstancePrecompute: built 75 candidates
[2026-10-05 04:37:16.745] [info] [stationary.cpp:264] NN: cost=126.706780, feasible=true, active_stations=1
[2026-10-05 04:37:16.745] [info] [candidate.cpp:199] InstancePrecompute: built 50 candidates
[2026-10-05 04:37:16.745] [info] [stationary.cpp:264] NN: cost=423.211735, feasible=true, active_stations=2
[2026-10-05 04:37:16.745] [info] [candidate.cpp:199] InstancePrecompute: built 50 candidates
[2026-10-05 04:37:16.745] [info] [stationary.cpp:264] NN: cost=48.146400, feasible=true, active_stations=2
[2026-10-05 04:37:16.745] [info] [candidate.cpp:199] InstancePrecompute: built 25 candidates
[2026-10-05 04:37:16.745] [info] [stationary.cpp:264] NN: cost=833.076510, feasible=true, active_stations=1
[2026-10-05 04:37:16.745] [info] [candidate.cpp:199] InstancePrecompute: built 25 candidates
[2026-10-05 04:37:16.745] [info] [stationary.cpp:264] NN: cost=586.037049, feasible=true, active_stations=1
[2026-10-05 04:37:16.745] [info] [candidate.cpp:199] InstancePrecompute: built 25 candidates
[2026-10-05 04:37:16.745] [info] [stationary.cpp:264] NN: cost=544.984966, feasible=true, active_stations=1
[2026-10-05 04:37:16.745] [info] [candidate.cpp:199] InstancePrecompute: built 25 candidates
[2026-10-05 04:37:16.745] [info] [stationary.cpp:264] NN: cost=298.990005, feasible=true, active_stations=1
[2026-10-05 04:37:16.745] [info] [candidate.cpp:199] InstancePrecompute: built 50 candidates
[2026-10-05 04:37:16.745] [info] [stationary.cpp:264] NN: cost=126.706780, feasible=true, active_stations=1
[2026-10-05 04:37:16.745] [info] [candidate.cpp:199] InstancePrecompute: built 25 candidates
[2026-10-05 04:37:16.745] [info] [stationary.cpp:264] NN: cost=106.907900, feasible=true, active_stations=1
[2026-10-05 04:37:16.745] [info] [candidate.cpp:199] InstancePrecompute: built 25 candidates
[2026-10-05 04:37:16.745] [info] [stationary.cpp:264] NN: cost=280.033913, feasible=true, active_stations=1
[2026-10-05 04:37:16.745] [info] [candidate.cpp:199] InstancePrecompute: built 25 candidates
[2026-10-05 04:37:16.745] [info] [stationary.cpp:264] NN: cost=143.177822, feasible=true, active_stations=1
[2026-10-05 04:37:16.745] [info] [candidate.cpp:199] InstancePrecompute: built 50 candidates
[2026-10-05 04:37:16.745] [info] [stationary.cpp:264] NN: cost=48.146400, feasible=true, active_stations=2
[2026-10-05 04:37:16.745] [info] [candidate.cpp:199] InstancePrecompute: built 25 candidates
[2026-10-05 04:37:16.745] [info] [stationary.cpp:264] NN: cost=833.076510, feasible=true, active_stations=1
[2026-10-05 04:37:16.745] [info] [candidate.cpp:199] InstancePrecompute: built 25 candidates
[2026-10-05 04:37:16.745] [info] [stationary.cpp:264] NN: cost=586.037049, feasible=true, active_stations=1
[2026-10-05 04:37:16.745] [info] [candidate.cpp:199] InstancePrecompute: built 25 candidates
[2026-10-05 04:37:16.745] [info] [stationary.cpp:264] NN: cost=544.984966, feasible=true, active_stations=1
[2026-10-05 04:37:16.745] [info] [candidate.cpp:199] InstancePrecompute: built 25 candidates
[2026-10-05 04:37:16.745] [info] [stationary.cpp:264] NN: cost=298.990005, feasible=true, active_stations=1
[2026-10-05 04:37:16.745] [info] [candidate.cpp:199] InstancePrecompute: built 25 candidates
[2026-10-05 04:37:16.745] [info] [stationary.cpp:264] NN: cost=126.706780, feasible=true, active_stations=1
[2026-10-05 04:37:16.745] [info] [candidate.cpp:199] InstancePrecompute: built 50 candidates
[2026-10-05 04:37:16.745] [info] [stationary.cpp:264] NN: cost=106.907900, feasible=true, active_stations=1
[2026-10-05 04:37:16.745] [info] [candidate.cpp:199] InstancePrecompute: built 50 candidates
[2026-10-05 04:37:16.745] [info] [stationary.cpp:264] NN: cost=423.211735, feasible=true, active_stations=2
[2026-10-05 04:37:16.745] [info] [candidate.cpp:199] InstancePrecompute: built 50 candidates
[2026-10-05 04:37:16.745] [info] [stationary.cpp:264] NN: cost=48.146400, feasible=true, active_stations=2
[2026-10-05 04:37:16.745] [info] [candidate.cpp:199] InstancePrecompute: built 25 candidates
[2026-10-05 04:37:16.745] [info] [stationary.cpp:264] NN: cost=833.076510, feasible=true, active_stations=1
[2026-10-05 04:37:16.745] [info] [candidate.cpp:199] InstancePrecompute: built 25 candidates
[2026-10-05 04:37:16.745] [info] [stationary.cpp:264] NN: cost=586.037049, feasible=true, active_stations=1
[2026-10-05 04:37:16.745] [info] [candidate.cpp:199] InstancePrecompute: built 25 candidates
[2026-10-05 04:37:16.745] [info] [stationary.cpp:264] NN: cost=544.984966, feasible=true, active_stations=1
[2026-10-05 04:37:16.745] [info] [candidate.cpp:199] InstancePrecompute: built 25 candidates
[2026-10-05 04:37:16.745] [info] [stationary.cpp:264] NN: cost=298.990005, feasible=true, active_stations=1
[2026-10-05 04:37:16.745] [info] [candidate.cpp:199] InstancePrecompute: built 25 candidates
[2026-10-05 04:37:16.745] [info] [stationary.cpp:264] NN: cost=72.483971, feasible=true, active_stations=1
[2026-10-05 04:37:16.745] [info] [candidate.cpp:199] InstancePrecompute: built 25 candidates
[2026-10-05 04:37:16.745] [info] [stationary.cpp:264] NN: cost=126.706780, feasible=true, active_stations=1
[2026-10-05 04:37:16.745] [info] [candidate.cpp:199] InstancePrecompute: built 75 candidates
[2026-10-05 04:37:16.745] [info] [stationary.cpp:264] NN: cost=423.211735, feasible=true, active_stations=2
[2026-10-05 04:37:16.745] [info] [candidate.cpp:199] InstancePrecompute: built 25 candidates
[2026-10-05 04:37:16.745] [info] [stationary.cpp:264] NN: cost=29.449035, feasible=true, active_stations=1
[2026-10-05 04:37:16.745] [info] [candidate.cpp:199] InstancePrecompute: built 25 candidates
[2026-10-05 04:37:16.745] [info] [stationary.cpp:264] NN: cost=18.697365, feasible=true, active_stations=1
[2026-10-05 04:37:16.745] [info] [candidate.cpp:199] InstancePrecompute: built 25 candidates
[2026-10-05 04:37:16.745] [info] [stationary.cpp:264] NN: cost=833.076510, feasible=true, active_stations=1
[2026-10-05 04:37:16.745] [info] [candidate.cpp:199] InstancePrecompute: built 25 candidates
[2026-10-05 04:37:16.745] [info] [stationary.cpp:264] NN: cost=586.037049, feasible=true, active_stations=1
[2026-10-05 04:37:16.745] [info] [candidate.cpp:199] InstancePrecompute: built 25 candidates
[2026-10-05 04:37:16.745] [info] [stationary.cpp:264] NN: cost=544.984966, feasible=true, active_stations=1
[2026-10-05 04:37:16.745] [info] [candidate.cpp:199] InstancePrecompute: built 25 candidates
[2026-10-05 04:37:16.745] [info] [stationary.cpp:264] NN: cost=298.990005, feasible=true, active_stations=1
[2026-10-05 04:37:16.745] [info] [candidate.cpp:199] InstancePrecompute: built 25 candidates
[2026-10-05 04:37:16.745] [info] [stationary.cpp:264] NN: cost=72.483971, feasible=true, active_stations=1
[2026-10-05 04:37:16.745] [info] [candidate.cpp:199] InstancePrecompute: built 100 candidates
[2026-10-05 04:37:16.745] [info] [stationary.cpp:264] NN: cost=423.211735, feasible=true, active_stations=2
[2026-10-05 04:37:16.745] [info] [candidate.cpp:199] InstancePrecompute: built 50 candidates
[2026-10-05 04:37:16.745] [info] [stationary.cpp:264] NN: cost=48.146400, feasible=true, active_stations=2
[2026-10-05 04:37:16.745] [info] [candidate.cpp:199] InstancePrecompute: built 25 candidates
[2026-10-05 04:37:16.745] [info] [stationary.cpp:264] NN: cost=833.076510, feasible=true, active_stations=1
[2026-10-05 04:37:16.745] [info] [candidate.cpp:199] InstancePrecompute: built 25 candidates
[2026-10-05 04:37:16.745] [info] [stationary.cpp:264] NN: cost=586.037049, feasible=true, active_stations=1
[2026-10-05 04:37:16.745] [info] [candidate.cpp:199] InstancePrecompute: built 25 candidates
[2026-10-05 04:37:16.745] [info] [stationary.cpp:264] NN: cost=544.984966, feasible=true, active_stations=1
[2026-10-05 04:37:16.745] [info] [candidate.cpp:199] InstancePrecompute: built 25 candidates
[2026-10-05 04:37:16.745] [info] [stationary.cpp:264] NN: cost=298.990005, feasible=true, active_stations=1
[2026-10-05 04:37:16.745] [info] [candidate.cpp:199] InstancePrecompute: built 25 candidates
[2026-10-05 04:37:16.745] [info] [stationary.cpp:264] NN: cost=72.483971, feasible=true, active_stations=1
[2026-10-05 04:37:16.745] [info] [candidate.cpp:199] InstancePrecompute: built 50 candidates
[2026-10-05 04:37:16.745] [info] [stationary.cpp:264] NN: cost=406.740693, feasible=true, active_stations=2
[2026-10-05 04:37:16.745] [info] [candidate.cpp:199] InstancePrecompute: built 50 candidates
[2026-10-05 04:37:16.745] [info] [stationary.cpp:264] NN: cost=143.177822, feasible=true, active_stations=1
[2026-10-05 04:37:16.745] [info] [candidate.cpp:199] InstancePrecompute: built 50 candidates
[2026-10-05 04:37:16.745] [info] [stationary.cpp:264] NN: cost=48.146400, feasible=true, active_stations=2
[2026-10-05 04:37:16.745] [info] [candidate.cpp:199] InstancePrecompute: built 25 candidates
[2026-10-05 04:37:16.745] [info] [stationary.cpp:264] NN: cost=833.076510, feasible=true, active_stations=1
[2026-10-05 04:37:16.745] [info] [candidate.cpp:199] InstancePrecompute: built 25 candidates
[2026-10-05 04:37:16.745] [info] [stationary.cpp:264] NN: cost=586.037049, feasible=true, active_stations=1
[2026-10-05 04:37:16.745] [info] [candidate.cpp:199] InstancePrecompute: built 25 candidates
[2026-10-05 04:37:16.745] [info] [stationary.cpp:264] NN: cost=544.984966, feasible=true, active_stations=1
[2026-10-05 04:37:16.745] [info] [candidate.cpp:199] InstancePrecompute: built 25 candidates
[2026-10-05 04:37:16.745] [info] [stationary.cpp:264] NN: cost=298.990005, feasible=true, active_stations=1
[2026-10-05 04:37:16.746] [info] [candidate.cpp:199] InstancePrecompute: built 25 candidates
[2026-10-05 04:37:16.746] [info] [stationary.cpp:264] NN: cost=72.483971, feasible=true, active_stations=1
[2026-10-05 04:37:16.746] [info] [candidate.cpp:199] InstancePrecompute: built 25 candidates
[2026-10-05 04:37:16.746] [info] [stationary.cpp:264] NN: cost=126.706780, feasible=true, active_stations=1
[2026-10-05 04:37:16.746] [info] [candidate.cpp:199] InstancePrecompute: built 75 candidates
[2026-10-05 04:37:16.746] [info] [stationary.cpp:264] NN: cost=423.211735, feasible=true, active_stations=2
[2026-10-05 04:37:16.746] [info] [candidate.cpp:199] InstancePrecompute: built 50 candidates
[2026-10-05 04:37:16.746] [info] [stationary.cpp:264] NN: cost=48.146400, feasible=true, active_stations=2
[2026-10-05 04:37:16.746] [info] [candidate.cpp:199] InstancePrecompute: built 25 candidates
[2026-10-05 04:37:16.746] [info] [stationary.cpp:264] NN: cost=833.076510, feasible=true, active_stations=1
[2026-10-05 04:37:16.746] [info] [candidate.cpp:199] InstancePrecompute: built 25 candidates
[2026-10-05 04:37:16.746] [info] [stationary.cpp:264] NN: cost=586.037049, feasible=true, active_stations=1
[2026-10-05 04:37:16.746] [info] [candidate.cpp:199] InstancePrecompute: built 25 candidates
[2026-10-05 04:37:16.746] [info] [stationary.cpp:264] NN: cost=544.984966, feasible=true, active_stations=1
[2026-10-05 04:37:16.746] [info] [candidate.cpp:199] InstancePrecompute: built 25 candidates
[2026-10-05 04:37:16.746] [info] [stationary.cpp:264] NN: cost=298.990005, feasible=true, active_stations=1
[2026-10-05 04:37:16.746] [info] [candidate.cpp:199] InstancePrecompute: built 25 candidates
[2026-10-05 04:37:16.746] [info] [stationary.cpp:264] NN: cost=72.483971, feasible=true, active_stations=1
[2026-10-05 04:37:16.746] [info] [candidate.cpp:199] InstancePrecompute: built 50 candidates
[2026-10-05 04:37:16.746] [info] [stationary.cpp:264] NN: cost=406.740693, feasible=true, active_stations=2
[2026-10-05 04:37:16.746] [info] [candidate.cpp:199] InstancePrecompute: built 50 candidates
[2026-10-05 04:37:16.746] [info] [stationary.cpp:264] NN: cost=143.177822, feasible=true, active_stations=1
[2026-10-05 04:37:16.746] [info] [candidate.cpp:199] InstancePrecompute: built 25 candidates
[2026-10-05 04:37:16.746] [info] [stationary.cpp:264] NN: cost=29.449035, feasible=true, active_stations=1
[2026-10-05 04:37:16.746] [info] [candidate.cpp:199] InstancePrecompute: built 25 candidates
[2026-10-05 04:37:16.746] [info] [stationary.cpp:264] NN: cost=18.697365, feasible=true, active_stations=1
[2026-10-05 04:37:16.746] [info] [candidate.cpp:199] InstancePrecompute: built 25 candidates
[2026-10-05 04:37:16.746] [info] [stationary.cpp:264] NN: cost=833.076510, feasible=true, active_stations=1
[2026-10-05 04:37:16.746] [info] [candidate.cpp:199] InstancePrecompute: built 25 candidates
[2026-10-05 04:37:16.746] [info] [stationary.cpp:264] NN: cost=586.037049, feasible=true, active_stations=1
[2026-10-05 04:37:16.746] [info] [candidate.cpp:199] InstancePrecompute: built 25 candidates
[2026-10-05 04:37:16.746] [info] [stationary.cpp:264] NN: cost=544.984966, feasible=true, active_stations=1
[2026-10-05 04:37:16.746] [info] [candidate.cpp:199] InstancePrecompute: built 25 candidates
[2026-10-05 04:37:16.746] [info] [stationary.cpp:264] NN: cost=298.990005, feasible=true, active_stations=1
[2026-10-05 04:37:16.746] [info] [candidate.cpp:199] InstancePrecompute: built 25 candidates
[2026-10-05 04:37:16.746] [info] [stationary.cpp:264] NN: cost=72.483971, feasible=true, active_stations=1
[2026-10-05 04:37:16.746] [info] [candidate.cpp:199] InstancePrecompute: built 25 candidates
[2026-10-05 04:37:16.746] [info] [stationary.cpp:264] NN: cost=126.706780, feasible=true, active_stations=1
[2026-10-05 04:37:16.746] [info] [candidate.cpp:199] InstancePrecompute: built 75 candidates
[2026-10-05 04:37:16.746] [info] [stationary.cpp:264] NN: cost=423.211735, feasible=true, active_stations=2
[2026-10-05 04:37:16.746] [info] [candidate.cpp:199] InstancePrecompute: built 25 candidates
[2026-10-05 04:37:16.746] [info] [stationary.cpp:264] NN: cost=29.449035, feasible=true, active_stations=1
[2026-10-05 04:37:16.746] [info] [candidate.cpp:199] InstancePrecompute: built 25 candidates
[2026-10-05 04:37:16.746] [info] [stationary.cpp:264] NN: cost=18.697365, feasible=true, active_stations=1
[2026-10-05 04:37:16.746] [info] [candidate.cpp:199] InstancePrecompute: built 25 candidates
[2026-10-05 04:37:16.746] [info] [stationary.cpp:264] NN: cost=833.076510, feasible=true, active_stations=1
[2026-10-05 04:37:16.746] [info] [candidate.cpp:199] InstancePrecompute: built 25 candidates
[2026-10-05 04:37:16.746] [info] [stationary.cpp:264] NN: cost=586.037049, feasible=true, active_stations=1
[2026-10-05 04:37:16.746] [info] [candidate.cpp:199] InstancePrecompute: built 25 candidates
[2026-10-05 04:37:16.746] [info] [stationary.cpp:264] NN: cost=544.984966, feasible=true, active_stations=1
[2026-10-05 04:37:16.746] [info] [candidate.cpp:199] InstancePrecompute: built 25 candidates
[2026-10-05 04:37:16.746] [info] [stationary.cpp:264] NN: cost=298.990005, feasible=true, active_stations=1
[2026-10-05 04:37:16.746] [info] [candidate.cpp:199] InstancePrecompute: built 25 candidates
[2026-10-05 04:37:16.746] [info] [stationary.cpp:264] NN: cost=72.483971, feasible=true, active_stations=1
[2026-10-05 04:37:16.746] [info] [candidate.cpp:199] InstancePrecompute: built 25 candidates
[2026-10-05 04:37:16.746] [info] [stationary.cpp:264] NN: cost=126.706780, feasible=true, active_stations=1
[2026-10-05 04:37:16.746] [info] [candidate.cpp:199] InstancePrecompute: built 75 candidates
[2026-10-05 04:37:16.746] [info] [stationary.cpp:264] NN: cost=423.211735, feasible=true, active_stations=2
[2026-10-05 04:37:16.746] [info] [candidate.cpp:199] InstancePrecompute: built 25 candidates
[2026-10-05 04:37:16.746] [info] [stationary.cpp:264] NN: cost=29.449035, feasible=true, active_stations=1
[2026-10-05 04:37:16.746] [info] [candidate.cpp:199] InstancePrecompute: built 25 candidates
[2026-10-05 04:37:16.746] [info] [stationary.cpp:264] NN: cost=18.697365, feasible=true, active_stations=1
[2026-10-05 04:37:16.746] [info] [candidate.cpp:199] InstancePrecompute: built 25 candidates
[2026-10-05 04:37:16.746] [info] [stationary.cpp:264] NN: cost=833.076510, feasible=true, active_stations=1
[2026-10-05 04:37:16.746] [info] [candidate.cpp:199] InstancePrecompute: built 25 candidates
[2026-10-05 04:37:16.746] [info] [stationary.cpp:264] NN: cost=586.037049, feasible=true, active_stations=1
[2026-10-05 04:37:16.746] [info] [candidate.cpp:199] InstancePrecompute: built 25 candidates
[2026-10-05 04:37:16.746] [info] [stationary.cpp:264] NN: cost=544.984966, feasible=true, active_stations=1
[2026-10-05 04:37:16.746] [info] [candidate.cpp:199] InstancePrecompute: built 25 candidates
[2026-10-05 04:37:16.746] [info] [stationary.cpp:264] NN: cost=298.990005, feasible=true, active_stations=1
[2026-10-05 04:37:16.746] [info] [candidate.cpp:199] InstancePrecompute: built 25 candidates
[2026-10-05 04:37:16.746] [info] [stationary.cpp:264] NN: cost=72.483971, feasible=true, active_stations=1
[2026-10-05 04:37:16.746] [info] [candidate.cpp:199] InstancePrecompute: built 25 candidates
[2026-10-05 04:37:16.746] [info] [stationary.cpp:264] NN: cost=126.706780, feasible=true, active_stations=1
[2026-10-05 04:37:16.746] [info] [candidate.cpp:199] InstancePrecompute: built 75 candidates
[2026-10-05 04:37:16.746] [info] [stationary.cpp:264] NN: cost=423.211735, feasible=true, active_stations=2
[2026-10-05 04:37:16.746] [info] [candidate.cpp:199] InstancePrecompute: built 25 candidates
[2026-10-05 04:37:16.746] [info] [stationary.cpp:264] NN: cost=29.449035, feasible=true, active_stations=1
[2026-10-05 04:37:16.746] [info] [candidate.cpp:199] InstancePrecompute: built 25 candidates
[2026-10-05 04:37:16.746] [info] [stationary.cpp:264] NN: cost=18.697365, feasible=true, active_stations=1
[2026-10-05 04:37:16.746] [info] [candidate.cpp:199] InstancePrecompute: built 25 candidates
[2026-10-05 04:37:16.746] [info] [stationary.cpp:264] NN: cost=833.076510, feasible=true, active_stations=1
[2026-10-05 04:37:16.746] [info] [candidate.cpp:199] InstancePrecompute: built 25 candidates
[2026-10-05 04:37:16.746] [info] [stationary.cpp:264] NN: cost=586.037049, feasible=true, active_stations=1
[2026-10-05 04:37:16.746] [info] [candidate.cpp:199] InstancePrecompute: built 25 candidates
[2026-10-05 04:37:16.746] [info] [stationary.cpp:264] NN: cost=544.984966, feasible=true, active_stations=1
[2026-10-05 04:37:16.746] [info] [candidate.cpp:199] InstancePrecompute: built 25 candidates
[2026-10-05 04:37:16.746] [info] [stationary.cpp:264] NN: cost=298.990005, feasible=true, active_stations=1
[2026-10-05 04:37:16.746] [info] [candidate.cpp:199] InstancePrecompute: built 25 candidates
[2026-10-05 04:37:16.746] [info] [stationary.cpp:264] NN: cost=72.483971, feasible=true, active_stations=1
[2026-10-05 04:37:16.746] [info] [candidate.cpp:199] InstancePrecompute: built 75 candidates
[2026-10-05 04:37:16.746] [info] [stationary.cpp:264] NN: cost=423.211735, feasible=true, active_stations=2
[2026-10-05 04:37:16.746] [info] [candidate.cpp:199] InstancePrecompute: built 25 candidates
[2026-10-05 04:37:16.746] [info] [stationary.cpp:264] NN: cost=106.907900, feasible=true, active_stations=1
[2026-10-05 04:37:16.746] [info] [candidate.cpp:199] InstancePrecompute: built 25 candidates
[2026-10-05 04:37:16.746] [info] [stationary.cpp:264] NN: cost=29.449035, feasible=true, active_stations=1
[2026-10-05 04:37:16.746] [info] [candidate.cpp:199] InstancePrecompute: built 25 candidates
[2026-10-05 04:37:16.746] [info] [stationary.cpp:264] NN: cost=18.697365, feasible=true, active_stations=1
[2026-10-05 04:37:16.746] [info] [candidate.cpp:199] InstancePrecompute: built 25 candidates
[2026-10-05 04:37:16.746] [info] [stationary.cpp:264] NN: cost=833.076510, feasible=true, active_stations=1
[2026-10-05 04:37:16.746] [info] [candidate.cpp:199] InstancePrecompute: built 25 candidates
[2026-10-05 04:37:16.746] [info] [stationary.cpp:264] NN: cost=586.037049, feasible=true, active_stations=1
[2026-10-05 04:37:16.746] [info] [candidate.cpp:199] InstancePrecompute: built 25 candidates
[2026-10-05 04:37:16.746] [info] [stationary.cpp:264] NN: cost=544.984966, feasible=true, active_stations=1
[2026-10-05 04:37:16.746] [info] [candidate.cpp:199] InstancePrecompute: built 25 candidates
[2026-10-05 04:37:16.746] [info] [stationary.cpp:264] NN: cost=298.990005, feasible=true, active_stations=1
[2026-10-05 04:37:16.746] [info] [candidate.cpp:199] InstancePrecompute: built 25 candidates
[2026-10-05 04:37:16.746] [info] [stationary.cpp:264] NN: cost=126.706780, feasible=true, active_stations=1
[2026-10-05 04:37:16.746] [info] [candidate.cpp:199] InstancePrecompute: built 75 candidates
[2026-10-05 04:37:16.746] [info] [stationary.cpp:264] NN: cost=143.177822, feasible=true, active_stations=1
[2026-10-05 04:37:16.746] [info] [candidate.cpp:199] InstancePrecompute: built 25 candidates
[2026-10-05 04:37:16.746] [info] [stationary.cpp:264] NN: cost=29.449035, feasible=true, active_stations=1
[2026-10-05 04:37:16.746] [info] [candidate.cpp:199] InstancePrecompute: built 25 candidates
[2026-10-05 04:37:16.746] [info] [stationary.cpp:264] NN: cost=280.033913, feasible=true, active_stations=1
[2026-10-05 04:37:16.746] [info] [candidate.cpp:199] InstancePrecompute: built 25 candidates
[2026-10-05 04:37:16.746] [info] [stationary.cpp:264] NN: cost=18.697365, feasible=true, active_stations=1
[2026-10-05 04:37:16.746] [info] [candidate.cpp:199] InstancePrecompute: built 25 candidates
[2026-10-05 04:37:16.746] [info] [stationary.cpp:264] NN: cost=833.076510, feasible=true, active_stations=1
[2026-10-05 04:37:16.746] [info] [candidate.cpp:199] InstancePrecompute: built 25 candidates
[2026-10-05 04:37:16.746] [info] [stationary.cpp:264] NN: cost=586.037049, feasible=true, active_stations=1
[2026-10-05 04:37:16.746] [info] [candidate.cpp:199] InstancePrecompute: built 25 candidates
[2026-10-05 04:37:16.746] [info] [stationary.cpp:264] NN: cost=544.984966, feasible=true, active_stations=1
[2026-10-05 04:37:16.746] [info] [candidate.cpp:199] InstancePrecompute: built 25 candidates
[2026-10-05 04:37:16.746] [info] [stationary.cpp:264] NN: cost=298.990005, feasible=true, active_stations=1
[2026-10-05 04:37:16.746] [info] [candidate.cpp:199] InstancePrecompute: built 25 candidates
[2026-10-05 04:37:16.746] [info] [stationary.cpp:264] NN: cost=126.706780, feasible=true, active_stations=1
[2026-10-05 04:37:16.746] [info] [candidate.cpp:199] InstancePrecompute: built 75 candidates
[2026-10-05 04:37:16.746] [info] [stationary.cpp:264] NN: cost=143.177822, feasible=true, active_stations=1
[2026-10-05 04:37:16.746] [info] [candidate.cpp:199] InstancePrecompute: built 25 candidates
[2026-10-05 04:37:16.746] [info] [stationary.cpp:264] NN: cost=29.449035, feasible=true, active_stations=1
[2026-10-05 04:37:16.746] [info] [candidate.cpp:199] InstancePrecompute: built 25 candidates
[2026-10-05 04:37:16.746] [info] [stationary.cpp:264] NN: cost=280.033913, feasible=true, active_stations=1
[2026-10-05 04:37:16.746] [info] [candidate.cpp:199] InstancePrecompute: built 25 candidates
[2026-10-05 04:37:16.746] [info] [stationary.cpp:264] NN: cost=18.697365, feasible=true, active_stations=1
[2026-10-05 04:37:16.746] [info] [candidate.cpp:199] InstancePrecompute: built 25 candidates
[2026-10-05 04:37:16.746] [info] [stationary.cpp:264] NN: cost=833.076510, feasible=true, active_stations=1
[2026-10-05 04:37:16.746] [info] [candidate.cpp:199] InstancePrecompute: built 25 candidates
[2026-10-05 04:37:16.746] [info] [stationary.cpp:264] NN: cost=586.037049, feasible=true, active_stations=1
[2026-10-05 04:37:16.746] [info] [candidate.cpp:199] InstancePrecompute: built 25 candidates
[2026-10-05 04:37:16.746] [info] [stationary.cpp:264] NN: cost=544.984966, feasible=true, active_stations=1
[2026-10-05 04:37:16.746] [info] [candidate.cpp:199] InstancePrecompute: built 25 candidates
[2026-10-05 04:37:16.746] [info] [stationary.cpp:264] NN: cost=298.990005, feasible=true, active_stations=1
[2026-10-05 04:37:16.746] [info] [candidate.cpp:199] InstancePrecompute: built 25 candidates
[2026-10-05 04:37:16.746] [info] [stationary.cpp:264] NN: cost=126.706780, feasible=true, active_stations=1
[2026-10-05 04:37:16.746] [info] [candidate.cpp:199] InstancePrecompute: built 75 candidates
[2026-10-05 04:37:16.746] [info] [stationary.cpp:264] NN: cost=143.177822, feasible=true, active_stations=1
[2026-10-05 04:37:16.746] [info] [candidate.cpp:199] InstancePrecompute: built 25 candidates
[2026-10-05 04:37:16.746] [info] [stationary.cpp:264] NN: cost=29.449035, feasible=true, active_stations=1
[2026-10-05 04:37:16.746] [info] [candidate.cpp:199] InstancePrecompute: built 25 candidates
[2026-10-05 04:37:16.746] [info] [stationary.cpp:264] NN: cost=280.033913, feasible=true, active_stations=1
[2026-10-05 04:37:16.746] [info] [candidate.cpp:199] InstancePrecompute: built 25 candidates
[2026-10-05 04:37:16.746] [info] [stationary.cpp:264] NN: cost=18.697365, feasible=true, active_stations=1
[2026-10-05 04:37:16.746] [info] [candidate.cpp:199] InstancePrecompute: built 25 candidates
[2026-10-05 04:37:16.746] [info] [stationary.cpp:264] NN: cost=833.076510, feasible=true, active_stations=1
[2026-10-05 04:37:16.746] [info] [candidate.cpp:199] InstancePrecompute: built 25 candidates
[2026-10-05 04:37:16.746] [info] [stationary.cpp:264] NN: cost=586.037049, feasible=true, active_stations=1
[2026-10-05 04:37:16.746] [info] [candidate.cpp:199] InstancePrecompute: built 25 candidates
[2026-10-05 04:37:16.746] [info] [stationary.cpp:264] NN: cost=544.984966, feasible=true, active_stations=1
[2026-10-05 04:37:16.746] [info] [candidate.cpp:199] InstancePrecompute: built 25 candidates
[2026-10-05 04:37:16.746] [info] [stationary.cpp:264] NN: cost=298.990005, feasible=true, active_stations=1
[2026-10-05 04:37:16.746] [info] [candidate.cpp:199] InstancePrecompute: built 25 candidates
[2026-10-05 04:37:16.746] [info] [stationary.cpp:264] NN: cost=126.706780, feasible=true, active_stations=1
[2026-10-05 04:37:16.746] [info] [candidate.cpp:199] InstancePrecompute: built 75 candidates
[2026-10-05 04:37:16.746] [info] [stationary.cpp:264] NN: cost=143.177822, feasible=true, active_stations=1
[2026-10-05 04:37:16.746] [info] [candidate.cpp:199] InstancePrecompute: built 25 candidates
[2026-10-05 04:37:16.746] [info] [stationary.cpp:264] NN: cost=29.449035, feasible=true, active_stations=1
[2026-10-05 04:37:16.746] [info] [candidate.cpp:199] InstancePrecompute: built 25 candidates
[2026-10-05 04:37:16.746] [info] [stationary.cpp:264] NN: cost=280.033913, feasible=true, active_stations=1
[2026-10-05 04:37:16.746] [info] [candidate.cpp:199] InstancePrecompute: built 25 candidates
[2026-10-05 04:37:16.746] [info] [stationary.cpp:264] NN: cost=18.697365, feasible=true, active_stations=1
[2026-10-05 04:37:16.746] [info] [candidate.cpp:199] InstancePrecompute: built 25 candidates
[2026-10-05 04:37:16.746] [info] [stationary.cpp:264] NN: cost=833.076510, feasible=true, active_stations=1
[2026-10-05 04:37:16.746] [info] [candidate.cpp:199] InstancePrecompute: built 25 candidates
[2026-10-05 04:37:16.746] [info] [stationary.cpp:264] NN: cost=586.037049, feasible=true, active_stations=1
[2026-10-05 04:37:16.746] [info] [candidate.cpp:199] InstancePrecompute: built 25 candidates
[2026-10-05 04:37:16.746] [info] [stationary.cpp:264] NN: cost=544.984966, feasible=true, active_stations=1
[2026-10-05 04:37:16.746] [info] [candidate.cpp:199] InstancePrecompute: built 25 candidates
[2026-10-05 04:37:16.746] [info] [stationary.cpp:264] NN: cost=298.990005, feasible=true, active_stations=1
[2026-10-05 04:37:16.746] [info] [candidate.cpp:199] InstancePrecompute: built 75 candidates
[2026-10-05 04:37:16.746] [info] [stationary.cpp:264] NN: cost=143.177822, feasible=true, active_stations=1
[2026-10-05 04:37:16.746] [info] [candidate.cpp:199] InstancePrecompute: built 25 candidates
[2026-10-05 04:37:16.746] [info] [stationary.cpp:264] NN: cost=106.907900, feasible=true, active_stations=1
[2026-10-05 04:37:16.746] [info] [candidate.cpp:199] InstancePrecompute: built 25 candidates
[2026-10-05 04:37:16.746] [info] [stationary.cpp:264] NN: cost=29.449035, feasible=true, active_stations=1
[2026-10-05 04:37:16.746] [info] [candidate.cpp:199] InstancePrecompute: built 25 candidates
[2026-10-05 04:37:16.746] [info] [stationary.cpp:264] NN: cost=280.033913, feasible=true, active_stations=1
[2026-10-05 04:37:16.746] [info] [candidate.cpp:199] InstancePrecompute: built 25 candidates
[2026-10-05 04:37:16.746] [info] [stationary.cpp:264] NN: cost=18.697365, feasible=true, active_stations=1
[2026-10-05 04:37:16.746] [info] [candidate.cpp:199] InstancePrecompute: built 25 candidates
[2026-10-05 04:37:16.746] [info] [stationary.cpp:264] NN: cost=833.076510, feasible=true, active_stations=1
[2026-10-05 04:37:16.746] [info] [candidate.cpp:199] InstancePrecompute: built 25 candidates
[2026-10-05 04:37:16.746] [info] [stationary.cpp:264] NN: cost=586.037049, feasible=true, active_stations=1
[2026-10-05 04:37:16.746] [info] [candidate.cpp:199] InstancePrecompute: built 25 candidates
[2026-10-05 04:37:16.746] [info] [stationary.cpp:264] NN: cost=544.984966, feasible=true, active_stations=1
[2026-10-05 04:37:16.746] [info] [candidate.cpp:199] InstancePrecompute: built 25 candidates
[2026-10-05 04:37:16.746] [info] [stationary.cpp:264] NN: cost=298.990005, feasible=true, active_stations=1
[2026-10-05 04:37:16.746] [info] [candidate.cpp:199] InstancePrecompute: built 25 candidates
[2026-10-05 04:37:16.746] [info] [stationary.cpp:264] NN: cost=126.706780, feasible=true, active_stations=1
[2026-10-05 04:37:16.746] [info] [candidate.cpp:199] InstancePrecompute: built 75 candidates
[2026-10-05 04:37:16.746] [info] [stationary.cpp:264] NN: cost=143.177822, feasible=true, active_stations=1
[2026-10-05 04:37:16.746] [info] [candidate.cpp:199] InstancePrecompute: built 25 candidates
[2026-10-05 04:37:16.746] [info] [stationary.cpp:264] NN: cost=280.033913, feasible=true, active_stations=1
[2026-10-05 04:37:16.746] [info] [candidate.cpp:199] InstancePrecompute: built 25 candidates
[2026-10-05 04:37:16.746] [info] [stationary.cpp:264] NN: cost=29.449035, feasible=true, active_stations=1
[2026-10-05 04:37:16.746] [info] [candidate.cpp:199] InstancePrecompute: built 25 candidates
[2026-10-05 04:37:16.746] [info] [stationary.cpp:264] NN: cost=18.697365, feasible=true, active_stations=1
[2026-10-05 04:37:16.746] [info] [candidate.cpp:199] InstancePrecompute: built 25 candidates
[2026-10-05 04:37:16.746] [info] [stationary.cpp:264] NN: cost=833.076510, feasible=true, active_stations=1
[2026-10-05 04:37:16.746] [info] [candidate.cpp:199] InstancePrecompute: built 25 candidates
[2026-10-05 04:37:16.746] [info] [stationary.cpp:264] NN: cost=586.037049, feasible=true, active_stations=1
[2026-10-05 04:37:16.746] [info] [candidate.cpp:199] InstancePrecompute: built 25 candidates
[2026-10-05 04:37:16.746] [info] [stationary.cpp:264] NN: cost=544.984966, feasible=true, active_stations=1
[2026-10-05 04:37:16.746] [info] [candidate.cpp:199] InstancePrecompute: built 25 candidates
[2026-10-05 04:37:16.746] [info] [stationary.cpp:264] NN: cost=298.990005, feasible=true, active_stations=1
[2026-10-05 04:37:16.746] [info] [candidate.cpp:199] InstancePrecompute: built 25 candidates
[2026-10-05 04:37:16.746] [info] [stationary.cpp:264] NN: cost=126.706780, feasible=true, active_stations=1
[2026-10-05 04:37:16.746] [info] [candidate.cpp:199] InstancePrecompute: built 75 candidates
[2026-10-05 04:37:16.746] [info] [stationary.cpp:264] NN: cost=143.177822, feasible=true, active_stations=1
[2026-10-05 04:37:16.746] [info] [candidate.cpp:199] InstancePrecompute: built 25 candidates
[2026-10-05 04:37:16.746] [info] [stationary.cpp:264] NN: cost=280.033913, feasible=true, active_stations=1
[2026-10-05 04:37:16.746] [info] [candidate.cpp:199] InstancePrecompute: built 25 candidates
[2026-10-05 04:37:16.746] [info] [stationary.cpp:264] NN: cost=29.449035, feasible=true, active_stations=1
[2026-10-05 04:37:16.746] [info] [candidate.cpp:199] InstancePrecompute: built 25 candidates
[2026-10-05 04:37:16.746] [info] [stationary.cpp:264] NN: cost=18.697365, feasible=true, active_stations=1
[2026-10-05 04:37:16.746] [info] [candidate.cpp:199] InstancePrecompute: built 25 candidates
[2026-10-05 04:37:16.746] [info] [stationary.cpp:264] NN: cost=833.076510, feasible=true, active_stations=1
[2026-10-05 04:37:16.746] [info] [candidate.cpp:199] InstancePrecompute: built 25 candidates
[2026-10-05 04:37:16.746] [info] [stationary.cpp:264] NN: cost=586.037049, feasible=true, active_stations=1
[2026-10-05 04:37:16.746] [info] [candidate.cpp:199] InstancePrecompute: built 25 candidates
[2026-10-05 04:37:16.746] [info] [stationary.cpp:264] NN: cost=544.984966, feasible=true, active_stations=1
[2026-10-05 04:37:16.746] [info] [candidate.cpp:199] InstancePrecompute: built 25 candidates
[2026-10-05 04:37:16.746] [info] [stationary.cpp:264] NN: cost=298.990005, feasible=true, active_stations=1
[2026-10-05 04:37:16.746] [info] [candidate.cpp:199] InstancePrecompute: built 25 candidates
[2026-10-05 04:37:16.746] [info] [stationary.cpp:264] NN: cost=126.706780, feasible=true, active_stations=1
[2026-10-05 04:37:16.746] [info] [candidate.cpp:199] InstancePrecompute: built 75 candidates
[2026-10-05 04:37:16.746] [info] [stationary.cpp:264] NN: cost=143.177822, feasible=true, active_stations=1
[2026-10-05 04:37:16.746] [info] [candidate.cpp:199] InstancePrecompute: built 25 candidates
[2026-10-05 04:37:16.746] [info] [stationary.cpp:264] NN: cost=280.033913, feasible=true, active_stations=1
[2026-10-05 04:37:16.746] [info] [candidate.cpp:199] InstancePrecompute: built 50 candidates
[2026-10-05 04:37:16.746] [info] [stationary.cpp:264] NN: cost=48.146400, feasible=true, active_stations=2
[2026-10-05 04:37:16.746] [info] [candidate.cpp:199] InstancePrecompute: built 25 candidates
[2026-10-05 04:37:16.746] [info] [stationary.cpp:264] NN: cost=833.076510, feasible=true, active_stations=1
[2026-10-05 04:37:16.746] [info] [candidate.cpp:199] InstancePrecompute: built 25 candidates
[2026-10-05 04:37:16.746] [info] [stationary.cpp:264] NN: cost=586.037049, feasible=true, active_stations=1
[2026-10-05 04:37:16.746] [info] [candidate.cpp:199] InstancePrecompute: built 25 candidates
[2026-10-05 04:37:16.746] [info] [stationary.cpp:264] NN: cost=544.984966, feasible=true, active_stations=1
[2026-10-05 04:37:16.746] [info] [candidate.cpp:199] InstancePrecompute: built 25 candidates
[2026-10-05 04:37:16.746] [info] [stationary.cpp:264] NN: cost=298.990005, feasible=true, active_stations=1
[2026-10-05 04:37:16.746] [info] [candidate.cpp:199] InstancePrecompute: built 25 candidates
[2026-10-05 04:37:16.746] [info] [stationary.cpp:264] NN: cost=126.706780, feasible=true, active_stations=1
[2026-10-05 04:37:16.746] [info] [candidate.cpp:199] InstancePrecompute: built 75 candidates
[2026-10-05 04:37:16.746] [info] [stationary.cpp:264] NN: cost=143.177822, feasible=true, active_stations=1
[2026-10-05 04:37:16.746] [info] [candidate.cpp:199] InstancePrecompute: built 25 candidates
[2026-10-05 04:37:16.746] [info] [stationary.cpp:264] NN: cost=280.033913, feasible=true, active_stations=1
[2026-10-05 04:37:16.746] [info] [candidate.cpp:199] InstancePrecompute: built 50 candidates
[2026-10-05 04:37:16.746] [info] [stationary.cpp:264] NN: cost=48.146400, feasible=true, active_stations=2
[2026-10-05 04:37:16.746] [info] [candidate.cpp:199] InstancePrecompute: built 25 candidates
[2026-10-05 04:37:16.746] [info] [stationary.cpp:264] NN: cost=833.076510, feasible=true, active_stations=1
[2026-10-05 04:37:16.746] [info] [candidate.cpp:199] InstancePrecompute: built 25 candidates
[2026-10-05 04:37:16.746] [info] [stationary.cpp:264] NN: cost=586.037049, feasible=true, active_stations=1
[2026-10-05 04:37:16.746] [info] [candidate.cpp:199] InstancePrecompute: built 25 candidates
[2026-10-05 04:37:16.746] [info] [stationary.cpp:264] NN: cost=544.984966, feasible=true, active_stations=1
[2026-10-05 04:37:16.747] [info] [candidate.cpp:199] InstancePrecompute: built 25 candidates
[2026-10-05 04:37:16.747] [info] [stationary.cpp:264] NN: cost=298.990005, feasible=true, active_stations=1
[2026-10-05 04:37:16.747] [info] [candidate.cpp:199] InstancePrecompute: built 75 candidates
[2026-10-05 04:37:16.747] [info] [stationary.cpp:264] NN: cost=143.177822, feasible=true, active_stations=1
[2026-10-05 04:37:16.747] [info] [candidate.cpp:199] InstancePrecompute: built 25 candidates
[2026-10-05 04:37:16.747] [info] [stationary.cpp:264] NN: cost=106.907900, feasible=true, active_stations=1
[2026-10-05 04:37:16.747] [info] [candidate.cpp:199] InstancePrecompute: built 25 candidates
[2026-10-05 04:37:16.747] [info] [stationary.cpp:264] NN: cost=280.033913, feasible=true, active_stations=1
[2026-10-05 04:37:16.747] [info] [candidate.cpp:199] InstancePrecompute: built 50 candidates
[2026-10-05 04:37:16.747] [info] [stationary.cpp:264] NN: cost=48.146400, feasible=true, active_stations=2
[2026-10-05 04:37:16.747] [info] [candidate.cpp:199] InstancePrecompute: built 25 candidates
[2026-10-05 04:37:16.747] [info] [stationary.cpp:264] NN: cost=833.076510, feasible=true, active_stations=1
[2026-10-05 04:37:16.747] [info] [candidate.cpp:199] InstancePrecompute: built 25 candidates
[2026-10-05 04:37:16.747] [info] [stationary.cpp:264] NN: cost=586.037049, feasible=true, active_stations=1
[2026-10-05 04:37:16.747] [info] [candidate.cpp:199] InstancePrecompute: built 25 candidates
[2026-10-05 04:37:16.747] [info] [stationary.cpp:264] NN: cost=544.984966, feasible=true, active_stations=1
[2026-10-05 04:37:16.747] [info] [candidate.cpp:199] InstancePrecompute: built 25 candidates
[2026-10-05 04:37:16.747] [info] [stationary.cpp:264] NN: cost=298.990005, feasible=true, active_stations=1
[2026-10-05 04:37:16.747] [info] [candidate.cpp:199] InstancePrecompute: built 25 candidates
[2026-10-05 04:37:16.747] [info] [stationary.cpp:264] NN: cost=126.706780, feasible=true, active_stations=1
[2026-10-05 04:37:16.747] [info] [candidate.cpp:199] InstancePrecompute: built 50 candidates
[2026-10-05 04:37:16.747] [info] [stationary.cpp:264] NN: cost=106.907900, feasible=true, active_stations=1
[2026-10-05 04:37:16.747] [info] [candidate.cpp:199] InstancePrecompute: built 25 candidates
[2026-10-05 04:37:16.747] [info] [stationary.cpp:264] NN: cost=280.033913, feasible=true, active_stations=1
[2026-10-05 04:37:16.747] [info] [candidate.cpp:199] InstancePrecompute: built 25 candidates
[2026-10-05 04:37:16.747] [info] [stationary.cpp:264] NN: cost=143.177822, feasible=true, active_stations=1
[2026-10-05 04:37:16.747] [info] [candidate.cpp:199] InstancePrecompute: built 25 candidates
[2026-10-05 04:37:16.747] [info] [stationary.cpp:264] NN: cost=29.449035, feasible=true, active_stations=1
[2026-10-05 04:37:16.747] [info] [candidate.cpp:199] InstancePrecompute: built 25 candidates
[2026-10-05 04:37:16.747] [info] [stationary.cpp:264] NN: cost=18.697365, feasible=true, active_stations=1
[2026-10-05 04:37:16.747] [info] [candidate.cpp:199] InstancePrecompute: built 25 candidates
[2026-10-05 04:37:16.747] [info] [stationary.cpp:264] NN: cost=833.076510, feasible=true, active_stations=1
[2026-10-05 04:37:16.747] [info] [candidate.cpp:199] InstancePrecompute: built 25 candidates
[2026-10-05 04:37:16.747] [info] [stationary.cpp:264] NN: cost=586.037049, feasible=true, active_stations=1
[2026-10-05 04:37:16.747] [info] [candidate.cpp:199] InstancePrecompute: built 25 candidates
[2026-10-05 04:37:16.747] [info] [stationary.cpp:264] NN: cost=544.984966, feasible=true, active_stations=1
[2026-10-05 04:37:16.747] [info] [candidate.cpp:199] InstancePrecompute: built 25 candidates
[2026-10-05 04:37:16.747] [info] [stationary.cpp:264] NN: cost=298.990005, feasible=true, active_stations=1
[2026-10-05 04:37:16.747] [info] [candidate.cpp:199] InstancePrecompute: built 25 candidates
[2026-10-05 04:37:16.747] [info] [stationary.cpp:264] NN: cost=126.706780, feasible=true, active_stations=1
[2026-10-05 04:37:16.747] [info] [candidate.cpp:199] InstancePrecompute: built 50 candidates
[2026-10-05 04:37:16.747] [info] [stationary.cpp:264] NN: cost=106.907900, feasible=true, active_stations=1
[2026-10-05 04:37:16.747] [info] [candidate.cpp:199] InstancePrecompute: built 50 candidates
[2026-10-05 04:37:16.747] [info] [stationary.cpp:264] NN: cost=423.211735, feasible=true, active_stations=2
[2026-10-05 04:37:16.747] [info] [candidate.cpp:199] InstancePrecompute: built 25 candidates
[2026-10-05 04:37:16.747] [info] [stationary.cpp:264] NN: cost=29.449035, feasible=true, active_stations=1
[2026-10-05 04:37:16.747] [info] [candidate.cpp:199] InstancePrecompute: built 25 candidates
[2026-10-05 04:37:16.747] [info] [stationary.cpp:264] NN: cost=18.697365, feasible=true, active_stations=1
[2026-10-05 04:37:16.747] [info] [candidate.cpp:199] InstancePrecompute: built 25 candidates
[2026-10-05 04:37:16.747] [info] [stationary.cpp:264] NN: cost=833.076510, feasible=true, active_stations=1
[2026-10-05 04:37:16.747] [info] [candidate.cpp:199] InstancePrecompute: built 25 candidates
[2026-10-05 04:37:16.747] [info] [stationary.cpp:264] NN: cost=586.037049, feasible=true, active_stations=1
[2026-10-05 04:37:16.747] [info] [candidate.cpp:199] InstancePrecompute: built 25 candidates
[2026-10-05 04:37:16.747] [info] [stationary.cpp:264] NN: cost=544.984966, feasible=true, active_stations=1
[2026-10-05 04:37:16.747] [info] [candidate.cpp:199] InstancePrecompute: built 25 candidates
[2026-10-05 04:37:16.747] [info] [stationary.cpp:264] NN: cost=298.990005, feasible=true, active_stations=1
[2026-10-05 04:37:16.747] [info] [candidate.cpp:199] InstancePrecompute: built 25 candidates
[2026-10-05 04:37:16.747] [info] [stationary.cpp:264] NN: cost=126.706780, feasible=true, active_stations=1
[2026-10-05 04:37:16.747] [info] [candidate.cpp:199] InstancePrecompute: built 50 candidates
[2026-10-05 04:37:16.747] [info] [stationary.cpp:264] NN: cost=106.907900, feasible=true, active_stations=1
[2026-10-05 04:37:16.747] [info] [candidate.cpp:199] InstancePrecompute: built 50 candidates
[2026-10-05 04:37:16.747] [info] [stationary.cpp:264] NN: cost=423.211735, feasible=true, active_stations=2
[2026-10-05 04:37:16.747] [info] [candidate.cpp:199] InstancePrecompute: built 50 candidates
[2026-10-05 04:37:16.747] [info] [stationary.cpp:264] NN: cost=48.146400, feasible=true, active_stations=2
[2026-10-05 04:37:16.747] [info] [candidate.cpp:199] InstancePrecompute: built 25 candidates
[2026-10-05 04:37:16.747] [info] [stationary.cpp:264] NN: cost=833.076510, feasible=true, active_stations=1
[2026-10-05 04:37:16.747] [info] [candidate.cpp:199] InstancePrecompute: built 25 candidates
[2026-10-05 04:37:16.747] [info] [stationary.cpp:264] NN: cost=586.037049, feasible=true, active_stations=1
[2026-10-05 04:37:16.747] [info] [candidate.cpp:199] InstancePrecompute: built 25 candidates
[2026-10-05 04:37:16.747] [info] [stationary.cpp:264] NN: cost=544.984966, feasible=true, active_stations=1
[2026-10-05 04:37:16.747] [info] [candidate.cpp:199] InstancePrecompute: built 50 candidates
[2026-10-05 04:37:16.747] [info] [stationary.cpp:264] NN: cost=425.696784, feasible=true, active_stations=2
[2026-10-05 04:37:16.747] [info] [candidate.cpp:199] InstancePrecompute: built 50 candidates
[2026-10-05 04:37:16.747] [info] [stationary.cpp:264] NN: cost=106.907900, feasible=true, active_stations=1
[2026-10-05 04:37:16.747] [info] [candidate.cpp:199] InstancePrecompute: built 50 candidates
[2026-10-05 04:37:16.747] [info] [stationary.cpp:264] NN: cost=423.211735, feasible=true, active_stations=2
[2026-10-05 04:37:16.747] [info] [candidate.cpp:199] InstancePrecompute: built 50 candidates
[2026-10-05 04:37:16.747] [info] [stationary.cpp:264] NN: cost=48.146400, feasible=true, active_stations=2
[2026-10-05 04:37:16.747] [info] [candidate.cpp:199] InstancePrecompute: built 25 candidates
[2026-10-05 04:37:16.747] [info] [stationary.cpp:264] NN: cost=833.076510, feasible=true, active_stations=1
[2026-10-05 04:37:16.747] [info] [candidate.cpp:199] InstancePrecompute: built 25 candidates
[2026-10-05 04:37:16.747] [info] [stationary.cpp:264] NN: cost=586.037049, feasible=true, active_stations=1
[2026-10-05 04:37:16.747] [info] [candidate.cpp:199] InstancePrecompute: built 25 candidates
[2026-10-05 04:37:16.747] [info] [stationary.cpp:264] NN: cost=544.984966, feasible=true, active_stations=1
[2026-10-05 04:37:16.747] [info] [candidate.cpp:199] InstancePrecompute: built 25 candidates
[2026-10-05 04:37:16.747] [info] [stationary.cpp:264] NN: cost=298.990005, feasible=true, active_stations=1
[2026-10-05 04:37:16.747] [info] [candidate.cpp:199] InstancePrecompute: built 50 candidates
[2026-10-05 04:37:16.747] [info] [stationary.cpp:264] NN: cost=126.706780, feasible=true, active_stations=1
[2026-10-05 04:37:16.747] [info] [candidate.cpp:199] InstancePrecompute: built 25 candidates
[2026-10-05 04:37:16.747] [info] [stationary.cpp:264] NN: cost=106.907900, feasible=true, active_stations=1
[2026-10-05 04:37:16.747] [info] [candidate.cpp:199] InstancePrecompute: built 50 candidates
[2026-10-05 04:37:16.747] [info] [stationary.cpp:264] NN: cost=423.211735, feasible=true, active_stations=2
[2026-10-05 04:37:16.747] [info] [candidate.cpp:199] InstancePrecompute: built 50 candidates
[2026-10-05 04:37:16.747] [info] [stationary.cpp:264] NN: cost=48.146400, feasible=true, active_stations=2
[2026-10-05 04:37:16.747] [info] [candidate.cpp:199] InstancePrecompute: built 25 candidates
[2026-10-05 04:37:16.747] [info] [stationary.cpp:264] NN: cost=833.076510, feasible=true, active_stations=1
[2026-10-05 04:37:16.747] [info] [candidate.cpp:199] InstancePrecompute: built 25 candidates
[2026-10-05 04:37:16.747] [info] [stationary.cpp:264] NN: cost=586.037049, feasible=true, active_stations=1
[2026-10-05 04:37:16.747] [info] [candidate.cpp:199] InstancePrecompute: built 25 candidates
[2026-10-05 04:37:16.747] [info] [stationary.cpp:264] NN: cost=544.984966, feasible=true, active_stations=1
[2026-10-05 04:37:16.747] [info] [candidate.cpp:199] InstancePrecompute: built 25 candidates
[2026-10-05 04:37:16.747] [info] [stationary.cpp:264] NN: cost=298.990005, feasible=true, active_stations=1
[2026-10-05 04:37:16.747] [info] [candidate.cpp:199] InstancePrecompute: built 25 candidates
[2026-10-05 04:37:16.747] [info] [stationary.cpp:264] NN: cost=126.706780, feasible=true, active_stations=1
[2026-10-05 04:37:16.747] [info] [candidate.cpp:199] InstancePrecompute: built 50 candidates
[2026-10-05 04:37:16.747] [info] [stationary.cpp:264] NN: cost=106.907900, feasible=true, active_stations=1
[2026-10-05 04:37:16.747] [info] [candidate.cpp:199] InstancePrecompute: built 25 candidates
[2026-10-05 04:37:16.747] [info] [stationary.cpp:264] NN: cost=280.033913, feasible=true, active_stations=1
[2026-10-05 04:37:16.747] [info] [candidate.cpp:199] InstancePrecompute: built 25 candidates
[2026-10-05 04:37:16.747] [info] [stationary.cpp:264] NN: cost=143.177822, feasible=true, active_stations=1
[2026-10-05 04:37:16.747] [info] [candidate.cpp:199] InstancePrecompute: built 25 candidates
[2026-10-05 04:37:16.747] [info] [stationary.cpp:264] NN: cost=29.449035, feasible=true, active_stations=1
[2026-10-05 04:37:16.747] [info] [candidate.cpp:199] InstancePrecompute: built 25 candidates
[2026-10-05 04:37:16.747] [info] [stationary.cpp:264] NN: cost=18.697365, feasible=true, active_stations=1
[2026-10-05 04:37:16.747] [info] [candidate.cpp:199] InstancePrecompute: built 25 candidates
[2026-10-05 04:37:16.747] [info] [stationary.cpp:264] NN: cost=833.076510, feasible=true, active_stations=1
[2026-10-05 04:37:16.747] [info] [candidate.cpp:199] InstancePrecompute: built 25 candidates
[2026-10-05 04:37:16.747] [info] [stationary.cpp:264] NN: cost=586.037049, feasible=true, active_stations=1
[2026-10-05 04:37:16.747] [info] [candidate.cpp:199] InstancePrecompute: built 25 candidates
[2026-10-05 04:37:16.747] [info] [stationary.cpp:264] NN: cost=544.984966, feasible=true, active_stations=1
[2026-10-05 04:37:16.747] [info] [candidate.cpp:199] InstancePrecompute: built 25 candidates
[2026-10-05 04:37:16.747] [info] [stationary.cpp:264] NN: cost=298.990005, feasible=true, active_stations=1
[2026-10-05 04:37:16.747] [info] [candidate.cpp:199] InstancePrecompute: built 25 candidates
[2026-10-05 04:37:16.747] [info] [stationary.cpp:264] NN: cost=126.706780, feasible=true, active_stations=1
[2026-10-05 04:37:16.747] [info] [candidate.cpp:199] InstancePrecompute: built 50 candidates
[2026-10-05 04:37:16.747] [info] [stationary.cpp:264] NN: cost=106.907900, feasible=true, active_stations=1
[2026-10-05 04:37:16.747] [info] [candidate.cpp:199] InstancePrecompute: built 50 candidates
[2026-10-05 04:37:16.747] [info] [stationary.cpp:264] NN: cost=423.211735, feasible=true, active_stations=2
[2026-10-05 04:37:16.747] [info] [candidate.cpp:199] InstancePrecompute: built 25 candidates
[2026-10-05 04:37:16.747] [info] [stationary.cpp:264] NN: cost=29.449035, feasible=true, active_stations=1
[2026-10-05 04:37:16.747] [info] [candidate.cpp:199] InstancePrecompute: built 25 candidates
[2026-10-05 04:37:16.747] [info] [stationary.cpp:264] NN: cost=18.697365, feasible=true, active_stations=1
[2026-10-05 04:37:16.747] [info] [candidate.cpp:199] InstancePrecompute: built 25 candidates
[2026-10-05 04:37:16.747] [info] [stationary.cpp:264] NN: cost=833.076510, feasible=true, active_stations=1
[2026-10-05 04:37:16.747] [info] [candidate.cpp:199] InstancePrecompute: built 25 candidates
[2026-10-05 04:37:16.747] [info] [stationary.cpp:264] NN: cost=586.037049, feasible=true, active_stations=1
[2026-10-05 04:37:16.747] [info] [candidate.cpp:199] InstancePrecompute: built 25 candidates
[2026-10-05 04:37:16.747] [info] [stationary.cpp:264] NN: cost=544.984966, feasible=true, active_stations=1
[2026-10-05 04:37:16.747] [info] [candidate.cpp:199] InstancePrecompute: built 25 candidates
[2026-10-05 04:37:16.747] [info] [stationary.cpp:264] NN: cost=298.990005, feasible=true, active_stations=1
[2026-10-05 04:37:16.747] [info] [candidate.cpp:199] InstancePrecompute: built 25 candidates
[2026-10-05 04:37:16.747] [info] [stationary.cpp:264] NN: cost=126.706780, feasible=true, active_stations=1
[2026-10-05 04:37:16.747] [info] [candidate.cpp:199] InstancePrecompute: built 50 candidates
[2026-10-05 04:37:16.747] [info] [stationary.cpp:264] NN: cost=106.907900, feasible=true, active_stations=1
[2026-10-05 04:37:16.747] [info] [candidate.cpp:199] InstancePrecompute: built 50 candidates
[2026-10-05 04:37:16.747] [info] [stationary.cpp:264] NN: cost=423.211735, feasible=true, active_stations=2
[2026-10-05 04:37:16.747] [info] [candidate.cpp:199] InstancePrecompute: built 50 candidates
[2026-10-05 04:37:16.747] [info] [stationary.cpp:264] NN: cost=48.146400, feasible=true, active_stations=2
[2026-10-05 04:37:16.747] [info] [candidate.cpp:199] InstancePrecompute: built 25 candidates
[2026-10-05 04:37:16.747] [info] [stationary.cpp:264] NN: cost=833.076510, feasible=true, active_stations=1
[2026-10-05 04:37:16.747] [info] [candidate.cpp:199] InstancePrecompute: built 25 candidates
[2026-10-05 04:37:16.747] [info] [stationary.cpp:264] NN: cost=586.037049, feasible=true, active_stations=1
[2026-10-05 04:37:16.747] [info] [candidate.cpp:199] InstancePrecompute: built 25 candidates
[2026-10-05 04:37:16.747] [info] [stationary.cpp:264] NN: cost=544.984966, feasible=true, active_stations=1
[2026-10-05 04:37:16.747] [info] [candidate.cpp:199] InstancePrecompute: built 50 candidates
[2026-10-05 04:37:16.747] [info] [stationary.cpp:264] NN: cost=425.696784, feasible=true, active_stations=2
[2026-10-05 04:37:16.747] [info] [candidate.cpp:199] InstancePrecompute: built 50 candidates
[2026-10-05 04:37:16.747] [info] [stationary.cpp:264] NN: cost=106.907900, feasible=true, active_stations=1
[2026-10-05 04:37:16.747] [info] [candidate.cpp:199] InstancePrecompute: built 50 candidates
[2026-10-05 04:37:16.747] [info] [stationary.cpp:264] NN: cost=423.211735, feasible=true, active_stations=2
[2026-10-05 04:37:16.747] [info] [candidate.cpp:199] InstancePrecompute: built 50 candidates
[2026-10-05 04:37:16.747] [info] [stationary.cpp:264] NN: cost=48.146400, feasible=true, active_stations=2
[2026-10-05 04:37:16.747] [info] [candidate.cpp:199] InstancePrecompute: built 25 candidates
[2026-10-05 04:37:16.747] [info] [stationary.cpp:264] NN: cost=833.076510, feasible=true, active_stations=1
[2026-10-05 04:37:16.747] [info] [candidate.cpp:199] InstancePrecompute: built 25 candidates
[2026-10-05 04:37:16.747] [info] [stationary.cpp:264] NN: cost=586.037049, feasible=true, active_stations=1
[2026-10-05 04:37:16.747] [info] [candidate.cpp:199] InstancePrecompute: built 25 candidates
[2026-10-05 04:37:16.747] [info] [stationary.cpp:264] NN: cost=544.984966, feasible=true, active_stations=1
[2026-10-05 04:37:16.747] [info] [candidate.cpp:199] InstancePrecompute: built 25 candidates
[2026-10-05 04:37:16.747] [info] [stationary.cpp:264] NN: cost=298.990005, feasible=true, active_stations=1
[2026-10-05 04:37:16.747] [info] [candidate.cpp:199] InstancePrecompute: built 50 candidates
[2026-10-05 04:37:16.747] [info] [stationary.cpp:264] NN: cost=126.706780, feasible=true, active_stations=1
[2026-10-05 04:37:16.747] [info] [candidate.cpp:199] InstancePrecompute: built 25 candidates
[2026-10-05 04:37:16.747] [info] [stationary.cpp:264] NN: cost=106.907900, feasible=true, active_stations=1
[2026-10-05 04:37:16.747] [info] [candidate.cpp:199] InstancePrecompute: built 50 candidates
[2026-10-05 04:37:16.747] [info] [stationary.cpp:264] NN: cost=423.211735, feasible=true, active_stations=2
[2026-10-05 04:37:16.747] [info] [candidate.cpp:199] InstancePrecompute: built 50 candidates
[2026-10-05 04:37:16.747] [info] [stationary.cpp:264] NN: cost=48.146400, feasible=true, active_stations=2
[2026-10-05 04:37:16.747] [info] [candidate.cpp:199] InstancePrecompute: built 25 candidates
[2026-10-05 04:37:16.747] [info] [stationary.cpp:264] NN: cost=833.076510, feasible=true, active_stations=1
[2026-10-05 04:37:16.747] [info] [candidate.cpp:199] InstancePrecompute: built 25 candidates
[2026-10-05 04:37:16.747] [info] [stationary.cpp:264] NN: cost=586.037049, feasible=true, active_stations=1
[2026-10-05 04:37:16.747] [info] [candidate.cpp:199] InstancePrecompute: built 25 candidates
[2026-10-05 04:37:16.747] [info] [stationary.cpp:264] NN: cost=544.984966, feasible=true, active_stations=1
[2026-10-05 04:37:16.747] [info] [candidate.cpp:199] InstancePrecompute: built 25 candidates
[2026-10-05 04:37:16.747] [info] [stationary.cpp:264] NN: cost=298.990005, feasible=true, active_stations=1
[2026-10-05 04:37:16.747] [info] [candidate.cpp:199] InstancePrecompute: built 25 candidates
[2026-10-05 04:37:16.747] [info] [stationary.cpp:264] NN: cost=126.706780, feasible=true, active_stations=1
[2026-10-05 04:37:16.747] [info] [candidate.cpp:199] InstancePrecompute: built 50 candidates
[2026-10-05 04:37:16.747] [info] [stationary.cpp:264] NN: cost=106.907900, feasible=true, active_stations=1
[2026-10-05 04:37:16.747] [info] [candidate.cpp:199] InstancePrecompute: built 50 candidates
[2026-10-05 04:37:16.747] [info] [stationary.cpp:264] NN: cost=423.211735, feasible=true, active_stations=2
[2026-10-05 04:37:16.747] [info] [candidate.cpp:199] InstancePrecompute: built 25 candidates
[2026-10-05 04:37:16.747] [info] [stationary.cpp:264] NN: cost=29.449035, feasible=true, active_stations=1
[2026-10-05 04:37:16.747] [info] [candidate.cpp:199] InstancePrecompute: built 25 candidates
[2026-10-05 04:37:16.747] [info] [stationary.cpp:264] NN: cost=18.697365, feasible=true, active_stations=1
[2026-10-05 04:37:16.747] [info] [candidate.cpp:199] InstancePrecompute: built 25 candidates
[2026-10-05 04:37:16.747] [info] [stationary.cpp:264] NN: cost=833.076510, feasible=true, active_stations=1
[2026-10-05 04:37:16.747] [info] [candidate.cpp:199] InstancePrecompute: built 25 candidates
[2026-10-05 04:37:16.747] [info] [stationary.cpp:264] NN: cost=586.037049, feasible=true, active_stations=1
[2026-10-05 04:37:16.747] [info] [candidate.cpp:199] InstancePrecompute: built 25 candidates
[2026-10-05 04:37:16.747] [info] [stationary.cpp:264] NN: cost=544.984966, feasible=true, active_stations=1
[2026-10-05 04:37:16.747] [info] [candidate.cpp:199] InstancePrecompute: built 25 candidates
[2026-10-05 04:37:16.747] [info] [stationary.cpp:264] NN: cost=298.990005, feasible=true, active_stations=1
[2026-10-05 04:37:16.747] [info] [candidate.cpp:199] InstancePrecompute: built 25 candidates
[2026-10-05 04:37:16.747] [info] [stationary.cpp:264] NN: cost=126.706780, feasible=true, active_stations=1
[2026-10-05 04:37:16.747] [info] [candidate.cpp:199] InstancePrecompute: built 25 candidates
[2026-10-05 04:37:16.747] [info] [stationary.cpp:264] NN: cost=72.483971, feasible=true, active_stations=1
[2026-10-05 04:37:16.747] [info] [candidate.cpp:199] InstancePrecompute: built 25 candidates
[2026-10-05 04:37:16.747] [info] [stationary.cpp:264] NN: cost=106.907900, feasible=true, active_stations=1
[2026-10-05 04:37:16.747] [info] [candidate.cpp:199] InstancePrecompute: built 50 candidates
[2026-10-05 04:37:16.747] [info] [stationary.cpp:264] NN: cost=423.211735, feasible=true, active_stations=2
[2026-10-05 04:37:16.747] [info] [candidate.cpp:199] InstancePrecompute: built 25 candidates
[2026-10-05 04:37:16.747] [info] [stationary.cpp:264] NN: cost=29.449035, feasible=true, active_stations=1
[2026-10-05 04:37:16.747] [info] [candidate.cpp:199] InstancePrecompute: built 25 candidates
[2026-10-05 04:37:16.747] [info] [stationary.cpp:264] NN: cost=18.697365, feasible=true, active_stations=1
[2026-10-05 04:37:16.747] [info] [candidate.cpp:199] InstancePrecompute: built 25 candidates
[2026-10-05 04:37:16.747] [info] [stationary.cpp:264] NN: cost=833.076510, feasible=true, active_stations=1
[2026-10-05 04:37:16.747] [info] [candidate.cpp:199] InstancePrecompute: built 25 candidates
[2026-10-05 04:37:16.747] [info] [stationary.cpp:264] NN: cost=586.037049, feasible=true, active_stations=1
[2026-10-05 04:37:16.747] [info] [candidate.cpp:199] InstancePrecompute: built 25 candidates
[2026-10-05 04:37:16.747] [info] [stationary.cpp:264] NN: cost=544.984966, feasible=true, active_stations=1
[2026-10-05 04:37:16.747] [info] [candidate.cpp:199] InstancePrecompute: built 50 candidates
[2026-10-05 04:37:16.747] [info] [stationary.cpp:264] NN: cost=425.696784, feasible=true, active_stations=2
[2026-10-05 04:37:16.747] [info] [candidate.cpp:199] InstancePrecompute: built 25 candidates
[2026-10-05 04:37:16.747] [info] [stationary.cpp:264] NN: cost=72.483971, feasible=true, active_stations=1
[2026-10-05 04:37:16.747] [info] [candidate.cpp:199] InstancePrecompute: built 25 candidates
[2026-10-05 04:37:16.747] [info] [stationary.cpp:264] NN: cost=106.907900, feasible=true, active_stations=1
[2026-10-05 04:37:16.747] [info] [candidate.cpp:199] InstancePrecompute: built 25 candidates
[2026-10-05 04:37:16.747] [info] [stationary.cpp:264] NN: cost=280.033913, feasible=true, active_stations=1
[2026-10-05 04:37:16.747] [info] [candidate.cpp:199] InstancePrecompute: built 25 candidates
[2026-10-05 04:37:16.747] [info] [stationary.cpp:264] NN: cost=143.177822, feasible=true, active_stations=1
[2026-10-05 04:37:16.747] [info] [candidate.cpp:199] InstancePrecompute: built 25 candidates
[2026-10-05 04:37:16.747] [info] [stationary.cpp:264] NN: cost=29.449035, feasible=true, active_stations=1
[2026-10-05 04:37:16.747] [info] [candidate.cpp:199] InstancePrecompute: built 25 candidates
[2026-10-05 04:37:16.747] [info] [stationary.cpp:264] NN: cost=18.697365, feasible=true, active_stations=1
[2026-10-05 04:37:16.747] [info] [candidate.cpp:199] InstancePrecompute: built 25 candidates
[2026-10-05 04:37:16.747] [info] [stationary.cpp:264] NN: cost=833.076510, feasible=true, active_stations=1
[2026-10-05 04:37:16.747] [info] [candidate.cpp:199] InstancePrecompute: built 25 candidates
[2026-10-05 04:37:16.747] [info] [stationary.cpp:264] NN: cost=586.037049, feasible=true, active_stations=1
[2026-10-05 04:37:16.747] [info] [candidate.cpp:199] InstancePrecompute: built 25 candidates
[2026-10-05 04:37:16.747] [info] [stationary.cpp:264] NN: cost=544.984966, feasible=true, active_stations=1
[2026-10-05 04:37:16.747] [info] [candidate.cpp:199] InstancePrecompute: built 25 candidates
[2026-10-05 04:37:16.747] [info] [stationary.cpp:264] NN: cost=298.990005, feasible=true, active_stations=1
[2026-10-05 04:37:16.747] [info] [candidate.cpp:199] InstancePrecompute: built 25 candidates
[2026-10-05 04:37:16.747] [info] [stationary.cpp:264] NN: cost=126.706780, feasible=true, active_stations=1
[2026-10-05 04:37:16.747] [info] [candidate.cpp:199] InstancePrecompute: built 50 candidates
[2026-10-05 04:37:16.747] [info] [stationary.cpp:264] NN: cost=106.907900, feasible=true, active_stations=1
[2026-10-05 04:37:16.747] [info] [candidate.cpp:199] InstancePrecompute: built 25 candidates
[2026-10-05 04:37:16.747] [info] [stationary.cpp:264] NN: cost=280.033913, feasible=true, active_stations=1
[2026-10-05 04:37:16.747] [info] [candidate.cpp:199] InstancePrecompute: built 25 candidates
[2026-10-05 04:37:16.747] [info] [stationary.cpp:264] NN: cost=143.177822, feasible=true, active_stations=1
[2026-10-05 04:37:16.747] [info] [candidate.cpp:199] InstancePrecompute: built 25 candidates
[2026-10-05 04:37:16.747] [info] [stationary.cpp:264] NN: cost=29.449035, feasible=true, active_stations=1
[2026-10-05 04:37:16.747] [info] [candidate.cpp:199] InstancePrecompute: built 25 candidates
[2026-10-05 04:37:16.747] [info] [stationary.cpp:264] NN: cost=18.697365, feasible=true, active_stations=1
[2026-10-05 04:37:16.747] [info] [candidate.cpp:199] InstancePrecompute: built 25 candidates
[2026-10-05 04:37:16.747] [info] [stationary.cpp:264] NN: cost=833.076510, feasible=true, active_stations=1
[2026-10-05 04:37:16.747] [info] [candidate.cpp:199] InstancePrecompute: built 25 candidates
[2026-10-05 04:37:16.747] [info] [stationary.cpp:264] NN: cost=586.037049, feasible=true, active_stations=1
[2026-10-05 04:37:16.747] [info] [candidate.cpp:199] InstancePrecompute: built 25 candidates
[2026-10-05 04:37:16.747] [info] [stationary.cpp:264] NN: cost=544.984966, feasible=true, active_stations=1
[2026-10-05 04:37:16.747] [info] [candidate.cpp:199] InstancePrecompute: built 25 candidates
[2026-10-05 04:37:16.747] [info] [stationary.cpp:264] NN: cost=298.990005, feasible=true, active_stations=1
[2026-10-05 04:37:16.747] [info] [candidate.cpp:199] InstancePrecompute: built 25 candidates
[2026-10-05 04:37:16.747] [info] [stationary.cpp:264] NN: cost=126.706780, feasible=true, active_stations=1
[2026-10-05 04:37:16.747] [info] [candidate.cpp:199] InstancePrecompute: built 50 candidates
[2026-10-05 04:37:16.748] [info] [stationary.cpp:264] NN: cost=106.907900, feasible=true, active_stations=1
[2026-10-05 04:37:16.748] [info] [candidate.cpp:199] InstancePrecompute: built 50 candidates
[2026-10-05 04:37:16.748] [info] [stationary.cpp:264] NN: cost=423.211735, feasible=true, active_stations=2
[2026-10-05 04:37:16.748] [info] [candidate.cpp:199] InstancePrecompute: built 25 candidates
[2026-10-05 04:37:16.748] [info] [stationary.cpp:264] NN: cost=29.449035, feasible=true, active_stations=1
[2026-10-05 04:37:16.748] [info] [candidate.cpp:199] InstancePrecompute: built 25 candidates
[2026-10-05 04:37:16.748] [info] [stationary.cpp:264] NN: cost=18.697365, feasible=true, active_stations=1
[2026-10-05 04:37:16.748] [info] [candidate.cpp:199] InstancePrecompute: built 25 candidates
[2026-10-05 04:37:16.748] [info] [stationary.cpp:264] NN: cost=833.076510, feasible=true, active_stations=1
[2026-10-05 04:37:16.748] [info] [candidate.cpp:199] InstancePrecompute: built 25 candidates
[2026-10-05 04:37:16.748] [info] [stationary.cpp:264] NN: cost=586.037049, feasible=true, active_stations=1
[2026-10-05 04:37:16.748] [info] [candidate.cpp:199] InstancePrecompute: built 25 candidates
[2026-10-05 04:37:16.748] [info] [stationary.cpp:264] NN: cost=544.984966, feasible=true, active_stations=1
[2026-10-05 04:37:16.748] [info] [candidate.cpp:199] InstancePrecompute: built 25 candidates
[2026-10-05 04:37:16.748] [info] [stationary.cpp:264] NN: cost=298.990005, feasible=true, active_stations=1
[2026-10-05 04:37:16.748] [info] [candidate.cpp:199] InstancePrecompute: built 25 candidates
[2026-10-05 04:37:16.748] [info] [stationary.cpp:264] NN: cost=126.706780, feasible=true, active_stations=1
[2026-10-05 04:37:16.748] [info] [candidate.cpp:199] InstancePrecompute: built 50 candidates
[2026-10-05 04:37:16.748] [info] [stationary.cpp:264] NN: cost=106.907900, feasible=true, active_stations=1
[2026-10-05 04:37:16.748] [info] [candidate.cpp:199] InstancePrecompute: built 50 candidates
[2026-10-05 04:37:16.748] [info] [stationary.cpp:264] NN: cost=423.211735, feasible=true, active_stations=2
[2026-10-05 04:37:16.748] [info] [candidate.cpp:199] InstancePrecompute: built 25 candidates
[2026-10-05 04:37:16.748] [info] [stationary.cpp:264] NN: cost=29.449035, feasible=true, active_stations=1
[2026-10-05 04:37:16.748] [info] [candidate.cpp:199] InstancePrecompute: built 25 candidates
[2026-10-05 04:37:16.748] [info] [stationary.cpp:264] NN: cost=18.697365, feasible=true, active_stations=1
[2026-10-05 04:37:16.748] [info] [candidate.cpp:199] InstancePrecompute: built 25 candidates
[2026-10-05 04:37:16.748] [info] [stationary.cpp:264] NN: cost=833.076510, feasible=true, active_stations=1
[2026-10-05 04:37:16.748] [info] [candidate.cpp:199] InstancePrecompute: built 25 candidates
[2026-10-05 04:37:16.748] [info] [stationary.cpp:264] NN: cost=586.037049, feasible=true, active_stations=1
[2026-10-05 04:37:16.748] [info] [candidate.cpp:199] InstancePrecompute: built 25 candidates
[2026-10-05 04:37:16.748] [info] [stationary.cpp:264] NN: cost=544.984966, feasible=true, active_stations=1
[2026-10-05 04:37:16.748] [info] [candidate.cpp:199] InstancePrecompute: built 25 candidates
[2026-10-05 04:37:16.748] [info] [stationary.cpp:264] NN: cost=298.990005, feasible=true, active_stations=1
[2026-10-05 04:37:16.748] [info] [candidate.cpp:199] InstancePrecompute: built 25 candidates
[2026-10-05 04:37:16.748] [info] [stationary.cpp:264] NN: cost=72.483971, feasible=true, active_stations=1
[2026-10-05 04:37:16.748] [info] [candidate.cpp:199] InstancePrecompute: built 25 candidates
[2026-10-05 04:37:16.748] [info] [stationary.cpp:264] NN: cost=126.706780, feasible=true, active_stations=1
[2026-10-05 04:37:16.748] [info] [candidate.cpp:199] InstancePrecompute: built 50 candidates
[2026-10-05 04:37:16.748] [info] [stationary.cpp:264] NN: cost=143.177822, feasible=true, active_stations=1
[2026-10-05 04:37:16.748] [info] [candidate.cpp:199] InstancePrecompute: built 25 candidates
[2026-10-05 04:37:16.748] [info] [stationary.cpp:264] NN: cost=29.449035, feasible=true, active_stations=1
[2026-10-05 04:37:16.748] [info] [candidate.cpp:199] InstancePrecompute: built 25 candidates
[2026-10-05 04:37:16.748] [info] [stationary.cpp:264] NN: cost=280.033913, feasible=true, active_stations=1
[2026-10-05 04:37:16.748] [info] [candidate.cpp:199] InstancePrecompute: built 25 candidates
[2026-10-05 04:37:16.748] [info] [stationary.cpp:264] NN: cost=18.697365, feasible=true, active_stations=1
[2026-10-05 04:37:16.748] [info] [candidate.cpp:199] InstancePrecompute: built 25 candidates
[2026-10-05 04:37:16.748] [info] [stationary.cpp:264] NN: cost=833.076510, feasible=true, active_stations=1
[2026-10-05 04:37:16.748] [info] [candidate.cpp:199] InstancePrecompute: built 25 candidates
[2026-10-05 04:37:16.748] [info] [stationary.cpp:264] NN: cost=586.037049, feasible=true, active_stations=1
[2026-10-05 04:37:16.748] [info] [candidate.cpp:199] InstancePrecompute: built 25 candidates
[2026-10-05 04:37:16.748] [info] [stationary.cpp:264] NN: cost=544.984966, feasible=true, active_stations=1
[2026-10-05 04:37:16.748] [info] [candidate.cpp:199] InstancePrecompute: built 25 candidates
[2026-10-05 04:37:16.748] [info] [stationary.cpp:264] NN: cost=298.990005, feasible=true, active_stations=1
[2026-10-05 04:37:16.748] [info] [candidate.cpp:199] InstancePrecompute: built 25 candidates
[2026-10-05 04:37:16.748] [info] [stationary.cpp:264] NN: cost=72.483971, feasible=true, active_stations=1
[2026-10-05 04:37:16.748] [info] [candidate.cpp:199] InstancePrecompute: built 25 candidates
[2026-10-05 04:37:16.748] [info] [stationary.cpp:264] NN: cost=126.706780, feasible=true, active_stations=1
[2026-10-05 04:37:16.748] [info] [candidate.cpp:199] InstancePrecompute: built 25 candidates
[2026-10-05 04:37:16.748] [info] [stationary.cpp:264] NN: cost=143.177822, feasible=true, active_stations=1
[2026-10-05 04:37:16.748] [info] [candidate.cpp:199] InstancePrecompute: built 25 candidates
[2026-10-05 04:37:16.748] [info] [stationary.cpp:264] NN: cost=106.907900, feasible=true, active_stations=1
[2026-10-05 04:37:16.748] [info] [candidate.cpp:199] InstancePrecompute: built 25 candidates
[2026-10-05 04:37:16.748] [info] [stationary.cpp:264] NN: cost=29.449035, feasible=true, active_stations=1
[2026-10-05 04:37:16.748] [info] [candidate.cpp:199] InstancePrecompute: built 25 candidates
[2026-10-05 04:37:16.748] [info] [stationary.cpp:264] NN: cost=280.033913, feasible=true, active_stations=1
[2026-10-05 04:37:16.748] [info] [candidate.cpp:199] InstancePrecompute: built 25 candidates
[2026-10-05 04:37:16.748] [info] [stationary.cpp:264] NN: cost=18.697365, feasible=true, active_stations=1
[2026-10-05 04:37:16.748] [info] [candidate.cpp:199] InstancePrecompute: built 25 candidates
[2026-10-05 04:37:16.748] [info] [stationary.cpp:264] NN: cost=833.076510, feasible=true, active_stations=1
[2026-10-05 04:37:16.748] [info] [candidate.cpp:199] InstancePrecompute: built 25 candidates
[2026-10-05 04:37:16.748] [info] [stationary.cpp:264] NN: cost=586.037049, feasible=true, active_stations=1
[2026-10-05 04:37:16.748] [info] [candidate.cpp:199] InstancePrecompute: built 25 candidates
[2026-10-05 04:37:16.748] [info] [stationary.cpp:264] NN: cost=544.984966, feasible=true, active_stations=1
[2026-10-05 04:37:16.748] [info] [candidate.cpp:199] InstancePrecompute: built 25 candidates
[2026-10-05 04:37:16.748] [info] [stationary.cpp:264] NN: cost=298.990005, feasible=true, active_stations=1
[2026-10-05 04:37:16.748] [info] [candidate.cpp:199] InstancePrecompute: built 25 candidates
[2026-10-05 04:37:16.748] [info] [stationary.cpp:264] NN: cost=72.483971, feasible=true, active_stations=1
[2026-10-05 04:37:16.748] [info] [candidate.cpp:199] InstancePrecompute: built 25 candidates
[2026-10-05 04:37:16.748] [info] [stationary.cpp:264] NN: cost=126.706780, feasible=true, active_stations=1
[2026-10-05 04:37:16.748] [info] [candidate.cpp:199] InstancePrecompute: built 50 candidates
[2026-10-05 04:37:16.748] [info] [stationary.cpp:264] NN: cost=143.177822, feasible=true, active_stations=1
[2026-10-05 04:37:16.748] [info] [candidate.cpp:199] InstancePrecompute: built 25 candidates
[2026-10-05 04:37:16.748] [info] [stationary.cpp:264] NN: cost=29.449035, feasible=true, active_stations=1
[2026-10-05 04:37:16.748] [info] [candidate.cpp:199] InstancePrecompute: built 25 candidates
[2026-10-05 04:37:16.748] [info] [stationary.cpp:264] NN: cost=280.033913, feasible=true, active_stations=1
[2026-10-05 04:37:16.748] [info] [candidate.cpp:199] InstancePrecompute: built 25 candidates
[2026-10-05 04:37:16.748] [info] [stationary.cpp:264] NN: cost=18.697365, feasible=true, active_stations=1
[2026-10-05 04:37:16.748] [info] [candidate.cpp:199] InstancePrecompute: built 25 candidates
[2026-10-05 04:37:16.748] [info] [stationary.cpp:264] NN: cost=833.076510, feasible=true, active_stations=1
[2026-10-05 04:37:16.748] [info] [candidate.cpp:199] InstancePrecompute: built 25 candidates
[2026-10-05 04:37:16.748] [info] [stationary.cpp:264] NN: cost=586.037049, feasible=true, active_stations=1
[2026-10-05 04:37:16.748] [info] [candidate.cpp:199] InstancePrecompute: built 25 candidates
[2026-10-05 04:37:16.748] [info] [stationary.cpp:264] NN: cost=544.984966, feasible=true, active_stations=1
[2026-10-05 04:37:16.748] [info] [candidate.cpp:199] InstancePrecompute: built 25 candidates
[2026-10-05 04:37:16.748] [info] [stationary.cpp:264] NN: cost=298.990005, feasible=true, active_stations=1
[2026-10-05 04:37:16.748] [info] [candidate.cpp:199] InstancePrecompute: built 25 candidates
[2026-10-05 04:37:16.748] [info] [stationary.cpp:264] NN: cost=72.483971, feasible=true, active_stations=1
[2026-10-05 04:37:16.748] [info] [candidate.cpp:199] InstancePrecompute: built 25 candidates
[2026-10-05 04:37:16.748] [info] [stationary.cpp:264] NN: cost=126.706780, feasible=true, active_stations=1
[2026-10-05 04:37:16.748] [info] [candidate.cpp:199] InstancePrecompute: built 50 candidates
[2026-10-05 04:37:16.748] [info] [stationary.cpp:264] NN: cost=143.177822, feasible=true, active_stations=1
[2026-10-05 04:37:16.748] [info] [candidate.cpp:199] InstancePrecompute: built 25 candidates
[2026-10-05 04:37:16.748] [info] [stationary.cpp:264] NN: cost=29.449035, feasible=true, active_stations=1
[2026-10-05 04:37:16.748] [info] [candidate.cpp:199] InstancePrecompute: built 25 candidates
[2026-10-05 04:37:16.748] [info] [stationary.cpp:264] NN: cost=280.033913, feasible=true, active_stations=1
[2026-10-05 04:37:16.748] [info] [candidate.cpp:199] InstancePrecompute: built 25 candidates
[2026-10-05 04:37:16.748] [info] [stationary.cpp:264] NN: cost=18.697365, feasible=true, active_stations=1
[2026-10-05 04:37:16.748] [info] [candidate.cpp:199] InstancePrecompute: built 25 candidates
[2026-10-05 04:37:16.748] [info] [stationary.cpp:264] NN: cost=833.076510, feasible=true, active_stations=1
[2026-10-05 04:37:16.748] [info] [candidate.cpp:199] InstancePrecompute: built 25 candidates
[2026-10-05 04:37:16.748] [info] [stationary.cpp:264] NN: cost=586.037049, feasible=true, active_stations=1
[2026-10-05 04:37:16.748] [info] [candidate.cpp:199] InstancePrecompute: built 25 candidates
[2026-10-05 04:37:16.748] [info] [stationary.cpp:264] NN: cost=544.984966, feasible=true, active_stations=1
[2026-10-05 04:37:16.748] [info] [candidate.cpp:199] InstancePrecompute: built 25 candidates
[2026-10-05 04:37:16.748] [info] [stationary.cpp:264] NN: cost=298.990005, feasible=true, active_stations=1
[2026-10-05 04:37:16.748] [info] [candidate.cpp:199] InstancePrecompute: built 25 candidates
[2026-10-05 04:37:16.748] [info] [stationary.cpp:264] NN: cost=72.483971, feasible=true, active_stations=1
[2026-10-05 04:37:16.748] [info] [candidate.cpp:199] InstancePrecompute: built 25 candidates
[2026-10-05 04:37:16.748] [info] [stationary.cpp:264] NN: cost=126.706780, feasible=true, active_stations=1
[2026-10-05 04:37:16.748] [info] [candidate.cpp:199] InstancePrecompute: built 50 candidates
[2026-10-05 04:37:16.748] [info] [stationary.cpp:264] NN: cost=143.177822, feasible=true, active_stations=1
[2026-10-05 04:37:16.748] [info] [candidate.cpp:199] InstancePrecompute: built 25 candidates
[2026-10-05 04:37:16.748] [info] [stationary.cpp:264] NN: cost=29.449035, feasible=true, active_stations=1
[2026-10-05 04:37:16.748] [info] [candidate.cpp:199] InstancePrecompute: built 25 candidates
[2026-10-05 04:37:16.748] [info] [stationary.cpp:264] NN: cost=280.033913, feasible=true, active_stations=1
[2026-10-05 04:37:16.748] [info] [candidate.cpp:199] InstancePrecompute: built 25 candidates
[2026-10-05 04:37:16.748] [info] [stationary.cpp:264] NN: cost=18.697365, feasible=true, active_stations=1
[2026-10-05 04:37:16.748] [info] [candidate.cpp:199] InstancePrecompute: built 25 candidates
[2026-10-05 04:37:16.748] [info] [stationary.cpp:264] NN: cost=833.076510, feasible=true, active_stations=1
[2026-10-05 04:37:16.748] [info] [candidate.cpp:199] InstancePrecompute: built 25 candidates
[2026-10-05 04:37:16.748] [info] [stationary.cpp:264] NN: cost=586.037049, feasible=true, active_stations=1
[2026-10-05 04:37:16.748] [info] [candidate.cpp:199] InstancePrecompute: built 25 candidates
[2026-10-05 04:37:16.748] [info] [stationary.cpp:264] NN: cost=544.984966, feasible=true, active_stations=1
[2026-10-05 04:37:16.748] [info] [candidate.cpp:199] InstancePrecompute: built 25 candidates
[2026-10-05 04:37:16.748] [info] [stationary.cpp:264] NN: cost=298.990005, feasible=true, active_stations=1
[2026-10-05 04:37:16.748] [info] [candidate.cpp:199] InstancePrecompute: built 25 candidates
[2026-10-05 04:37:16.748] [info] [stationary.cpp:264] NN: cost=72.483971, feasible=true, active_stations=1
[2026-10-05 04:37:16.748] [info] [candidate.cpp:199] InstancePrecompute: built 25 candidates
[2026-10-05 04:37:16.748] [info] [stationary.cpp:264] NN: cost=126.706780, feasible=true, active_stations=1
[2026-10-05 04:37:16.748] [info] [candidate.cpp:199] InstancePrecompute: built 50 candidates
[2026-10-05 04:37:16.748] [info] [stationary.cpp:264] NN: cost=143.177822, feasible=true, active_stations=1
[2026-10-05 04:37:16.748] [info] [candidate.cpp:199] InstancePrecompute: built 25 candidates
[2026-10-05 04:37:16.748] [info] [stationary.cpp:264] NN: cost=29.449035, feasible=true, active_stations=1
[2026-10-05 04:37:16.748] [info] [candidate.cpp:199] InstancePrecompute: built 25 candidates
[2026-10-05 04:37:16.748] [info] [stationary.cpp:264] NN: cost=280.033913, feasible=true, active_stations=1
[2026-10-05 04:37:16.748] [info] [candidate.cpp:199] InstancePrecompute: built 25 candidates
[2026-10-05 04:37:16.748] [info] [stationary.cpp:264] NN: cost=18.697365, feasible=true, active_stations=1
[2026-10-05 04:37:16.748] [info] [candidate.cpp:199] InstancePrecompute: built 25 candidates
[2026-10-05 04:37:16.748] [info] [stationary.cpp:264] NN: cost=833.076510, feasible=true, active_stations=1
[2026-10-05 04:37:16.748] [info] [candidate.cpp:199] InstancePrecompute: built 25 candidates
[2026-10-05 04:37:16.748] [info] [stationary.cpp:264] NN: cost=586.037049, feasible=true, active_stations=1
[2026-10-05 04:37:16.748] [info] [candidate.cpp:199] InstancePrecompute: built 25 candidates
[2026-10-05 04:37:16.748] [info] [stationary.cpp:264] NN: cost=544.984966, feasible=true, active_stations=1
[2026-10-05 04:37:16.748] [info] [candidate.cpp:199] InstancePrecompute: built 25 candidates
[2026-10-05 04:37:16.748] [info] [stationary.cpp:264] NN: cost=298.990005, feasible=true, active_stations=1
[2026-10-05 04:37:16.748] [info] [candidate.cpp:199] InstancePrecompute: built 25 candidates
[2026-10-05 04:37:16.748] [info] [stationary.cpp:264] NN: cost=72.483971, feasible=true, active_stations=1
[2026-10-05 04:37:16.748] [info] [candidate.cpp:199] InstancePrecompute: built 25 candidates
[2026-10-05 04:37:16.748] [info] [stationary.cpp:264] NN: cost=126.706780, feasible=true, active_stations=1
[2026-10-05 04:37:16.748] [info] [candidate.cpp:199] InstancePrecompute: built 50 candidates
[2026-10-05 04:37:16.748] [info] [stationary.cpp:264] NN: cost=143.177822, feasible=true, active_stations=1
[2026-10-05 04:37:16.748] [info] [candidate.cpp:199] InstancePrecompute: built 25 candidates
[2026-10-05 04:37:16.748] [info] [stationary.cpp:264] NN: cost=280.033913, feasible=true, active_stations=1
[2026-10-05 04:37:16.748] [info] [candidate.cpp:199] InstancePrecompute: built 25 candidates
[2026-10-05 04:37:16.748] [info] [stationary.cpp:264] NN: cost=29.449035, feasible=true, active_stations=1
[2026-10-05 04:37:16.748] [info] [candidate.cpp:199] InstancePrecompute: built 25 candidates
[2026-10-05 04:37:16.748] [info] [stationary.cpp:264] NN: cost=18.697365, feasible=true, active_stations=1
[2026-10-05 04:37:16.748] [info] [candidate.cpp:199] InstancePrecompute: built 25 candidates
[2026-10-05 04:37:16.748] [info] [stationary.cpp:264] NN: cost=833.076510, feasible=true, active_stations=1
[2026-10-05 04:37:16.748] [info] [candidate.cpp:199] InstancePrecompute: built 25 candidates
[2026-10-05 04:37:16.748] [info] [stationary.cpp:264] NN: cost=586.037049, feasible=true, active_stations=1
[2026-10-05 04:37:16.748] [info] [candidate.cpp:199] InstancePrecompute: built 25 candidates
[2026-10-05 04:37:16.748] [info] [stationary.cpp:264] NN: cost=544.984966, feasible=true, active_stations=1
[2026-10-05 04:37:16.748] [info] [candidate.cpp:199] InstancePrecompute: built 25 candidates
[2026-10-05 04:37:16.748] [info] [stationary.cpp:264] NN: cost=298.990005, feasible=true, active_stations=1
[2026-10-05 04:37:16.748] [info] [candidate.cpp:199] InstancePrecompute: built 25 candidates
[2026-10-05 04:37:16.748] [info] [stationary.cpp:264] NN: cost=72.483971, feasible=true, active_stations=1
[2026-10-05 04:37:16.748] [info] [candidate.cpp:199] InstancePrecompute: built 25 candidates
[2026-10-05 04:37:16.748] [info] [stationary.cpp:264] NN: cost=126.706780, feasible=true, active_stations=1
[2026-10-05 04:37:16.748] [info] [candidate.cpp:199] InstancePrecompute: built 25 candidates
[2026-10-05 04:37:16.748] [info] [stationary.cpp:264] NN: cost=143.177822, feasible=true, active_stations=1
[2026-10-05 04:37:16.748] [info] [candidate.cpp:199] InstancePrecompute: built 25 candidates
[2026-10-05 04:37:16.748] [info] [stationary.cpp:264] NN: cost=106.907900, feasible=true, active_stations=1
[2026-10-05 04:37:16.748] [info] [candidate.cpp:199] InstancePrecompute: built 25 candidates
[2026-10-05 04:37:16.748] [info] [stationary.cpp:264] NN: cost=280.033913, feasible=true, active_stations=1
[2026-10-05 04:37:16.748] [info] [candidate.cpp:199] InstancePrecompute: built 25 candidates
[2026-10-05 04:37:16.748] [info] [stationary.cpp:264] NN: cost=29.449035, feasible=true, active_stations=1
[2026-10-05 04:37:16.748] [info] [candidate.cpp:199] InstancePrecompute: built 25 candidates
[2026-10-05 04:37:16.748] [info] [stationary.cpp:264] NN: cost=18.697365, feasible=true, active_stations=1
[2026-10-05 04:37:16.748] [info] [candidate.cpp:199] InstancePrecompute: built 25 candidates
[2026-10-05 04:37:16.748] [info] [stationary.cpp:264] NN: cost=833.076510, feasible=true, active_stations=1
[2026-10-05 04:37:16.748] [info] [candidate.cpp:199] InstancePrecompute: built 25 candidates
[2026-10-05 04:37:16.748] [info] [stationary.cpp:264] NN: cost=586.037049, feasible=true, active_stations=1
[2026-10-05 04:37:16.748] [info] [candidate.cpp:199] InstancePrecompute: built 25 candidates
[2026-10-05 04:37:16.748] [info] [stationary.cpp:264] NN: cost=544.984966, feasible=true, active_stations=1
[2026-10-05 04:37:16.748] [info] [candidate.cpp:199] InstancePrecompute: built 25 candidates
[2026-10-05 04:37:16.748] [info] [stationary.cpp:264] NN: cost=298.990005, feasible=true, active_stations=1
[2026-10-05 04:37:16.748] [info] [candidate.cpp:199] InstancePrecompute: built 25 candidates
[2026-10-05 04:37:16.748] [info] [stationary.cpp:264] NN: cost=72.483971, feasible=true, active_stations=1
[2026-10-05 04:37:16.748] [info] [candidate.cpp:199] InstancePrecompute: built 25 candidates
[2026-10-05 04:37:16.748] [info] [stationary.cpp:264] NN: cost=126.706780, feasible=true, active_stations=1
[2026-10-05 04:37:16.748] [info] [candidate.cpp:199] InstancePrecompute: built 50 candidates
[2026-10-05 04:37:16.748] [info] [stationary.cpp:264] NN: cost=143.177822, feasible=true, active_stations=1
[2026-10-05 04:37:16.748] [info] [candidate.cpp:199] InstancePrecompute: built 25 candidates
[2026-10-05 04:37:16.748] [info] [stationary.cpp:264] NN: cost=280.033913, feasible=true, active_stations=1
[2026-10-05 04:37:16.748] [info] [candidate.cpp:199] InstancePrecompute: built 50 candidates
[2026-10-05 04:37:16.748] [info] [stationary.cpp:264] NN: cost=48.146400, feasible=true, active_stations=2
[2026-10-05 04:37:16.748] [info] [candidate.cpp:199] InstancePrecompute: built 25 candidates
[2026-10-05 04:37:16.748] [info] [stationary.cpp:264] NN: cost=833.076510, feasible=true, active_stations=1
[2026-10-05 04:37:16.748] [info] [candidate.cpp:199] InstancePrecompute: built 25 candidates
[2026-10-05 04:37:16.748] [info] [stationary.cpp:264] NN: cost=586.037049, feasible=true, active_stations=1
[2026-10-05 04:37:16.748] [info] [candidate.cpp:199] InstancePrecompute: built 25 candidates
[2026-10-05 04:37:16.748] [info] [stationary.cpp:264] NN: cost=544.984966, feasible=true, active_stations=1
[2026-10-05 04:37:16.748] [info] [candidate.cpp:199] InstancePrecompute: built 25 candidates
[2026-10-05 04:37:16.748] [info] [stationary.cpp:264] NN: cost=298.990005, feasible=true, active_stations=1
[2026-10-05 04:37:16.748] [info] [candidate.cpp:199] InstancePrecompute: built 25 candidates
[2026-10-05 04:37:16.748] [info] [stationary.cpp:264] NN: cost=72.483971, feasible=true, active_stations=1
[2026-10-05 04:37:16.748] [info] [candidate.cpp:199] InstancePrecompute: built 25 candidates
[2026-10-05 04:37:16.748] [info] [stationary.cpp:264] NN: cost=126.706780, feasible=true, active_stations=1
[2026-10-05 04:37:16.748] [info] [candidate.cpp:199] InstancePrecompute: built 50 candidates
[2026-10-05 04:37:16.748] [info] [stationary.cpp:264] NN: cost=143.177822, feasible=true, active_stations=1
[2026-10-05 04:37:16.748] [info] [candidate.cpp:199] InstancePrecompute: built 25 candidates
[2026-10-05 04:37:16.748] [info] [stationary.cpp:264] NN: cost=280.033913, feasible=true, active_stations=1
[2026-10-05 04:37:16.748] [info] [candidate.cpp:199] InstancePrecompute: built 50 candidates
[2026-10-05 04:37:16.748] [info] [stationary.cpp:264] NN: cost=48.146400, feasible=true, active_stations=2
[2026-10-05 04:37:16.748] [info] [candidate.cpp:199] InstancePrecompute: built 25 candidates
[2026-10-05 04:37:16.748] [info] [stationary.cpp:264] NN: cost=833.076510, feasible=true, active_stations=1
[2026-10-05 04:37:16.748] [info] [candidate.cpp:199] InstancePrecompute: built 25 candidates
[2026-10-05 04:37:16.748] [info] [stationary.cpp:264] NN: cost=586.037049, feasible=true, active_stations=1
[2026-10-05 04:37:16.748] [info] [candidate.cpp:199] InstancePrecompute: built 25 candidates
[2026-10-05 04:37:16.748] [info] [stationary.cpp:264] NN: cost=544.984966, feasible=true, active_stations=1
[2026-10-05 04:37:16.748] [info] [candidate.cpp:199] InstancePrecompute: built 25 candidates
[2026-10-05 04:37:16.748] [info] [stationary.cpp:264] NN: cost=298.990005, feasible=true, active_stations=1
[2026-10-05 04:37:16.748] [info] [candidate.cpp:199] InstancePrecompute: built 25 candidates
[2026-10-05 04:37:16.748] [info] [stationary.cpp:264] NN: cost=72.483971, feasible=true, active_stations=1
[2026-10-05 04:37:16.748] [info] [candidate.cpp:199] InstancePrecompute: built 25 candidates
[2026-10-05 04:37:16.748] [info] [stationary.cpp:264] NN: cost=126.706780, feasible=true, active_stations=1
[2026-10-05 04:37:16.748] [info] [candidate.cpp:199] InstancePrecompute: built 50 candidates
[2026-10-05 04:37:16.748] [info] [stationary.cpp:264] NN: cost=143.177822, feasible=true, active_stations=1
[2026-10-05 04:37:16.748] [info] [candidate.cpp:199] InstancePrecompute: built 25 candidates
[2026-10-05 04:37:16.748] [info] [stationary.cpp:264] NN: cost=280.033913, feasible=true, active_stations=1
[2026-10-05 04:37:16.748] [info] [candidate.cpp:199] InstancePrecompute: built 50 candidates
[2026-10-05 04:37:16.748] [info] [stationary.cpp:264] NN: cost=48.146400, feasible=true, active_stations=2
[2026-10-05 04:37:16.748] [info] [candidate.cpp:199] InstancePrecompute: built 25 candidates
[2026-10-05 04:37:16.748] [info] [stationary.cpp:264] NN: cost=833.076510, feasible=true, active_stations=1
[2026-10-05 04:37:16.748] [info] [candidate.cpp:199] InstancePrecompute: built 25 candidates
[2026-10-05 04:37:16.748] [info] [stationary.cpp:264] NN: cost=586.037049, feasible=true, active_stations=1
[2026-10-05 04:37:16.748] [info] [candidate.cpp:199] InstancePrecompute: built 25 candidates
[2026-10-05 04:37:16.748] [info] [stationary.cpp:264] NN: cost=544.984966, feasible=true, active_stations=1
[2026-10-05 04:37:16.748] [info] [candidate.cpp:199] InstancePrecompute: built 25 candidates
[2026-10-05 04:37:16.748] [info] [stationary.cpp:264] NN: cost=298.990005, feasible=true, active_stations=1
[2026-10-05 04:37:16.748] [info] [candidate.cpp:199] InstancePrecompute: built 25 candidates
[2026-10-05 04:37:16.748] [info] [stationary.cpp:264] NN: cost=72.483971, feasible=true, active_stations=1
[2026-10-05 04:37:16.748] [info] [candidate.cpp:199] InstancePrecompute: built 25 candidates
[2026-10-05 04:37:16.748] [info] [stationary.cpp:264] NN: cost=126.706780, feasible=true, active_stations=1
[2026-10-05 04:37:16.748] [info] [candidate.cpp:199] InstancePrecompute: built 50 candidates
[2026-10-05 04:37:16.748] [info] [stationary.cpp:264] NN: cost=143.177822, feasible=true, active_stations=1
[2026-10-05 04:37:16.748] [info] [candidate.cpp:199] InstancePrecompute: built 25 candidates
[2026-10-05 04:37:16.748] [info] [stationary.cpp:264] NN: cost=280.033913, feasible=true, active_stations=1
[2026-10-05 04:37:16.748] [info] [candidate.cpp:199] InstancePrecompute: built 50 candidates
[2026-10-05 04:37:16.748] [info] [stationary.cpp:264] NN: cost=48.146400, feasible=true, active_stations=2
[2026-10-05 04:37:16.748] [info] [candidate.cpp:199] InstancePrecompute: built 25 candidates
[2026-10-05 04:37:16.748] [info] [stationary.cpp:264] NN: cost=833.076510, feasible=true, active_stations=1
[2026-10-05 04:37:16.748] [info] [candidate.cpp:199] InstancePrecompute: built 25 candidates
[2026-10-05 04:37:16.748] [info] [stationary.cpp:264] NN: cost=586.037049, feasible=true, active_stations=1
[2026-10-05 04:37:16.748] [info] [candidate.cpp:199] InstancePrecompute: built 25 candidates
[2026-10-05 04:37:16.748] [info] [stationary.cpp:264] NN: cost=544.984966, feasible=true, active_stations=1
[2026-10-05 04:37:16.748] [info] [candidate.cpp:199] InstancePrecompute: built 25 candidates
[2026-10-05 04:37:16.748] [info] [stationary.cpp:264] NN: cost=298.990005, feasible=true, active_stations=1
[2026-10-05 04:37:16.748] [info] [candidate.cpp:199] InstancePrecompute: built 25 candidates
[2026-10-05 04:37:16.748] [info] [stationary.cpp:264] NN: cost=126.706780, feasible=true, active_stations=1
[2026-10-05 04:37:16.748] [info] [candidate.cpp:199] InstancePrecompute: built 75 candidates
[2026-10-05 04:37:16.748] [info] [stationary.cpp:264] NN: cost=143.177822, feasible=true, active_stations=1
[2026-10-05 04:37:16.748] [info] [candidate.cpp:199] InstancePrecompute: built 25 candidates
[2026-10-05 04:37:16.748] [info] [stationary.cpp:264] NN: cost=280.033913, feasible=true, active_stations=1
[2026-10-05 04:37:16.748] [info] [candidate.cpp:199] InstancePrecompute: built 25 candidates
[2026-10-05 04:37:16.748] [info] [stationary.cpp:264] NN: cost=29.449035, feasible=true, active_stations=1
[2026-10-05 04:37:16.748] [info] [candidate.cpp:199] InstancePrecompute: built 25 candidates
[2026-10-05 04:37:16.748] [info] [stationary.cpp:264] NN: cost=18.697365, feasible=true, active_stations=1
[2026-10-05 04:37:16.748] [info] [candidate.cpp:199] InstancePrecompute: built 25 candidates
[2026-10-05 04:37:16.748] [info] [stationary.cpp:264] NN: cost=833.076510, feasible=true, active_stations=1
[2026-10-05 04:37:16.748] [info] [candidate.cpp:199] InstancePrecompute: built 25 candidates
[2026-10-05 04:37:16.748] [info] [stationary.cpp:264] NN: cost=586.037049, feasible=true, active_stations=1
[2026-10-05 04:37:16.748] [info] [candidate.cpp:199] InstancePrecompute: built 25 candidates
[2026-10-05 04:37:16.748] [info] [stationary.cpp:264] NN: cost=544.984966, feasible=true, active_stations=1
[2026-10-05 04:37:16.748] [info] [candidate.cpp:199] InstancePrecompute: built 25 candidates
[2026-10-05 04:37:16.748] [info] [stationary.cpp:264] NN: cost=298.990005, feasible=true, active_stations=1
[2026-10-05 04:37:16.748] [info] [candidate.cpp:199] InstancePrecompute: built 25 candidates
[2026-10-05 04:37:16.748] [info] [stationary.cpp:264] NN: cost=126.706780, feasible=true, active_stations=1
[2026-10-05 04:37:16.748] [info] [candidate.cpp:199] InstancePrecompute: built 50 candidates
[2026-10-05 04:37:16.748] [info] [stationary.cpp:264] NN: cost=143.177822, feasible=true, active_stations=1
[2026-10-05 04:37:16.748] [info] [candidate.cpp:199] InstancePrecompute: built 25 candidates
[2026-10-05 04:37:16.748] [info] [stationary.cpp:264] NN: cost=106.907900, feasible=true, active_stations=1
[2026-10-05 04:37:16.748] [info] [candidate.cpp:199] InstancePrecompute: built 25 candidates
[2026-10-05 04:37:16.748] [info] [stationary.cpp:264] NN: cost=280.033913, feasible=true, active_stations=1
[2026-10-05 04:37:16.748] [info] [candidate.cpp:199] InstancePrecompute: built 25 candidates
[2026-10-05 04:37:16.748] [info] [stationary.cpp:264] NN: cost=29.449035, feasible=true, active_stations=1
[2026-10-05 04:37:16.748] [info] [candidate.cpp:199] InstancePrecompute: built 25 candidates
[2026-10-05 04:37:16.749] [info] [stationary.cpp:264] NN: cost=18.697365, feasible=true, active_stations=1
[2026-10-05 04:37:16.749] [info] [candidate.cpp:199] InstancePrecompute: built 25 candidates
[2026-10-05 04:37:16.749] [info] [stationary.cpp:264] NN: cost=833.076510, feasible=true, active_stations=1
[2026-10-05 04:37:16.749] [info] [candidate.cpp:199] InstancePrecompute: built 25 candidates
[2026-10-05 04:37:16.749] [info] [stationary.cpp:264] NN: cost=586.037049, feasible=true, active_stations=1
[2026-10-05 04:37:16.749] [info] [candidate.cpp:199] InstancePrecompute: built 25 candidates
[2026-10-05 04:37:16.749] [info] [stationary.cpp:264] NN: cost=544.984966, feasible=true, active_stations=1
[2026-10-05 04:37:16.749] [info] [candidate.cpp:199] InstancePrecompute: built 25 candidates
[2026-10-05 04:37:16.749] [info] [stationary.cpp:264] NN: cost=298.990005, feasible=true, active_stations=1
[2026-10-05 04:37:16.749] [info] [candidate.cpp:199] InstancePrecompute: built 25 candidates
[2026-10-05 04:37:16.749] [info] [stationary.cpp:264] NN: cost=126.706780, feasible=true, active_stations=1
[2026-10-05 04:37:16.749] [info] [candidate.cpp:199] InstancePrecompute: built 25 candidates
[2026-10-05 04:37:16.749] [info] [stationary.cpp:264] NN: cost=72.483971, feasible=true, active_stations=1
[2026-10-05 04:37:16.749] [info] [candidate.cpp:199] InstancePrecompute: built 50 candidates
[2026-10-05 04:37:16.749] [info] [stationary.cpp:264] NN: cost=143.177822, feasible=true, active_stations=1
[2026-10-05 04:37:16.749] [info] [candidate.cpp:199] InstancePrecompute: built 25 candidates
[2026-10-05 04:37:16.749] [info] [stationary.cpp:264] NN: cost=280.033913, feasible=true, active_stations=1
[2026-10-05 04:37:16.749] [info] [candidate.cpp:199] InstancePrecompute: built 50 candidates
[2026-10-05 04:37:16.749] [info] [stationary.cpp:264] NN: cost=48.146400, feasible=true, active_stations=2
[2026-10-05 04:37:16.749] [info] [candidate.cpp:199] InstancePrecompute: built 25 candidates
[2026-10-05 04:37:16.749] [info] [stationary.cpp:264] NN: cost=833.076510, feasible=true, active_stations=1
[2026-10-05 04:37:16.749] [info] [candidate.cpp:199] InstancePrecompute: built 25 candidates
[2026-10-05 04:37:16.749] [info] [stationary.cpp:264] NN: cost=586.037049, feasible=true, active_stations=1
[2026-10-05 04:37:16.749] [info] [candidate.cpp:199] InstancePrecompute: built 25 candidates
[2026-10-05 04:37:16.749] [info] [stationary.cpp:264] NN: cost=544.984966, feasible=true, active_stations=1
[2026-10-05 04:37:16.749] [info] [candidate.cpp:199] InstancePrecompute: built 25 candidates
[2026-10-05 04:37:16.749] [info] [stationary.cpp:264] NN: cost=298.990005, feasible=true, active_stations=1
[2026-10-05 04:37:16.749] [info] [candidate.cpp:199] InstancePrecompute: built 25 candidates
[2026-10-05 04:37:16.749] [info] [stationary.cpp:264] NN: cost=126.706780, feasible=true, active_stations=1
[2026-10-05 04:37:16.749] [info] [candidate.cpp:199] InstancePrecompute: built 75 candidates
[2026-10-05 04:37:16.749] [info] [stationary.cpp:264] NN: cost=143.177822, feasible=true, active_stations=1
[2026-10-05 04:37:16.749] [info] [candidate.cpp:199] InstancePrecompute: built 25 candidates
[2026-10-05 04:37:16.749] [info] [stationary.cpp:264] NN: cost=280.033913, feasible=true, active_stations=1
[2026-10-05 04:37:16.749] [info] [candidate.cpp:199] InstancePrecompute: built 50 candidates
[2026-10-05 04:37:16.749] [info] [stationary.cpp:264] NN: cost=48.146400, feasible=true, active_stations=2
[2026-10-05 04:37:16.749] [info] [candidate.cpp:199] InstancePrecompute: built 25 candidates
[2026-10-05 04:37:16.749] [info] [stationary.cpp:264] NN: cost=833.076510, feasible=true, active_stations=1
[2026-10-05 04:37:16.749] [info] [candidate.cpp:199] InstancePrecompute: built 25 candidates
[2026-10-05 04:37:16.749] [info] [stationary.cpp:264] NN: cost=586.037049, feasible=true, active_stations=1
[2026-10-05 04:37:16.749] [info] [candidate.cpp:199] InstancePrecompute: built 25 candidates
[2026-10-05 04:37:16.749] [info] [stationary.cpp:264] NN: cost=544.984966, feasible=true, active_stations=1
[2026-10-05 04:37:16.749] [info] [candidate.cpp:199] InstancePrecompute: built 25 candidates
[2026-10-05 04:37:16.749] [info] [stationary.cpp:264] NN: cost=298.990005, feasible=true, active_stations=1
[2026-10-05 04:37:16.749] [info] [candidate.cpp:199] InstancePrecompute: built 25 candidates
[2026-10-05 04:37:16.749] [info] [stationary.cpp:264] NN: cost=126.706780, feasible=true, active_stations=1
[2026-10-05 04:37:16.749] [info] [candidate.cpp:199] InstancePrecompute: built 75 candidates
[2026-10-05 04:37:16.749] [info] [stationary.cpp:264] NN: cost=143.177822, feasible=true, active_stations=1
[2026-10-05 04:37:16.749] [info] [candidate.cpp:199] InstancePrecompute: built 25 candidates
[2026-10-05 04:37:16.749] [info] [stationary.cpp:264] NN: cost=280.033913, feasible=true, active_stations=1
[2026-10-05 04:37:16.749] [info] [candidate.cpp:199] InstancePrecompute: built 50 candidates
[2026-10-05 04:37:16.749] [info] [stationary.cpp:264] NN: cost=48.146400, feasible=true, active_stations=2
[2026-10-05 04:37:16.749] [info] [candidate.cpp:199] InstancePrecompute: built 25 candidates
[2026-10-05 04:37:16.749] [info] [stationary.cpp:264] NN: cost=833.076510, feasible=true, active_stations=1
[2026-10-05 04:37:16.749] [info] [candidate.cpp:199] InstancePrecompute: built 25 candidates
[2026-10-05 04:37:16.749] [info] [stationary.cpp:264] NN: cost=586.037049, feasible=true, active_stations=1
[2026-10-05 04:37:16.749] [info] [candidate.cpp:199] InstancePrecompute: built 25 candidates
[2026-10-05 04:37:16.749] [info] [stationary.cpp:264] NN: cost=544.984966, feasible=true, active_stations=1
[2026-10-05 04:37:16.749] [info] [candidate.cpp:199] InstancePrecompute: built 25 candidates
[2026-10-05 04:37:16.749] [info] [stationary.cpp:264] NN: cost=298.990005, feasible=true, active_stations=1
[2026-10-05 04:37:16.749] [info] [candidate.cpp:199] InstancePrecompute: built 25 candidates
[2026-10-05 04:37:16.749] [info] [stationary.cpp:264] NN: cost=126.706780, feasible=true, active_stations=1
[2026-10-05 04:37:16.749] [info] [candidate.cpp:199] InstancePrecompute: built 75 candidates
[2026-10-05 04:37:16.749] [info] [stationary.cpp:264] NN: cost=143.177822, feasible=true, active_stations=1
[2026-10-05 04:37:16.749] [info] [candidate.cpp:199] InstancePrecompute: built 25 candidates
[2026-10-05 04:37:16.749] [info] [stationary.cpp:264] NN: cost=280.033913, feasible=true, active_stations=1
[2026-10-05 04:37:16.749] [info] [candidate.cpp:199] InstancePrecompute: built 50 candidates
[2026-10-05 04:37:16.749] [info] [stationary.cpp:264] NN: cost=48.146400, feasible=true, active_stations=2
[2026-10-05 04:37:16.749] [info] [candidate.cpp:199] InstancePrecompute: built 25 candidates
[2026-10-05 04:37:16.749] [info] [stationary.cpp:264] NN: cost=833.076510, feasible=true, active_stations=1
[2026-10-05 04:37:16.749] [info] [candidate.cpp:199] InstancePrecompute: built 25 candidates
[2026-10-05 04:37:16.749] [info] [stationary.cpp:264] NN: cost=586.037049, feasible=true, active_stations=1
[2026-10-05 04:37:16.749] [info] [candidate.cpp:199] InstancePrecompute: built 25 candidates
[2026-10-05 04:37:16.749] [info] [stationary.cpp:264] NN: cost=544.984966, feasible=true, active_stations=1
[2026-10-05 04:37:16.749] [info] [candidate.cpp:199] InstancePrecompute: built 25 candidates
[2026-10-05 04:37:16.749] [info] [stationary.cpp:264] NN: cost=298.990005, feasible=true, active_stations=1
[2026-10-05 04:37:16.749] [info] [candidate.cpp:199] InstancePrecompute: built 25 candidates
[2026-10-05 04:37:16.749] [info] [stationary.cpp:264] NN: cost=126.706780, feasible=true, active_stations=1
[2026-10-05 04:37:16.749] [info] [candidate.cpp:199] InstancePrecompute: built 75 candidates
[2026-10-05 04:37:16.749] [info] [stationary.cpp:264] NN: cost=143.177822, feasible=true, active_stations=1
[2026-10-05 04:37:16.749] [info] [candidate.cpp:199] InstancePrecompute: built 25 candidates
[2026-10-05 04:37:16.749] [info] [stationary.cpp:264] NN: cost=280.033913, feasible=true, active_stations=1
[2026-10-05 04:37:16.749] [info] [candidate.cpp:199] InstancePrecompute: built 25 candidates
[2026-10-05 04:37:16.749] [info] [stationary.cpp:264] NN: cost=29.449035, feasible=true, active_stations=1
[2026-10-05 04:37:16.749] [info] [candidate.cpp:199] InstancePrecompute: built 25 candidates
[2026-10-05 04:37:16.749] [info] [stationary.cpp:264] NN: cost=18.697365, feasible=true, active_stations=1
[2026-10-05 04:37:16.749] [info] [candidate.cpp:199] InstancePrecompute: built 25 candidates
[2026-10-05 04:37:16.749] [info] [stationary.cpp:264] NN: cost=833.076510, feasible=true, active_stations=1
[2026-10-05 04:37:16.749] [info] [candidate.cpp:199] InstancePrecompute: built 25 candidates
[2026-10-05 04:37:16.749] [info] [stationary.cpp:264] NN: cost=586.037049, feasible=true, active_stations=1
[2026-10-05 04:37:16.749] [info] [candidate.cpp:199] InstancePrecompute: built 25 candidates
[2026-10-05 04:37:16.749] [info] [stationary.cpp:264] NN: cost=544.984966, feasible=true, active_stations=1
[2026-10-05 04:37:16.749] [info] [candidate.cpp:199] InstancePrecompute: built 25 candidates
[2026-10-05 04:37:16.749] [info] [stationary.cpp:264] NN: cost=298.990005, feasible=true, active_stations=1
[2026-10-05 04:37:16.749] [info] [candidate.cpp:199] InstancePrecompute: built 25 candidates
[2026-10-05 04:37:16.749] [info] [stationary.cpp:264] NN: cost=126.706780, feasible=true, active_stations=1
[2026-10-05 04:37:16.749] [info] [candidate.cpp:199] InstancePrecompute: built 50 candidates
[2026-10-05 04:37:16.749] [info] [stationary.cpp:264] NN: cost=143.177822, feasible=true, active_stations=1
[2026-10-05 04:37:16.749] [info] [candidate.cpp:199] InstancePrecompute: built 25 candidates
[2026-10-05 04:37:16.749] [info] [stationary.cpp:264] NN: cost=106.907900, feasible=true, active_stations=1
[2026-10-05 04:37:16.749] [info] [candidate.cpp:199] InstancePrecompute: built 25 candidates
[2026-10-05 04:37:16.749] [info] [stationary.cpp:264] NN: cost=280.033913, feasible=true, active_stations=1
[2026-10-05 04:37:16.749] [info] [candidate.cpp:199] InstancePrecompute: built 25 candidates
[2026-10-05 04:37:16.749] [info] [stationary.cpp:264] NN: cost=29.449035, feasible=true, active_stations=1
[2026-10-05 04:37:16.749] [info] [candidate.cpp:199] InstancePrecompute: built 25 candidates
[2026-10-05 04:37:16.749] [info] [stationary.cpp:264] NN: cost=18.697365, feasible=true, active_stations=1
[2026-10-05 04:37:16.749] [info] [candidate.cpp:199] InstancePrecompute: built 25 candidates
[2026-10-05 04:37:16.749] [info] [stationary.cpp:264] NN: cost=833.076510, feasible=true, active_stations=1
[2026-10-05 04:37:16.749] [info] [candidate.cpp:199] InstancePrecompute: built 25 candidates
[2026-10-05 04:37:16.749] [info] [stationary.cpp:264] NN: cost=586.037049, feasible=true, active_stations=1
[2026-10-05 04:37:16.749] [info] [candidate.cpp:199] InstancePrecompute: built 25 candidates
[2026-10-05 04:37:16.749] [info] [stationary.cpp:264] NN: cost=544.984966, feasible=true, active_stations=1
[2026-10-05 04:37:16.749] [info] [candidate.cpp:199] InstancePrecompute: built 25 candidates
[2026-10-05 04:37:16.749] [info] [stationary.cpp:264] NN: cost=298.990005, feasible=true, active_stations=1
[2026-10-05 04:37:16.749] [info] [candidate.cpp:199] InstancePrecompute: built 25 candidates
[2026-10-05 04:37:16.749] [info] [stationary.cpp:264] NN: cost=126.706780, feasible=true, active_stations=1
[2026-10-05 04:37:16.749] [info] [candidate.cpp:199] InstancePrecompute: built 25 candidates
[2026-10-05 04:37:16.749] [info] [stationary.cpp:264] NN: cost=72.483971, feasible=true, active_stations=1
[2026-10-05 04:37:16.749] [info] [candidate.cpp:199] InstancePrecompute: built 50 candidates
[2026-10-05 04:37:16.749] [info] [stationary.cpp:264] NN: cost=143.177822, feasible=true, active_stations=1
[2026-10-05 04:37:16.749] [info] [candidate.cpp:199] InstancePrecompute: built 25 candidates
[2026-10-05 04:37:16.749] [info] [stationary.cpp:264] NN: cost=280.033913, feasible=true, active_stations=1
[2026-10-05 04:37:16.749] [info] [candidate.cpp:199] InstancePrecompute: built 50 candidates
[2026-10-05 04:37:16.749] [info] [stationary.cpp:264] NN: cost=48.146400, feasible=true, active_stations=2
[2026-10-05 04:37:16.749] [info] [candidate.cpp:199] InstancePrecompute: built 25 candidates
[2026-10-05 04:37:16.749] [info] [stationary.cpp:264] NN: cost=833.076510, feasible=true, active_stations=1
[2026-10-05 04:37:16.749] [info] [candidate.cpp:199] InstancePrecompute: built 25 candidates
[2026-10-05 04:37:16.749] [info] [stationary.cpp:264] NN: cost=586.037049, feasible=true, active_stations=1
[2026-10-05 04:37:16.749] [info] [candidate.cpp:199] InstancePrecompute: built 25 candidates
[2026-10-05 04:37:16.749] [info] [stationary.cpp:264] NN: cost=544.984966, feasible=true, active_stations=1
[2026-10-05 04:37:16.749] [info] [candidate.cpp:199] InstancePrecompute: built 25 candidates
[2026-10-05 04:37:16.749] [info] [stationary.cpp:264] NN: cost=298.990005, feasible=true, active_stations=1
[2026-10-05 04:37:16.749] [info] [candidate.cpp:199] InstancePrecompute: built 25 candidates
[2026-10-05 04:37:16.749] [info] [stationary.cpp:264] NN: cost=126.706780, feasible=true, active_stations=1
[2026-10-05 04:37:16.749] [info] [candidate.cpp:199] InstancePrecompute: built 75 candidates
[2026-10-05 04:37:16.749] [info] [stationary.cpp:264] NN: cost=143.177822, feasible=true, active_stations=1
[2026-10-05 04:37:16.749] [info] [candidate.cpp:199] InstancePrecompute: built 25 candidates
[2026-10-05 04:37:16.749] [info] [stationary.cpp:264] NN: cost=280.033913, feasible=true, active_stations=1
[2026-10-05 04:37:16.749] [info] [candidate.cpp:199] InstancePrecompute: built 50 candidates
[2026-10-05 04:37:16.749] [info] [stationary.cpp:264] NN: cost=48.146400, feasible=true, active_stations=2
[2026-10-05 04:37:16.749] [info] [candidate.cpp:199] InstancePrecompute: built 25 candidates
[2026-10-05 04:37:16.749] [info] [stationary.cpp:264] NN: cost=833.076510, feasible=true, active_stations=1
[2026-10-05 04:37:16.749] [info] [candidate.cpp:199] InstancePrecompute: built 25 candidates
[2026-10-05 04:37:16.749] [info] [stationary.cpp:264] NN: cost=586.037049, feasible=true, active_stations=1
[2026-10-05 04:37:16.749] [info] [candidate.cpp:199] InstancePrecompute: built 25 candidates
[2026-10-05 04:37:16.749] [info] [stationary.cpp:264] NN: cost=544.984966, feasible=true, active_stations=1
[2026-10-05 04:37:16.749] [info] [candidate.cpp:199] InstancePrecompute: built 25 candidates
[2026-10-05 04:37:16.749] [info] [stationary.cpp:264] NN: cost=298.990005, feasible=true, active_stations=1
[2026-10-05 04:37:16.749] [info] [candidate.cpp:199] InstancePrecompute: built 25 candidates
[2026-10-05 04:37:16.749] [info] [stationary.cpp:264] NN: cost=126.706780, feasible=true, active_stations=1
[2026-10-05 04:37:16.749] [info] [candidate.cpp:199] InstancePrecompute: built 75 candidates
[2026-10-05 04:37:16.749] [info] [stationary.cpp:264] NN: cost=143.177822, feasible=true, active_stations=1
[2026-10-05 04:37:16.749] [info] [candidate.cpp:199] InstancePrecompute: built 25 candidates
[2026-10-05 04:37:16.749] [info] [stationary.cpp:264] NN: cost=280.033913, feasible=true, active_stations=1
[2026-10-05 04:37:16.749] [info] [candidate.cpp:199] InstancePrecompute: built 50 candidates
[2026-10-05 04:37:16.749] [info] [stationary.cpp:264] NN: cost=48.146400, feasible=true, active_stations=2
[2026-10-05 04:37:16.749] [info] [candidate.cpp:199] InstancePrecompute: built 25 candidates
[2026-10-05 04:37:16.749] [info] [stationary.cpp:264] NN: cost=833.076510, feasible=true, active_stations=1
[2026-10-05 04:37:16.749] [info] [candidate.cpp:199] InstancePrecompute: built 25 candidates
[2026-10-05 04:37:16.749] [info] [stationary.cpp:264] NN: cost=586.037049, feasible=true, active_stations=1
[2026-10-05 04:37:16.749] [info] [candidate.cpp:199] InstancePrecompute: built 25 candidates
[2026-10-05 04:37:16.749] [info] [stationary.cpp:264] NN: cost=544.984966, feasible=true, active_stations=1
[2026-10-05 04:37:16.749] [info] [candidate.cpp:199] InstancePrecompute: built 25 candidates
[2026-10-05 04:37:16.749] [info] [stationary.cpp:264] NN: cost=298.990005, feasible=true, active_stations=1
[2026-10-05 04:37:16.749] [info] [candidate.cpp:199] InstancePrecompute: built 25 candidates
[2026-10-05 04:37:16.749] [info] [stationary.cpp:264] NN: cost=126.706780, feasible=true, active_stations=1
[2026-10-05 04:37:16.749] [info] [candidate.cpp:199] InstancePrecompute: built 75 candidates
[2026-10-05 04:37:16.749] [info] [stationary.cpp:264] NN: cost=143.177822, feasible=true, active_stations=1
[2026-10-05 04:37:16.749] [info] [candidate.cpp:199] InstancePrecompute: built 25 candidates
[2026-10-05 04:37:16.749] [info] [stationary.cpp:264] NN: cost=280.033913, feasible=true, active_stations=1
[2026-10-05 04:37:16.749] [info] [candidate.cpp:199] InstancePrecompute: built 50 candidates
[2026-10-05 04:37:16.749] [info] [stationary.cpp:264] NN: cost=48.146400, feasible=true, active_stations=2
[2026-10-05 04:37:16.749] [info] [candidate.cpp:199] InstancePrecompute: built 25 candidates
[2026-10-05 04:37:16.749] [info] [stationary.cpp:264] NN: cost=833.076510, feasible=true, active_stations=1
[2026-10-05 04:37:16.749] [info] [candidate.cpp:199] InstancePrecompute: built 25 candidates
[2026-10-05 04:37:16.749] [info] [stationary.cpp:264] NN: cost=586.037049, feasible=true, active_stations=1
[2026-10-05 04:37:16.749] [info] [candidate.cpp:199] InstancePrecompute: built 25 candidates
[2026-10-05 04:37:16.749] [info] [stationary.cpp:264] NN: cost=544.984966, feasible=true, active_stations=1
[2026-10-05 04:37:16.749] [info] [candidate.cpp:199] InstancePrecompute: built 25 candidates
[2026-10-05 04:37:16.749] [info] [stationary.cpp:264] NN: cost=298.990005, feasible=true, active_stations=1
[2026-10-05 04:37:16.749] [info] [candidate.cpp:199] InstancePrecompute: built 25 candidates
[2026-10-05 04:37:16.749] [info] [stationary.cpp:264] NN: cost=126.706780, feasible=true, active_stations=1
[2026-10-05 04:37:16.749] [info] [candidate.cpp:199] InstancePrecompute: built 50 candidates
[2026-10-05 04:37:16.749] [info] [stationary.cpp:264] NN: cost=106.907900, feasible=true, active_stations=1
[2026-10-05 04:37:16.749] [info] [candidate.cpp:199] InstancePrecompute: built 50 candidates
[2026-10-05 04:37:16.749] [info] [stationary.cpp:264] NN: cost=423.211735, feasible=true, active_stations=2
[2026-10-05 04:37:16.749] [info] [candidate.cpp:199] InstancePrecompute: built 25 candidates
[2026-10-05 04:37:16.749] [info] [stationary.cpp:264] NN: cost=29.449035, feasible=true, active_stations=1
[2026-10-05 04:37:16.749] [info] [candidate.cpp:199] InstancePrecompute: built 25 candidates
[2026-10-05 04:37:16.749] [info] [stationary.cpp:264] NN: cost=18.697365, feasible=true, active_stations=1
[2026-10-05 04:37:16.749] [info] [candidate.cpp:199] InstancePrecompute: built 25 candidates
[2026-10-05 04:37:16.749] [info] [stationary.cpp:264] NN: cost=833.076510, feasible=true, active_stations=1
[2026-10-05 04:37:16.749] [info] [candidate.cpp:199] InstancePrecompute: built 25 candidates
[2026-10-05 04:37:16.749] [info] [stationary.cpp:264] NN: cost=586.037049, feasible=true, active_stations=1
[2026-10-05 04:37:16.749] [info] [candidate.cpp:199] InstancePrecompute: built 25 candidates
[2026-10-05 04:37:16.749] [info] [stationary.cpp:264] NN: cost=544.984966, feasible=true, active_stations=1
[2026-10-05 04:37:16.749] [info] [candidate.cpp:199] InstancePrecompute: built 25 candidates
[2026-10-05 04:37:16.749] [info] [stationary.cpp:264] NN: cost=298.990005, feasible=true, active_stations=1
[2026-10-05 04:37:16.749] [info] [candidate.cpp:199] InstancePrecompute: built 25 candidates
[2026-10-05 04:37:16.749] [info] [stationary.cpp:264] NN: cost=126.706780, feasible=true, active_stations=1
[2026-10-05 04:37:16.749] [info] [candidate.cpp:199] InstancePrecompute: built 25 candidates
[2026-10-05 04:37:16.749] [info] [stationary.cpp:264] NN: cost=72.483971, feasible=true, active_stations=1
[2026-10-05 04:37:16.749] [info] [candidate.cpp:199] InstancePrecompute: built 25 candidates
[2026-10-05 04:37:16.749] [info] [stationary.cpp:264] NN: cost=106.907900, feasible=true, active_stations=1
[2026-10-05 04:37:16.749] [info] [candidate.cpp:199] InstancePrecompute: built 50 candidates
[2026-10-05 04:37:16.749] [info] [stationary.cpp:264] NN: cost=423.211735, feasible=true, active_stations=2
[2026-10-05 04:37:16.749] [info] [candidate.cpp:199] InstancePrecompute: built 25 candidates
[2026-10-05 04:37:16.749] [info] [stationary.cpp:264] NN: cost=29.449035, feasible=true, active_stations=1
[2026-10-05 04:37:16.749] [info] [candidate.cpp:199] InstancePrecompute: built 25 candidates
[2026-10-05 04:37:16.749] [info] [stationary.cpp:264] NN: cost=18.697365, feasible=true, active_stations=1
[2026-10-05 04:37:16.749] [info] [candidate.cpp:199] InstancePrecompute: built 25 candidates
[2026-10-05 04:37:16.749] [info] [stationary.cpp:264] NN: cost=833.076510, feasible=true, active_stations=1
[2026-10-05 04:37:16.749] [info] [candidate.cpp:199] InstancePrecompute: built 25 candidates
[2026-10-05 04:37:16.749] [info] [stationary.cpp:264] NN: cost=586.037049, feasible=true, active_stations=1
[2026-10-05 04:37:16.749] [info] [candidate.cpp:199] InstancePrecompute: built 25 candidates
[2026-10-05 04:37:16.749] [info] [stationary.cpp:264] NN: cost=544.984966, feasible=true, active_stations=1
[2026-10-05 04:37:16.749] [info] [candidate.cpp:199] InstancePrecompute: built 50 candidates
[2026-10-05 04:37:16.749] [info] [stationary.cpp:264] NN: cost=425.696784, feasible=true, active_stations=2
[2026-10-05 04:37:16.749] [info] [candidate.cpp:199] InstancePrecompute: built 25 candidates
[2026-10-05 04:37:16.749] [info] [stationary.cpp:264] NN: cost=72.483971, feasible=true, active_stations=1
[2026-10-05 04:37:16.749] [info] [candidate.cpp:199] InstancePrecompute: built 25 candidates
[2026-10-05 04:37:16.749] [info] [stationary.cpp:264] NN: cost=106.907900, feasible=true, active_stations=1
[2026-10-05 04:37:16.749] [info] [candidate.cpp:199] InstancePrecompute: built 25 candidates
[2026-10-05 04:37:16.749] [info] [stationary.cpp:264] NN: cost=280.033913, feasible=true, active_stations=1
[2026-10-05 04:37:16.749] [info] [candidate.cpp:199] InstancePrecompute: built 25 candidates
[2026-10-05 04:37:16.749] [info] [stationary.cpp:264] NN: cost=143.177822, feasible=true, active_stations=1
[2026-10-05 04:37:16.749] [info] [candidate.cpp:199] InstancePrecompute: built 50 candidates
[2026-10-05 04:37:16.749] [info] [stationary.cpp:264] NN: cost=48.146400, feasible=true, active_stations=2
[2026-10-05 04:37:16.749] [info] [candidate.cpp:199] InstancePrecompute: built 25 candidates
[2026-10-05 04:37:16.749] [info] [stationary.cpp:264] NN: cost=833.076510, feasible=true, active_stations=1
[2026-10-05 04:37:16.749] [info] [candidate.cpp:199] InstancePrecompute: built 25 candidates
[2026-10-05 04:37:16.749] [info] [stationary.cpp:264] NN: cost=586.037049, feasible=true, active_stations=1
[2026-10-05 04:37:16.749] [info] [candidate.cpp:199] InstancePrecompute: built 25 candidates
[2026-10-05 04:37:16.749] [info] [stationary.cpp:264] NN: cost=544.984966, feasible=true, active_stations=1
[2026-10-05 04:37:16.749] [info] [candidate.cpp:199] InstancePrecompute: built 25 candidates
[2026-10-05 04:37:16.749] [info] [stationary.cpp:264] NN: cost=298.990005, feasible=true, active_stations=1
[2026-10-05 04:37:16.749] [info] [candidate.cpp:199] InstancePrecompute: built 25 candidates
[2026-10-05 04:37:16.749] [info] [stationary.cpp:264] NN: cost=126.706780, feasible=true, active_stations=1
[2026-10-05 04:37:16.749] [info] [candidate.cpp:199] InstancePrecompute: built 50 candidates
[2026-10-05 04:37:16.749] [info] [stationary.cpp:264] NN: cost=106.907900, feasible=true, active_stations=1
[2026-10-05 04:37:16.749] [info] [candidate.cpp:199] InstancePrecompute: built 25 candidates
[2026-10-05 04:37:16.749] [info] [stationary.cpp:264] NN: cost=280.033913, feasible=true, active_stations=1
[2026-10-05 04:37:16.749] [info] [candidate.cpp:199] InstancePrecompute: built 25 candidates
[2026-10-05 04:37:16.749] [info] [stationary.cpp:264] NN: cost=143.177822, feasible=true, active_stations=1
[2026-10-05 04:37:16.749] [info] [candidate.cpp:199] InstancePrecompute: built 50 candidates
[2026-10-05 04:37:16.749] [info] [stationary.cpp:264] NN: cost=48.146400, feasible=true, active_stations=2
[2026-10-05 04:37:16.749] [info] [candidate.cpp:199] InstancePrecompute: built 25 candidates
[2026-10-05 04:37:16.749] [info] [stationary.cpp:264] NN: cost=833.076510, feasible=true, active_stations=1
[2026-10-05 04:37:16.749] [info] [candidate.cpp:199] InstancePrecompute: built 25 candidates
[2026-10-05 04:37:16.749] [info] [stationary.cpp:264] NN: cost=586.037049, feasible=true, active_stations=1
[2026-10-05 04:37:16.749] [info] [candidate.cpp:199] InstancePrecompute: built 25 candidates
[2026-10-05 04:37:16.749] [info] [stationary.cpp:264] NN: cost=544.984966, feasible=true, active_stations=1
[2026-10-05 04:37:16.749] [info] [candidate.cpp:199] InstancePrecompute: built 25 candidates
[2026-10-05 04:37:16.749] [info] [stationary.cpp:264] NN: cost=298.990005, feasible=true, active_stations=1
[2026-10-05 04:37:16.749] [info] [candidate.cpp:199] InstancePrecompute: built 25 candidates
[2026-10-05 04:37:16.749] [info] [stationary.cpp:264] NN: cost=126.706780, feasible=true, active_stations=1
[2026-10-05 04:37:16.749] [info] [candidate.cpp:199] InstancePrecompute: built 50 candidates
[2026-10-05 04:37:16.749] [info] [stationary.cpp:264] NN: cost=106.907900, feasible=true, active_stations=1
[2026-10-05 04:37:16.749] [info] [candidate.cpp:199] InstancePrecompute: built 50 candidates
[2026-10-05 04:37:16.749] [info] [stationary.cpp:264] NN: cost=423.211735, feasible=true, active_stations=2
[2026-10-05 04:37:16.749] [info] [candidate.cpp:199] InstancePrecompute: built 50 candidates
[2026-10-05 04:37:16.749] [info] [stationary.cpp:264] NN: cost=48.146400, feasible=true, active_stations=2
[2026-10-05 04:37:16.749] [info] [candidate.cpp:199] InstancePrecompute: built 25 candidates
[2026-10-05 04:37:16.749] [info] [stationary.cpp:264] NN: cost=833.076510, feasible=true, active_stations=1
[2026-10-05 04:37:16.749] [info] [candidate.cpp:199] InstancePrecompute: built 25 candidates
[2026-10-05 04:37:16.749] [info] [stationary.cpp:264] NN: cost=586.037049, feasible=true, active_stations=1
[2026-10-05 04:37:16.749] [info] [candidate.cpp:199] InstancePrecompute: built 25 candidates
[2026-10-05 04:37:16.749] [info] [stationary.cpp:264] NN: cost=544.984966, feasible=true, active_stations=1
[2026-10-05 04:37:16.749] [info] [candidate.cpp:199] InstancePrecompute: built 25 candidates
[2026-10-05 04:37:16.749] [info] [stationary.cpp:264] NN: cost=298.990005, feasible=true, active_stations=1
[2026-10-05 04:37:16.749] [info] [candidate.cpp:199] InstancePrecompute: built 25 candidates
[2026-10-05 04:37:16.750] [info] [stationary.cpp:264] NN: cost=126.706780, feasible=true, active_stations=1
[2026-10-05 04:37:16.750] [info] [candidate.cpp:199] InstancePrecompute: built 50 candidates
[2026-10-05 04:37:16.750] [info] [stationary.cpp:264] NN: cost=106.907900, feasible=true, active_stations=1
[2026-10-05 04:37:16.750] [info] [candidate.cpp:199] InstancePrecompute: built 50 candidates
[2026-10-05 04:37:16.750] [info] [stationary.cpp:264] NN: cost=423.211735, feasible=true, active_stations=2
[2026-10-05 04:37:16.750] [info] [candidate.cpp:199] InstancePrecompute: built 50 candidates
[2026-10-05 04:37:16.750] [info] [stationary.cpp:264] NN: cost=48.146400, feasible=true, active_stations=2
[2026-10-05 04:37:16.750] [info] [candidate.cpp:199] InstancePrecompute: built 25 candidates
[2026-10-05 04:37:16.750] [info] [stationary.cpp:264] NN: cost=833.076510, feasible=true, active_stations=1
[2026-10-05 04:37:16.750] [info] [candidate.cpp:199] InstancePrecompute: built 25 candidates
[2026-10-05 04:37:16.750] [info] [stationary.cpp:264] NN: cost=586.037049, feasible=true, active_stations=1
[2026-10-05 04:37:16.750] [info] [candidate.cpp:199] InstancePrecompute: built 25 candidates
[2026-10-05 04:37:16.750] [info] [stationary.cpp:264] NN: cost=544.984966, feasible=true, active_stations=1
[2026-10-05 04:37:16.750] [info] [candidate.cpp:199] InstancePrecompute: built 25 candidates
[2026-10-05 04:37:16.750] [info] [stationary.cpp:264] NN: cost=298.990005, feasible=true, active_stations=1
[2026-10-05 04:37:16.750] [info] [candidate.cpp:199] InstancePrecompute: built 25 candidates
[2026-10-05 04:37:16.750] [info] [stationary.cpp:264] NN: cost=126.706780, feasible=true, active_stations=1
[2026-10-05 04:37:16.750] [info] [candidate.cpp:199] InstancePrecompute: built 50 candidates
[2026-10-05 04:37:16.750] [info] [stationary.cpp:264] NN: cost=106.907900, feasible=true, active_stations=1
[2026-10-05 04:37:16.750] [info] [candidate.cpp:199] InstancePrecompute: built 50 candidates
[2026-10-05 04:37:16.750] [info] [stationary.cpp:264] NN: cost=423.211735, feasible=true, active_stations=2
[2026-10-05 04:37:16.750] [info] [candidate.cpp:199] InstancePrecompute: built 25 candidates
[2026-10-05 04:37:16.750] [info] [stationary.cpp:264] NN: cost=29.449035, feasible=true, active_stations=1
[2026-10-05 04:37:16.750] [info] [candidate.cpp:199] InstancePrecompute: built 25 candidates
[2026-10-05 04:37:16.750] [info] [stationary.cpp:264] NN: cost=18.697365, feasible=true, active_stations=1
[2026-10-05 04:37:16.750] [info] [candidate.cpp:199] InstancePrecompute: built 25 candidates
[2026-10-05 04:37:16.750] [info] [stationary.cpp:264] NN: cost=833.076510, feasible=true, active_stations=1
[2026-10-05 04:37:16.750] [info] [candidate.cpp:199] InstancePrecompute: built 25 candidates
[2026-10-05 04:37:16.750] [info] [stationary.cpp:264] NN: cost=586.037049, feasible=true, active_stations=1
[2026-10-05 04:37:16.750] [info] [candidate.cpp:199] InstancePrecompute: built 25 candidates
[2026-10-05 04:37:16.750] [info] [stationary.cpp:264] NN: cost=544.984966, feasible=true, active_stations=1
[2026-10-05 04:37:16.750] [info] [candidate.cpp:199] InstancePrecompute: built 25 candidates
[2026-10-05 04:37:16.750] [info] [stationary.cpp:264] NN: cost=298.990005, feasible=true, active_stations=1
[2026-10-05 04:37:16.750] [info] [candidate.cpp:199] InstancePrecompute: built 25 candidates
[2026-10-05 04:37:16.750] [info] [stationary.cpp:264] NN: cost=126.706780, feasible=true, active_stations=1
[2026-10-05 04:37:16.750] [info] [candidate.cpp:199] InstancePrecompute: built 50 candidates
[2026-10-05 04:37:16.750] [info] [stationary.cpp:264] NN: cost=106.907900, feasible=true, active_stations=1
[2026-10-05 04:37:16.750] [info] [candidate.cpp:199] InstancePrecompute: built 50 candidates
[2026-10-05 04:37:16.750] [info] [stationary.cpp:264] NN: cost=423.211735, feasible=true, active_stations=2
[2026-10-05 04:37:16.750] [info] [candidate.cpp:199] InstancePrecompute: built 25 candidates
[2026-10-05 04:37:16.750] [info] [stationary.cpp:264] NN: cost=29.449035, feasible=true, active_stations=1
[2026-10-05 04:37:16.750] [info] [candidate.cpp:199] InstancePrecompute: built 25 candidates
[2026-10-05 04:37:16.750] [info] [stationary.cpp:264] NN: cost=18.697365, feasible=true, active_stations=1
[2026-10-05 04:37:16.750] [info] [candidate.cpp:199] InstancePrecompute: built 25 candidates
[2026-10-05 04:37:16.750] [info] [stationary.cpp:264] NN: cost=833.076510, feasible=true, active_stations=1
[2026-10-05 04:37:16.750] [info] [candidate.cpp:199] InstancePrecompute: built 25 candidates
[2026-10-05 04:37:16.750] [info] [stationary.cpp:264] NN: cost=586.037049, feasible=true, active_stations=1
[2026-10-05 04:37:16.750] [info] [candidate.cpp:199] InstancePrecompute: built 25 candidates
[2026-10-05 04:37:16.750] [info] [stationary.cpp:264] NN: cost=544.984966, feasible=true, active_stations=1
[2026-10-05 04:37:16.750] [info] [candidate.cpp:199] InstancePrecompute: built 25 candidates
[2026-10-05 04:37:16.750] [info] [stationary.cpp:264] NN: cost=298.990005, feasible=true, active_stations=1
[2026-10-05 04:37:16.750] [info] [candidate.cpp:199] InstancePrecompute: built 25 candidates
[2026-10-05 04:37:16.750] [info] [stationary.cpp:264] NN: cost=126.706780, feasible=true, active_stations=1
[2026-10-05 04:37:16.750] [info] [candidate.cpp:199] InstancePrecompute: built 50 candidates
[2026-10-05 04:37:16.750] [info] [stationary.cpp:264] NN: cost=106.907900, feasible=true, active_stations=1
[2026-10-05 04:37:16.750] [info] [candidate.cpp:199] InstancePrecompute: built 50 candidates
[2026-10-05 04:37:16.750] [info] [stationary.cpp:264] NN: cost=423.211735, feasible=true, active_stations=2
[2026-10-05 04:37:16.750] [info] [candidate.cpp:199] InstancePrecompute: built 25 candidates
[2026-10-05 04:37:16.750] [info] [stationary.cpp:264] NN: cost=29.449035, feasible=true, active_stations=1
[2026-10-05 04:37:16.750] [info] [candidate.cpp:199] InstancePrecompute: built 25 candidates
[2026-10-05 04:37:16.750] [info] [stationary.cpp:264] NN: cost=18.697365, feasible=true, active_stations=1
[2026-10-05 04:37:16.750] [info] [candidate.cpp:199] InstancePrecompute: built 25 candidates
[2026-10-05 04:37:16.750] [info] [stationary.cpp:264] NN: cost=833.076510, feasible=true, active_stations=1
[2026-10-05 04:37:16.750] [info] [candidate.cpp:199] InstancePrecompute: built 25 candidates
[2026-10-05 04:37:16.750] [info] [stationary.cpp:264] NN: cost=586.037049, feasible=true, active_stations=1
[2026-10-05 04:37:16.750] [info] [candidate.cpp:199] InstancePrecompute: built 25 candidates
[2026-10-05 04:37:16.750] [info] [stationary.cpp:264] NN: cost=544.984966, feasible=true, active_stations=1
[2026-10-05 04:37:16.750] [info] [candidate.cpp:199] InstancePrecompute: built 25 candidates
[2026-10-05 04:37:16.750] [info] [stationary.cpp:264] NN: cost=298.990005, feasible=true, active_stations=1
[2026-10-05 04:37:16.750] [info] [candidate.cpp:199] InstancePrecompute: built 25 candidates
[2026-10-05 04:37:16.750] [info] [stationary.cpp:264] NN: cost=126.706780, feasible=true, active_stations=1
[2026-10-05 04:37:16.750] [info] [candidate.cpp:199] InstancePrecompute: built 25 candidates
[2026-10-05 04:37:16.750] [info] [stationary.cpp:264] NN: cost=72.483971, feasible=true, active_stations=1
[2026-10-05 04:37:16.750] [info] [candidate.cpp:199] InstancePrecompute: built 25 candidates
[2026-10-05 04:37:16.750] [info] [stationary.cpp:264] NN: cost=106.907900, feasible=true, active_stations=1
[2026-10-05 04:37:16.750] [info] [candidate.cpp:199] InstancePrecompute: built 50 candidates
[2026-10-05 04:37:16.750] [info] [stationary.cpp:264] NN: cost=423.211735, feasible=true, active_stations=2
[2026-10-05 04:37:16.750] [info] [candidate.cpp:199] InstancePrecompute: built 25 candidates
[2026-10-05 04:37:16.750] [info] [stationary.cpp:264] NN: cost=29.449035, feasible=true, active_stations=1
[2026-10-05 04:37:16.750] [info] [candidate.cpp:199] InstancePrecompute: built 25 candidates
[2026-10-05 04:37:16.750] [info] [stationary.cpp:264] NN: cost=18.697365, feasible=true, active_stations=1
[2026-10-05 04:37:16.750] [info] [candidate.cpp:199] InstancePrecompute: built 25 candidates
[2026-10-05 04:37:16.750] [info] [stationary.cpp:264] NN: cost=833.076510, feasible=true, active_stations=1
[2026-10-05 04:37:16.750] [info] [candidate.cpp:199] InstancePrecompute: built 25 candidates
[2026-10-05 04:37:16.750] [info] [stationary.cpp:264] NN: cost=586.037049, feasible=true, active_stations=1
[2026-10-05 04:37:16.750] [info] [candidate.cpp:199] InstancePrecompute: built 25 candidates
[2026-10-05 04:37:16.750] [info] [stationary.cpp:264] NN: cost=544.984966, feasible=true, active_stations=1
[2026-10-05 04:37:16.750] [info] [candidate.cpp:199] InstancePrecompute: built 25 candidates
[2026-10-05 04:37:16.750] [info] [stationary.cpp:264] NN: cost=298.990005, feasible=true, active_stations=1
[2026-10-05 04:37:16.750] [info] [candidate.cpp:199] InstancePrecompute: built 25 candidates
[2026-10-05 04:37:16.750] [info] [stationary.cpp:264] NN: cost=126.706780, feasible=true, active_stations=1
[2026-10-05 04:37:16.750] [info] [candidate.cpp:199] InstancePrecompute: built 25 candidates
[2026-10-05 04:37:16.750] [info] [stationary.cpp:264] NN: cost=72.483971, feasible=true, active_stations=1
[2026-10-05 04:37:16.750] [info] [candidate.cpp:199] InstancePrecompute: built 25 candidates
[2026-10-05 04:37:16.750] [info] [stationary.cpp:264] NN: cost=106.907900, feasible=true, active_stations=1
[2026-10-05 04:37:16.750] [info] [candidate.cpp:199] InstancePrecompute: built 50 candidates
[2026-10-05 04:37:16.750] [info] [stationary.cpp:264] NN: cost=423.211735, feasible=true, active_stations=2
[2026-10-05 04:37:16.750] [info] [candidate.cpp:199] InstancePrecompute: built 25 candidates
[2026-10-05 04:37:16.750] [info] [stationary.cpp:264] NN: cost=29.449035, feasible=true, active_stations=1
[2026-10-05 04:37:16.750] [info] [candidate.cpp:199] InstancePrecompute: built 25 candidates
[2026-10-05 04:37:16.750] [info] [stationary.cpp:264] NN: cost=18.697365, feasible=true, active_stations=1
[2026-10-05 04:37:16.750] [info] [candidate.cpp:199] InstancePrecompute: built 25 candidates
[2026-10-05 04:37:16.750] [info] [stationary.cpp:264] NN: cost=833.076510, feasible=true, active_stations=1
[2026-10-05 04:37:16.750] [info] [candidate.cpp:199] InstancePrecompute: built 25 candidates
[2026-10-05 04:37:16.750] [info] [stationary.cpp:264] NN: cost=586.037049, feasible=true, active_stations=1
[2026-10-05 04:37:16.750] [info] [candidate.cpp:199] InstancePrecompute: built 25 candidates
[2026-10-05 04:37:16.750] [info] [stationary.cpp:264] NN: cost=544.984966, feasible=true, active_stations=1
[2026-10-05 04:37:16.750] [info] [candidate.cpp:199] InstancePrecompute: built 25 candidates
[2026-10-05 04:37:16.750] [info] [stationary.cpp:264] NN: cost=298.990005, feasible=true, active_stations=1
[2026-10-05 04:37:16.750] [info] [candidate.cpp:199] InstancePrecompute: built 25 candidates
[2026-10-05 04:37:16.750] [info] [stationary.cpp:264] NN: cost=126.706780, feasible=true, active_stations=1
[2026-10-05 04:37:16.750] [info] [candidate.cpp:199] InstancePrecompute: built 25 candidates
[2026-10-05 04:37:16.750] [info] [stationary.cpp:264] NN: cost=72.483971, feasible=true, active_stations=1
[2026-10-05 04:37:16.750] [info] [candidate.cpp:199] InstancePrecompute: built 25 candidates
[2026-10-05 04:37:16.750] [info] [stationary.cpp:264] NN: cost=106.907900, feasible=true, active_stations=1
[2026-10-05 04:37:16.750] [info] [candidate.cpp:199] InstancePrecompute: built 25 candidates
[2026-10-05 04:37:16.750] [info] [stationary.cpp:264] NN: cost=280.033913, feasible=true, active_stations=1
[2026-10-05 04:37:16.750] [info] [candidate.cpp:199] InstancePrecompute: built 25 candidates
[2026-10-05 04:37:16.750] [info] [stationary.cpp:264] NN: cost=143.177822, feasible=true, active_stations=1
[2026-10-05 04:37:16.750] [info] [candidate.cpp:199] InstancePrecompute: built 25 candidates
[2026-10-05 04:37:16.750] [info] [stationary.cpp:264] NN: cost=29.449035, feasible=true, active_stations=1
[2026-10-05 04:37:16.750] [info] [candidate.cpp:199] InstancePrecompute: built 25 candidates
[2026-10-05 04:37:16.750] [info] [stationary.cpp:264] NN: cost=18.697365, feasible=true, active_stations=1
[2026-10-05 04:37:16.750] [info] [candidate.cpp:199] InstancePrecompute: built 25 candidates
[2026-10-05 04:37:16.750] [info] [stationary.cpp:264] NN: cost=833.076510, feasible=true, active_stations=1
[2026-10-05 04:37:16.750] [info] [candidate.cpp:199] InstancePrecompute: built 25 candidates
[2026-10-05 04:37:16.750] [info] [stationary.cpp:264] NN: cost=586.037049, feasible=true, active_stations=1
[2026-10-05 04:37:16.750] [info] [candidate.cpp:199] InstancePrecompute: built 25 candidates
[2026-10-05 04:37:16.750] [info] [stationary.cpp:264] NN: cost=544.984966, feasible=true, active_stations=1
[2026-10-05 04:37:16.750] [info] [candidate.cpp:199] InstancePrecompute: built 25 candidates
[2026-10-05 04:37:16.750] [info] [stationary.cpp:264] NN: cost=298.990005, feasible=true, active_stations=1
[2026-10-05 04:37:16.750] [info] [candidate.cpp:199] InstancePrecompute: built 25 candidates
[2026-10-05 04:37:16.750] [info] [stationary.cpp:264] NN: cost=126.706780, feasible=true, active_stations=1
[2026-10-05 04:37:16.750] [info] [candidate.cpp:199] InstancePrecompute: built 50 candidates
[2026-10-05 04:37:16.750] [info] [stationary.cpp:264] NN: cost=106.907900, feasible=true, active_stations=1
[2026-10-05 04:37:16.750] [info] [candidate.cpp:199] InstancePrecompute: built 25 candidates
[2026-10-05 04:37:16.750] [info] [stationary.cpp:264] NN: cost=280.033913, feasible=true, active_stations=1
[2026-10-05 04:37:16.750] [info] [candidate.cpp:199] InstancePrecompute: built 25 candidates
[2026-10-05 04:37:16.750] [info] [stationary.cpp:264] NN: cost=143.177822, feasible=true, active_stations=1
[2026-10-05 04:37:16.750] [info] [candidate.cpp:199] InstancePrecompute: built 25 candidates
[2026-10-05 04:37:16.750] [info] [stationary.cpp:264] NN: cost=29.449035, feasible=true, active_stations=1
[2026-10-05 04:37:16.750] [info] [candidate.cpp:199] InstancePrecompute: built 25 candidates
[2026-10-05 04:37:16.750] [info] [stationary.cpp:264] NN: cost=18.697365, feasible=true, active_stations=1
[2026-10-05 04:37:16.750] [info] [candidate.cpp:199] InstancePrecompute: built 25 candidates
[2026-10-05 04:37:16.750] [info] [stationary.cpp:264] NN: cost=833.076510, feasible=true, active_stations=1
[2026-10-05 04:37:16.750] [info] [candidate.cpp:199] InstancePrecompute: built 25 candidates
[2026-10-05 04:37:16.750] [info] [stationary.cpp:264] NN: cost=586.037049, feasible=true, active_stations=1
[2026-10-05 04:37:16.750] [info] [candidate.cpp:199] InstancePrecompute: built 25 candidates
[2026-10-05 04:37:16.750] [info] [stationary.cpp:264] NN: cost=544.984966, feasible=true, active_stations=1
[2026-10-05 04:37:16.750] [info] [candidate.cpp:199] InstancePrecompute: built 25 candidates
[2026-10-05 04:37:16.750] [info] [stationary.cpp:264] NN: cost=298.990005, feasible=true, active_stations=1
[2026-10-05 04:37:16.750] [info] [candidate.cpp:199] InstancePrecompute: built 25 candidates
[2026-10-05 04:37:16.750] [info] [stationary.cpp:264] NN: cost=126.706780, feasible=true, active_stations=1
[2026-10-05 04:37:16.750] [info] [candidate.cpp:199] InstancePrecompute: built 50 candidates
[2026-10-05 04:37:16.750] [info] [stationary.cpp:264] NN: cost=106.907900, feasible=true, active_stations=1
[2026-10-05 04:37:16.750] [info] [candidate.cpp:199] InstancePrecompute: built 50 candidates
[2026-10-05 04:37:16.750] [info] [stationary.cpp:264] NN: cost=423.211735, feasible=true, active_stations=2
[2026-10-05 04:37:16.750] [info] [candidate.cpp:199] InstancePrecompute: built 25 candidates
[2026-10-05 04:37:16.750] [info] [stationary.cpp:264] NN: cost=29.449035, feasible=true, active_stations=1
[2026-10-05 04:37:16.750] [info] [candidate.cpp:199] InstancePrecompute: built 25 candidates
[2026-10-05 04:37:16.750] [info] [stationary.cpp:264] NN: cost=18.697365, feasible=true, active_stations=1
[2026-10-05 04:37:16.750] [info] [candidate.cpp:199] InstancePrecompute: built 25 candidates
[2026-10-05 04:37:16.750] [info] [stationary.cpp:264] NN: cost=833.076510, feasible=true, active_stations=1
[2026-10-05 04:37:16.750] [info] [candidate.cpp:199] InstancePrecompute: built 25 candidates
[2026-10-05 04:37:16.750] [info] [stationary.cpp:264] NN: cost=586.037049, feasible=true, active_stations=1
[2026-10-05 04:37:16.750] [info] [candidate.cpp:199] InstancePrecompute: built 25 candidates
[2026-10-05 04:37:16.750] [info] [stationary.cpp:264] NN: cost=544.984966, feasible=true, active_stations=1
[2026-10-05 04:37:16.750] [info] [candidate.cpp:199] InstancePrecompute: built 25 candidates
[2026-10-05 04:37:16.750] [info] [stationary.cpp:264] NN: cost=298.990005, feasible=true, active_stations=1
[2026-10-05 04:37:16.750] [info] [candidate.cpp:199] InstancePrecompute: built 25 candidates
[2026-10-05 04:37:16.750] [info] [stationary.cpp:264] NN: cost=126.706780, feasible=true, active_stations=1
[2026-10-05 04:37:16.750] [info] [candidate.cpp:199] InstancePrecompute: built 50 candidates
[2026-10-05 04:37:16.750] [info] [stationary.cpp:264] NN: cost=106.907900, feasible=true, active_stations=1
[2026-10-05 04:37:16.750] [info] [candidate.cpp:199] InstancePrecompute: built 50 candidates
[2026-10-05 04:37:16.750] [info] [stationary.cpp:264] NN: cost=423.211735, feasible=true, active_stations=2
[2026-10-05 04:37:16.750] [info] [candidate.cpp:199] InstancePrecompute: built 25 candidates
[2026-10-05 04:37:16.750] [info] [stationary.cpp:264] NN: cost=29.449035, feasible=true, active_stations=1
[2026-10-05 04:37:16.750] [info] [candidate.cpp:199] InstancePrecompute: built 25 candidates
[2026-10-05 04:37:16.750] [info] [stationary.cpp:264] NN: cost=18.697365, feasible=true, active_stations=1
[2026-10-05 04:37:16.750] [info] [candidate.cpp:199] InstancePrecompute: built 25 candidates
[2026-10-05 04:37:16.750] [info] [stationary.cpp:264] NN: cost=833.076510, feasible=true, active_stations=1
[2026-10-05 04:37:16.750] [info] [candidate.cpp:199] InstancePrecompute: built 25 candidates
[2026-10-05 04:37:16.750] [info] [stationary.cpp:264] NN: cost=586.037049, feasible=true, active_stations=1
[2026-10-05 04:37:16.750] [info] [candidate.cpp:199] InstancePrecompute: built 25 candidates
[2026-10-05 04:37:16.750] [info] [stationary.cpp:264] NN: cost=544.984966, feasible=true, active_stations=1
[2026-10-05 04:37:16.750] [info] [candidate.cpp:199] InstancePrecompute: built 25 candidates
[2026-10-05 04:37:16.750] [info] [stationary.cpp:264] NN: cost=298.990005, feasible=true, active_stations=1
[2026-10-05 04:37:16.750] [info] [candidate.cpp:199] InstancePrecompute: built 25 candidates
[2026-10-05 04:37:16.750] [info] [stationary.cpp:264] NN: cost=126.706780, feasible=true, active_stations=1
[2026-10-05 04:37:16.750] [info] [candidate.cpp:199] InstancePrecompute: built 50 candidates
[2026-10-05 04:37:16.750] [info] [stationary.cpp:264] NN: cost=106.907900, feasible=true, active_stations=1
[2026-10-05 04:37:16.750] [info] [candidate.cpp:199] InstancePrecompute: built 50 candidates
[2026-10-05 04:37:16.750] [info] [stationary.cpp:264] NN: cost=423.211735, feasible=true, active_stations=2
[2026-10-05 04:37:16.750] [info] [candidate.cpp:199] InstancePrecompute: built 25 candidates
[2026-10-05 04:37:16.750] [info] [stationary.cpp:264] NN: cost=29.449035, feasible=true, active_stations=1
[2026-10-05 04:37:16.750] [info] [candidate.cpp:199] InstancePrecompute: built 25 candidates
[2026-10-05 04:37:16.750] [info] [stationary.cpp:264] NN: cost=18.697365, feasible=true, active_stations=1
[2026-10-05 04:37:16.750] [info] [candidate.cpp:199] InstancePrecompute: built 25 candidates
[2026-10-05 04:37:16.750] [info] [stationary.cpp:264] NN: cost=833.076510, feasible=true, active_stations=1
[2026-10-05 04:37:16.750] [info] [candidate.cpp:199] InstancePrecompute: built 25 candidates
[2026-10-05 04:37:16.750] [info] [stationary.cpp:264] NN: cost=586.037049, feasible=true, active_stations=1
[2026-10-05 04:37:16.750] [info] [candidate.cpp:199] InstancePrecompute: built 25 candidates
[2026-10-05 04:37:16.750] [info] [stationary.cpp:264] NN: cost=544.984966, feasible=true, active_stations=1
[2026-10-05 04:37:16.750] [info] [candidate.cpp:199] InstancePrecompute: built 25 candidates
[2026-10-05 04:37:16.750] [info] [stationary.cpp:264] NN: cost=298.990005, feasible=true, active_stations=1
[2026-10-05 04:37:16.750] [info] [candidate.cpp:199] InstancePrecompute: built 25 candidates
[2026-10-05 04:37:16.750] [info] [stationary.cpp:264] NN: cost=126.706780, feasible=true, active_stations=1
[2026-10-05 04:37:16.750] [info] [candidate.cpp:199] InstancePrecompute: built 25 candidates
[2026-10-05 04:37:16.750] [info] [stationary.cpp:264] NN: cost=72.483971, feasible=true, active_stations=1
[2026-10-05 04:37:16.750] [info] [candidate.cpp:199] InstancePrecompute: built 25 candidates
[2026-10-05 04:37:16.750] [info] [stationary.cpp:264] NN: cost=106.907900, feasible=true, active_stations=1
[2026-10-05 04:37:16.750] [info] [candidate.cpp:199] InstancePrecompute: built 50 candidates
[2026-10-05 04:37:16.750] [info] [stationary.cpp:264] NN: cost=423.211735, feasible=true, active_stations=2
[2026-10-05 04:37:16.750] [info] [candidate.cpp:199] InstancePrecompute: built 25 candidates
[2026-10-05 04:37:16.750] [info] [stationary.cpp:264] NN: cost=29.449035, feasible=true, active_stations=1
[2026-10-05 04:37:16.750] [info] [candidate.cpp:199] InstancePrecompute: built 25 candidates
[2026-10-05 04:37:16.750] [info] [stationary.cpp:264] NN: cost=18.697365, feasible=true, active_stations=1
[2026-10-05 04:37:16.750] [info] [candidate.cpp:199] InstancePrecompute: built 25 candidates
[2026-10-05 04:37:16.750] [info] [stationary.cpp:264] NN: cost=833.076510, feasible=true, active_stations=1
[2026-10-05 04:37:16.750] [info] [candidate.cpp:199] InstancePrecompute: built 25 candidates
[2026-10-05 04:37:16.750] [info] [stationary.cpp:264] NN: cost=586.037049, feasible=true, active_stations=1
[2026-10-05 04:37:16.750] [info] [candidate.cpp:199] InstancePrecompute: built 25 candidates
[2026-10-05 04:37:16.750] [info] [stationary.cpp:264] NN: cost=544.984966, feasible=true, active_stations=1
[2026-10-05 04:37:16.750] [info] [candidate.cpp:199] InstancePrecompute: built 25 candidates
[2026-10-05 04:37:16.750] [info] [stationary.cpp:264] NN: cost=298.990005, feasible=true, active_stations=1
[2026-10-05 04:37:16.750] [info] [candidate.cpp:199] InstancePrecompute: built 25 candidates
[2026-10-05 04:37:16.750] [info] [stationary.cpp:264] NN: cost=126.706780, feasible=true, active_stations=1
[2026-10-05 04:37:16.750] [info] [candidate.cpp:199] InstancePrecompute: built 25 candidates
[2026-10-05 04:37:16.750] [info] [stationary.cpp:264] NN: cost=72.483971, feasible=true, active_stations=1
[2026-10-05 04:37:16.750] [info] [candidate.cpp:199] InstancePrecompute: built 25 candidates
[2026-10-05 04:37:16.750] [info] [stationary.cpp:264] NN: cost=106.907900, feasible=true, active_stations=1
[2026-10-05 04:37:16.750] [info] [candidate.cpp:199] InstancePrecompute: built 50 candidates
[2026-10-05 04:37:16.750] [info] [stationary.cpp:264] NN: cost=423.211735, feasible=true, active_stations=2
[2026-10-05 04:37:16.750] [info] [candidate.cpp:199] InstancePrecompute: built 25 candidates
[2026-10-05 04:37:16.750] [info] [stationary.cpp:264] NN: cost=29.449035, feasible=true, active_stations=1
[2026-10-05 04:37:16.750] [info] [candidate.cpp:199] InstancePrecompute: built 25 candidates
[2026-10-05 04:37:16.750] [info] [stationary.cpp:264] NN: cost=18.697365, feasible=true, active_stations=1
[2026-10-05 04:37:16.750] [info] [candidate.cpp:199] InstancePrecompute: built 25 candidates
[2026-10-05 04:37:16.750] [info] [stationary.cpp:264] NN: cost=833.076510, feasible=true, active_stations=1
[2026-10-05 04:37:16.750] [info] [candidate.cpp:199] InstancePrecompute: built 25 candidates
[2026-10-05 04:37:16.750] [info] [stationary.cpp:264] NN: cost=586.037049, feasible=true, active_stations=1
[2026-10-05 04:37:16.750] [info] [candidate.cpp:199] InstancePrecompute: built 25 candidates
[2026-10-05 04:37:16.750] [info] [stationary.cpp:264] NN: cost=544.984966, feasible=true, active_stations=1
[2026-10-05 04:37:16.750] [info] [candidate.cpp:199] InstancePrecompute: built 25 candidates
[2026-10-05 04:37:16.750] [info] [stationary.cpp:264] NN: cost=298.990005, feasible=true, active_stations=1
[2026-10-05 04:37:16.750] [info] [candidate.cpp:199] InstancePrecompute: built 25 candidates
[2026-10-05 04:37:16.750] [info] [stationary.cpp:264] NN: cost=126.706780, feasible=true, active_stations=1
[2026-10-05 04:37:16.750] [info] [candidate.cpp:199] InstancePrecompute: built 25 candidates
[2026-10-05 04:37:16.750] [info] [stationary.cpp:264] NN: cost=72.483971, feasible=true, active_stations=1
[2026-10-05 04:37:16.750] [info] [candidate.cpp:199] InstancePrecompute: built 25 candidates
[2026-10-05 04:37:16.750] [info] [stationary.cpp:264] NN: cost=106.907900, feasible=true, active_stations=1
[2026-10-05 04:37:16.750] [info] [candidate.cpp:199] InstancePrecompute: built 25 candidates
[2026-10-05 04:37:16.750] [info] [stationary.cpp:264] NN: cost=280.033913, feasible=true, active_stations=1
[2026-10-05 04:37:16.750] [info] [candidate.cpp:199] InstancePrecompute: built 25 candidates
[2026-10-05 04:37:16.750] [info] [stationary.cpp:264] NN: cost=143.177822, feasible=true, active_stations=1
[2026-10-05 04:37:16.750] [info] [candidate.cpp:199] InstancePrecompute: built 25 candidates
[2026-10-05 04:37:16.750] [info] [stationary.cpp:264] NN: cost=29.449035, feasible=true, active_stations=1
[2026-10-05 04:37:16.750] [info] [candidate.cpp:199] InstancePrecompute: built 25 candidates
[2026-10-05 04:37:16.750] [info] [stationary.cpp:264] NN: cost=18.697365, feasible=true, active_stations=1
[2026-10-05 04:37:16.750] [info] [candidate.cpp:199] InstancePrecompute: built 25 candidates
[2026-10-05 04:37:16.750] [info] [stationary.cpp:264] NN: cost=833.076510, feasible=true, active_stations=1
[2026-10-05 04:37:16.750] [info] [candidate.cpp:199] InstancePrecompute: built 25 candidates
[2026-10-05 04:37:16.750] [info] [stationary.cpp:264] NN: cost=586.037049, feasible=true, active_stations=1
[2026-10-05 04:37:16.750] [info] [candidate.cpp:199] InstancePrecompute: built 25 candidates
[2026-10-05 04:37:16.750] [info] [stationary.cpp:264] NN: cost=544.984966, feasible=true, active_stations=1
[2026-10-05 04:37:16.750] [info] [candidate.cpp:199] InstancePrecompute: built 25 candidates
[2026-10-05 04:37:16.750] [info] [stationary.cpp:264] NN: cost=298.990005, feasible=true, active_stations=1
[2026-10-05 04:37:16.750] [info] [candidate.cpp:199] InstancePrecompute: built 25 candidates
[2026-10-05 04:37:16.750] [info] [stationary.cpp:264] NN: cost=126.706780, feasible=true, active_stations=1
[2026-10-05 04:37:16.750] [info] [candidate.cpp:199] InstancePrecompute: built 50 candidates
[2026-10-05 04:37:16.750] [info] [stationary.cpp:264] NN: cost=106.907900, feasible=true, active_stations=1
[2026-10-05 04:37:16.750] [info] [candidate.cpp:199] InstancePrecompute: built 25 candidates
[2026-10-05 04:37:16.750] [info] [stationary.cpp:264] NN: cost=280.033913, feasible=true, active_stations=1
[2026-10-05 04:37:16.750] [info] [candidate.cpp:199] InstancePrecompute: built 25 candidates
[2026-10-05 04:37:16.750] [info] [stationary.cpp:264] NN: cost=143.177822, feasible=true, active_stations=1
[2026-10-05 04:37:16.750] [info] [candidate.cpp:199] InstancePrecompute: built 25 candidates
[2026-10-05 04:37:16.750] [info] [stationary.cpp:264] NN: cost=29.449035, feasible=true, active_stations=1
[2026-10-05 04:37:16.750] [info] [candidate.cpp:199] InstancePrecompute: built 25 candidates
[2026-10-05 04:37:16.750] [info] [stationary.cpp:264] NN: cost=18.697365, feasible=true, active_stations=1
[2026-10-05 04:37:16.750] [info] [candidate.cpp:199] InstancePrecompute: built 25 candidates
[2026-10-05 04:37:16.750] [info] [stationary.cpp:264] NN: cost=833.076510, feasible=true, active_stations=1
[2026-10-05 04:37:16.750] [info] [candidate.cpp:199] InstancePrecompute: built 25 candidates
[2026-10-05 04:37:16.750] [info] [stationary.cpp:264] NN: cost=586.037049, feasible=true, active_stations=1
[2026-10-05 04:37:16.750] [info] [candidate.cpp:199] InstancePrecompute: built 25 candidates
[2026-10-05 04:37:16.750] [info] [stationary.cpp:264] NN: cost=544.984966, feasible=true, active_stations=1
[2026-10-05 04:37:16.750] [info] [candidate.cpp:199] InstancePrecompute: built 25 candidates
[2026-10-05 04:37:16.750] [info] [stationary.cpp:264] NN: cost=298.990005, feasible=true, active_stations=1
[2026-10-05 04:37:16.750] [info] [candidate.cpp:199] InstancePrecompute: built 25 candidates
[2026-10-05 04:37:16.750] [info] [stationary.cpp:264] NN: cost=126.706780, feasible=true, active_stations=1
[2026-10-05 04:37:16.750] [info] [candidate.cpp:199] InstancePrecompute: built 25 candidates
[2026-10-05 04:37:16.750] [info] [stationary.cpp:264] NN: cost=72.483971, feasible=true, active_stations=1
[2026-10-05 04:37:16.750] [info] [candidate.cpp:199] InstancePrecompute: built 50 candidates
[2026-10-05 04:37:16.750] [info] [stationary.cpp:264] NN: cost=143.177822, feasible=true, active_stations=1
[2026-10-05 04:37:16.750] [info] [candidate.cpp:199] InstancePrecompute: built 25 candidates
[2026-10-05 04:37:16.750] [info] [stationary.cpp:264] NN: cost=29.449035, feasible=true, active_stations=1
[2026-10-05 04:37:16.750] [info] [candidate.cpp:199] InstancePrecompute: built 25 candidates
[2026-10-05 04:37:16.750] [info] [stationary.cpp:264] NN: cost=280.033913, feasible=true, active_stations=1
[2026-10-05 04:37:16.750] [info] [candidate.cpp:199] InstancePrecompute: built 25 candidates
[2026-10-05 04:37:16.750] [info] [stationary.cpp:264] NN: cost=18.697365, feasible=true, active_stations=1
[2026-10-05 04:37:16.750] [info] [candidate.cpp:199] InstancePrecompute: built 25 candidates
[2026-10-05 04:37:16.750] [info] [stationary.cpp:264] NN: cost=833.076510, feasible=true, active_stations=1
[2026-10-05 04:37:16.750] [info] [candidate.cpp:199] InstancePrecompute: built 25 candidates
[2026-10-05 04:37:16.750] [info] [stationary.cpp:264] NN: cost=586.037049, feasible=true, active_stations=1
[2026-10-05 04:37:16.751] [info] [candidate.cpp:199] InstancePrecompute: built 25 candidates
[2026-10-05 04:37:16.751] [info] [stationary.cpp:264] NN: cost=544.984966, feasible=true, active_stations=1
[2026-10-05 04:37:16.751] [info] [candidate.cpp:199] InstancePrecompute: built 25 candidates
[2026-10-05 04:37:16.751] [info] [stationary.cpp:264] NN: cost=298.990005, feasible=true, active_stations=1
[2026-10-05 04:37:16.751] [info] [candidate.cpp:199] InstancePrecompute: built 25 candidates
[2026-10-05 04:37:16.751] [info] [stationary.cpp:264] NN: cost=126.706780, feasible=true, active_stations=1
[2026-10-05 04:37:16.751] [info] [candidate.cpp:199] InstancePrecompute: built 25 candidates
[2026-10-05 04:37:16.751] [info] [stationary.cpp:264] NN: cost=72.483971, feasible=true, active_stations=1
[2026-10-05 04:37:16.751] [info] [candidate.cpp:199] InstancePrecompute: built 50 candidates
[2026-10-05 04:37:16.751] [info] [stationary.cpp:264] NN: cost=143.177822, feasible=true, active_stations=1
[2026-10-05 04:37:16.751] [info] [candidate.cpp:199] InstancePrecompute: built 25 candidates
[2026-10-05 04:37:16.751] [info] [stationary.cpp:264] NN: cost=29.449035, feasible=true, active_stations=1
[2026-10-05 04:37:16.751] [info] [candidate.cpp:199] InstancePrecompute: built 25 candidates
[2026-10-05 04:37:16.751] [info] [stationary.cpp:264] NN: cost=280.033913, feasible=true, active_stations=1
[2026-10-05 04:37:16.751] [info] [candidate.cpp:199] InstancePrecompute: built 25 candidates
[2026-10-05 04:37:16.751] [info] [stationary.cpp:264] NN: cost=18.697365, feasible=true, active_stations=1
[2026-10-05 04:37:16.751] [info] [candidate.cpp:199] InstancePrecompute: built 25 candidates
[2026-10-05 04:37:16.751] [info] [stationary.cpp:264] NN: cost=833.076510, feasible=true, active_stations=1
[2026-10-05 04:37:16.751] [info] [candidate.cpp:199] InstancePrecompute: built 25 candidates
[2026-10-05 04:37:16.751] [info] [stationary.cpp:264] NN: cost=586.037049, feasible=true, active_stations=1
[2026-10-05 04:37:16.751] [info] [candidate.cpp:199] InstancePrecompute: built 25 candidates
[2026-10-05 04:37:16.751] [info] [stationary.cpp:264] NN: cost=544.984966, feasible=true, active_stations=1
[2026-10-05 04:37:16.751] [info] [candidate.cpp:199] InstancePrecompute: built 25 candidates
[2026-10-05 04:37:16.751] [info] [stationary.cpp:264] NN: cost=298.990005, feasible=true, active_stations=1
[2026-10-05 04:37:16.751] [info] [candidate.cpp:199] InstancePrecompute: built 25 candidates
[2026-10-05 04:37:16.751] [info] [stationary.cpp:264] NN: cost=126.706780, feasible=true, active_stations=1
[2026-10-05 04:37:16.751] [info] [candidate.cpp:199] InstancePrecompute: built 25 candidates
[2026-10-05 04:37:16.751] [info] [stationary.cpp:264] NN: cost=72.483971, feasible=true, active_stations=1
[2026-10-05 04:37:16.751] [info] [candidate.cpp:199] InstancePrecompute: built 50 candidates
[2026-10-05 04:37:16.751] [info] [stationary.cpp:264] NN: cost=143.177822, feasible=true, active_stations=1
[2026-10-05 04:37:16.751] [info] [candidate.cpp:199] InstancePrecompute: built 25 candidates
[2026-10-05 04:37:16.751] [info] [stationary.cpp:264] NN: cost=29.449035, feasible=true, active_stations=1
[2026-10-05 04:37:16.751] [info] [candidate.cpp:199] InstancePrecompute: built 25 candidates
[2026-10-05 04:37:16.751] [info] [stationary.cpp:264] NN: cost=280.033913, feasible=true, active_stations=1
[2026-10-05 04:37:16.751] [info] [candidate.cpp:199] InstancePrecompute: built 25 candidates
[2026-10-05 04:37:16.751] [info] [stationary.cpp:264] NN: cost=18.697365, feasible=true, active_stations=1
[2026-10-05 04:37:16.751] [info] [candidate.cpp:199] InstancePrecompute: built 25 candidates
[2026-10-05 04:37:16.751] [info] [stationary.cpp:264] NN: cost=833.076510, feasible=true, active_stations=1
[2026-10-05 04:37:16.751] [info] [candidate.cpp:199] InstancePrecompute: built 25 candidates
[2026-10-05 04:37:16.751] [info] [stationary.cpp:264] NN: cost=586.037049, feasible=true, active_stations=1
[2026-10-05 04:37:16.751] [info] [candidate.cpp:199] InstancePrecompute: built 25 candidates
[2026-10-05 04:37:16.751] [info] [stationary.cpp:264] NN: cost=544.984966, feasible=true, active_stations=1
[2026-10-05 04:37:16.751] [info] [candidate.cpp:199] InstancePrecompute: built 25 candidates
[2026-10-05 04:37:16.751] [info] [stationary.cpp:264] NN: cost=298.990005, feasible=true, active_stations=1
[2026-10-05 04:37:16.751] [info] [candidate.cpp:199] InstancePrecompute: built 25 candidates
[2026-10-05 04:37:16.751] [info] [stationary.cpp:264] NN: cost=126.706780, feasible=true, active_stations=1
[2026-10-05 04:37:16.751] [info] [candidate.cpp:199] InstancePrecompute: built 25 candidates
[2026-10-05 04:37:16.751] [info] [stationary.cpp:264] NN: cost=72.483971, feasible=true, active_stations=1
[2026-10-05 04:37:16.751] [info] [candidate.cpp:199] InstancePrecompute: built 25 candidates
[2026-10-05 04:37:16.751] [info] [stationary.cpp:264] NN: cost=143.177822, feasible=true, active_stations=1
[2026-10-05 04:37:16.751] [info] [candidate.cpp:199] InstancePrecompute: built 25 candidates
[2026-10-05 04:37:16.751] [info] [stationary.cpp:264] NN: cost=106.907900, feasible=true, active_stations=1
[2026-10-05 04:37:16.751] [info] [candidate.cpp:199] InstancePrecompute: built 25 candidates
[2026-10-05 04:37:16.751] [info] [stationary.cpp:264] NN: cost=29.449035, feasible=true, active_stations=1
[2026-10-05 04:37:16.751] [info] [candidate.cpp:199] InstancePrecompute: built 25 candidates
[2026-10-05 04:37:16.751] [info] [stationary.cpp:264] NN: cost=280.033913, feasible=true, active_stations=1
[2026-10-05 04:37:16.751] [info] [candidate.cpp:199] InstancePrecompute: built 25 candidates
[2026-10-05 04:37:16.751] [info] [stationary.cpp:264] NN: cost=18.697365, feasible=true, active_stations=1
[2026-10-05 04:37:16.751] [info] [candidate.cpp:199] InstancePrecompute: built 25 candidates
[2026-10-05 04:37:16.751] [info] [stationary.cpp:264] NN: cost=833.076510, feasible=true, active_stations=1
[2026-10-05 04:37:16.751] [info] [candidate.cpp:199] InstancePrecompute: built 25 candidates
[2026-10-05 04:37:16.751] [info] [stationary.cpp:264] NN: cost=586.037049, feasible=true, active_stations=1
[2026-10-05 04:37:16.751] [info] [candidate.cpp:199] InstancePrecompute: built 25 candidates
[2026-10-05 04:37:16.751] [info] [stationary.cpp:264] NN: cost=544.984966, feasible=true, active_stations=1
[2026-10-05 04:37:16.751] [info] [candidate.cpp:199] InstancePrecompute: built 25 candidates
[2026-10-05 04:37:16.751] [info] [stationary.cpp:264] NN: cost=298.990005, feasible=true, active_stations=1
[2026-10-05 04:37:16.751] [info] [candidate.cpp:199] InstancePrecompute: built 25 candidates
[2026-10-05 04:37:16.751] [info] [stationary.cpp:264] NN: cost=126.706780, feasible=true, active_stations=1
[2026-10-05 04:37:16.751] [info] [candidate.cpp:199] InstancePrecompute: built 25 candidates
[2026-10-05 04:37:16.751] [info] [stationary.cpp:264] NN: cost=72.483971, feasible=true, active_stations=1
[2026-10-05 04:37:16.751] [info] [candidate.cpp:199] InstancePrecompute: built 25 candidates
[2026-10-05 04:37:16.751] [info] [stationary.cpp:264] NN: cost=143.177822, feasible=true, active_stations=1
[2026-10-05 04:37:16.751] [info] [candidate.cpp:199] InstancePrecompute: built 25 candidates
[2026-10-05 04:37:16.751] [info] [stationary.cpp:264] NN: cost=106.907900, feasible=true, active_stations=1
[2026-10-05 04:37:16.751] [info] [candidate.cpp:199] InstancePrecompute: built 25 candidates
[2026-10-05 04:37:16.751] [info] [stationary.cpp:264] NN: cost=29.449035, feasible=true, active_stations=1
[2026-10-05 04:37:16.751] [info] [candidate.cpp:199] InstancePrecompute: built 25 candidates
[2026-10-05 04:37:16.751] [info] [stationary.cpp:264] NN: cost=280.033913, feasible=true, active_stations=1
[2026-10-05 04:37:16.751] [info] [candidate.cpp:199] InstancePrecompute: built 25 candidates
[2026-10-05 04:37:16.751] [info] [stationary.cpp:264] NN: cost=18.697365, feasible=true, active_stations=1
[2026-10-05 04:37:16.751] [info] [candidate.cpp:199] InstancePrecompute: built 25 candidates
[2026-10-05 04:37:16.751] [info] [stationary.cpp:264] NN: cost=833.076510, feasible=true, active_stations=1
[2026-10-05 04:37:16.751] [info] [candidate.cpp:199] InstancePrecompute: built 25 candidates
[2026-10-05 04:37:16.751] [info] [stationary.cpp:264] NN: cost=586.037049, feasible=true, active_stations=1
[2026-10-05 04:37:16.751] [info] [candidate.cpp:199] InstancePrecompute: built 25 candidates
[2026-10-05 04:37:16.751] [info] [stationary.cpp:264] NN: cost=544.984966, feasible=true, active_stations=1
[2026-10-05 04:37:16.751] [info] [candidate.cpp:199] InstancePrecompute: built 25 candidates
[2026-10-05 04:37:16.751] [info] [stationary.cpp:264] NN: cost=298.990005, feasible=true, active_stations=1
[2026-10-05 04:37:16.751] [info] [candidate.cpp:199] InstancePrecompute: built 25 candidates
[2026-10-05 04:37:16.751] [info] [stationary.cpp:264] NN: cost=126.706780, feasible=true, active_stations=1
[2026-10-05 04:37:16.751] [info] [candidate.cpp:199] InstancePrecompute: built 25 candidates
[2026-10-05 04:37:16.751] [info] [stationary.cpp:264] NN: cost=72.483971, feasible=true, active_stations=1
[2026-10-05 04:37:16.751] [info] [candidate.cpp:199] InstancePrecompute: built 50 candidates
[2026-10-05 04:37:16.751] [info] [stationary.cpp:264] NN: cost=143.177822, feasible=true, active_stations=1
[2026-10-05 04:37:16.751] [info] [candidate.cpp:199] InstancePrecompute: built 25 candidates
[2026-10-05 04:37:16.751] [info] [stationary.cpp:264] NN: cost=29.449035, feasible=true, active_stations=1
[2026-10-05 04:37:16.751] [info] [candidate.cpp:199] InstancePrecompute: built 25 candidates
[2026-10-05 04:37:16.751] [info] [stationary.cpp:264] NN: cost=280.033913, feasible=true, active_stations=1
[2026-10-05 04:37:16.751] [info] [candidate.cpp:199] InstancePrecompute: built 25 candidates
[2026-10-05 04:37:16.751] [info] [stationary.cpp:264] NN: cost=18.697365, feasible=true, active_stations=1
[2026-10-05 04:37:16.751] [info] [candidate.cpp:199] InstancePrecompute: built 25 candidates
[2026-10-05 04:37:16.751] [info] [stationary.cpp:264] NN: cost=833.076510, feasible=true, active_stations=1
[2026-10-05 04:37:16.751] [info] [candidate.cpp:199] InstancePrecompute: built 25 candidates
[2026-10-05 04:37:16.751] [info] [stationary.cpp:264] NN: cost=586.037049, feasible=true, active_stations=1
[2026-10-05 04:37:16.751] [info] [candidate.cpp:199] InstancePrecompute: built 25 candidates
[2026-10-05 04:37:16.751] [info] [stationary.cpp:264] NN: cost=544.984966, feasible=true, active_stations=1
[2026-10-05 04:37:16.751] [info] [candidate.cpp:199] InstancePrecompute: built 25 candidates
[2026-10-05 04:37:16.751] [info] [stationary.cpp:264] NN: cost=298.990005, feasible=true, active_stations=1
[2026-10-05 04:37:16.751] [info] [candidate.cpp:199] InstancePrecompute: built 25 candidates
[2026-10-05 04:37:16.751] [info] [stationary.cpp:264] NN: cost=126.706780, feasible=true, active_stations=1
[2026-10-05 04:37:16.751] [info] [candidate.cpp:199] InstancePrecompute: built 25 candidates
[2026-10-05 04:37:16.751] [info] [stationary.cpp:264] NN: cost=72.483971, feasible=true, active_stations=1
[2026-10-05 04:37:16.751] [info] [candidate.cpp:199] InstancePrecompute: built 50 candidates
[2026-10-05 04:37:16.751] [info] [stationary.cpp:264] NN: cost=143.177822, feasible=true, active_stations=1
[2026-10-05 04:37:16.751] [info] [candidate.cpp:199] InstancePrecompute: built 25 candidates
[2026-10-05 04:37:16.751] [info] [stationary.cpp:264] NN: cost=29.449035, feasible=true, active_stations=1
[2026-10-05 04:37:16.751] [info] [candidate.cpp:199] InstancePrecompute: built 25 candidates
[2026-10-05 04:37:16.751] [info] [stationary.cpp:264] NN: cost=280.033913, feasible=true, active_stations=1
[2026-10-05 04:37:16.751] [info] [candidate.cpp:199] InstancePrecompute: built 25 candidates
[2026-10-05 04:37:16.751] [info] [stationary.cpp:264] NN: cost=18.697365, feasible=true, active_stations=1
[2026-10-05 04:37:16.751] [info] [candidate.cpp:199] InstancePrecompute: built 25 candidates
[2026-10-05 04:37:16.751] [info] [stationary.cpp:264] NN: cost=833.076510, feasible=true, active_stations=1
[2026-10-05 04:37:16.751] [info] [candidate.cpp:199] InstancePrecompute: built 25 candidates
[2026-10-05 04:37:16.751] [info] [stationary.cpp:264] NN: cost=586.037049, feasible=true, active_stations=1
[2026-10-05 04:37:16.751] [info] [candidate.cpp:199] InstancePrecompute: built 25 candidates
[2026-10-05 04:37:16.751] [info] [stationary.cpp:264] NN: cost=544.984966, feasible=true, active_stations=1
[2026-10-05 04:37:16.751] [info] [candidate.cpp:199] InstancePrecompute: built 25 candidates
[2026-10-05 04:37:16.751] [info] [stationary.cpp:264] NN: cost=298.990005, feasible=true, active_stations=1
[2026-10-05 04:37:16.751] [info] [candidate.cpp:199] InstancePrecompute: built 25 candidates
[2026-10-05 04:37:16.751] [info] [stationary.cpp:264] NN: cost=72.483971, feasible=true, active_stations=1
[2026-10-05 04:37:16.751] [info] [candidate.cpp:199] InstancePrecompute: built 25 candidates
[2026-10-05 04:37:16.751] [info] [stationary.cpp:264] NN: cost=126.706780, feasible=true, active_stations=1
[2026-10-05 04:37:16.751] [info] [candidate.cpp:199] InstancePrecompute: built 50 candidates
[2026-10-05 04:37:16.751] [info] [stationary.cpp:264] NN: cost=143.177822, feasible=true, active_stations=1
[2026-10-05 04:37:16.751] [info] [candidate.cpp:199] InstancePrecompute: built 25 candidates
[2026-10-05 04:37:16.751] [info] [stationary.cpp:264] NN: cost=280.033913, feasible=true, active_stations=1
[2026-10-05 04:37:16.751] [info] [candidate.cpp:199] InstancePrecompute: built 25 candidates
[2026-10-05 04:37:16.751] [info] [stationary.cpp:264] NN: cost=29.449035, feasible=true, active_stations=1
[2026-10-05 04:37:16.751] [info] [candidate.cpp:199] InstancePrecompute: built 25 candidates
[2026-10-05 04:37:16.751] [info] [stationary.cpp:264] NN: cost=18.697365, feasible=true, active_stations=1
[2026-10-05 04:37:16.751] [info] [candidate.cpp:199] InstancePrecompute: built 25 candidates
[2026-10-05 04:37:16.751] [info] [stationary.cpp:264] NN: cost=833.076510, feasible=true, active_stations=1
[2026-10-05 04:37:16.751] [info] [candidate.cpp:199] InstancePrecompute: built 25 candidates
[2026-10-05 04:37:16.751] [info] [stationary.cpp:264] NN: cost=586.037049, feasible=true, active_stations=1
[2026-10-05 04:37:16.751] [info] [candidate.cpp:199] InstancePrecompute: built 25 candidates
[2026-10-05 04:37:16.751] [info] [stationary.cpp:264] NN: cost=544.984966, feasible=true, active_stations=1
[2026-10-05 04:37:16.751] [info] [candidate.cpp:199] InstancePrecompute: built 25 candidates
[2026-10-05 04:37:16.751] [info] [stationary.cpp:264] NN: cost=298.990005, feasible=true, active_stations=1
[2026-10-05 04:37:16.751] [info] [candidate.cpp:199] InstancePrecompute: built 25 candidates
[2026-10-05 04:37:16.751] [info] [stationary.cpp:264] NN: cost=72.483971, feasible=true, active_stations=1
[2026-10-05 04:37:16.751] [info] [candidate.cpp:199] InstancePrecompute: built 25 candidates
[2026-10-05 04:37:16.751] [info] [stationary.cpp:264] NN: cost=126.706780, feasible=true, active_stations=1
[2026-10-05 04:37:16.751] [info] [candidate.cpp:199] InstancePrecompute: built 50 candidates
[2026-10-05 04:37:16.751] [info] [stationary.cpp:264] NN: cost=143.177822, feasible=true, active_stations=1
[2026-10-05 04:37:16.751] [info] [candidate.cpp:199] InstancePrecompute: built 25 candidates
[2026-10-05 04:37:16.751] [info] [stationary.cpp:264] NN: cost=280.033913, feasible=true, active_stations=1
[2026-10-05 04:37:16.751] [info] [candidate.cpp:199] InstancePrecompute: built 25 candidates
[2026-10-05 04:37:16.751] [info] [stationary.cpp:264] NN: cost=29.449035, feasible=true, active_stations=1
[2026-10-05 04:37:16.751] [info] [candidate.cpp:199] InstancePrecompute: built 25 candidates
[2026-10-05 04:37:16.751] [info] [stationary.cpp:264] NN: cost=18.697365, feasible=true, active_stations=1
[2026-10-05 04:37:16.751] [info] [candidate.cpp:199] InstancePrecompute: built 25 candidates
[2026-10-05 04:37:16.751] [info] [stationary.cpp:264] NN: cost=833.076510, feasible=true, active_stations=1
[2026-10-05 04:37:16.751] [info] [candidate.cpp:199] InstancePrecompute: built 25 candidates
[2026-10-05 04:37:16.751] [info] [stationary.cpp:264] NN: cost=586.037049, feasible=true, active_stations=1
[2026-10-05 04:37:16.751] [info] [candidate.cpp:199] InstancePrecompute: built 25 candidates
[2026-10-05 04:37:16.751] [info] [stationary.cpp:264] NN: cost=544.984966, feasible=true, active_stations=1
[2026-10-05 04:37:16.751] [info] [candidate.cpp:199] InstancePrecompute: built 25 candidates
[2026-10-05 04:37:16.751] [info] [stationary.cpp:264] NN: cost=298.990005, feasible=true, active_stations=1
[2026-10-05 04:37:16.751] [info] [candidate.cpp:199] InstancePrecompute: built 25 candidates
[2026-10-05 04:37:16.751] [info] [stationary.cpp:264] NN: cost=72.483971, feasible=true, active_stations=1
[2026-10-05 04:37:16.751] [info] [candidate.cpp:199] InstancePrecompute: built 25 candidates
[2026-10-05 04:37:16.751] [info] [stationary.cpp:264] NN: cost=126.706780, feasible=true, active_stations=1
[2026-10-05 04:37:16.751] [info] [candidate.cpp:199] InstancePrecompute: built 50 candidates
[2026-10-05 04:37:16.751] [info] [stationary.cpp:264] NN: cost=143.177822, feasible=true, active_stations=1
[2026-10-05 04:37:16.751] [info] [candidate.cpp:199] InstancePrecompute: built 25 candidates
[2026-10-05 04:37:16.751] [info] [stationary.cpp:264] NN: cost=280.033913, feasible=true, active_stations=1
[2026-10-05 04:37:16.751] [info] [candidate.cpp:199] InstancePrecompute: built 25 candidates
[2026-10-05 04:37:16.751] [info] [stationary.cpp:264] NN: cost=29.449035, feasible=true, active_stations=1
[2026-10-05 04:37:16.751] [info] [candidate.cpp:199] InstancePrecompute: built 25 candidates
[2026-10-05 04:37:16.751] [info] [stationary.cpp:264] NN: cost=18.697365, feasible=true, active_stations=1
[2026-10-05 04:37:16.751] [info] [candidate.cpp:199] InstancePrecompute: built 25 candidates
[2026-10-05 04:37:16.751] [info] [stationary.cpp:264] NN: cost=833.076510, feasible=true, active_stations=1
[2026-10-05 04:37:16.751] [info] [candidate.cpp:199] InstancePrecompute: built 25 candidates
[2026-10-05 04:37:16.751] [info] [stationary.cpp:264] NN: cost=586.037049, feasible=true, active_stations=1
[2026-10-05 04:37:16.751] [info] [candidate.cpp:199] InstancePrecompute: built 25 candidates
[2026-10-05 04:37:16.751] [info] [stationary.cpp:264] NN: cost=544.984966, feasible=true, active_stations=1
[2026-10-05 04:37:16.751] [info] [candidate.cpp:199] InstancePrecompute: built 25 candidates
[2026-10-05 04:37:16.751] [info] [stationary.cpp:264] NN: cost=298.990005, feasible=true, active_stations=1
[2026-10-05 04:37:16.751] [info] [candidate.cpp:199] InstancePrecompute: built 25 candidates
[2026-10-05 04:37:16.751] [info] [stationary.cpp:264] NN: cost=72.483971, feasible=true, active_stations=1
[2026-10-05 04:37:16.751] [info] [candidate.cpp:199] InstancePrecompute: built 25 candidates
[2026-10-05 04:37:16.751] [info] [stationary.cpp:264] NN: cost=126.706780, feasible=true, active_stations=1
[2026-10-05 04:37:16.751] [info] [candidate.cpp:199] InstancePrecompute: built 25 candidates
[2026-10-05 04:37:16.751] [info] [stationary.cpp:264] NN: cost=143.177822, feasible=true, active_stations=1
[2026-10-05 04:37:16.751] [info] [candidate.cpp:199] InstancePrecompute: built 25 candidates
[2026-10-05 04:37:16.751] [info] [stationary.cpp:264] NN: cost=106.907900, feasible=true, active_stations=1
[2026-10-05 04:37:16.751] [info] [candidate.cpp:199] InstancePrecompute: built 25 candidates
[2026-10-05 04:37:16.751] [info] [stationary.cpp:264] NN: cost=280.033913, feasible=true, active_stations=1
[2026-10-05 04:37:16.751] [info] [candidate.cpp:199] InstancePrecompute: built 50 candidates
[2026-10-05 04:37:16.751] [info] [stationary.cpp:264] NN: cost=48.146400, feasible=true, active_stations=2
[2026-10-05 04:37:16.751] [info] [candidate.cpp:199] InstancePrecompute: built 25 candidates
[2026-10-05 04:37:16.751] [info] [stationary.cpp:264] NN: cost=833.076510, feasible=true, active_stations=1
[2026-10-05 04:37:16.751] [info] [candidate.cpp:199] InstancePrecompute: built 25 candidates
[2026-10-05 04:37:16.751] [info] [stationary.cpp:264] NN: cost=586.037049, feasible=true, active_stations=1
[2026-10-05 04:37:16.751] [info] [candidate.cpp:199] InstancePrecompute: built 25 candidates
[2026-10-05 04:37:16.751] [info] [stationary.cpp:264] NN: cost=544.984966, feasible=true, active_stations=1
[2026-10-05 04:37:16.751] [info] [candidate.cpp:199] InstancePrecompute: built 25 candidates
[2026-10-05 04:37:16.751] [info] [stationary.cpp:264] NN: cost=298.990005, feasible=true, active_stations=1
[2026-10-05 04:37:16.751] [info] [candidate.cpp:199] InstancePrecompute: built 25 candidates
[2026-10-05 04:37:16.751] [info] [stationary.cpp:264] NN: cost=72.483971, feasible=true, active_stations=1
[2026-10-05 04:37:16.751] [info] [candidate.cpp:199] InstancePrecompute: built 25 candidates
[2026-10-05 04:37:16.751] [info] [stationary.cpp:264] NN: cost=126.706780, feasible=true, active_stations=1
[2026-10-05 04:37:16.751] [info] [candidate.cpp:199] InstancePrecompute: built 25 candidates
[2026-10-05 04:37:16.751] [info] [stationary.cpp:264] NN: cost=143.177822, feasible=true, active_stations=1
[2026-10-05 04:37:16.751] [info] [candidate.cpp:199] InstancePrecompute: built 25 candidates
[2026-10-05 04:37:16.751] [info] [stationary.cpp:264] NN: cost=106.907900, feasible=true, active_stations=1
[2026-10-05 04:37:16.751] [info] [candidate.cpp:199] InstancePrecompute: built 25 candidates
[2026-10-05 04:37:16.751] [info] [stationary.cpp:264] NN: cost=280.033913, feasible=true, active_stations=1
[2026-10-05 04:37:16.751] [info] [candidate.cpp:199] InstancePrecompute: built 50 candidates
[2026-10-05 04:37:16.751] [info] [stationary.cpp:264] NN: cost=48.146400, feasible=true, active_stations=2
[2026-10-05 04:37:16.751] [info] [candidate.cpp:199] InstancePrecompute: built 25 candidates
[2026-10-05 04:37:16.751] [info] [stationary.cpp:264] NN: cost=833.076510, feasible=true, active_stations=1
[2026-10-05 04:37:16.751] [info] [candidate.cpp:199] InstancePrecompute: built 25 candidates
[2026-10-05 04:37:16.751] [info] [stationary.cpp:264] NN: cost=586.037049, feasible=true, active_stations=1
[2026-10-05 04:37:16.751] [info] [candidate.cpp:199] InstancePrecompute: built 25 candidates
[2026-10-05 04:37:16.751] [info] [stationary.cpp:264] NN: cost=544.984966, feasible=true, active_stations=1
[2026-10-05 04:37:16.751] [info] [candidate.cpp:199] InstancePrecompute: built 25 candidates
[2026-10-05 04:37:16.751] [info] [stationary.cpp:264] NN: cost=298.990005, feasible=true, active_stations=1
[2026-10-05 04:37:16.751] [info] [candidate.cpp:199] InstancePrecompute: built 25 candidates
[2026-10-05 04:37:16.751] [info] [stationary.cpp:264] NN: cost=72.483971, feasible=true, active_stations=1
[2026-10-05 04:37:16.751] [info] [candidate.cpp:199] InstancePrecompute: built 25 candidates
[2026-10-05 04:37:16.751] [info] [stationary.cpp:264] NN: cost=126.706780, feasible=true, active_stations=1
[2026-10-05 04:37:16.751] [info] [candidate.cpp:199] InstancePrecompute: built 50 candidates
[2026-10-05 04:37:16.751] [info] [stationary.cpp:264] NN: cost=143.177822, feasible=true, active_stations=1
[2026-10-05 04:37:16.751] [info] [candidate.cpp:199] InstancePrecompute: built 25 candidates
[2026-10-05 04:37:16.751] [info] [stationary.cpp:264] NN: cost=280.033913, feasible=true, active_stations=1
[2026-10-05 04:37:16.751] [info] [candidate.cpp:199] InstancePrecompute: built 50 candidates
[2026-10-05 04:37:16.751] [info] [stationary.cpp:264] NN: cost=48.146400, feasible=true, active_stations=2
[2026-10-05 04:37:16.751] [info] [candidate.cpp:199] InstancePrecompute: built 25 candidates
[2026-10-05 04:37:16.752] [info] [stationary.cpp:264] NN: cost=833.076510, feasible=true, active_stations=1
[2026-10-05 04:37:16.752] [info] [candidate.cpp:199] InstancePrecompute: built 25 candidates
[2026-10-05 04:37:16.752] [info] [stationary.cpp:264] NN: cost=586.037049, feasible=true, active_stations=1
[2026-10-05 04:37:16.752] [info] [candidate.cpp:199] InstancePrecompute: built 25 candidates
[2026-10-05 04:37:16.752] [info] [stationary.cpp:264] NN: cost=544.984966, feasible=true, active_stations=1
[2026-10-05 04:37:16.752] [info] [candidate.cpp:199] InstancePrecompute: built 25 candidates
[2026-10-05 04:37:16.752] [info] [stationary.cpp:264] NN: cost=298.990005, feasible=true, active_stations=1
[2026-10-05 04:37:16.752] [info] [candidate.cpp:199] InstancePrecompute: built 25 candidates
[2026-10-05 04:37:16.752] [info] [stationary.cpp:264] NN: cost=72.483971, feasible=true, active_stations=1
[2026-10-05 04:37:16.752] [info] [candidate.cpp:199] InstancePrecompute: built 25 candidates
[2026-10-05 04:37:16.752] [info] [stationary.cpp:264] NN: cost=126.706780, feasible=true, active_stations=1
[2026-10-05 04:37:16.752] [info] [candidate.cpp:199] InstancePrecompute: built 50 candidates
[2026-10-05 04:37:16.752] [info] [stationary.cpp:264] NN: cost=143.177822, feasible=true, active_stations=1
[2026-10-05 04:37:16.752] [info] [candidate.cpp:199] InstancePrecompute: built 25 candidates
[2026-10-05 04:37:16.752] [info] [stationary.cpp:264] NN: cost=280.033913, feasible=true, active_stations=1
[2026-10-05 04:37:16.752] [info] [candidate.cpp:199] InstancePrecompute: built 50 candidates
[2026-10-05 04:37:16.752] [info] [stationary.cpp:264] NN: cost=48.146400, feasible=true, active_stations=2
[2026-10-05 04:37:16.752] [info] [candidate.cpp:199] InstancePrecompute: built 25 candidates
[2026-10-05 04:37:16.752] [info] [stationary.cpp:264] NN: cost=833.076510, feasible=true, active_stations=1
[2026-10-05 04:37:16.752] [info] [candidate.cpp:199] InstancePrecompute: built 25 candidates
[2026-10-05 04:37:16.752] [info] [stationary.cpp:264] NN: cost=586.037049, feasible=true, active_stations=1
[2026-10-05 04:37:16.752] [info] [candidate.cpp:199] InstancePrecompute: built 25 candidates
[2026-10-05 04:37:16.752] [info] [stationary.cpp:264] NN: cost=544.984966, feasible=true, active_stations=1
[2026-10-05 04:37:16.752] [info] [candidate.cpp:199] InstancePrecompute: built 25 candidates
[2026-10-05 04:37:16.752] [info] [stationary.cpp:264] NN: cost=298.990005, feasible=true, active_stations=1
[2026-10-05 04:37:16.752] [info] [candidate.cpp:199] InstancePrecompute: built 25 candidates
[2026-10-05 04:37:16.752] [info] [stationary.cpp:264] NN: cost=126.706780, feasible=true, active_stations=1
[2026-10-05 04:37:16.752] [info] [candidate.cpp:199] InstancePrecompute: built 75 candidates
[2026-10-05 04:37:16.752] [info] [stationary.cpp:264] NN: cost=143.177822, feasible=true, active_stations=1
[2026-10-05 04:37:16.752] [info] [candidate.cpp:199] InstancePrecompute: built 25 candidates
[2026-10-05 04:37:16.752] [info] [stationary.cpp:264] NN: cost=280.033913, feasible=true, active_stations=1
[2026-10-05 04:37:16.752] [info] [candidate.cpp:199] InstancePrecompute: built 25 candidates
[2026-10-05 04:37:16.752] [info] [stationary.cpp:264] NN: cost=29.449035, feasible=true, active_stations=1
[2026-10-05 04:37:16.752] [info] [candidate.cpp:199] InstancePrecompute: built 25 candidates
[2026-10-05 04:37:16.752] [info] [stationary.cpp:264] NN: cost=18.697365, feasible=true, active_stations=1
[2026-10-05 04:37:16.752] [info] [candidate.cpp:199] InstancePrecompute: built 25 candidates
[2026-10-05 04:37:16.752] [info] [stationary.cpp:264] NN: cost=833.076510, feasible=true, active_stations=1
[2026-10-05 04:37:16.752] [info] [candidate.cpp:199] InstancePrecompute: built 25 candidates
[2026-10-05 04:37:16.752] [info] [stationary.cpp:264] NN: cost=586.037049, feasible=true, active_stations=1
[2026-10-05 04:37:16.752] [info] [candidate.cpp:199] InstancePrecompute: built 25 candidates
[2026-10-05 04:37:16.752] [info] [stationary.cpp:264] NN: cost=544.984966, feasible=true, active_stations=1
[2026-10-05 04:37:16.752] [info] [candidate.cpp:199] InstancePrecompute: built 25 candidates
[2026-10-05 04:37:16.752] [info] [stationary.cpp:264] NN: cost=298.990005, feasible=true, active_stations=1
[2026-10-05 04:37:16.752] [info] [candidate.cpp:199] InstancePrecompute: built 25 candidates
[2026-10-05 04:37:16.752] [info] [stationary.cpp:264] NN: cost=126.706780, feasible=true, active_stations=1
[2026-10-05 04:37:16.752] [info] [candidate.cpp:199] InstancePrecompute: built 75 candidates
[2026-10-05 04:37:16.752] [info] [stationary.cpp:264] NN: cost=143.177822, feasible=true, active_stations=1
[2026-10-05 04:37:16.752] [info] [candidate.cpp:199] InstancePrecompute: built 25 candidates
[2026-10-05 04:37:16.752] [info] [stationary.cpp:264] NN: cost=280.033913, feasible=true, active_stations=1
[2026-10-05 04:37:16.752] [info] [candidate.cpp:199] InstancePrecompute: built 25 candidates
[2026-10-05 04:37:16.752] [info] [stationary.cpp:264] NN: cost=29.449035, feasible=true, active_stations=1
[2026-10-05 04:37:16.752] [info] [candidate.cpp:199] InstancePrecompute: built 25 candidates
[2026-10-05 04:37:16.752] [info] [stationary.cpp:264] NN: cost=18.697365, feasible=true, active_stations=1
[2026-10-05 04:37:16.752] [info] [candidate.cpp:199] InstancePrecompute: built 25 candidates
[2026-10-05 04:37:16.752] [info] [stationary.cpp:264] NN: cost=833.076510, feasible=true, active_stations=1
[2026-10-05 04:37:16.752] [info] [candidate.cpp:199] InstancePrecompute: built 25 candidates
[2026-10-05 04:37:16.752] [info] [stationary.cpp:264] NN: cost=586.037049, feasible=true, active_stations=1
[2026-10-05 04:37:16.752] [info] [candidate.cpp:199] InstancePrecompute: built 25 candidates
[2026-10-05 04:37:16.752] [info] [stationary.cpp:264] NN: cost=544.984966, feasible=true, active_stations=1
[2026-10-05 04:37:16.752] [info] [candidate.cpp:199] InstancePrecompute: built 25 candidates
[2026-10-05 04:37:16.752] [info] [stationary.cpp:264] NN: cost=298.990005, feasible=true, active_stations=1
[2026-10-05 04:37:16.752] [info] [candidate.cpp:199] InstancePrecompute: built 25 candidates
[2026-10-05 04:37:16.752] [info] [stationary.cpp:264] NN: cost=126.706780, feasible=true, active_stations=1
[2026-10-05 04:37:16.752] [info] [candidate.cpp:199] InstancePrecompute: built 75 candidates
[2026-10-05 04:37:16.752] [info] [stationary.cpp:264] NN: cost=143.177822, feasible=true, active_stations=1
[2026-10-05 04:37:16.752] [info] [candidate.cpp:199] InstancePrecompute: built 25 candidates
[2026-10-05 04:37:16.752] [info] [stationary.cpp:264] NN: cost=280.033913, feasible=true, active_stations=1
[2026-10-05 04:37:16.752] [info] [candidate.cpp:199] InstancePrecompute: built 25 candidates
[2026-10-05 04:37:16.752] [info] [stationary.cpp:264] NN: cost=29.449035, feasible=true, active_stations=1
[2026-10-05 04:37:16.752] [info] [candidate.cpp:199] InstancePrecompute: built 25 candidates
[2026-10-05 04:37:16.752] [info] [stationary.cpp:264] NN: cost=18.697365, feasible=true, active_stations=1
[2026-10-05 04:37:16.752] [info] [candidate.cpp:199] InstancePrecompute: built 25 candidates
[2026-10-05 04:37:16.752] [info] [stationary.cpp:264] NN: cost=833.076510, feasible=true, active_stations=1
[2026-10-05 04:37:16.752] [info] [candidate.cpp:199] InstancePrecompute: built 25 candidates
[2026-10-05 04:37:16.752] [info] [stationary.cpp:264] NN: cost=586.037049, feasible=true, active_stations=1
[2026-10-05 04:37:16.752] [info] [candidate.cpp:199] InstancePrecompute: built 25 candidates
[2026-10-05 04:37:16.752] [info] [stationary.cpp:264] NN: cost=544.984966, feasible=true, active_stations=1
[2026-10-05 04:37:16.752] [info] [candidate.cpp:199] InstancePrecompute: built 25 candidates
[2026-10-05 04:37:16.752] [info] [stationary.cpp:264] NN: cost=298.990005, feasible=true, active_stations=1
[2026-10-05 04:37:16.752] [info] [candidate.cpp:199] InstancePrecompute: built 25 candidates
[2026-10-05 04:37:16.752] [info] [stationary.cpp:264] NN: cost=126.706780, feasible=true, active_stations=1
[2026-10-05 04:37:16.752] [info] [candidate.cpp:199] InstancePrecompute: built 50 candidates
[2026-10-05 04:37:16.752] [info] [stationary.cpp:264] NN: cost=143.177822, feasible=true, active_stations=1
[2026-10-05 04:37:16.752] [info] [candidate.cpp:199] InstancePrecompute: built 25 candidates
[2026-10-05 04:37:16.752] [info] [stationary.cpp:264] NN: cost=106.907900, feasible=true, active_stations=1
[2026-10-05 04:37:16.752] [info] [candidate.cpp:199] InstancePrecompute: built 25 candidates
[2026-10-05 04:37:16.752] [info] [stationary.cpp:264] NN: cost=280.033913, feasible=true, active_stations=1
[2026-10-05 04:37:16.752] [info] [candidate.cpp:199] InstancePrecompute: built 50 candidates
[2026-10-05 04:37:16.752] [info] [stationary.cpp:264] NN: cost=48.146400, feasible=true, active_stations=2
[2026-10-05 04:37:16.752] [info] [candidate.cpp:199] InstancePrecompute: built 25 candidates
[2026-10-05 04:37:16.752] [info] [stationary.cpp:264] NN: cost=833.076510, feasible=true, active_stations=1
[2026-10-05 04:37:16.752] [info] [candidate.cpp:199] InstancePrecompute: built 25 candidates
[2026-10-05 04:37:16.752] [info] [stationary.cpp:264] NN: cost=586.037049, feasible=true, active_stations=1
[2026-10-05 04:37:16.752] [info] [candidate.cpp:199] InstancePrecompute: built 25 candidates
[2026-10-05 04:37:16.752] [info] [stationary.cpp:264] NN: cost=544.984966, feasible=true, active_stations=1
[2026-10-05 04:37:16.752] [info] [candidate.cpp:199] InstancePrecompute: built 25 candidates
[2026-10-05 04:37:16.752] [info] [stationary.cpp:264] NN: cost=298.990005, feasible=true, active_stations=1
[2026-10-05 04:37:16.752] [info] [candidate.cpp:199] InstancePrecompute: built 25 candidates
[2026-10-05 04:37:16.752] [info] [stationary.cpp:264] NN: cost=126.706780, feasible=true, active_stations=1
[2026-10-05 04:37:16.752] [info] [candidate.cpp:199] InstancePrecompute: built 50 candidates
[2026-10-05 04:37:16.752] [info] [stationary.cpp:264] NN: cost=143.177822, feasible=true, active_stations=1
[2026-10-05 04:37:16.752] [info] [candidate.cpp:199] InstancePrecompute: built 25 candidates
[2026-10-05 04:37:16.752] [info] [stationary.cpp:264] NN: cost=106.907900, feasible=true, active_stations=1
[2026-10-05 04:37:16.752] [info] [candidate.cpp:199] InstancePrecompute: built 25 candidates
[2026-10-05 04:37:16.752] [info] [stationary.cpp:264] NN: cost=280.033913, feasible=true, active_stations=1
[2026-10-05 04:37:16.752] [info] [candidate.cpp:199] InstancePrecompute: built 50 candidates
[2026-10-05 04:37:16.752] [info] [stationary.cpp:264] NN: cost=48.146400, feasible=true, active_stations=2
[2026-10-05 04:37:16.752] [info] [candidate.cpp:199] InstancePrecompute: built 25 candidates
[2026-10-05 04:37:16.752] [info] [stationary.cpp:264] NN: cost=833.076510, feasible=true, active_stations=1
[2026-10-05 04:37:16.752] [info] [candidate.cpp:199] InstancePrecompute: built 25 candidates
[2026-10-05 04:37:16.752] [info] [stationary.cpp:264] NN: cost=586.037049, feasible=true, active_stations=1
[2026-10-05 04:37:16.752] [info] [candidate.cpp:199] InstancePrecompute: built 25 candidates
[2026-10-05 04:37:16.752] [info] [stationary.cpp:264] NN: cost=544.984966, feasible=true, active_stations=1
[2026-10-05 04:37:16.752] [info] [candidate.cpp:199] InstancePrecompute: built 25 candidates
[2026-10-05 04:37:16.752] [info] [stationary.cpp:264] NN: cost=298.990005, feasible=true, active_stations=1
[2026-10-05 04:37:16.752] [info] [candidate.cpp:199] InstancePrecompute: built 25 candidates
[2026-10-05 04:37:16.752] [info] [stationary.cpp:264] NN: cost=126.706780, feasible=true, active_stations=1
[2026-10-05 04:37:16.752] [info] [candidate.cpp:199] InstancePrecompute: built 25 candidates
[2026-10-05 04:37:16.752] [info] [stationary.cpp:264] NN: cost=72.483971, feasible=true, active_stations=1
[2026-10-05 04:37:16.752] [info] [candidate.cpp:199] InstancePrecompute: built 50 candidates
[2026-10-05 04:37:16.752] [info] [stationary.cpp:264] NN: cost=143.177822, feasible=true, active_stations=1
[2026-10-05 04:37:16.752] [info] [candidate.cpp:199] InstancePrecompute: built 25 candidates
[2026-10-05 04:37:16.752] [info] [stationary.cpp:264] NN: cost=280.033913, feasible=true, active_stations=1
[2026-10-05 04:37:16.752] [info] [candidate.cpp:199] InstancePrecompute: built 50 candidates
[2026-10-05 04:37:16.752] [info] [stationary.cpp:264] NN: cost=48.146400, feasible=true, active_stations=2
[2026-10-05 04:37:16.752] [info] [candidate.cpp:199] InstancePrecompute: built 25 candidates
[2026-10-05 04:37:16.752] [info] [stationary.cpp:264] NN: cost=833.076510, feasible=true, active_stations=1
[2026-10-05 04:37:16.752] [info] [candidate.cpp:199] InstancePrecompute: built 25 candidates
[2026-10-05 04:37:16.752] [info] [stationary.cpp:264] NN: cost=586.037049, feasible=true, active_stations=1
[2026-10-05 04:37:16.752] [info] [candidate.cpp:199] InstancePrecompute: built 25 candidates
[2026-10-05 04:37:16.752] [info] [stationary.cpp:264] NN: cost=544.984966, feasible=true, active_stations=1
[2026-10-05 04:37:16.752] [info] [candidate.cpp:199] InstancePrecompute: built 25 candidates
[2026-10-05 04:37:16.752] [info] [stationary.cpp:264] NN: cost=298.990005, feasible=true, active_stations=1
[2026-10-05 04:37:16.752] [info] [candidate.cpp:199] InstancePrecompute: built 25 candidates
[2026-10-05 04:37:16.752] [info] [stationary.cpp:264] NN: cost=126.706780, feasible=true, active_stations=1
[2026-10-05 04:37:16.752] [info] [candidate.cpp:199] InstancePrecompute: built 75 candidates
[2026-10-05 04:37:16.752] [info] [stationary.cpp:264] NN: cost=143.177822, feasible=true, active_stations=1
[2026-10-05 04:37:16.752] [info] [candidate.cpp:199] InstancePrecompute: built 25 candidates
[2026-10-05 04:37:16.752] [info] [stationary.cpp:264] NN: cost=280.033913, feasible=true, active_stations=1
[2026-10-05 04:37:16.752] [info] [candidate.cpp:199] InstancePrecompute: built 50 candidates
[2026-10-05 04:37:16.752] [info] [stationary.cpp:264] NN: cost=48.146400, feasible=true, active_stations=2
[2026-10-05 04:37:16.752] [info] [candidate.cpp:199] InstancePrecompute: built 25 candidates
[2026-10-05 04:37:16.752] [info] [stationary.cpp:264] NN: cost=833.076510, feasible=true, active_stations=1
[2026-10-05 04:37:16.752] [info] [candidate.cpp:199] InstancePrecompute: built 25 candidates
[2026-10-05 04:37:16.752] [info] [stationary.cpp:264] NN: cost=586.037049, feasible=true, active_stations=1
[2026-10-05 04:37:16.752] [info] [candidate.cpp:199] InstancePrecompute: built 25 candidates
[2026-10-05 04:37:16.752] [info] [stationary.cpp:264] NN: cost=544.984966, feasible=true, active_stations=1
[2026-10-05 04:37:16.752] [info] [candidate.cpp:199] InstancePrecompute: built 25 candidates
[2026-10-05 04:37:16.752] [info] [stationary.cpp:264] NN: cost=298.990005, feasible=true, active_stations=1
[2026-10-05 04:37:16.752] [info] [candidate.cpp:199] InstancePrecompute: built 25 candidates
[2026-10-05 04:37:16.752] [info] [stationary.cpp:264] NN: cost=126.706780, feasible=true, active_stations=1
[2026-10-05 04:37:16.752] [info] [candidate.cpp:199] InstancePrecompute: built 75 candidates
[2026-10-05 04:37:16.752] [info] [stationary.cpp:264] NN: cost=143.177822, feasible=true, active_stations=1
[2026-10-05 04:37:16.752] [info] [candidate.cpp:199] InstancePrecompute: built 25 candidates
[2026-10-05 04:37:16.752] [info] [stationary.cpp:264] NN: cost=280.033913, feasible=true, active_stations=1
[2026-10-05 04:37:16.752] [info] [candidate.cpp:199] InstancePrecompute: built 25 candidates
[2026-10-05 04:37:16.752] [info] [stationary.cpp:264] NN: cost=29.449035, feasible=true, active_stations=1
[2026-10-05 04:37:16.752] [info] [candidate.cpp:199] InstancePrecompute: built 25 candidates
[2026-10-05 04:37:16.752] [info] [stationary.cpp:264] NN: cost=18.697365, feasible=true, active_stations=1
[2026-10-05 04:37:16.752] [info] [candidate.cpp:199] InstancePrecompute: built 25 candidates
[2026-10-05 04:37:16.752] [info] [stationary.cpp:264] NN: cost=833.076510, feasible=true, active_stations=1
[2026-10-05 04:37:16.752] [info] [candidate.cpp:199] InstancePrecompute: built 25 candidates
[2026-10-05 04:37:16.752] [info] [stationary.cpp:264] NN: cost=586.037049, feasible=true, active_stations=1
[2026-10-05 04:37:16.752] [info] [candidate.cpp:199] InstancePrecompute: built 25 candidates
[2026-10-05 04:37:16.752] [info] [stationary.cpp:264] NN: cost=544.984966, feasible=true, active_stations=1
[2026-10-05 04:37:16.752] [info] [candidate.cpp:199] InstancePrecompute: built 25 candidates
[2026-10-05 04:37:16.752] [info] [stationary.cpp:264] NN: cost=298.990005, feasible=true, active_stations=1
[2026-10-05 04:37:16.752] [info] [candidate.cpp:199] InstancePrecompute: built 25 candidates
[2026-10-05 04:37:16.752] [info] [stationary.cpp:264] NN: cost=126.706780, feasible=true, active_stations=1
[2026-10-05 04:37:16.752] [info] [candidate.cpp:199] InstancePrecompute: built 75 candidates
[2026-10-05 04:37:16.752] [info] [stationary.cpp:264] NN: cost=143.177822, feasible=true, active_stations=1
[2026-10-05 04:37:16.752] [info] [candidate.cpp:199] InstancePrecompute: built 25 candidates
[2026-10-05 04:37:16.752] [info] [stationary.cpp:264] NN: cost=280.033913, feasible=true, active_stations=1
[2026-10-05 04:37:16.752] [info] [candidate.cpp:199] InstancePrecompute: built 25 candidates
[2026-10-05 04:37:16.752] [info] [stationary.cpp:264] NN: cost=29.449035, feasible=true, active_stations=1
[2026-10-05 04:37:16.752] [info] [candidate.cpp:199] InstancePrecompute: built 25 candidates
[2026-10-05 04:37:16.752] [info] [stationary.cpp:264] NN: cost=18.697365, feasible=true, active_stations=1
[2026-10-05 04:37:16.752] [info] [candidate.cpp:199] InstancePrecompute: built 25 candidates
[2026-10-05 04:37:16.752] [info] [stationary.cpp:264] NN: cost=833.076510, feasible=true, active_stations=1
[2026-10-05 04:37:16.752] [info] [candidate.cpp:199] InstancePrecompute: built 25 candidates
[2026-10-05 04:37:16.752] [info] [stationary.cpp:264] NN: cost=586.037049, feasible=true, active_stations=1
[2026-10-05 04:37:16.752] [info] [candidate.cpp:199] InstancePrecompute: built 25 candidates
[2026-10-05 04:37:16.752] [info] [stationary.cpp:264] NN: cost=544.984966, feasible=true, active_stations=1
[2026-10-05 04:37:16.752] [info] [candidate.cpp:199] InstancePrecompute: built 25 candidates
[2026-10-05 04:37:16.752] [info] [stationary.cpp:264] NN: cost=298.990005, feasible=true, active_stations=1
[2026-10-05 04:37:16.752] [info] [candidate.cpp:199] InstancePrecompute: built 25 candidates
[2026-10-05 04:37:16.752] [info] [stationary.cpp:264] NN: cost=126.706780, feasible=true, active_stations=1
[2026-10-05 04:37:16.752] [info] [candidate.cpp:199] InstancePrecompute: built 75 candidates
[2026-10-05 04:37:16.752] [info] [stationary.cpp:264] NN: cost=143.177822, feasible=true, active_stations=1
[2026-10-05 04:37:16.752] [info] [candidate.cpp:199] InstancePrecompute: built 25 candidates
[2026-10-05 04:37:16.752] [info] [stationary.cpp:264] NN: cost=280.033913, feasible=true, active_stations=1
[2026-10-05 04:37:16.752] [info] [candidate.cpp:199] InstancePrecompute: built 25 candidates
[2026-10-05 04:37:16.752] [info] [stationary.cpp:264] NN: cost=29.449035, feasible=true, active_stations=1
[2026-10-05 04:37:16.752] [info] [candidate.cpp:199] InstancePrecompute: built 25 candidates
[2026-10-05 04:37:16.752] [info] [stationary.cpp:264] NN: cost=18.697365, feasible=true, active_stations=1
[2026-10-05 04:37:16.752] [info] [candidate.cpp:199] InstancePrecompute: built 25 candidates
[2026-10-05 04:37:16.752] [info] [stationary.cpp:264] NN: cost=833.076510, feasible=true, active_stations=1
[2026-10-05 04:37:16.752] [info] [candidate.cpp:199] InstancePrecompute: built 25 candidates
[2026-10-05 04:37:16.752] [info] [stationary.cpp:264] NN: cost=586.037049, feasible=true, active_stations=1
[2026-10-05 04:37:16.752] [info] [candidate.cpp:199] InstancePrecompute: built 25 candidates
[2026-10-05 04:37:16.752] [info] [stationary.cpp:264] NN: cost=544.984966, feasible=true, active_stations=1
[2026-10-05 04:37:16.752] [info] [candidate.cpp:199] InstancePrecompute: built 25 candidates
[2026-10-05 04:37:16.752] [info] [stationary.cpp:264] NN: cost=298.990005, feasible=true, active_stations=1
[2026-10-05 04:37:16.752] [info] [candidate.cpp:199] InstancePrecompute: built 25 candidates
[2026-10-05 04:37:16.752] [info] [stationary.cpp:264] NN: cost=126.706780, feasible=true, active_stations=1
[2026-10-05 04:37:16.752] [info] [candidate.cpp:199] InstancePrecompute: built 50 candidates
[2026-10-05 04:37:16.752] [info] [stationary.cpp:264] NN: cost=143.177822, feasible=true, active_stations=1
[2026-10-05 04:37:16.752] [info] [candidate.cpp:199] InstancePrecompute: built 25 candidates
[2026-10-05 04:37:16.752] [info] [stationary.cpp:264] NN: cost=106.907900, feasible=true, active_stations=1
[2026-10-05 04:37:16.752] [info] [candidate.cpp:199] InstancePrecompute: built 25 candidates
[2026-10-05 04:37:16.752] [info] [stationary.cpp:264] NN: cost=280.033913, feasible=true, active_stations=1
[2026-10-05 04:37:16.752] [info] [candidate.cpp:199] InstancePrecompute: built 50 candidates
[2026-10-05 04:37:16.752] [info] [stationary.cpp:264] NN: cost=48.146400, feasible=true, active_stations=2
[2026-10-05 04:37:16.752] [info] [candidate.cpp:199] InstancePrecompute: built 25 candidates
[2026-10-05 04:37:16.752] [info] [stationary.cpp:264] NN: cost=833.076510, feasible=true, active_stations=1
[2026-10-05 04:37:16.752] [info] [candidate.cpp:199] InstancePrecompute: built 25 candidates
[2026-10-05 04:37:16.752] [info] [stationary.cpp:264] NN: cost=586.037049, feasible=true, active_stations=1
[2026-10-05 04:37:16.752] [info] [candidate.cpp:199] InstancePrecompute: built 25 candidates
[2026-10-05 04:37:16.752] [info] [stationary.cpp:264] NN: cost=544.984966, feasible=true, active_stations=1
[2026-10-05 04:37:16.752] [info] [candidate.cpp:199] InstancePrecompute: built 25 candidates
[2026-10-05 04:37:16.752] [info] [stationary.cpp:264] NN: cost=298.990005, feasible=true, active_stations=1
[2026-10-05 04:37:16.752] [info] [candidate.cpp:199] InstancePrecompute: built 25 candidates
[2026-10-05 04:37:16.752] [info] [stationary.cpp:264] NN: cost=126.706780, feasible=true, active_stations=1
[2026-10-05 04:37:16.752] [info] [candidate.cpp:199] InstancePrecompute: built 50 candidates
[2026-10-05 04:37:16.752] [info] [stationary.cpp:264] NN: cost=143.177822, feasible=true, active_stations=1
[2026-10-05 04:37:16.752] [info] [candidate.cpp:199] InstancePrecompute: built 25 candidates
[2026-10-05 04:37:16.752] [info] [stationary.cpp:264] NN: cost=106.907900, feasible=true, active_stations=1
[2026-10-05 04:37:16.752] [info] [candidate.cpp:199] InstancePrecompute: built 25 candidates
[2026-10-05 04:37:16.752] [info] [stationary.cpp:264] NN: cost=280.033913, feasible=true, active_stations=1
[2026-10-05 04:37:16.752] [info] [candidate.cpp:199] InstancePrecompute: built 50 candidates
[2026-10-05 04:37:16.752] [info] [stationary.cpp:264] NN: cost=48.146400, feasible=true, active_stations=2
[2026-10-05 04:37:16.752] [info] [candidate.cpp:199] InstancePrecompute: built 25 candidates
[2026-10-05 04:37:16.752] [info] [stationary.cpp:264] NN: cost=833.076510, feasible=true, active_stations=1
[2026-10-05 04:37:16.752] [info] [candidate.cpp:199] InstancePrecompute: built 25 candidates
[2026-10-05 04:37:16.752] [info] [stationary.cpp:264] NN: cost=586.037049, feasible=true, active_stations=1
[2026-10-05 04:37:16.752] [info] [candidate.cpp:199] InstancePrecompute: built 25 candidates
[2026-10-05 04:37:16.752] [info] [stationary.cpp:264] NN: cost=544.984966, feasible=true, active_stations=1
[2026-10-05 04:37:16.752] [info] [candidate.cpp:199] InstancePrecompute: built 25 candidates
[2026-10-05 04:37:16.752] [info] [stationary.cpp:264] NN: cost=298.990005, feasible=true, active_stations=1
[2026-10-05 04:37:16.752] [info] [candidate.cpp:199] InstancePrecompute: built 25 candidates
[2026-10-05 04:37:16.752] [info] [stationary.cpp:264] NN: cost=126.706780, feasible=true, active_stations=1
[2026-10-05 04:37:16.752] [info] [candidate.cpp:199] InstancePrecompute: built 25 candidates
[2026-10-05 04:37:16.752] [info] [stationary.cpp:264] NN: cost=72.483971, feasible=true, active_stations=1
[2026-10-05 04:37:16.752] [info] [candidate.cpp:199] InstancePrecompute: built 50 candidates
[2026-10-05 04:37:16.752] [info] [stationary.cpp:264] NN: cost=143.177822, feasible=true, active_stations=1
[2026-10-05 04:37:16.752] [info] [candidate.cpp:199] InstancePrecompute: built 25 candidates
[2026-10-05 04:37:16.752] [info] [stationary.cpp:264] NN: cost=280.033913, feasible=true, active_stations=1
[2026-10-05 04:37:16.752] [info] [candidate.cpp:199] InstancePrecompute: built 50 candidates
[2026-10-05 04:37:16.752] [info] [stationary.cpp:264] NN: cost=48.146400, feasible=true, active_stations=2
[2026-10-05 04:37:16.752] [info] [candidate.cpp:199] InstancePrecompute: built 25 candidates
[2026-10-05 04:37:16.752] [info] [stationary.cpp:264] NN: cost=833.076510, feasible=true, active_stations=1
[2026-10-05 04:37:16.752] [info] [candidate.cpp:199] InstancePrecompute: built 25 candidates
[2026-10-05 04:37:16.752] [info] [stationary.cpp:264] NN: cost=586.037049, feasible=true, active_stations=1
[2026-10-05 04:37:16.752] [info] [candidate.cpp:199] InstancePrecompute: built 25 candidates
[2026-10-05 04:37:16.752] [info] [stationary.cpp:264] NN: cost=544.984966, feasible=true, active_stations=1
[2026-10-05 04:37:16.752] [info] [candidate.cpp:199] InstancePrecompute: built 25 candidates
[2026-10-05 04:37:16.752] [info] [stationary.cpp:264] NN: cost=298.990005, feasible=true, active_stations=1
[2026-10-05 04:37:16.752] [info] [candidate.cpp:199] InstancePrecompute: built 25 candidates
[2026-10-05 04:37:16.752] [info] [stationary.cpp:264] NN: cost=126.706780, feasible=true, active_stations=1
[2026-10-05 04:37:16.752] [info] [candidate.cpp:199] InstancePrecompute: built 75 candidates
[2026-10-05 04:37:16.752] [info] [stationary.cpp:264] NN: cost=143.177822, feasible=true, active_stations=1
[2026-10-05 04:37:16.752] [info] [candidate.cpp:199] InstancePrecompute: built 25 candidates
[2026-10-05 04:37:16.752] [info] [stationary.cpp:264] NN: cost=280.033913, feasible=true, active_stations=1
[2026-10-05 04:37:16.752] [info] [candidate.cpp:199] InstancePrecompute: built 50 candidates
[2026-10-05 04:37:16.752] [info] [stationary.cpp:264] NN: cost=48.146400, feasible=true, active_stations=2
[2026-10-05 04:37:16.752] [info] [candidate.cpp:199] InstancePrecompute: built 25 candidates
[2026-10-05 04:37:16.752] [info] [stationary.cpp:264] NN: cost=833.076510, feasible=true, active_stations=1
[2026-10-05 04:37:16.752] [info] [candidate.cpp:199] InstancePrecompute: built 25 candidates
[2026-10-05 04:37:16.752] [info] [stationary.cpp:264] NN: cost=586.037049, feasible=true, active_stations=1
[2026-10-05 04:37:16.753] [info] [candidate.cpp:199] InstancePrecompute: built 25 candidates
[2026-10-05 04:37:16.753] [info] [stationary.cpp:264] NN: cost=544.984966, feasible=true, active_stations=1
[2026-10-05 04:37:16.753] [info] [candidate.cpp:199] InstancePrecompute: built 25 candidates
[2026-10-05 04:37:16.753] [info] [stationary.cpp:264] NN: cost=298.990005, feasible=true, active_stations=1
[2026-10-05 04:37:16.753] [info] [candidate.cpp:199] InstancePrecompute: built 25 candidates
[2026-10-05 04:37:16.753] [info] [stationary.cpp:264] NN: cost=126.706780, feasible=true, active_stations=1
[2026-10-05 04:37:16.753] [info] [candidate.cpp:199] InstancePrecompute: built 50 candidates
[2026-10-05 04:37:16.753] [info] [stationary.cpp:264] NN: cost=106.907900, feasible=true, active_stations=1
[2026-10-05 04:37:16.753] [info] [candidate.cpp:199] InstancePrecompute: built 50 candidates
[2026-10-05 04:37:16.753] [info] [stationary.cpp:264] NN: cost=423.211735, feasible=true, active_stations=2
[2026-10-05 04:37:16.753] [info] [candidate.cpp:199] InstancePrecompute: built 25 candidates
[2026-10-05 04:37:16.753] [info] [stationary.cpp:264] NN: cost=29.449035, feasible=true, active_stations=1
[2026-10-05 04:37:16.753] [info] [candidate.cpp:199] InstancePrecompute: built 25 candidates
[2026-10-05 04:37:16.753] [info] [stationary.cpp:264] NN: cost=18.697365, feasible=true, active_stations=1
[2026-10-05 04:37:16.753] [info] [candidate.cpp:199] InstancePrecompute: built 25 candidates
[2026-10-05 04:37:16.753] [info] [stationary.cpp:264] NN: cost=833.076510, feasible=true, active_stations=1
[2026-10-05 04:37:16.753] [info] [candidate.cpp:199] InstancePrecompute: built 25 candidates
[2026-10-05 04:37:16.753] [info] [stationary.cpp:264] NN: cost=586.037049, feasible=true, active_stations=1
[2026-10-05 04:37:16.753] [info] [candidate.cpp:199] InstancePrecompute: built 25 candidates
[2026-10-05 04:37:16.753] [info] [stationary.cpp:264] NN: cost=544.984966, feasible=true, active_stations=1
[2026-10-05 04:37:16.753] [info] [candidate.cpp:199] InstancePrecompute: built 25 candidates
[2026-10-05 04:37:16.753] [info] [stationary.cpp:264] NN: cost=298.990005, feasible=true, active_stations=1
[2026-10-05 04:37:16.753] [info] [candidate.cpp:199] InstancePrecompute: built 25 candidates
[2026-10-05 04:37:16.753] [info] [stationary.cpp:264] NN: cost=126.706780, feasible=true, active_stations=1
[2026-10-05 04:37:16.753] [info] [candidate.cpp:199] InstancePrecompute: built 50 candidates
[2026-10-05 04:37:16.753] [info] [stationary.cpp:264] NN: cost=106.907900, feasible=true, active_stations=1
[2026-10-05 04:37:16.753] [info] [candidate.cpp:199] InstancePrecompute: built 50 candidates
[2026-10-05 04:37:16.753] [info] [stationary.cpp:264] NN: cost=423.211735, feasible=true, active_stations=2
[2026-10-05 04:37:16.753] [info] [candidate.cpp:199] InstancePrecompute: built 25 candidates
[2026-10-05 04:37:16.753] [info] [stationary.cpp:264] NN: cost=29.449035, feasible=true, active_stations=1
[2026-10-05 04:37:16.753] [info] [candidate.cpp:199] InstancePrecompute: built 25 candidates
[2026-10-05 04:37:16.753] [info] [stationary.cpp:264] NN: cost=18.697365, feasible=true, active_stations=1
[2026-10-05 04:37:16.753] [info] [candidate.cpp:199] InstancePrecompute: built 25 candidates
[2026-10-05 04:37:16.753] [info] [stationary.cpp:264] NN: cost=833.076510, feasible=true, active_stations=1
[2026-10-05 04:37:16.753] [info] [candidate.cpp:199] InstancePrecompute: built 25 candidates
[2026-10-05 04:37:16.753] [info] [stationary.cpp:264] NN: cost=586.037049, feasible=true, active_stations=1
[2026-10-05 04:37:16.753] [info] [candidate.cpp:199] InstancePrecompute: built 25 candidates
[2026-10-05 04:37:16.753] [info] [stationary.cpp:264] NN: cost=544.984966, feasible=true, active_stations=1
[2026-10-05 04:37:16.753] [info] [candidate.cpp:199] InstancePrecompute: built 25 candidates
[2026-10-05 04:37:16.753] [info] [stationary.cpp:264] NN: cost=298.990005, feasible=true, active_stations=1
[2026-10-05 04:37:16.753] [info] [candidate.cpp:199] InstancePrecompute: built 25 candidates
[2026-10-05 04:37:16.753] [info] [stationary.cpp:264] NN: cost=126.706780, feasible=true, active_stations=1
[2026-10-05 04:37:16.753] [info] [candidate.cpp:199] InstancePrecompute: built 50 candidates
[2026-10-05 04:37:16.753] [info] [stationary.cpp:264] NN: cost=106.907900, feasible=true, active_stations=1
[2026-10-05 04:37:16.753] [info] [candidate.cpp:199] InstancePrecompute: built 50 candidates
[2026-10-05 04:37:16.753] [info] [stationary.cpp:264] NN: cost=423.211735, feasible=true, active_stations=2
[2026-10-05 04:37:16.753] [info] [candidate.cpp:199] InstancePrecompute: built 25 candidates
[2026-10-05 04:37:16.753] [info] [stationary.cpp:264] NN: cost=29.449035, feasible=true, active_stations=1
[2026-10-05 04:37:16.753] [info] [candidate.cpp:199] InstancePrecompute: built 25 candidates
[2026-10-05 04:37:16.753] [info] [stationary.cpp:264] NN: cost=18.697365, feasible=true, active_stations=1
[2026-10-05 04:37:16.753] [info] [candidate.cpp:199] InstancePrecompute: built 25 candidates
[2026-10-05 04:37:16.753] [info] [stationary.cpp:264] NN: cost=833.076510, feasible=true, active_stations=1
[2026-10-05 04:37:16.753] [info] [candidate.cpp:199] InstancePrecompute: built 25 candidates
[2026-10-05 04:37:16.753] [info] [stationary.cpp:264] NN: cost=586.037049, feasible=true, active_stations=1
[2026-10-05 04:37:16.753] [info] [candidate.cpp:199] InstancePrecompute: built 25 candidates
[2026-10-05 04:37:16.753] [info] [stationary.cpp:264] NN: cost=544.984966, feasible=true, active_stations=1
[2026-10-05 04:37:16.753] [info] [candidate.cpp:199] InstancePrecompute: built 25 candidates
[2026-10-05 04:37:16.753] [info] [stationary.cpp:264] NN: cost=298.990005, feasible=true, active_stations=1
[2026-10-05 04:37:16.753] [info] [candidate.cpp:199] InstancePrecompute: built 25 candidates
[2026-10-05 04:37:16.753] [info] [stationary.cpp:264] NN: cost=126.706780, feasible=true, active_stations=1
[2026-10-05 04:37:16.753] [info] [candidate.cpp:199] InstancePrecompute: built 25 candidates
[2026-10-05 04:37:16.753] [info] [stationary.cpp:264] NN: cost=72.483971, feasible=true, active_stations=1
[2026-10-05 04:37:16.753] [info] [candidate.cpp:199] InstancePrecompute: built 25 candidates
[2026-10-05 04:37:16.753] [info] [stationary.cpp:264] NN: cost=106.907900, feasible=true, active_stations=1
[2026-10-05 04:37:16.753] [info] [candidate.cpp:199] InstancePrecompute: built 50 candidates
[2026-10-05 04:37:16.753] [info] [stationary.cpp:264] NN: cost=423.211735, feasible=true, active_stations=2
[2026-10-05 04:37:16.753] [info] [candidate.cpp:199] InstancePrecompute: built 50 candidates
[2026-10-05 04:37:16.753] [info] [stationary.cpp:264] NN: cost=48.146400, feasible=true, active_stations=2
[2026-10-05 04:37:16.753] [info] [candidate.cpp:199] InstancePrecompute: built 25 candidates
[2026-10-05 04:37:16.753] [info] [stationary.cpp:264] NN: cost=833.076510, feasible=true, active_stations=1
[2026-10-05 04:37:16.753] [info] [candidate.cpp:199] InstancePrecompute: built 25 candidates
[2026-10-05 04:37:16.753] [info] [stationary.cpp:264] NN: cost=586.037049, feasible=true, active_stations=1
[2026-10-05 04:37:16.753] [info] [candidate.cpp:199] InstancePrecompute: built 25 candidates
[2026-10-05 04:37:16.753] [info] [stationary.cpp:264] NN: cost=544.984966, feasible=true, active_stations=1
[2026-10-05 04:37:16.753] [info] [candidate.cpp:199] InstancePrecompute: built 25 candidates
[2026-10-05 04:37:16.753] [info] [stationary.cpp:264] NN: cost=298.990005, feasible=true, active_stations=1
[2026-10-05 04:37:16.753] [info] [candidate.cpp:199] InstancePrecompute: built 25 candidates
[2026-10-05 04:37:16.753] [info] [stationary.cpp:264] NN: cost=126.706780, feasible=true, active_stations=1
[2026-10-05 04:37:16.753] [info] [candidate.cpp:199] InstancePrecompute: built 25 candidates
[2026-10-05 04:37:16.753] [info] [stationary.cpp:264] NN: cost=72.483971, feasible=true, active_stations=1
[2026-10-05 04:37:16.753] [info] [candidate.cpp:199] InstancePrecompute: built 25 candidates
[2026-10-05 04:37:16.753] [info] [stationary.cpp:264] NN: cost=106.907900, feasible=true, active_stations=1
[2026-10-05 04:37:16.753] [info] [candidate.cpp:199] InstancePrecompute: built 50 candidates
[2026-10-05 04:37:16.753] [info] [stationary.cpp:264] NN: cost=423.211735, feasible=true, active_stations=2
[2026-10-05 04:37:16.753] [info] [candidate.cpp:199] InstancePrecompute: built 50 candidates
[2026-10-05 04:37:16.753] [info] [stationary.cpp:264] NN: cost=48.146400, feasible=true, active_stations=2
[2026-10-05 04:37:16.753] [info] [candidate.cpp:199] InstancePrecompute: built 25 candidates
[2026-10-05 04:37:16.753] [info] [stationary.cpp:264] NN: cost=833.076510, feasible=true, active_stations=1
[2026-10-05 04:37:16.753] [info] [candidate.cpp:199] InstancePrecompute: built 25 candidates
[2026-10-05 04:37:16.753] [info] [stationary.cpp:264] NN: cost=586.037049, feasible=true, active_stations=1
[2026-10-05 04:37:16.753] [info] [candidate.cpp:199] InstancePrecompute: built 25 candidates
[2026-10-05 04:37:16.753] [info] [stationary.cpp:264] NN: cost=544.984966, feasible=true, active_stations=1
[2026-10-05 04:37:16.753] [info] [candidate.cpp:199] InstancePrecompute: built 25 candidates
[2026-10-05 04:37:16.753] [info] [stationary.cpp:264] NN: cost=298.990005, feasible=true, active_stations=1
[2026-10-05 04:37:16.753] [info] [candidate.cpp:199] InstancePrecompute: built 25 candidates
[2026-10-05 04:37:16.753] [info] [stationary.cpp:264] NN: cost=126.706780, feasible=true, active_stations=1
[2026-10-05 04:37:16.753] [info] [candidate.cpp:199] InstancePrecompute: built 25 candidates
[2026-10-05 04:37:16.753] [info] [stationary.cpp:264] NN: cost=72.483971, feasible=true, active_stations=1
[2026-10-05 04:37:16.753] [info] [candidate.cpp:199] InstancePrecompute: built 25 candidates
[2026-10-05 04:37:16.753] [info] [stationary.cpp:264] NN: cost=106.907900, feasible=true, active_stations=1
[2026-10-05 04:37:16.753] [info] [candidate.cpp:199] InstancePrecompute: built 25 candidates
[2026-10-05 04:37:16.753] [info] [stationary.cpp:264] NN: cost=280.033913, feasible=true, active_stations=1
[2026-10-05 04:37:16.753] [info] [candidate.cpp:199] InstancePrecompute: built 25 candidates
[2026-10-05 04:37:16.753] [info] [stationary.cpp:264] NN: cost=143.177822, feasible=true, active_stations=1
[2026-10-05 04:37:16.753] [info] [candidate.cpp:199] InstancePrecompute: built 50 candidates
[2026-10-05 04:37:16.753] [info] [stationary.cpp:264] NN: cost=48.146400, feasible=true, active_stations=2
[2026-10-05 04:37:16.753] [info] [candidate.cpp:199] InstancePrecompute: built 25 candidates
[2026-10-05 04:37:16.753] [info] [stationary.cpp:264] NN: cost=833.076510, feasible=true, active_stations=1
[2026-10-05 04:37:16.753] [info] [candidate.cpp:199] InstancePrecompute: built 25 candidates
[2026-10-05 04:37:16.753] [info] [stationary.cpp:264] NN: cost=586.037049, feasible=true, active_stations=1
[2026-10-05 04:37:16.753] [info] [candidate.cpp:199] InstancePrecompute: built 25 candidates
[2026-10-05 04:37:16.753] [info] [stationary.cpp:264] NN: cost=544.984966, feasible=true, active_stations=1
[2026-10-05 04:37:16.753] [info] [candidate.cpp:199] InstancePrecompute: built 25 candidates
[2026-10-05 04:37:16.753] [info] [stationary.cpp:264] NN: cost=298.990005, feasible=true, active_stations=1
[2026-10-05 04:37:16.753] [info] [candidate.cpp:199] InstancePrecompute: built 25 candidates
[2026-10-05 04:37:16.753] [info] [stationary.cpp:264] NN: cost=126.706780, feasible=true, active_stations=1
[2026-10-05 04:37:16.753] [info] [candidate.cpp:199] InstancePrecompute: built 50 candidates
[2026-10-05 04:37:16.753] [info] [stationary.cpp:264] NN: cost=106.907900, feasible=true, active_stations=1
[2026-10-05 04:37:16.753] [info] [candidate.cpp:199] InstancePrecompute: built 25 candidates
[2026-10-05 04:37:16.753] [info] [stationary.cpp:264] NN: cost=280.033913, feasible=true, active_stations=1
[2026-10-05 04:37:16.753] [info] [candidate.cpp:199] InstancePrecompute: built 25 candidates
[2026-10-05 04:37:16.753] [info] [stationary.cpp:264] NN: cost=143.177822, feasible=true, active_stations=1
[2026-10-05 04:37:16.753] [info] [candidate.cpp:199] InstancePrecompute: built 50 candidates
[2026-10-05 04:37:16.753] [info] [stationary.cpp:264] NN: cost=48.146400, feasible=true, active_stations=2
[2026-10-05 04:37:16.753] [info] [candidate.cpp:199] InstancePrecompute: built 25 candidates
[2026-10-05 04:37:16.753] [info] [stationary.cpp:264] NN: cost=833.076510, feasible=true, active_stations=1
[2026-10-05 04:37:16.753] [info] [candidate.cpp:199] InstancePrecompute: built 25 candidates
[2026-10-05 04:37:16.753] [info] [stationary.cpp:264] NN: cost=586.037049, feasible=true, active_stations=1
[2026-10-05 04:37:16.753] [info] [candidate.cpp:199] InstancePrecompute: built 25 candidates
[2026-10-05 04:37:16.753] [info] [stationary.cpp:264] NN: cost=544.984966, feasible=true, active_stations=1
[2026-10-05 04:37:16.753] [info] [candidate.cpp:199] InstancePrecompute: built 25 candidates
[2026-10-05 04:37:16.753] [info] [stationary.cpp:264] NN: cost=298.990005, feasible=true, active_stations=1
[2026-10-05 04:37:16.753] [info] [candidate.cpp:199] InstancePrecompute: built 25 candidates
[2026-10-05 04:37:16.753] [info] [stationary.cpp:264] NN: cost=126.706780, feasible=true, active_stations=1
[2026-10-05 04:37:16.753] [info] [candidate.cpp:199] InstancePrecompute: built 25 candidates
[2026-10-05 04:37:16.753] [info] [stationary.cpp:264] NN: cost=72.483971, feasible=true, active_stations=1
[2026-10-05 04:37:16.753] [info] [candidate.cpp:199] InstancePrecompute: built 25 candidates
[2026-10-05 04:37:16.753] [info] [stationary.cpp:264] NN: cost=106.907900, feasible=true, active_stations=1
[2026-10-05 04:37:16.753] [info] [candidate.cpp:199] InstancePrecompute: built 25 candidates
[2026-10-05 04:37:16.753] [info] [stationary.cpp:264] NN: cost=280.033913, feasible=true, active_stations=1
[2026-10-05 04:37:16.753] [info] [candidate.cpp:199] InstancePrecompute: built 25 candidates
[2026-10-05 04:37:16.753] [info] [stationary.cpp:264] NN: cost=143.177822, feasible=true, active_stations=1
[2026-10-05 04:37:16.753] [info] [candidate.cpp:199] InstancePrecompute: built 25 candidates
[2026-10-05 04:37:16.753] [info] [stationary.cpp:264] NN: cost=29.449035, feasible=true, active_stations=1
[2026-10-05 04:37:16.753] [info] [candidate.cpp:199] InstancePrecompute: built 25 candidates
[2026-10-05 04:37:16.753] [info] [stationary.cpp:264] NN: cost=18.697365, feasible=true, active_stations=1
[2026-10-05 04:37:16.753] [info] [candidate.cpp:199] InstancePrecompute: built 25 candidates
[2026-10-05 04:37:16.753] [info] [stationary.cpp:264] NN: cost=833.076510, feasible=true, active_stations=1
[2026-10-05 04:37:16.753] [info] [candidate.cpp:199] InstancePrecompute: built 25 candidates
[2026-10-05 04:37:16.753] [info] [stationary.cpp:264] NN: cost=586.037049, feasible=true, active_stations=1
[2026-10-05 04:37:16.753] [info] [candidate.cpp:199] InstancePrecompute: built 25 candidates
[2026-10-05 04:37:16.753] [info] [stationary.cpp:264] NN: cost=544.984966, feasible=true, active_stations=1
[2026-10-05 04:37:16.753] [info] [candidate.cpp:199] InstancePrecompute: built 25 candidates
[2026-10-05 04:37:16.753] [info] [stationary.cpp:264] NN: cost=298.990005, feasible=true, active_stations=1
[2026-10-05 04:37:16.753] [info] [candidate.cpp:199] InstancePrecompute: built 25 candidates
[2026-10-05 04:37:16.753] [info] [stationary.cpp:264] NN: cost=126.706780, feasible=true, active_stations=1
[2026-10-05 04:37:16.753] [info] [candidate.cpp:199] InstancePrecompute: built 25 candidates
[2026-10-05 04:37:16.753] [info] [stationary.cpp:264] NN: cost=72.483971, feasible=true, active_stations=1
[2026-10-05 04:37:16.753] [info] [candidate.cpp:199] InstancePrecompute: built 25 candidates
[2026-10-05 04:37:16.753] [info] [stationary.cpp:264] NN: cost=106.907900, feasible=true, active_stations=1
[2026-10-05 04:37:16.753] [info] [candidate.cpp:199] InstancePrecompute: built 25 candidates
[2026-10-05 04:37:16.753] [info] [stationary.cpp:264] NN: cost=280.033913, feasible=true, active_stations=1
[2026-10-05 04:37:16.753] [info] [candidate.cpp:199] InstancePrecompute: built 25 candidates
[2026-10-05 04:37:16.753] [info] [stationary.cpp:264] NN: cost=143.177822, feasible=true, active_stations=1
[2026-10-05 04:37:16.753] [info] [candidate.cpp:199] InstancePrecompute: built 25 candidates
[2026-10-05 04:37:16.753] [info] [stationary.cpp:264] NN: cost=29.449035, feasible=true, active_stations=1
[2026-10-05 04:37:16.753] [info] [candidate.cpp:199] InstancePrecompute: built 25 candidates
[2026-10-05 04:37:16.753] [info] [stationary.cpp:264] NN: cost=18.697365, feasible=true, active_stations=1
[2026-10-05 04:37:16.753] [info] [candidate.cpp:199] InstancePrecompute: built 25 candidates
[2026-10-05 04:37:16.753] [info] [stationary.cpp:264] NN: cost=833.076510, feasible=true, active_stations=1
[2026-10-05 04:37:16.753] [info] [candidate.cpp:199] InstancePrecompute: built 25 candidates
[2026-10-05 04:37:16.753] [info] [stationary.cpp:264] NN: cost=586.037049, feasible=true, active_stations=1
[2026-10-05 04:37:16.753] [info] [candidate.cpp:199] InstancePrecompute: built 25 candidates
[2026-10-05 04:37:16.753] [info] [stationary.cpp:264] NN: cost=544.984966, feasible=true, active_stations=1
[2026-10-05 04:37:16.753] [info] [candidate.cpp:199] InstancePrecompute: built 25 candidates
[2026-10-05 04:37:16.753] [info] [stationary.cpp:264] NN: cost=298.990005, feasible=true, active_stations=1
[2026-10-05 04:37:16.753] [info] [candidate.cpp:199] InstancePrecompute: built 25 candidates
[2026-10-05 04:37:16.753] [info] [stationary.cpp:264] NN: cost=126.706780, feasible=true, active_stations=1
[2026-10-05 04:37:16.753] [info] [candidate.cpp:199] InstancePrecompute: built 50 candidates
[2026-10-05 04:37:16.753] [info] [stationary.cpp:264] NN: cost=106.907900, feasible=true, active_stations=1
[2026-10-05 04:37:16.753] [info] [candidate.cpp:199] InstancePrecompute: built 25 candidates
[2026-10-05 04:37:16.753] [info] [stationary.cpp:264] NN: cost=280.033913, feasible=true, active_stations=1
[2026-10-05 04:37:16.753] [info] [candidate.cpp:199] InstancePrecompute: built 25 candidates
[2026-10-05 04:37:16.753] [info] [stationary.cpp:264] NN: cost=143.177822, feasible=true, active_stations=1
[2026-10-05 04:37:16.753] [info] [candidate.cpp:199] InstancePrecompute: built 25 candidates
[2026-10-05 04:37:16.753] [info] [stationary.cpp:264] NN: cost=29.449035, feasible=true, active_stations=1
[2026-10-05 04:37:16.753] [info] [candidate.cpp:199] InstancePrecompute: built 25 candidates
[2026-10-05 04:37:16.753] [info] [stationary.cpp:264] NN: cost=18.697365, feasible=true, active_stations=1
[2026-10-05 04:37:16.753] [info] [candidate.cpp:199] InstancePrecompute: built 25 candidates
[2026-10-05 04:37:16.753] [info] [stationary.cpp:264] NN: cost=833.076510, feasible=true, active_stations=1
[2026-10-05 04:37:16.753] [info] [candidate.cpp:199] InstancePrecompute: built 25 candidates
[2026-10-05 04:37:16.753] [info] [stationary.cpp:264] NN: cost=586.037049, feasible=true, active_stations=1
[2026-10-05 04:37:16.753] [info] [candidate.cpp:199] InstancePrecompute: built 25 candidates
[2026-10-05 04:37:16.753] [info] [stationary.cpp:264] NN: cost=544.984966, feasible=true, active_stations=1
[2026-10-05 04:37:16.753] [info] [candidate.cpp:199] InstancePrecompute: built 25 candidates
[2026-10-05 04:37:16.753] [info] [stationary.cpp:264] NN: cost=298.990005, feasible=true, active_stations=1
[2026-10-05 04:37:16.753] [info] [candidate.cpp:199] InstancePrecompute: built 25 candidates
[2026-10-05 04:37:16.753] [info] [stationary.cpp:264] NN: cost=126.706780, feasible=true, active_stations=1
[2026-10-05 04:37:16.753] [info] [candidate.cpp:199] InstancePrecompute: built 50 candidates
[2026-10-05 04:37:16.753] [info] [stationary.cpp:264] NN: cost=106.907900, feasible=true, active_stations=1
[2026-10-05 04:37:16.753] [info] [candidate.cpp:199] InstancePrecompute: built 50 candidates
[2026-10-05 04:37:16.753] [info] [stationary.cpp:264] NN: cost=423.211735, feasible=true, active_stations=2
[2026-10-05 04:37:16.753] [info] [candidate.cpp:199] InstancePrecompute: built 25 candidates
[2026-10-05 04:37:16.753] [info] [stationary.cpp:264] NN: cost=29.449035, feasible=true, active_stations=1
[2026-10-05 04:37:16.753] [info] [candidate.cpp:199] InstancePrecompute: built 25 candidates
[2026-10-05 04:37:16.753] [info] [stationary.cpp:264] NN: cost=18.697365, feasible=true, active_stations=1
[2026-10-05 04:37:16.753] [info] [candidate.cpp:199] InstancePrecompute: built 25 candidates
[2026-10-05 04:37:16.753] [info] [stationary.cpp:264] NN: cost=833.076510, feasible=true, active_stations=1
[2026-10-05 04:37:16.753] [info] [candidate.cpp:199] InstancePrecompute: built 25 candidates
[2026-10-05 04:37:16.753] [info] [stationary.cpp:264] NN: cost=586.037049, feasible=true, active_stations=1
[2026-10-05 04:37:16.753] [info] [candidate.cpp:199] InstancePrecompute: built 25 candidates
[2026-10-05 04:37:16.753] [info] [stationary.cpp:264] NN: cost=544.984966, feasible=true, active_stations=1
[2026-10-05 04:37:16.753] [info] [candidate.cpp:199] InstancePrecompute: built 25 candidates
[2026-10-05 04:37:16.753] [info] [stationary.cpp:264] NN: cost=298.990005, feasible=true, active_stations=1
[2026-10-05 04:37:16.753] [info] [candidate.cpp:199] InstancePrecompute: built 25 candidates
[2026-10-05 04:37:16.753] [info] [stationary.cpp:264] NN: cost=126.706780, feasible=true, active_stations=1
[2026-10-05 04:37:16.753] [info] [candidate.cpp:199] InstancePrecompute: built 50 candidates
[2026-10-05 04:37:16.753] [info] [stationary.cpp:264] NN: cost=106.907900, feasible=true, active_stations=1
[2026-10-05 04:37:16.753] [info] [candidate.cpp:199] InstancePrecompute: built 50 candidates
[2026-10-05 04:37:16.753] [info] [stationary.cpp:264] NN: cost=423.211735, feasible=true, active_stations=2
[2026-10-05 04:37:16.753] [info] [candidate.cpp:199] InstancePrecompute: built 25 candidates
[2026-10-05 04:37:16.753] [info] [stationary.cpp:264] NN: cost=29.449035, feasible=true, active_stations=1
[2026-10-05 04:37:16.753] [info] [candidate.cpp:199] InstancePrecompute: built 25 candidates
[2026-10-05 04:37:16.753] [info] [stationary.cpp:264] NN: cost=18.697365, feasible=true, active_stations=1
[2026-10-05 04:37:16.753] [info] [candidate.cpp:199] InstancePrecompute: built 25 candidates
[2026-10-05 04:37:16.753] [info] [stationary.cpp:264] NN: cost=833.076510, feasible=true, active_stations=1
[2026-10-05 04:37:16.753] [info] [candidate.cpp:199] InstancePrecompute: built 25 candidates
[2026-10-05 04:37:16.753] [info] [stationary.cpp:264] NN: cost=586.037049, feasible=true, active_stations=1
[2026-10-05 04:37:16.753] [info] [candidate.cpp:199] InstancePrecompute: built 25 candidates
[2026-10-05 04:37:16.753] [info] [stationary.cpp:264] NN: cost=544.984966, feasible=true, active_stations=1
[2026-10-05 04:37:16.753] [info] [candidate.cpp:199] InstancePrecompute: built 25 candidates
[2026-10-05 04:37:16.753] [info] [stationary.cpp:264] NN: cost=298.990005, feasible=true, active_stations=1
[2026-10-05 04:37:16.753] [info] [candidate.cpp:199] InstancePrecompute: built 25 candidates
[2026-10-05 04:37:16.753] [info] [stationary.cpp:264] NN: cost=126.706780, feasible=true, active_stations=1
[2026-10-05 04:37:16.753] [info] [candidate.cpp:199] InstancePrecompute: built 50 candidates
[2026-10-05 04:37:16.753] [info] [stationary.cpp:264] NN: cost=106.907900, feasible=true, active_stations=1
[2026-10-05 04:37:16.753] [info] [candidate.cpp:199] InstancePrecompute: built 50 candidates
[2026-10-05 04:37:16.753] [info] [stationary.cpp:264] NN: cost=423.211735, feasible=true, active_stations=2
[2026-10-05 04:37:16.753] [info] [candidate.cpp:199] InstancePrecompute: built 25 candidates
[2026-10-05 04:37:16.753] [info] [stationary.cpp:264] NN: cost=29.449035, feasible=true, active_stations=1
[2026-10-05 04:37:16.753] [info] [candidate.cpp:199] InstancePrecompute: built 25 candidates
[2026-10-05 04:37:16.753] [info] [stationary.cpp:264] NN: cost=18.697365, feasible=true, active_stations=1
[2026-10-05 04:37:16.753] [info] [candidate.cpp:199] InstancePrecompute: built 25 candidates
[2026-10-05 04:37:16.753] [info] [stationary.cpp:264] NN: cost=833.076510, feasible=true, active_stations=1
[2026-10-05 04:37:16.753] [info] [candidate.cpp:199] InstancePrecompute: built 25 candidates
[2026-10-05 04:37:16.753] [info] [stationary.cpp:264] NN: cost=586.037049, feasible=true, active_stations=1
[2026-10-05 04:37:16.753] [info] [candidate.cpp:199] InstancePrecompute: built 25 candidates
[2026-10-05 04:37:16.753] [info] [stationary.cpp:264] NN: cost=544.984966, feasible=true, active_stations=1
[2026-10-05 04:37:16.753] [info] [candidate.cpp:199] InstancePrecompute: built 25 candidates
[2026-10-05 04:37:16.753] [info] [stationary.cpp:264] NN: cost=298.990005, feasible=true, active_stations=1
[2026-10-05 04:37:16.753] [info] [candidate.cpp:199] InstancePrecompute: built 25 candidates
[2026-10-05 04:37:16.753] [info] [stationary.cpp:264] NN: cost=126.706780, feasible=true, active_stations=1
[2026-10-05 04:37:16.753] [info] [candidate.cpp:199] InstancePrecompute: built 25 candidates
[2026-10-05 04:37:16.753] [info] [stationary.cpp:264] NN: cost=72.483971, feasible=true, active_stations=1
[2026-10-05 04:37:16.753] [info] [candidate.cpp:199] InstancePrecompute: built 25 candidates
[2026-10-05 04:37:16.753] [info] [stationary.cpp:264] NN: cost=106.907900, feasible=true, active_stations=1
[2026-10-05 04:37:16.753] [info] [candidate.cpp:199] InstancePrecompute: built 50 candidates
[2026-10-05 04:37:16.753] [info] [stationary.cpp:264] NN: cost=423.211735, feasible=true, active_stations=2
[2026-10-05 04:37:16.753] [info] [candidate.cpp:199] InstancePrecompute: built 25 candidates
[2026-10-05 04:37:16.753] [info] [stationary.cpp:264] NN: cost=29.449035, feasible=true, active_stations=1
[2026-10-05 04:37:16.753] [info] [candidate.cpp:199] InstancePrecompute: built 25 candidates
[2026-10-05 04:37:16.753] [info] [stationary.cpp:264] NN: cost=18.697365, feasible=true, active_stations=1
[2026-10-05 04:37:16.753] [info] [candidate.cpp:199] InstancePrecompute: built 25 candidates
[2026-10-05 04:37:16.753] [info] [stationary.cpp:264] NN: cost=833.076510, feasible=true, active_stations=1
[2026-10-05 04:37:16.753] [info] [candidate.cpp:199] InstancePrecompute: built 25 candidates
[2026-10-05 04:37:16.753] [info] [stationary.cpp:264] NN: cost=586.037049, feasible=true, active_stations=1
[2026-10-05 04:37:16.753] [info] [candidate.cpp:199] InstancePrecompute: built 25 candidates
[2026-10-05 04:37:16.753] [info] [stationary.cpp:264] NN: cost=544.984966, feasible=true, active_stations=1
[2026-10-05 04:37:16.753] [info] [candidate.cpp:199] InstancePrecompute: built 25 candidates
[2026-10-05 04:37:16.753] [info] [stationary.cpp:264] NN: cost=298.990005, feasible=true, active_stations=1
[2026-10-05 04:37:16.753] [info] [candidate.cpp:199] InstancePrecompute: built 25 candidates
[2026-10-05 04:37:16.753] [info] [stationary.cpp:264] NN: cost=126.706780, feasible=true, active_stations=1
[2026-10-05 04:37:16.753] [info] [candidate.cpp:199] InstancePrecompute: built 25 candidates
[2026-10-05 04:37:16.753] [info] [stationary.cpp:264] NN: cost=72.483971, feasible=true, active_stations=1
[2026-10-05 04:37:16.753] [info] [candidate.cpp:199] InstancePrecompute: built 25 candidates
[2026-10-05 04:37:16.753] [info] [stationary.cpp:264] NN: cost=106.907900, feasible=true, active_stations=1
[2026-10-05 04:37:16.753] [info] [candidate.cpp:199] InstancePrecompute: built 50 candidates
[2026-10-05 04:37:16.753] [info] [stationary.cpp:264] NN: cost=423.211735, feasible=true, active_stations=2
[2026-10-05 04:37:16.753] [info] [candidate.cpp:199] InstancePrecompute: built 25 candidates
[2026-10-05 04:37:16.753] [info] [stationary.cpp:264] NN: cost=29.449035, feasible=true, active_stations=1
[2026-10-05 04:37:16.753] [info] [candidate.cpp:199] InstancePrecompute: built 25 candidates
[2026-10-05 04:37:16.753] [info] [stationary.cpp:264] NN: cost=18.697365, feasible=true, active_stations=1
[2026-10-05 04:37:16.753] [info] [candidate.cpp:199] InstancePrecompute: built 25 candidates
[2026-10-05 04:37:16.753] [info] [stationary.cpp:264] NN: cost=833.076510, feasible=true, active_stations=1
[2026-10-05 04:37:16.753] [info] [candidate.cpp:199] InstancePrecompute: built 25 candidates
[2026-10-05 04:37:16.753] [info] [stationary.cpp:264] NN: cost=586.037049, feasible=true, active_stations=1
[2026-10-05 04:37:16.754] [info] [candidate.cpp:199] InstancePrecompute: built 25 candidates
[2026-10-05 04:37:16.754] [info] [stationary.cpp:264] NN: cost=544.984966, feasible=true, active_stations=1
[2026-10-05 04:37:16.754] [info] [candidate.cpp:199] InstancePrecompute: built 25 candidates
[2026-10-05 04:37:16.754] [info] [stationary.cpp:264] NN: cost=298.990005, feasible=true, active_stations=1
[2026-10-05 04:37:16.754] [info] [candidate.cpp:199] InstancePrecompute: built 25 candidates
[2026-10-05 04:37:16.754] [info] [stationary.cpp:264] NN: cost=126.706780, feasible=true, active_stations=1
[2026-10-05 04:37:16.754] [info] [candidate.cpp:199] InstancePrecompute: built 25 candidates
[2026-10-05 04:37:16.754] [info] [stationary.cpp:264] NN: cost=72.483971, feasible=true, active_stations=1
[2026-10-05 04:37:16.754] [info] [candidate.cpp:199] InstancePrecompute: built 25 candidates
[2026-10-05 04:37:16.754] [info] [stationary.cpp:264] NN: cost=106.907900, feasible=true, active_stations=1
[2026-10-05 04:37:16.754] [info] [candidate.cpp:199] InstancePrecompute: built 25 candidates
[2026-10-05 04:37:16.754] [info] [stationary.cpp:264] NN: cost=280.033913, feasible=true, active_stations=1
[2026-10-05 04:37:16.754] [info] [candidate.cpp:199] InstancePrecompute: built 25 candidates
[2026-10-05 04:37:16.754] [info] [stationary.cpp:264] NN: cost=143.177822, feasible=true, active_stations=1
[2026-10-05 04:37:16.754] [info] [candidate.cpp:199] InstancePrecompute: built 25 candidates
[2026-10-05 04:37:16.754] [info] [stationary.cpp:264] NN: cost=29.449035, feasible=true, active_stations=1
[2026-10-05 04:37:16.754] [info] [candidate.cpp:199] InstancePrecompute: built 25 candidates
[2026-10-05 04:37:16.754] [info] [stationary.cpp:264] NN: cost=18.697365, feasible=true, active_stations=1
[2026-10-05 04:37:16.754] [info] [candidate.cpp:199] InstancePrecompute: built 25 candidates
[2026-10-05 04:37:16.754] [info] [stationary.cpp:264] NN: cost=833.076510, feasible=true, active_stations=1
[2026-10-05 04:37:16.754] [info] [candidate.cpp:199] InstancePrecompute: built 25 candidates
[2026-10-05 04:37:16.754] [info] [stationary.cpp:264] NN: cost=586.037049, feasible=true, active_stations=1
[2026-10-05 04:37:16.754] [info] [candidate.cpp:199] InstancePrecompute: built 25 candidates
[2026-10-05 04:37:16.754] [info] [stationary.cpp:264] NN: cost=544.984966, feasible=true, active_stations=1
[2026-10-05 04:37:16.754] [info] [candidate.cpp:199] InstancePrecompute: built 25 candidates
[2026-10-05 04:37:16.754] [info] [stationary.cpp:264] NN: cost=298.990005, feasible=true, active_stations=1
[2026-10-05 04:37:16.754] [info] [candidate.cpp:199] InstancePrecompute: built 25 candidates
[2026-10-05 04:37:16.754] [info] [stationary.cpp:264] NN: cost=126.706780, feasible=true, active_stations=1
[2026-10-05 04:37:16.754] [info] [candidate.cpp:199] InstancePrecompute: built 25 candidates
[2026-10-05 04:37:16.754] [info] [stationary.cpp:264] NN: cost=72.483971, feasible=true, active_stations=1
[2026-10-05 04:37:16.754] [info] [candidate.cpp:199] InstancePrecompute: built 25 candidates
[2026-10-05 04:37:16.754] [info] [stationary.cpp:264] NN: cost=106.907900, feasible=true, active_stations=1
[2026-10-05 04:37:16.754] [info] [candidate.cpp:199] InstancePrecompute: built 25 candidates
[2026-10-05 04:37:16.754] [info] [stationary.cpp:264] NN: cost=280.033913, feasible=true, active_stations=1
[2026-10-05 04:37:16.754] [info] [candidate.cpp:199] InstancePrecompute: built 25 candidates
[2026-10-05 04:37:16.754] [info] [stationary.cpp:264] NN: cost=143.177822, feasible=true, active_stations=1
[2026-10-05 04:37:16.754] [info] [candidate.cpp:199] InstancePrecompute: built 25 candidates
[2026-10-05 04:37:16.754] [info] [stationary.cpp:264] NN: cost=29.449035, feasible=true, active_stations=1
[2026-10-05 04:37:16.754] [info] [candidate.cpp:199] InstancePrecompute: built 25 candidates
[2026-10-05 04:37:16.754] [info] [stationary.cpp:264] NN: cost=18.697365, feasible=true, active_stations=1
[2026-10-05 04:37:16.754] [info] [candidate.cpp:199] InstancePrecompute: built 25 candidates
[2026-10-05 04:37:16.754] [info] [stationary.cpp:264] NN: cost=833.076510, feasible=true, active_stations=1
[2026-10-05 04:37:16.754] [info] [candidate.cpp:199] InstancePrecompute: built 25 candidates
[2026-10-05 04:37:16.754] [info] [stationary.cpp:264] NN: cost=586.037049, feasible=true, active_stations=1
[2026-10-05 04:37:16.754] [info] [candidate.cpp:199] InstancePrecompute: built 25 candidates
[2026-10-05 04:37:16.754] [info] [stationary.cpp:264] NN: cost=544.984966, feasible=true, active_stations=1
[2026-10-05 04:37:16.754] [info] [candidate.cpp:199] InstancePrecompute: built 25 candidates
[2026-10-05 04:37:16.754] [info] [stationary.cpp:264] NN: cost=298.990005, feasible=true, active_stations=1
[2026-10-05 04:37:16.754] [info] [candidate.cpp:199] InstancePrecompute: built 25 candidates
[2026-10-05 04:37:16.754] [info] [stationary.cpp:264] NN: cost=126.706780, feasible=true, active_stations=1
[2026-10-05 04:37:16.754] [info] [candidate.cpp:199] InstancePrecompute: built 50 candidates
[2026-10-05 04:37:16.754] [info] [stationary.cpp:264] NN: cost=106.907900, feasible=true, active_stations=1
[2026-10-05 04:37:16.754] [info] [candidate.cpp:199] InstancePrecompute: built 25 candidates
[2026-10-05 04:37:16.754] [info] [stationary.cpp:264] NN: cost=280.033913, feasible=true, active_stations=1
[2026-10-05 04:37:16.754] [info] [candidate.cpp:199] InstancePrecompute: built 25 candidates
[2026-10-05 04:37:16.754] [info] [stationary.cpp:264] NN: cost=143.177822, feasible=true, active_stations=1
[2026-10-05 04:37:16.754] [info] [candidate.cpp:199] InstancePrecompute: built 25 candidates
[2026-10-05 04:37:16.754] [info] [stationary.cpp:264] NN: cost=29.449035, feasible=true, active_stations=1
[2026-10-05 04:37:16.754] [info] [candidate.cpp:199] InstancePrecompute: built 25 candidates
[2026-10-05 04:37:16.754] [info] [stationary.cpp:264] NN: cost=18.697365, feasible=true, active_stations=1
[2026-10-05 04:37:16.754] [info] [candidate.cpp:199] InstancePrecompute: built 25 candidates
[2026-10-05 04:37:16.754] [info] [stationary.cpp:264] NN: cost=833.076510, feasible=true, active_stations=1
[2026-10-05 04:37:16.754] [info] [candidate.cpp:199] InstancePrecompute: built 25 candidates
[2026-10-05 04:37:16.754] [info] [stationary.cpp:264] NN: cost=586.037049, feasible=true, active_stations=1
[2026-10-05 04:37:16.754] [info] [candidate.cpp:199] InstancePrecompute: built 25 candidates
[2026-10-05 04:37:16.754] [info] [stationary.cpp:264] NN: cost=544.984966, feasible=true, active_stations=1
[2026-10-05 04:37:16.754] [info] [candidate.cpp:199] InstancePrecompute: built 25 candidates
[2026-10-05 04:37:16.754] [info] [stationary.cpp:264] NN: cost=298.990005, feasible=true, active_stations=1
[2026-10-05 04:37:16.754] [info] [candidate.cpp:199] InstancePrecompute: built 25 candidates
[2026-10-05 04:37:16.754] [info] [stationary.cpp:264] NN: cost=126.706780, feasible=true, active_stations=1
[2026-10-05 04:37:16.754] [info] [candidate.cpp:199] InstancePrecompute: built 50 candidates
[2026-10-05 04:37:16.754] [info] [stationary.cpp:264] NN: cost=106.907900, feasible=true, active_stations=1
[2026-10-05 04:37:16.754] [info] [candidate.cpp:199] InstancePrecompute: built 50 candidates
[2026-10-05 04:37:16.754] [info] [stationary.cpp:264] NN: cost=423.211735, feasible=true, active_stations=2
[2026-10-05 04:37:16.754] [info] [candidate.cpp:199] InstancePrecompute: built 25 candidates
[2026-10-05 04:37:16.754] [info] [stationary.cpp:264] NN: cost=29.449035, feasible=true, active_stations=1
[2026-10-05 04:37:16.754] [info] [candidate.cpp:199] InstancePrecompute: built 25 candidates
[2026-10-05 04:37:16.754] [info] [stationary.cpp:264] NN: cost=18.697365, feasible=true, active_stations=1
[2026-10-05 04:37:16.754] [info] [candidate.cpp:199] InstancePrecompute: built 25 candidates
[2026-10-05 04:37:16.754] [info] [stationary.cpp:264] NN: cost=833.076510, feasible=true, active_stations=1
[2026-10-05 04:37:16.754] [info] [candidate.cpp:199] InstancePrecompute: built 25 candidates
[2026-10-05 04:37:16.754] [info] [stationary.cpp:264] NN: cost=586.037049, feasible=true, active_stations=1
[2026-10-05 04:37:16.754] [info] [candidate.cpp:199] InstancePrecompute: built 25 candidates
[2026-10-05 04:37:16.754] [info] [stationary.cpp:264] NN: cost=544.984966, feasible=true, active_stations=1
[2026-10-05 04:37:16.754] [info] [candidate.cpp:199] InstancePrecompute: built 25 candidates
[2026-10-05 04:37:16.754] [info] [stationary.cpp:264] NN: cost=298.990005, feasible=true, active_stations=1
[2026-10-05 04:37:16.754] [info] [candidate.cpp:199] InstancePrecompute: built 25 candidates
[2026-10-05 04:37:16.754] [info] [stationary.cpp:264] NN: cost=126.706780, feasible=true, active_stations=1
[2026-10-05 04:37:16.754] [info] [candidate.cpp:199] InstancePrecompute: built 50 candidates
[2026-10-05 04:37:16.754] [info] [stationary.cpp:264] NN: cost=106.907900, feasible=true, active_stations=1
[2026-10-05 04:37:16.754] [info] [candidate.cpp:199] InstancePrecompute: built 50 candidates
[2026-10-05 04:37:16.754] [info] [stationary.cpp:264] NN: cost=423.211735, feasible=true, active_stations=2
[2026-10-05 04:37:16.754] [info] [candidate.cpp:199] InstancePrecompute: built 25 candidates
[2026-10-05 04:37:16.754] [info] [stationary.cpp:264] NN: cost=29.449035, feasible=true, active_stations=1
[2026-10-05 04:37:16.754] [info] [candidate.cpp:199] InstancePrecompute: built 25 candidates
[2026-10-05 04:37:16.754] [info] [stationary.cpp:264] NN: cost=18.697365, feasible=true, active_stations=1
[2026-10-05 04:37:16.754] [info] [candidate.cpp:199] InstancePrecompute: built 25 candidates
[2026-10-05 04:37:16.754] [info] [stationary.cpp:264] NN: cost=833.076510, feasible=true, active_stations=1
[2026-10-05 04:37:16.754] [info] [candidate.cpp:199] InstancePrecompute: built 25 candidates
[2026-10-05 04:37:16.754] [info] [stationary.cpp:264] NN: cost=586.037049, feasible=true, active_stations=1
[2026-10-05 04:37:16.754] [info] [candidate.cpp:199] InstancePrecompute: built 25 candidates
[2026-10-05 04:37:16.754] [info] [stationary.cpp:264] NN: cost=544.984966, feasible=true, active_stations=1
[2026-10-05 04:37:16.754] [info] [candidate.cpp:199] InstancePrecompute: built 25 candidates
[2026-10-05 04:37:16.754] [info] [stationary.cpp:264] NN: cost=298.990005, feasible=true, active_stations=1
[2026-10-05 04:37:16.754] [info] [candidate.cpp:199] InstancePrecompute: built 25 candidates
[2026-10-05 04:37:16.754] [info] [stationary.cpp:264] NN: cost=126.706780, feasible=true, active_stations=1
[2026-10-05 04:37:16.754] [info] [candidate.cpp:199] InstancePrecompute: built 50 candidates
[2026-10-05 04:37:16.754] [info] [stationary.cpp:264] NN: cost=106.907900, feasible=true, active_stations=1
[2026-10-05 04:37:16.754] [info] [candidate.cpp:199] InstancePrecompute: built 50 candidates
[2026-10-05 04:37:16.754] [info] [stationary.cpp:264] NN: cost=423.211735, feasible=true, active_stations=2
[2026-10-05 04:37:16.754] [info] [candidate.cpp:199] InstancePrecompute: built 25 candidates
[2026-10-05 04:37:16.754] [info] [stationary.cpp:264] NN: cost=29.449035, feasible=true, active_stations=1
[2026-10-05 04:37:16.754] [info] [candidate.cpp:199] InstancePrecompute: built 25 candidates
[2026-10-05 04:37:16.754] [info] [stationary.cpp:264] NN: cost=18.697365, feasible=true, active_stations=1
[2026-10-05 04:37:16.754] [info] [candidate.cpp:199] InstancePrecompute: built 25 candidates
[2026-10-05 04:37:16.754] [info] [stationary.cpp:264] NN: cost=833.076510, feasible=true, active_stations=1
[2026-10-05 04:37:16.754] [info] [candidate.cpp:199] InstancePrecompute: built 25 candidates
[2026-10-05 04:37:16.754] [info] [stationary.cpp:264] NN: cost=586.037049, feasible=true, active_stations=1
[2026-10-05 04:37:16.754] [info] [candidate.cpp:199] InstancePrecompute: built 25 candidates
[2026-10-05 04:37:16.754] [info] [stationary.cpp:264] NN: cost=544.984966, feasible=true, active_stations=1
[2026-10-05 04:37:16.754] [info] [candidate.cpp:199] InstancePrecompute: built 25 candidates
[2026-10-05 04:37:16.754] [info] [stationary.cpp:264] NN: cost=298.990005, feasible=true, active_stations=1
[2026-10-05 04:37:16.754] [info] [candidate.cpp:199] InstancePrecompute: built 25 candidates
[2026-10-05 04:37:16.754] [info] [stationary.cpp:264] NN: cost=126.706780, feasible=true, active_stations=1
[2026-10-05 04:37:16.754] [info] [candidate.cpp:199] InstancePrecompute: built 25 candidates
[2026-10-05 04:37:16.754] [info] [stationary.cpp:264] NN: cost=72.483971, feasible=true, active_stations=1
[2026-10-05 04:37:16.754] [info] [candidate.cpp:199] InstancePrecompute: built 25 candidates
[2026-10-05 04:37:16.754] [info] [stationary.cpp:264] NN: cost=106.907900, feasible=true, active_stations=1
[2026-10-05 04:37:16.754] [info] [candidate.cpp:199] InstancePrecompute: built 50 candidates
[2026-10-05 04:37:16.754] [info] [stationary.cpp:264] NN: cost=423.211735, feasible=true, active_stations=2
[2026-10-05 04:37:16.754] [info] [candidate.cpp:199] InstancePrecompute: built 25 candidates
[2026-10-05 04:37:16.754] [info] [stationary.cpp:264] NN: cost=29.449035, feasible=true, active_stations=1
[2026-10-05 04:37:16.754] [info] [candidate.cpp:199] InstancePrecompute: built 25 candidates
[2026-10-05 04:37:16.754] [info] [stationary.cpp:264] NN: cost=18.697365, feasible=true, active_stations=1
[2026-10-05 04:37:16.754] [info] [candidate.cpp:199] InstancePrecompute: built 25 candidates
[2026-10-05 04:37:16.754] [info] [stationary.cpp:264] NN: cost=833.076510, feasible=true, active_stations=1
[2026-10-05 04:37:16.754] [info] [candidate.cpp:199] InstancePrecompute: built 25 candidates
[2026-10-05 04:37:16.754] [info] [stationary.cpp:264] NN: cost=586.037049, feasible=true, active_stations=1
[2026-10-05 04:37:16.754] [info] [candidate.cpp:199] InstancePrecompute: built 25 candidates
[2026-10-05 04:37:16.754] [info] [stationary.cpp:264] NN: cost=544.984966, feasible=true, active_stations=1
[2026-10-05 04:37:16.754] [info] [candidate.cpp:199] InstancePrecompute: built 25 candidates
[2026-10-05 04:37:16.754] [info] [stationary.cpp:264] NN: cost=298.990005, feasible=true, active_stations=1
[2026-10-05 04:37:16.754] [info] [candidate.cpp:199] InstancePrecompute: built 25 candidates
[2026-10-05 04:37:16.754] [info] [stationary.cpp:264] NN: cost=126.706780, feasible=true, active_stations=1
[2026-10-05 04:37:16.754] [info] [candidate.cpp:199] InstancePrecompute: built 25 candidates
[2026-10-05 04:37:16.754] [info] [stationary.cpp:264] NN: cost=72.483971, feasible=true, active_stations=1
[2026-10-05 04:37:16.754] [info] [candidate.cpp:199] InstancePrecompute: built 25 candidates
[2026-10-05 04:37:16.754] [info] [stationary.cpp:264] NN: cost=106.907900, feasible=true, active_stations=1
[2026-10-05 04:37:16.754] [info] [candidate.cpp:199] InstancePrecompute: built 50 candidates
[2026-10-05 04:37:16.754] [info] [stationary.cpp:264] NN: cost=423.211735, feasible=true, active_stations=2
[2026-10-05 04:37:16.754] [info] [candidate.cpp:199] InstancePrecompute: built 25 candidates
[2026-10-05 04:37:16.754] [info] [stationary.cpp:264] NN: cost=29.449035, feasible=true, active_stations=1
[2026-10-05 04:37:16.754] [info] [candidate.cpp:199] InstancePrecompute: built 25 candidates
[2026-10-05 04:37:16.754] [info] [stationary.cpp:264] NN: cost=18.697365, feasible=true, active_stations=1
[2026-10-05 04:37:16.754] [info] [candidate.cpp:199] InstancePrecompute: built 25 candidates
[2026-10-05 04:37:16.754] [info] [stationary.cpp:264] NN: cost=833.076510, feasible=true, active_stations=1
[2026-10-05 04:37:16.754] [info] [candidate.cpp:199] InstancePrecompute: built 25 candidates
[2026-10-05 04:37:16.754] [info] [stationary.cpp:264] NN: cost=586.037049, feasible=true, active_stations=1
[2026-10-05 04:37:16.754] [info] [candidate.cpp:199] InstancePrecompute: built 25 candidates
[2026-10-05 04:37:16.754] [info] [stationary.cpp:264] NN: cost=544.984966, feasible=true, active_stations=1
[2026-10-05 04:37:16.754] [info] [candidate.cpp:199] InstancePrecompute: built 25 candidates
[2026-10-05 04:37:16.754] [info] [stationary.cpp:264] NN: cost=298.990005, feasible=true, active_stations=1
[2026-10-05 04:37:16.754] [info] [candidate.cpp:199] InstancePrecompute: built 25 candidates
[2026-10-05 04:37:16.754] [info] [stationary.cpp:264] NN: cost=126.706780, feasible=true, active_stations=1
[2026-10-05 04:37:16.754] [info] [candidate.cpp:199] InstancePrecompute: built 25 candidates
[2026-10-05 04:37:16.754] [info] [stationary.cpp:264] NN: cost=72.483971, feasible=true, active_stations=1
[2026-10-05 04:37:16.754] [info] [candidate.cpp:199] InstancePrecompute: built 25 candidates
[2026-10-05 04:37:16.754] [info] [stationary.cpp:264] NN: cost=106.907900, feasible=true, active_stations=1
[2026-10-05 04:37:16.754] [info] [candidate.cpp:199] InstancePrecompute: built 25 candidates
[2026-10-05 04:37:16.754] [info] [stationary.cpp:264] NN: cost=143.177822, feasible=true, active_stations=1
[2026-10-05 04:37:16.754] [info] [candidate.cpp:199] InstancePrecompute: built 25 candidates
[2026-10-05 04:37:16.754] [info] [stationary.cpp:264] NN: cost=29.449035, feasible=true, active_stations=1
[2026-10-05 04:37:16.754] [info] [candidate.cpp:199] InstancePrecompute: built 25 candidates
[2026-10-05 04:37:16.754] [info] [stationary.cpp:264] NN: cost=280.033913, feasible=true, active_stations=1
[2026-10-05 04:37:16.754] [info] [candidate.cpp:199] InstancePrecompute: built 25 candidates
[2026-10-05 04:37:16.754] [info] [stationary.cpp:264] NN: cost=18.697365, feasible=true, active_stations=1
[2026-10-05 04:37:16.754] [info] [candidate.cpp:199] InstancePrecompute: built 25 candidates
[2026-10-05 04:37:16.754] [info] [stationary.cpp:264] NN: cost=833.076510, feasible=true, active_stations=1
[2026-10-05 04:37:16.754] [info] [candidate.cpp:199] InstancePrecompute: built 25 candidates
[2026-10-05 04:37:16.754] [info] [stationary.cpp:264] NN: cost=586.037049, feasible=true, active_stations=1
[2026-10-05 04:37:16.754] [info] [candidate.cpp:199] InstancePrecompute: built 25 candidates
[2026-10-05 04:37:16.754] [info] [stationary.cpp:264] NN: cost=544.984966, feasible=true, active_stations=1
[2026-10-05 04:37:16.754] [info] [candidate.cpp:199] InstancePrecompute: built 25 candidates
[2026-10-05 04:37:16.754] [info] [stationary.cpp:264] NN: cost=298.990005, feasible=true, active_stations=1
[2026-10-05 04:37:16.754] [info] [candidate.cpp:199] InstancePrecompute: built 25 candidates
[2026-10-05 04:37:16.754] [info] [stationary.cpp:264] NN: cost=126.706780, feasible=true, active_stations=1
[2026-10-05 04:37:16.754] [info] [candidate.cpp:199] InstancePrecompute: built 25 candidates
[2026-10-05 04:37:16.754] [info] [stationary.cpp:264] NN: cost=72.483971, feasible=true, active_stations=1
[2026-10-05 04:37:16.754] [info] [candidate.cpp:199] InstancePrecompute: built 25 candidates
[2026-10-05 04:37:16.754] [info] [stationary.cpp:264] NN: cost=106.907900, feasible=true, active_stations=1
[2026-10-05 04:37:16.754] [info] [candidate.cpp:199] InstancePrecompute: built 25 candidates
[2026-10-05 04:37:16.754] [info] [stationary.cpp:264] NN: cost=143.177822, feasible=true, active_stations=1
[2026-10-05 04:37:16.754] [info] [candidate.cpp:199] InstancePrecompute: built 25 candidates
[2026-10-05 04:37:16.754] [info] [stationary.cpp:264] NN: cost=29.449035, feasible=true, active_stations=1
[2026-10-05 04:37:16.754] [info] [candidate.cpp:199] InstancePrecompute: built 25 candidates
[2026-10-05 04:37:16.754] [info] [stationary.cpp:264] NN: cost=280.033913, feasible=true, active_stations=1
[2026-10-05 04:37:16.754] [info] [candidate.cpp:199] InstancePrecompute: built 25 candidates
[2026-10-05 04:37:16.754] [info] [stationary.cpp:264] NN: cost=18.697365, feasible=true, active_stations=1
[2026-10-05 04:37:16.754] [info] [candidate.cpp:199] InstancePrecompute: built 25 candidates
[2026-10-05 04:37:16.754] [info] [stationary.cpp:264] NN: cost=833.076510, feasible=true, active_stations=1
[2026-10-05 04:37:16.754] [info] [candidate.cpp:199] InstancePrecompute: built 25 candidates
[2026-10-05 04:37:16.754] [info] [stationary.cpp:264] NN: cost=586.037049, feasible=true, active_stations=1
[2026-10-05 04:37:16.754] [info] [candidate.cpp:199] InstancePrecompute: built 25 candidates
[2026-10-05 04:37:16.754] [info] [stationary.cpp:264] NN: cost=544.984966, feasible=true, active_stations=1
[2026-10-05 04:37:16.754] [info] [candidate.cpp:199] InstancePrecompute: built 25 candidates
[2026-10-05 04:37:16.754] [info] [stationary.cpp:264] NN: cost=298.990005, feasible=true, active_stations=1
[2026-10-05 04:37:16.754] [info] [candidate.cpp:199] InstancePrecompute: built 25 candidates
[2026-10-05 04:37:16.754] [info] [stationary.cpp:264] NN: cost=126.706780, feasible=true, active_stations=1
[2026-10-05 04:37:16.754] [info] [candidate.cpp:199] InstancePrecompute: built 50 candidates
[2026-10-05 04:37:16.754] [info] [stationary.cpp:264] NN: cost=106.907900, feasible=true, active_stations=1
[2026-10-05 04:37:16.754] [info] [candidate.cpp:199] InstancePrecompute: built 25 candidates
[2026-10-05 04:37:16.754] [info] [stationary.cpp:264] NN: cost=143.177822, feasible=true, active_stations=1
[2026-10-05 04:37:16.754] [info] [candidate.cpp:199] InstancePrecompute: built 25 candidates
[2026-10-05 04:37:16.754] [info] [stationary.cpp:264] NN: cost=29.449035, feasible=true, active_stations=1
[2026-10-05 04:37:16.754] [info] [candidate.cpp:199] InstancePrecompute: built 25 candidates
[2026-10-05 04:37:16.754] [info] [stationary.cpp:264] NN: cost=280.033913, feasible=true, active_stations=1
[2026-10-05 04:37:16.754] [info] [candidate.cpp:199] InstancePrecompute: built 25 candidates
[2026-10-05 04:37:16.754] [info] [stationary.cpp:264] NN: cost=18.697365, feasible=true, active_stations=1
[2026-10-05 04:37:16.754] [info] [candidate.cpp:199] InstancePrecompute: built 25 candidates
[2026-10-05 04:37:16.754] [info] [stationary.cpp:264] NN: cost=833.076510, feasible=true, active_stations=1
[2026-10-05 04:37:16.754] [info] [candidate.cpp:199] InstancePrecompute: built 25 candidates
[2026-10-05 04:37:16.754] [info] [stationary.cpp:264] NN: cost=586.037049, feasible=true, active_stations=1
[2026-10-05 04:37:16.754] [info] [candidate.cpp:199] InstancePrecompute: built 25 candidates
[2026-10-05 04:37:16.754] [info] [stationary.cpp:264] NN: cost=544.984966, feasible=true, active_stations=1
[2026-10-05 04:37:16.754] [info] [candidate.cpp:199] InstancePrecompute: built 25 candidates
[2026-10-05 04:37:16.754] [info] [stationary.cpp:264] NN: cost=298.990005, feasible=true, active_stations=1
[2026-10-05 04:37:16.754] [info] [candidate.cpp:199] InstancePrecompute: built 25 candidates
[2026-10-05 04:37:16.754] [info] [stationary.cpp:264] NN: cost=126.706780, feasible=true, active_stations=1
[2026-10-05 04:37:16.754] [info] [candidate.cpp:199] InstancePrecompute: built 50 candidates
[2026-10-05 04:37:16.754] [info] [stationary.cpp:264] NN: cost=106.907900, feasible=true, active_stations=1
[2026-10-05 04:37:16.754] [info] [candidate.cpp:199] InstancePrecompute: built 25 candidates
[2026-10-05 04:37:16.754] [info] [stationary.cpp:264] NN: cost=143.177822, feasible=true, active_stations=1
[2026-10-05 04:37:16.754] [info] [candidate.cpp:199] InstancePrecompute: built 25 candidates
[2026-10-05 04:37:16.754] [info] [stationary.cpp:264] NN: cost=29.449035, feasible=true, active_stations=1
[2026-10-05 04:37:16.754] [info] [candidate.cpp:199] InstancePrecompute: built 25 candidates
[2026-10-05 04:37:16.754] [info] [stationary.cpp:264] NN: cost=280.033913, feasible=true, active_stations=1
[2026-10-05 04:37:16.754] [info] [candidate.cpp:199] InstancePrecompute: built 25 candidates
[2026-10-05 04:37:16.754] [info] [stationary.cpp:264] NN: cost=18.697365, feasible=true, active_stations=1
[2026-10-05 04:37:16.754] [info] [candidate.cpp:199] InstancePrecompute: built 25 candidates
[2026-10-05 04:37:16.754] [info] [stationary.cpp:264] NN: cost=833.076510, feasible=true, active_stations=1
[2026-10-05 04:37:16.754] [info] [candidate.cpp:199] InstancePrecompute: built 25 candidates
[2026-10-05 04:37:16.754] [info] [stationary.cpp:264] NN: cost=586.037049, feasible=true, active_stations=1
[2026-10-05 04:37:16.754] [info] [candidate.cpp:199] InstancePrecompute: built 25 candidates
[2026-10-05 04:37:16.754] [info] [stationary.cpp:264] NN: cost=544.984966, feasible=true, active_stations=1
[2026-10-05 04:37:16.754] [info] [candidate.cpp:199] InstancePrecompute: built 25 candidates
[2026-10-05 04:37:16.754] [info] [stationary.cpp:264] NN: cost=298.990005, feasible=true, active_stations=1
[2026-10-05 04:37:16.754] [info] [candidate.cpp:199] InstancePrecompute: built 25 candidates
[2026-10-05 04:37:16.754] [info] [stationary.cpp:264] NN: cost=126.706780, feasible=true, active_stations=1
[2026-10-05 04:37:16.754] [info] [candidate.cpp:199] InstancePrecompute: built 50 candidates
[2026-10-05 04:37:16.754] [info] [stationary.cpp:264] NN: cost=106.907900, feasible=true, active_stations=1
[2026-10-05 04:37:16.754] [info] [candidate.cpp:199] InstancePrecompute: built 25 candidates
[2026-10-05 04:37:16.754] [info] [stationary.cpp:264] NN: cost=143.177822, feasible=true, active_stations=1
[2026-10-05 04:37:16.754] [info] [candidate.cpp:199] InstancePrecompute: built 25 candidates
[2026-10-05 04:37:16.754] [info] [stationary.cpp:264] NN: cost=29.449035, feasible=true, active_stations=1
[2026-10-05 04:37:16.754] [info] [candidate.cpp:199] InstancePrecompute: built 25 candidates
[2026-10-05 04:37:16.754] [info] [stationary.cpp:264] NN: cost=280.033913, feasible=true, active_stations=1
[2026-10-05 04:37:16.754] [info] [candidate.cpp:199] InstancePrecompute: built 25 candidates
[2026-10-05 04:37:16.754] [info] [stationary.cpp:264] NN: cost=18.697365, feasible=true, active_stations=1
[2026-10-05 04:37:16.754] [info] [candidate.cpp:199] InstancePrecompute: built 25 candidates
[2026-10-05 04:37:16.754] [info] [stationary.cpp:264] NN: cost=833.076510, feasible=true, active_stations=1
[2026-10-05 04:37:16.754] [info] [candidate.cpp:199] InstancePrecompute: built 25 candidates
[2026-10-05 04:37:16.754] [info] [stationary.cpp:264] NN: cost=586.037049, feasible=true, active_stations=1
[2026-10-05 04:37:16.754] [info] [candidate.cpp:199] InstancePrecompute: built 25 candidates
[2026-10-05 04:37:16.754] [info] [stationary.cpp:264] NN: cost=544.984966, feasible=true, active_stations=1
[2026-10-05 04:37:16.754] [info] [candidate.cpp:199] InstancePrecompute: built 25 candidates
[2026-10-05 04:37:16.754] [info] [stationary.cpp:264] NN: cost=298.990005, feasible=true, active_stations=1
[2026-10-05 04:37:16.754] [info] [candidate.cpp:199] InstancePrecompute: built 25 candidates
[2026-10-05 04:37:16.754] [info] [stationary.cpp:264] NN: cost=126.706780, feasible=true, active_stations=1
[2026-10-05 04:37:16.754] [info] [candidate.cpp:199] InstancePrecompute: built 50 candidates
[2026-10-05 04:37:16.754] [info] [stationary.cpp:264] NN: cost=106.907900, feasible=true, active_stations=1
[2026-10-05 04:37:16.754] [info] [candidate.cpp:199] InstancePrecompute: built 25 candidates
[2026-10-05 04:37:16.754] [info] [stationary.cpp:264] NN: cost=143.177822, feasible=true, active_stations=1
[2026-10-05 04:37:16.754] [info] [candidate.cpp:199] InstancePrecompute: built 25 candidates
[2026-10-05 04:37:16.754] [info] [stationary.cpp:264] NN: cost=29.449035, feasible=true, active_stations=1
[2026-10-05 04:37:16.754] [info] [candidate.cpp:199] InstancePrecompute: built 25 candidates
[2026-10-05 04:37:16.754] [info] [stationary.cpp:264] NN: cost=280.033913, feasible=true, active_stations=1
[2026-10-05 04:37:16.754] [info] [candidate.cpp:199] InstancePrecompute: built 25 candidates
[2026-10-05 04:37:16.754] [info] [stationary.cpp:264] NN: cost=18.697365, feasible=true, active_stations=1
[2026-10-05 04:37:16.754] [info] [candidate.cpp:199] InstancePrecompute: built 25 candidates
[2026-10-05 04:37:16.754] [info] [stationary.cpp:264] NN: cost=833.076510, feasible=true, active_stations=1
[2026-10-05 04:37:16.754] [info] [candidate.cpp:199] InstancePrecompute: built 25 candidates
[2026-10-05 04:37:16.754] [info] [stationary.cpp:264] NN: cost=586.037049, feasible=true, active_stations=1
[2026-10-05 04:37:16.754] [info] [candidate.cpp:199] InstancePrecompute: built 25 candidates
[2026-10-05 04:37:16.754] [info] [stationary.cpp:264] NN: cost=544.984966, feasible=true, active_stations=1
[2026-10-05 04:37:16.754] [info] [candidate.cpp:199] InstancePrecompute: built 25 candidates
[2026-10-05 04:37:16.754] [info] [stationary.cpp:264] NN: cost=298.990005, feasible=true, active_stations=1
[2026-10-05 04:37:16.754] [info] [candidate.cpp:199] InstancePrecompute: built 25 candidates
[2026-10-05 04:37:16.754] [info] [stationary.cpp:264] NN: cost=126.706780, feasible=true, active_stations=1
[2026-10-05 04:37:16.754] [info] [candidate.cpp:199] InstancePrecompute: built 25 candidates
[2026-10-05 04:37:16.754] [info] [stationary.cpp:264] NN: cost=72.483971, feasible=true, active_stations=1
[2026-10-05 04:37:16.754] [info] [candidate.cpp:199] InstancePrecompute: built 25 candidates
[2026-10-05 04:37:16.755] [info] [stationary.cpp:264] NN: cost=106.907900, feasible=true, active_stations=1
[2026-10-05 04:37:16.755] [info] [candidate.cpp:199] InstancePrecompute: built 25 candidates
[2026-10-05 04:37:16.755] [info] [stationary.cpp:264] NN: cost=143.177822, feasible=true, active_stations=1
[2026-10-05 04:37:16.755] [info] [candidate.cpp:199] InstancePrecompute: built 25 candidates
[2026-10-05 04:37:16.755] [info] [stationary.cpp:264] NN: cost=29.449035, feasible=true, active_stations=1
[2026-10-05 04:37:16.755] [info] [candidate.cpp:199] InstancePrecompute: built 25 candidates
[2026-10-05 04:37:16.755] [info] [stationary.cpp:264] NN: cost=280.033913, feasible=true, active_stations=1
[2026-10-05 04:37:16.755] [info] [candidate.cpp:199] InstancePrecompute: built 25 candidates
[2026-10-05 04:37:16.755] [info] [stationary.cpp:264] NN: cost=18.697365, feasible=true, active_stations=1
[2026-10-05 04:37:16.755] [info] [candidate.cpp:199] InstancePrecompute: built 25 candidates
[2026-10-05 04:37:16.755] [info] [stationary.cpp:264] NN: cost=833.076510, feasible=true, active_stations=1
[2026-10-05 04:37:16.755] [info] [candidate.cpp:199] InstancePrecompute: built 25 candidates
[2026-10-05 04:37:16.755] [info] [stationary.cpp:264] NN: cost=586.037049, feasible=true, active_stations=1
[2026-10-05 04:37:16.755] [info] [candidate.cpp:199] InstancePrecompute: built 25 candidates
[2026-10-05 04:37:16.755] [info] [stationary.cpp:264] NN: cost=544.984966, feasible=true, active_stations=1
[2026-10-05 04:37:16.755] [info] [candidate.cpp:199] InstancePrecompute: built 25 candidates
[2026-10-05 04:37:16.755] [info] [stationary.cpp:264] NN: cost=298.990005, feasible=true, active_stations=1
[2026-10-05 04:37:16.755] [info] [candidate.cpp:199] InstancePrecompute: built 25 candidates
[2026-10-05 04:37:16.755] [info] [stationary.cpp:264] NN: cost=126.706780, feasible=true, active_stations=1
[2026-10-05 04:37:16.755] [info] [candidate.cpp:199] InstancePrecompute: built 25 candidates
[2026-10-05 04:37:16.755] [info] [stationary.cpp:264] NN: cost=72.483971, feasible=true, active_stations=1
[2026-10-05 04:37:16.755] [info] [candidate.cpp:199] InstancePrecompute: built 25 candidates
[2026-10-05 04:37:16.755] [info] [stationary.cpp:264] NN: cost=106.907900, feasible=true, active_stations=1
[2026-10-05 04:37:16.755] [info] [candidate.cpp:199] InstancePrecompute: built 25 candidates
[2026-10-05 04:37:16.755] [info] [stationary.cpp:264] NN: cost=143.177822, feasible=true, active_stations=1
[2026-10-05 04:37:16.755] [info] [candidate.cpp:199] InstancePrecompute: built 25 candidates
[2026-10-05 04:37:16.755] [info] [stationary.cpp:264] NN: cost=29.449035, feasible=true, active_stations=1
[2026-10-05 04:37:16.755] [info] [candidate.cpp:199] InstancePrecompute: built 25 candidates
[2026-10-05 04:37:16.755] [info] [stationary.cpp:264] NN: cost=280.033913, feasible=true, active_stations=1
[2026-10-05 04:37:16.755] [info] [candidate.cpp:199] InstancePrecompute: built 25 candidates
[2026-10-05 04:37:16.755] [info] [stationary.cpp:264] NN: cost=18.697365, feasible=true, active_stations=1
[2026-10-05 04:37:16.755] [info] [candidate.cpp:199] InstancePrecompute: built 25 candidates
[2026-10-05 04:37:16.755] [info] [stationary.cpp:264] NN: cost=833.076510, feasible=true, active_stations=1
[2026-10-05 04:37:16.755] [info] [candidate.cpp:199] InstancePrecompute: built 25 candidates
[2026-10-05 04:37:16.755] [info] [stationary.cpp:264] NN: cost=586.037049, feasible=true, active_stations=1
[2026-10-05 04:37:16.755] [info] [candidate.cpp:199] InstancePrecompute: built 25 candidates
[2026-10-05 04:37:16.755] [info] [stationary.cpp:264] NN: cost=544.984966, feasible=true, active_stations=1
[2026-10-05 04:37:16.755] [info] [candidate.cpp:199] InstancePrecompute: built 25 candidates
[2026-10-05 04:37:16.755] [info] [stationary.cpp:264] NN: cost=298.990005, feasible=true, active_stations=1
[2026-10-05 04:37:16.755] [info] [candidate.cpp:199] InstancePrecompute: built 25 candidates
[2026-10-05 04:37:16.755] [info] [stationary.cpp:264] NN: cost=126.706780, feasible=true, active_stations=1
[2026-10-05 04:37:16.755] [info] [candidate.cpp:199] InstancePrecompute: built 25 candidates
[2026-10-05 04:37:16.755] [info] [stationary.cpp:264] NN: cost=72.483971, feasible=true, active_stations=1
[2026-10-05 04:37:16.755] [info] [candidate.cpp:199] InstancePrecompute: built 50 candidates
[2026-10-05 04:37:16.755] [info] [stationary.cpp:264] NN: cost=143.177822, feasible=true, active_stations=1
[2026-10-05 04:37:16.755] [info] [candidate.cpp:199] InstancePrecompute: built 25 candidates
[2026-10-05 04:37:16.755] [info] [stationary.cpp:264] NN: cost=29.449035, feasible=true, active_stations=1
[2026-10-05 04:37:16.755] [info] [candidate.cpp:199] InstancePrecompute: built 25 candidates
[2026-10-05 04:37:16.755] [info] [stationary.cpp:264] NN: cost=280.033913, feasible=true, active_stations=1
[2026-10-05 04:37:16.755] [info] [candidate.cpp:199] InstancePrecompute: built 25 candidates
[2026-10-05 04:37:16.755] [info] [stationary.cpp:264] NN: cost=18.697365, feasible=true, active_stations=1
[2026-10-05 04:37:16.755] [info] [candidate.cpp:199] InstancePrecompute: built 25 candidates
[2026-10-05 04:37:16.755] [info] [stationary.cpp:264] NN: cost=833.076510, feasible=true, active_stations=1
[2026-10-05 04:37:16.755] [info] [candidate.cpp:199] InstancePrecompute: built 25 candidates
[2026-10-05 04:37:16.755] [info] [stationary.cpp:264] NN: cost=586.037049, feasible=true, active_stations=1
[2026-10-05 04:37:16.755] [info] [candidate.cpp:199] InstancePrecompute: built 25 candidates
[2026-10-05 04:37:16.755] [info] [stationary.cpp:264] NN: cost=544.984966, feasible=true, active_stations=1
[2026-10-05 04:37:16.755] [info] [candidate.cpp:199] InstancePrecompute: built 25 candidates
[2026-10-05 04:37:16.755] [info] [stationary.cpp:264] NN: cost=298.990005, feasible=true, active_stations=1
[2026-10-05 04:37:16.755] [info] [candidate.cpp:199] InstancePrecompute: built 25 candidates
[2026-10-05 04:37:16.755] [info] [stationary.cpp:264] NN: cost=126.706780, feasible=true, active_stations=1
[2026-10-05 04:37:16.755] [info] [candidate.cpp:199] InstancePrecompute: built 25 candidates
[2026-10-05 04:37:16.755] [info] [stationary.cpp:264] NN: cost=72.483971, feasible=true, active_stations=1
[2026-10-05 04:37:16.755] [info] [candidate.cpp:199] InstancePrecompute: built 50 candidates
[2026-10-05 04:37:16.755] [info] [stationary.cpp:264] NN: cost=143.177822, feasible=true, active_stations=1
[2026-10-05 04:37:16.755] [info] [candidate.cpp:199] InstancePrecompute: built 25 candidates
[2026-10-05 04:37:16.755] [info] [stationary.cpp:264] NN: cost=29.449035, feasible=true, active_stations=1
[2026-10-05 04:37:16.755] [info] [candidate.cpp:199] InstancePrecompute: built 25 candidates
[2026-10-05 04:37:16.755] [info] [stationary.cpp:264] NN: cost=280.033913, feasible=true, active_stations=1
[2026-10-05 04:37:16.755] [info] [candidate.cpp:199] InstancePrecompute: built 25 candidates
[2026-10-05 04:37:16.755] [info] [stationary.cpp:264] NN: cost=18.697365, feasible=true, active_stations=1
[2026-10-05 04:37:16.755] [info] [candidate.cpp:199] InstancePrecompute: built 25 candidates
[2026-10-05 04:37:16.755] [info] [stationary.cpp:264] NN: cost=833.076510, feasible=true, active_stations=1
[2026-10-05 04:37:16.755] [info] [candidate.cpp:199] InstancePrecompute: built 25 candidates
[2026-10-05 04:37:16.755] [info] [stationary.cpp:264] NN: cost=586.037049, feasible=true, active_stations=1
[2026-10-05 04:37:16.755] [info] [candidate.cpp:199] InstancePrecompute: built 25 candidates
[2026-10-05 04:37:16.755] [info] [stationary.cpp:264] NN: cost=544.984966, feasible=true, active_stations=1
[2026-10-05 04:37:16.755] [info] [candidate.cpp:199] InstancePrecompute: built 25 candidates
[2026-10-05 04:37:16.755] [info] [stationary.cpp:264] NN: cost=298.990005, feasible=true, active_stations=1
[2026-10-05 04:37:16.755] [info] [candidate.cpp:199] InstancePrecompute: built 25 candidates
[2026-10-05 04:37:16.755] [info] [stationary.cpp:264] NN: cost=126.706780, feasible=true, active_stations=1
[2026-10-05 04:37:16.755] [info] [candidate.cpp:199] InstancePrecompute: built 25 candidates
[2026-10-05 04:37:16.755] [info] [stationary.cpp:264] NN: cost=72.483971, feasible=true, active_stations=1
[2026-10-05 04:37:16.755] [info] [candidate.cpp:199] InstancePrecompute: built 50 candidates
[2026-10-05 04:37:16.755] [info] [stationary.cpp:264] NN: cost=143.177822, feasible=true, active_stations=1
[2026-10-05 04:37:16.755] [info] [candidate.cpp:199] InstancePrecompute: built 25 candidates
[2026-10-05 04:37:16.755] [info] [stationary.cpp:264] NN: cost=29.449035, feasible=true, active_stations=1
[2026-10-05 04:37:16.755] [info] [candidate.cpp:199] InstancePrecompute: built 25 candidates
[2026-10-05 04:37:16.755] [info] [stationary.cpp:264] NN: cost=280.033913, feasible=true, active_stations=1
[2026-10-05 04:37:16.755] [info] [candidate.cpp:199] InstancePrecompute: built 25 candidates
[2026-10-05 04:37:16.755] [info] [stationary.cpp:264] NN: cost=18.697365, feasible=true, active_stations=1
[2026-10-05 04:37:16.755] [info] [candidate.cpp:199] InstancePrecompute: built 25 candidates
[2026-10-05 04:37:16.755] [info] [stationary.cpp:264] NN: cost=833.076510, feasible=true, active_stations=1
[2026-10-05 04:37:16.755] [info] [candidate.cpp:199] InstancePrecompute: built 25 candidates
[2026-10-05 04:37:16.755] [info] [stationary.cpp:264] NN: cost=586.037049, feasible=true, active_stations=1
[2026-10-05 04:37:16.755] [info] [candidate.cpp:199] InstancePrecompute: built 25 candidates
[2026-10-05 04:37:16.755] [info] [stationary.cpp:264] NN: cost=544.984966, feasible=true, active_stations=1
[2026-10-05 04:37:16.755] [info] [candidate.cpp:199] InstancePrecompute: built 25 candidates
[2026-10-05 04:37:16.755] [info] [stationary.cpp:264] NN: cost=298.990005, feasible=true, active_stations=1
[2026-10-05 04:37:16.755] [info] [candidate.cpp:199] InstancePrecompute: built 25 candidates
[2026-10-05 04:37:16.755] [info] [stationary.cpp:264] NN: cost=126.706780, feasible=true, active_stations=1
[2026-10-05 04:37:16.755] [info] [candidate.cpp:199] InstancePrecompute: built 25 candidates
[2026-10-05 04:37:16.755] [info] [stationary.cpp:264] NN: cost=72.483971, feasible=true, active_stations=1
[2026-10-05 04:37:16.755] [info] [candidate.cpp:199] InstancePrecompute: built 50 candidates
[2026-10-05 04:37:16.755] [info] [stationary.cpp:264] NN: cost=143.177822, feasible=true, active_stations=1
[2026-10-05 04:37:16.755] [info] [candidate.cpp:199] InstancePrecompute: built 25 candidates
[2026-10-05 04:37:16.755] [info] [stationary.cpp:264] NN: cost=29.449035, feasible=true, active_stations=1
[2026-10-05 04:37:16.755] [info] [candidate.cpp:199] InstancePrecompute: built 25 candidates
[2026-10-05 04:37:16.755] [info] [stationary.cpp:264] NN: cost=280.033913, feasible=true, active_stations=1
[2026-10-05 04:37:16.755] [info] [candidate.cpp:199] InstancePrecompute: built 25 candidates
[2026-10-05 04:37:16.755] [info] [stationary.cpp:264] NN: cost=18.697365, feasible=true, active_stations=1
[2026-10-05 04:37:16.755] [info] [candidate.cpp:199] InstancePrecompute: built 25 candidates
[2026-10-05 04:37:16.755] [info] [stationary.cpp:264] NN: cost=833.076510, feasible=true, active_stations=1
[2026-10-05 04:37:16.755] [info] [candidate.cpp:199] InstancePrecompute: built 25 candidates
[2026-10-05 04:37:16.755] [info] [stationary.cpp:264] NN: cost=586.037049, feasible=true, active_stations=1
[2026-10-05 04:37:16.755] [info] [candidate.cpp:199] InstancePrecompute: built 25 candidates
[2026-10-05 04:37:16.755] [info] [stationary.cpp:264] NN: cost=544.984966, feasible=true, active_stations=1
[2026-10-05 04:37:16.755] [info] [candidate.cpp:199] InstancePrecompute: built 25 candidates
[2026-10-05 04:37:16.755] [info] [stationary.cpp:264] NN: cost=298.990005, feasible=true, active_stations=1
[2026-10-05 04:37:16.755] [info] [candidate.cpp:199] InstancePrecompute: built 25 candidates
[2026-10-05 04:37:16.755] [info] [stationary.cpp:264] NN: cost=126.706780, feasible=true, active_stations=1
[2026-10-05 04:37:16.755] [info] [candidate.cpp:199] InstancePrecompute: built 25 candidates
[2026-10-05 04:37:16.755] [info] [stationary.cpp:264] NN: cost=72.483971, feasible=true, active_stations=1
[2026-10-05 04:37:16.755] [info] [candidate.cpp:199] InstancePrecompute: built 50 candidates
[2026-10-05 04:37:16.755] [info] [stationary.cpp:264] NN: cost=143.177822, feasible=true, active_stations=1
[2026-10-05 04:37:16.755] [info] [candidate.cpp:199] InstancePrecompute: built 25 candidates
[2026-10-05 04:37:16.755] [info] [stationary.cpp:264] NN: cost=29.449035, feasible=true, active_stations=1
[2026-10-05 04:37:16.755] [info] [candidate.cpp:199] InstancePrecompute: built 25 candidates
[2026-10-05 04:37:16.755] [info] [stationary.cpp:264] NN: cost=280.033913, feasible=true, active_stations=1
[2026-10-05 04:37:16.755] [info] [candidate.cpp:199] InstancePrecompute: built 25 candidates
[2026-10-05 04:37:16.755] [info] [stationary.cpp:264] NN: cost=18.697365, feasible=true, active_stations=1
[2026-10-05 04:37:16.755] [info] [candidate.cpp:199] InstancePrecompute: built 25 candidates
[2026-10-05 04:37:16.755] [info] [stationary.cpp:264] NN: cost=833.076510, feasible=true, active_stations=1
[2026-10-05 04:37:16.755] [info] [candidate.cpp:199] InstancePrecompute: built 25 candidates
[2026-10-05 04:37:16.755] [info] [stationary.cpp:264] NN: cost=586.037049, feasible=true, active_stations=1
[2026-10-05 04:37:16.755] [info] [candidate.cpp:199] InstancePrecompute: built 25 candidates
[2026-10-05 04:37:16.755] [info] [stationary.cpp:264] NN: cost=544.984966, feasible=true, active_stations=1
[2026-10-05 04:37:16.755] [info] [candidate.cpp:199] InstancePrecompute: built 25 candidates
[2026-10-05 04:37:16.755] [info] [stationary.cpp:264] NN: cost=298.990005, feasible=true, active_stations=1
[2026-10-05 04:37:16.755] [info] [candidate.cpp:199] InstancePrecompute: built 25 candidates
[2026-10-05 04:37:16.755] [info] [stationary.cpp:264] NN: cost=126.706780, feasible=true, active_stations=1
[2026-10-05 04:37:16.755] [info] [candidate.cpp:199] InstancePrecompute: built 25 candidates
[2026-10-05 04:37:16.755] [info] [stationary.cpp:264] NN: cost=72.483971, feasible=true, active_stations=1
[2026-10-05 04:37:16.755] [info] [candidate.cpp:199] InstancePrecompute: built 50 candidates
[2026-10-05 04:37:16.755] [info] [stationary.cpp:264] NN: cost=143.177822, feasible=true, active_stations=1
[2026-10-05 04:37:16.755] [info] [candidate.cpp:199] InstancePrecompute: built 25 candidates
[2026-10-05 04:37:16.755] [info] [stationary.cpp:264] NN: cost=29.449035, feasible=true, active_stations=1
[2026-10-05 04:37:16.755] [info] [candidate.cpp:199] InstancePrecompute: built 25 candidates
[2026-10-05 04:37:16.755] [info] [stationary.cpp:264] NN: cost=280.033913, feasible=true, active_stations=1
[2026-10-05 04:37:16.755] [info] [candidate.cpp:199] InstancePrecompute: built 25 candidates
[2026-10-05 04:37:16.755] [info] [stationary.cpp:264] NN: cost=18.697365, feasible=true, active_stations=1
[2026-10-05 04:37:16.755] [info] [candidate.cpp:199] InstancePrecompute: built 25 candidates
[2026-10-05 04:37:16.755] [info] [stationary.cpp:264] NN: cost=833.076510, feasible=true, active_stations=1
[2026-10-05 04:37:16.755] [info] [candidate.cpp:199] InstancePrecompute: built 25 candidates
[2026-10-05 04:37:16.755] [info] [stationary.cpp:264] NN: cost=586.037049, feasible=true, active_stations=1
[2026-10-05 04:37:16.755] [info] [candidate.cpp:199] InstancePrecompute: built 25 candidates
[2026-10-05 04:37:16.755] [info] [stationary.cpp:264] NN: cost=544.984966, feasible=true, active_stations=1
[2026-10-05 04:37:16.755] [info] [candidate.cpp:199] InstancePrecompute: built 25 candidates
[2026-10-05 04:37:16.755] [info] [stationary.cpp:264] NN: cost=298.990005, feasible=true, active_stations=1
[2026-10-05 04:37:16.755] [info] [candidate.cpp:199] InstancePrecompute: built 25 candidates
[2026-10-05 04:37:16.755] [info] [stationary.cpp:264] NN: cost=126.706780, feasible=true, active_stations=1
[2026-10-05 04:37:16.755] [info] [candidate.cpp:199] InstancePrecompute: built 25 candidates
[2026-10-05 04:37:16.755] [info] [stationary.cpp:264] NN: cost=72.483971, feasible=true, active_stations=1
[2026-10-05 04:37:16.755] [info] [candidate.cpp:199] InstancePrecompute: built 25 candidates
[2026-10-05 04:37:16.755] [info] [stationary.cpp:264] NN: cost=143.177822, feasible=true, active_stations=1
[2026-10-05 04:37:16.755] [info] [candidate.cpp:199] InstancePrecompute: built 25 candidates
[2026-10-05 04:37:16.755] [info] [stationary.cpp:264] NN: cost=106.907900, feasible=true, active_stations=1
[2026-10-05 04:37:16.755] [info] [candidate.cpp:199] InstancePrecompute: built 25 candidates
[2026-10-05 04:37:16.755] [info] [stationary.cpp:264] NN: cost=29.449035, feasible=true, active_stations=1
[2026-10-05 04:37:16.755] [info] [candidate.cpp:199] InstancePrecompute: built 25 candidates
[2026-10-05 04:37:16.755] [info] [stationary.cpp:264] NN: cost=280.033913, feasible=true, active_stations=1
[2026-10-05 04:37:16.755] [info] [candidate.cpp:199] InstancePrecompute: built 25 candidates
[2026-10-05 04:37:16.755] [info] [stationary.cpp:264] NN: cost=18.697365, feasible=true, active_stations=1
[2026-10-05 04:37:16.755] [info] [candidate.cpp:199] InstancePrecompute: built 25 candidates
[2026-10-05 04:37:16.755] [info] [stationary.cpp:264] NN: cost=833.076510, feasible=true, active_stations=1
[2026-10-05 04:37:16.755] [info] [candidate.cpp:199] InstancePrecompute: built 25 candidates
[2026-10-05 04:37:16.755] [info] [stationary.cpp:264] NN: cost=586.037049, feasible=true, active_stations=1
[2026-10-05 04:37:16.755] [info] [candidate.cpp:199] InstancePrecompute: built 25 candidates
[2026-10-05 04:37:16.755] [info] [stationary.cpp:264] NN: cost=544.984966, feasible=true, active_stations=1
[2026-10-05 04:37:16.755] [info] [candidate.cpp:199] InstancePrecompute: built 25 candidates
[2026-10-05 04:37:16.755] [info] [stationary.cpp:264] NN: cost=298.990005, feasible=true, active_stations=1
[2026-10-05 04:37:16.755] [info] [candidate.cpp:199] InstancePrecompute: built 25 candidates
[2026-10-05 04:37:16.755] [info] [stationary.cpp:264] NN: cost=126.706780, feasible=true, active_stations=1
[2026-10-05 04:37:16.755] [info] [candidate.cpp:199] InstancePrecompute: built 25 candidates
[2026-10-05 04:37:16.755] [info] [stationary.cpp:264] NN: cost=72.483971, feasible=true, active_stations=1
[2026-10-05 04:37:16.755] [info] [candidate.cpp:199] InstancePrecompute: built 25 candidates
[2026-10-05 04:37:16.755] [info] [stationary.cpp:264] NN: cost=143.177822, feasible=true, active_stations=1
[2026-10-05 04:37:16.755] [info] [candidate.cpp:199] InstancePrecompute: built 25 candidates
[2026-10-05 04:37:16.755] [info] [stationary.cpp:264] NN: cost=106.907900, feasible=true, active_stations=1
[2026-10-05 04:37:16.755] [info] [candidate.cpp:199] InstancePrecompute: built 25 candidates
[2026-10-05 04:37:16.755] [info] [stationary.cpp:264] NN: cost=29.449035, feasible=true, active_stations=1
[2026-10-05 04:37:16.755] [info] [candidate.cpp:199] InstancePrecompute: built 25 candidates
[2026-10-05 04:37:16.755] [info] [stationary.cpp:264] NN: cost=280.033913, feasible=true, active_stations=1
[2026-10-05 04:37:16.755] [info] [candidate.cpp:199] InstancePrecompute: built 25 candidates
[2026-10-05 04:37:16.755] [info] [stationary.cpp:264] NN: cost=18.697365, feasible=true, active_stations=1
[2026-10-05 04:37:16.755] [info] [candidate.cpp:199] InstancePrecompute: built 25 candidates
[2026-10-05 04:37:16.755] [info] [stationary.cpp:264] NN: cost=833.076510, feasible=true, active_stations=1
[2026-10-05 04:37:16.755] [info] [candidate.cpp:199] InstancePrecompute: built 25 candidates
[2026-10-05 04:37:16.755] [info] [stationary.cpp:264] NN: cost=586.037049, feasible=true, active_stations=1
[2026-10-05 04:37:16.755] [info] [candidate.cpp:199] InstancePrecompute: built 25 candidates
[2026-10-05 04:37:16.755] [info] [stationary.cpp:264] NN: cost=544.984966, feasible=true, active_stations=1
[2026-10-05 04:37:16.755] [info] [candidate.cpp:199] InstancePrecompute: built 25 candidates
[2026-10-05 04:37:16.755] [info] [stationary.cpp:264] NN: cost=298.990005, feasible=true, active_stations=1
[2026-10-05 04:37:16.755] [info] [candidate.cpp:199] InstancePrecompute: built 25 candidates
[2026-10-05 04:37:16.755] [info] [stationary.cpp:264] NN: cost=72.483971, feasible=true, active_stations=1
[2026-10-05 04:37:16.755] [info] [candidate.cpp:199] InstancePrecompute: built 25 candidates
[2026-10-05 04:37:16.755] [info] [stationary.cpp:264] NN: cost=126.706780, feasible=true, active_stations=1
[2026-10-05 04:37:16.755] [info] [candidate.cpp:199] InstancePrecompute: built 50 candidates
[2026-10-05 04:37:16.755] [info] [stationary.cpp:264] NN: cost=143.177822, feasible=true, active_stations=1
[2026-10-05 04:37:16.755] [info] [candidate.cpp:199] InstancePrecompute: built 25 candidates
[2026-10-05 04:37:16.755] [info] [stationary.cpp:264] NN: cost=280.033913, feasible=true, active_stations=1
[2026-10-05 04:37:16.755] [info] [candidate.cpp:199] InstancePrecompute: built 25 candidates
[2026-10-05 04:37:16.755] [info] [stationary.cpp:264] NN: cost=29.449035, feasible=true, active_stations=1
[2026-10-05 04:37:16.755] [info] [candidate.cpp:199] InstancePrecompute: built 25 candidates
[2026-10-05 04:37:16.755] [info] [stationary.cpp:264] NN: cost=18.697365, feasible=true, active_stations=1
[2026-10-05 04:37:16.755] [info] [candidate.cpp:199] InstancePrecompute: built 25 candidates
[2026-10-05 04:37:16.755] [info] [stationary.cpp:264] NN: cost=833.076510, feasible=true, active_stations=1
[2026-10-05 04:37:16.755] [info] [candidate.cpp:199] InstancePrecompute: built 25 candidates
[2026-10-05 04:37:16.755] [info] [stationary.cpp:264] NN: cost=586.037049, feasible=true, active_stations=1
[2026-10-05 04:37:16.755] [info] [candidate.cpp:199] InstancePrecompute: built 25 candidates
[2026-10-05 04:37:16.755] [info] [stationary.cpp:264] NN: cost=544.984966, feasible=true, active_stations=1
[2026-10-05 04:37:16.755] [info] [candidate.cpp:199] InstancePrecompute: built 25 candidates
[2026-10-05 04:37:16.755] [info] [stationary.cpp:264] NN: cost=298.990005, feasible=true, active_stations=1
[2026-10-05 04:37:16.755] [info] [candidate.cpp:199] InstancePrecompute: built 25 candidates
[2026-10-05 04:37:16.755] [info] [stationary.cpp:264] NN: cost=72.483971, feasible=true, active_stations=1
[2026-10-05 04:37:16.755] [info] [candidate.cpp:199] InstancePrecompute: built 25 candidates
[2026-10-05 04:37:16.755] [info] [stationary.cpp:264] NN: cost=126.706780, feasible=true, active_stations=1
[2026-10-05 04:37:16.755] [info] [candidate.cpp:199] InstancePrecompute: built 50 candidates
[2026-10-05 04:37:16.755] [info] [stationary.cpp:264] NN: cost=143.177822, feasible=true, active_stations=1
[2026-10-05 04:37:16.755] [info] [candidate.cpp:199] InstancePrecompute: built 25 candidates
[2026-10-05 04:37:16.755] [info] [stationary.cpp:264] NN: cost=280.033913, feasible=true, active_stations=1
[2026-10-05 04:37:16.755] [info] [candidate.cpp:199] InstancePrecompute: built 25 candidates
[2026-10-05 04:37:16.755] [info] [stationary.cpp:264] NN: cost=29.449035, feasible=true, active_stations=1
[2026-10-05 04:37:16.755] [info] [candidate.cpp:199] InstancePrecompute: built 25 candidates
[2026-10-05 04:37:16.755] [info] [stationary.cpp:264] NN: cost=18.697365, feasible=true, active_stations=1
[2026-10-05 04:37:16.755] [info] [candidate.cpp:199] InstancePrecompute: built 25 candidates
[2026-10-05 04:37:16.755] [info] [stationary.cpp:264] NN: cost=833.076510, feasible=true, active_stations=1
[2026-10-05 04:37:16.755] [info] [candidate.cpp:199] InstancePrecompute: built 25 candidates
[2026-10-05 04:37:16.755] [info] [stationary.cpp:264] NN: cost=586.037049, feasible=true, active_stations=1
[2026-10-05 04:37:16.755] [info] [candidate.cpp:199] InstancePrecompute: built 25 candidates
[2026-10-05 04:37:16.755] [info] [stationary.cpp:264] NN: cost=544.984966, feasible=true, active_stations=1
[2026-10-05 04:37:16.755] [info] [candidate.cpp:199] InstancePrecompute: built 25 candidates
[2026-10-05 04:37:16.755] [info] [stationary.cpp:264] NN: cost=298.990005, feasible=true, active_stations=1
[2026-10-05 04:37:16.755] [info] [candidate.cpp:199] InstancePrecompute: built 25 candidates
[2026-10-05 04:37:16.755] [info] [stationary.cpp:264] NN: cost=72.483971, feasible=true, active_stations=1
[2026-10-05 04:37:16.755] [info] [candidate.cpp:199] InstancePrecompute: built 25 candidates
[2026-10-05 04:37:16.755] [info] [stationary.cpp:264] NN: cost=126.706780, feasible=true, active_stations=1
[2026-10-05 04:37:16.755] [info] [candidate.cpp:199] InstancePrecompute: built 50 candidates
[2026-10-05 04:37:16.755] [info] [stationary.cpp:264] NN: cost=143.177822, feasible=true, active_stations=1
[2026-10-05 04:37:16.755] [info] [candidate.cpp:199] InstancePrecompute: built 25 candidates
[2026-10-05 04:37:16.755] [info] [stationary.cpp:264] NN: cost=280.033913, feasible=true, active_stations=1
[2026-10-05 04:37:16.755] [info] [candidate.cpp:199] InstancePrecompute: built 25 candidates
[2026-10-05 04:37:16.755] [info] [stationary.cpp:264] NN: cost=29.449035, feasible=true, active_stations=1
[2026-10-05 04:37:16.755] [info] [candidate.cpp:199] InstancePrecompute: built 25 candidates
[2026-10-05 04:37:16.755] [info] [stationary.cpp:264] NN: cost=18.697365, feasible=true, active_stations=1
[2026-10-05 04:37:16.755] [info] [candidate.cpp:199] InstancePrecompute: built 25 candidates
[2026-10-05 04:37:16.755] [info] [stationary.cpp:264] NN: cost=833.076510, feasible=true, active_stations=1
[2026-10-05 04:37:16.755] [info] [candidate.cpp:199] InstancePrecompute: built 25 candidates
[2026-10-05 04:37:16.755] [info] [stationary.cpp:264] NN: cost=586.037049, feasible=true, active_stations=1
[2026-10-05 04:37:16.755] [info] [candidate.cpp:199] InstancePrecompute: built 25 candidates
[2026-10-05 04:37:16.755] [info] [stationary.cpp:264] NN: cost=544.984966, feasible=true, active_stations=1
[2026-10-05 04:37:16.755] [info] [candidate.cpp:199] InstancePrecompute: built 25 candidates
[2026-10-05 04:37:16.755] [info] [stationary.cpp:264] NN: cost=298.990005, feasible=true, active_stations=1
[2026-10-05 04:37:16.755] [info] [candidate.cpp:199] InstancePrecompute: built 25 candidates
[2026-10-05 04:37:16.755] [info] [stationary.cpp:264] NN: cost=72.483971, feasible=true, active_stations=1
[2026-10-05 04:37:16.755] [info] [candidate.cpp:199] InstancePrecompute: built 25 candidates
[2026-10-05 04:37:16.755] [info] [stationary.cpp:264] NN: cost=126.706780, feasible=true, active_stations=1
[2026-10-05 04:37:16.755] [info] [candidate.cpp:199] InstancePrecompute: built 50 candidates
[2026-10-05 04:37:16.755] [info] [stationary.cpp:264] NN: cost=143.177822, feasible=true, active_stations=1
[2026-10-05 04:37:16.755] [info] [candidate.cpp:199] InstancePrecompute: built 25 candidates
[2026-10-05 04:37:16.755] [info] [stationary.cpp:264] NN: cost=280.033913, feasible=true, active_stations=1
[2026-10-05 04:37:16.755] [info] [candidate.cpp:199] InstancePrecompute: built 50 candidates
[2026-10-05 04:37:16.755] [info] [stationary.cpp:264] NN: cost=48.146400, feasible=true, active_stations=2
[2026-10-05 04:37:16.755] [info] [candidate.cpp:199] InstancePrecompute: built 25 candidates
[2026-10-05 04:37:16.755] [info] [stationary.cpp:264] NN: cost=833.076510, feasible=true, active_stations=1
[2026-10-05 04:37:16.755] [info] [candidate.cpp:199] InstancePrecompute: built 25 candidates
[2026-10-05 04:37:16.755] [info] [stationary.cpp:264] NN: cost=586.037049, feasible=true, active_stations=1
[2026-10-05 04:37:16.755] [info] [candidate.cpp:199] InstancePrecompute: built 25 candidates
[2026-10-05 04:37:16.755] [info] [stationary.cpp:264] NN: cost=544.984966, feasible=true, active_stations=1
[2026-10-05 04:37:16.755] [info] [candidate.cpp:199] InstancePrecompute: built 25 candidates
[2026-10-05 04:37:16.755] [info] [stationary.cpp:264] NN: cost=298.990005, feasible=true, active_stations=1
[2026-10-05 04:37:16.755] [info] [candidate.cpp:199] InstancePrecompute: built 25 candidates
[2026-10-05 04:37:16.755] [info] [stationary.cpp:264] NN: cost=72.483971, feasible=true, active_stations=1
[2026-10-05 04:37:16.755] [info] [candidate.cpp:199] InstancePrecompute: built 25 candidates
[2026-10-05 04:37:16.755] [info] [stationary.cpp:264] NN: cost=126.706780, feasible=true, active_stations=1
[2026-10-05 04:37:16.755] [info] [candidate.cpp:199] InstancePrecompute: built 50 candidates
[2026-10-05 04:37:16.755] [info] [stationary.cpp:264] NN: cost=143.177822, feasible=true, active_stations=1
[2026-10-05 04:37:16.755] [info] [candidate.cpp:199] InstancePrecompute: built 25 candidates
[2026-10-05 04:37:16.755] [info] [stationary.cpp:264] NN: cost=280.033913, feasible=true, active_stations=1
[2026-10-05 04:37:16.755] [info] [candidate.cpp:199] InstancePrecompute: built 50 candidates
[2026-10-05 04:37:16.755] [info] [stationary.cpp:264] NN: cost=48.146400, feasible=true, active_stations=2
[2026-10-05 04:37:16.755] [info] [candidate.cpp:199] InstancePrecompute: built 25 candidates
[2026-10-05 04:37:16.755] [info] [stationary.cpp:264] NN: cost=833.076510, feasible=true, active_stations=1
[2026-10-05 04:37:16.755] [info] [candidate.cpp:199] InstancePrecompute: built 25 candidates
[2026-10-05 04:37:16.755] [info] [stationary.cpp:264] NN: cost=586.037049, feasible=true, active_stations=1
[2026-10-05 04:37:16.755] [info] [candidate.cpp:199] InstancePrecompute: built 25 candidates
[2026-10-05 04:37:16.755] [info] [stationary.cpp:264] NN: cost=544.984966, feasible=true, active_stations=1
[2026-10-05 04:37:16.755] [info] [candidate.cpp:199] InstancePrecompute: built 25 candidates
[2026-10-05 04:37:16.755] [info] [stationary.cpp:264] NN: cost=298.990005, feasible=true, active_stations=1
[2026-10-05 04:37:16.755] [info] [candidate.cpp:199] InstancePrecompute: built 25 candidates
[2026-10-05 04:37:16.755] [info] [stationary.cpp:264] NN: cost=72.483971, feasible=true, active_stations=1
[2026-10-05 04:37:16.755] [info] [candidate.cpp:199] InstancePrecompute: built 25 candidates
[2026-10-05 04:37:16.755] [info] [stationary.cpp:264] NN: cost=126.706780, feasible=true, active_stations=1
[2026-10-05 04:37:16.756] [info] [candidate.cpp:199] InstancePrecompute: built 50 candidates
[2026-10-05 04:37:16.756] [info] [stationary.cpp:264] NN: cost=143.177822, feasible=true, active_stations=1
[2026-10-05 04:37:16.756] [info] [candidate.cpp:199] InstancePrecompute: built 25 candidates
[2026-10-05 04:37:16.756] [info] [stationary.cpp:264] NN: cost=280.033913, feasible=true, active_stations=1
[2026-10-05 04:37:16.756] [info] [candidate.cpp:199] InstancePrecompute: built 50 candidates
[2026-10-05 04:37:16.756] [info] [stationary.cpp:264] NN: cost=48.146400, feasible=true, active_stations=2
[2026-10-05 04:37:16.756] [info] [candidate.cpp:199] InstancePrecompute: built 25 candidates
[2026-10-05 04:37:16.756] [info] [stationary.cpp:264] NN: cost=833.076510, feasible=true, active_stations=1
[2026-10-05 04:37:16.756] [info] [candidate.cpp:199] InstancePrecompute: built 25 candidates
[2026-10-05 04:37:16.756] [info] [stationary.cpp:264] NN: cost=586.037049, feasible=true, active_stations=1
[2026-10-05 04:37:16.756] [info] [candidate.cpp:199] InstancePrecompute: built 25 candidates
[2026-10-05 04:37:16.756] [info] [stationary.cpp:264] NN: cost=544.984966, feasible=true, active_stations=1
[2026-10-05 04:37:16.756] [info] [candidate.cpp:199] InstancePrecompute: built 25 candidates
[2026-10-05 04:37:16.756] [info] [stationary.cpp:264] NN: cost=298.990005, feasible=true, active_stations=1
[2026-10-05 04:37:16.756] [info] [candidate.cpp:199] InstancePrecompute: built 25 candidates
[2026-10-05 04:37:16.756] [info] [stationary.cpp:264] NN: cost=72.483971, feasible=true, active_stations=1
[2026-10-05 04:37:16.756] [info] [candidate.cpp:199] InstancePrecompute: built 25 candidates
[2026-10-05 04:37:16.756] [info] [stationary.cpp:264] NN: cost=126.706780, feasible=true, active_stations=1
[2026-10-05 04:37:16.756] [info] [candidate.cpp:199] InstancePrecompute: built 25 candidates
[2026-10-05 04:37:16.756] [info] [stationary.cpp:264] NN: cost=143.177822, feasible=true, active_stations=1
[2026-10-05 04:37:16.756] [info] [candidate.cpp:199] InstancePrecompute: built 25 candidates
[2026-10-05 04:37:16.756] [info] [stationary.cpp:264] NN: cost=106.907900, feasible=true, active_stations=1
[2026-10-05 04:37:16.756] [info] [candidate.cpp:199] InstancePrecompute: built 25 candidates
[2026-10-05 04:37:16.756] [info] [stationary.cpp:264] NN: cost=280.033913, feasible=true, active_stations=1
[2026-10-05 04:37:16.756] [info] [candidate.cpp:199] InstancePrecompute: built 50 candidates
[2026-10-05 04:37:16.756] [info] [stationary.cpp:264] NN: cost=48.146400, feasible=true, active_stations=2
[2026-10-05 04:37:16.756] [info] [candidate.cpp:199] InstancePrecompute: built 25 candidates
[2026-10-05 04:37:16.756] [info] [stationary.cpp:264] NN: cost=833.076510, feasible=true, active_stations=1
[2026-10-05 04:37:16.756] [info] [candidate.cpp:199] InstancePrecompute: built 25 candidates
[2026-10-05 04:37:16.756] [info] [stationary.cpp:264] NN: cost=586.037049, feasible=true, active_stations=1
[2026-10-05 04:37:16.756] [info] [candidate.cpp:199] InstancePrecompute: built 25 candidates
[2026-10-05 04:37:16.756] [info] [stationary.cpp:264] NN: cost=544.984966, feasible=true, active_stations=1
[2026-10-05 04:37:16.756] [info] [candidate.cpp:199] InstancePrecompute: built 25 candidates
[2026-10-05 04:37:16.756] [info] [stationary.cpp:264] NN: cost=298.990005, feasible=true, active_stations=1
[2026-10-05 04:37:16.756] [info] [candidate.cpp:199] InstancePrecompute: built 25 candidates
[2026-10-05 04:37:16.756] [info] [stationary.cpp:264] NN: cost=72.483971, feasible=true, active_stations=1
[2026-10-05 04:37:16.756] [info] [candidate.cpp:199] InstancePrecompute: built 25 candidates
[2026-10-05 04:37:16.756] [info] [stationary.cpp:264] NN: cost=126.706780, feasible=true, active_stations=1
[2026-10-05 04:37:16.756] [info] [candidate.cpp:199] InstancePrecompute: built 25 candidates
[2026-10-05 04:37:16.756] [info] [stationary.cpp:264] NN: cost=143.177822, feasible=true, active_stations=1
[2026-10-05 04:37:16.756] [info] [candidate.cpp:199] InstancePrecompute: built 25 candidates
[2026-10-05 04:37:16.756] [info] [stationary.cpp:264] NN: cost=106.907900, feasible=true, active_stations=1
[2026-10-05 04:37:16.756] [info] [candidate.cpp:199] InstancePrecompute: built 25 candidates
[2026-10-05 04:37:16.756] [info] [stationary.cpp:264] NN: cost=280.033913, feasible=true, active_stations=1
[2026-10-05 04:37:16.756] [info] [candidate.cpp:199] InstancePrecompute: built 50 candidates
[2026-10-05 04:37:16.756] [info] [stationary.cpp:264] NN: cost=48.146400, feasible=true, active_stations=2
[2026-10-05 04:37:16.756] [info] [candidate.cpp:199] InstancePrecompute: built 25 candidates
[2026-10-05 04:37:16.756] [info] [stationary.cpp:264] NN: cost=833.076510, feasible=true, active_stations=1
[2026-10-05 04:37:16.756] [info] [candidate.cpp:199] InstancePrecompute: built 25 candidates
[2026-10-05 04:37:16.756] [info] [stationary.cpp:264] NN: cost=586.037049, feasible=true, active_stations=1
[2026-10-05 04:37:16.756] [info] [candidate.cpp:199] InstancePrecompute: built 25 candidates
[2026-10-05 04:37:16.756] [info] [stationary.cpp:264] NN: cost=544.984966, feasible=true, active_stations=1
[2026-10-05 04:37:16.756] [info] [candidate.cpp:199] InstancePrecompute: built 25 candidates
[2026-10-05 04:37:16.756] [info] [stationary.cpp:264] NN: cost=298.990005, feasible=true, active_stations=1
[2026-10-05 04:37:16.756] [info] [candidate.cpp:199] InstancePrecompute: built 25 candidates
[2026-10-05 04:37:16.756] [info] [stationary.cpp:264] NN: cost=72.483971, feasible=true, active_stations=1
[2026-10-05 04:37:16.756] [info] [candidate.cpp:199] InstancePrecompute: built 25 candidates
[2026-10-05 04:37:16.756] [info] [stationary.cpp:264] NN: cost=126.706780, feasible=true, active_stations=1
[2026-10-05 04:37:16.756] [info] [candidate.cpp:199] InstancePrecompute: built 50 candidates
[2026-10-05 04:37:16.756] [info] [stationary.cpp:264] NN: cost=143.177822, feasible=true, active_stations=1
[2026-10-05 04:37:16.756] [info] [candidate.cpp:199] InstancePrecompute: built 25 candidates
[2026-10-05 04:37:16.756] [info] [stationary.cpp:264] NN: cost=280.033913, feasible=true, active_stations=1
[2026-10-05 04:37:16.756] [info] [candidate.cpp:199] InstancePrecompute: built 25 candidates
[2026-10-05 04:37:16.756] [info] [stationary.cpp:264] NN: cost=29.449035, feasible=true, active_stations=1
[2026-10-05 04:37:16.756] [info] [candidate.cpp:199] InstancePrecompute: built 25 candidates
[2026-10-05 04:37:16.756] [info] [stationary.cpp:264] NN: cost=18.697365, feasible=true, active_stations=1
[2026-10-05 04:37:16.756] [info] [candidate.cpp:199] InstancePrecompute: built 25 candidates
[2026-10-05 04:37:16.756] [info] [stationary.cpp:264] NN: cost=833.076510, feasible=true, active_stations=1
[2026-10-05 04:37:16.756] [info] [candidate.cpp:199] InstancePrecompute: built 25 candidates
[2026-10-05 04:37:16.756] [info] [stationary.cpp:264] NN: cost=586.037049, feasible=true, active_stations=1
[2026-10-05 04:37:16.756] [info] [candidate.cpp:199] InstancePrecompute: built 25 candidates
[2026-10-05 04:37:16.756] [info] [stationary.cpp:264] NN: cost=544.984966, feasible=true, active_stations=1
[2026-10-05 04:37:16.756] [info] [candidate.cpp:199] InstancePrecompute: built 25 candidates
[2026-10-05 04:37:16.756] [info] [stationary.cpp:264] NN: cost=298.990005, feasible=true, active_stations=1
[2026-10-05 04:37:16.756] [info] [candidate.cpp:199] InstancePrecompute: built 25 candidates
[2026-10-05 04:37:16.756] [info] [stationary.cpp:264] NN: cost=72.483971, feasible=true, active_stations=1
[2026-10-05 04:37:16.756] [info] [candidate.cpp:199] InstancePrecompute: built 25 candidates
[2026-10-05 04:37:16.756] [info] [stationary.cpp:264] NN: cost=126.706780, feasible=true, active_stations=1
[2026-10-05 04:37:16.756] [info] [candidate.cpp:199] InstancePrecompute: built 50 candidates
[2026-10-05 04:37:16.756] [info] [stationary.cpp:264] NN: cost=143.177822, feasible=true, active_stations=1
[2026-10-05 04:37:16.756] [info] [candidate.cpp:199] InstancePrecompute: built 25 candidates
[2026-10-05 04:37:16.756] [info] [stationary.cpp:264] NN: cost=280.033913, feasible=true, active_stations=1
[2026-10-05 04:37:16.756] [info] [candidate.cpp:199] InstancePrecompute: built 25 candidates
[2026-10-05 04:37:16.756] [info] [stationary.cpp:264] NN: cost=29.449035, feasible=true, active_stations=1
[2026-10-05 04:37:16.756] [info] [candidate.cpp:199] InstancePrecompute: built 25 candidates
[2026-10-05 04:37:16.756] [info] [stationary.cpp:264] NN: cost=18.697365, feasible=true, active_stations=1
[2026-10-05 04:37:16.756] [info] [candidate.cpp:199] InstancePrecompute: built 25 candidates
[2026-10-05 04:37:16.756] [info] [stationary.cpp:264] NN: cost=833.076510, feasible=true, active_stations=1
[2026-10-05 04:37:16.756] [info] [candidate.cpp:199] InstancePrecompute: built 25 candidates
[2026-10-05 04:37:16.756] [info] [stationary.cpp:264] NN: cost=586.037049, feasible=true, active_stations=1
[2026-10-05 04:37:16.756] [info] [candidate.cpp:199] InstancePrecompute: built 25 candidates
[2026-10-05 04:37:16.756] [info] [stationary.cpp:264] NN: cost=544.984966, feasible=true, active_stations=1
[2026-10-05 04:37:16.756] [info] [candidate.cpp:199] InstancePrecompute: built 25 candidates
[2026-10-05 04:37:16.756] [info] [stationary.cpp:264] NN: cost=298.990005, feasible=true, active_stations=1
[2026-10-05 04:37:16.756] [info] [candidate.cpp:199] InstancePrecompute: built 25 candidates
[2026-10-05 04:37:16.756] [info] [stationary.cpp:264] NN: cost=72.483971, feasible=true, active_stations=1
[2026-10-05 04:37:16.756] [info] [candidate.cpp:199] InstancePrecompute: built 25 candidates
[2026-10-05 04:37:16.756] [info] [stationary.cpp:264] NN: cost=126.706780, feasible=true, active_stations=1
[2026-10-05 04:37:16.756] [info] [candidate.cpp:199] InstancePrecompute: built 50 candidates
[2026-10-05 04:37:16.756] [info] [stationary.cpp:264] NN: cost=143.177822, feasible=true, active_stations=1
[2026-10-05 04:37:16.756] [info] [candidate.cpp:199] InstancePrecompute: built 25 candidates
[2026-10-05 04:37:16.756] [info] [stationary.cpp:264] NN: cost=280.033913, feasible=true, active_stations=1
[2026-10-05 04:37:16.756] [info] [candidate.cpp:199] InstancePrecompute: built 25 candidates
[2026-10-05 04:37:16.756] [info] [stationary.cpp:264] NN: cost=29.449035, feasible=true, active_stations=1
[2026-10-05 04:37:16.756] [info] [candidate.cpp:199] InstancePrecompute: built 25 candidates
[2026-10-05 04:37:16.756] [info] [stationary.cpp:264] NN: cost=18.697365, feasible=true, active_stations=1
[2026-10-05 04:37:16.756] [info] [candidate.cpp:199] InstancePrecompute: built 25 candidates
[2026-10-05 04:37:16.756] [info] [stationary.cpp:264] NN: cost=833.076510, feasible=true, active_stations=1
[2026-10-05 04:37:16.756] [info] [candidate.cpp:199] InstancePrecompute: built 25 candidates
[2026-10-05 04:37:16.756] [info] [stationary.cpp:264] NN: cost=586.037049, feasible=true, active_stations=1
[2026-10-05 04:37:16.756] [info] [candidate.cpp:199] InstancePrecompute: built 25 candidates
[2026-10-05 04:37:16.756] [info] [stationary.cpp:264] NN: cost=544.984966, feasible=true, active_stations=1
[2026-10-05 04:37:16.756] [info] [candidate.cpp:199] InstancePrecompute: built 25 candidates
[2026-10-05 04:37:16.756] [info] [stationary.cpp:264] NN: cost=298.990005, feasible=true, active_stations=1
[2026-10-05 04:37:16.756] [info] [candidate.cpp:199] InstancePrecompute: built 25 candidates
[2026-10-05 04:37:16.756] [info] [stationary.cpp:264] NN: cost=72.483971, feasible=true, active_stations=1
[2026-10-05 04:37:16.756] [info] [candidate.cpp:199] InstancePrecompute: built 25 candidates
[2026-10-05 04:37:16.756] [info] [stationary.cpp:264] NN: cost=126.706780, feasible=true, active_stations=1
[2026-10-05 04:37:16.756] [info] [candidate.cpp:199] InstancePrecompute: built 50 candidates
[2026-10-05 04:37:16.756] [info] [stationary.cpp:264] NN: cost=143.177822, feasible=true, active_stations=1
[2026-10-05 04:37:16.756] [info] [candidate.cpp:199] InstancePrecompute: built 25 candidates
[2026-10-05 04:37:16.756] [info] [stationary.cpp:264] NN: cost=280.033913, feasible=true, active_stations=1
[2026-10-05 04:37:16.756] [info] [candidate.cpp:199] InstancePrecompute: built 50 candidates
[2026-10-05 04:37:16.756] [info] [stationary.cpp:264] NN: cost=48.146400, feasible=true, active_stations=2
[2026-10-05 04:37:16.756] [info] [candidate.cpp:199] InstancePrecompute: built 25 candidates
[2026-10-05 04:37:16.756] [info] [stationary.cpp:264] NN: cost=833.076510, feasible=true, active_stations=1
[2026-10-05 04:37:16.756] [info] [candidate.cpp:199] InstancePrecompute: built 25 candidates
[2026-10-05 04:37:16.756] [info] [stationary.cpp:264] NN: cost=586.037049, feasible=true, active_stations=1
[2026-10-05 04:37:16.756] [info] [candidate.cpp:199] InstancePrecompute: built 25 candidates
[2026-10-05 04:37:16.756] [info] [stationary.cpp:264] NN: cost=544.984966, feasible=true, active_stations=1
[2026-10-05 04:37:16.756] [info] [candidate.cpp:199] InstancePrecompute: built 25 candidates
[2026-10-05 04:37:16.756] [info] [stationary.cpp:264] NN: cost=298.990005, feasible=true, active_stations=1
[2026-10-05 04:37:16.756] [info] [candidate.cpp:199] InstancePrecompute: built 25 candidates
[2026-10-05 04:37:16.756] [info] [stationary.cpp:264] NN: cost=72.483971, feasible=true, active_stations=1
[2026-10-05 04:37:16.756] [info] [candidate.cpp:199] InstancePrecompute: built 25 candidates
[2026-10-05 04:37:16.756] [info] [stationary.cpp:264] NN: cost=126.706780, feasible=true, active_stations=1
[2026-10-05 04:37:16.756] [info] [candidate.cpp:199] InstancePrecompute: built 50 candidates
[2026-10-05 04:37:16.756] [info] [stationary.cpp:264] NN: cost=143.177822, feasible=true, active_stations=1
[2026-10-05 04:37:16.756] [info] [candidate.cpp:199] InstancePrecompute: built 25 candidates
[2026-10-05 04:37:16.756] [info] [stationary.cpp:264] NN: cost=280.033913, feasible=true, active_stations=1
[2026-10-05 04:37:16.756] [info] [candidate.cpp:199] InstancePrecompute: built 50 candidates
[2026-10-05 04:37:16.756] [info] [stationary.cpp:264] NN: cost=48.146400, feasible=true, active_stations=2
[2026-10-05 04:37:16.756] [info] [candidate.cpp:199] InstancePrecompute: built 25 candidates
[2026-10-05 04:37:16.756] [info] [stationary.cpp:264] NN: cost=833.076510, feasible=true, active_stations=1
[2026-10-05 04:37:16.756] [info] [candidate.cpp:199] InstancePrecompute: built 25 candidates
[2026-10-05 04:37:16.756] [info] [stationary.cpp:264] NN: cost=586.037049, feasible=true, active_stations=1
[2026-10-05 04:37:16.756] [info] [candidate.cpp:199] InstancePrecompute: built 25 candidates
[2026-10-05 04:37:16.756] [info] [stationary.cpp:264] NN: cost=544.984966, feasible=true, active_stations=1
[2026-10-05 04:37:16.756] [info] [candidate.cpp:199] InstancePrecompute: built 25 candidates
[2026-10-05 04:37:16.756] [info] [stationary.cpp:264] NN: cost=298.990005, feasible=true, active_stations=1
[2026-10-05 04:37:16.756] [info] [candidate.cpp:199] InstancePrecompute: built 25 candidates
[2026-10-05 04:37:16.756] [info] [stationary.cpp:264] NN: cost=72.483971, feasible=true, active_stations=1
[2026-10-05 04:37:16.756] [info] [candidate.cpp:199] InstancePrecompute: built 25 candidates
[2026-10-05 04:37:16.756] [info] [stationary.cpp:264] NN: cost=126.706780, feasible=true, active_stations=1
[2026-10-05 04:37:16.756] [info] [candidate.cpp:199] InstancePrecompute: built 50 candidates
[2026-10-05 04:37:16.756] [info] [stationary.cpp:264] NN: cost=143.177822, feasible=true, active_stations=1
[2026-10-05 04:37:16.756] [info] [candidate.cpp:199] InstancePrecompute: built 25 candidates
[2026-10-05 04:37:16.756] [info] [stationary.cpp:264] NN: cost=280.033913, feasible=true, active_stations=1
[2026-10-05 04:37:16.756] [info] [candidate.cpp:199] InstancePrecompute: built 50 candidates
[2026-10-05 04:37:16.756] [info] [stationary.cpp:264] NN: cost=48.146400, feasible=true, active_stations=2
[2026-10-05 04:37:16.756] [info] [candidate.cpp:199] InstancePrecompute: built 25 candidates
[2026-10-05 04:37:16.756] [info] [stationary.cpp:264] NN: cost=833.076510, feasible=true, active_stations=1
[2026-10-05 04:37:16.756] [info] [candidate.cpp:199] InstancePrecompute: built 25 candidates
[2026-10-05 04:37:16.756] [info] [stationary.cpp:264] NN: cost=586.037049, feasible=true, active_stations=1
[2026-10-05 04:37:16.756] [info] [candidate.cpp:199] InstancePrecompute: built 25 candidates
[2026-10-05 04:37:16.756] [info] [stationary.cpp:264] NN: cost=544.984966, feasible=true, active_stations=1
[2026-10-05 04:37:16.756] [info] [candidate.cpp:199] InstancePrecompute: built 25 candidates
[2026-10-05 04:37:16.756] [info] [stationary.cpp:264] NN: cost=298.990005, feasible=true, active_stations=1
[2026-10-05 04:37:16.756] [info] [candidate.cpp:199] InstancePrecompute: built 25 candidates
[2026-10-05 04:37:16.756] [info] [stationary.cpp:264] NN: cost=72.483971, feasible=true, active_stations=1
[2026-10-05 04:37:16.756] [info] [candidate.cpp:199] InstancePrecompute: built 25 candidates
[2026-10-05 04:37:16.756] [info] [stationary.cpp:264] NN: cost=126.706780, feasible=true, active_stations=1
[2026-10-05 04:37:16.756] [info] [candidate.cpp:199] InstancePrecompute: built 25 candidates
[2026-10-05 04:37:16.756] [info] [stationary.cpp:264] NN: cost=143.177822, feasible=true, active_stations=1
[2026-10-05 04:37:16.756] [info] [candidate.cpp:199] InstancePrecompute: built 25 candidates
[2026-10-05 04:37:16.756] [info] [stationary.cpp:264] NN: cost=106.907900, feasible=true, active_stations=1
[2026-10-05 04:37:16.756] [info] [candidate.cpp:199] InstancePrecompute: built 25 candidates
[2026-10-05 04:37:16.756] [info] [stationary.cpp:264] NN: cost=280.033913, feasible=true, active_stations=1
[2026-10-05 04:37:16.756] [info] [candidate.cpp:199] InstancePrecompute: built 50 candidates
[2026-10-05 04:37:16.756] [info] [stationary.cpp:264] NN: cost=48.146400, feasible=true, active_stations=2
[2026-10-05 04:37:16.756] [info] [candidate.cpp:199] InstancePrecompute: built 25 candidates
[2026-10-05 04:37:16.756] [info] [stationary.cpp:264] NN: cost=833.076510, feasible=true, active_stations=1
[2026-10-05 04:37:16.756] [info] [candidate.cpp:199] InstancePrecompute: built 25 candidates
[2026-10-05 04:37:16.756] [info] [stationary.cpp:264] NN: cost=586.037049, feasible=true, active_stations=1
[2026-10-05 04:37:16.756] [info] [candidate.cpp:199] InstancePrecompute: built 25 candidates
[2026-10-05 04:37:16.756] [info] [stationary.cpp:264] NN: cost=544.984966, feasible=true, active_stations=1
[2026-10-05 04:37:16.756] [info] [candidate.cpp:199] InstancePrecompute: built 25 candidates
[2026-10-05 04:37:16.756] [info] [stationary.cpp:264] NN: cost=298.990005, feasible=true, active_stations=1
[2026-10-05 04:37:16.756] [info] [candidate.cpp:199] InstancePrecompute: built 25 candidates
[2026-10-05 04:37:16.756] [info] [stationary.cpp:264] NN: cost=72.483971, feasible=true, active_stations=1
[2026-10-05 04:37:16.756] [info] [candidate.cpp:199] InstancePrecompute: built 25 candidates
[2026-10-05 04:37:16.756] [info] [stationary.cpp:264] NN: cost=126.706780, feasible=true, active_stations=1
[2026-10-05 04:37:16.756] [info] [candidate.cpp:199] InstancePrecompute: built 25 candidates
[2026-10-05 04:37:16.756] [info] [stationary.cpp:264] NN: cost=143.177822, feasible=true, active_stations=1
[2026-10-05 04:37:16.756] [info] [candidate.cpp:199] InstancePrecompute: built 25 candidates
[2026-10-05 04:37:16.756] [info] [stationary.cpp:264] NN: cost=106.907900, feasible=true, active_stations=1
[2026-10-05 04:37:16.756] [info] [candidate.cpp:199] InstancePrecompute: built 25 candidates
[2026-10-05 04:37:16.756] [info] [stationary.cpp:264] NN: cost=280.033913, feasible=true, active_stations=1
[2026-10-05 04:37:16.756] [info] [candidate.cpp:199] InstancePrecompute: built 50 candidates
[2026-10-05 04:37:16.756] [info] [stationary.cpp:264] NN: cost=48.146400, feasible=true, active_stations=2
[2026-10-05 04:37:16.756] [info] [candidate.cpp:199] InstancePrecompute: built 25 candidates
[2026-10-05 04:37:16.756] [info] [stationary.cpp:264] NN: cost=833.076510, feasible=true, active_stations=1
[2026-10-05 04:37:16.756] [info] [candidate.cpp:199] InstancePrecompute: built 25 candidates
[2026-10-05 04:37:16.756] [info] [stationary.cpp:264] NN: cost=586.037049, feasible=true, active_stations=1
[2026-10-05 04:37:16.756] [info] [candidate.cpp:199] InstancePrecompute: built 25 candidates
[2026-10-05 04:37:16.756] [info] [stationary.cpp:264] NN: cost=544.984966, feasible=true, active_stations=1
[2026-10-05 04:37:16.756] [info] [candidate.cpp:199] InstancePrecompute: built 25 candidates
[2026-10-05 04:37:16.756] [info] [stationary.cpp:264] NN: cost=298.990005, feasible=true, active_stations=1
[2026-10-05 04:37:16.756] [info] [candidate.cpp:199] InstancePrecompute: built 25 candidates
[2026-10-05 04:37:16.756] [info] [stationary.cpp:264] NN: cost=72.483971, feasible=true, active_stations=1
[2026-10-05 04:37:16.756] [info] [candidate.cpp:199] InstancePrecompute: built 25 candidates
[2026-10-05 04:37:16.756] [info] [stationary.cpp:264] NN: cost=126.706780, feasible=true, active_stations=1
[2026-10-05 04:37:16.756] [info] [candidate.cpp:199] InstancePrecompute: built 50 candidates
[2026-10-05 04:37:16.756] [info] [stationary.cpp:264] NN: cost=143.177822, feasible=true, active_stations=1
[2026-10-05 04:37:16.756] [info] [candidate.cpp:199] InstancePrecompute: built 25 candidates
[2026-10-05 04:37:16.756] [info] [stationary.cpp:264] NN: cost=280.033913, feasible=true, active_stations=1
[2026-10-05 04:37:16.756] [info] [candidate.cpp:199] InstancePrecompute: built 25 candidates
[2026-10-05 04:37:16.756] [info] [stationary.cpp:264] NN: cost=29.449035, feasible=true, active_stations=1
[2026-10-05 04:37:16.756] [info] [candidate.cpp:199] InstancePrecompute: built 25 candidates
[2026-10-05 04:37:16.756] [info] [stationary.cpp:264] NN: cost=18.697365, feasible=true, active_stations=1
[2026-10-05 04:37:16.756] [info] [candidate.cpp:199] InstancePrecompute: built 25 candidates
[2026-10-05 04:37:16.756] [info] [stationary.cpp:264] NN: cost=833.076510, feasible=true, active_stations=1
[2026-10-05 04:37:16.756] [info] [candidate.cpp:199] InstancePrecompute: built 25 candidates
[2026-10-05 04:37:16.756] [info] [stationary.cpp:264] NN: cost=586.037049, feasible=true, active_stations=1
[2026-10-05 04:37:16.756] [info] [candidate.cpp:199] InstancePrecompute: built 25 candidates
[2026-10-05 04:37:16.756] [info] [stationary.cpp:264] NN: cost=544.984966, feasible=true, active_stations=1
[2026-10-05 04:37:16.756] [info] [candidate.cpp:199] InstancePrecompute: built 25 candidates
[2026-10-05 04:37:16.756] [info] [stationary.cpp:264] NN: cost=298.990005, feasible=true, active_stations=1
[2026-10-05 04:37:16.756] [info] [candidate.cpp:199] InstancePrecompute: built 25 candidates
[2026-10-05 04:37:16.756] [info] [stationary.cpp:264] NN: cost=72.483971, feasible=true, active_stations=1
[2026-10-05 04:37:16.756] [info] [candidate.cpp:199] InstancePrecompute: built 25 candidates
[2026-10-05 04:37:16.756] [info] [stationary.cpp:264] NN: cost=126.706780, feasible=true, active_stations=1
[2026-10-05 04:37:16.756] [info] [candidate.cpp:199] InstancePrecompute: built 50 candidates
[2026-10-05 04:37:16.756] [info] [stationary.cpp:264] NN: cost=143.177822, feasible=true, active_stations=1
[2026-10-05 04:37:16.756] [info] [candidate.cpp:199] InstancePrecompute: built 25 candidates
[2026-10-05 04:37:16.756] [info] [stationary.cpp:264] NN: cost=280.033913, feasible=true, active_stations=1
[2026-10-05 04:37:16.756] [info] [candidate.cpp:199] InstancePrecompute: built 25 candidates
[2026-10-05 04:37:16.756] [info] [stationary.cpp:264] NN: cost=29.449035, feasible=true, active_stations=1
[2026-10-05 04:37:16.756] [info] [candidate.cpp:199] InstancePrecompute: built 25 candidates
[2026-10-05 04:37:16.756] [info] [stationary.cpp:264] NN: cost=18.697365, feasible=true, active_stations=1
[2026-10-05 04:37:16.756] [info] [candidate.cpp:199] InstancePrecompute: built 25 candidates
[2026-10-05 04:37:16.756] [info] [stationary.cpp:264] NN: cost=833.076510, feasible=true, active_stations=1
[2026-10-05 04:37:16.756] [info] [candidate.cpp:199] InstancePrecompute: built 25 candidates
[2026-10-05 04:37:16.756] [info] [stationary.cpp:264] NN: cost=586.037049, feasible=true, active_stations=1
[2026-10-05 04:37:16.756] [info] [candidate.cpp:199] InstancePrecompute: built 25 candidates
[2026-10-05 04:37:16.756] [info] [stationary.cpp:264] NN: cost=544.984966, feasible=true, active_stations=1
[2026-10-05 04:37:16.756] [info] [candidate.cpp:199] InstancePrecompute: built 25 candidates
[2026-10-05 04:37:16.756] [info] [stationary.cpp:264] NN: cost=298.990005, feasible=true, active_stations=1
[2026-10-05 04:37:16.756] [info] [candidate.cpp:199] InstancePrecompute: built 25 candidates
[2026-10-05 04:37:16.756] [info] [stationary.cpp:264] NN: cost=72.483971, feasible=true, active_stations=1
[2026-10-05 04:37:16.756] [info] [candidate.cpp:199] InstancePrecompute: built 25 candidates
[2026-10-05 04:37:16.756] [info] [stationary.cpp:264] NN: cost=126.706780, feasible=true, active_stations=1
[2026-10-05 04:37:16.756] [info] [candidate.cpp:199] InstancePrecompute: built 50 candidates
[2026-10-05 04:37:16.756] [info] [stationary.cpp:264] NN: cost=143.177822, feasible=true, active_stations=1
[2026-10-05 04:37:16.756] [info] [candidate.cpp:199] InstancePrecompute: built 25 candidates
[2026-10-05 04:37:16.756] [info] [stationary.cpp:264] NN: cost=280.033913, feasible=true, active_stations=1
[2026-10-05 04:37:16.756] [info] [candidate.cpp:199] InstancePrecompute: built 25 candidates
[2026-10-05 04:37:16.756] [info] [stationary.cpp:264] NN: cost=29.449035, feasible=true, active_stations=1
[2026-10-05 04:37:16.756] [info] [candidate.cpp:199] InstancePrecompute: built 25 candidates
[2026-10-05 04:37:16.756] [info] [stationary.cpp:264] NN: cost=18.697365, feasible=true, active_stations=1
[2026-10-05 04:37:16.756] [info] [candidate.cpp:199] InstancePrecompute: built 25 candidates
[2026-10-05 04:37:16.756] [info] [stationary.cpp:264] NN: cost=833.076510, feasible=true, active_stations=1
[2026-10-05 04:37:16.756] [info] [candidate.cpp:199] InstancePrecompute: built 25 candidates
[2026-10-05 04:37:16.756] [info] [stationary.cpp:264] NN: cost=586.037049, feasible=true, active_stations=1
[2026-10-05 04:37:16.756] [info] [candidate.cpp:199] InstancePrecompute: built 25 candidates
[2026-10-05 04:37:16.756] [info] [stationary.cpp:264] NN: cost=544.984966, feasible=true, active_stations=1
[2026-10-05 04:37:16.756] [info] [candidate.cpp:199] InstancePrecompute: built 25 candidates
[2026-10-05 04:37:16.756] [info] [stationary.cpp:264] NN: cost=298.990005, feasible=true, active_stations=1
[2026-10-05 04:37:16.756] [info] [candidate.cpp:199] InstancePrecompute: built 25 candidates
[2026-10-05 04:37:16.756] [info] [stationary.cpp:264] NN: cost=72.483971, feasible=true, active_stations=1
[2026-10-05 04:37:16.756] [info] [candidate.cpp:199] InstancePrecompute: built 25 candidates
[2026-10-05 04:37:16.756] [info] [stationary.cpp:264] NN: cost=126.706780, feasible=true, active_stations=1
[2026-10-05 04:37:16.756] [info] [candidate.cpp:199] InstancePrecompute: built 50 candidates
[2026-10-05 04:37:16.756] [info] [stationary.cpp:264] NN: cost=143.177822, feasible=true, active_stations=1
[2026-10-05 04:37:16.756] [info] [candidate.cpp:199] InstancePrecompute: built 25 candidates
[2026-10-05 04:37:16.756] [info] [stationary.cpp:264] NN: cost=280.033913, feasible=true, active_stations=1
[2026-10-05 04:37:16.756] [info] [candidate.cpp:199] InstancePrecompute: built 50 candidates
[2026-10-05 04:37:16.756] [info] [stationary.cpp:264] NN: cost=48.146400, feasible=true, active_stations=2
[2026-10-05 04:37:16.756] [info] [candidate.cpp:199] InstancePrecompute: built 25 candidates
[2026-10-05 04:37:16.756] [info] [stationary.cpp:264] NN: cost=833.076510, feasible=true, active_stations=1
[2026-10-05 04:37:16.756] [info] [candidate.cpp:199] InstancePrecompute: built 25 candidates
[2026-10-05 04:37:16.756] [info] [stationary.cpp:264] NN: cost=586.037049, feasible=true, active_stations=1
[2026-10-05 04:37:16.756] [info] [candidate.cpp:199] InstancePrecompute: built 25 candidates
[2026-10-05 04:37:16.757] [info] [stationary.cpp:264] NN: cost=544.984966, feasible=true, active_stations=1
[2026-10-05 04:37:16.757] [info] [candidate.cpp:199] InstancePrecompute: built 25 candidates
[2026-10-05 04:37:16.757] [info] [stationary.cpp:264] NN: cost=298.990005, feasible=true, active_stations=1
[2026-10-05 04:37:16.757] [info] [candidate.cpp:199] InstancePrecompute: built 25 candidates
[2026-10-05 04:37:16.757] [info] [stationary.cpp:264] NN: cost=72.483971, feasible=true, active_stations=1
[2026-10-05 04:37:16.757] [info] [candidate.cpp:199] InstancePrecompute: built 25 candidates
[2026-10-05 04:37:16.757] [info] [stationary.cpp:264] NN: cost=126.706780, feasible=true, active_stations=1
[2026-10-05 04:37:16.757] [info] [candidate.cpp:199] InstancePrecompute: built 50 candidates
[2026-10-05 04:37:16.757] [info] [stationary.cpp:264] NN: cost=143.177822, feasible=true, active_stations=1
[2026-10-05 04:37:16.757] [info] [candidate.cpp:199] InstancePrecompute: built 25 candidates
[2026-10-05 04:37:16.757] [info] [stationary.cpp:264] NN: cost=280.033913, feasible=true, active_stations=1
[2026-10-05 04:37:16.757] [info] [candidate.cpp:199] InstancePrecompute: built 50 candidates
[2026-10-05 04:37:16.757] [info] [stationary.cpp:264] NN: cost=48.146400, feasible=true, active_stations=2
[2026-10-05 04:37:16.757] [info] [candidate.cpp:199] InstancePrecompute: built 25 candidates
[2026-10-05 04:37:16.757] [info] [stationary.cpp:264] NN: cost=833.076510, feasible=true, active_stations=1
[2026-10-05 04:37:16.757] [info] [candidate.cpp:199] InstancePrecompute: built 25 candidates
[2026-10-05 04:37:16.757] [info] [stationary.cpp:264] NN: cost=586.037049, feasible=true, active_stations=1
[2026-10-05 04:37:16.757] [info] [candidate.cpp:199] InstancePrecompute: built 25 candidates
[2026-10-05 04:37:16.757] [info] [stationary.cpp:264] NN: cost=544.984966, feasible=true, active_stations=1
[2026-10-05 04:37:16.757] [info] [candidate.cpp:199] InstancePrecompute: built 25 candidates
[2026-10-05 04:37:16.757] [info] [stationary.cpp:264] NN: cost=298.990005, feasible=true, active_stations=1
[2026-10-05 04:37:16.757] [info] [candidate.cpp:199] InstancePrecompute: built 25 candidates
[2026-10-05 04:37:16.757] [info] [stationary.cpp:264] NN: cost=72.483971, feasible=true, active_stations=1
[2026-10-05 04:37:16.757] [info] [candidate.cpp:199] InstancePrecompute: built 25 candidates
[2026-10-05 04:37:16.757] [info] [stationary.cpp:264] NN: cost=126.706780, feasible=true, active_stations=1
[2026-10-05 04:37:16.757] [info] [candidate.cpp:199] InstancePrecompute: built 50 candidates
[2026-10-05 04:37:16.757] [info] [stationary.cpp:264] NN: cost=143.177822, feasible=true, active_stations=1
[2026-10-05 04:37:16.757] [info] [candidate.cpp:199] InstancePrecompute: built 25 candidates
[2026-10-05 04:37:16.757] [info] [stationary.cpp:264] NN: cost=280.033913, feasible=true, active_stations=1
[2026-10-05 04:37:16.757] [info] [candidate.cpp:199] InstancePrecompute: built 50 candidates
[2026-10-05 04:37:16.757] [info] [stationary.cpp:264] NN: cost=48.146400, feasible=true, active_stations=2
[2026-10-05 04:37:16.757] [info] [candidate.cpp:199] InstancePrecompute: built 25 candidates
[2026-10-05 04:37:16.757] [info] [stationary.cpp:264] NN: cost=833.076510, feasible=true, active_stations=1
[2026-10-05 04:37:16.757] [info] [candidate.cpp:199] InstancePrecompute: built 25 candidates
[2026-10-05 04:37:16.757] [info] [stationary.cpp:264] NN: cost=586.037049, feasible=true, active_stations=1
[2026-10-05 04:37:16.757] [info] [candidate.cpp:199] InstancePrecompute: built 25 candidates
[2026-10-05 04:37:16.757] [info] [stationary.cpp:264] NN: cost=544.984966, feasible=true, active_stations=1
[2026-10-05 04:37:16.757] [info] [candidate.cpp:199] InstancePrecompute: built 25 candidates
[2026-10-05 04:37:16.757] [info] [stationary.cpp:264] NN: cost=298.990005, feasible=true, active_stations=1
[2026-10-05 04:37:16.757] [info] [candidate.cpp:199] InstancePrecompute: built 25 candidates
[2026-10-05 04:37:16.757] [info] [stationary.cpp:264] NN: cost=72.483971, feasible=true, active_stations=1
[2026-10-05 04:37:16.757] [info] [candidate.cpp:199] InstancePrecompute: built 25 candidates
[2026-10-05 04:37:16.757] [info] [stationary.cpp:264] NN: cost=126.706780, feasible=true, active_stations=1
[2026-10-05 04:37:16.757] [info] [candidate.cpp:199] InstancePrecompute: built 25 candidates
[2026-10-05 04:37:16.757] [info] [stationary.cpp:264] NN: cost=143.177822, feasible=true, active_stations=1
[2026-10-05 04:37:16.757] [info] [candidate.cpp:199] InstancePrecompute: built 25 candidates
[2026-10-05 04:37:16.757] [info] [stationary.cpp:264] NN: cost=106.907900, feasible=true, active_stations=1
[2026-10-05 04:37:16.757] [info] [candidate.cpp:199] InstancePrecompute: built 25 candidates
[2026-10-05 04:37:16.757] [info] [stationary.cpp:264] NN: cost=280.033913, feasible=true, active_stations=1
[2026-10-05 04:37:16.757] [info] [candidate.cpp:199] InstancePrecompute: built 50 candidates
[2026-10-05 04:37:16.757] [info] [stationary.cpp:264] NN: cost=48.146400, feasible=true, active_stations=2
[2026-10-05 04:37:16.757] [info] [candidate.cpp:199] InstancePrecompute: built 25 candidates
[2026-10-05 04:37:16.757] [info] [stationary.cpp:264] NN: cost=833.076510, feasible=true, active_stations=1
[2026-10-05 04:37:16.757] [info] [candidate.cpp:199] InstancePrecompute: built 25 candidates
[2026-10-05 04:37:16.757] [info] [stationary.cpp:264] NN: cost=586.037049, feasible=true, active_stations=1
[2026-10-05 04:37:16.757] [info] [candidate.cpp:199] InstancePrecompute: built 25 candidates
[2026-10-05 04:37:16.757] [info] [stationary.cpp:264] NN: cost=544.984966, feasible=true, active_stations=1
[2026-10-05 04:37:16.757] [info] [candidate.cpp:199] InstancePrecompute: built 25 candidates
[2026-10-05 04:37:16.757] [info] [stationary.cpp:264] NN: cost=298.990005, feasible=true, active_stations=1
[2026-10-05 04:37:16.757] [info] [candidate.cpp:199] InstancePrecompute: built 25 candidates
[2026-10-05 04:37:16.757] [info] [stationary.cpp:264] NN: cost=72.483971, feasible=true, active_stations=1
[2026-10-05 04:37:16.757] [info] [candidate.cpp:199] InstancePrecompute: built 25 candidates
[2026-10-05 04:37:16.757] [info] [stationary.cpp:264] NN: cost=126.706780, feasible=true, active_stations=1
[2026-10-05 04:37:16.757] [info] [candidate.cpp:199] InstancePrecompute: built 25 candidates
[2026-10-05 04:37:16.757] [info] [stationary.cpp:264] NN: cost=143.177822, feasible=true, active_stations=1
[2026-10-05 04:37:16.757] [info] [candidate.cpp:199] InstancePrecompute: built 25 candidates
[2026-10-05 04:37:16.757] [info] [stationary.cpp:264] NN: cost=106.907900, feasible=true, active_stations=1
[2026-10-05 04:37:16.757] [info] [candidate.cpp:199] InstancePrecompute: built 25 candidates
[2026-10-05 04:37:16.757] [info] [stationary.cpp:264] NN: cost=280.033913, feasible=true, active_stations=1
[2026-10-05 04:37:16.757] [info] [candidate.cpp:199] InstancePrecompute: built 50 candidates
[2026-10-05 04:37:16.757] [info] [stationary.cpp:264] NN: cost=48.146400, feasible=true, active_stations=2
[2026-10-05 04:37:16.757] [info] [candidate.cpp:199] InstancePrecompute: built 25 candidates
[2026-10-05 04:37:16.757] [info] [stationary.cpp:264] NN: cost=833.076510, feasible=true, active_stations=1
[2026-10-05 04:37:16.757] [info] [candidate.cpp:199] InstancePrecompute: built 25 candidates
[2026-10-05 04:37:16.757] [info] [stationary.cpp:264] NN: cost=586.037049, feasible=true, active_stations=1
[2026-10-05 04:37:16.757] [info] [candidate.cpp:199] InstancePrecompute: built 25 candidates
[2026-10-05 04:37:16.757] [info] [stationary.cpp:264] NN: cost=544.984966, feasible=true, active_stations=1
[2026-10-05 04:37:16.757] [info] [candidate.cpp:199] InstancePrecompute: built 25 candidates
[2026-10-05 04:37:16.757] [info] [stationary.cpp:264] NN: cost=298.990005, feasible=true, active_stations=1
[2026-10-05 04:37:16.757] [info] [candidate.cpp:199] InstancePrecompute: built 25 candidates
[2026-10-05 04:37:16.757] [info] [stationary.cpp:264] NN: cost=126.706780, feasible=true, active_stations=1
[2026-10-05 04:37:16.757] [info] [candidate.cpp:199] InstancePrecompute: built 25 candidates
[2026-10-05 04:37:16.757] [info] [stationary.cpp:264] NN: cost=72.483971, feasible=true, active_stations=1
[2026-10-05 04:37:16.757] [info] [candidate.cpp:199] InstancePrecompute: built 50 candidates
[2026-10-05 04:37:16.757] [info] [stationary.cpp:264] NN: cost=143.177822, feasible=true, active_stations=1
[2026-10-05 04:37:16.757] [info] [candidate.cpp:199] InstancePrecompute: built 25 candidates
[2026-10-05 04:37:16.757] [info] [stationary.cpp:264] NN: cost=280.033913, feasible=true, active_stations=1
[2026-10-05 04:37:16.757] [info] [candidate.cpp:199] InstancePrecompute: built 25 candidates
[2026-10-05 04:37:16.757] [info] [stationary.cpp:264] NN: cost=29.449035, feasible=true, active_stations=1
[2026-10-05 04:37:16.757] [info] [candidate.cpp:199] InstancePrecompute: built 25 candidates
[2026-10-05 04:37:16.757] [info] [stationary.cpp:264] NN: cost=18.697365, feasible=true, active_stations=1
[2026-10-05 04:37:16.757] [info] [candidate.cpp:199] InstancePrecompute: built 25 candidates
[2026-10-05 04:37:16.757] [info] [stationary.cpp:264] NN: cost=833.076510, feasible=true, active_stations=1
[2026-10-05 04:37:16.757] [info] [candidate.cpp:199] InstancePrecompute: built 25 candidates
[2026-10-05 04:37:16.757] [info] [stationary.cpp:264] NN: cost=586.037049, feasible=true, active_stations=1
[2026-10-05 04:37:16.757] [info] [candidate.cpp:199] InstancePrecompute: built 25 candidates
[2026-10-05 04:37:16.757] [info] [stationary.cpp:264] NN: cost=544.984966, feasible=true, active_stations=1
[2026-10-05 04:37:16.757] [info] [candidate.cpp:199] InstancePrecompute: built 25 candidates
[2026-10-05 04:37:16.757] [info] [stationary.cpp:264] NN: cost=298.990005, feasible=true, active_stations=1
[2026-10-05 04:37:16.757] [info] [candidate.cpp:199] InstancePrecompute: built 25 candidates
[2026-10-05 04:37:16.757] [info] [stationary.cpp:264] NN: cost=126.706780, feasible=true, active_stations=1
[2026-10-05 04:37:16.757] [info] [candidate.cpp:199] InstancePrecompute: built 25 candidates
[2026-10-05 04:37:16.757] [info] [stationary.cpp:264] NN: cost=72.483971, feasible=true, active_stations=1
[2026-10-05 04:37:16.757] [info] [candidate.cpp:199] InstancePrecompute: built 50 candidates
[2026-10-05 04:37:16.757] [info] [stationary.cpp:264] NN: cost=143.177822, feasible=true, active_stations=1
[2026-10-05 04:37:16.757] [info] [candidate.cpp:199] InstancePrecompute: built 25 candidates
[2026-10-05 04:37:16.757] [info] [stationary.cpp:264] NN: cost=280.033913, feasible=true, active_stations=1
[2026-10-05 04:37:16.757] [info] [candidate.cpp:199] InstancePrecompute: built 25 candidates
[2026-10-05 04:37:16.757] [info] [stationary.cpp:264] NN: cost=29.449035, feasible=true, active_stations=1
[2026-10-05 04:37:16.757] [info] [candidate.cpp:199] InstancePrecompute: built 25 candidates
[2026-10-05 04:37:16.757] [info] [stationary.cpp:264] NN: cost=18.697365, feasible=true, active_stations=1
[2026-10-05 04:37:16.757] [info] [candidate.cpp:199] InstancePrecompute: built 25 candidates
[2026-10-05 04:37:16.757] [info] [stationary.cpp:264] NN: cost=833.076510, feasible=true, active_stations=1
[2026-10-05 04:37:16.757] [info] [candidate.cpp:199] InstancePrecompute: built 25 candidates
[2026-10-05 04:37:16.757] [info] [stationary.cpp:264] NN: cost=586.037049, feasible=true, active_stations=1
[2026-10-05 04:37:16.757] [info] [candidate.cpp:199] InstancePrecompute: built 25 candidates
[2026-10-05 04:37:16.757] [info] [stationary.cpp:264] NN: cost=544.984966, feasible=true, active_stations=1
[2026-10-05 04:37:16.757] [info] [candidate.cpp:199] InstancePrecompute: built 25 candidates
[2026-10-05 04:37:16.757] [info] [stationary.cpp:264] NN: cost=298.990005, feasible=true, active_stations=1
[2026-10-05 04:37:16.757] [info] [candidate.cpp:199] InstancePrecompute: built 25 candidates
[2026-10-05 04:37:16.757] [info] [stationary.cpp:264] NN: cost=126.706780, feasible=true, active_stations=1
[2026-10-05 04:37:16.757] [info] [candidate.cpp:199] InstancePrecompute: built 75 candidates
[2026-10-05 04:37:16.757] [info] [stationary.cpp:264] NN: cost=143.177822, feasible=true, active_stations=1
[2026-10-05 04:37:16.757] [info] [candidate.cpp:199] InstancePrecompute: built 25 candidates
[2026-10-05 04:37:16.757] [info] [stationary.cpp:264] NN: cost=280.033913, feasible=true, active_stations=1
[2026-10-05 04:37:16.757] [info] [candidate.cpp:199] InstancePrecompute: built 25 candidates
[2026-10-05 04:37:16.757] [info] [stationary.cpp:264] NN: cost=29.449035, feasible=true, active_stations=1
[2026-10-05 04:37:16.757] [info] [candidate.cpp:199] InstancePrecompute: built 25 candidates
[2026-10-05 04:37:16.757] [info] [stationary.cpp:264] NN: cost=18.697365, feasible=true, active_stations=1
[2026-10-05 04:37:16.757] [info] [candidate.cpp:199] InstancePrecompute: built 25 candidates
[2026-10-05 04:37:16.757] [info] [stationary.cpp:264] NN: cost=833.076510, feasible=true, active_stations=1
[2026-10-05 04:37:16.757] [info] [candidate.cpp:199] InstancePrecompute: built 25 candidates
[2026-10-05 04:37:16.757] [info] [stationary.cpp:264] NN: cost=586.037049, feasible=true, active_stations=1
[2026-10-05 04:37:16.757] [info] [candidate.cpp:199] InstancePrecompute: built 25 candidates
[2026-10-05 04:37:16.757] [info] [stationary.cpp:264] NN: cost=544.984966, feasible=true, active_stations=1
[2026-10-05 04:37:16.757] [info] [candidate.cpp:199] InstancePrecompute: built 25 candidates
[2026-10-05 04:37:16.757] [info] [stationary.cpp:264] NN: cost=298.990005, feasible=true, active_stations=1
[2026-10-05 04:37:16.757] [info] [candidate.cpp:199] InstancePrecompute: built 25 candidates
[2026-10-05 04:37:16.757] [info] [stationary.cpp:264] NN: cost=126.706780, feasible=true, active_stations=1
[2026-10-05 04:37:16.757] [info] [candidate.cpp:199] InstancePrecompute: built 75 candidates
[2026-10-05 04:37:16.757] [info] [stationary.cpp:264] NN: cost=143.177822, feasible=true, active_stations=1
[2026-10-05 04:37:16.757] [info] [candidate.cpp:199] InstancePrecompute: built 25 candidates
[2026-10-05 04:37:16.757] [info] [stationary.cpp:264] NN: cost=280.033913, feasible=true, active_stations=1
[2026-10-05 04:37:16.757] [info] [candidate.cpp:199] InstancePrecompute: built 50 candidates
[2026-10-05 04:37:16.757] [info] [stationary.cpp:264] NN: cost=48.146400, feasible=true, active_stations=2
[2026-10-05 04:37:16.757] [info] [candidate.cpp:199] InstancePrecompute: built 25 candidates
[2026-10-05 04:37:16.757] [info] [stationary.cpp:264] NN: cost=833.076510, feasible=true, active_stations=1
[2026-10-05 04:37:16.757] [info] [candidate.cpp:199] InstancePrecompute: built 25 candidates
[2026-10-05 04:37:16.757] [info] [stationary.cpp:264] NN: cost=586.037049, feasible=true, active_stations=1
[2026-10-05 04:37:16.757] [info] [candidate.cpp:199] InstancePrecompute: built 25 candidates
[2026-10-05 04:37:16.757] [info] [stationary.cpp:264] NN: cost=544.984966, feasible=true, active_stations=1
[2026-10-05 04:37:16.757] [info] [candidate.cpp:199] InstancePrecompute: built 25 candidates
[2026-10-05 04:37:16.757] [info] [stationary.cpp:264] NN: cost=298.990005, feasible=true, active_stations=1
[2026-10-05 04:37:16.757] [info] [candidate.cpp:199] InstancePrecompute: built 25 candidates
[2026-10-05 04:37:16.757] [info] [stationary.cpp:264] NN: cost=126.706780, feasible=true, active_stations=1
[2026-10-05 04:37:16.757] [info] [candidate.cpp:199] InstancePrecompute: built 75 candidates
[2026-10-05 04:37:16.757] [info] [stationary.cpp:264] NN: cost=143.177822, feasible=true, active_stations=1
[2026-10-05 04:37:16.757] [info] [candidate.cpp:199] InstancePrecompute: built 25 candidates
[2026-10-05 04:37:16.757] [info] [stationary.cpp:264] NN: cost=280.033913, feasible=true, active_stations=1
[2026-10-05 04:37:16.757] [info] [candidate.cpp:199] InstancePrecompute: built 50 candidates
[2026-10-05 04:37:16.757] [info] [stationary.cpp:264] NN: cost=48.146400, feasible=true, active_stations=2
[2026-10-05 04:37:16.757] [info] [candidate.cpp:199] InstancePrecompute: built 25 candidates
[2026-10-05 04:37:16.757] [info] [stationary.cpp:264] NN: cost=833.076510, feasible=true, active_stations=1
[2026-10-05 04:37:16.757] [info] [candidate.cpp:199] InstancePrecompute: built 25 candidates
[2026-10-05 04:37:16.757] [info] [stationary.cpp:264] NN: cost=586.037049, feasible=true, active_stations=1
[2026-10-05 04:37:16.757] [info] [candidate.cpp:199] InstancePrecompute: built 25 candidates
[2026-10-05 04:37:16.757] [info] [stationary.cpp:264] NN: cost=544.984966, feasible=true, active_stations=1
[2026-10-05 04:37:16.757] [info] [candidate.cpp:199] InstancePrecompute: built 25 candidates
[2026-10-05 04:37:16.757] [info] [stationary.cpp:264] NN: cost=298.990005, feasible=true, active_stations=1
[2026-10-05 04:37:16.757] [info] [candidate.cpp:199] InstancePrecompute: built 25 candidates
[2026-10-05 04:37:16.757] [info] [stationary.cpp:264] NN: cost=126.706780, feasible=true, active_stations=1
[2026-10-05 04:37:16.757] [info] [candidate.cpp:199] InstancePrecompute: built 75 candidates
[2026-10-05 04:37:16.757] [info] [stationary.cpp:264] NN: cost=143.177822, feasible=true, active_stations=1
[2026-10-05 04:37:16.757] [info] [candidate.cpp:199] InstancePrecompute: built 25 candidates
[2026-10-05 04:37:16.757] [info] [stationary.cpp:264] NN: cost=280.033913, feasible=true, active_stations=1
[2026-10-05 04:37:16.757] [info] [candidate.cpp:199] InstancePrecompute: built 50 candidates
[2026-10-05 04:37:16.757] [info] [stationary.cpp:264] NN: cost=48.146400, feasible=true, active_stations=2
[2026-10-05 04:37:16.757] [info] [candidate.cpp:199] InstancePrecompute: built 25 candidates
[2026-10-05 04:37:16.757] [info] [stationary.cpp:264] NN: cost=833.076510, feasible=true, active_stations=1
[2026-10-05 04:37:16.757] [info] [candidate.cpp:199] InstancePrecompute: built 25 candidates
[2026-10-05 04:37:16.757] [info] [stationary.cpp:264] NN: cost=586.037049, feasible=true, active_stations=1
[2026-10-05 04:37:16.757] [info] [candidate.cpp:199] InstancePrecompute: built 25 candidates
[2026-10-05 04:37:16.757] [info] [stationary.cpp:264] NN: cost=544.984966, feasible=true, active_stations=1
[2026-10-05 04:37:16.757] [info] [candidate.cpp:199] InstancePrecompute: built 25 candidates
[2026-10-05 04:37:16.757] [info] [stationary.cpp:264] NN: cost=298.990005, feasible=true, active_stations=1
[2026-10-05 04:37:16.757] [info] [candidate.cpp:199] InstancePrecompute: built 25 candidates
[2026-10-05 04:37:16.757] [info] [stationary.cpp:264] NN: cost=126.706780, feasible=true, active_stations=1
[2026-10-05 04:37:16.757] [info] [candidate.cpp:199] InstancePrecompute: built 50 candidates
[2026-10-05 04:37:16.757] [info] [stationary.cpp:264] NN: cost=143.177822, feasible=true, active_stations=1
[2026-10-05 04:37:16.757] [info] [candidate.cpp:199] InstancePrecompute: built 25 candidates
[2026-10-05 04:37:16.757] [info] [stationary.cpp:264] NN: cost=106.907900, feasible=true, active_stations=1
[2026-10-05 04:37:16.757] [info] [candidate.cpp:199] InstancePrecompute: built 25 candidates
[2026-10-05 04:37:16.757] [info] [stationary.cpp:264] NN: cost=280.033913, feasible=true, active_stations=1
[2026-10-05 04:37:16.757] [info] [candidate.cpp:199] InstancePrecompute: built 50 candidates
[2026-10-05 04:37:16.757] [info] [stationary.cpp:264] NN: cost=48.146400, feasible=true, active_stations=2
[2026-10-05 04:37:16.757] [info] [candidate.cpp:199] InstancePrecompute: built 25 candidates
[2026-10-05 04:37:16.757] [info] [stationary.cpp:264] NN: cost=833.076510, feasible=true, active_stations=1
[2026-10-05 04:37:16.757] [info] [candidate.cpp:199] InstancePrecompute: built 25 candidates
[2026-10-05 04:37:16.757] [info] [stationary.cpp:264] NN: cost=586.037049, feasible=true, active_stations=1
[2026-10-05 04:37:16.757] [info] [candidate.cpp:199] InstancePrecompute: built 25 candidates
[2026-10-05 04:37:16.757] [info] [stationary.cpp:264] NN: cost=544.984966, feasible=true, active_stations=1
[2026-10-05 04:37:16.757] [info] [candidate.cpp:199] InstancePrecompute: built 25 candidates
[2026-10-05 04:37:16.757] [info] [stationary.cpp:264] NN: cost=298.990005, feasible=true, active_stations=1
[2026-10-05 04:37:16.757] [info] [candidate.cpp:199] InstancePrecompute: built 25 candidates
[2026-10-05 04:37:16.757] [info] [stationary.cpp:264] NN: cost=126.706780, feasible=true, active_stations=1
[2026-10-05 04:37:16.757] [info] [candidate.cpp:199] InstancePrecompute: built 50 candidates
[2026-10-05 04:37:16.757] [info] [stationary.cpp:264] NN: cost=143.177822, feasible=true, active_stations=1
[2026-10-05 04:37:16.757] [info] [candidate.cpp:199] InstancePrecompute: built 25 candidates
[2026-10-05 04:37:16.757] [info] [stationary.cpp:264] NN: cost=106.907900, feasible=true, active_stations=1
[2026-10-05 04:37:16.757] [info] [candidate.cpp:199] InstancePrecompute: built 25 candidates
[2026-10-05 04:37:16.757] [info] [stationary.cpp:264] NN: cost=280.033913, feasible=true, active_stations=1
[2026-10-05 04:37:16.757] [info] [candidate.cpp:199] InstancePrecompute: built 50 candidates
[2026-10-05 04:37:16.757] [info] [stationary.cpp:264] NN: cost=48.146400, feasible=true, active_stations=2
[2026-10-05 04:37:16.757] [info] [shifting_strategy_solver.cpp:266] Shifting: cost=2435.456660310 LB=833.076509507 ratio=2.9234 l=8
[2026-10-05 04:37:16.757] [info] [solution.cpp:527] extend: 1 intervals over [0.9928964057188946, 1]
[2026-10-05 04:37:16.758] [info] [solution.cpp:527] extend: 6 intervals over [0, 0.9928964057188946]
[2026-10-05 04:37:16.758] [info] [minmax.cpp:260] MinMax: partial extension is empty, stopping
[2026-10-05 04:37:16.758] [info] [verify.cpp:992] Verifier: starting certified continuous check on 14 intervals
[2026-10-05 04:37:16.759] [info] [verify.cpp:1072] Verifier: kind=certified_continuous, coverage_ok=true, supporting_points_ok=true, cost_consistent_ok=true, integral_consistent_ok=true, assignment_consistent_ok=true
[2026-10-05 04:37:16.759] [info] [minmax.cpp:373] MinMax: done. peak=7388.436059, LB=1175.925453, gap=5.2831, iters=1, t=0.029s
[2026-10-05 04:37:16.759] [info] [trace.cpp:72] TraceWriter: wrote 1 rows to /Users/amirpartovi/.copilot/repos/copilot-worktrees/KineticDiskCover/amirhpartovi-vigilant-spork/results/experiments/algorithm-smoke-20261005-complete/runs/run_20261005T010716Z__shifting__minmax__att48-5196644df6__r00__91b5d617ec20/execution/solver/runs/att48/shifting/minmax/trace.csv
[2026-10-05 04:37:16.759] [info] [solution_serializer.cpp:122] SolutionSerializer: wrote 14612 bytes to /Users/amirpartovi/.copilot/repos/copilot-worktrees/KineticDiskCover/amirhpartovi-vigilant-spork/results/experiments/algorithm-smoke-20261005-complete/runs/run_20261005T010716Z__shifting__minmax__att48-5196644df6__r00__91b5d617ec20/execution/solver/runs/att48/shifting/minmax/solution.json
[2026-10-05 04:37:16.759] [info] [batch_runner.cpp:1066] BatchRunner: att48 / shifting / minmax cost=7388.436059 t=0.031s verified=true
[2026-10-05 04:37:16.760] [info] [batch_runner.cpp:811] BatchRunner: 1 runs completed
