[2026-10-05 04:37:17.716] [info] [batch_runner.cpp:500] BatchRunner: scanning /Users/amirpartovi/.copilot/repos/copilot-worktrees/KineticDiskCover/amirhpartovi-vigilant-spork/results/experiments/algorithm-smoke-20261005-complete/runs/run_20261005T010717Z__shifting__minmax__berlin52-6ce5d7089a__r00__c8724523af70/input for instances
2026-10-05 04:37:17 [INFO] checks license for KONT v7.2.4 20250314
2026-10-05 04:37:17 [INFO] uses license in specified folder: /Applications/kont72/bin
2026-10-05 04:37:17 [ERROR] Invalid MAC address of license: 76:74:D1:0F:5A:19

[2026-10-05 04:37:17.722] [warning] [kont_solver.cpp:951] KONT: native initialization failed; generic KontSolver used the built-in fallback
[2026-10-05 04:37:17.722] [info] [kont_solver.cpp:971] KONT: status=OPTIMAL, obj=1.000000, lb=1.000000, gap=0.0000, t=0.000s
[2026-10-05 04:37:17.722] [info] [batch_runner.cpp:538] BatchRunner: exact reference selected 'branch-and-bound' (actual=branch-and-bound, requested=branch-and-bound, manifest=/Users/amirpartovi/.copilot/repos/copilot-worktrees/KineticDiskCover/amirhpartovi-vigilant-spork/results/experiments/algorithm-smoke-20261005-complete/runs/run_20261005T010717Z__shifting__minmax__berlin52-6ce5d7089a__r00__c8724523af70/execution/solver/experiment_manifest.json)
[2026-10-05 04:37:17.723] [info] [io.cpp:137] read_json: loaded 13 points, 25 stations from /Users/amirpartovi/.copilot/repos/copilot-worktrees/KineticDiskCover/amirhpartovi-vigilant-spork/results/experiments/algorithm-smoke-20261005-complete/runs/run_20261005T010717Z__shifting__minmax__berlin52-6ce5d7089a__r00__c8724523af70/input/instance.json
[2026-10-05 04:37:17.723] [info] [minmax.cpp:110] MinMax: start n=13, m=25, T=1
[2026-10-05 04:37:17.723] [info] [candidate.cpp:199] InstancePrecompute: built 275 candidates
[2026-10-05 04:37:17.723] [info] [stationary.cpp:264] NN: cost=1247.643785, feasible=true, active_stations=6
[2026-10-05 04:37:17.723] [info] [candidate.cpp:199] InstancePrecompute: built 25 candidates
[2026-10-05 04:37:17.723] [info] [stationary.cpp:264] NN: cost=374.719863, feasible=true, active_stations=1
[2026-10-05 04:37:17.723] [info] [candidate.cpp:199] InstancePrecompute: built 25 candidates
[2026-10-05 04:37:17.723] [info] [stationary.cpp:264] NN: cost=1598.360240, feasible=true, active_stations=1
[2026-10-05 04:37:17.723] [info] [candidate.cpp:199] InstancePrecompute: built 25 candidates
[2026-10-05 04:37:17.723] [info] [stationary.cpp:264] NN: cost=13.335226, feasible=true, active_stations=1
[2026-10-05 04:37:17.723] [info] [candidate.cpp:199] InstancePrecompute: built 150 candidates
[2026-10-05 04:37:17.723] [info] [stationary.cpp:264] NN: cost=327.513161, feasible=true, active_stations=4
[2026-10-05 04:37:17.723] [info] [candidate.cpp:199] InstancePrecompute: built 25 candidates
[2026-10-05 04:37:17.723] [info] [stationary.cpp:264] NN: cost=374.719863, feasible=true, active_stations=1
[2026-10-05 04:37:17.723] [info] [candidate.cpp:199] InstancePrecompute: built 100 candidates
[2026-10-05 04:37:17.723] [info] [stationary.cpp:264] NN: cost=906.795397, feasible=true, active_stations=1
[2026-10-05 04:37:17.723] [info] [candidate.cpp:199] InstancePrecompute: built 25 candidates
[2026-10-05 04:37:17.723] [info] [stationary.cpp:264] NN: cost=1598.360240, feasible=true, active_stations=1
[2026-10-05 04:37:17.723] [info] [candidate.cpp:199] InstancePrecompute: built 75 candidates
[2026-10-05 04:37:17.723] [info] [stationary.cpp:264] NN: cost=90.412835, feasible=true, active_stations=3
[2026-10-05 04:37:17.723] [info] [candidate.cpp:199] InstancePrecompute: built 125 candidates
[2026-10-05 04:37:17.723] [info] [stationary.cpp:264] NN: cost=688.364388, feasible=true, active_stations=5
[2026-10-05 04:37:17.723] [info] [candidate.cpp:199] InstancePrecompute: built 75 candidates
[2026-10-05 04:37:17.723] [info] [stationary.cpp:264] NN: cost=906.795397, feasible=true, active_stations=1
[2026-10-05 04:37:17.723] [info] [candidate.cpp:199] InstancePrecompute: built 25 candidates
[2026-10-05 04:37:17.723] [info] [stationary.cpp:264] NN: cost=129.351696, feasible=true, active_stations=1
[2026-10-05 04:37:17.723] [info] [candidate.cpp:199] InstancePrecompute: built 25 candidates
[2026-10-05 04:37:17.723] [info] [stationary.cpp:264] NN: cost=1598.360240, feasible=true, active_stations=1
[2026-10-05 04:37:17.723] [info] [candidate.cpp:199] InstancePrecompute: built 25 candidates
[2026-10-05 04:37:17.723] [info] [stationary.cpp:264] NN: cost=13.335226, feasible=true, active_stations=1
[2026-10-05 04:37:17.723] [info] [candidate.cpp:199] InstancePrecompute: built 75 candidates
[2026-10-05 04:37:17.723] [info] [stationary.cpp:264] NN: cost=280.839869, feasible=true, active_stations=2
[2026-10-05 04:37:17.723] [info] [candidate.cpp:199] InstancePrecompute: built 25 candidates
[2026-10-05 04:37:17.723] [info] [stationary.cpp:264] NN: cost=374.719863, feasible=true, active_stations=1
[2026-10-05 04:37:17.723] [info] [candidate.cpp:199] InstancePrecompute: built 75 candidates
[2026-10-05 04:37:17.723] [info] [stationary.cpp:264] NN: cost=906.795397, feasible=true, active_stations=1
[2026-10-05 04:37:17.723] [info] [candidate.cpp:199] InstancePrecompute: built 75 candidates
[2026-10-05 04:37:17.723] [info] [stationary.cpp:264] NN: cost=46.673293, feasible=true, active_stations=2
[2026-10-05 04:37:17.723] [info] [candidate.cpp:199] InstancePrecompute: built 25 candidates
[2026-10-05 04:37:17.723] [info] [stationary.cpp:264] NN: cost=365.385204, feasible=true, active_stations=1
[2026-10-05 04:37:17.723] [info] [candidate.cpp:199] InstancePrecompute: built 25 candidates
[2026-10-05 04:37:17.723] [info] [stationary.cpp:264] NN: cost=1598.360240, feasible=true, active_stations=1
[2026-10-05 04:37:17.723] [info] [candidate.cpp:199] InstancePrecompute: built 50 candidates
[2026-10-05 04:37:17.723] [info] [stationary.cpp:264] NN: cost=57.074769, feasible=true, active_stations=2
[2026-10-05 04:37:17.723] [info] [candidate.cpp:199] InstancePrecompute: built 75 candidates
[2026-10-05 04:37:17.723] [info] [stationary.cpp:264] NN: cost=655.559731, feasible=true, active_stations=3
[2026-10-05 04:37:17.723] [info] [candidate.cpp:199] InstancePrecompute: built 50 candidates
[2026-10-05 04:37:17.723] [info] [stationary.cpp:264] NN: cost=906.795397, feasible=true, active_stations=1
[2026-10-05 04:37:17.723] [info] [candidate.cpp:199] InstancePrecompute: built 50 candidates
[2026-10-05 04:37:17.723] [info] [stationary.cpp:264] NN: cost=162.689762, feasible=true, active_stations=2
[2026-10-05 04:37:17.723] [info] [candidate.cpp:199] InstancePrecompute: built 50 candidates
[2026-10-05 04:37:17.723] [info] [stationary.cpp:264] NN: cost=32.804657, feasible=true, active_stations=2
[2026-10-05 04:37:17.723] [info] [candidate.cpp:199] InstancePrecompute: built 25 candidates
[2026-10-05 04:37:17.723] [info] [stationary.cpp:264] NN: cost=365.385204, feasible=true, active_stations=1
[2026-10-05 04:37:17.723] [info] [candidate.cpp:199] InstancePrecompute: built 25 candidates
[2026-10-05 04:37:17.723] [info] [stationary.cpp:264] NN: cost=1598.360240, feasible=true, active_stations=1
[2026-10-05 04:37:17.723] [info] [candidate.cpp:199] InstancePrecompute: built 25 candidates
[2026-10-05 04:37:17.723] [info] [stationary.cpp:264] NN: cost=13.335226, feasible=true, active_stations=1
[2026-10-05 04:37:17.723] [info] [candidate.cpp:199] InstancePrecompute: built 100 candidates
[2026-10-05 04:37:17.723] [info] [stationary.cpp:264] NN: cost=300.309299, feasible=true, active_stations=3
[2026-10-05 04:37:17.723] [info] [candidate.cpp:199] InstancePrecompute: built 25 candidates
[2026-10-05 04:37:17.723] [info] [stationary.cpp:264] NN: cost=374.719863, feasible=true, active_stations=1
[2026-10-05 04:37:17.723] [info] [candidate.cpp:199] InstancePrecompute: built 25 candidates
[2026-10-05 04:37:17.723] [info] [stationary.cpp:264] NN: cost=906.795397, feasible=true, active_stations=1
[2026-10-05 04:37:17.723] [info] [candidate.cpp:199] InstancePrecompute: built 50 candidates
[2026-10-05 04:37:17.724] [info] [stationary.cpp:264] NN: cost=46.673293, feasible=true, active_stations=2
[2026-10-05 04:37:17.724] [info] [candidate.cpp:199] InstancePrecompute: built 50 candidates
[2026-10-05 04:37:17.724] [info] [stationary.cpp:264] NN: cost=365.385204, feasible=true, active_stations=1
[2026-10-05 04:37:17.724] [info] [candidate.cpp:199] InstancePrecompute: built 25 candidates
[2026-10-05 04:37:17.724] [info] [stationary.cpp:264] NN: cost=129.351696, feasible=true, active_stations=1
[2026-10-05 04:37:17.724] [info] [candidate.cpp:199] InstancePrecompute: built 25 candidates
[2026-10-05 04:37:17.724] [info] [stationary.cpp:264] NN: cost=1598.360240, feasible=true, active_stations=1
[2026-10-05 04:37:17.724] [info] [candidate.cpp:199] InstancePrecompute: built 25 candidates
[2026-10-05 04:37:17.724] [info] [stationary.cpp:264] NN: cost=13.335226, feasible=true, active_stations=1
[2026-10-05 04:37:17.724] [info] [candidate.cpp:199] InstancePrecompute: built 75 candidates
[2026-10-05 04:37:17.724] [info] [stationary.cpp:264] NN: cost=106.948516, feasible=true, active_stations=2
[2026-10-05 04:37:17.724] [info] [candidate.cpp:199] InstancePrecompute: built 50 candidates
[2026-10-05 04:37:17.724] [info] [stationary.cpp:264] NN: cost=568.080646, feasible=true, active_stations=2
[2026-10-05 04:37:17.724] [info] [candidate.cpp:199] InstancePrecompute: built 25 candidates
[2026-10-05 04:37:17.724] [info] [stationary.cpp:264] NN: cost=906.795397, feasible=true, active_stations=1
[2026-10-05 04:37:17.724] [info] [candidate.cpp:199] InstancePrecompute: built 50 candidates
[2026-10-05 04:37:17.724] [info] [stationary.cpp:264] NN: cost=46.673293, feasible=true, active_stations=2
[2026-10-05 04:37:17.724] [info] [candidate.cpp:199] InstancePrecompute: built 25 candidates
[2026-10-05 04:37:17.724] [info] [stationary.cpp:264] NN: cost=365.385204, feasible=true, active_stations=1
[2026-10-05 04:37:17.724] [info] [candidate.cpp:199] InstancePrecompute: built 50 candidates
[2026-10-05 04:37:17.724] [info] [stationary.cpp:264] NN: cost=169.890785, feasible=true, active_stations=1
[2026-10-05 04:37:17.724] [info] [candidate.cpp:199] InstancePrecompute: built 25 candidates
[2026-10-05 04:37:17.724] [info] [stationary.cpp:264] NN: cost=1598.360240, feasible=true, active_stations=1
[2026-10-05 04:37:17.724] [info] [candidate.cpp:199] InstancePrecompute: built 25 candidates
[2026-10-05 04:37:17.724] [info] [stationary.cpp:264] NN: cost=13.335226, feasible=true, active_stations=1
[2026-10-05 04:37:17.724] [info] [candidate.cpp:199] InstancePrecompute: built 25 candidates
[2026-10-05 04:37:17.724] [info] [stationary.cpp:264] NN: cost=43.739543, feasible=true, active_stations=1
[2026-10-05 04:37:17.724] [info] [candidate.cpp:199] InstancePrecompute: built 100 candidates
[2026-10-05 04:37:17.724] [info] [stationary.cpp:264] NN: cost=675.029162, feasible=true, active_stations=4
[2026-10-05 04:37:17.724] [info] [candidate.cpp:199] InstancePrecompute: built 25 candidates
[2026-10-05 04:37:17.724] [info] [stationary.cpp:264] NN: cost=906.795397, feasible=true, active_stations=1
[2026-10-05 04:37:17.724] [info] [candidate.cpp:199] InstancePrecompute: built 25 candidates
[2026-10-05 04:37:17.724] [info] [stationary.cpp:264] NN: cost=33.338066, feasible=true, active_stations=1
[2026-10-05 04:37:17.724] [info] [candidate.cpp:199] InstancePrecompute: built 25 candidates
[2026-10-05 04:37:17.724] [info] [stationary.cpp:264] NN: cost=13.335226, feasible=true, active_stations=1
[2026-10-05 04:37:17.724] [info] [candidate.cpp:199] InstancePrecompute: built 50 candidates
[2026-10-05 04:37:17.724] [info] [stationary.cpp:264] NN: cost=365.385204, feasible=true, active_stations=1
[2026-10-05 04:37:17.724] [info] [candidate.cpp:199] InstancePrecompute: built 25 candidates
[2026-10-05 04:37:17.724] [info] [stationary.cpp:264] NN: cost=129.351696, feasible=true, active_stations=1
[2026-10-05 04:37:17.724] [info] [candidate.cpp:199] InstancePrecompute: built 25 candidates
[2026-10-05 04:37:17.724] [info] [stationary.cpp:264] NN: cost=1598.360240, feasible=true, active_stations=1
[2026-10-05 04:37:17.724] [info] [candidate.cpp:199] InstancePrecompute: built 25 candidates
[2026-10-05 04:37:17.724] [info] [stationary.cpp:264] NN: cost=13.335226, feasible=true, active_stations=1
[2026-10-05 04:37:17.724] [info] [candidate.cpp:199] InstancePrecompute: built 75 candidates
[2026-10-05 04:37:17.724] [info] [stationary.cpp:264] NN: cost=280.839869, feasible=true, active_stations=2
[2026-10-05 04:37:17.724] [info] [candidate.cpp:199] InstancePrecompute: built 25 candidates
[2026-10-05 04:37:17.724] [info] [stationary.cpp:264] NN: cost=374.719863, feasible=true, active_stations=1
[2026-10-05 04:37:17.724] [info] [candidate.cpp:199] InstancePrecompute: built 75 candidates
[2026-10-05 04:37:17.724] [info] [stationary.cpp:264] NN: cost=46.673293, feasible=true, active_stations=2
[2026-10-05 04:37:17.724] [info] [candidate.cpp:199] InstancePrecompute: built 50 candidates
[2026-10-05 04:37:17.724] [info] [stationary.cpp:264] NN: cost=906.795397, feasible=true, active_stations=1
[2026-10-05 04:37:17.724] [info] [candidate.cpp:199] InstancePrecompute: built 25 candidates
[2026-10-05 04:37:17.724] [info] [stationary.cpp:264] NN: cost=129.351696, feasible=true, active_stations=1
[2026-10-05 04:37:17.724] [info] [candidate.cpp:199] InstancePrecompute: built 25 candidates
[2026-10-05 04:37:17.724] [info] [stationary.cpp:264] NN: cost=365.385204, feasible=true, active_stations=1
[2026-10-05 04:37:17.724] [info] [candidate.cpp:199] InstancePrecompute: built 25 candidates
[2026-10-05 04:37:17.724] [info] [stationary.cpp:264] NN: cost=1598.360240, feasible=true, active_stations=1
[2026-10-05 04:37:17.724] [info] [candidate.cpp:199] InstancePrecompute: built 25 candidates
[2026-10-05 04:37:17.724] [info] [stationary.cpp:264] NN: cost=13.335226, feasible=true, active_stations=1
[2026-10-05 04:37:17.724] [info] [candidate.cpp:199] InstancePrecompute: built 50 candidates
[2026-10-05 04:37:17.724] [info] [stationary.cpp:264] NN: cost=87.479085, feasible=true, active_stations=1
[2026-10-05 04:37:17.724] [info] [candidate.cpp:199] InstancePrecompute: built 50 candidates
[2026-10-05 04:37:17.724] [info] [stationary.cpp:264] NN: cost=568.080646, feasible=true, active_stations=2
[2026-10-05 04:37:17.724] [info] [candidate.cpp:199] InstancePrecompute: built 75 candidates
[2026-10-05 04:37:17.724] [info] [stationary.cpp:264] NN: cost=46.673293, feasible=true, active_stations=2
[2026-10-05 04:37:17.724] [info] [candidate.cpp:199] InstancePrecompute: built 25 candidates
[2026-10-05 04:37:17.724] [info] [stationary.cpp:264] NN: cost=906.795397, feasible=true, active_stations=1
[2026-10-05 04:37:17.724] [info] [candidate.cpp:199] InstancePrecompute: built 50 candidates
[2026-10-05 04:37:17.724] [info] [stationary.cpp:264] NN: cost=169.890785, feasible=true, active_stations=1
[2026-10-05 04:37:17.724] [info] [candidate.cpp:199] InstancePrecompute: built 25 candidates
[2026-10-05 04:37:17.724] [info] [stationary.cpp:264] NN: cost=365.385204, feasible=true, active_stations=1
[2026-10-05 04:37:17.724] [info] [candidate.cpp:199] InstancePrecompute: built 25 candidates
[2026-10-05 04:37:17.724] [info] [stationary.cpp:264] NN: cost=1598.360240, feasible=true, active_stations=1
[2026-10-05 04:37:17.724] [info] [candidate.cpp:199] InstancePrecompute: built 25 candidates
[2026-10-05 04:37:17.724] [info] [stationary.cpp:264] NN: cost=13.335226, feasible=true, active_stations=1
[2026-10-05 04:37:17.724] [info] [candidate.cpp:199] InstancePrecompute: built 25 candidates
[2026-10-05 04:37:17.724] [info] [stationary.cpp:264] NN: cost=43.739543, feasible=true, active_stations=1
[2026-10-05 04:37:17.724] [info] [candidate.cpp:199] InstancePrecompute: built 75 candidates
[2026-10-05 04:37:17.724] [info] [stationary.cpp:264] NN: cost=655.559731, feasible=true, active_stations=3
[2026-10-05 04:37:17.724] [info] [candidate.cpp:199] InstancePrecompute: built 25 candidates
[2026-10-05 04:37:17.724] [info] [stationary.cpp:264] NN: cost=33.338066, feasible=true, active_stations=1
[2026-10-05 04:37:17.724] [info] [candidate.cpp:199] InstancePrecompute: built 50 candidates
[2026-10-05 04:37:17.724] [info] [stationary.cpp:264] NN: cost=32.804657, feasible=true, active_stations=2
[2026-10-05 04:37:17.724] [info] [candidate.cpp:199] InstancePrecompute: built 25 candidates
[2026-10-05 04:37:17.724] [info] [stationary.cpp:264] NN: cost=906.795397, feasible=true, active_stations=1
[2026-10-05 04:37:17.724] [info] [candidate.cpp:199] InstancePrecompute: built 25 candidates
[2026-10-05 04:37:17.724] [info] [stationary.cpp:264] NN: cost=169.890785, feasible=true, active_stations=1
[2026-10-05 04:37:17.724] [info] [candidate.cpp:199] InstancePrecompute: built 25 candidates
[2026-10-05 04:37:17.724] [info] [stationary.cpp:264] NN: cost=129.351696, feasible=true, active_stations=1
[2026-10-05 04:37:17.724] [info] [candidate.cpp:199] InstancePrecompute: built 25 candidates
[2026-10-05 04:37:17.724] [info] [stationary.cpp:264] NN: cost=365.385204, feasible=true, active_stations=1
[2026-10-05 04:37:17.724] [info] [candidate.cpp:199] InstancePrecompute: built 25 candidates
[2026-10-05 04:37:17.724] [info] [stationary.cpp:264] NN: cost=1598.360240, feasible=true, active_stations=1
[2026-10-05 04:37:17.724] [info] [candidate.cpp:199] InstancePrecompute: built 25 candidates
[2026-10-05 04:37:17.724] [info] [stationary.cpp:264] NN: cost=193.360783, feasible=true, active_stations=1
[2026-10-05 04:37:17.724] [info] [candidate.cpp:199] InstancePrecompute: built 25 candidates
[2026-10-05 04:37:17.724] [info] [stationary.cpp:264] NN: cost=13.335226, feasible=true, active_stations=1
[2026-10-05 04:37:17.724] [info] [candidate.cpp:199] InstancePrecompute: built 125 candidates
[2026-10-05 04:37:17.724] [info] [stationary.cpp:264] NN: cost=134.152378, feasible=true, active_stations=3
[2026-10-05 04:37:17.724] [info] [candidate.cpp:199] InstancePrecompute: built 25 candidates
[2026-10-05 04:37:17.724] [info] [stationary.cpp:264] NN: cost=374.719863, feasible=true, active_stations=1
[2026-10-05 04:37:17.724] [info] [candidate.cpp:199] InstancePrecompute: built 50 candidates
[2026-10-05 04:37:17.724] [info] [stationary.cpp:264] NN: cost=906.795397, feasible=true, active_stations=1
[2026-10-05 04:37:17.724] [info] [candidate.cpp:199] InstancePrecompute: built 25 candidates
[2026-10-05 04:37:17.724] [info] [stationary.cpp:264] NN: cost=129.351696, feasible=true, active_stations=1
[2026-10-05 04:37:17.724] [info] [candidate.cpp:199] InstancePrecompute: built 25 candidates
[2026-10-05 04:37:17.724] [info] [stationary.cpp:264] NN: cost=365.385204, feasible=true, active_stations=1
[2026-10-05 04:37:17.724] [info] [candidate.cpp:199] InstancePrecompute: built 25 candidates
[2026-10-05 04:37:17.724] [info] [stationary.cpp:264] NN: cost=1598.360240, feasible=true, active_stations=1
[2026-10-05 04:37:17.724] [info] [candidate.cpp:199] InstancePrecompute: built 25 candidates
[2026-10-05 04:37:17.724] [info] [stationary.cpp:264] NN: cost=193.360783, feasible=true, active_stations=1
[2026-10-05 04:37:17.724] [info] [candidate.cpp:199] InstancePrecompute: built 25 candidates
[2026-10-05 04:37:17.724] [info] [stationary.cpp:264] NN: cost=13.335226, feasible=true, active_stations=1
[2026-10-05 04:37:17.724] [info] [candidate.cpp:199] InstancePrecompute: built 125 candidates
[2026-10-05 04:37:17.724] [info] [stationary.cpp:264] NN: cost=134.152378, feasible=true, active_stations=3
[2026-10-05 04:37:17.724] [info] [candidate.cpp:199] InstancePrecompute: built 25 candidates
[2026-10-05 04:37:17.724] [info] [stationary.cpp:264] NN: cost=374.719863, feasible=true, active_stations=1
[2026-10-05 04:37:17.724] [info] [candidate.cpp:199] InstancePrecompute: built 25 candidates
[2026-10-05 04:37:17.724] [info] [stationary.cpp:264] NN: cost=906.795397, feasible=true, active_stations=1
[2026-10-05 04:37:17.724] [info] [candidate.cpp:199] InstancePrecompute: built 50 candidates
[2026-10-05 04:37:17.724] [info] [stationary.cpp:264] NN: cost=169.890785, feasible=true, active_stations=1
[2026-10-05 04:37:17.724] [info] [candidate.cpp:199] InstancePrecompute: built 25 candidates
[2026-10-05 04:37:17.724] [info] [stationary.cpp:264] NN: cost=365.385204, feasible=true, active_stations=1
[2026-10-05 04:37:17.724] [info] [candidate.cpp:199] InstancePrecompute: built 25 candidates
[2026-10-05 04:37:17.724] [info] [stationary.cpp:264] NN: cost=1598.360240, feasible=true, active_stations=1
[2026-10-05 04:37:17.724] [info] [candidate.cpp:199] InstancePrecompute: built 25 candidates
[2026-10-05 04:37:17.724] [info] [stationary.cpp:264] NN: cost=193.360783, feasible=true, active_stations=1
[2026-10-05 04:37:17.724] [info] [candidate.cpp:199] InstancePrecompute: built 25 candidates
[2026-10-05 04:37:17.724] [info] [stationary.cpp:264] NN: cost=13.335226, feasible=true, active_stations=1
[2026-10-05 04:37:17.724] [info] [candidate.cpp:199] InstancePrecompute: built 50 candidates
[2026-10-05 04:37:17.724] [info] [stationary.cpp:264] NN: cost=77.077609, feasible=true, active_stations=2
[2026-10-05 04:37:17.724] [info] [candidate.cpp:199] InstancePrecompute: built 100 candidates
[2026-10-05 04:37:17.724] [info] [stationary.cpp:264] NN: cost=495.003605, feasible=true, active_stations=4
[2026-10-05 04:37:17.724] [info] [candidate.cpp:199] InstancePrecompute: built 25 candidates
[2026-10-05 04:37:17.724] [info] [stationary.cpp:264] NN: cost=906.795397, feasible=true, active_stations=1
[2026-10-05 04:37:17.724] [info] [candidate.cpp:199] InstancePrecompute: built 25 candidates
[2026-10-05 04:37:17.724] [info] [stationary.cpp:264] NN: cost=169.890785, feasible=true, active_stations=1
[2026-10-05 04:37:17.724] [info] [candidate.cpp:199] InstancePrecompute: built 25 candidates
[2026-10-05 04:37:17.724] [info] [stationary.cpp:264] NN: cost=129.351696, feasible=true, active_stations=1
[2026-10-05 04:37:17.724] [info] [candidate.cpp:199] InstancePrecompute: built 25 candidates
[2026-10-05 04:37:17.724] [info] [stationary.cpp:264] NN: cost=365.385204, feasible=true, active_stations=1
[2026-10-05 04:37:17.724] [info] [candidate.cpp:199] InstancePrecompute: built 25 candidates
[2026-10-05 04:37:17.724] [info] [stationary.cpp:264] NN: cost=1598.360240, feasible=true, active_stations=1
[2026-10-05 04:37:17.724] [info] [candidate.cpp:199] InstancePrecompute: built 25 candidates
[2026-10-05 04:37:17.724] [info] [stationary.cpp:264] NN: cost=13.335226, feasible=true, active_stations=1
[2026-10-05 04:37:17.724] [info] [candidate.cpp:199] InstancePrecompute: built 25 candidates
[2026-10-05 04:37:17.724] [info] [stationary.cpp:264] NN: cost=43.739543, feasible=true, active_stations=1
[2026-10-05 04:37:17.724] [info] [candidate.cpp:199] InstancePrecompute: built 50 candidates
[2026-10-05 04:37:17.724] [info] [stationary.cpp:264] NN: cost=280.839869, feasible=true, active_stations=2
[2026-10-05 04:37:17.724] [info] [candidate.cpp:199] InstancePrecompute: built 25 candidates
[2026-10-05 04:37:17.724] [info] [stationary.cpp:264] NN: cost=374.719863, feasible=true, active_stations=1
[2026-10-05 04:37:17.724] [info] [candidate.cpp:199] InstancePrecompute: built 25 candidates
[2026-10-05 04:37:17.724] [info] [stationary.cpp:264] NN: cost=33.338066, feasible=true, active_stations=1
[2026-10-05 04:37:17.724] [info] [candidate.cpp:199] InstancePrecompute: built 50 candidates
[2026-10-05 04:37:17.724] [info] [stationary.cpp:264] NN: cost=32.804657, feasible=true, active_stations=2
[2026-10-05 04:37:17.724] [info] [candidate.cpp:199] InstancePrecompute: built 50 candidates
[2026-10-05 04:37:17.724] [info] [stationary.cpp:264] NN: cost=906.795397, feasible=true, active_stations=1
[2026-10-05 04:37:17.724] [info] [candidate.cpp:199] InstancePrecompute: built 25 candidates
[2026-10-05 04:37:17.724] [info] [stationary.cpp:264] NN: cost=129.351696, feasible=true, active_stations=1
[2026-10-05 04:37:17.724] [info] [candidate.cpp:199] InstancePrecompute: built 25 candidates
[2026-10-05 04:37:17.724] [info] [stationary.cpp:264] NN: cost=365.385204, feasible=true, active_stations=1
[2026-10-05 04:37:17.724] [info] [candidate.cpp:199] InstancePrecompute: built 25 candidates
[2026-10-05 04:37:17.724] [info] [stationary.cpp:264] NN: cost=1598.360240, feasible=true, active_stations=1
[2026-10-05 04:37:17.724] [info] [candidate.cpp:199] InstancePrecompute: built 25 candidates
[2026-10-05 04:37:17.724] [info] [stationary.cpp:264] NN: cost=13.335226, feasible=true, active_stations=1
[2026-10-05 04:37:17.724] [info] [candidate.cpp:199] InstancePrecompute: built 75 candidates
[2026-10-05 04:37:17.724] [info] [stationary.cpp:264] NN: cost=280.839869, feasible=true, active_stations=2
[2026-10-05 04:37:17.724] [info] [candidate.cpp:199] InstancePrecompute: built 25 candidates
[2026-10-05 04:37:17.724] [info] [stationary.cpp:264] NN: cost=374.719863, feasible=true, active_stations=1
[2026-10-05 04:37:17.724] [info] [candidate.cpp:199] InstancePrecompute: built 75 candidates
[2026-10-05 04:37:17.724] [info] [stationary.cpp:264] NN: cost=46.673293, feasible=true, active_stations=2
[2026-10-05 04:37:17.724] [info] [candidate.cpp:199] InstancePrecompute: built 25 candidates
[2026-10-05 04:37:17.724] [info] [stationary.cpp:264] NN: cost=906.795397, feasible=true, active_stations=1
[2026-10-05 04:37:17.724] [info] [candidate.cpp:199] InstancePrecompute: built 25 candidates
[2026-10-05 04:37:17.724] [info] [stationary.cpp:264] NN: cost=169.890785, feasible=true, active_stations=1
[2026-10-05 04:37:17.724] [info] [candidate.cpp:199] InstancePrecompute: built 25 candidates
[2026-10-05 04:37:17.724] [info] [stationary.cpp:264] NN: cost=129.351696, feasible=true, active_stations=1
[2026-10-05 04:37:17.724] [info] [candidate.cpp:199] InstancePrecompute: built 25 candidates
[2026-10-05 04:37:17.724] [info] [stationary.cpp:264] NN: cost=365.385204, feasible=true, active_stations=1
[2026-10-05 04:37:17.724] [info] [candidate.cpp:199] InstancePrecompute: built 25 candidates
[2026-10-05 04:37:17.724] [info] [stationary.cpp:264] NN: cost=1598.360240, feasible=true, active_stations=1
[2026-10-05 04:37:17.724] [info] [candidate.cpp:199] InstancePrecompute: built 25 candidates
[2026-10-05 04:37:17.724] [info] [stationary.cpp:264] NN: cost=13.335226, feasible=true, active_stations=1
[2026-10-05 04:37:17.724] [info] [candidate.cpp:199] InstancePrecompute: built 50 candidates
[2026-10-05 04:37:17.724] [info] [stationary.cpp:264] NN: cost=87.479085, feasible=true, active_stations=1
[2026-10-05 04:37:17.724] [info] [candidate.cpp:199] InstancePrecompute: built 50 candidates
[2026-10-05 04:37:17.724] [info] [stationary.cpp:264] NN: cost=568.080646, feasible=true, active_stations=2
[2026-10-05 04:37:17.724] [info] [candidate.cpp:199] InstancePrecompute: built 75 candidates
[2026-10-05 04:37:17.724] [info] [stationary.cpp:264] NN: cost=46.673293, feasible=true, active_stations=2
[2026-10-05 04:37:17.724] [info] [candidate.cpp:199] InstancePrecompute: built 25 candidates
[2026-10-05 04:37:17.724] [info] [stationary.cpp:264] NN: cost=906.795397, feasible=true, active_stations=1
[2026-10-05 04:37:17.724] [info] [candidate.cpp:199] InstancePrecompute: built 25 candidates
[2026-10-05 04:37:17.724] [info] [stationary.cpp:264] NN: cost=169.890785, feasible=true, active_stations=1
[2026-10-05 04:37:17.724] [info] [candidate.cpp:199] InstancePrecompute: built 25 candidates
[2026-10-05 04:37:17.724] [info] [stationary.cpp:264] NN: cost=129.351696, feasible=true, active_stations=1
[2026-10-05 04:37:17.724] [info] [candidate.cpp:199] InstancePrecompute: built 25 candidates
[2026-10-05 04:37:17.724] [info] [stationary.cpp:264] NN: cost=365.385204, feasible=true, active_stations=1
[2026-10-05 04:37:17.724] [info] [candidate.cpp:199] InstancePrecompute: built 25 candidates
[2026-10-05 04:37:17.724] [info] [stationary.cpp:264] NN: cost=1598.360240, feasible=true, active_stations=1
[2026-10-05 04:37:17.724] [info] [candidate.cpp:199] InstancePrecompute: built 25 candidates
[2026-10-05 04:37:17.724] [info] [stationary.cpp:264] NN: cost=13.335226, feasible=true, active_stations=1
[2026-10-05 04:37:17.724] [info] [candidate.cpp:199] InstancePrecompute: built 50 candidates
[2026-10-05 04:37:17.724] [info] [stationary.cpp:264] NN: cost=87.479085, feasible=true, active_stations=1
[2026-10-05 04:37:17.724] [info] [candidate.cpp:199] InstancePrecompute: built 50 candidates
[2026-10-05 04:37:17.724] [info] [stationary.cpp:264] NN: cost=568.080646, feasible=true, active_stations=2
[2026-10-05 04:37:17.724] [info] [candidate.cpp:199] InstancePrecompute: built 75 candidates
[2026-10-05 04:37:17.724] [info] [stationary.cpp:264] NN: cost=46.673293, feasible=true, active_stations=2
[2026-10-05 04:37:17.724] [info] [candidate.cpp:199] InstancePrecompute: built 25 candidates
[2026-10-05 04:37:17.724] [info] [stationary.cpp:264] NN: cost=906.795397, feasible=true, active_stations=1
[2026-10-05 04:37:17.724] [info] [candidate.cpp:199] InstancePrecompute: built 25 candidates
[2026-10-05 04:37:17.724] [info] [stationary.cpp:264] NN: cost=169.890785, feasible=true, active_stations=1
[2026-10-05 04:37:17.724] [info] [candidate.cpp:199] InstancePrecompute: built 25 candidates
[2026-10-05 04:37:17.724] [info] [stationary.cpp:264] NN: cost=129.351696, feasible=true, active_stations=1
[2026-10-05 04:37:17.724] [info] [candidate.cpp:199] InstancePrecompute: built 25 candidates
[2026-10-05 04:37:17.724] [info] [stationary.cpp:264] NN: cost=365.385204, feasible=true, active_stations=1
[2026-10-05 04:37:17.724] [info] [candidate.cpp:199] InstancePrecompute: built 25 candidates
[2026-10-05 04:37:17.724] [info] [stationary.cpp:264] NN: cost=1598.360240, feasible=true, active_stations=1
[2026-10-05 04:37:17.724] [info] [candidate.cpp:199] InstancePrecompute: built 50 candidates
[2026-10-05 04:37:17.724] [info] [stationary.cpp:264] NN: cost=280.839869, feasible=true, active_stations=2
[2026-10-05 04:37:17.724] [info] [candidate.cpp:199] InstancePrecompute: built 25 candidates
[2026-10-05 04:37:17.724] [info] [stationary.cpp:264] NN: cost=374.719863, feasible=true, active_stations=1
[2026-10-05 04:37:17.724] [info] [candidate.cpp:199] InstancePrecompute: built 25 candidates
[2026-10-05 04:37:17.724] [info] [stationary.cpp:264] NN: cost=13.335226, feasible=true, active_stations=1
[2026-10-05 04:37:17.724] [info] [candidate.cpp:199] InstancePrecompute: built 50 candidates
[2026-10-05 04:37:17.724] [info] [stationary.cpp:264] NN: cost=77.077609, feasible=true, active_stations=2
[2026-10-05 04:37:17.724] [info] [candidate.cpp:199] InstancePrecompute: built 50 candidates
[2026-10-05 04:37:17.724] [info] [stationary.cpp:264] NN: cost=32.804657, feasible=true, active_stations=2
[2026-10-05 04:37:17.724] [info] [candidate.cpp:199] InstancePrecompute: built 25 candidates
[2026-10-05 04:37:17.724] [info] [stationary.cpp:264] NN: cost=906.795397, feasible=true, active_stations=1
[2026-10-05 04:37:17.724] [info] [candidate.cpp:199] InstancePrecompute: built 50 candidates
[2026-10-05 04:37:17.724] [info] [stationary.cpp:264] NN: cost=365.385204, feasible=true, active_stations=1
[2026-10-05 04:37:17.724] [info] [candidate.cpp:199] InstancePrecompute: built 25 candidates
[2026-10-05 04:37:17.724] [info] [stationary.cpp:264] NN: cost=129.351696, feasible=true, active_stations=1
[2026-10-05 04:37:17.724] [info] [candidate.cpp:199] InstancePrecompute: built 25 candidates
[2026-10-05 04:37:17.724] [info] [stationary.cpp:264] NN: cost=1598.360240, feasible=true, active_stations=1
[2026-10-05 04:37:17.724] [info] [candidate.cpp:199] InstancePrecompute: built 50 candidates
[2026-10-05 04:37:17.724] [info] [stationary.cpp:264] NN: cost=280.839869, feasible=true, active_stations=2
[2026-10-05 04:37:17.724] [info] [candidate.cpp:199] InstancePrecompute: built 25 candidates
[2026-10-05 04:37:17.724] [info] [stationary.cpp:264] NN: cost=374.719863, feasible=true, active_stations=1
[2026-10-05 04:37:17.724] [info] [candidate.cpp:199] InstancePrecompute: built 25 candidates
[2026-10-05 04:37:17.724] [info] [stationary.cpp:264] NN: cost=13.335226, feasible=true, active_stations=1
[2026-10-05 04:37:17.724] [info] [candidate.cpp:199] InstancePrecompute: built 100 candidates
[2026-10-05 04:37:17.724] [info] [stationary.cpp:264] NN: cost=90.412835, feasible=true, active_stations=3
[2026-10-05 04:37:17.724] [info] [candidate.cpp:199] InstancePrecompute: built 25 candidates
[2026-10-05 04:37:17.724] [info] [stationary.cpp:264] NN: cost=906.795397, feasible=true, active_stations=1
[2026-10-05 04:37:17.724] [info] [candidate.cpp:199] InstancePrecompute: built 25 candidates
[2026-10-05 04:37:17.724] [info] [stationary.cpp:264] NN: cost=365.385204, feasible=true, active_stations=1
[2026-10-05 04:37:17.724] [info] [candidate.cpp:199] InstancePrecompute: built 25 candidates
[2026-10-05 04:37:17.724] [info] [stationary.cpp:264] NN: cost=169.890785, feasible=true, active_stations=1
[2026-10-05 04:37:17.724] [info] [candidate.cpp:199] InstancePrecompute: built 25 candidates
[2026-10-05 04:37:17.724] [info] [stationary.cpp:264] NN: cost=129.351696, feasible=true, active_stations=1
[2026-10-05 04:37:17.725] [info] [candidate.cpp:199] InstancePrecompute: built 25 candidates
[2026-10-05 04:37:17.725] [info] [stationary.cpp:264] NN: cost=1598.360240, feasible=true, active_stations=1
[2026-10-05 04:37:17.725] [info] [candidate.cpp:199] InstancePrecompute: built 25 candidates
[2026-10-05 04:37:17.725] [info] [stationary.cpp:264] NN: cost=87.479085, feasible=true, active_stations=1
[2026-10-05 04:37:17.725] [info] [candidate.cpp:199] InstancePrecompute: built 50 candidates
[2026-10-05 04:37:17.725] [info] [stationary.cpp:264] NN: cost=568.080646, feasible=true, active_stations=2
[2026-10-05 04:37:17.725] [info] [candidate.cpp:199] InstancePrecompute: built 25 candidates
[2026-10-05 04:37:17.725] [info] [stationary.cpp:264] NN: cost=13.335226, feasible=true, active_stations=1
[2026-10-05 04:37:17.725] [info] [candidate.cpp:199] InstancePrecompute: built 100 candidates
[2026-10-05 04:37:17.725] [info] [stationary.cpp:264] NN: cost=90.412835, feasible=true, active_stations=3
[2026-10-05 04:37:17.725] [info] [candidate.cpp:199] InstancePrecompute: built 25 candidates
[2026-10-05 04:37:17.725] [info] [stationary.cpp:264] NN: cost=906.795397, feasible=true, active_stations=1
[2026-10-05 04:37:17.725] [info] [candidate.cpp:199] InstancePrecompute: built 50 candidates
[2026-10-05 04:37:17.725] [info] [stationary.cpp:264] NN: cost=365.385204, feasible=true, active_stations=1
[2026-10-05 04:37:17.725] [info] [candidate.cpp:199] InstancePrecompute: built 25 candidates
[2026-10-05 04:37:17.725] [info] [stationary.cpp:264] NN: cost=129.351696, feasible=true, active_stations=1
[2026-10-05 04:37:17.725] [info] [candidate.cpp:199] InstancePrecompute: built 25 candidates
[2026-10-05 04:37:17.725] [info] [stationary.cpp:264] NN: cost=1598.360240, feasible=true, active_stations=1
[2026-10-05 04:37:17.725] [info] [candidate.cpp:199] InstancePrecompute: built 25 candidates
[2026-10-05 04:37:17.725] [info] [stationary.cpp:264] NN: cost=87.479085, feasible=true, active_stations=1
[2026-10-05 04:37:17.725] [info] [candidate.cpp:199] InstancePrecompute: built 50 candidates
[2026-10-05 04:37:17.725] [info] [stationary.cpp:264] NN: cost=568.080646, feasible=true, active_stations=2
[2026-10-05 04:37:17.725] [info] [candidate.cpp:199] InstancePrecompute: built 25 candidates
[2026-10-05 04:37:17.725] [info] [stationary.cpp:264] NN: cost=13.335226, feasible=true, active_stations=1
[2026-10-05 04:37:17.725] [info] [candidate.cpp:199] InstancePrecompute: built 100 candidates
[2026-10-05 04:37:17.725] [info] [stationary.cpp:264] NN: cost=90.412835, feasible=true, active_stations=3
[2026-10-05 04:37:17.725] [info] [candidate.cpp:199] InstancePrecompute: built 25 candidates
[2026-10-05 04:37:17.725] [info] [stationary.cpp:264] NN: cost=906.795397, feasible=true, active_stations=1
[2026-10-05 04:37:17.725] [info] [candidate.cpp:199] InstancePrecompute: built 50 candidates
[2026-10-05 04:37:17.725] [info] [stationary.cpp:264] NN: cost=365.385204, feasible=true, active_stations=1
[2026-10-05 04:37:17.725] [info] [candidate.cpp:199] InstancePrecompute: built 25 candidates
[2026-10-05 04:37:17.725] [info] [stationary.cpp:264] NN: cost=129.351696, feasible=true, active_stations=1
[2026-10-05 04:37:17.725] [info] [candidate.cpp:199] InstancePrecompute: built 25 candidates
[2026-10-05 04:37:17.725] [info] [stationary.cpp:264] NN: cost=1598.360240, feasible=true, active_stations=1
[2026-10-05 04:37:17.725] [info] [candidate.cpp:199] InstancePrecompute: built 25 candidates
[2026-10-05 04:37:17.725] [info] [stationary.cpp:264] NN: cost=193.360783, feasible=true, active_stations=1
[2026-10-05 04:37:17.725] [info] [candidate.cpp:199] InstancePrecompute: built 25 candidates
[2026-10-05 04:37:17.725] [info] [stationary.cpp:264] NN: cost=13.335226, feasible=true, active_stations=1
[2026-10-05 04:37:17.725] [info] [candidate.cpp:199] InstancePrecompute: built 50 candidates
[2026-10-05 04:37:17.725] [info] [stationary.cpp:264] NN: cost=77.077609, feasible=true, active_stations=2
[2026-10-05 04:37:17.725] [info] [candidate.cpp:199] InstancePrecompute: built 50 candidates
[2026-10-05 04:37:17.725] [info] [stationary.cpp:264] NN: cost=106.948516, feasible=true, active_stations=2
[2026-10-05 04:37:17.725] [info] [candidate.cpp:199] InstancePrecompute: built 25 candidates
[2026-10-05 04:37:17.725] [info] [stationary.cpp:264] NN: cost=374.719863, feasible=true, active_stations=1
[2026-10-05 04:37:17.725] [info] [candidate.cpp:199] InstancePrecompute: built 25 candidates
[2026-10-05 04:37:17.725] [info] [stationary.cpp:264] NN: cost=13.335226, feasible=true, active_stations=1
[2026-10-05 04:37:17.725] [info] [candidate.cpp:199] InstancePrecompute: built 50 candidates
[2026-10-05 04:37:17.725] [info] [stationary.cpp:264] NN: cost=906.795397, feasible=true, active_stations=1
[2026-10-05 04:37:17.725] [info] [candidate.cpp:199] InstancePrecompute: built 25 candidates
[2026-10-05 04:37:17.725] [info] [stationary.cpp:264] NN: cost=129.351696, feasible=true, active_stations=1
[2026-10-05 04:37:17.725] [info] [candidate.cpp:199] InstancePrecompute: built 25 candidates
[2026-10-05 04:37:17.725] [info] [stationary.cpp:264] NN: cost=365.385204, feasible=true, active_stations=1
[2026-10-05 04:37:17.725] [info] [candidate.cpp:199] InstancePrecompute: built 25 candidates
[2026-10-05 04:37:17.725] [info] [stationary.cpp:264] NN: cost=1598.360240, feasible=true, active_stations=1
[2026-10-05 04:37:17.725] [info] [candidate.cpp:199] InstancePrecompute: built 25 candidates
[2026-10-05 04:37:17.725] [info] [stationary.cpp:264] NN: cost=193.360783, feasible=true, active_stations=1
[2026-10-05 04:37:17.725] [info] [candidate.cpp:199] InstancePrecompute: built 25 candidates
[2026-10-05 04:37:17.725] [info] [stationary.cpp:264] NN: cost=13.335226, feasible=true, active_stations=1
[2026-10-05 04:37:17.725] [info] [candidate.cpp:199] InstancePrecompute: built 100 candidates
[2026-10-05 04:37:17.725] [info] [stationary.cpp:264] NN: cost=120.817151, feasible=true, active_stations=2
[2026-10-05 04:37:17.725] [info] [candidate.cpp:199] InstancePrecompute: built 25 candidates
[2026-10-05 04:37:17.725] [info] [stationary.cpp:264] NN: cost=374.719863, feasible=true, active_stations=1
[2026-10-05 04:37:17.725] [info] [candidate.cpp:199] InstancePrecompute: built 25 candidates
[2026-10-05 04:37:17.725] [info] [stationary.cpp:264] NN: cost=13.335226, feasible=true, active_stations=1
[2026-10-05 04:37:17.725] [info] [candidate.cpp:199] InstancePrecompute: built 25 candidates
[2026-10-05 04:37:17.725] [info] [stationary.cpp:264] NN: cost=906.795397, feasible=true, active_stations=1
[2026-10-05 04:37:17.725] [info] [candidate.cpp:199] InstancePrecompute: built 25 candidates
[2026-10-05 04:37:17.725] [info] [stationary.cpp:264] NN: cost=169.890785, feasible=true, active_stations=1
[2026-10-05 04:37:17.725] [info] [candidate.cpp:199] InstancePrecompute: built 25 candidates
[2026-10-05 04:37:17.725] [info] [stationary.cpp:264] NN: cost=129.351696, feasible=true, active_stations=1
[2026-10-05 04:37:17.725] [info] [candidate.cpp:199] InstancePrecompute: built 25 candidates
[2026-10-05 04:37:17.725] [info] [stationary.cpp:264] NN: cost=365.385204, feasible=true, active_stations=1
[2026-10-05 04:37:17.725] [info] [candidate.cpp:199] InstancePrecompute: built 25 candidates
[2026-10-05 04:37:17.725] [info] [stationary.cpp:264] NN: cost=1598.360240, feasible=true, active_stations=1
[2026-10-05 04:37:17.725] [info] [candidate.cpp:199] InstancePrecompute: built 25 candidates
[2026-10-05 04:37:17.725] [info] [stationary.cpp:264] NN: cost=193.360783, feasible=true, active_stations=1
[2026-10-05 04:37:17.725] [info] [candidate.cpp:199] InstancePrecompute: built 25 candidates
[2026-10-05 04:37:17.725] [info] [stationary.cpp:264] NN: cost=13.335226, feasible=true, active_stations=1
[2026-10-05 04:37:17.725] [info] [candidate.cpp:199] InstancePrecompute: built 100 candidates
[2026-10-05 04:37:17.725] [info] [stationary.cpp:264] NN: cost=120.817151, feasible=true, active_stations=2
[2026-10-05 04:37:17.725] [info] [candidate.cpp:199] InstancePrecompute: built 25 candidates
[2026-10-05 04:37:17.725] [info] [stationary.cpp:264] NN: cost=374.719863, feasible=true, active_stations=1
[2026-10-05 04:37:17.725] [info] [candidate.cpp:199] InstancePrecompute: built 25 candidates
[2026-10-05 04:37:17.725] [info] [stationary.cpp:264] NN: cost=13.335226, feasible=true, active_stations=1
[2026-10-05 04:37:17.725] [info] [candidate.cpp:199] InstancePrecompute: built 25 candidates
[2026-10-05 04:37:17.725] [info] [stationary.cpp:264] NN: cost=906.795397, feasible=true, active_stations=1
[2026-10-05 04:37:17.725] [info] [candidate.cpp:199] InstancePrecompute: built 25 candidates
[2026-10-05 04:37:17.725] [info] [stationary.cpp:264] NN: cost=169.890785, feasible=true, active_stations=1
[2026-10-05 04:37:17.725] [info] [candidate.cpp:199] InstancePrecompute: built 25 candidates
[2026-10-05 04:37:17.725] [info] [stationary.cpp:264] NN: cost=129.351696, feasible=true, active_stations=1
[2026-10-05 04:37:17.725] [info] [candidate.cpp:199] InstancePrecompute: built 25 candidates
[2026-10-05 04:37:17.725] [info] [stationary.cpp:264] NN: cost=365.385204, feasible=true, active_stations=1
[2026-10-05 04:37:17.725] [info] [candidate.cpp:199] InstancePrecompute: built 25 candidates
[2026-10-05 04:37:17.725] [info] [stationary.cpp:264] NN: cost=1598.360240, feasible=true, active_stations=1
[2026-10-05 04:37:17.725] [info] [candidate.cpp:199] InstancePrecompute: built 25 candidates
[2026-10-05 04:37:17.725] [info] [stationary.cpp:264] NN: cost=193.360783, feasible=true, active_stations=1
[2026-10-05 04:37:17.725] [info] [candidate.cpp:199] InstancePrecompute: built 25 candidates
[2026-10-05 04:37:17.725] [info] [stationary.cpp:264] NN: cost=13.335226, feasible=true, active_stations=1
[2026-10-05 04:37:17.725] [info] [candidate.cpp:199] InstancePrecompute: built 100 candidates
[2026-10-05 04:37:17.725] [info] [stationary.cpp:264] NN: cost=120.817151, feasible=true, active_stations=2
[2026-10-05 04:37:17.725] [info] [candidate.cpp:199] InstancePrecompute: built 25 candidates
[2026-10-05 04:37:17.725] [info] [stationary.cpp:264] NN: cost=374.719863, feasible=true, active_stations=1
[2026-10-05 04:37:17.725] [info] [candidate.cpp:199] InstancePrecompute: built 25 candidates
[2026-10-05 04:37:17.725] [info] [stationary.cpp:264] NN: cost=13.335226, feasible=true, active_stations=1
[2026-10-05 04:37:17.725] [info] [candidate.cpp:199] InstancePrecompute: built 25 candidates
[2026-10-05 04:37:17.725] [info] [stationary.cpp:264] NN: cost=906.795397, feasible=true, active_stations=1
[2026-10-05 04:37:17.725] [info] [candidate.cpp:199] InstancePrecompute: built 25 candidates
[2026-10-05 04:37:17.725] [info] [stationary.cpp:264] NN: cost=169.890785, feasible=true, active_stations=1
[2026-10-05 04:37:17.725] [info] [candidate.cpp:199] InstancePrecompute: built 25 candidates
[2026-10-05 04:37:17.725] [info] [stationary.cpp:264] NN: cost=129.351696, feasible=true, active_stations=1
[2026-10-05 04:37:17.725] [info] [candidate.cpp:199] InstancePrecompute: built 25 candidates
[2026-10-05 04:37:17.725] [info] [stationary.cpp:264] NN: cost=365.385204, feasible=true, active_stations=1
[2026-10-05 04:37:17.725] [info] [candidate.cpp:199] InstancePrecompute: built 25 candidates
[2026-10-05 04:37:17.725] [info] [stationary.cpp:264] NN: cost=1598.360240, feasible=true, active_stations=1
[2026-10-05 04:37:17.725] [info] [candidate.cpp:199] InstancePrecompute: built 25 candidates
[2026-10-05 04:37:17.725] [info] [stationary.cpp:264] NN: cost=193.360783, feasible=true, active_stations=1
[2026-10-05 04:37:17.725] [info] [candidate.cpp:199] InstancePrecompute: built 25 candidates
[2026-10-05 04:37:17.725] [info] [stationary.cpp:264] NN: cost=13.335226, feasible=true, active_stations=1
[2026-10-05 04:37:17.725] [info] [candidate.cpp:199] InstancePrecompute: built 25 candidates
[2026-10-05 04:37:17.725] [info] [stationary.cpp:264] NN: cost=43.739543, feasible=true, active_stations=1
[2026-10-05 04:37:17.725] [info] [candidate.cpp:199] InstancePrecompute: built 25 candidates
[2026-10-05 04:37:17.725] [info] [stationary.cpp:264] NN: cost=87.479085, feasible=true, active_stations=1
[2026-10-05 04:37:17.725] [info] [candidate.cpp:199] InstancePrecompute: built 25 candidates
[2026-10-05 04:37:17.725] [info] [stationary.cpp:264] NN: cost=374.719863, feasible=true, active_stations=1
[2026-10-05 04:37:17.725] [info] [candidate.cpp:199] InstancePrecompute: built 25 candidates
[2026-10-05 04:37:17.725] [info] [stationary.cpp:264] NN: cost=33.338066, feasible=true, active_stations=1
[2026-10-05 04:37:17.725] [info] [candidate.cpp:199] InstancePrecompute: built 50 candidates
[2026-10-05 04:37:17.725] [info] [stationary.cpp:264] NN: cost=32.804657, feasible=true, active_stations=2
[2026-10-05 04:37:17.725] [info] [candidate.cpp:199] InstancePrecompute: built 50 candidates
[2026-10-05 04:37:17.725] [info] [stationary.cpp:264] NN: cost=906.795397, feasible=true, active_stations=1
[2026-10-05 04:37:17.725] [info] [candidate.cpp:199] InstancePrecompute: built 25 candidates
[2026-10-05 04:37:17.725] [info] [stationary.cpp:264] NN: cost=129.351696, feasible=true, active_stations=1
[2026-10-05 04:37:17.725] [info] [candidate.cpp:199] InstancePrecompute: built 25 candidates
[2026-10-05 04:37:17.725] [info] [stationary.cpp:264] NN: cost=365.385204, feasible=true, active_stations=1
[2026-10-05 04:37:17.725] [info] [candidate.cpp:199] InstancePrecompute: built 25 candidates
[2026-10-05 04:37:17.725] [info] [stationary.cpp:264] NN: cost=1598.360240, feasible=true, active_stations=1
[2026-10-05 04:37:17.725] [info] [candidate.cpp:199] InstancePrecompute: built 25 candidates
[2026-10-05 04:37:17.725] [info] [stationary.cpp:264] NN: cost=193.360783, feasible=true, active_stations=1
[2026-10-05 04:37:17.725] [info] [candidate.cpp:199] InstancePrecompute: built 25 candidates
[2026-10-05 04:37:17.725] [info] [stationary.cpp:264] NN: cost=13.335226, feasible=true, active_stations=1
[2026-10-05 04:37:17.725] [info] [candidate.cpp:199] InstancePrecompute: built 50 candidates
[2026-10-05 04:37:17.725] [info] [stationary.cpp:264] NN: cost=87.479085, feasible=true, active_stations=1
[2026-10-05 04:37:17.725] [info] [candidate.cpp:199] InstancePrecompute: built 25 candidates
[2026-10-05 04:37:17.725] [info] [stationary.cpp:264] NN: cost=374.719863, feasible=true, active_stations=1
[2026-10-05 04:37:17.725] [info] [candidate.cpp:199] InstancePrecompute: built 75 candidates
[2026-10-05 04:37:17.725] [info] [stationary.cpp:264] NN: cost=46.673293, feasible=true, active_stations=2
[2026-10-05 04:37:17.725] [info] [candidate.cpp:199] InstancePrecompute: built 25 candidates
[2026-10-05 04:37:17.725] [info] [stationary.cpp:264] NN: cost=906.795397, feasible=true, active_stations=1
[2026-10-05 04:37:17.725] [info] [candidate.cpp:199] InstancePrecompute: built 25 candidates
[2026-10-05 04:37:17.725] [info] [stationary.cpp:264] NN: cost=169.890785, feasible=true, active_stations=1
[2026-10-05 04:37:17.725] [info] [candidate.cpp:199] InstancePrecompute: built 25 candidates
[2026-10-05 04:37:17.725] [info] [stationary.cpp:264] NN: cost=129.351696, feasible=true, active_stations=1
[2026-10-05 04:37:17.725] [info] [candidate.cpp:199] InstancePrecompute: built 25 candidates
[2026-10-05 04:37:17.725] [info] [stationary.cpp:264] NN: cost=365.385204, feasible=true, active_stations=1
[2026-10-05 04:37:17.725] [info] [candidate.cpp:199] InstancePrecompute: built 25 candidates
[2026-10-05 04:37:17.725] [info] [stationary.cpp:264] NN: cost=1598.360240, feasible=true, active_stations=1
[2026-10-05 04:37:17.725] [info] [candidate.cpp:199] InstancePrecompute: built 25 candidates
[2026-10-05 04:37:17.725] [info] [stationary.cpp:264] NN: cost=193.360783, feasible=true, active_stations=1
[2026-10-05 04:37:17.725] [info] [candidate.cpp:199] InstancePrecompute: built 25 candidates
[2026-10-05 04:37:17.725] [info] [stationary.cpp:264] NN: cost=13.335226, feasible=true, active_stations=1
[2026-10-05 04:37:17.725] [info] [candidate.cpp:199] InstancePrecompute: built 50 candidates
[2026-10-05 04:37:17.725] [info] [stationary.cpp:264] NN: cost=87.479085, feasible=true, active_stations=1
[2026-10-05 04:37:17.725] [info] [candidate.cpp:199] InstancePrecompute: built 25 candidates
[2026-10-05 04:37:17.725] [info] [stationary.cpp:264] NN: cost=374.719863, feasible=true, active_stations=1
[2026-10-05 04:37:17.725] [info] [candidate.cpp:199] InstancePrecompute: built 75 candidates
[2026-10-05 04:37:17.725] [info] [stationary.cpp:264] NN: cost=46.673293, feasible=true, active_stations=2
[2026-10-05 04:37:17.725] [info] [candidate.cpp:199] InstancePrecompute: built 25 candidates
[2026-10-05 04:37:17.725] [info] [stationary.cpp:264] NN: cost=906.795397, feasible=true, active_stations=1
[2026-10-05 04:37:17.725] [info] [candidate.cpp:199] InstancePrecompute: built 25 candidates
[2026-10-05 04:37:17.725] [info] [stationary.cpp:264] NN: cost=169.890785, feasible=true, active_stations=1
[2026-10-05 04:37:17.725] [info] [candidate.cpp:199] InstancePrecompute: built 25 candidates
[2026-10-05 04:37:17.725] [info] [stationary.cpp:264] NN: cost=129.351696, feasible=true, active_stations=1
[2026-10-05 04:37:17.725] [info] [candidate.cpp:199] InstancePrecompute: built 25 candidates
[2026-10-05 04:37:17.725] [info] [stationary.cpp:264] NN: cost=365.385204, feasible=true, active_stations=1
[2026-10-05 04:37:17.725] [info] [candidate.cpp:199] InstancePrecompute: built 25 candidates
[2026-10-05 04:37:17.725] [info] [stationary.cpp:264] NN: cost=1598.360240, feasible=true, active_stations=1
[2026-10-05 04:37:17.725] [info] [candidate.cpp:199] InstancePrecompute: built 25 candidates
[2026-10-05 04:37:17.725] [info] [stationary.cpp:264] NN: cost=193.360783, feasible=true, active_stations=1
[2026-10-05 04:37:17.725] [info] [candidate.cpp:199] InstancePrecompute: built 25 candidates
[2026-10-05 04:37:17.725] [info] [stationary.cpp:264] NN: cost=13.335226, feasible=true, active_stations=1
[2026-10-05 04:37:17.725] [info] [candidate.cpp:199] InstancePrecompute: built 50 candidates
[2026-10-05 04:37:17.725] [info] [stationary.cpp:264] NN: cost=87.479085, feasible=true, active_stations=1
[2026-10-05 04:37:17.725] [info] [candidate.cpp:199] InstancePrecompute: built 25 candidates
[2026-10-05 04:37:17.725] [info] [stationary.cpp:264] NN: cost=374.719863, feasible=true, active_stations=1
[2026-10-05 04:37:17.725] [info] [candidate.cpp:199] InstancePrecompute: built 75 candidates
[2026-10-05 04:37:17.725] [info] [stationary.cpp:264] NN: cost=46.673293, feasible=true, active_stations=2
[2026-10-05 04:37:17.725] [info] [candidate.cpp:199] InstancePrecompute: built 25 candidates
[2026-10-05 04:37:17.725] [info] [stationary.cpp:264] NN: cost=906.795397, feasible=true, active_stations=1
[2026-10-05 04:37:17.725] [info] [candidate.cpp:199] InstancePrecompute: built 25 candidates
[2026-10-05 04:37:17.725] [info] [stationary.cpp:264] NN: cost=169.890785, feasible=true, active_stations=1
[2026-10-05 04:37:17.725] [info] [candidate.cpp:199] InstancePrecompute: built 25 candidates
[2026-10-05 04:37:17.725] [info] [stationary.cpp:264] NN: cost=129.351696, feasible=true, active_stations=1
[2026-10-05 04:37:17.725] [info] [candidate.cpp:199] InstancePrecompute: built 25 candidates
[2026-10-05 04:37:17.725] [info] [stationary.cpp:264] NN: cost=365.385204, feasible=true, active_stations=1
[2026-10-05 04:37:17.725] [info] [candidate.cpp:199] InstancePrecompute: built 25 candidates
[2026-10-05 04:37:17.725] [info] [stationary.cpp:264] NN: cost=1598.360240, feasible=true, active_stations=1
[2026-10-05 04:37:17.725] [info] [candidate.cpp:199] InstancePrecompute: built 25 candidates
[2026-10-05 04:37:17.725] [info] [stationary.cpp:264] NN: cost=13.335226, feasible=true, active_stations=1
[2026-10-05 04:37:17.725] [info] [candidate.cpp:199] InstancePrecompute: built 50 candidates
[2026-10-05 04:37:17.725] [info] [stationary.cpp:264] NN: cost=280.839869, feasible=true, active_stations=2
[2026-10-05 04:37:17.725] [info] [candidate.cpp:199] InstancePrecompute: built 25 candidates
[2026-10-05 04:37:17.725] [info] [stationary.cpp:264] NN: cost=374.719863, feasible=true, active_stations=1
[2026-10-05 04:37:17.725] [info] [candidate.cpp:199] InstancePrecompute: built 75 candidates
[2026-10-05 04:37:17.725] [info] [stationary.cpp:264] NN: cost=77.077609, feasible=true, active_stations=2
[2026-10-05 04:37:17.725] [info] [candidate.cpp:199] InstancePrecompute: built 25 candidates
[2026-10-05 04:37:17.725] [info] [stationary.cpp:264] NN: cost=13.335226, feasible=true, active_stations=1
[2026-10-05 04:37:17.725] [info] [candidate.cpp:199] InstancePrecompute: built 25 candidates
[2026-10-05 04:37:17.725] [info] [stationary.cpp:264] NN: cost=906.795397, feasible=true, active_stations=1
[2026-10-05 04:37:17.725] [info] [candidate.cpp:199] InstancePrecompute: built 25 candidates
[2026-10-05 04:37:17.725] [info] [stationary.cpp:264] NN: cost=169.890785, feasible=true, active_stations=1
[2026-10-05 04:37:17.725] [info] [candidate.cpp:199] InstancePrecompute: built 25 candidates
[2026-10-05 04:37:17.725] [info] [stationary.cpp:264] NN: cost=129.351696, feasible=true, active_stations=1
[2026-10-05 04:37:17.725] [info] [candidate.cpp:199] InstancePrecompute: built 25 candidates
[2026-10-05 04:37:17.725] [info] [stationary.cpp:264] NN: cost=365.385204, feasible=true, active_stations=1
[2026-10-05 04:37:17.725] [info] [candidate.cpp:199] InstancePrecompute: built 25 candidates
[2026-10-05 04:37:17.725] [info] [stationary.cpp:264] NN: cost=1598.360240, feasible=true, active_stations=1
[2026-10-05 04:37:17.725] [info] [candidate.cpp:199] InstancePrecompute: built 25 candidates
[2026-10-05 04:37:17.725] [info] [stationary.cpp:264] NN: cost=13.335226, feasible=true, active_stations=1
[2026-10-05 04:37:17.725] [info] [candidate.cpp:199] InstancePrecompute: built 50 candidates
[2026-10-05 04:37:17.725] [info] [stationary.cpp:264] NN: cost=280.839869, feasible=true, active_stations=2
[2026-10-05 04:37:17.725] [info] [candidate.cpp:199] InstancePrecompute: built 25 candidates
[2026-10-05 04:37:17.725] [info] [stationary.cpp:264] NN: cost=374.719863, feasible=true, active_stations=1
[2026-10-05 04:37:17.725] [info] [candidate.cpp:199] InstancePrecompute: built 50 candidates
[2026-10-05 04:37:17.725] [info] [stationary.cpp:264] NN: cost=77.077609, feasible=true, active_stations=2
[2026-10-05 04:37:17.725] [info] [candidate.cpp:199] InstancePrecompute: built 25 candidates
[2026-10-05 04:37:17.725] [info] [stationary.cpp:264] NN: cost=19.469431, feasible=true, active_stations=1
[2026-10-05 04:37:17.725] [info] [candidate.cpp:199] InstancePrecompute: built 25 candidates
[2026-10-05 04:37:17.725] [info] [stationary.cpp:264] NN: cost=13.335226, feasible=true, active_stations=1
[2026-10-05 04:37:17.725] [info] [candidate.cpp:199] InstancePrecompute: built 25 candidates
[2026-10-05 04:37:17.725] [info] [stationary.cpp:264] NN: cost=906.795397, feasible=true, active_stations=1
[2026-10-05 04:37:17.725] [info] [candidate.cpp:199] InstancePrecompute: built 25 candidates
[2026-10-05 04:37:17.725] [info] [stationary.cpp:264] NN: cost=169.890785, feasible=true, active_stations=1
[2026-10-05 04:37:17.725] [info] [candidate.cpp:199] InstancePrecompute: built 25 candidates
[2026-10-05 04:37:17.725] [info] [stationary.cpp:264] NN: cost=129.351696, feasible=true, active_stations=1
[2026-10-05 04:37:17.725] [info] [candidate.cpp:199] InstancePrecompute: built 25 candidates
[2026-10-05 04:37:17.725] [info] [stationary.cpp:264] NN: cost=365.385204, feasible=true, active_stations=1
[2026-10-05 04:37:17.725] [info] [candidate.cpp:199] InstancePrecompute: built 25 candidates
[2026-10-05 04:37:17.725] [info] [stationary.cpp:264] NN: cost=1598.360240, feasible=true, active_stations=1
[2026-10-05 04:37:17.725] [info] [candidate.cpp:199] InstancePrecompute: built 25 candidates
[2026-10-05 04:37:17.725] [info] [stationary.cpp:264] NN: cost=13.335226, feasible=true, active_stations=1
[2026-10-05 04:37:17.725] [info] [candidate.cpp:199] InstancePrecompute: built 50 candidates
[2026-10-05 04:37:17.725] [info] [stationary.cpp:264] NN: cost=280.839869, feasible=true, active_stations=2
[2026-10-05 04:37:17.725] [info] [candidate.cpp:199] InstancePrecompute: built 25 candidates
[2026-10-05 04:37:17.725] [info] [stationary.cpp:264] NN: cost=374.719863, feasible=true, active_stations=1
[2026-10-05 04:37:17.725] [info] [candidate.cpp:199] InstancePrecompute: built 75 candidates
[2026-10-05 04:37:17.725] [info] [stationary.cpp:264] NN: cost=77.077609, feasible=true, active_stations=2
[2026-10-05 04:37:17.725] [info] [candidate.cpp:199] InstancePrecompute: built 25 candidates
[2026-10-05 04:37:17.725] [info] [stationary.cpp:264] NN: cost=13.335226, feasible=true, active_stations=1
[2026-10-05 04:37:17.725] [info] [candidate.cpp:199] InstancePrecompute: built 25 candidates
[2026-10-05 04:37:17.725] [info] [stationary.cpp:264] NN: cost=906.795397, feasible=true, active_stations=1
[2026-10-05 04:37:17.725] [info] [candidate.cpp:199] InstancePrecompute: built 25 candidates
[2026-10-05 04:37:17.725] [info] [stationary.cpp:264] NN: cost=169.890785, feasible=true, active_stations=1
[2026-10-05 04:37:17.725] [info] [candidate.cpp:199] InstancePrecompute: built 25 candidates
[2026-10-05 04:37:17.725] [info] [stationary.cpp:264] NN: cost=129.351696, feasible=true, active_stations=1
[2026-10-05 04:37:17.725] [info] [candidate.cpp:199] InstancePrecompute: built 25 candidates
[2026-10-05 04:37:17.725] [info] [stationary.cpp:264] NN: cost=365.385204, feasible=true, active_stations=1
[2026-10-05 04:37:17.725] [info] [candidate.cpp:199] InstancePrecompute: built 25 candidates
[2026-10-05 04:37:17.725] [info] [stationary.cpp:264] NN: cost=1598.360240, feasible=true, active_stations=1
[2026-10-05 04:37:17.725] [info] [candidate.cpp:199] InstancePrecompute: built 25 candidates
[2026-10-05 04:37:17.725] [info] [stationary.cpp:264] NN: cost=13.335226, feasible=true, active_stations=1
[2026-10-05 04:37:17.725] [info] [candidate.cpp:199] InstancePrecompute: built 25 candidates
[2026-10-05 04:37:17.725] [info] [stationary.cpp:264] NN: cost=87.479085, feasible=true, active_stations=1
[2026-10-05 04:37:17.725] [info] [candidate.cpp:199] InstancePrecompute: built 50 candidates
[2026-10-05 04:37:17.725] [info] [stationary.cpp:264] NN: cost=568.080646, feasible=true, active_stations=2
[2026-10-05 04:37:17.725] [info] [candidate.cpp:199] InstancePrecompute: built 75 candidates
[2026-10-05 04:37:17.725] [info] [stationary.cpp:264] NN: cost=77.077609, feasible=true, active_stations=2
[2026-10-05 04:37:17.725] [info] [candidate.cpp:199] InstancePrecompute: built 25 candidates
[2026-10-05 04:37:17.725] [info] [stationary.cpp:264] NN: cost=13.335226, feasible=true, active_stations=1
[2026-10-05 04:37:17.725] [info] [candidate.cpp:199] InstancePrecompute: built 25 candidates
[2026-10-05 04:37:17.725] [info] [stationary.cpp:264] NN: cost=906.795397, feasible=true, active_stations=1
[2026-10-05 04:37:17.725] [info] [candidate.cpp:199] InstancePrecompute: built 25 candidates
[2026-10-05 04:37:17.725] [info] [stationary.cpp:264] NN: cost=169.890785, feasible=true, active_stations=1
[2026-10-05 04:37:17.725] [info] [candidate.cpp:199] InstancePrecompute: built 25 candidates
[2026-10-05 04:37:17.725] [info] [stationary.cpp:264] NN: cost=129.351696, feasible=true, active_stations=1
[2026-10-05 04:37:17.725] [info] [candidate.cpp:199] InstancePrecompute: built 25 candidates
[2026-10-05 04:37:17.726] [info] [stationary.cpp:264] NN: cost=365.385204, feasible=true, active_stations=1
[2026-10-05 04:37:17.726] [info] [candidate.cpp:199] InstancePrecompute: built 25 candidates
[2026-10-05 04:37:17.726] [info] [stationary.cpp:264] NN: cost=1598.360240, feasible=true, active_stations=1
[2026-10-05 04:37:17.726] [info] [candidate.cpp:199] InstancePrecompute: built 25 candidates
[2026-10-05 04:37:17.726] [info] [stationary.cpp:264] NN: cost=13.335226, feasible=true, active_stations=1
[2026-10-05 04:37:17.726] [info] [candidate.cpp:199] InstancePrecompute: built 25 candidates
[2026-10-05 04:37:17.726] [info] [stationary.cpp:264] NN: cost=87.479085, feasible=true, active_stations=1
[2026-10-05 04:37:17.726] [info] [candidate.cpp:199] InstancePrecompute: built 50 candidates
[2026-10-05 04:37:17.726] [info] [stationary.cpp:264] NN: cost=568.080646, feasible=true, active_stations=2
[2026-10-05 04:37:17.726] [info] [candidate.cpp:199] InstancePrecompute: built 75 candidates
[2026-10-05 04:37:17.726] [info] [stationary.cpp:264] NN: cost=77.077609, feasible=true, active_stations=2
[2026-10-05 04:37:17.726] [info] [candidate.cpp:199] InstancePrecompute: built 25 candidates
[2026-10-05 04:37:17.726] [info] [stationary.cpp:264] NN: cost=13.335226, feasible=true, active_stations=1
[2026-10-05 04:37:17.726] [info] [candidate.cpp:199] InstancePrecompute: built 25 candidates
[2026-10-05 04:37:17.726] [info] [stationary.cpp:264] NN: cost=906.795397, feasible=true, active_stations=1
[2026-10-05 04:37:17.726] [info] [candidate.cpp:199] InstancePrecompute: built 25 candidates
[2026-10-05 04:37:17.726] [info] [stationary.cpp:264] NN: cost=169.890785, feasible=true, active_stations=1
[2026-10-05 04:37:17.726] [info] [candidate.cpp:199] InstancePrecompute: built 25 candidates
[2026-10-05 04:37:17.726] [info] [stationary.cpp:264] NN: cost=129.351696, feasible=true, active_stations=1
[2026-10-05 04:37:17.726] [info] [candidate.cpp:199] InstancePrecompute: built 25 candidates
[2026-10-05 04:37:17.726] [info] [stationary.cpp:264] NN: cost=365.385204, feasible=true, active_stations=1
[2026-10-05 04:37:17.726] [info] [candidate.cpp:199] InstancePrecompute: built 25 candidates
[2026-10-05 04:37:17.726] [info] [stationary.cpp:264] NN: cost=1598.360240, feasible=true, active_stations=1
[2026-10-05 04:37:17.726] [info] [candidate.cpp:199] InstancePrecompute: built 25 candidates
[2026-10-05 04:37:17.726] [info] [stationary.cpp:264] NN: cost=193.360783, feasible=true, active_stations=1
[2026-10-05 04:37:17.726] [info] [candidate.cpp:199] InstancePrecompute: built 25 candidates
[2026-10-05 04:37:17.726] [info] [stationary.cpp:264] NN: cost=13.335226, feasible=true, active_stations=1
[2026-10-05 04:37:17.726] [info] [candidate.cpp:199] InstancePrecompute: built 75 candidates
[2026-10-05 04:37:17.726] [info] [stationary.cpp:264] NN: cost=77.077609, feasible=true, active_stations=2
[2026-10-05 04:37:17.726] [info] [candidate.cpp:199] InstancePrecompute: built 25 candidates
[2026-10-05 04:37:17.726] [info] [stationary.cpp:264] NN: cost=87.479085, feasible=true, active_stations=1
[2026-10-05 04:37:17.726] [info] [candidate.cpp:199] InstancePrecompute: built 25 candidates
[2026-10-05 04:37:17.726] [info] [stationary.cpp:264] NN: cost=374.719863, feasible=true, active_stations=1
[2026-10-05 04:37:17.726] [info] [candidate.cpp:199] InstancePrecompute: built 25 candidates
[2026-10-05 04:37:17.726] [info] [stationary.cpp:264] NN: cost=13.335226, feasible=true, active_stations=1
[2026-10-05 04:37:17.726] [info] [candidate.cpp:199] InstancePrecompute: built 25 candidates
[2026-10-05 04:37:17.726] [info] [stationary.cpp:264] NN: cost=906.795397, feasible=true, active_stations=1
[2026-10-05 04:37:17.726] [info] [candidate.cpp:199] InstancePrecompute: built 25 candidates
[2026-10-05 04:37:17.726] [info] [stationary.cpp:264] NN: cost=169.890785, feasible=true, active_stations=1
[2026-10-05 04:37:17.726] [info] [candidate.cpp:199] InstancePrecompute: built 25 candidates
[2026-10-05 04:37:17.726] [info] [stationary.cpp:264] NN: cost=129.351696, feasible=true, active_stations=1
[2026-10-05 04:37:17.726] [info] [candidate.cpp:199] InstancePrecompute: built 25 candidates
[2026-10-05 04:37:17.726] [info] [stationary.cpp:264] NN: cost=365.385204, feasible=true, active_stations=1
[2026-10-05 04:37:17.726] [info] [candidate.cpp:199] InstancePrecompute: built 25 candidates
[2026-10-05 04:37:17.726] [info] [stationary.cpp:264] NN: cost=1598.360240, feasible=true, active_stations=1
[2026-10-05 04:37:17.726] [info] [candidate.cpp:199] InstancePrecompute: built 25 candidates
[2026-10-05 04:37:17.726] [info] [stationary.cpp:264] NN: cost=193.360783, feasible=true, active_stations=1
[2026-10-05 04:37:17.726] [info] [candidate.cpp:199] InstancePrecompute: built 25 candidates
[2026-10-05 04:37:17.726] [info] [stationary.cpp:264] NN: cost=13.335226, feasible=true, active_stations=1
[2026-10-05 04:37:17.726] [info] [candidate.cpp:199] InstancePrecompute: built 50 candidates
[2026-10-05 04:37:17.726] [info] [stationary.cpp:264] NN: cost=77.077609, feasible=true, active_stations=2
[2026-10-05 04:37:17.726] [info] [candidate.cpp:199] InstancePrecompute: built 50 candidates
[2026-10-05 04:37:17.726] [info] [stationary.cpp:264] NN: cost=106.948516, feasible=true, active_stations=2
[2026-10-05 04:37:17.726] [info] [candidate.cpp:199] InstancePrecompute: built 25 candidates
[2026-10-05 04:37:17.726] [info] [stationary.cpp:264] NN: cost=374.719863, feasible=true, active_stations=1
[2026-10-05 04:37:17.726] [info] [candidate.cpp:199] InstancePrecompute: built 25 candidates
[2026-10-05 04:37:17.726] [info] [stationary.cpp:264] NN: cost=13.335226, feasible=true, active_stations=1
[2026-10-05 04:37:17.726] [info] [candidate.cpp:199] InstancePrecompute: built 25 candidates
[2026-10-05 04:37:17.726] [info] [stationary.cpp:264] NN: cost=906.795397, feasible=true, active_stations=1
[2026-10-05 04:37:17.726] [info] [candidate.cpp:199] InstancePrecompute: built 25 candidates
[2026-10-05 04:37:17.726] [info] [stationary.cpp:264] NN: cost=169.890785, feasible=true, active_stations=1
[2026-10-05 04:37:17.726] [info] [candidate.cpp:199] InstancePrecompute: built 25 candidates
[2026-10-05 04:37:17.726] [info] [stationary.cpp:264] NN: cost=129.351696, feasible=true, active_stations=1
[2026-10-05 04:37:17.726] [info] [candidate.cpp:199] InstancePrecompute: built 25 candidates
[2026-10-05 04:37:17.726] [info] [stationary.cpp:264] NN: cost=365.385204, feasible=true, active_stations=1
[2026-10-05 04:37:17.726] [info] [candidate.cpp:199] InstancePrecompute: built 25 candidates
[2026-10-05 04:37:17.726] [info] [stationary.cpp:264] NN: cost=1598.360240, feasible=true, active_stations=1
[2026-10-05 04:37:17.726] [info] [candidate.cpp:199] InstancePrecompute: built 25 candidates
[2026-10-05 04:37:17.726] [info] [stationary.cpp:264] NN: cost=193.360783, feasible=true, active_stations=1
[2026-10-05 04:37:17.726] [info] [candidate.cpp:199] InstancePrecompute: built 25 candidates
[2026-10-05 04:37:17.726] [info] [stationary.cpp:264] NN: cost=13.335226, feasible=true, active_stations=1
[2026-10-05 04:37:17.726] [info] [candidate.cpp:199] InstancePrecompute: built 100 candidates
[2026-10-05 04:37:17.726] [info] [stationary.cpp:264] NN: cost=120.817151, feasible=true, active_stations=2
[2026-10-05 04:37:17.726] [info] [candidate.cpp:199] InstancePrecompute: built 25 candidates
[2026-10-05 04:37:17.726] [info] [stationary.cpp:264] NN: cost=374.719863, feasible=true, active_stations=1
[2026-10-05 04:37:17.726] [info] [candidate.cpp:199] InstancePrecompute: built 25 candidates
[2026-10-05 04:37:17.726] [info] [stationary.cpp:264] NN: cost=13.335226, feasible=true, active_stations=1
[2026-10-05 04:37:17.726] [info] [candidate.cpp:199] InstancePrecompute: built 25 candidates
[2026-10-05 04:37:17.726] [info] [stationary.cpp:264] NN: cost=906.795397, feasible=true, active_stations=1
[2026-10-05 04:37:17.726] [info] [candidate.cpp:199] InstancePrecompute: built 25 candidates
[2026-10-05 04:37:17.726] [info] [stationary.cpp:264] NN: cost=169.890785, feasible=true, active_stations=1
[2026-10-05 04:37:17.726] [info] [candidate.cpp:199] InstancePrecompute: built 25 candidates
[2026-10-05 04:37:17.726] [info] [stationary.cpp:264] NN: cost=129.351696, feasible=true, active_stations=1
[2026-10-05 04:37:17.726] [info] [candidate.cpp:199] InstancePrecompute: built 25 candidates
[2026-10-05 04:37:17.726] [info] [stationary.cpp:264] NN: cost=365.385204, feasible=true, active_stations=1
[2026-10-05 04:37:17.726] [info] [candidate.cpp:199] InstancePrecompute: built 25 candidates
[2026-10-05 04:37:17.726] [info] [stationary.cpp:264] NN: cost=1598.360240, feasible=true, active_stations=1
[2026-10-05 04:37:17.726] [info] [candidate.cpp:199] InstancePrecompute: built 25 candidates
[2026-10-05 04:37:17.726] [info] [stationary.cpp:264] NN: cost=193.360783, feasible=true, active_stations=1
[2026-10-05 04:37:17.726] [info] [candidate.cpp:199] InstancePrecompute: built 25 candidates
[2026-10-05 04:37:17.726] [info] [stationary.cpp:264] NN: cost=13.335226, feasible=true, active_stations=1
[2026-10-05 04:37:17.726] [info] [candidate.cpp:199] InstancePrecompute: built 100 candidates
[2026-10-05 04:37:17.726] [info] [stationary.cpp:264] NN: cost=120.817151, feasible=true, active_stations=2
[2026-10-05 04:37:17.726] [info] [candidate.cpp:199] InstancePrecompute: built 25 candidates
[2026-10-05 04:37:17.726] [info] [stationary.cpp:264] NN: cost=374.719863, feasible=true, active_stations=1
[2026-10-05 04:37:17.726] [info] [candidate.cpp:199] InstancePrecompute: built 25 candidates
[2026-10-05 04:37:17.726] [info] [stationary.cpp:264] NN: cost=13.335226, feasible=true, active_stations=1
[2026-10-05 04:37:17.726] [info] [candidate.cpp:199] InstancePrecompute: built 25 candidates
[2026-10-05 04:37:17.726] [info] [stationary.cpp:264] NN: cost=906.795397, feasible=true, active_stations=1
[2026-10-05 04:37:17.726] [info] [candidate.cpp:199] InstancePrecompute: built 25 candidates
[2026-10-05 04:37:17.726] [info] [stationary.cpp:264] NN: cost=169.890785, feasible=true, active_stations=1
[2026-10-05 04:37:17.726] [info] [candidate.cpp:199] InstancePrecompute: built 25 candidates
[2026-10-05 04:37:17.726] [info] [stationary.cpp:264] NN: cost=129.351696, feasible=true, active_stations=1
[2026-10-05 04:37:17.726] [info] [candidate.cpp:199] InstancePrecompute: built 25 candidates
[2026-10-05 04:37:17.726] [info] [stationary.cpp:264] NN: cost=365.385204, feasible=true, active_stations=1
[2026-10-05 04:37:17.726] [info] [candidate.cpp:199] InstancePrecompute: built 25 candidates
[2026-10-05 04:37:17.726] [info] [stationary.cpp:264] NN: cost=1598.360240, feasible=true, active_stations=1
[2026-10-05 04:37:17.726] [info] [candidate.cpp:199] InstancePrecompute: built 25 candidates
[2026-10-05 04:37:17.726] [info] [stationary.cpp:264] NN: cost=193.360783, feasible=true, active_stations=1
[2026-10-05 04:37:17.726] [info] [candidate.cpp:199] InstancePrecompute: built 25 candidates
[2026-10-05 04:37:17.726] [info] [stationary.cpp:264] NN: cost=13.335226, feasible=true, active_stations=1
[2026-10-05 04:37:17.726] [info] [candidate.cpp:199] InstancePrecompute: built 100 candidates
[2026-10-05 04:37:17.726] [info] [stationary.cpp:264] NN: cost=120.817151, feasible=true, active_stations=2
[2026-10-05 04:37:17.726] [info] [candidate.cpp:199] InstancePrecompute: built 25 candidates
[2026-10-05 04:37:17.726] [info] [stationary.cpp:264] NN: cost=374.719863, feasible=true, active_stations=1
[2026-10-05 04:37:17.726] [info] [candidate.cpp:199] InstancePrecompute: built 25 candidates
[2026-10-05 04:37:17.726] [info] [stationary.cpp:264] NN: cost=13.335226, feasible=true, active_stations=1
[2026-10-05 04:37:17.726] [info] [candidate.cpp:199] InstancePrecompute: built 25 candidates
[2026-10-05 04:37:17.726] [info] [stationary.cpp:264] NN: cost=906.795397, feasible=true, active_stations=1
[2026-10-05 04:37:17.726] [info] [candidate.cpp:199] InstancePrecompute: built 25 candidates
[2026-10-05 04:37:17.726] [info] [stationary.cpp:264] NN: cost=169.890785, feasible=true, active_stations=1
[2026-10-05 04:37:17.726] [info] [candidate.cpp:199] InstancePrecompute: built 25 candidates
[2026-10-05 04:37:17.726] [info] [stationary.cpp:264] NN: cost=129.351696, feasible=true, active_stations=1
[2026-10-05 04:37:17.726] [info] [candidate.cpp:199] InstancePrecompute: built 25 candidates
[2026-10-05 04:37:17.726] [info] [stationary.cpp:264] NN: cost=365.385204, feasible=true, active_stations=1
[2026-10-05 04:37:17.726] [info] [candidate.cpp:199] InstancePrecompute: built 25 candidates
[2026-10-05 04:37:17.726] [info] [stationary.cpp:264] NN: cost=1598.360240, feasible=true, active_stations=1
[2026-10-05 04:37:17.726] [info] [candidate.cpp:199] InstancePrecompute: built 25 candidates
[2026-10-05 04:37:17.726] [info] [stationary.cpp:264] NN: cost=193.360783, feasible=true, active_stations=1
[2026-10-05 04:37:17.726] [info] [candidate.cpp:199] InstancePrecompute: built 25 candidates
[2026-10-05 04:37:17.726] [info] [stationary.cpp:264] NN: cost=13.335226, feasible=true, active_stations=1
[2026-10-05 04:37:17.726] [info] [candidate.cpp:199] InstancePrecompute: built 25 candidates
[2026-10-05 04:37:17.726] [info] [stationary.cpp:264] NN: cost=43.739543, feasible=true, active_stations=1
[2026-10-05 04:37:17.726] [info] [candidate.cpp:199] InstancePrecompute: built 25 candidates
[2026-10-05 04:37:17.726] [info] [stationary.cpp:264] NN: cost=87.479085, feasible=true, active_stations=1
[2026-10-05 04:37:17.726] [info] [candidate.cpp:199] InstancePrecompute: built 25 candidates
[2026-10-05 04:37:17.726] [info] [stationary.cpp:264] NN: cost=374.719863, feasible=true, active_stations=1
[2026-10-05 04:37:17.726] [info] [candidate.cpp:199] InstancePrecompute: built 75 candidates
[2026-10-05 04:37:17.726] [info] [stationary.cpp:264] NN: cost=46.673293, feasible=true, active_stations=2
[2026-10-05 04:37:17.726] [info] [candidate.cpp:199] InstancePrecompute: built 25 candidates
[2026-10-05 04:37:17.726] [info] [stationary.cpp:264] NN: cost=906.795397, feasible=true, active_stations=1
[2026-10-05 04:37:17.726] [info] [candidate.cpp:199] InstancePrecompute: built 25 candidates
[2026-10-05 04:37:17.726] [info] [stationary.cpp:264] NN: cost=169.890785, feasible=true, active_stations=1
[2026-10-05 04:37:17.726] [info] [candidate.cpp:199] InstancePrecompute: built 25 candidates
[2026-10-05 04:37:17.726] [info] [stationary.cpp:264] NN: cost=129.351696, feasible=true, active_stations=1
[2026-10-05 04:37:17.726] [info] [candidate.cpp:199] InstancePrecompute: built 25 candidates
[2026-10-05 04:37:17.726] [info] [stationary.cpp:264] NN: cost=365.385204, feasible=true, active_stations=1
[2026-10-05 04:37:17.726] [info] [candidate.cpp:199] InstancePrecompute: built 25 candidates
[2026-10-05 04:37:17.726] [info] [stationary.cpp:264] NN: cost=1598.360240, feasible=true, active_stations=1
[2026-10-05 04:37:17.726] [info] [candidate.cpp:199] InstancePrecompute: built 25 candidates
[2026-10-05 04:37:17.726] [info] [stationary.cpp:264] NN: cost=193.360783, feasible=true, active_stations=1
[2026-10-05 04:37:17.726] [info] [candidate.cpp:199] InstancePrecompute: built 25 candidates
[2026-10-05 04:37:17.726] [info] [stationary.cpp:264] NN: cost=13.335226, feasible=true, active_stations=1
[2026-10-05 04:37:17.726] [info] [candidate.cpp:199] InstancePrecompute: built 25 candidates
[2026-10-05 04:37:17.726] [info] [stationary.cpp:264] NN: cost=43.739543, feasible=true, active_stations=1
[2026-10-05 04:37:17.726] [info] [candidate.cpp:199] InstancePrecompute: built 25 candidates
[2026-10-05 04:37:17.726] [info] [stationary.cpp:264] NN: cost=87.479085, feasible=true, active_stations=1
[2026-10-05 04:37:17.726] [info] [candidate.cpp:199] InstancePrecompute: built 25 candidates
[2026-10-05 04:37:17.726] [info] [stationary.cpp:264] NN: cost=374.719863, feasible=true, active_stations=1
[2026-10-05 04:37:17.726] [info] [candidate.cpp:199] InstancePrecompute: built 25 candidates
[2026-10-05 04:37:17.726] [info] [stationary.cpp:264] NN: cost=33.338066, feasible=true, active_stations=1
[2026-10-05 04:37:17.726] [info] [candidate.cpp:199] InstancePrecompute: built 50 candidates
[2026-10-05 04:37:17.726] [info] [stationary.cpp:264] NN: cost=32.804657, feasible=true, active_stations=2
[2026-10-05 04:37:17.726] [info] [candidate.cpp:199] InstancePrecompute: built 25 candidates
[2026-10-05 04:37:17.726] [info] [stationary.cpp:264] NN: cost=906.795397, feasible=true, active_stations=1
[2026-10-05 04:37:17.726] [info] [candidate.cpp:199] InstancePrecompute: built 25 candidates
[2026-10-05 04:37:17.726] [info] [stationary.cpp:264] NN: cost=169.890785, feasible=true, active_stations=1
[2026-10-05 04:37:17.726] [info] [candidate.cpp:199] InstancePrecompute: built 25 candidates
[2026-10-05 04:37:17.726] [info] [stationary.cpp:264] NN: cost=129.351696, feasible=true, active_stations=1
[2026-10-05 04:37:17.726] [info] [candidate.cpp:199] InstancePrecompute: built 25 candidates
[2026-10-05 04:37:17.726] [info] [stationary.cpp:264] NN: cost=365.385204, feasible=true, active_stations=1
[2026-10-05 04:37:17.726] [info] [candidate.cpp:199] InstancePrecompute: built 25 candidates
[2026-10-05 04:37:17.726] [info] [stationary.cpp:264] NN: cost=1598.360240, feasible=true, active_stations=1
[2026-10-05 04:37:17.726] [info] [candidate.cpp:199] InstancePrecompute: built 25 candidates
[2026-10-05 04:37:17.726] [info] [stationary.cpp:264] NN: cost=193.360783, feasible=true, active_stations=1
[2026-10-05 04:37:17.726] [info] [candidate.cpp:199] InstancePrecompute: built 25 candidates
[2026-10-05 04:37:17.726] [info] [stationary.cpp:264] NN: cost=13.335226, feasible=true, active_stations=1
[2026-10-05 04:37:17.726] [info] [candidate.cpp:199] InstancePrecompute: built 50 candidates
[2026-10-05 04:37:17.726] [info] [stationary.cpp:264] NN: cost=87.479085, feasible=true, active_stations=1
[2026-10-05 04:37:17.726] [info] [candidate.cpp:199] InstancePrecompute: built 25 candidates
[2026-10-05 04:37:17.726] [info] [stationary.cpp:264] NN: cost=374.719863, feasible=true, active_stations=1
[2026-10-05 04:37:17.726] [info] [candidate.cpp:199] InstancePrecompute: built 75 candidates
[2026-10-05 04:37:17.726] [info] [stationary.cpp:264] NN: cost=46.673293, feasible=true, active_stations=2
[2026-10-05 04:37:17.726] [info] [candidate.cpp:199] InstancePrecompute: built 25 candidates
[2026-10-05 04:37:17.726] [info] [stationary.cpp:264] NN: cost=906.795397, feasible=true, active_stations=1
[2026-10-05 04:37:17.726] [info] [candidate.cpp:199] InstancePrecompute: built 25 candidates
[2026-10-05 04:37:17.726] [info] [stationary.cpp:264] NN: cost=169.890785, feasible=true, active_stations=1
[2026-10-05 04:37:17.726] [info] [candidate.cpp:199] InstancePrecompute: built 25 candidates
[2026-10-05 04:37:17.726] [info] [stationary.cpp:264] NN: cost=129.351696, feasible=true, active_stations=1
[2026-10-05 04:37:17.726] [info] [candidate.cpp:199] InstancePrecompute: built 25 candidates
[2026-10-05 04:37:17.726] [info] [stationary.cpp:264] NN: cost=365.385204, feasible=true, active_stations=1
[2026-10-05 04:37:17.726] [info] [candidate.cpp:199] InstancePrecompute: built 25 candidates
[2026-10-05 04:37:17.726] [info] [stationary.cpp:264] NN: cost=1598.360240, feasible=true, active_stations=1
[2026-10-05 04:37:17.726] [info] [candidate.cpp:199] InstancePrecompute: built 25 candidates
[2026-10-05 04:37:17.726] [info] [stationary.cpp:264] NN: cost=193.360783, feasible=true, active_stations=1
[2026-10-05 04:37:17.726] [info] [candidate.cpp:199] InstancePrecompute: built 25 candidates
[2026-10-05 04:37:17.726] [info] [stationary.cpp:264] NN: cost=13.335226, feasible=true, active_stations=1
[2026-10-05 04:37:17.726] [info] [candidate.cpp:199] InstancePrecompute: built 50 candidates
[2026-10-05 04:37:17.726] [info] [stationary.cpp:264] NN: cost=87.479085, feasible=true, active_stations=1
[2026-10-05 04:37:17.726] [info] [candidate.cpp:199] InstancePrecompute: built 25 candidates
[2026-10-05 04:37:17.726] [info] [stationary.cpp:264] NN: cost=374.719863, feasible=true, active_stations=1
[2026-10-05 04:37:17.726] [info] [candidate.cpp:199] InstancePrecompute: built 75 candidates
[2026-10-05 04:37:17.726] [info] [stationary.cpp:264] NN: cost=46.673293, feasible=true, active_stations=2
[2026-10-05 04:37:17.726] [info] [candidate.cpp:199] InstancePrecompute: built 25 candidates
[2026-10-05 04:37:17.726] [info] [stationary.cpp:264] NN: cost=906.795397, feasible=true, active_stations=1
[2026-10-05 04:37:17.726] [info] [candidate.cpp:199] InstancePrecompute: built 25 candidates
[2026-10-05 04:37:17.726] [info] [stationary.cpp:264] NN: cost=169.890785, feasible=true, active_stations=1
[2026-10-05 04:37:17.726] [info] [candidate.cpp:199] InstancePrecompute: built 25 candidates
[2026-10-05 04:37:17.726] [info] [stationary.cpp:264] NN: cost=129.351696, feasible=true, active_stations=1
[2026-10-05 04:37:17.726] [info] [candidate.cpp:199] InstancePrecompute: built 25 candidates
[2026-10-05 04:37:17.726] [info] [stationary.cpp:264] NN: cost=365.385204, feasible=true, active_stations=1
[2026-10-05 04:37:17.726] [info] [candidate.cpp:199] InstancePrecompute: built 25 candidates
[2026-10-05 04:37:17.726] [info] [stationary.cpp:264] NN: cost=1598.360240, feasible=true, active_stations=1
[2026-10-05 04:37:17.726] [info] [candidate.cpp:199] InstancePrecompute: built 25 candidates
[2026-10-05 04:37:17.726] [info] [stationary.cpp:264] NN: cost=193.360783, feasible=true, active_stations=1
[2026-10-05 04:37:17.726] [info] [candidate.cpp:199] InstancePrecompute: built 25 candidates
[2026-10-05 04:37:17.726] [info] [stationary.cpp:264] NN: cost=13.335226, feasible=true, active_stations=1
[2026-10-05 04:37:17.726] [info] [candidate.cpp:199] InstancePrecompute: built 50 candidates
[2026-10-05 04:37:17.726] [info] [stationary.cpp:264] NN: cost=87.479085, feasible=true, active_stations=1
[2026-10-05 04:37:17.726] [info] [candidate.cpp:199] InstancePrecompute: built 25 candidates
[2026-10-05 04:37:17.726] [info] [stationary.cpp:264] NN: cost=374.719863, feasible=true, active_stations=1
[2026-10-05 04:37:17.726] [info] [candidate.cpp:199] InstancePrecompute: built 75 candidates
[2026-10-05 04:37:17.726] [info] [stationary.cpp:264] NN: cost=46.673293, feasible=true, active_stations=2
[2026-10-05 04:37:17.726] [info] [candidate.cpp:199] InstancePrecompute: built 25 candidates
[2026-10-05 04:37:17.726] [info] [stationary.cpp:264] NN: cost=906.795397, feasible=true, active_stations=1
[2026-10-05 04:37:17.726] [info] [candidate.cpp:199] InstancePrecompute: built 25 candidates
[2026-10-05 04:37:17.726] [info] [stationary.cpp:264] NN: cost=169.890785, feasible=true, active_stations=1
[2026-10-05 04:37:17.726] [info] [candidate.cpp:199] InstancePrecompute: built 25 candidates
[2026-10-05 04:37:17.726] [info] [stationary.cpp:264] NN: cost=129.351696, feasible=true, active_stations=1
[2026-10-05 04:37:17.726] [info] [candidate.cpp:199] InstancePrecompute: built 25 candidates
[2026-10-05 04:37:17.726] [info] [stationary.cpp:264] NN: cost=365.385204, feasible=true, active_stations=1
[2026-10-05 04:37:17.726] [info] [candidate.cpp:199] InstancePrecompute: built 25 candidates
[2026-10-05 04:37:17.726] [info] [stationary.cpp:264] NN: cost=1598.360240, feasible=true, active_stations=1
[2026-10-05 04:37:17.726] [info] [candidate.cpp:199] InstancePrecompute: built 25 candidates
[2026-10-05 04:37:17.726] [info] [stationary.cpp:264] NN: cost=193.360783, feasible=true, active_stations=1
[2026-10-05 04:37:17.726] [info] [candidate.cpp:199] InstancePrecompute: built 25 candidates
[2026-10-05 04:37:17.726] [info] [stationary.cpp:264] NN: cost=13.335226, feasible=true, active_stations=1
[2026-10-05 04:37:17.726] [info] [candidate.cpp:199] InstancePrecompute: built 25 candidates
[2026-10-05 04:37:17.726] [info] [stationary.cpp:264] NN: cost=43.739543, feasible=true, active_stations=1
[2026-10-05 04:37:17.726] [info] [candidate.cpp:199] InstancePrecompute: built 25 candidates
[2026-10-05 04:37:17.726] [info] [stationary.cpp:264] NN: cost=87.479085, feasible=true, active_stations=1
[2026-10-05 04:37:17.726] [info] [candidate.cpp:199] InstancePrecompute: built 25 candidates
[2026-10-05 04:37:17.726] [info] [stationary.cpp:264] NN: cost=374.719863, feasible=true, active_stations=1
[2026-10-05 04:37:17.726] [info] [candidate.cpp:199] InstancePrecompute: built 75 candidates
[2026-10-05 04:37:17.726] [info] [stationary.cpp:264] NN: cost=46.673293, feasible=true, active_stations=2
[2026-10-05 04:37:17.726] [info] [candidate.cpp:199] InstancePrecompute: built 25 candidates
[2026-10-05 04:37:17.726] [info] [stationary.cpp:264] NN: cost=906.795397, feasible=true, active_stations=1
[2026-10-05 04:37:17.726] [info] [candidate.cpp:199] InstancePrecompute: built 25 candidates
[2026-10-05 04:37:17.726] [info] [stationary.cpp:264] NN: cost=169.890785, feasible=true, active_stations=1
[2026-10-05 04:37:17.726] [info] [candidate.cpp:199] InstancePrecompute: built 25 candidates
[2026-10-05 04:37:17.726] [info] [stationary.cpp:264] NN: cost=129.351696, feasible=true, active_stations=1
[2026-10-05 04:37:17.726] [info] [candidate.cpp:199] InstancePrecompute: built 25 candidates
[2026-10-05 04:37:17.726] [info] [stationary.cpp:264] NN: cost=365.385204, feasible=true, active_stations=1
[2026-10-05 04:37:17.726] [info] [candidate.cpp:199] InstancePrecompute: built 25 candidates
[2026-10-05 04:37:17.726] [info] [stationary.cpp:264] NN: cost=1598.360240, feasible=true, active_stations=1
[2026-10-05 04:37:17.726] [info] [candidate.cpp:199] InstancePrecompute: built 25 candidates
[2026-10-05 04:37:17.726] [info] [stationary.cpp:264] NN: cost=193.360783, feasible=true, active_stations=1
[2026-10-05 04:37:17.726] [info] [candidate.cpp:199] InstancePrecompute: built 25 candidates
[2026-10-05 04:37:17.726] [info] [stationary.cpp:264] NN: cost=13.335226, feasible=true, active_stations=1
[2026-10-05 04:37:17.726] [info] [candidate.cpp:199] InstancePrecompute: built 25 candidates
[2026-10-05 04:37:17.726] [info] [stationary.cpp:264] NN: cost=43.739543, feasible=true, active_stations=1
[2026-10-05 04:37:17.726] [info] [candidate.cpp:199] InstancePrecompute: built 25 candidates
[2026-10-05 04:37:17.726] [info] [stationary.cpp:264] NN: cost=87.479085, feasible=true, active_stations=1
[2026-10-05 04:37:17.726] [info] [candidate.cpp:199] InstancePrecompute: built 25 candidates
[2026-10-05 04:37:17.726] [info] [stationary.cpp:264] NN: cost=374.719863, feasible=true, active_stations=1
[2026-10-05 04:37:17.726] [info] [candidate.cpp:199] InstancePrecompute: built 25 candidates
[2026-10-05 04:37:17.726] [info] [stationary.cpp:264] NN: cost=33.338066, feasible=true, active_stations=1
[2026-10-05 04:37:17.726] [info] [candidate.cpp:199] InstancePrecompute: built 50 candidates
[2026-10-05 04:37:17.726] [info] [stationary.cpp:264] NN: cost=32.804657, feasible=true, active_stations=2
[2026-10-05 04:37:17.726] [info] [candidate.cpp:199] InstancePrecompute: built 25 candidates
[2026-10-05 04:37:17.727] [info] [stationary.cpp:264] NN: cost=906.795397, feasible=true, active_stations=1
[2026-10-05 04:37:17.727] [info] [candidate.cpp:199] InstancePrecompute: built 25 candidates
[2026-10-05 04:37:17.727] [info] [stationary.cpp:264] NN: cost=169.890785, feasible=true, active_stations=1
[2026-10-05 04:37:17.727] [info] [candidate.cpp:199] InstancePrecompute: built 25 candidates
[2026-10-05 04:37:17.727] [info] [stationary.cpp:264] NN: cost=129.351696, feasible=true, active_stations=1
[2026-10-05 04:37:17.727] [info] [candidate.cpp:199] InstancePrecompute: built 25 candidates
[2026-10-05 04:37:17.727] [info] [stationary.cpp:264] NN: cost=365.385204, feasible=true, active_stations=1
[2026-10-05 04:37:17.727] [info] [candidate.cpp:199] InstancePrecompute: built 25 candidates
[2026-10-05 04:37:17.727] [info] [stationary.cpp:264] NN: cost=1598.360240, feasible=true, active_stations=1
[2026-10-05 04:37:17.727] [info] [candidate.cpp:199] InstancePrecompute: built 25 candidates
[2026-10-05 04:37:17.727] [info] [stationary.cpp:264] NN: cost=193.360783, feasible=true, active_stations=1
[2026-10-05 04:37:17.727] [info] [candidate.cpp:199] InstancePrecompute: built 25 candidates
[2026-10-05 04:37:17.727] [info] [stationary.cpp:264] NN: cost=13.335226, feasible=true, active_stations=1
[2026-10-05 04:37:17.727] [info] [candidate.cpp:199] InstancePrecompute: built 50 candidates
[2026-10-05 04:37:17.727] [info] [stationary.cpp:264] NN: cost=87.479085, feasible=true, active_stations=1
[2026-10-05 04:37:17.727] [info] [candidate.cpp:199] InstancePrecompute: built 25 candidates
[2026-10-05 04:37:17.727] [info] [stationary.cpp:264] NN: cost=374.719863, feasible=true, active_stations=1
[2026-10-05 04:37:17.727] [info] [candidate.cpp:199] InstancePrecompute: built 75 candidates
[2026-10-05 04:37:17.727] [info] [stationary.cpp:264] NN: cost=46.673293, feasible=true, active_stations=2
[2026-10-05 04:37:17.727] [info] [candidate.cpp:199] InstancePrecompute: built 25 candidates
[2026-10-05 04:37:17.727] [info] [stationary.cpp:264] NN: cost=906.795397, feasible=true, active_stations=1
[2026-10-05 04:37:17.727] [info] [candidate.cpp:199] InstancePrecompute: built 25 candidates
[2026-10-05 04:37:17.727] [info] [stationary.cpp:264] NN: cost=169.890785, feasible=true, active_stations=1
[2026-10-05 04:37:17.727] [info] [candidate.cpp:199] InstancePrecompute: built 25 candidates
[2026-10-05 04:37:17.727] [info] [stationary.cpp:264] NN: cost=129.351696, feasible=true, active_stations=1
[2026-10-05 04:37:17.727] [info] [candidate.cpp:199] InstancePrecompute: built 25 candidates
[2026-10-05 04:37:17.727] [info] [stationary.cpp:264] NN: cost=365.385204, feasible=true, active_stations=1
[2026-10-05 04:37:17.727] [info] [candidate.cpp:199] InstancePrecompute: built 25 candidates
[2026-10-05 04:37:17.727] [info] [stationary.cpp:264] NN: cost=1598.360240, feasible=true, active_stations=1
[2026-10-05 04:37:17.727] [info] [candidate.cpp:199] InstancePrecompute: built 25 candidates
[2026-10-05 04:37:17.727] [info] [stationary.cpp:264] NN: cost=193.360783, feasible=true, active_stations=1
[2026-10-05 04:37:17.727] [info] [candidate.cpp:199] InstancePrecompute: built 25 candidates
[2026-10-05 04:37:17.727] [info] [stationary.cpp:264] NN: cost=13.335226, feasible=true, active_stations=1
[2026-10-05 04:37:17.727] [info] [candidate.cpp:199] InstancePrecompute: built 50 candidates
[2026-10-05 04:37:17.727] [info] [stationary.cpp:264] NN: cost=87.479085, feasible=true, active_stations=1
[2026-10-05 04:37:17.727] [info] [candidate.cpp:199] InstancePrecompute: built 25 candidates
[2026-10-05 04:37:17.727] [info] [stationary.cpp:264] NN: cost=374.719863, feasible=true, active_stations=1
[2026-10-05 04:37:17.727] [info] [candidate.cpp:199] InstancePrecompute: built 75 candidates
[2026-10-05 04:37:17.727] [info] [stationary.cpp:264] NN: cost=46.673293, feasible=true, active_stations=2
[2026-10-05 04:37:17.727] [info] [candidate.cpp:199] InstancePrecompute: built 25 candidates
[2026-10-05 04:37:17.727] [info] [stationary.cpp:264] NN: cost=906.795397, feasible=true, active_stations=1
[2026-10-05 04:37:17.727] [info] [candidate.cpp:199] InstancePrecompute: built 25 candidates
[2026-10-05 04:37:17.727] [info] [stationary.cpp:264] NN: cost=169.890785, feasible=true, active_stations=1
[2026-10-05 04:37:17.727] [info] [candidate.cpp:199] InstancePrecompute: built 25 candidates
[2026-10-05 04:37:17.727] [info] [stationary.cpp:264] NN: cost=129.351696, feasible=true, active_stations=1
[2026-10-05 04:37:17.727] [info] [candidate.cpp:199] InstancePrecompute: built 25 candidates
[2026-10-05 04:37:17.727] [info] [stationary.cpp:264] NN: cost=365.385204, feasible=true, active_stations=1
[2026-10-05 04:37:17.727] [info] [candidate.cpp:199] InstancePrecompute: built 25 candidates
[2026-10-05 04:37:17.727] [info] [stationary.cpp:264] NN: cost=1598.360240, feasible=true, active_stations=1
[2026-10-05 04:37:17.727] [info] [candidate.cpp:199] InstancePrecompute: built 25 candidates
[2026-10-05 04:37:17.727] [info] [stationary.cpp:264] NN: cost=193.360783, feasible=true, active_stations=1
[2026-10-05 04:37:17.727] [info] [candidate.cpp:199] InstancePrecompute: built 25 candidates
[2026-10-05 04:37:17.727] [info] [stationary.cpp:264] NN: cost=13.335226, feasible=true, active_stations=1
[2026-10-05 04:37:17.727] [info] [candidate.cpp:199] InstancePrecompute: built 50 candidates
[2026-10-05 04:37:17.727] [info] [stationary.cpp:264] NN: cost=87.479085, feasible=true, active_stations=1
[2026-10-05 04:37:17.727] [info] [candidate.cpp:199] InstancePrecompute: built 25 candidates
[2026-10-05 04:37:17.727] [info] [stationary.cpp:264] NN: cost=374.719863, feasible=true, active_stations=1
[2026-10-05 04:37:17.727] [info] [candidate.cpp:199] InstancePrecompute: built 75 candidates
[2026-10-05 04:37:17.727] [info] [stationary.cpp:264] NN: cost=46.673293, feasible=true, active_stations=2
[2026-10-05 04:37:17.727] [info] [candidate.cpp:199] InstancePrecompute: built 25 candidates
[2026-10-05 04:37:17.727] [info] [stationary.cpp:264] NN: cost=906.795397, feasible=true, active_stations=1
[2026-10-05 04:37:17.727] [info] [candidate.cpp:199] InstancePrecompute: built 25 candidates
[2026-10-05 04:37:17.727] [info] [stationary.cpp:264] NN: cost=169.890785, feasible=true, active_stations=1
[2026-10-05 04:37:17.727] [info] [candidate.cpp:199] InstancePrecompute: built 25 candidates
[2026-10-05 04:37:17.727] [info] [stationary.cpp:264] NN: cost=129.351696, feasible=true, active_stations=1
[2026-10-05 04:37:17.727] [info] [candidate.cpp:199] InstancePrecompute: built 25 candidates
[2026-10-05 04:37:17.727] [info] [stationary.cpp:264] NN: cost=365.385204, feasible=true, active_stations=1
[2026-10-05 04:37:17.727] [info] [candidate.cpp:199] InstancePrecompute: built 25 candidates
[2026-10-05 04:37:17.727] [info] [stationary.cpp:264] NN: cost=1598.360240, feasible=true, active_stations=1
[2026-10-05 04:37:17.727] [info] [candidate.cpp:199] InstancePrecompute: built 25 candidates
[2026-10-05 04:37:17.727] [info] [stationary.cpp:264] NN: cost=193.360783, feasible=true, active_stations=1
[2026-10-05 04:37:17.727] [info] [candidate.cpp:199] InstancePrecompute: built 25 candidates
[2026-10-05 04:37:17.727] [info] [stationary.cpp:264] NN: cost=13.335226, feasible=true, active_stations=1
[2026-10-05 04:37:17.727] [info] [candidate.cpp:199] InstancePrecompute: built 25 candidates
[2026-10-05 04:37:17.727] [info] [stationary.cpp:264] NN: cost=43.739543, feasible=true, active_stations=1
[2026-10-05 04:37:17.727] [info] [candidate.cpp:199] InstancePrecompute: built 25 candidates
[2026-10-05 04:37:17.727] [info] [stationary.cpp:264] NN: cost=87.479085, feasible=true, active_stations=1
[2026-10-05 04:37:17.727] [info] [candidate.cpp:199] InstancePrecompute: built 25 candidates
[2026-10-05 04:37:17.727] [info] [stationary.cpp:264] NN: cost=374.719863, feasible=true, active_stations=1
[2026-10-05 04:37:17.727] [info] [candidate.cpp:199] InstancePrecompute: built 75 candidates
[2026-10-05 04:37:17.727] [info] [stationary.cpp:264] NN: cost=46.673293, feasible=true, active_stations=2
[2026-10-05 04:37:17.727] [info] [candidate.cpp:199] InstancePrecompute: built 25 candidates
[2026-10-05 04:37:17.727] [info] [stationary.cpp:264] NN: cost=906.795397, feasible=true, active_stations=1
[2026-10-05 04:37:17.727] [info] [candidate.cpp:199] InstancePrecompute: built 25 candidates
[2026-10-05 04:37:17.727] [info] [stationary.cpp:264] NN: cost=169.890785, feasible=true, active_stations=1
[2026-10-05 04:37:17.727] [info] [candidate.cpp:199] InstancePrecompute: built 25 candidates
[2026-10-05 04:37:17.727] [info] [stationary.cpp:264] NN: cost=129.351696, feasible=true, active_stations=1
[2026-10-05 04:37:17.727] [info] [candidate.cpp:199] InstancePrecompute: built 25 candidates
[2026-10-05 04:37:17.727] [info] [stationary.cpp:264] NN: cost=365.385204, feasible=true, active_stations=1
[2026-10-05 04:37:17.727] [info] [candidate.cpp:199] InstancePrecompute: built 25 candidates
[2026-10-05 04:37:17.727] [info] [stationary.cpp:264] NN: cost=1598.360240, feasible=true, active_stations=1
[2026-10-05 04:37:17.727] [info] [candidate.cpp:199] InstancePrecompute: built 25 candidates
[2026-10-05 04:37:17.727] [info] [stationary.cpp:264] NN: cost=193.360783, feasible=true, active_stations=1
[2026-10-05 04:37:17.727] [info] [candidate.cpp:199] InstancePrecompute: built 25 candidates
[2026-10-05 04:37:17.727] [info] [stationary.cpp:264] NN: cost=13.335226, feasible=true, active_stations=1
[2026-10-05 04:37:17.727] [info] [candidate.cpp:199] InstancePrecompute: built 25 candidates
[2026-10-05 04:37:17.727] [info] [stationary.cpp:264] NN: cost=43.739543, feasible=true, active_stations=1
[2026-10-05 04:37:17.727] [info] [candidate.cpp:199] InstancePrecompute: built 25 candidates
[2026-10-05 04:37:17.727] [info] [stationary.cpp:264] NN: cost=87.479085, feasible=true, active_stations=1
[2026-10-05 04:37:17.727] [info] [candidate.cpp:199] InstancePrecompute: built 25 candidates
[2026-10-05 04:37:17.727] [info] [stationary.cpp:264] NN: cost=374.719863, feasible=true, active_stations=1
[2026-10-05 04:37:17.727] [info] [candidate.cpp:199] InstancePrecompute: built 25 candidates
[2026-10-05 04:37:17.727] [info] [stationary.cpp:264] NN: cost=33.338066, feasible=true, active_stations=1
[2026-10-05 04:37:17.727] [info] [candidate.cpp:199] InstancePrecompute: built 50 candidates
[2026-10-05 04:37:17.727] [info] [stationary.cpp:264] NN: cost=32.804657, feasible=true, active_stations=2
[2026-10-05 04:37:17.727] [info] [candidate.cpp:199] InstancePrecompute: built 25 candidates
[2026-10-05 04:37:17.727] [info] [stationary.cpp:264] NN: cost=906.795397, feasible=true, active_stations=1
[2026-10-05 04:37:17.727] [info] [candidate.cpp:199] InstancePrecompute: built 25 candidates
[2026-10-05 04:37:17.727] [info] [stationary.cpp:264] NN: cost=169.890785, feasible=true, active_stations=1
[2026-10-05 04:37:17.727] [info] [candidate.cpp:199] InstancePrecompute: built 25 candidates
[2026-10-05 04:37:17.727] [info] [stationary.cpp:264] NN: cost=129.351696, feasible=true, active_stations=1
[2026-10-05 04:37:17.727] [info] [candidate.cpp:199] InstancePrecompute: built 25 candidates
[2026-10-05 04:37:17.727] [info] [stationary.cpp:264] NN: cost=365.385204, feasible=true, active_stations=1
[2026-10-05 04:37:17.727] [info] [candidate.cpp:199] InstancePrecompute: built 25 candidates
[2026-10-05 04:37:17.727] [info] [stationary.cpp:264] NN: cost=1598.360240, feasible=true, active_stations=1
[2026-10-05 04:37:17.727] [info] [candidate.cpp:199] InstancePrecompute: built 25 candidates
[2026-10-05 04:37:17.727] [info] [stationary.cpp:264] NN: cost=193.360783, feasible=true, active_stations=1
[2026-10-05 04:37:17.727] [info] [candidate.cpp:199] InstancePrecompute: built 25 candidates
[2026-10-05 04:37:17.727] [info] [stationary.cpp:264] NN: cost=13.335226, feasible=true, active_stations=1
[2026-10-05 04:37:17.727] [info] [candidate.cpp:199] InstancePrecompute: built 50 candidates
[2026-10-05 04:37:17.727] [info] [stationary.cpp:264] NN: cost=87.479085, feasible=true, active_stations=1
[2026-10-05 04:37:17.727] [info] [candidate.cpp:199] InstancePrecompute: built 25 candidates
[2026-10-05 04:37:17.727] [info] [stationary.cpp:264] NN: cost=374.719863, feasible=true, active_stations=1
[2026-10-05 04:37:17.727] [info] [candidate.cpp:199] InstancePrecompute: built 75 candidates
[2026-10-05 04:37:17.727] [info] [stationary.cpp:264] NN: cost=46.673293, feasible=true, active_stations=2
[2026-10-05 04:37:17.727] [info] [candidate.cpp:199] InstancePrecompute: built 25 candidates
[2026-10-05 04:37:17.727] [info] [stationary.cpp:264] NN: cost=906.795397, feasible=true, active_stations=1
[2026-10-05 04:37:17.727] [info] [candidate.cpp:199] InstancePrecompute: built 25 candidates
[2026-10-05 04:37:17.727] [info] [stationary.cpp:264] NN: cost=169.890785, feasible=true, active_stations=1
[2026-10-05 04:37:17.727] [info] [candidate.cpp:199] InstancePrecompute: built 25 candidates
[2026-10-05 04:37:17.727] [info] [stationary.cpp:264] NN: cost=129.351696, feasible=true, active_stations=1
[2026-10-05 04:37:17.727] [info] [candidate.cpp:199] InstancePrecompute: built 25 candidates
[2026-10-05 04:37:17.727] [info] [stationary.cpp:264] NN: cost=365.385204, feasible=true, active_stations=1
[2026-10-05 04:37:17.727] [info] [candidate.cpp:199] InstancePrecompute: built 25 candidates
[2026-10-05 04:37:17.727] [info] [stationary.cpp:264] NN: cost=1598.360240, feasible=true, active_stations=1
[2026-10-05 04:37:17.727] [info] [candidate.cpp:199] InstancePrecompute: built 25 candidates
[2026-10-05 04:37:17.727] [info] [stationary.cpp:264] NN: cost=193.360783, feasible=true, active_stations=1
[2026-10-05 04:37:17.727] [info] [candidate.cpp:199] InstancePrecompute: built 25 candidates
[2026-10-05 04:37:17.727] [info] [stationary.cpp:264] NN: cost=13.335226, feasible=true, active_stations=1
[2026-10-05 04:37:17.727] [info] [candidate.cpp:199] InstancePrecompute: built 50 candidates
[2026-10-05 04:37:17.727] [info] [stationary.cpp:264] NN: cost=87.479085, feasible=true, active_stations=1
[2026-10-05 04:37:17.727] [info] [candidate.cpp:199] InstancePrecompute: built 25 candidates
[2026-10-05 04:37:17.727] [info] [stationary.cpp:264] NN: cost=374.719863, feasible=true, active_stations=1
[2026-10-05 04:37:17.727] [info] [candidate.cpp:199] InstancePrecompute: built 75 candidates
[2026-10-05 04:37:17.727] [info] [stationary.cpp:264] NN: cost=46.673293, feasible=true, active_stations=2
[2026-10-05 04:37:17.727] [info] [candidate.cpp:199] InstancePrecompute: built 25 candidates
[2026-10-05 04:37:17.727] [info] [stationary.cpp:264] NN: cost=906.795397, feasible=true, active_stations=1
[2026-10-05 04:37:17.727] [info] [candidate.cpp:199] InstancePrecompute: built 25 candidates
[2026-10-05 04:37:17.727] [info] [stationary.cpp:264] NN: cost=169.890785, feasible=true, active_stations=1
[2026-10-05 04:37:17.727] [info] [candidate.cpp:199] InstancePrecompute: built 25 candidates
[2026-10-05 04:37:17.727] [info] [stationary.cpp:264] NN: cost=129.351696, feasible=true, active_stations=1
[2026-10-05 04:37:17.727] [info] [candidate.cpp:199] InstancePrecompute: built 25 candidates
[2026-10-05 04:37:17.727] [info] [stationary.cpp:264] NN: cost=365.385204, feasible=true, active_stations=1
[2026-10-05 04:37:17.727] [info] [candidate.cpp:199] InstancePrecompute: built 25 candidates
[2026-10-05 04:37:17.727] [info] [stationary.cpp:264] NN: cost=1598.360240, feasible=true, active_stations=1
[2026-10-05 04:37:17.727] [info] [candidate.cpp:199] InstancePrecompute: built 25 candidates
[2026-10-05 04:37:17.727] [info] [stationary.cpp:264] NN: cost=193.360783, feasible=true, active_stations=1
[2026-10-05 04:37:17.727] [info] [candidate.cpp:199] InstancePrecompute: built 25 candidates
[2026-10-05 04:37:17.727] [info] [stationary.cpp:264] NN: cost=13.335226, feasible=true, active_stations=1
[2026-10-05 04:37:17.727] [info] [candidate.cpp:199] InstancePrecompute: built 50 candidates
[2026-10-05 04:37:17.727] [info] [stationary.cpp:264] NN: cost=87.479085, feasible=true, active_stations=1
[2026-10-05 04:37:17.727] [info] [candidate.cpp:199] InstancePrecompute: built 25 candidates
[2026-10-05 04:37:17.727] [info] [stationary.cpp:264] NN: cost=374.719863, feasible=true, active_stations=1
[2026-10-05 04:37:17.727] [info] [candidate.cpp:199] InstancePrecompute: built 75 candidates
[2026-10-05 04:37:17.727] [info] [stationary.cpp:264] NN: cost=46.673293, feasible=true, active_stations=2
[2026-10-05 04:37:17.727] [info] [candidate.cpp:199] InstancePrecompute: built 25 candidates
[2026-10-05 04:37:17.727] [info] [stationary.cpp:264] NN: cost=906.795397, feasible=true, active_stations=1
[2026-10-05 04:37:17.727] [info] [candidate.cpp:199] InstancePrecompute: built 25 candidates
[2026-10-05 04:37:17.727] [info] [stationary.cpp:264] NN: cost=169.890785, feasible=true, active_stations=1
[2026-10-05 04:37:17.727] [info] [candidate.cpp:199] InstancePrecompute: built 25 candidates
[2026-10-05 04:37:17.727] [info] [stationary.cpp:264] NN: cost=129.351696, feasible=true, active_stations=1
[2026-10-05 04:37:17.727] [info] [candidate.cpp:199] InstancePrecompute: built 25 candidates
[2026-10-05 04:37:17.727] [info] [stationary.cpp:264] NN: cost=365.385204, feasible=true, active_stations=1
[2026-10-05 04:37:17.727] [info] [candidate.cpp:199] InstancePrecompute: built 25 candidates
[2026-10-05 04:37:17.727] [info] [stationary.cpp:264] NN: cost=1598.360240, feasible=true, active_stations=1
[2026-10-05 04:37:17.727] [info] [candidate.cpp:199] InstancePrecompute: built 25 candidates
[2026-10-05 04:37:17.727] [info] [stationary.cpp:264] NN: cost=193.360783, feasible=true, active_stations=1
[2026-10-05 04:37:17.727] [info] [candidate.cpp:199] InstancePrecompute: built 25 candidates
[2026-10-05 04:37:17.727] [info] [stationary.cpp:264] NN: cost=374.719863, feasible=true, active_stations=1
[2026-10-05 04:37:17.727] [info] [candidate.cpp:199] InstancePrecompute: built 25 candidates
[2026-10-05 04:37:17.727] [info] [stationary.cpp:264] NN: cost=13.335226, feasible=true, active_stations=1
[2026-10-05 04:37:17.727] [info] [candidate.cpp:199] InstancePrecompute: built 75 candidates
[2026-10-05 04:37:17.727] [info] [stationary.cpp:264] NN: cost=106.948516, feasible=true, active_stations=2
[2026-10-05 04:37:17.727] [info] [candidate.cpp:199] InstancePrecompute: built 50 candidates
[2026-10-05 04:37:17.727] [info] [stationary.cpp:264] NN: cost=46.673293, feasible=true, active_stations=2
[2026-10-05 04:37:17.727] [info] [candidate.cpp:199] InstancePrecompute: built 25 candidates
[2026-10-05 04:37:17.727] [info] [stationary.cpp:264] NN: cost=906.795397, feasible=true, active_stations=1
[2026-10-05 04:37:17.727] [info] [candidate.cpp:199] InstancePrecompute: built 25 candidates
[2026-10-05 04:37:17.727] [info] [stationary.cpp:264] NN: cost=169.890785, feasible=true, active_stations=1
[2026-10-05 04:37:17.727] [info] [candidate.cpp:199] InstancePrecompute: built 25 candidates
[2026-10-05 04:37:17.727] [info] [stationary.cpp:264] NN: cost=129.351696, feasible=true, active_stations=1
[2026-10-05 04:37:17.727] [info] [candidate.cpp:199] InstancePrecompute: built 25 candidates
[2026-10-05 04:37:17.727] [info] [stationary.cpp:264] NN: cost=365.385204, feasible=true, active_stations=1
[2026-10-05 04:37:17.727] [info] [candidate.cpp:199] InstancePrecompute: built 25 candidates
[2026-10-05 04:37:17.727] [info] [stationary.cpp:264] NN: cost=1598.360240, feasible=true, active_stations=1
[2026-10-05 04:37:17.727] [info] [candidate.cpp:199] InstancePrecompute: built 25 candidates
[2026-10-05 04:37:17.727] [info] [stationary.cpp:264] NN: cost=193.360783, feasible=true, active_stations=1
[2026-10-05 04:37:17.727] [info] [candidate.cpp:199] InstancePrecompute: built 25 candidates
[2026-10-05 04:37:17.727] [info] [stationary.cpp:264] NN: cost=374.719863, feasible=true, active_stations=1
[2026-10-05 04:37:17.727] [info] [candidate.cpp:199] InstancePrecompute: built 25 candidates
[2026-10-05 04:37:17.727] [info] [stationary.cpp:264] NN: cost=13.335226, feasible=true, active_stations=1
[2026-10-05 04:37:17.727] [info] [candidate.cpp:199] InstancePrecompute: built 75 candidates
[2026-10-05 04:37:17.727] [info] [stationary.cpp:264] NN: cost=106.948516, feasible=true, active_stations=2
[2026-10-05 04:37:17.727] [info] [candidate.cpp:199] InstancePrecompute: built 50 candidates
[2026-10-05 04:37:17.727] [info] [stationary.cpp:264] NN: cost=46.673293, feasible=true, active_stations=2
[2026-10-05 04:37:17.727] [info] [candidate.cpp:199] InstancePrecompute: built 25 candidates
[2026-10-05 04:37:17.727] [info] [stationary.cpp:264] NN: cost=906.795397, feasible=true, active_stations=1
[2026-10-05 04:37:17.727] [info] [candidate.cpp:199] InstancePrecompute: built 25 candidates
[2026-10-05 04:37:17.727] [info] [stationary.cpp:264] NN: cost=169.890785, feasible=true, active_stations=1
[2026-10-05 04:37:17.727] [info] [candidate.cpp:199] InstancePrecompute: built 25 candidates
[2026-10-05 04:37:17.727] [info] [stationary.cpp:264] NN: cost=129.351696, feasible=true, active_stations=1
[2026-10-05 04:37:17.727] [info] [candidate.cpp:199] InstancePrecompute: built 25 candidates
[2026-10-05 04:37:17.727] [info] [stationary.cpp:264] NN: cost=365.385204, feasible=true, active_stations=1
[2026-10-05 04:37:17.727] [info] [candidate.cpp:199] InstancePrecompute: built 25 candidates
[2026-10-05 04:37:17.727] [info] [stationary.cpp:264] NN: cost=1598.360240, feasible=true, active_stations=1
[2026-10-05 04:37:17.727] [info] [candidate.cpp:199] InstancePrecompute: built 25 candidates
[2026-10-05 04:37:17.727] [info] [stationary.cpp:264] NN: cost=193.360783, feasible=true, active_stations=1
[2026-10-05 04:37:17.727] [info] [candidate.cpp:199] InstancePrecompute: built 25 candidates
[2026-10-05 04:37:17.727] [info] [stationary.cpp:264] NN: cost=374.719863, feasible=true, active_stations=1
[2026-10-05 04:37:17.727] [info] [candidate.cpp:199] InstancePrecompute: built 25 candidates
[2026-10-05 04:37:17.727] [info] [stationary.cpp:264] NN: cost=13.335226, feasible=true, active_stations=1
[2026-10-05 04:37:17.727] [info] [candidate.cpp:199] InstancePrecompute: built 25 candidates
[2026-10-05 04:37:17.727] [info] [stationary.cpp:264] NN: cost=43.739543, feasible=true, active_stations=1
[2026-10-05 04:37:17.727] [info] [candidate.cpp:199] InstancePrecompute: built 50 candidates
[2026-10-05 04:37:17.727] [info] [stationary.cpp:264] NN: cost=106.948516, feasible=true, active_stations=2
[2026-10-05 04:37:17.727] [info] [candidate.cpp:199] InstancePrecompute: built 25 candidates
[2026-10-05 04:37:17.727] [info] [stationary.cpp:264] NN: cost=33.338066, feasible=true, active_stations=1
[2026-10-05 04:37:17.727] [info] [candidate.cpp:199] InstancePrecompute: built 25 candidates
[2026-10-05 04:37:17.727] [info] [stationary.cpp:264] NN: cost=13.335226, feasible=true, active_stations=1
[2026-10-05 04:37:17.727] [info] [candidate.cpp:199] InstancePrecompute: built 25 candidates
[2026-10-05 04:37:17.727] [info] [stationary.cpp:264] NN: cost=906.795397, feasible=true, active_stations=1
[2026-10-05 04:37:17.727] [info] [candidate.cpp:199] InstancePrecompute: built 25 candidates
[2026-10-05 04:37:17.727] [info] [stationary.cpp:264] NN: cost=169.890785, feasible=true, active_stations=1
[2026-10-05 04:37:17.727] [info] [candidate.cpp:199] InstancePrecompute: built 25 candidates
[2026-10-05 04:37:17.727] [info] [stationary.cpp:264] NN: cost=129.351696, feasible=true, active_stations=1
[2026-10-05 04:37:17.727] [info] [candidate.cpp:199] InstancePrecompute: built 25 candidates
[2026-10-05 04:37:17.727] [info] [stationary.cpp:264] NN: cost=365.385204, feasible=true, active_stations=1
[2026-10-05 04:37:17.727] [info] [candidate.cpp:199] InstancePrecompute: built 25 candidates
[2026-10-05 04:37:17.727] [info] [stationary.cpp:264] NN: cost=1598.360240, feasible=true, active_stations=1
[2026-10-05 04:37:17.727] [info] [candidate.cpp:199] InstancePrecompute: built 25 candidates
[2026-10-05 04:37:17.727] [info] [stationary.cpp:264] NN: cost=193.360783, feasible=true, active_stations=1
[2026-10-05 04:37:17.727] [info] [candidate.cpp:199] InstancePrecompute: built 25 candidates
[2026-10-05 04:37:17.727] [info] [stationary.cpp:264] NN: cost=374.719863, feasible=true, active_stations=1
[2026-10-05 04:37:17.727] [info] [candidate.cpp:199] InstancePrecompute: built 25 candidates
[2026-10-05 04:37:17.727] [info] [stationary.cpp:264] NN: cost=13.335226, feasible=true, active_stations=1
[2026-10-05 04:37:17.727] [info] [candidate.cpp:199] InstancePrecompute: built 25 candidates
[2026-10-05 04:37:17.727] [info] [stationary.cpp:264] NN: cost=43.739543, feasible=true, active_stations=1
[2026-10-05 04:37:17.727] [info] [candidate.cpp:199] InstancePrecompute: built 50 candidates
[2026-10-05 04:37:17.727] [info] [stationary.cpp:264] NN: cost=106.948516, feasible=true, active_stations=2
[2026-10-05 04:37:17.727] [info] [candidate.cpp:199] InstancePrecompute: built 25 candidates
[2026-10-05 04:37:17.727] [info] [stationary.cpp:264] NN: cost=33.338066, feasible=true, active_stations=1
[2026-10-05 04:37:17.727] [info] [candidate.cpp:199] InstancePrecompute: built 25 candidates
[2026-10-05 04:37:17.727] [info] [stationary.cpp:264] NN: cost=13.335226, feasible=true, active_stations=1
[2026-10-05 04:37:17.727] [info] [candidate.cpp:199] InstancePrecompute: built 25 candidates
[2026-10-05 04:37:17.727] [info] [stationary.cpp:264] NN: cost=906.795397, feasible=true, active_stations=1
[2026-10-05 04:37:17.727] [info] [candidate.cpp:199] InstancePrecompute: built 25 candidates
[2026-10-05 04:37:17.727] [info] [stationary.cpp:264] NN: cost=169.890785, feasible=true, active_stations=1
[2026-10-05 04:37:17.728] [info] [candidate.cpp:199] InstancePrecompute: built 25 candidates
[2026-10-05 04:37:17.728] [info] [stationary.cpp:264] NN: cost=129.351696, feasible=true, active_stations=1
[2026-10-05 04:37:17.728] [info] [candidate.cpp:199] InstancePrecompute: built 25 candidates
[2026-10-05 04:37:17.728] [info] [stationary.cpp:264] NN: cost=365.385204, feasible=true, active_stations=1
[2026-10-05 04:37:17.728] [info] [candidate.cpp:199] InstancePrecompute: built 25 candidates
[2026-10-05 04:37:17.728] [info] [stationary.cpp:264] NN: cost=1598.360240, feasible=true, active_stations=1
[2026-10-05 04:37:17.728] [info] [candidate.cpp:199] InstancePrecompute: built 50 candidates
[2026-10-05 04:37:17.728] [info] [stationary.cpp:264] NN: cost=568.080646, feasible=true, active_stations=2
[2026-10-05 04:37:17.728] [info] [candidate.cpp:199] InstancePrecompute: built 25 candidates
[2026-10-05 04:37:17.728] [info] [stationary.cpp:264] NN: cost=13.335226, feasible=true, active_stations=1
[2026-10-05 04:37:17.728] [info] [candidate.cpp:199] InstancePrecompute: built 75 candidates
[2026-10-05 04:37:17.728] [info] [stationary.cpp:264] NN: cost=106.948516, feasible=true, active_stations=2
[2026-10-05 04:37:17.728] [info] [candidate.cpp:199] InstancePrecompute: built 50 candidates
[2026-10-05 04:37:17.728] [info] [stationary.cpp:264] NN: cost=46.673293, feasible=true, active_stations=2
[2026-10-05 04:37:17.728] [info] [candidate.cpp:199] InstancePrecompute: built 25 candidates
[2026-10-05 04:37:17.728] [info] [stationary.cpp:264] NN: cost=906.795397, feasible=true, active_stations=1
[2026-10-05 04:37:17.728] [info] [candidate.cpp:199] InstancePrecompute: built 25 candidates
[2026-10-05 04:37:17.728] [info] [stationary.cpp:264] NN: cost=169.890785, feasible=true, active_stations=1
[2026-10-05 04:37:17.728] [info] [candidate.cpp:199] InstancePrecompute: built 25 candidates
[2026-10-05 04:37:17.728] [info] [stationary.cpp:264] NN: cost=129.351696, feasible=true, active_stations=1
[2026-10-05 04:37:17.728] [info] [candidate.cpp:199] InstancePrecompute: built 25 candidates
[2026-10-05 04:37:17.728] [info] [stationary.cpp:264] NN: cost=365.385204, feasible=true, active_stations=1
[2026-10-05 04:37:17.728] [info] [candidate.cpp:199] InstancePrecompute: built 25 candidates
[2026-10-05 04:37:17.728] [info] [stationary.cpp:264] NN: cost=1598.360240, feasible=true, active_stations=1
[2026-10-05 04:37:17.728] [info] [candidate.cpp:199] InstancePrecompute: built 50 candidates
[2026-10-05 04:37:17.728] [info] [stationary.cpp:264] NN: cost=568.080646, feasible=true, active_stations=2
[2026-10-05 04:37:17.728] [info] [candidate.cpp:199] InstancePrecompute: built 25 candidates
[2026-10-05 04:37:17.728] [info] [stationary.cpp:264] NN: cost=13.335226, feasible=true, active_stations=1
[2026-10-05 04:37:17.728] [info] [candidate.cpp:199] InstancePrecompute: built 75 candidates
[2026-10-05 04:37:17.728] [info] [stationary.cpp:264] NN: cost=106.948516, feasible=true, active_stations=2
[2026-10-05 04:37:17.728] [info] [candidate.cpp:199] InstancePrecompute: built 50 candidates
[2026-10-05 04:37:17.728] [info] [stationary.cpp:264] NN: cost=46.673293, feasible=true, active_stations=2
[2026-10-05 04:37:17.728] [info] [candidate.cpp:199] InstancePrecompute: built 25 candidates
[2026-10-05 04:37:17.728] [info] [stationary.cpp:264] NN: cost=906.795397, feasible=true, active_stations=1
[2026-10-05 04:37:17.728] [info] [candidate.cpp:199] InstancePrecompute: built 25 candidates
[2026-10-05 04:37:17.728] [info] [stationary.cpp:264] NN: cost=169.890785, feasible=true, active_stations=1
[2026-10-05 04:37:17.728] [info] [candidate.cpp:199] InstancePrecompute: built 25 candidates
[2026-10-05 04:37:17.728] [info] [stationary.cpp:264] NN: cost=129.351696, feasible=true, active_stations=1
[2026-10-05 04:37:17.728] [info] [candidate.cpp:199] InstancePrecompute: built 25 candidates
[2026-10-05 04:37:17.728] [info] [stationary.cpp:264] NN: cost=365.385204, feasible=true, active_stations=1
[2026-10-05 04:37:17.728] [info] [candidate.cpp:199] InstancePrecompute: built 25 candidates
[2026-10-05 04:37:17.728] [info] [stationary.cpp:264] NN: cost=1598.360240, feasible=true, active_stations=1
[2026-10-05 04:37:17.728] [info] [candidate.cpp:199] InstancePrecompute: built 25 candidates
[2026-10-05 04:37:17.728] [info] [stationary.cpp:264] NN: cost=193.360783, feasible=true, active_stations=1
[2026-10-05 04:37:17.728] [info] [candidate.cpp:199] InstancePrecompute: built 25 candidates
[2026-10-05 04:37:17.728] [info] [stationary.cpp:264] NN: cost=13.335226, feasible=true, active_stations=1
[2026-10-05 04:37:17.728] [info] [candidate.cpp:199] InstancePrecompute: built 50 candidates
[2026-10-05 04:37:17.728] [info] [stationary.cpp:264] NN: cost=87.479085, feasible=true, active_stations=1
[2026-10-05 04:37:17.728] [info] [candidate.cpp:199] InstancePrecompute: built 25 candidates
[2026-10-05 04:37:17.728] [info] [stationary.cpp:264] NN: cost=374.719863, feasible=true, active_stations=1
[2026-10-05 04:37:17.728] [info] [candidate.cpp:199] InstancePrecompute: built 75 candidates
[2026-10-05 04:37:17.728] [info] [stationary.cpp:264] NN: cost=46.673293, feasible=true, active_stations=2
[2026-10-05 04:37:17.728] [info] [candidate.cpp:199] InstancePrecompute: built 25 candidates
[2026-10-05 04:37:17.728] [info] [stationary.cpp:264] NN: cost=906.795397, feasible=true, active_stations=1
[2026-10-05 04:37:17.728] [info] [candidate.cpp:199] InstancePrecompute: built 25 candidates
[2026-10-05 04:37:17.728] [info] [stationary.cpp:264] NN: cost=169.890785, feasible=true, active_stations=1
[2026-10-05 04:37:17.728] [info] [candidate.cpp:199] InstancePrecompute: built 25 candidates
[2026-10-05 04:37:17.728] [info] [stationary.cpp:264] NN: cost=129.351696, feasible=true, active_stations=1
[2026-10-05 04:37:17.728] [info] [candidate.cpp:199] InstancePrecompute: built 25 candidates
[2026-10-05 04:37:17.728] [info] [stationary.cpp:264] NN: cost=365.385204, feasible=true, active_stations=1
[2026-10-05 04:37:17.728] [info] [candidate.cpp:199] InstancePrecompute: built 25 candidates
[2026-10-05 04:37:17.728] [info] [stationary.cpp:264] NN: cost=1598.360240, feasible=true, active_stations=1
[2026-10-05 04:37:17.728] [info] [candidate.cpp:199] InstancePrecompute: built 25 candidates
[2026-10-05 04:37:17.728] [info] [stationary.cpp:264] NN: cost=193.360783, feasible=true, active_stations=1
[2026-10-05 04:37:17.728] [info] [candidate.cpp:199] InstancePrecompute: built 25 candidates
[2026-10-05 04:37:17.728] [info] [stationary.cpp:264] NN: cost=13.335226, feasible=true, active_stations=1
[2026-10-05 04:37:17.728] [info] [candidate.cpp:199] InstancePrecompute: built 50 candidates
[2026-10-05 04:37:17.728] [info] [stationary.cpp:264] NN: cost=87.479085, feasible=true, active_stations=1
[2026-10-05 04:37:17.728] [info] [candidate.cpp:199] InstancePrecompute: built 25 candidates
[2026-10-05 04:37:17.728] [info] [stationary.cpp:264] NN: cost=374.719863, feasible=true, active_stations=1
[2026-10-05 04:37:17.728] [info] [candidate.cpp:199] InstancePrecompute: built 75 candidates
[2026-10-05 04:37:17.728] [info] [stationary.cpp:264] NN: cost=46.673293, feasible=true, active_stations=2
[2026-10-05 04:37:17.728] [info] [candidate.cpp:199] InstancePrecompute: built 25 candidates
[2026-10-05 04:37:17.728] [info] [stationary.cpp:264] NN: cost=906.795397, feasible=true, active_stations=1
[2026-10-05 04:37:17.728] [info] [candidate.cpp:199] InstancePrecompute: built 25 candidates
[2026-10-05 04:37:17.728] [info] [stationary.cpp:264] NN: cost=169.890785, feasible=true, active_stations=1
[2026-10-05 04:37:17.728] [info] [candidate.cpp:199] InstancePrecompute: built 25 candidates
[2026-10-05 04:37:17.728] [info] [stationary.cpp:264] NN: cost=129.351696, feasible=true, active_stations=1
[2026-10-05 04:37:17.728] [info] [candidate.cpp:199] InstancePrecompute: built 25 candidates
[2026-10-05 04:37:17.728] [info] [stationary.cpp:264] NN: cost=365.385204, feasible=true, active_stations=1
[2026-10-05 04:37:17.728] [info] [candidate.cpp:199] InstancePrecompute: built 25 candidates
[2026-10-05 04:37:17.728] [info] [stationary.cpp:264] NN: cost=1598.360240, feasible=true, active_stations=1
[2026-10-05 04:37:17.728] [info] [candidate.cpp:199] InstancePrecompute: built 25 candidates
[2026-10-05 04:37:17.728] [info] [stationary.cpp:264] NN: cost=193.360783, feasible=true, active_stations=1
[2026-10-05 04:37:17.728] [info] [candidate.cpp:199] InstancePrecompute: built 25 candidates
[2026-10-05 04:37:17.728] [info] [stationary.cpp:264] NN: cost=13.335226, feasible=true, active_stations=1
[2026-10-05 04:37:17.728] [info] [candidate.cpp:199] InstancePrecompute: built 25 candidates
[2026-10-05 04:37:17.728] [info] [stationary.cpp:264] NN: cost=43.739543, feasible=true, active_stations=1
[2026-10-05 04:37:17.728] [info] [candidate.cpp:199] InstancePrecompute: built 25 candidates
[2026-10-05 04:37:17.728] [info] [stationary.cpp:264] NN: cost=87.479085, feasible=true, active_stations=1
[2026-10-05 04:37:17.728] [info] [candidate.cpp:199] InstancePrecompute: built 25 candidates
[2026-10-05 04:37:17.728] [info] [stationary.cpp:264] NN: cost=374.719863, feasible=true, active_stations=1
[2026-10-05 04:37:17.728] [info] [candidate.cpp:199] InstancePrecompute: built 25 candidates
[2026-10-05 04:37:17.728] [info] [stationary.cpp:264] NN: cost=33.338066, feasible=true, active_stations=1
[2026-10-05 04:37:17.728] [info] [candidate.cpp:199] InstancePrecompute: built 50 candidates
[2026-10-05 04:37:17.728] [info] [stationary.cpp:264] NN: cost=32.804657, feasible=true, active_stations=2
[2026-10-05 04:37:17.728] [info] [candidate.cpp:199] InstancePrecompute: built 25 candidates
[2026-10-05 04:37:17.728] [info] [stationary.cpp:264] NN: cost=906.795397, feasible=true, active_stations=1
[2026-10-05 04:37:17.728] [info] [candidate.cpp:199] InstancePrecompute: built 25 candidates
[2026-10-05 04:37:17.728] [info] [stationary.cpp:264] NN: cost=169.890785, feasible=true, active_stations=1
[2026-10-05 04:37:17.728] [info] [candidate.cpp:199] InstancePrecompute: built 25 candidates
[2026-10-05 04:37:17.728] [info] [stationary.cpp:264] NN: cost=129.351696, feasible=true, active_stations=1
[2026-10-05 04:37:17.728] [info] [candidate.cpp:199] InstancePrecompute: built 25 candidates
[2026-10-05 04:37:17.728] [info] [stationary.cpp:264] NN: cost=365.385204, feasible=true, active_stations=1
[2026-10-05 04:37:17.728] [info] [candidate.cpp:199] InstancePrecompute: built 25 candidates
[2026-10-05 04:37:17.728] [info] [stationary.cpp:264] NN: cost=1598.360240, feasible=true, active_stations=1
[2026-10-05 04:37:17.728] [info] [candidate.cpp:199] InstancePrecompute: built 25 candidates
[2026-10-05 04:37:17.728] [info] [stationary.cpp:264] NN: cost=193.360783, feasible=true, active_stations=1
[2026-10-05 04:37:17.728] [info] [candidate.cpp:199] InstancePrecompute: built 25 candidates
[2026-10-05 04:37:17.728] [info] [stationary.cpp:264] NN: cost=13.335226, feasible=true, active_stations=1
[2026-10-05 04:37:17.728] [info] [candidate.cpp:199] InstancePrecompute: built 25 candidates
[2026-10-05 04:37:17.728] [info] [stationary.cpp:264] NN: cost=43.739543, feasible=true, active_stations=1
[2026-10-05 04:37:17.728] [info] [candidate.cpp:199] InstancePrecompute: built 25 candidates
[2026-10-05 04:37:17.728] [info] [stationary.cpp:264] NN: cost=87.479085, feasible=true, active_stations=1
[2026-10-05 04:37:17.728] [info] [candidate.cpp:199] InstancePrecompute: built 25 candidates
[2026-10-05 04:37:17.728] [info] [stationary.cpp:264] NN: cost=374.719863, feasible=true, active_stations=1
[2026-10-05 04:37:17.728] [info] [candidate.cpp:199] InstancePrecompute: built 25 candidates
[2026-10-05 04:37:17.728] [info] [stationary.cpp:264] NN: cost=33.338066, feasible=true, active_stations=1
[2026-10-05 04:37:17.728] [info] [candidate.cpp:199] InstancePrecompute: built 50 candidates
[2026-10-05 04:37:17.728] [info] [stationary.cpp:264] NN: cost=32.804657, feasible=true, active_stations=2
[2026-10-05 04:37:17.728] [info] [candidate.cpp:199] InstancePrecompute: built 25 candidates
[2026-10-05 04:37:17.728] [info] [stationary.cpp:264] NN: cost=906.795397, feasible=true, active_stations=1
[2026-10-05 04:37:17.728] [info] [candidate.cpp:199] InstancePrecompute: built 25 candidates
[2026-10-05 04:37:17.728] [info] [stationary.cpp:264] NN: cost=169.890785, feasible=true, active_stations=1
[2026-10-05 04:37:17.728] [info] [candidate.cpp:199] InstancePrecompute: built 25 candidates
[2026-10-05 04:37:17.728] [info] [stationary.cpp:264] NN: cost=129.351696, feasible=true, active_stations=1
[2026-10-05 04:37:17.728] [info] [candidate.cpp:199] InstancePrecompute: built 25 candidates
[2026-10-05 04:37:17.728] [info] [stationary.cpp:264] NN: cost=365.385204, feasible=true, active_stations=1
[2026-10-05 04:37:17.728] [info] [candidate.cpp:199] InstancePrecompute: built 25 candidates
[2026-10-05 04:37:17.728] [info] [stationary.cpp:264] NN: cost=1598.360240, feasible=true, active_stations=1
[2026-10-05 04:37:17.728] [info] [candidate.cpp:199] InstancePrecompute: built 25 candidates
[2026-10-05 04:37:17.728] [info] [stationary.cpp:264] NN: cost=193.360783, feasible=true, active_stations=1
[2026-10-05 04:37:17.728] [info] [candidate.cpp:199] InstancePrecompute: built 25 candidates
[2026-10-05 04:37:17.728] [info] [stationary.cpp:264] NN: cost=13.335226, feasible=true, active_stations=1
[2026-10-05 04:37:17.728] [info] [candidate.cpp:199] InstancePrecompute: built 50 candidates
[2026-10-05 04:37:17.728] [info] [stationary.cpp:264] NN: cost=87.479085, feasible=true, active_stations=1
[2026-10-05 04:37:17.728] [info] [candidate.cpp:199] InstancePrecompute: built 25 candidates
[2026-10-05 04:37:17.728] [info] [stationary.cpp:264] NN: cost=374.719863, feasible=true, active_stations=1
[2026-10-05 04:37:17.728] [info] [candidate.cpp:199] InstancePrecompute: built 75 candidates
[2026-10-05 04:37:17.728] [info] [stationary.cpp:264] NN: cost=46.673293, feasible=true, active_stations=2
[2026-10-05 04:37:17.728] [info] [candidate.cpp:199] InstancePrecompute: built 25 candidates
[2026-10-05 04:37:17.728] [info] [stationary.cpp:264] NN: cost=906.795397, feasible=true, active_stations=1
[2026-10-05 04:37:17.728] [info] [candidate.cpp:199] InstancePrecompute: built 25 candidates
[2026-10-05 04:37:17.728] [info] [stationary.cpp:264] NN: cost=169.890785, feasible=true, active_stations=1
[2026-10-05 04:37:17.728] [info] [candidate.cpp:199] InstancePrecompute: built 25 candidates
[2026-10-05 04:37:17.728] [info] [stationary.cpp:264] NN: cost=129.351696, feasible=true, active_stations=1
[2026-10-05 04:37:17.728] [info] [candidate.cpp:199] InstancePrecompute: built 25 candidates
[2026-10-05 04:37:17.728] [info] [stationary.cpp:264] NN: cost=365.385204, feasible=true, active_stations=1
[2026-10-05 04:37:17.728] [info] [candidate.cpp:199] InstancePrecompute: built 25 candidates
[2026-10-05 04:37:17.728] [info] [stationary.cpp:264] NN: cost=1598.360240, feasible=true, active_stations=1
[2026-10-05 04:37:17.728] [info] [candidate.cpp:199] InstancePrecompute: built 25 candidates
[2026-10-05 04:37:17.728] [info] [stationary.cpp:264] NN: cost=193.360783, feasible=true, active_stations=1
[2026-10-05 04:37:17.728] [info] [candidate.cpp:199] InstancePrecompute: built 25 candidates
[2026-10-05 04:37:17.728] [info] [stationary.cpp:264] NN: cost=13.335226, feasible=true, active_stations=1
[2026-10-05 04:37:17.728] [info] [candidate.cpp:199] InstancePrecompute: built 50 candidates
[2026-10-05 04:37:17.728] [info] [stationary.cpp:264] NN: cost=87.479085, feasible=true, active_stations=1
[2026-10-05 04:37:17.728] [info] [candidate.cpp:199] InstancePrecompute: built 25 candidates
[2026-10-05 04:37:17.728] [info] [stationary.cpp:264] NN: cost=374.719863, feasible=true, active_stations=1
[2026-10-05 04:37:17.728] [info] [candidate.cpp:199] InstancePrecompute: built 75 candidates
[2026-10-05 04:37:17.728] [info] [stationary.cpp:264] NN: cost=46.673293, feasible=true, active_stations=2
[2026-10-05 04:37:17.728] [info] [candidate.cpp:199] InstancePrecompute: built 25 candidates
[2026-10-05 04:37:17.728] [info] [stationary.cpp:264] NN: cost=906.795397, feasible=true, active_stations=1
[2026-10-05 04:37:17.728] [info] [candidate.cpp:199] InstancePrecompute: built 25 candidates
[2026-10-05 04:37:17.728] [info] [stationary.cpp:264] NN: cost=169.890785, feasible=true, active_stations=1
[2026-10-05 04:37:17.728] [info] [candidate.cpp:199] InstancePrecompute: built 25 candidates
[2026-10-05 04:37:17.728] [info] [stationary.cpp:264] NN: cost=129.351696, feasible=true, active_stations=1
[2026-10-05 04:37:17.728] [info] [candidate.cpp:199] InstancePrecompute: built 25 candidates
[2026-10-05 04:37:17.728] [info] [stationary.cpp:264] NN: cost=365.385204, feasible=true, active_stations=1
[2026-10-05 04:37:17.728] [info] [candidate.cpp:199] InstancePrecompute: built 25 candidates
[2026-10-05 04:37:17.728] [info] [stationary.cpp:264] NN: cost=1598.360240, feasible=true, active_stations=1
[2026-10-05 04:37:17.728] [info] [candidate.cpp:199] InstancePrecompute: built 25 candidates
[2026-10-05 04:37:17.728] [info] [stationary.cpp:264] NN: cost=193.360783, feasible=true, active_stations=1
[2026-10-05 04:37:17.728] [info] [candidate.cpp:199] InstancePrecompute: built 25 candidates
[2026-10-05 04:37:17.728] [info] [stationary.cpp:264] NN: cost=13.335226, feasible=true, active_stations=1
[2026-10-05 04:37:17.728] [info] [candidate.cpp:199] InstancePrecompute: built 50 candidates
[2026-10-05 04:37:17.728] [info] [stationary.cpp:264] NN: cost=87.479085, feasible=true, active_stations=1
[2026-10-05 04:37:17.728] [info] [candidate.cpp:199] InstancePrecompute: built 25 candidates
[2026-10-05 04:37:17.728] [info] [stationary.cpp:264] NN: cost=374.719863, feasible=true, active_stations=1
[2026-10-05 04:37:17.728] [info] [candidate.cpp:199] InstancePrecompute: built 75 candidates
[2026-10-05 04:37:17.728] [info] [stationary.cpp:264] NN: cost=46.673293, feasible=true, active_stations=2
[2026-10-05 04:37:17.728] [info] [candidate.cpp:199] InstancePrecompute: built 25 candidates
[2026-10-05 04:37:17.728] [info] [stationary.cpp:264] NN: cost=906.795397, feasible=true, active_stations=1
[2026-10-05 04:37:17.728] [info] [candidate.cpp:199] InstancePrecompute: built 25 candidates
[2026-10-05 04:37:17.728] [info] [stationary.cpp:264] NN: cost=169.890785, feasible=true, active_stations=1
[2026-10-05 04:37:17.728] [info] [candidate.cpp:199] InstancePrecompute: built 25 candidates
[2026-10-05 04:37:17.728] [info] [stationary.cpp:264] NN: cost=129.351696, feasible=true, active_stations=1
[2026-10-05 04:37:17.728] [info] [candidate.cpp:199] InstancePrecompute: built 25 candidates
[2026-10-05 04:37:17.728] [info] [stationary.cpp:264] NN: cost=365.385204, feasible=true, active_stations=1
[2026-10-05 04:37:17.728] [info] [candidate.cpp:199] InstancePrecompute: built 25 candidates
[2026-10-05 04:37:17.728] [info] [stationary.cpp:264] NN: cost=1598.360240, feasible=true, active_stations=1
[2026-10-05 04:37:17.728] [info] [candidate.cpp:199] InstancePrecompute: built 25 candidates
[2026-10-05 04:37:17.728] [info] [stationary.cpp:264] NN: cost=193.360783, feasible=true, active_stations=1
[2026-10-05 04:37:17.728] [info] [candidate.cpp:199] InstancePrecompute: built 25 candidates
[2026-10-05 04:37:17.728] [info] [stationary.cpp:264] NN: cost=13.335226, feasible=true, active_stations=1
[2026-10-05 04:37:17.728] [info] [candidate.cpp:199] InstancePrecompute: built 50 candidates
[2026-10-05 04:37:17.728] [info] [stationary.cpp:264] NN: cost=87.479085, feasible=true, active_stations=1
[2026-10-05 04:37:17.728] [info] [candidate.cpp:199] InstancePrecompute: built 25 candidates
[2026-10-05 04:37:17.728] [info] [stationary.cpp:264] NN: cost=374.719863, feasible=true, active_stations=1
[2026-10-05 04:37:17.728] [info] [candidate.cpp:199] InstancePrecompute: built 75 candidates
[2026-10-05 04:37:17.728] [info] [stationary.cpp:264] NN: cost=46.673293, feasible=true, active_stations=2
[2026-10-05 04:37:17.728] [info] [candidate.cpp:199] InstancePrecompute: built 25 candidates
[2026-10-05 04:37:17.728] [info] [stationary.cpp:264] NN: cost=906.795397, feasible=true, active_stations=1
[2026-10-05 04:37:17.728] [info] [candidate.cpp:199] InstancePrecompute: built 25 candidates
[2026-10-05 04:37:17.728] [info] [stationary.cpp:264] NN: cost=169.890785, feasible=true, active_stations=1
[2026-10-05 04:37:17.728] [info] [candidate.cpp:199] InstancePrecompute: built 25 candidates
[2026-10-05 04:37:17.728] [info] [stationary.cpp:264] NN: cost=129.351696, feasible=true, active_stations=1
[2026-10-05 04:37:17.728] [info] [candidate.cpp:199] InstancePrecompute: built 25 candidates
[2026-10-05 04:37:17.728] [info] [stationary.cpp:264] NN: cost=365.385204, feasible=true, active_stations=1
[2026-10-05 04:37:17.728] [info] [candidate.cpp:199] InstancePrecompute: built 25 candidates
[2026-10-05 04:37:17.728] [info] [stationary.cpp:264] NN: cost=1598.360240, feasible=true, active_stations=1
[2026-10-05 04:37:17.728] [info] [candidate.cpp:199] InstancePrecompute: built 25 candidates
[2026-10-05 04:37:17.728] [info] [stationary.cpp:264] NN: cost=193.360783, feasible=true, active_stations=1
[2026-10-05 04:37:17.728] [info] [candidate.cpp:199] InstancePrecompute: built 25 candidates
[2026-10-05 04:37:17.728] [info] [stationary.cpp:264] NN: cost=13.335226, feasible=true, active_stations=1
[2026-10-05 04:37:17.728] [info] [candidate.cpp:199] InstancePrecompute: built 25 candidates
[2026-10-05 04:37:17.728] [info] [stationary.cpp:264] NN: cost=43.739543, feasible=true, active_stations=1
[2026-10-05 04:37:17.728] [info] [candidate.cpp:199] InstancePrecompute: built 25 candidates
[2026-10-05 04:37:17.728] [info] [stationary.cpp:264] NN: cost=87.479085, feasible=true, active_stations=1
[2026-10-05 04:37:17.728] [info] [candidate.cpp:199] InstancePrecompute: built 25 candidates
[2026-10-05 04:37:17.728] [info] [stationary.cpp:264] NN: cost=374.719863, feasible=true, active_stations=1
[2026-10-05 04:37:17.728] [info] [candidate.cpp:199] InstancePrecompute: built 25 candidates
[2026-10-05 04:37:17.728] [info] [stationary.cpp:264] NN: cost=33.338066, feasible=true, active_stations=1
[2026-10-05 04:37:17.728] [info] [candidate.cpp:199] InstancePrecompute: built 50 candidates
[2026-10-05 04:37:17.728] [info] [stationary.cpp:264] NN: cost=32.804657, feasible=true, active_stations=2
[2026-10-05 04:37:17.728] [info] [candidate.cpp:199] InstancePrecompute: built 25 candidates
[2026-10-05 04:37:17.728] [info] [stationary.cpp:264] NN: cost=906.795397, feasible=true, active_stations=1
[2026-10-05 04:37:17.728] [info] [candidate.cpp:199] InstancePrecompute: built 25 candidates
[2026-10-05 04:37:17.728] [info] [stationary.cpp:264] NN: cost=169.890785, feasible=true, active_stations=1
[2026-10-05 04:37:17.728] [info] [candidate.cpp:199] InstancePrecompute: built 25 candidates
[2026-10-05 04:37:17.728] [info] [stationary.cpp:264] NN: cost=129.351696, feasible=true, active_stations=1
[2026-10-05 04:37:17.728] [info] [candidate.cpp:199] InstancePrecompute: built 25 candidates
[2026-10-05 04:37:17.728] [info] [stationary.cpp:264] NN: cost=365.385204, feasible=true, active_stations=1
[2026-10-05 04:37:17.728] [info] [candidate.cpp:199] InstancePrecompute: built 25 candidates
[2026-10-05 04:37:17.728] [info] [stationary.cpp:264] NN: cost=1598.360240, feasible=true, active_stations=1
[2026-10-05 04:37:17.728] [info] [candidate.cpp:199] InstancePrecompute: built 25 candidates
[2026-10-05 04:37:17.728] [info] [stationary.cpp:264] NN: cost=193.360783, feasible=true, active_stations=1
[2026-10-05 04:37:17.728] [info] [candidate.cpp:199] InstancePrecompute: built 25 candidates
[2026-10-05 04:37:17.728] [info] [stationary.cpp:264] NN: cost=13.335226, feasible=true, active_stations=1
[2026-10-05 04:37:17.728] [info] [candidate.cpp:199] InstancePrecompute: built 25 candidates
[2026-10-05 04:37:17.728] [info] [stationary.cpp:264] NN: cost=43.739543, feasible=true, active_stations=1
[2026-10-05 04:37:17.728] [info] [candidate.cpp:199] InstancePrecompute: built 25 candidates
[2026-10-05 04:37:17.728] [info] [stationary.cpp:264] NN: cost=87.479085, feasible=true, active_stations=1
[2026-10-05 04:37:17.728] [info] [candidate.cpp:199] InstancePrecompute: built 25 candidates
[2026-10-05 04:37:17.728] [info] [stationary.cpp:264] NN: cost=374.719863, feasible=true, active_stations=1
[2026-10-05 04:37:17.728] [info] [candidate.cpp:199] InstancePrecompute: built 25 candidates
[2026-10-05 04:37:17.728] [info] [stationary.cpp:264] NN: cost=33.338066, feasible=true, active_stations=1
[2026-10-05 04:37:17.728] [info] [candidate.cpp:199] InstancePrecompute: built 50 candidates
[2026-10-05 04:37:17.728] [info] [stationary.cpp:264] NN: cost=32.804657, feasible=true, active_stations=2
[2026-10-05 04:37:17.728] [info] [candidate.cpp:199] InstancePrecompute: built 25 candidates
[2026-10-05 04:37:17.728] [info] [stationary.cpp:264] NN: cost=906.795397, feasible=true, active_stations=1
[2026-10-05 04:37:17.728] [info] [candidate.cpp:199] InstancePrecompute: built 25 candidates
[2026-10-05 04:37:17.728] [info] [stationary.cpp:264] NN: cost=169.890785, feasible=true, active_stations=1
[2026-10-05 04:37:17.728] [info] [candidate.cpp:199] InstancePrecompute: built 25 candidates
[2026-10-05 04:37:17.728] [info] [stationary.cpp:264] NN: cost=129.351696, feasible=true, active_stations=1
[2026-10-05 04:37:17.728] [info] [candidate.cpp:199] InstancePrecompute: built 25 candidates
[2026-10-05 04:37:17.728] [info] [stationary.cpp:264] NN: cost=365.385204, feasible=true, active_stations=1
[2026-10-05 04:37:17.728] [info] [candidate.cpp:199] InstancePrecompute: built 25 candidates
[2026-10-05 04:37:17.728] [info] [stationary.cpp:264] NN: cost=1598.360240, feasible=true, active_stations=1
[2026-10-05 04:37:17.728] [info] [candidate.cpp:199] InstancePrecompute: built 25 candidates
[2026-10-05 04:37:17.728] [info] [stationary.cpp:264] NN: cost=193.360783, feasible=true, active_stations=1
[2026-10-05 04:37:17.728] [info] [candidate.cpp:199] InstancePrecompute: built 25 candidates
[2026-10-05 04:37:17.728] [info] [stationary.cpp:264] NN: cost=13.335226, feasible=true, active_stations=1
[2026-10-05 04:37:17.728] [info] [candidate.cpp:199] InstancePrecompute: built 50 candidates
[2026-10-05 04:37:17.728] [info] [stationary.cpp:264] NN: cost=87.479085, feasible=true, active_stations=1
[2026-10-05 04:37:17.728] [info] [candidate.cpp:199] InstancePrecompute: built 25 candidates
[2026-10-05 04:37:17.728] [info] [stationary.cpp:264] NN: cost=374.719863, feasible=true, active_stations=1
[2026-10-05 04:37:17.728] [info] [candidate.cpp:199] InstancePrecompute: built 75 candidates
[2026-10-05 04:37:17.728] [info] [stationary.cpp:264] NN: cost=46.673293, feasible=true, active_stations=2
[2026-10-05 04:37:17.728] [info] [candidate.cpp:199] InstancePrecompute: built 25 candidates
[2026-10-05 04:37:17.728] [info] [stationary.cpp:264] NN: cost=906.795397, feasible=true, active_stations=1
[2026-10-05 04:37:17.728] [info] [candidate.cpp:199] InstancePrecompute: built 25 candidates
[2026-10-05 04:37:17.728] [info] [stationary.cpp:264] NN: cost=169.890785, feasible=true, active_stations=1
[2026-10-05 04:37:17.728] [info] [candidate.cpp:199] InstancePrecompute: built 25 candidates
[2026-10-05 04:37:17.728] [info] [stationary.cpp:264] NN: cost=129.351696, feasible=true, active_stations=1
[2026-10-05 04:37:17.728] [info] [candidate.cpp:199] InstancePrecompute: built 25 candidates
[2026-10-05 04:37:17.728] [info] [stationary.cpp:264] NN: cost=365.385204, feasible=true, active_stations=1
[2026-10-05 04:37:17.728] [info] [candidate.cpp:199] InstancePrecompute: built 25 candidates
[2026-10-05 04:37:17.728] [info] [stationary.cpp:264] NN: cost=1598.360240, feasible=true, active_stations=1
[2026-10-05 04:37:17.728] [info] [candidate.cpp:199] InstancePrecompute: built 25 candidates
[2026-10-05 04:37:17.729] [info] [stationary.cpp:264] NN: cost=193.360783, feasible=true, active_stations=1
[2026-10-05 04:37:17.729] [info] [candidate.cpp:199] InstancePrecompute: built 25 candidates
[2026-10-05 04:37:17.729] [info] [stationary.cpp:264] NN: cost=13.335226, feasible=true, active_stations=1
[2026-10-05 04:37:17.729] [info] [candidate.cpp:199] InstancePrecompute: built 50 candidates
[2026-10-05 04:37:17.729] [info] [stationary.cpp:264] NN: cost=87.479085, feasible=true, active_stations=1
[2026-10-05 04:37:17.729] [info] [candidate.cpp:199] InstancePrecompute: built 25 candidates
[2026-10-05 04:37:17.729] [info] [stationary.cpp:264] NN: cost=374.719863, feasible=true, active_stations=1
[2026-10-05 04:37:17.729] [info] [candidate.cpp:199] InstancePrecompute: built 75 candidates
[2026-10-05 04:37:17.729] [info] [stationary.cpp:264] NN: cost=46.673293, feasible=true, active_stations=2
[2026-10-05 04:37:17.729] [info] [candidate.cpp:199] InstancePrecompute: built 25 candidates
[2026-10-05 04:37:17.729] [info] [stationary.cpp:264] NN: cost=906.795397, feasible=true, active_stations=1
[2026-10-05 04:37:17.729] [info] [candidate.cpp:199] InstancePrecompute: built 25 candidates
[2026-10-05 04:37:17.729] [info] [stationary.cpp:264] NN: cost=169.890785, feasible=true, active_stations=1
[2026-10-05 04:37:17.729] [info] [candidate.cpp:199] InstancePrecompute: built 25 candidates
[2026-10-05 04:37:17.729] [info] [stationary.cpp:264] NN: cost=129.351696, feasible=true, active_stations=1
[2026-10-05 04:37:17.729] [info] [candidate.cpp:199] InstancePrecompute: built 25 candidates
[2026-10-05 04:37:17.729] [info] [stationary.cpp:264] NN: cost=365.385204, feasible=true, active_stations=1
[2026-10-05 04:37:17.729] [info] [candidate.cpp:199] InstancePrecompute: built 25 candidates
[2026-10-05 04:37:17.729] [info] [stationary.cpp:264] NN: cost=1598.360240, feasible=true, active_stations=1
[2026-10-05 04:37:17.729] [info] [candidate.cpp:199] InstancePrecompute: built 25 candidates
[2026-10-05 04:37:17.729] [info] [stationary.cpp:264] NN: cost=193.360783, feasible=true, active_stations=1
[2026-10-05 04:37:17.729] [info] [candidate.cpp:199] InstancePrecompute: built 25 candidates
[2026-10-05 04:37:17.729] [info] [stationary.cpp:264] NN: cost=13.335226, feasible=true, active_stations=1
[2026-10-05 04:37:17.729] [info] [candidate.cpp:199] InstancePrecompute: built 50 candidates
[2026-10-05 04:37:17.729] [info] [stationary.cpp:264] NN: cost=87.479085, feasible=true, active_stations=1
[2026-10-05 04:37:17.729] [info] [candidate.cpp:199] InstancePrecompute: built 25 candidates
[2026-10-05 04:37:17.729] [info] [stationary.cpp:264] NN: cost=374.719863, feasible=true, active_stations=1
[2026-10-05 04:37:17.729] [info] [candidate.cpp:199] InstancePrecompute: built 50 candidates
[2026-10-05 04:37:17.729] [info] [stationary.cpp:264] NN: cost=33.338066, feasible=true, active_stations=1
[2026-10-05 04:37:17.729] [info] [candidate.cpp:199] InstancePrecompute: built 25 candidates
[2026-10-05 04:37:17.729] [info] [stationary.cpp:264] NN: cost=13.335226, feasible=true, active_stations=1
[2026-10-05 04:37:17.729] [info] [candidate.cpp:199] InstancePrecompute: built 25 candidates
[2026-10-05 04:37:17.729] [info] [stationary.cpp:264] NN: cost=906.795397, feasible=true, active_stations=1
[2026-10-05 04:37:17.729] [info] [candidate.cpp:199] InstancePrecompute: built 25 candidates
[2026-10-05 04:37:17.729] [info] [stationary.cpp:264] NN: cost=169.890785, feasible=true, active_stations=1
[2026-10-05 04:37:17.729] [info] [candidate.cpp:199] InstancePrecompute: built 25 candidates
[2026-10-05 04:37:17.729] [info] [stationary.cpp:264] NN: cost=129.351696, feasible=true, active_stations=1
[2026-10-05 04:37:17.729] [info] [candidate.cpp:199] InstancePrecompute: built 25 candidates
[2026-10-05 04:37:17.729] [info] [stationary.cpp:264] NN: cost=365.385204, feasible=true, active_stations=1
[2026-10-05 04:37:17.729] [info] [candidate.cpp:199] InstancePrecompute: built 25 candidates
[2026-10-05 04:37:17.729] [info] [stationary.cpp:264] NN: cost=1598.360240, feasible=true, active_stations=1
[2026-10-05 04:37:17.729] [info] [candidate.cpp:199] InstancePrecompute: built 25 candidates
[2026-10-05 04:37:17.729] [info] [stationary.cpp:264] NN: cost=193.360783, feasible=true, active_stations=1
[2026-10-05 04:37:17.729] [info] [candidate.cpp:199] InstancePrecompute: built 25 candidates
[2026-10-05 04:37:17.729] [info] [stationary.cpp:264] NN: cost=13.335226, feasible=true, active_stations=1
[2026-10-05 04:37:17.729] [info] [candidate.cpp:199] InstancePrecompute: built 50 candidates
[2026-10-05 04:37:17.729] [info] [stationary.cpp:264] NN: cost=87.479085, feasible=true, active_stations=1
[2026-10-05 04:37:17.729] [info] [candidate.cpp:199] InstancePrecompute: built 25 candidates
[2026-10-05 04:37:17.729] [info] [stationary.cpp:264] NN: cost=374.719863, feasible=true, active_stations=1
[2026-10-05 04:37:17.729] [info] [candidate.cpp:199] InstancePrecompute: built 50 candidates
[2026-10-05 04:37:17.729] [info] [stationary.cpp:264] NN: cost=33.338066, feasible=true, active_stations=1
[2026-10-05 04:37:17.729] [info] [candidate.cpp:199] InstancePrecompute: built 25 candidates
[2026-10-05 04:37:17.729] [info] [stationary.cpp:264] NN: cost=13.335226, feasible=true, active_stations=1
[2026-10-05 04:37:17.729] [info] [candidate.cpp:199] InstancePrecompute: built 25 candidates
[2026-10-05 04:37:17.729] [info] [stationary.cpp:264] NN: cost=906.795397, feasible=true, active_stations=1
[2026-10-05 04:37:17.729] [info] [candidate.cpp:199] InstancePrecompute: built 25 candidates
[2026-10-05 04:37:17.729] [info] [stationary.cpp:264] NN: cost=169.890785, feasible=true, active_stations=1
[2026-10-05 04:37:17.729] [info] [candidate.cpp:199] InstancePrecompute: built 25 candidates
[2026-10-05 04:37:17.729] [info] [stationary.cpp:264] NN: cost=129.351696, feasible=true, active_stations=1
[2026-10-05 04:37:17.729] [info] [candidate.cpp:199] InstancePrecompute: built 25 candidates
[2026-10-05 04:37:17.729] [info] [stationary.cpp:264] NN: cost=365.385204, feasible=true, active_stations=1
[2026-10-05 04:37:17.729] [info] [candidate.cpp:199] InstancePrecompute: built 25 candidates
[2026-10-05 04:37:17.729] [info] [stationary.cpp:264] NN: cost=1598.360240, feasible=true, active_stations=1
[2026-10-05 04:37:17.729] [info] [candidate.cpp:199] InstancePrecompute: built 25 candidates
[2026-10-05 04:37:17.729] [info] [stationary.cpp:264] NN: cost=193.360783, feasible=true, active_stations=1
[2026-10-05 04:37:17.729] [info] [candidate.cpp:199] InstancePrecompute: built 25 candidates
[2026-10-05 04:37:17.729] [info] [stationary.cpp:264] NN: cost=13.335226, feasible=true, active_stations=1
[2026-10-05 04:37:17.729] [info] [candidate.cpp:199] InstancePrecompute: built 25 candidates
[2026-10-05 04:37:17.729] [info] [stationary.cpp:264] NN: cost=43.739543, feasible=true, active_stations=1
[2026-10-05 04:37:17.729] [info] [candidate.cpp:199] InstancePrecompute: built 25 candidates
[2026-10-05 04:37:17.729] [info] [stationary.cpp:264] NN: cost=87.479085, feasible=true, active_stations=1
[2026-10-05 04:37:17.729] [info] [candidate.cpp:199] InstancePrecompute: built 25 candidates
[2026-10-05 04:37:17.729] [info] [stationary.cpp:264] NN: cost=374.719863, feasible=true, active_stations=1
[2026-10-05 04:37:17.729] [info] [candidate.cpp:199] InstancePrecompute: built 25 candidates
[2026-10-05 04:37:17.729] [info] [stationary.cpp:264] NN: cost=33.338066, feasible=true, active_stations=1
[2026-10-05 04:37:17.729] [info] [candidate.cpp:199] InstancePrecompute: built 25 candidates
[2026-10-05 04:37:17.729] [info] [stationary.cpp:264] NN: cost=19.469431, feasible=true, active_stations=1
[2026-10-05 04:37:17.729] [info] [candidate.cpp:199] InstancePrecompute: built 25 candidates
[2026-10-05 04:37:17.729] [info] [stationary.cpp:264] NN: cost=13.335226, feasible=true, active_stations=1
[2026-10-05 04:37:17.729] [info] [candidate.cpp:199] InstancePrecompute: built 25 candidates
[2026-10-05 04:37:17.729] [info] [stationary.cpp:264] NN: cost=906.795397, feasible=true, active_stations=1
[2026-10-05 04:37:17.729] [info] [candidate.cpp:199] InstancePrecompute: built 25 candidates
[2026-10-05 04:37:17.729] [info] [stationary.cpp:264] NN: cost=169.890785, feasible=true, active_stations=1
[2026-10-05 04:37:17.729] [info] [candidate.cpp:199] InstancePrecompute: built 25 candidates
[2026-10-05 04:37:17.729] [info] [stationary.cpp:264] NN: cost=129.351696, feasible=true, active_stations=1
[2026-10-05 04:37:17.729] [info] [candidate.cpp:199] InstancePrecompute: built 25 candidates
[2026-10-05 04:37:17.729] [info] [stationary.cpp:264] NN: cost=365.385204, feasible=true, active_stations=1
[2026-10-05 04:37:17.729] [info] [candidate.cpp:199] InstancePrecompute: built 25 candidates
[2026-10-05 04:37:17.729] [info] [stationary.cpp:264] NN: cost=1598.360240, feasible=true, active_stations=1
[2026-10-05 04:37:17.729] [info] [candidate.cpp:199] InstancePrecompute: built 25 candidates
[2026-10-05 04:37:17.729] [info] [stationary.cpp:264] NN: cost=193.360783, feasible=true, active_stations=1
[2026-10-05 04:37:17.729] [info] [candidate.cpp:199] InstancePrecompute: built 25 candidates
[2026-10-05 04:37:17.729] [info] [stationary.cpp:264] NN: cost=13.335226, feasible=true, active_stations=1
[2026-10-05 04:37:17.729] [info] [candidate.cpp:199] InstancePrecompute: built 25 candidates
[2026-10-05 04:37:17.729] [info] [stationary.cpp:264] NN: cost=43.739543, feasible=true, active_stations=1
[2026-10-05 04:37:17.729] [info] [candidate.cpp:199] InstancePrecompute: built 25 candidates
[2026-10-05 04:37:17.729] [info] [stationary.cpp:264] NN: cost=87.479085, feasible=true, active_stations=1
[2026-10-05 04:37:17.729] [info] [candidate.cpp:199] InstancePrecompute: built 25 candidates
[2026-10-05 04:37:17.729] [info] [stationary.cpp:264] NN: cost=374.719863, feasible=true, active_stations=1
[2026-10-05 04:37:17.729] [info] [candidate.cpp:199] InstancePrecompute: built 25 candidates
[2026-10-05 04:37:17.729] [info] [stationary.cpp:264] NN: cost=33.338066, feasible=true, active_stations=1
[2026-10-05 04:37:17.729] [info] [candidate.cpp:199] InstancePrecompute: built 25 candidates
[2026-10-05 04:37:17.729] [info] [stationary.cpp:264] NN: cost=19.469431, feasible=true, active_stations=1
[2026-10-05 04:37:17.729] [info] [candidate.cpp:199] InstancePrecompute: built 25 candidates
[2026-10-05 04:37:17.729] [info] [stationary.cpp:264] NN: cost=13.335226, feasible=true, active_stations=1
[2026-10-05 04:37:17.729] [info] [candidate.cpp:199] InstancePrecompute: built 25 candidates
[2026-10-05 04:37:17.729] [info] [stationary.cpp:264] NN: cost=906.795397, feasible=true, active_stations=1
[2026-10-05 04:37:17.729] [info] [candidate.cpp:199] InstancePrecompute: built 25 candidates
[2026-10-05 04:37:17.729] [info] [stationary.cpp:264] NN: cost=169.890785, feasible=true, active_stations=1
[2026-10-05 04:37:17.729] [info] [candidate.cpp:199] InstancePrecompute: built 25 candidates
[2026-10-05 04:37:17.729] [info] [stationary.cpp:264] NN: cost=129.351696, feasible=true, active_stations=1
[2026-10-05 04:37:17.729] [info] [candidate.cpp:199] InstancePrecompute: built 25 candidates
[2026-10-05 04:37:17.729] [info] [stationary.cpp:264] NN: cost=365.385204, feasible=true, active_stations=1
[2026-10-05 04:37:17.729] [info] [candidate.cpp:199] InstancePrecompute: built 25 candidates
[2026-10-05 04:37:17.729] [info] [stationary.cpp:264] NN: cost=1598.360240, feasible=true, active_stations=1
[2026-10-05 04:37:17.729] [info] [candidate.cpp:199] InstancePrecompute: built 25 candidates
[2026-10-05 04:37:17.729] [info] [stationary.cpp:264] NN: cost=193.360783, feasible=true, active_stations=1
[2026-10-05 04:37:17.729] [info] [candidate.cpp:199] InstancePrecompute: built 25 candidates
[2026-10-05 04:37:17.729] [info] [stationary.cpp:264] NN: cost=13.335226, feasible=true, active_stations=1
[2026-10-05 04:37:17.729] [info] [candidate.cpp:199] InstancePrecompute: built 50 candidates
[2026-10-05 04:37:17.729] [info] [stationary.cpp:264] NN: cost=87.479085, feasible=true, active_stations=1
[2026-10-05 04:37:17.729] [info] [candidate.cpp:199] InstancePrecompute: built 25 candidates
[2026-10-05 04:37:17.729] [info] [stationary.cpp:264] NN: cost=374.719863, feasible=true, active_stations=1
[2026-10-05 04:37:17.729] [info] [candidate.cpp:199] InstancePrecompute: built 50 candidates
[2026-10-05 04:37:17.729] [info] [stationary.cpp:264] NN: cost=33.338066, feasible=true, active_stations=1
[2026-10-05 04:37:17.729] [info] [candidate.cpp:199] InstancePrecompute: built 25 candidates
[2026-10-05 04:37:17.729] [info] [stationary.cpp:264] NN: cost=13.335226, feasible=true, active_stations=1
[2026-10-05 04:37:17.729] [info] [candidate.cpp:199] InstancePrecompute: built 25 candidates
[2026-10-05 04:37:17.729] [info] [stationary.cpp:264] NN: cost=906.795397, feasible=true, active_stations=1
[2026-10-05 04:37:17.729] [info] [candidate.cpp:199] InstancePrecompute: built 25 candidates
[2026-10-05 04:37:17.729] [info] [stationary.cpp:264] NN: cost=169.890785, feasible=true, active_stations=1
[2026-10-05 04:37:17.729] [info] [candidate.cpp:199] InstancePrecompute: built 25 candidates
[2026-10-05 04:37:17.729] [info] [stationary.cpp:264] NN: cost=129.351696, feasible=true, active_stations=1
[2026-10-05 04:37:17.729] [info] [candidate.cpp:199] InstancePrecompute: built 25 candidates
[2026-10-05 04:37:17.729] [info] [stationary.cpp:264] NN: cost=365.385204, feasible=true, active_stations=1
[2026-10-05 04:37:17.729] [info] [candidate.cpp:199] InstancePrecompute: built 25 candidates
[2026-10-05 04:37:17.729] [info] [stationary.cpp:264] NN: cost=1598.360240, feasible=true, active_stations=1
[2026-10-05 04:37:17.729] [info] [candidate.cpp:199] InstancePrecompute: built 25 candidates
[2026-10-05 04:37:17.729] [info] [stationary.cpp:264] NN: cost=193.360783, feasible=true, active_stations=1
[2026-10-05 04:37:17.729] [info] [candidate.cpp:199] InstancePrecompute: built 25 candidates
[2026-10-05 04:37:17.729] [info] [stationary.cpp:264] NN: cost=13.335226, feasible=true, active_stations=1
[2026-10-05 04:37:17.729] [info] [candidate.cpp:199] InstancePrecompute: built 50 candidates
[2026-10-05 04:37:17.729] [info] [stationary.cpp:264] NN: cost=87.479085, feasible=true, active_stations=1
[2026-10-05 04:37:17.729] [info] [candidate.cpp:199] InstancePrecompute: built 25 candidates
[2026-10-05 04:37:17.729] [info] [stationary.cpp:264] NN: cost=374.719863, feasible=true, active_stations=1
[2026-10-05 04:37:17.729] [info] [candidate.cpp:199] InstancePrecompute: built 50 candidates
[2026-10-05 04:37:17.729] [info] [stationary.cpp:264] NN: cost=33.338066, feasible=true, active_stations=1
[2026-10-05 04:37:17.729] [info] [candidate.cpp:199] InstancePrecompute: built 25 candidates
[2026-10-05 04:37:17.729] [info] [stationary.cpp:264] NN: cost=13.335226, feasible=true, active_stations=1
[2026-10-05 04:37:17.729] [info] [candidate.cpp:199] InstancePrecompute: built 25 candidates
[2026-10-05 04:37:17.729] [info] [stationary.cpp:264] NN: cost=906.795397, feasible=true, active_stations=1
[2026-10-05 04:37:17.729] [info] [candidate.cpp:199] InstancePrecompute: built 25 candidates
[2026-10-05 04:37:17.729] [info] [stationary.cpp:264] NN: cost=169.890785, feasible=true, active_stations=1
[2026-10-05 04:37:17.729] [info] [candidate.cpp:199] InstancePrecompute: built 25 candidates
[2026-10-05 04:37:17.729] [info] [stationary.cpp:264] NN: cost=129.351696, feasible=true, active_stations=1
[2026-10-05 04:37:17.729] [info] [candidate.cpp:199] InstancePrecompute: built 25 candidates
[2026-10-05 04:37:17.729] [info] [stationary.cpp:264] NN: cost=365.385204, feasible=true, active_stations=1
[2026-10-05 04:37:17.729] [info] [candidate.cpp:199] InstancePrecompute: built 25 candidates
[2026-10-05 04:37:17.729] [info] [stationary.cpp:264] NN: cost=1598.360240, feasible=true, active_stations=1
[2026-10-05 04:37:17.729] [info] [candidate.cpp:199] InstancePrecompute: built 25 candidates
[2026-10-05 04:37:17.729] [info] [stationary.cpp:264] NN: cost=193.360783, feasible=true, active_stations=1
[2026-10-05 04:37:17.729] [info] [candidate.cpp:199] InstancePrecompute: built 25 candidates
[2026-10-05 04:37:17.729] [info] [stationary.cpp:264] NN: cost=13.335226, feasible=true, active_stations=1
[2026-10-05 04:37:17.729] [info] [candidate.cpp:199] InstancePrecompute: built 50 candidates
[2026-10-05 04:37:17.729] [info] [stationary.cpp:264] NN: cost=87.479085, feasible=true, active_stations=1
[2026-10-05 04:37:17.729] [info] [candidate.cpp:199] InstancePrecompute: built 25 candidates
[2026-10-05 04:37:17.729] [info] [stationary.cpp:264] NN: cost=374.719863, feasible=true, active_stations=1
[2026-10-05 04:37:17.729] [info] [candidate.cpp:199] InstancePrecompute: built 50 candidates
[2026-10-05 04:37:17.729] [info] [stationary.cpp:264] NN: cost=33.338066, feasible=true, active_stations=1
[2026-10-05 04:37:17.729] [info] [candidate.cpp:199] InstancePrecompute: built 25 candidates
[2026-10-05 04:37:17.729] [info] [stationary.cpp:264] NN: cost=13.335226, feasible=true, active_stations=1
[2026-10-05 04:37:17.729] [info] [candidate.cpp:199] InstancePrecompute: built 25 candidates
[2026-10-05 04:37:17.729] [info] [stationary.cpp:264] NN: cost=906.795397, feasible=true, active_stations=1
[2026-10-05 04:37:17.729] [info] [candidate.cpp:199] InstancePrecompute: built 25 candidates
[2026-10-05 04:37:17.729] [info] [stationary.cpp:264] NN: cost=169.890785, feasible=true, active_stations=1
[2026-10-05 04:37:17.729] [info] [candidate.cpp:199] InstancePrecompute: built 25 candidates
[2026-10-05 04:37:17.729] [info] [stationary.cpp:264] NN: cost=129.351696, feasible=true, active_stations=1
[2026-10-05 04:37:17.729] [info] [candidate.cpp:199] InstancePrecompute: built 25 candidates
[2026-10-05 04:37:17.729] [info] [stationary.cpp:264] NN: cost=365.385204, feasible=true, active_stations=1
[2026-10-05 04:37:17.729] [info] [candidate.cpp:199] InstancePrecompute: built 25 candidates
[2026-10-05 04:37:17.729] [info] [stationary.cpp:264] NN: cost=1598.360240, feasible=true, active_stations=1
[2026-10-05 04:37:17.729] [info] [candidate.cpp:199] InstancePrecompute: built 25 candidates
[2026-10-05 04:37:17.729] [info] [stationary.cpp:264] NN: cost=193.360783, feasible=true, active_stations=1
[2026-10-05 04:37:17.729] [info] [candidate.cpp:199] InstancePrecompute: built 25 candidates
[2026-10-05 04:37:17.729] [info] [stationary.cpp:264] NN: cost=13.335226, feasible=true, active_stations=1
[2026-10-05 04:37:17.729] [info] [candidate.cpp:199] InstancePrecompute: built 50 candidates
[2026-10-05 04:37:17.729] [info] [stationary.cpp:264] NN: cost=87.479085, feasible=true, active_stations=1
[2026-10-05 04:37:17.729] [info] [candidate.cpp:199] InstancePrecompute: built 25 candidates
[2026-10-05 04:37:17.729] [info] [stationary.cpp:264] NN: cost=374.719863, feasible=true, active_stations=1
[2026-10-05 04:37:17.729] [info] [candidate.cpp:199] InstancePrecompute: built 50 candidates
[2026-10-05 04:37:17.729] [info] [stationary.cpp:264] NN: cost=33.338066, feasible=true, active_stations=1
[2026-10-05 04:37:17.729] [info] [candidate.cpp:199] InstancePrecompute: built 25 candidates
[2026-10-05 04:37:17.729] [info] [stationary.cpp:264] NN: cost=13.335226, feasible=true, active_stations=1
[2026-10-05 04:37:17.729] [info] [candidate.cpp:199] InstancePrecompute: built 25 candidates
[2026-10-05 04:37:17.729] [info] [stationary.cpp:264] NN: cost=906.795397, feasible=true, active_stations=1
[2026-10-05 04:37:17.729] [info] [candidate.cpp:199] InstancePrecompute: built 25 candidates
[2026-10-05 04:37:17.729] [info] [stationary.cpp:264] NN: cost=169.890785, feasible=true, active_stations=1
[2026-10-05 04:37:17.729] [info] [candidate.cpp:199] InstancePrecompute: built 25 candidates
[2026-10-05 04:37:17.729] [info] [stationary.cpp:264] NN: cost=129.351696, feasible=true, active_stations=1
[2026-10-05 04:37:17.729] [info] [candidate.cpp:199] InstancePrecompute: built 25 candidates
[2026-10-05 04:37:17.729] [info] [stationary.cpp:264] NN: cost=365.385204, feasible=true, active_stations=1
[2026-10-05 04:37:17.729] [info] [candidate.cpp:199] InstancePrecompute: built 25 candidates
[2026-10-05 04:37:17.729] [info] [stationary.cpp:264] NN: cost=1598.360240, feasible=true, active_stations=1
[2026-10-05 04:37:17.729] [info] [candidate.cpp:199] InstancePrecompute: built 25 candidates
[2026-10-05 04:37:17.729] [info] [stationary.cpp:264] NN: cost=193.360783, feasible=true, active_stations=1
[2026-10-05 04:37:17.729] [info] [candidate.cpp:199] InstancePrecompute: built 25 candidates
[2026-10-05 04:37:17.729] [info] [stationary.cpp:264] NN: cost=13.335226, feasible=true, active_stations=1
[2026-10-05 04:37:17.729] [info] [candidate.cpp:199] InstancePrecompute: built 25 candidates
[2026-10-05 04:37:17.729] [info] [stationary.cpp:264] NN: cost=43.739543, feasible=true, active_stations=1
[2026-10-05 04:37:17.729] [info] [candidate.cpp:199] InstancePrecompute: built 25 candidates
[2026-10-05 04:37:17.729] [info] [stationary.cpp:264] NN: cost=87.479085, feasible=true, active_stations=1
[2026-10-05 04:37:17.729] [info] [candidate.cpp:199] InstancePrecompute: built 25 candidates
[2026-10-05 04:37:17.729] [info] [stationary.cpp:264] NN: cost=374.719863, feasible=true, active_stations=1
[2026-10-05 04:37:17.729] [info] [candidate.cpp:199] InstancePrecompute: built 25 candidates
[2026-10-05 04:37:17.729] [info] [stationary.cpp:264] NN: cost=33.338066, feasible=true, active_stations=1
[2026-10-05 04:37:17.729] [info] [candidate.cpp:199] InstancePrecompute: built 25 candidates
[2026-10-05 04:37:17.729] [info] [stationary.cpp:264] NN: cost=19.469431, feasible=true, active_stations=1
[2026-10-05 04:37:17.729] [info] [candidate.cpp:199] InstancePrecompute: built 25 candidates
[2026-10-05 04:37:17.729] [info] [stationary.cpp:264] NN: cost=13.335226, feasible=true, active_stations=1
[2026-10-05 04:37:17.729] [info] [candidate.cpp:199] InstancePrecompute: built 25 candidates
[2026-10-05 04:37:17.729] [info] [stationary.cpp:264] NN: cost=906.795397, feasible=true, active_stations=1
[2026-10-05 04:37:17.729] [info] [candidate.cpp:199] InstancePrecompute: built 25 candidates
[2026-10-05 04:37:17.729] [info] [stationary.cpp:264] NN: cost=169.890785, feasible=true, active_stations=1
[2026-10-05 04:37:17.729] [info] [candidate.cpp:199] InstancePrecompute: built 25 candidates
[2026-10-05 04:37:17.729] [info] [stationary.cpp:264] NN: cost=129.351696, feasible=true, active_stations=1
[2026-10-05 04:37:17.729] [info] [candidate.cpp:199] InstancePrecompute: built 25 candidates
[2026-10-05 04:37:17.729] [info] [stationary.cpp:264] NN: cost=365.385204, feasible=true, active_stations=1
[2026-10-05 04:37:17.729] [info] [candidate.cpp:199] InstancePrecompute: built 25 candidates
[2026-10-05 04:37:17.729] [info] [stationary.cpp:264] NN: cost=1598.360240, feasible=true, active_stations=1
[2026-10-05 04:37:17.729] [info] [candidate.cpp:199] InstancePrecompute: built 25 candidates
[2026-10-05 04:37:17.729] [info] [stationary.cpp:264] NN: cost=193.360783, feasible=true, active_stations=1
[2026-10-05 04:37:17.729] [info] [candidate.cpp:199] InstancePrecompute: built 25 candidates
[2026-10-05 04:37:17.729] [info] [stationary.cpp:264] NN: cost=13.335226, feasible=true, active_stations=1
[2026-10-05 04:37:17.729] [info] [candidate.cpp:199] InstancePrecompute: built 25 candidates
[2026-10-05 04:37:17.729] [info] [stationary.cpp:264] NN: cost=43.739543, feasible=true, active_stations=1
[2026-10-05 04:37:17.729] [info] [candidate.cpp:199] InstancePrecompute: built 25 candidates
[2026-10-05 04:37:17.729] [info] [stationary.cpp:264] NN: cost=87.479085, feasible=true, active_stations=1
[2026-10-05 04:37:17.729] [info] [candidate.cpp:199] InstancePrecompute: built 25 candidates
[2026-10-05 04:37:17.729] [info] [stationary.cpp:264] NN: cost=374.719863, feasible=true, active_stations=1
[2026-10-05 04:37:17.729] [info] [candidate.cpp:199] InstancePrecompute: built 25 candidates
[2026-10-05 04:37:17.729] [info] [stationary.cpp:264] NN: cost=33.338066, feasible=true, active_stations=1
[2026-10-05 04:37:17.729] [info] [candidate.cpp:199] InstancePrecompute: built 25 candidates
[2026-10-05 04:37:17.729] [info] [stationary.cpp:264] NN: cost=19.469431, feasible=true, active_stations=1
[2026-10-05 04:37:17.729] [info] [candidate.cpp:199] InstancePrecompute: built 25 candidates
[2026-10-05 04:37:17.729] [info] [stationary.cpp:264] NN: cost=13.335226, feasible=true, active_stations=1
[2026-10-05 04:37:17.729] [info] [candidate.cpp:199] InstancePrecompute: built 25 candidates
[2026-10-05 04:37:17.729] [info] [stationary.cpp:264] NN: cost=906.795397, feasible=true, active_stations=1
[2026-10-05 04:37:17.729] [info] [candidate.cpp:199] InstancePrecompute: built 25 candidates
[2026-10-05 04:37:17.729] [info] [stationary.cpp:264] NN: cost=169.890785, feasible=true, active_stations=1
[2026-10-05 04:37:17.729] [info] [candidate.cpp:199] InstancePrecompute: built 25 candidates
[2026-10-05 04:37:17.729] [info] [stationary.cpp:264] NN: cost=129.351696, feasible=true, active_stations=1
[2026-10-05 04:37:17.729] [info] [candidate.cpp:199] InstancePrecompute: built 25 candidates
[2026-10-05 04:37:17.729] [info] [stationary.cpp:264] NN: cost=365.385204, feasible=true, active_stations=1
[2026-10-05 04:37:17.729] [info] [candidate.cpp:199] InstancePrecompute: built 25 candidates
[2026-10-05 04:37:17.729] [info] [stationary.cpp:264] NN: cost=1598.360240, feasible=true, active_stations=1
[2026-10-05 04:37:17.729] [info] [candidate.cpp:199] InstancePrecompute: built 25 candidates
[2026-10-05 04:37:17.729] [info] [stationary.cpp:264] NN: cost=193.360783, feasible=true, active_stations=1
[2026-10-05 04:37:17.729] [info] [candidate.cpp:199] InstancePrecompute: built 25 candidates
[2026-10-05 04:37:17.729] [info] [stationary.cpp:264] NN: cost=13.335226, feasible=true, active_stations=1
[2026-10-05 04:37:17.729] [info] [candidate.cpp:199] InstancePrecompute: built 50 candidates
[2026-10-05 04:37:17.729] [info] [stationary.cpp:264] NN: cost=87.479085, feasible=true, active_stations=1
[2026-10-05 04:37:17.729] [info] [candidate.cpp:199] InstancePrecompute: built 25 candidates
[2026-10-05 04:37:17.729] [info] [stationary.cpp:264] NN: cost=374.719863, feasible=true, active_stations=1
[2026-10-05 04:37:17.729] [info] [candidate.cpp:199] InstancePrecompute: built 50 candidates
[2026-10-05 04:37:17.729] [info] [stationary.cpp:264] NN: cost=33.338066, feasible=true, active_stations=1
[2026-10-05 04:37:17.729] [info] [candidate.cpp:199] InstancePrecompute: built 25 candidates
[2026-10-05 04:37:17.729] [info] [stationary.cpp:264] NN: cost=13.335226, feasible=true, active_stations=1
[2026-10-05 04:37:17.729] [info] [candidate.cpp:199] InstancePrecompute: built 25 candidates
[2026-10-05 04:37:17.729] [info] [stationary.cpp:264] NN: cost=906.795397, feasible=true, active_stations=1
[2026-10-05 04:37:17.729] [info] [candidate.cpp:199] InstancePrecompute: built 25 candidates
[2026-10-05 04:37:17.729] [info] [stationary.cpp:264] NN: cost=169.890785, feasible=true, active_stations=1
[2026-10-05 04:37:17.729] [info] [candidate.cpp:199] InstancePrecompute: built 25 candidates
[2026-10-05 04:37:17.729] [info] [stationary.cpp:264] NN: cost=129.351696, feasible=true, active_stations=1
[2026-10-05 04:37:17.729] [info] [candidate.cpp:199] InstancePrecompute: built 25 candidates
[2026-10-05 04:37:17.729] [info] [stationary.cpp:264] NN: cost=365.385204, feasible=true, active_stations=1
[2026-10-05 04:37:17.729] [info] [candidate.cpp:199] InstancePrecompute: built 25 candidates
[2026-10-05 04:37:17.729] [info] [stationary.cpp:264] NN: cost=1598.360240, feasible=true, active_stations=1
[2026-10-05 04:37:17.729] [info] [candidate.cpp:199] InstancePrecompute: built 25 candidates
[2026-10-05 04:37:17.729] [info] [stationary.cpp:264] NN: cost=193.360783, feasible=true, active_stations=1
[2026-10-05 04:37:17.729] [info] [candidate.cpp:199] InstancePrecompute: built 25 candidates
[2026-10-05 04:37:17.729] [info] [stationary.cpp:264] NN: cost=13.335226, feasible=true, active_stations=1
[2026-10-05 04:37:17.729] [info] [candidate.cpp:199] InstancePrecompute: built 50 candidates
[2026-10-05 04:37:17.729] [info] [stationary.cpp:264] NN: cost=87.479085, feasible=true, active_stations=1
[2026-10-05 04:37:17.729] [info] [candidate.cpp:199] InstancePrecompute: built 25 candidates
[2026-10-05 04:37:17.729] [info] [stationary.cpp:264] NN: cost=374.719863, feasible=true, active_stations=1
[2026-10-05 04:37:17.729] [info] [candidate.cpp:199] InstancePrecompute: built 50 candidates
[2026-10-05 04:37:17.729] [info] [stationary.cpp:264] NN: cost=33.338066, feasible=true, active_stations=1
[2026-10-05 04:37:17.729] [info] [candidate.cpp:199] InstancePrecompute: built 25 candidates
[2026-10-05 04:37:17.729] [info] [stationary.cpp:264] NN: cost=13.335226, feasible=true, active_stations=1
[2026-10-05 04:37:17.729] [info] [candidate.cpp:199] InstancePrecompute: built 25 candidates
[2026-10-05 04:37:17.729] [info] [stationary.cpp:264] NN: cost=906.795397, feasible=true, active_stations=1
[2026-10-05 04:37:17.729] [info] [candidate.cpp:199] InstancePrecompute: built 25 candidates
[2026-10-05 04:37:17.729] [info] [stationary.cpp:264] NN: cost=169.890785, feasible=true, active_stations=1
[2026-10-05 04:37:17.729] [info] [candidate.cpp:199] InstancePrecompute: built 25 candidates
[2026-10-05 04:37:17.729] [info] [stationary.cpp:264] NN: cost=129.351696, feasible=true, active_stations=1
[2026-10-05 04:37:17.729] [info] [candidate.cpp:199] InstancePrecompute: built 25 candidates
[2026-10-05 04:37:17.729] [info] [stationary.cpp:264] NN: cost=365.385204, feasible=true, active_stations=1
[2026-10-05 04:37:17.729] [info] [candidate.cpp:199] InstancePrecompute: built 25 candidates
[2026-10-05 04:37:17.729] [info] [stationary.cpp:264] NN: cost=1598.360240, feasible=true, active_stations=1
[2026-10-05 04:37:17.729] [info] [candidate.cpp:199] InstancePrecompute: built 25 candidates
[2026-10-05 04:37:17.729] [info] [stationary.cpp:264] NN: cost=193.360783, feasible=true, active_stations=1
[2026-10-05 04:37:17.729] [info] [candidate.cpp:199] InstancePrecompute: built 25 candidates
[2026-10-05 04:37:17.730] [info] [stationary.cpp:264] NN: cost=87.479085, feasible=true, active_stations=1
[2026-10-05 04:37:17.730] [info] [candidate.cpp:199] InstancePrecompute: built 25 candidates
[2026-10-05 04:37:17.730] [info] [stationary.cpp:264] NN: cost=374.719863, feasible=true, active_stations=1
[2026-10-05 04:37:17.730] [info] [candidate.cpp:199] InstancePrecompute: built 25 candidates
[2026-10-05 04:37:17.730] [info] [stationary.cpp:264] NN: cost=13.335226, feasible=true, active_stations=1
[2026-10-05 04:37:17.730] [info] [candidate.cpp:199] InstancePrecompute: built 75 candidates
[2026-10-05 04:37:17.730] [info] [stationary.cpp:264] NN: cost=77.077609, feasible=true, active_stations=2
[2026-10-05 04:37:17.730] [info] [candidate.cpp:199] InstancePrecompute: built 25 candidates
[2026-10-05 04:37:17.730] [info] [stationary.cpp:264] NN: cost=13.335226, feasible=true, active_stations=1
[2026-10-05 04:37:17.730] [info] [candidate.cpp:199] InstancePrecompute: built 25 candidates
[2026-10-05 04:37:17.730] [info] [stationary.cpp:264] NN: cost=906.795397, feasible=true, active_stations=1
[2026-10-05 04:37:17.730] [info] [candidate.cpp:199] InstancePrecompute: built 25 candidates
[2026-10-05 04:37:17.730] [info] [stationary.cpp:264] NN: cost=169.890785, feasible=true, active_stations=1
[2026-10-05 04:37:17.730] [info] [candidate.cpp:199] InstancePrecompute: built 25 candidates
[2026-10-05 04:37:17.730] [info] [stationary.cpp:264] NN: cost=129.351696, feasible=true, active_stations=1
[2026-10-05 04:37:17.730] [info] [candidate.cpp:199] InstancePrecompute: built 25 candidates
[2026-10-05 04:37:17.730] [info] [stationary.cpp:264] NN: cost=365.385204, feasible=true, active_stations=1
[2026-10-05 04:37:17.730] [info] [candidate.cpp:199] InstancePrecompute: built 25 candidates
[2026-10-05 04:37:17.730] [info] [stationary.cpp:264] NN: cost=1598.360240, feasible=true, active_stations=1
[2026-10-05 04:37:17.730] [info] [candidate.cpp:199] InstancePrecompute: built 25 candidates
[2026-10-05 04:37:17.730] [info] [stationary.cpp:264] NN: cost=193.360783, feasible=true, active_stations=1
[2026-10-05 04:37:17.730] [info] [candidate.cpp:199] InstancePrecompute: built 25 candidates
[2026-10-05 04:37:17.730] [info] [stationary.cpp:264] NN: cost=87.479085, feasible=true, active_stations=1
[2026-10-05 04:37:17.730] [info] [candidate.cpp:199] InstancePrecompute: built 25 candidates
[2026-10-05 04:37:17.730] [info] [stationary.cpp:264] NN: cost=374.719863, feasible=true, active_stations=1
[2026-10-05 04:37:17.730] [info] [candidate.cpp:199] InstancePrecompute: built 25 candidates
[2026-10-05 04:37:17.730] [info] [stationary.cpp:264] NN: cost=13.335226, feasible=true, active_stations=1
[2026-10-05 04:37:17.730] [info] [candidate.cpp:199] InstancePrecompute: built 75 candidates
[2026-10-05 04:37:17.730] [info] [stationary.cpp:264] NN: cost=77.077609, feasible=true, active_stations=2
[2026-10-05 04:37:17.730] [info] [candidate.cpp:199] InstancePrecompute: built 25 candidates
[2026-10-05 04:37:17.730] [info] [stationary.cpp:264] NN: cost=13.335226, feasible=true, active_stations=1
[2026-10-05 04:37:17.730] [info] [candidate.cpp:199] InstancePrecompute: built 25 candidates
[2026-10-05 04:37:17.730] [info] [stationary.cpp:264] NN: cost=906.795397, feasible=true, active_stations=1
[2026-10-05 04:37:17.730] [info] [candidate.cpp:199] InstancePrecompute: built 25 candidates
[2026-10-05 04:37:17.730] [info] [stationary.cpp:264] NN: cost=169.890785, feasible=true, active_stations=1
[2026-10-05 04:37:17.730] [info] [candidate.cpp:199] InstancePrecompute: built 25 candidates
[2026-10-05 04:37:17.730] [info] [stationary.cpp:264] NN: cost=129.351696, feasible=true, active_stations=1
[2026-10-05 04:37:17.730] [info] [candidate.cpp:199] InstancePrecompute: built 25 candidates
[2026-10-05 04:37:17.730] [info] [stationary.cpp:264] NN: cost=365.385204, feasible=true, active_stations=1
[2026-10-05 04:37:17.730] [info] [candidate.cpp:199] InstancePrecompute: built 25 candidates
[2026-10-05 04:37:17.730] [info] [stationary.cpp:264] NN: cost=1598.360240, feasible=true, active_stations=1
[2026-10-05 04:37:17.730] [info] [candidate.cpp:199] InstancePrecompute: built 25 candidates
[2026-10-05 04:37:17.730] [info] [stationary.cpp:264] NN: cost=193.360783, feasible=true, active_stations=1
[2026-10-05 04:37:17.730] [info] [candidate.cpp:199] InstancePrecompute: built 25 candidates
[2026-10-05 04:37:17.730] [info] [stationary.cpp:264] NN: cost=87.479085, feasible=true, active_stations=1
[2026-10-05 04:37:17.730] [info] [candidate.cpp:199] InstancePrecompute: built 25 candidates
[2026-10-05 04:37:17.730] [info] [stationary.cpp:264] NN: cost=374.719863, feasible=true, active_stations=1
[2026-10-05 04:37:17.730] [info] [candidate.cpp:199] InstancePrecompute: built 25 candidates
[2026-10-05 04:37:17.730] [info] [stationary.cpp:264] NN: cost=13.335226, feasible=true, active_stations=1
[2026-10-05 04:37:17.730] [info] [candidate.cpp:199] InstancePrecompute: built 50 candidates
[2026-10-05 04:37:17.730] [info] [stationary.cpp:264] NN: cost=77.077609, feasible=true, active_stations=2
[2026-10-05 04:37:17.730] [info] [candidate.cpp:199] InstancePrecompute: built 25 candidates
[2026-10-05 04:37:17.730] [info] [stationary.cpp:264] NN: cost=19.469431, feasible=true, active_stations=1
[2026-10-05 04:37:17.730] [info] [candidate.cpp:199] InstancePrecompute: built 25 candidates
[2026-10-05 04:37:17.730] [info] [stationary.cpp:264] NN: cost=13.335226, feasible=true, active_stations=1
[2026-10-05 04:37:17.730] [info] [candidate.cpp:199] InstancePrecompute: built 25 candidates
[2026-10-05 04:37:17.730] [info] [stationary.cpp:264] NN: cost=906.795397, feasible=true, active_stations=1
[2026-10-05 04:37:17.730] [info] [candidate.cpp:199] InstancePrecompute: built 25 candidates
[2026-10-05 04:37:17.730] [info] [stationary.cpp:264] NN: cost=169.890785, feasible=true, active_stations=1
[2026-10-05 04:37:17.730] [info] [candidate.cpp:199] InstancePrecompute: built 25 candidates
[2026-10-05 04:37:17.730] [info] [stationary.cpp:264] NN: cost=129.351696, feasible=true, active_stations=1
[2026-10-05 04:37:17.730] [info] [candidate.cpp:199] InstancePrecompute: built 25 candidates
[2026-10-05 04:37:17.730] [info] [stationary.cpp:264] NN: cost=365.385204, feasible=true, active_stations=1
[2026-10-05 04:37:17.730] [info] [candidate.cpp:199] InstancePrecompute: built 25 candidates
[2026-10-05 04:37:17.730] [info] [stationary.cpp:264] NN: cost=1598.360240, feasible=true, active_stations=1
[2026-10-05 04:37:17.730] [info] [candidate.cpp:199] InstancePrecompute: built 25 candidates
[2026-10-05 04:37:17.730] [info] [stationary.cpp:264] NN: cost=193.360783, feasible=true, active_stations=1
[2026-10-05 04:37:17.730] [info] [candidate.cpp:199] InstancePrecompute: built 25 candidates
[2026-10-05 04:37:17.730] [info] [stationary.cpp:264] NN: cost=87.479085, feasible=true, active_stations=1
[2026-10-05 04:37:17.730] [info] [candidate.cpp:199] InstancePrecompute: built 25 candidates
[2026-10-05 04:37:17.730] [info] [stationary.cpp:264] NN: cost=374.719863, feasible=true, active_stations=1
[2026-10-05 04:37:17.730] [info] [candidate.cpp:199] InstancePrecompute: built 25 candidates
[2026-10-05 04:37:17.730] [info] [stationary.cpp:264] NN: cost=13.335226, feasible=true, active_stations=1
[2026-10-05 04:37:17.730] [info] [candidate.cpp:199] InstancePrecompute: built 50 candidates
[2026-10-05 04:37:17.730] [info] [stationary.cpp:264] NN: cost=77.077609, feasible=true, active_stations=2
[2026-10-05 04:37:17.730] [info] [candidate.cpp:199] InstancePrecompute: built 25 candidates
[2026-10-05 04:37:17.730] [info] [stationary.cpp:264] NN: cost=19.469431, feasible=true, active_stations=1
[2026-10-05 04:37:17.730] [info] [candidate.cpp:199] InstancePrecompute: built 25 candidates
[2026-10-05 04:37:17.730] [info] [stationary.cpp:264] NN: cost=13.335226, feasible=true, active_stations=1
[2026-10-05 04:37:17.730] [info] [candidate.cpp:199] InstancePrecompute: built 25 candidates
[2026-10-05 04:37:17.730] [info] [stationary.cpp:264] NN: cost=906.795397, feasible=true, active_stations=1
[2026-10-05 04:37:17.730] [info] [candidate.cpp:199] InstancePrecompute: built 25 candidates
[2026-10-05 04:37:17.730] [info] [stationary.cpp:264] NN: cost=169.890785, feasible=true, active_stations=1
[2026-10-05 04:37:17.730] [info] [candidate.cpp:199] InstancePrecompute: built 25 candidates
[2026-10-05 04:37:17.730] [info] [stationary.cpp:264] NN: cost=129.351696, feasible=true, active_stations=1
[2026-10-05 04:37:17.730] [info] [candidate.cpp:199] InstancePrecompute: built 25 candidates
[2026-10-05 04:37:17.730] [info] [stationary.cpp:264] NN: cost=365.385204, feasible=true, active_stations=1
[2026-10-05 04:37:17.730] [info] [candidate.cpp:199] InstancePrecompute: built 25 candidates
[2026-10-05 04:37:17.730] [info] [stationary.cpp:264] NN: cost=1598.360240, feasible=true, active_stations=1
[2026-10-05 04:37:17.730] [info] [candidate.cpp:199] InstancePrecompute: built 25 candidates
[2026-10-05 04:37:17.730] [info] [stationary.cpp:264] NN: cost=193.360783, feasible=true, active_stations=1
[2026-10-05 04:37:17.730] [info] [candidate.cpp:199] InstancePrecompute: built 25 candidates
[2026-10-05 04:37:17.730] [info] [stationary.cpp:264] NN: cost=87.479085, feasible=true, active_stations=1
[2026-10-05 04:37:17.730] [info] [candidate.cpp:199] InstancePrecompute: built 25 candidates
[2026-10-05 04:37:17.730] [info] [stationary.cpp:264] NN: cost=374.719863, feasible=true, active_stations=1
[2026-10-05 04:37:17.730] [info] [candidate.cpp:199] InstancePrecompute: built 25 candidates
[2026-10-05 04:37:17.730] [info] [stationary.cpp:264] NN: cost=13.335226, feasible=true, active_stations=1
[2026-10-05 04:37:17.730] [info] [candidate.cpp:199] InstancePrecompute: built 75 candidates
[2026-10-05 04:37:17.730] [info] [stationary.cpp:264] NN: cost=77.077609, feasible=true, active_stations=2
[2026-10-05 04:37:17.730] [info] [candidate.cpp:199] InstancePrecompute: built 25 candidates
[2026-10-05 04:37:17.730] [info] [stationary.cpp:264] NN: cost=13.335226, feasible=true, active_stations=1
[2026-10-05 04:37:17.730] [info] [candidate.cpp:199] InstancePrecompute: built 25 candidates
[2026-10-05 04:37:17.730] [info] [stationary.cpp:264] NN: cost=906.795397, feasible=true, active_stations=1
[2026-10-05 04:37:17.730] [info] [candidate.cpp:199] InstancePrecompute: built 25 candidates
[2026-10-05 04:37:17.730] [info] [stationary.cpp:264] NN: cost=169.890785, feasible=true, active_stations=1
[2026-10-05 04:37:17.730] [info] [candidate.cpp:199] InstancePrecompute: built 25 candidates
[2026-10-05 04:37:17.730] [info] [stationary.cpp:264] NN: cost=129.351696, feasible=true, active_stations=1
[2026-10-05 04:37:17.730] [info] [candidate.cpp:199] InstancePrecompute: built 25 candidates
[2026-10-05 04:37:17.730] [info] [stationary.cpp:264] NN: cost=365.385204, feasible=true, active_stations=1
[2026-10-05 04:37:17.730] [info] [candidate.cpp:199] InstancePrecompute: built 25 candidates
[2026-10-05 04:37:17.730] [info] [stationary.cpp:264] NN: cost=1598.360240, feasible=true, active_stations=1
[2026-10-05 04:37:17.730] [info] [candidate.cpp:199] InstancePrecompute: built 25 candidates
[2026-10-05 04:37:17.730] [info] [stationary.cpp:264] NN: cost=193.360783, feasible=true, active_stations=1
[2026-10-05 04:37:17.730] [info] [candidate.cpp:199] InstancePrecompute: built 25 candidates
[2026-10-05 04:37:17.730] [info] [stationary.cpp:264] NN: cost=87.479085, feasible=true, active_stations=1
[2026-10-05 04:37:17.730] [info] [candidate.cpp:199] InstancePrecompute: built 25 candidates
[2026-10-05 04:37:17.730] [info] [stationary.cpp:264] NN: cost=374.719863, feasible=true, active_stations=1
[2026-10-05 04:37:17.730] [info] [candidate.cpp:199] InstancePrecompute: built 25 candidates
[2026-10-05 04:37:17.730] [info] [stationary.cpp:264] NN: cost=13.335226, feasible=true, active_stations=1
[2026-10-05 04:37:17.730] [info] [candidate.cpp:199] InstancePrecompute: built 75 candidates
[2026-10-05 04:37:17.730] [info] [stationary.cpp:264] NN: cost=77.077609, feasible=true, active_stations=2
[2026-10-05 04:37:17.730] [info] [candidate.cpp:199] InstancePrecompute: built 25 candidates
[2026-10-05 04:37:17.730] [info] [stationary.cpp:264] NN: cost=13.335226, feasible=true, active_stations=1
[2026-10-05 04:37:17.730] [info] [candidate.cpp:199] InstancePrecompute: built 25 candidates
[2026-10-05 04:37:17.730] [info] [stationary.cpp:264] NN: cost=906.795397, feasible=true, active_stations=1
[2026-10-05 04:37:17.730] [info] [candidate.cpp:199] InstancePrecompute: built 25 candidates
[2026-10-05 04:37:17.730] [info] [stationary.cpp:264] NN: cost=169.890785, feasible=true, active_stations=1
[2026-10-05 04:37:17.730] [info] [candidate.cpp:199] InstancePrecompute: built 25 candidates
[2026-10-05 04:37:17.730] [info] [stationary.cpp:264] NN: cost=129.351696, feasible=true, active_stations=1
[2026-10-05 04:37:17.730] [info] [candidate.cpp:199] InstancePrecompute: built 25 candidates
[2026-10-05 04:37:17.730] [info] [stationary.cpp:264] NN: cost=365.385204, feasible=true, active_stations=1
[2026-10-05 04:37:17.730] [info] [candidate.cpp:199] InstancePrecompute: built 25 candidates
[2026-10-05 04:37:17.730] [info] [stationary.cpp:264] NN: cost=1598.360240, feasible=true, active_stations=1
[2026-10-05 04:37:17.730] [info] [candidate.cpp:199] InstancePrecompute: built 25 candidates
[2026-10-05 04:37:17.730] [info] [stationary.cpp:264] NN: cost=193.360783, feasible=true, active_stations=1
[2026-10-05 04:37:17.730] [info] [candidate.cpp:199] InstancePrecompute: built 25 candidates
[2026-10-05 04:37:17.730] [info] [stationary.cpp:264] NN: cost=13.335226, feasible=true, active_stations=1
[2026-10-05 04:37:17.730] [info] [candidate.cpp:199] InstancePrecompute: built 50 candidates
[2026-10-05 04:37:17.730] [info] [stationary.cpp:264] NN: cost=87.479085, feasible=true, active_stations=1
[2026-10-05 04:37:17.730] [info] [candidate.cpp:199] InstancePrecompute: built 25 candidates
[2026-10-05 04:37:17.730] [info] [stationary.cpp:264] NN: cost=374.719863, feasible=true, active_stations=1
[2026-10-05 04:37:17.730] [info] [candidate.cpp:199] InstancePrecompute: built 75 candidates
[2026-10-05 04:37:17.730] [info] [stationary.cpp:264] NN: cost=46.673293, feasible=true, active_stations=2
[2026-10-05 04:37:17.730] [info] [candidate.cpp:199] InstancePrecompute: built 25 candidates
[2026-10-05 04:37:17.730] [info] [stationary.cpp:264] NN: cost=906.795397, feasible=true, active_stations=1
[2026-10-05 04:37:17.730] [info] [candidate.cpp:199] InstancePrecompute: built 25 candidates
[2026-10-05 04:37:17.730] [info] [stationary.cpp:264] NN: cost=169.890785, feasible=true, active_stations=1
[2026-10-05 04:37:17.730] [info] [candidate.cpp:199] InstancePrecompute: built 25 candidates
[2026-10-05 04:37:17.730] [info] [stationary.cpp:264] NN: cost=129.351696, feasible=true, active_stations=1
[2026-10-05 04:37:17.730] [info] [candidate.cpp:199] InstancePrecompute: built 25 candidates
[2026-10-05 04:37:17.730] [info] [stationary.cpp:264] NN: cost=365.385204, feasible=true, active_stations=1
[2026-10-05 04:37:17.730] [info] [candidate.cpp:199] InstancePrecompute: built 25 candidates
[2026-10-05 04:37:17.730] [info] [stationary.cpp:264] NN: cost=1598.360240, feasible=true, active_stations=1
[2026-10-05 04:37:17.730] [info] [candidate.cpp:199] InstancePrecompute: built 25 candidates
[2026-10-05 04:37:17.730] [info] [stationary.cpp:264] NN: cost=193.360783, feasible=true, active_stations=1
[2026-10-05 04:37:17.730] [info] [candidate.cpp:199] InstancePrecompute: built 25 candidates
[2026-10-05 04:37:17.730] [info] [stationary.cpp:264] NN: cost=13.335226, feasible=true, active_stations=1
[2026-10-05 04:37:17.730] [info] [candidate.cpp:199] InstancePrecompute: built 50 candidates
[2026-10-05 04:37:17.730] [info] [stationary.cpp:264] NN: cost=87.479085, feasible=true, active_stations=1
[2026-10-05 04:37:17.730] [info] [candidate.cpp:199] InstancePrecompute: built 25 candidates
[2026-10-05 04:37:17.730] [info] [stationary.cpp:264] NN: cost=374.719863, feasible=true, active_stations=1
[2026-10-05 04:37:17.730] [info] [candidate.cpp:199] InstancePrecompute: built 75 candidates
[2026-10-05 04:37:17.730] [info] [stationary.cpp:264] NN: cost=46.673293, feasible=true, active_stations=2
[2026-10-05 04:37:17.730] [info] [candidate.cpp:199] InstancePrecompute: built 25 candidates
[2026-10-05 04:37:17.730] [info] [stationary.cpp:264] NN: cost=906.795397, feasible=true, active_stations=1
[2026-10-05 04:37:17.730] [info] [candidate.cpp:199] InstancePrecompute: built 25 candidates
[2026-10-05 04:37:17.730] [info] [stationary.cpp:264] NN: cost=169.890785, feasible=true, active_stations=1
[2026-10-05 04:37:17.730] [info] [candidate.cpp:199] InstancePrecompute: built 25 candidates
[2026-10-05 04:37:17.730] [info] [stationary.cpp:264] NN: cost=129.351696, feasible=true, active_stations=1
[2026-10-05 04:37:17.730] [info] [candidate.cpp:199] InstancePrecompute: built 25 candidates
[2026-10-05 04:37:17.730] [info] [stationary.cpp:264] NN: cost=365.385204, feasible=true, active_stations=1
[2026-10-05 04:37:17.730] [info] [candidate.cpp:199] InstancePrecompute: built 25 candidates
[2026-10-05 04:37:17.730] [info] [stationary.cpp:264] NN: cost=1598.360240, feasible=true, active_stations=1
[2026-10-05 04:37:17.730] [info] [candidate.cpp:199] InstancePrecompute: built 25 candidates
[2026-10-05 04:37:17.730] [info] [stationary.cpp:264] NN: cost=193.360783, feasible=true, active_stations=1
[2026-10-05 04:37:17.730] [info] [candidate.cpp:199] InstancePrecompute: built 25 candidates
[2026-10-05 04:37:17.730] [info] [stationary.cpp:264] NN: cost=13.335226, feasible=true, active_stations=1
[2026-10-05 04:37:17.730] [info] [candidate.cpp:199] InstancePrecompute: built 50 candidates
[2026-10-05 04:37:17.730] [info] [stationary.cpp:264] NN: cost=87.479085, feasible=true, active_stations=1
[2026-10-05 04:37:17.730] [info] [candidate.cpp:199] InstancePrecompute: built 25 candidates
[2026-10-05 04:37:17.730] [info] [stationary.cpp:264] NN: cost=374.719863, feasible=true, active_stations=1
[2026-10-05 04:37:17.730] [info] [candidate.cpp:199] InstancePrecompute: built 75 candidates
[2026-10-05 04:37:17.730] [info] [stationary.cpp:264] NN: cost=46.673293, feasible=true, active_stations=2
[2026-10-05 04:37:17.730] [info] [candidate.cpp:199] InstancePrecompute: built 25 candidates
[2026-10-05 04:37:17.730] [info] [stationary.cpp:264] NN: cost=906.795397, feasible=true, active_stations=1
[2026-10-05 04:37:17.730] [info] [candidate.cpp:199] InstancePrecompute: built 25 candidates
[2026-10-05 04:37:17.730] [info] [stationary.cpp:264] NN: cost=169.890785, feasible=true, active_stations=1
[2026-10-05 04:37:17.730] [info] [candidate.cpp:199] InstancePrecompute: built 25 candidates
[2026-10-05 04:37:17.730] [info] [stationary.cpp:264] NN: cost=129.351696, feasible=true, active_stations=1
[2026-10-05 04:37:17.730] [info] [candidate.cpp:199] InstancePrecompute: built 25 candidates
[2026-10-05 04:37:17.730] [info] [stationary.cpp:264] NN: cost=365.385204, feasible=true, active_stations=1
[2026-10-05 04:37:17.730] [info] [candidate.cpp:199] InstancePrecompute: built 25 candidates
[2026-10-05 04:37:17.730] [info] [stationary.cpp:264] NN: cost=1598.360240, feasible=true, active_stations=1
[2026-10-05 04:37:17.730] [info] [candidate.cpp:199] InstancePrecompute: built 25 candidates
[2026-10-05 04:37:17.730] [info] [stationary.cpp:264] NN: cost=193.360783, feasible=true, active_stations=1
[2026-10-05 04:37:17.730] [info] [candidate.cpp:199] InstancePrecompute: built 25 candidates
[2026-10-05 04:37:17.730] [info] [stationary.cpp:264] NN: cost=13.335226, feasible=true, active_stations=1
[2026-10-05 04:37:17.730] [info] [candidate.cpp:199] InstancePrecompute: built 25 candidates
[2026-10-05 04:37:17.730] [info] [stationary.cpp:264] NN: cost=43.739543, feasible=true, active_stations=1
[2026-10-05 04:37:17.730] [info] [candidate.cpp:199] InstancePrecompute: built 25 candidates
[2026-10-05 04:37:17.730] [info] [stationary.cpp:264] NN: cost=87.479085, feasible=true, active_stations=1
[2026-10-05 04:37:17.730] [info] [candidate.cpp:199] InstancePrecompute: built 25 candidates
[2026-10-05 04:37:17.730] [info] [stationary.cpp:264] NN: cost=374.719863, feasible=true, active_stations=1
[2026-10-05 04:37:17.730] [info] [candidate.cpp:199] InstancePrecompute: built 75 candidates
[2026-10-05 04:37:17.730] [info] [stationary.cpp:264] NN: cost=46.673293, feasible=true, active_stations=2
[2026-10-05 04:37:17.730] [info] [candidate.cpp:199] InstancePrecompute: built 25 candidates
[2026-10-05 04:37:17.730] [info] [stationary.cpp:264] NN: cost=906.795397, feasible=true, active_stations=1
[2026-10-05 04:37:17.730] [info] [candidate.cpp:199] InstancePrecompute: built 25 candidates
[2026-10-05 04:37:17.730] [info] [stationary.cpp:264] NN: cost=169.890785, feasible=true, active_stations=1
[2026-10-05 04:37:17.730] [info] [candidate.cpp:199] InstancePrecompute: built 25 candidates
[2026-10-05 04:37:17.730] [info] [stationary.cpp:264] NN: cost=129.351696, feasible=true, active_stations=1
[2026-10-05 04:37:17.730] [info] [candidate.cpp:199] InstancePrecompute: built 25 candidates
[2026-10-05 04:37:17.730] [info] [stationary.cpp:264] NN: cost=365.385204, feasible=true, active_stations=1
[2026-10-05 04:37:17.730] [info] [candidate.cpp:199] InstancePrecompute: built 25 candidates
[2026-10-05 04:37:17.730] [info] [stationary.cpp:264] NN: cost=1598.360240, feasible=true, active_stations=1
[2026-10-05 04:37:17.730] [info] [candidate.cpp:199] InstancePrecompute: built 25 candidates
[2026-10-05 04:37:17.730] [info] [stationary.cpp:264] NN: cost=193.360783, feasible=true, active_stations=1
[2026-10-05 04:37:17.730] [info] [candidate.cpp:199] InstancePrecompute: built 25 candidates
[2026-10-05 04:37:17.730] [info] [stationary.cpp:264] NN: cost=13.335226, feasible=true, active_stations=1
[2026-10-05 04:37:17.730] [info] [candidate.cpp:199] InstancePrecompute: built 25 candidates
[2026-10-05 04:37:17.730] [info] [stationary.cpp:264] NN: cost=43.739543, feasible=true, active_stations=1
[2026-10-05 04:37:17.730] [info] [candidate.cpp:199] InstancePrecompute: built 25 candidates
[2026-10-05 04:37:17.730] [info] [stationary.cpp:264] NN: cost=87.479085, feasible=true, active_stations=1
[2026-10-05 04:37:17.730] [info] [candidate.cpp:199] InstancePrecompute: built 25 candidates
[2026-10-05 04:37:17.730] [info] [stationary.cpp:264] NN: cost=374.719863, feasible=true, active_stations=1
[2026-10-05 04:37:17.730] [info] [candidate.cpp:199] InstancePrecompute: built 25 candidates
[2026-10-05 04:37:17.730] [info] [stationary.cpp:264] NN: cost=33.338066, feasible=true, active_stations=1
[2026-10-05 04:37:17.730] [info] [candidate.cpp:199] InstancePrecompute: built 50 candidates
[2026-10-05 04:37:17.730] [info] [stationary.cpp:264] NN: cost=32.804657, feasible=true, active_stations=2
[2026-10-05 04:37:17.730] [info] [candidate.cpp:199] InstancePrecompute: built 25 candidates
[2026-10-05 04:37:17.730] [info] [stationary.cpp:264] NN: cost=906.795397, feasible=true, active_stations=1
[2026-10-05 04:37:17.730] [info] [candidate.cpp:199] InstancePrecompute: built 25 candidates
[2026-10-05 04:37:17.730] [info] [stationary.cpp:264] NN: cost=169.890785, feasible=true, active_stations=1
[2026-10-05 04:37:17.730] [info] [candidate.cpp:199] InstancePrecompute: built 25 candidates
[2026-10-05 04:37:17.730] [info] [stationary.cpp:264] NN: cost=129.351696, feasible=true, active_stations=1
[2026-10-05 04:37:17.730] [info] [candidate.cpp:199] InstancePrecompute: built 25 candidates
[2026-10-05 04:37:17.730] [info] [stationary.cpp:264] NN: cost=365.385204, feasible=true, active_stations=1
[2026-10-05 04:37:17.730] [info] [candidate.cpp:199] InstancePrecompute: built 25 candidates
[2026-10-05 04:37:17.730] [info] [stationary.cpp:264] NN: cost=1598.360240, feasible=true, active_stations=1
[2026-10-05 04:37:17.730] [info] [candidate.cpp:199] InstancePrecompute: built 25 candidates
[2026-10-05 04:37:17.730] [info] [stationary.cpp:264] NN: cost=193.360783, feasible=true, active_stations=1
[2026-10-05 04:37:17.730] [info] [candidate.cpp:199] InstancePrecompute: built 25 candidates
[2026-10-05 04:37:17.730] [info] [stationary.cpp:264] NN: cost=13.335226, feasible=true, active_stations=1
[2026-10-05 04:37:17.730] [info] [candidate.cpp:199] InstancePrecompute: built 25 candidates
[2026-10-05 04:37:17.730] [info] [stationary.cpp:264] NN: cost=43.739543, feasible=true, active_stations=1
[2026-10-05 04:37:17.730] [info] [candidate.cpp:199] InstancePrecompute: built 25 candidates
[2026-10-05 04:37:17.730] [info] [stationary.cpp:264] NN: cost=87.479085, feasible=true, active_stations=1
[2026-10-05 04:37:17.730] [info] [candidate.cpp:199] InstancePrecompute: built 25 candidates
[2026-10-05 04:37:17.730] [info] [stationary.cpp:264] NN: cost=374.719863, feasible=true, active_stations=1
[2026-10-05 04:37:17.730] [info] [candidate.cpp:199] InstancePrecompute: built 25 candidates
[2026-10-05 04:37:17.730] [info] [stationary.cpp:264] NN: cost=33.338066, feasible=true, active_stations=1
[2026-10-05 04:37:17.730] [info] [candidate.cpp:199] InstancePrecompute: built 50 candidates
[2026-10-05 04:37:17.730] [info] [stationary.cpp:264] NN: cost=32.804657, feasible=true, active_stations=2
[2026-10-05 04:37:17.730] [info] [candidate.cpp:199] InstancePrecompute: built 25 candidates
[2026-10-05 04:37:17.730] [info] [stationary.cpp:264] NN: cost=906.795397, feasible=true, active_stations=1
[2026-10-05 04:37:17.730] [info] [candidate.cpp:199] InstancePrecompute: built 25 candidates
[2026-10-05 04:37:17.730] [info] [stationary.cpp:264] NN: cost=169.890785, feasible=true, active_stations=1
[2026-10-05 04:37:17.730] [info] [candidate.cpp:199] InstancePrecompute: built 25 candidates
[2026-10-05 04:37:17.730] [info] [stationary.cpp:264] NN: cost=129.351696, feasible=true, active_stations=1
[2026-10-05 04:37:17.730] [info] [candidate.cpp:199] InstancePrecompute: built 25 candidates
[2026-10-05 04:37:17.730] [info] [stationary.cpp:264] NN: cost=365.385204, feasible=true, active_stations=1
[2026-10-05 04:37:17.730] [info] [candidate.cpp:199] InstancePrecompute: built 25 candidates
[2026-10-05 04:37:17.730] [info] [stationary.cpp:264] NN: cost=1598.360240, feasible=true, active_stations=1
[2026-10-05 04:37:17.730] [info] [candidate.cpp:199] InstancePrecompute: built 25 candidates
[2026-10-05 04:37:17.730] [info] [stationary.cpp:264] NN: cost=193.360783, feasible=true, active_stations=1
[2026-10-05 04:37:17.730] [info] [candidate.cpp:199] InstancePrecompute: built 25 candidates
[2026-10-05 04:37:17.730] [info] [stationary.cpp:264] NN: cost=13.335226, feasible=true, active_stations=1
[2026-10-05 04:37:17.730] [info] [candidate.cpp:199] InstancePrecompute: built 50 candidates
[2026-10-05 04:37:17.730] [info] [stationary.cpp:264] NN: cost=87.479085, feasible=true, active_stations=1
[2026-10-05 04:37:17.730] [info] [candidate.cpp:199] InstancePrecompute: built 25 candidates
[2026-10-05 04:37:17.730] [info] [stationary.cpp:264] NN: cost=374.719863, feasible=true, active_stations=1
[2026-10-05 04:37:17.730] [info] [candidate.cpp:199] InstancePrecompute: built 25 candidates
[2026-10-05 04:37:17.730] [info] [stationary.cpp:264] NN: cost=33.338066, feasible=true, active_stations=1
[2026-10-05 04:37:17.730] [info] [candidate.cpp:199] InstancePrecompute: built 50 candidates
[2026-10-05 04:37:17.730] [info] [stationary.cpp:264] NN: cost=32.804657, feasible=true, active_stations=2
[2026-10-05 04:37:17.730] [info] [candidate.cpp:199] InstancePrecompute: built 25 candidates
[2026-10-05 04:37:17.730] [info] [stationary.cpp:264] NN: cost=906.795397, feasible=true, active_stations=1
[2026-10-05 04:37:17.730] [info] [candidate.cpp:199] InstancePrecompute: built 25 candidates
[2026-10-05 04:37:17.730] [info] [stationary.cpp:264] NN: cost=169.890785, feasible=true, active_stations=1
[2026-10-05 04:37:17.730] [info] [candidate.cpp:199] InstancePrecompute: built 25 candidates
[2026-10-05 04:37:17.730] [info] [stationary.cpp:264] NN: cost=129.351696, feasible=true, active_stations=1
[2026-10-05 04:37:17.730] [info] [candidate.cpp:199] InstancePrecompute: built 25 candidates
[2026-10-05 04:37:17.730] [info] [stationary.cpp:264] NN: cost=365.385204, feasible=true, active_stations=1
[2026-10-05 04:37:17.730] [info] [candidate.cpp:199] InstancePrecompute: built 25 candidates
[2026-10-05 04:37:17.730] [info] [stationary.cpp:264] NN: cost=1598.360240, feasible=true, active_stations=1
[2026-10-05 04:37:17.730] [info] [candidate.cpp:199] InstancePrecompute: built 25 candidates
[2026-10-05 04:37:17.730] [info] [stationary.cpp:264] NN: cost=193.360783, feasible=true, active_stations=1
[2026-10-05 04:37:17.730] [info] [candidate.cpp:199] InstancePrecompute: built 25 candidates
[2026-10-05 04:37:17.730] [info] [stationary.cpp:264] NN: cost=13.335226, feasible=true, active_stations=1
[2026-10-05 04:37:17.730] [info] [candidate.cpp:199] InstancePrecompute: built 50 candidates
[2026-10-05 04:37:17.731] [info] [stationary.cpp:264] NN: cost=87.479085, feasible=true, active_stations=1
[2026-10-05 04:37:17.731] [info] [candidate.cpp:199] InstancePrecompute: built 25 candidates
[2026-10-05 04:37:17.731] [info] [stationary.cpp:264] NN: cost=374.719863, feasible=true, active_stations=1
[2026-10-05 04:37:17.731] [info] [candidate.cpp:199] InstancePrecompute: built 50 candidates
[2026-10-05 04:37:17.731] [info] [stationary.cpp:264] NN: cost=33.338066, feasible=true, active_stations=1
[2026-10-05 04:37:17.731] [info] [candidate.cpp:199] InstancePrecompute: built 25 candidates
[2026-10-05 04:37:17.731] [info] [stationary.cpp:264] NN: cost=13.335226, feasible=true, active_stations=1
[2026-10-05 04:37:17.731] [info] [candidate.cpp:199] InstancePrecompute: built 25 candidates
[2026-10-05 04:37:17.731] [info] [stationary.cpp:264] NN: cost=906.795397, feasible=true, active_stations=1
[2026-10-05 04:37:17.731] [info] [candidate.cpp:199] InstancePrecompute: built 25 candidates
[2026-10-05 04:37:17.731] [info] [stationary.cpp:264] NN: cost=169.890785, feasible=true, active_stations=1
[2026-10-05 04:37:17.731] [info] [candidate.cpp:199] InstancePrecompute: built 25 candidates
[2026-10-05 04:37:17.731] [info] [stationary.cpp:264] NN: cost=129.351696, feasible=true, active_stations=1
[2026-10-05 04:37:17.731] [info] [candidate.cpp:199] InstancePrecompute: built 25 candidates
[2026-10-05 04:37:17.731] [info] [stationary.cpp:264] NN: cost=365.385204, feasible=true, active_stations=1
[2026-10-05 04:37:17.731] [info] [candidate.cpp:199] InstancePrecompute: built 25 candidates
[2026-10-05 04:37:17.731] [info] [stationary.cpp:264] NN: cost=1598.360240, feasible=true, active_stations=1
[2026-10-05 04:37:17.731] [info] [candidate.cpp:199] InstancePrecompute: built 25 candidates
[2026-10-05 04:37:17.731] [info] [stationary.cpp:264] NN: cost=193.360783, feasible=true, active_stations=1
[2026-10-05 04:37:17.731] [info] [candidate.cpp:199] InstancePrecompute: built 25 candidates
[2026-10-05 04:37:17.731] [info] [stationary.cpp:264] NN: cost=13.335226, feasible=true, active_stations=1
[2026-10-05 04:37:17.731] [info] [candidate.cpp:199] InstancePrecompute: built 50 candidates
[2026-10-05 04:37:17.731] [info] [stationary.cpp:264] NN: cost=87.479085, feasible=true, active_stations=1
[2026-10-05 04:37:17.731] [info] [candidate.cpp:199] InstancePrecompute: built 25 candidates
[2026-10-05 04:37:17.731] [info] [stationary.cpp:264] NN: cost=374.719863, feasible=true, active_stations=1
[2026-10-05 04:37:17.731] [info] [candidate.cpp:199] InstancePrecompute: built 50 candidates
[2026-10-05 04:37:17.731] [info] [stationary.cpp:264] NN: cost=33.338066, feasible=true, active_stations=1
[2026-10-05 04:37:17.731] [info] [candidate.cpp:199] InstancePrecompute: built 25 candidates
[2026-10-05 04:37:17.731] [info] [stationary.cpp:264] NN: cost=13.335226, feasible=true, active_stations=1
[2026-10-05 04:37:17.731] [info] [candidate.cpp:199] InstancePrecompute: built 25 candidates
[2026-10-05 04:37:17.731] [info] [stationary.cpp:264] NN: cost=906.795397, feasible=true, active_stations=1
[2026-10-05 04:37:17.731] [info] [candidate.cpp:199] InstancePrecompute: built 25 candidates
[2026-10-05 04:37:17.731] [info] [stationary.cpp:264] NN: cost=169.890785, feasible=true, active_stations=1
[2026-10-05 04:37:17.731] [info] [candidate.cpp:199] InstancePrecompute: built 25 candidates
[2026-10-05 04:37:17.731] [info] [stationary.cpp:264] NN: cost=129.351696, feasible=true, active_stations=1
[2026-10-05 04:37:17.731] [info] [candidate.cpp:199] InstancePrecompute: built 25 candidates
[2026-10-05 04:37:17.731] [info] [stationary.cpp:264] NN: cost=365.385204, feasible=true, active_stations=1
[2026-10-05 04:37:17.731] [info] [candidate.cpp:199] InstancePrecompute: built 25 candidates
[2026-10-05 04:37:17.731] [info] [stationary.cpp:264] NN: cost=1598.360240, feasible=true, active_stations=1
[2026-10-05 04:37:17.731] [info] [candidate.cpp:199] InstancePrecompute: built 25 candidates
[2026-10-05 04:37:17.731] [info] [stationary.cpp:264] NN: cost=193.360783, feasible=true, active_stations=1
[2026-10-05 04:37:17.731] [info] [candidate.cpp:199] InstancePrecompute: built 25 candidates
[2026-10-05 04:37:17.731] [info] [stationary.cpp:264] NN: cost=13.335226, feasible=true, active_stations=1
[2026-10-05 04:37:17.731] [info] [candidate.cpp:199] InstancePrecompute: built 50 candidates
[2026-10-05 04:37:17.731] [info] [stationary.cpp:264] NN: cost=87.479085, feasible=true, active_stations=1
[2026-10-05 04:37:17.731] [info] [candidate.cpp:199] InstancePrecompute: built 25 candidates
[2026-10-05 04:37:17.731] [info] [stationary.cpp:264] NN: cost=374.719863, feasible=true, active_stations=1
[2026-10-05 04:37:17.731] [info] [candidate.cpp:199] InstancePrecompute: built 50 candidates
[2026-10-05 04:37:17.731] [info] [stationary.cpp:264] NN: cost=33.338066, feasible=true, active_stations=1
[2026-10-05 04:37:17.731] [info] [candidate.cpp:199] InstancePrecompute: built 25 candidates
[2026-10-05 04:37:17.731] [info] [stationary.cpp:264] NN: cost=13.335226, feasible=true, active_stations=1
[2026-10-05 04:37:17.731] [info] [candidate.cpp:199] InstancePrecompute: built 25 candidates
[2026-10-05 04:37:17.731] [info] [stationary.cpp:264] NN: cost=906.795397, feasible=true, active_stations=1
[2026-10-05 04:37:17.731] [info] [candidate.cpp:199] InstancePrecompute: built 25 candidates
[2026-10-05 04:37:17.731] [info] [stationary.cpp:264] NN: cost=169.890785, feasible=true, active_stations=1
[2026-10-05 04:37:17.731] [info] [candidate.cpp:199] InstancePrecompute: built 25 candidates
[2026-10-05 04:37:17.731] [info] [stationary.cpp:264] NN: cost=129.351696, feasible=true, active_stations=1
[2026-10-05 04:37:17.731] [info] [candidate.cpp:199] InstancePrecompute: built 25 candidates
[2026-10-05 04:37:17.731] [info] [stationary.cpp:264] NN: cost=365.385204, feasible=true, active_stations=1
[2026-10-05 04:37:17.731] [info] [candidate.cpp:199] InstancePrecompute: built 25 candidates
[2026-10-05 04:37:17.731] [info] [stationary.cpp:264] NN: cost=1598.360240, feasible=true, active_stations=1
[2026-10-05 04:37:17.731] [info] [candidate.cpp:199] InstancePrecompute: built 25 candidates
[2026-10-05 04:37:17.731] [info] [stationary.cpp:264] NN: cost=193.360783, feasible=true, active_stations=1
[2026-10-05 04:37:17.731] [info] [candidate.cpp:199] InstancePrecompute: built 25 candidates
[2026-10-05 04:37:17.731] [info] [stationary.cpp:264] NN: cost=13.335226, feasible=true, active_stations=1
[2026-10-05 04:37:17.731] [info] [candidate.cpp:199] InstancePrecompute: built 25 candidates
[2026-10-05 04:37:17.731] [info] [stationary.cpp:264] NN: cost=43.739543, feasible=true, active_stations=1
[2026-10-05 04:37:17.731] [info] [candidate.cpp:199] InstancePrecompute: built 25 candidates
[2026-10-05 04:37:17.731] [info] [stationary.cpp:264] NN: cost=87.479085, feasible=true, active_stations=1
[2026-10-05 04:37:17.731] [info] [candidate.cpp:199] InstancePrecompute: built 25 candidates
[2026-10-05 04:37:17.731] [info] [stationary.cpp:264] NN: cost=374.719863, feasible=true, active_stations=1
[2026-10-05 04:37:17.731] [info] [candidate.cpp:199] InstancePrecompute: built 50 candidates
[2026-10-05 04:37:17.731] [info] [stationary.cpp:264] NN: cost=33.338066, feasible=true, active_stations=1
[2026-10-05 04:37:17.731] [info] [candidate.cpp:199] InstancePrecompute: built 25 candidates
[2026-10-05 04:37:17.731] [info] [stationary.cpp:264] NN: cost=13.335226, feasible=true, active_stations=1
[2026-10-05 04:37:17.731] [info] [candidate.cpp:199] InstancePrecompute: built 25 candidates
[2026-10-05 04:37:17.731] [info] [stationary.cpp:264] NN: cost=906.795397, feasible=true, active_stations=1
[2026-10-05 04:37:17.731] [info] [candidate.cpp:199] InstancePrecompute: built 25 candidates
[2026-10-05 04:37:17.731] [info] [stationary.cpp:264] NN: cost=169.890785, feasible=true, active_stations=1
[2026-10-05 04:37:17.731] [info] [candidate.cpp:199] InstancePrecompute: built 25 candidates
[2026-10-05 04:37:17.731] [info] [stationary.cpp:264] NN: cost=129.351696, feasible=true, active_stations=1
[2026-10-05 04:37:17.731] [info] [candidate.cpp:199] InstancePrecompute: built 25 candidates
[2026-10-05 04:37:17.731] [info] [stationary.cpp:264] NN: cost=365.385204, feasible=true, active_stations=1
[2026-10-05 04:37:17.731] [info] [candidate.cpp:199] InstancePrecompute: built 25 candidates
[2026-10-05 04:37:17.731] [info] [stationary.cpp:264] NN: cost=1598.360240, feasible=true, active_stations=1
[2026-10-05 04:37:17.731] [info] [candidate.cpp:199] InstancePrecompute: built 25 candidates
[2026-10-05 04:37:17.731] [info] [stationary.cpp:264] NN: cost=193.360783, feasible=true, active_stations=1
[2026-10-05 04:37:17.731] [info] [candidate.cpp:199] InstancePrecompute: built 25 candidates
[2026-10-05 04:37:17.731] [info] [stationary.cpp:264] NN: cost=13.335226, feasible=true, active_stations=1
[2026-10-05 04:37:17.731] [info] [candidate.cpp:199] InstancePrecompute: built 25 candidates
[2026-10-05 04:37:17.731] [info] [stationary.cpp:264] NN: cost=43.739543, feasible=true, active_stations=1
[2026-10-05 04:37:17.731] [info] [candidate.cpp:199] InstancePrecompute: built 25 candidates
[2026-10-05 04:37:17.731] [info] [stationary.cpp:264] NN: cost=87.479085, feasible=true, active_stations=1
[2026-10-05 04:37:17.731] [info] [candidate.cpp:199] InstancePrecompute: built 25 candidates
[2026-10-05 04:37:17.731] [info] [stationary.cpp:264] NN: cost=374.719863, feasible=true, active_stations=1
[2026-10-05 04:37:17.731] [info] [candidate.cpp:199] InstancePrecompute: built 25 candidates
[2026-10-05 04:37:17.731] [info] [stationary.cpp:264] NN: cost=33.338066, feasible=true, active_stations=1
[2026-10-05 04:37:17.731] [info] [candidate.cpp:199] InstancePrecompute: built 25 candidates
[2026-10-05 04:37:17.731] [info] [stationary.cpp:264] NN: cost=19.469431, feasible=true, active_stations=1
[2026-10-05 04:37:17.731] [info] [candidate.cpp:199] InstancePrecompute: built 25 candidates
[2026-10-05 04:37:17.731] [info] [stationary.cpp:264] NN: cost=13.335226, feasible=true, active_stations=1
[2026-10-05 04:37:17.731] [info] [candidate.cpp:199] InstancePrecompute: built 25 candidates
[2026-10-05 04:37:17.731] [info] [stationary.cpp:264] NN: cost=906.795397, feasible=true, active_stations=1
[2026-10-05 04:37:17.731] [info] [candidate.cpp:199] InstancePrecompute: built 25 candidates
[2026-10-05 04:37:17.731] [info] [stationary.cpp:264] NN: cost=169.890785, feasible=true, active_stations=1
[2026-10-05 04:37:17.731] [info] [candidate.cpp:199] InstancePrecompute: built 25 candidates
[2026-10-05 04:37:17.731] [info] [stationary.cpp:264] NN: cost=129.351696, feasible=true, active_stations=1
[2026-10-05 04:37:17.731] [info] [candidate.cpp:199] InstancePrecompute: built 25 candidates
[2026-10-05 04:37:17.731] [info] [stationary.cpp:264] NN: cost=365.385204, feasible=true, active_stations=1
[2026-10-05 04:37:17.731] [info] [candidate.cpp:199] InstancePrecompute: built 25 candidates
[2026-10-05 04:37:17.731] [info] [stationary.cpp:264] NN: cost=1598.360240, feasible=true, active_stations=1
[2026-10-05 04:37:17.731] [info] [candidate.cpp:199] InstancePrecompute: built 25 candidates
[2026-10-05 04:37:17.731] [info] [stationary.cpp:264] NN: cost=193.360783, feasible=true, active_stations=1
[2026-10-05 04:37:17.731] [info] [candidate.cpp:199] InstancePrecompute: built 25 candidates
[2026-10-05 04:37:17.731] [info] [stationary.cpp:264] NN: cost=13.335226, feasible=true, active_stations=1
[2026-10-05 04:37:17.731] [info] [candidate.cpp:199] InstancePrecompute: built 25 candidates
[2026-10-05 04:37:17.731] [info] [stationary.cpp:264] NN: cost=43.739543, feasible=true, active_stations=1
[2026-10-05 04:37:17.731] [info] [candidate.cpp:199] InstancePrecompute: built 25 candidates
[2026-10-05 04:37:17.731] [info] [stationary.cpp:264] NN: cost=87.479085, feasible=true, active_stations=1
[2026-10-05 04:37:17.731] [info] [candidate.cpp:199] InstancePrecompute: built 25 candidates
[2026-10-05 04:37:17.731] [info] [stationary.cpp:264] NN: cost=374.719863, feasible=true, active_stations=1
[2026-10-05 04:37:17.731] [info] [candidate.cpp:199] InstancePrecompute: built 25 candidates
[2026-10-05 04:37:17.731] [info] [stationary.cpp:264] NN: cost=33.338066, feasible=true, active_stations=1
[2026-10-05 04:37:17.731] [info] [candidate.cpp:199] InstancePrecompute: built 25 candidates
[2026-10-05 04:37:17.731] [info] [stationary.cpp:264] NN: cost=19.469431, feasible=true, active_stations=1
[2026-10-05 04:37:17.731] [info] [candidate.cpp:199] InstancePrecompute: built 25 candidates
[2026-10-05 04:37:17.731] [info] [stationary.cpp:264] NN: cost=13.335226, feasible=true, active_stations=1
[2026-10-05 04:37:17.731] [info] [candidate.cpp:199] InstancePrecompute: built 25 candidates
[2026-10-05 04:37:17.731] [info] [stationary.cpp:264] NN: cost=906.795397, feasible=true, active_stations=1
[2026-10-05 04:37:17.731] [info] [candidate.cpp:199] InstancePrecompute: built 25 candidates
[2026-10-05 04:37:17.731] [info] [stationary.cpp:264] NN: cost=169.890785, feasible=true, active_stations=1
[2026-10-05 04:37:17.731] [info] [candidate.cpp:199] InstancePrecompute: built 25 candidates
[2026-10-05 04:37:17.731] [info] [stationary.cpp:264] NN: cost=129.351696, feasible=true, active_stations=1
[2026-10-05 04:37:17.731] [info] [candidate.cpp:199] InstancePrecompute: built 25 candidates
[2026-10-05 04:37:17.731] [info] [stationary.cpp:264] NN: cost=365.385204, feasible=true, active_stations=1
[2026-10-05 04:37:17.731] [info] [candidate.cpp:199] InstancePrecompute: built 25 candidates
[2026-10-05 04:37:17.731] [info] [stationary.cpp:264] NN: cost=1598.360240, feasible=true, active_stations=1
[2026-10-05 04:37:17.731] [info] [candidate.cpp:199] InstancePrecompute: built 25 candidates
[2026-10-05 04:37:17.731] [info] [stationary.cpp:264] NN: cost=193.360783, feasible=true, active_stations=1
[2026-10-05 04:37:17.731] [info] [candidate.cpp:199] InstancePrecompute: built 25 candidates
[2026-10-05 04:37:17.731] [info] [stationary.cpp:264] NN: cost=13.335226, feasible=true, active_stations=1
[2026-10-05 04:37:17.731] [info] [candidate.cpp:199] InstancePrecompute: built 50 candidates
[2026-10-05 04:37:17.731] [info] [stationary.cpp:264] NN: cost=87.479085, feasible=true, active_stations=1
[2026-10-05 04:37:17.731] [info] [candidate.cpp:199] InstancePrecompute: built 25 candidates
[2026-10-05 04:37:17.731] [info] [stationary.cpp:264] NN: cost=374.719863, feasible=true, active_stations=1
[2026-10-05 04:37:17.731] [info] [candidate.cpp:199] InstancePrecompute: built 25 candidates
[2026-10-05 04:37:17.731] [info] [stationary.cpp:264] NN: cost=33.338066, feasible=true, active_stations=1
[2026-10-05 04:37:17.731] [info] [candidate.cpp:199] InstancePrecompute: built 25 candidates
[2026-10-05 04:37:17.731] [info] [stationary.cpp:264] NN: cost=19.469431, feasible=true, active_stations=1
[2026-10-05 04:37:17.731] [info] [candidate.cpp:199] InstancePrecompute: built 25 candidates
[2026-10-05 04:37:17.731] [info] [stationary.cpp:264] NN: cost=13.335226, feasible=true, active_stations=1
[2026-10-05 04:37:17.731] [info] [candidate.cpp:199] InstancePrecompute: built 25 candidates
[2026-10-05 04:37:17.731] [info] [stationary.cpp:264] NN: cost=906.795397, feasible=true, active_stations=1
[2026-10-05 04:37:17.731] [info] [candidate.cpp:199] InstancePrecompute: built 25 candidates
[2026-10-05 04:37:17.731] [info] [stationary.cpp:264] NN: cost=169.890785, feasible=true, active_stations=1
[2026-10-05 04:37:17.731] [info] [candidate.cpp:199] InstancePrecompute: built 25 candidates
[2026-10-05 04:37:17.731] [info] [stationary.cpp:264] NN: cost=129.351696, feasible=true, active_stations=1
[2026-10-05 04:37:17.731] [info] [candidate.cpp:199] InstancePrecompute: built 25 candidates
[2026-10-05 04:37:17.731] [info] [stationary.cpp:264] NN: cost=365.385204, feasible=true, active_stations=1
[2026-10-05 04:37:17.731] [info] [candidate.cpp:199] InstancePrecompute: built 25 candidates
[2026-10-05 04:37:17.731] [info] [stationary.cpp:264] NN: cost=1598.360240, feasible=true, active_stations=1
[2026-10-05 04:37:17.731] [info] [candidate.cpp:199] InstancePrecompute: built 25 candidates
[2026-10-05 04:37:17.731] [info] [stationary.cpp:264] NN: cost=193.360783, feasible=true, active_stations=1
[2026-10-05 04:37:17.731] [info] [candidate.cpp:199] InstancePrecompute: built 25 candidates
[2026-10-05 04:37:17.731] [info] [stationary.cpp:264] NN: cost=13.335226, feasible=true, active_stations=1
[2026-10-05 04:37:17.731] [info] [candidate.cpp:199] InstancePrecompute: built 50 candidates
[2026-10-05 04:37:17.731] [info] [stationary.cpp:264] NN: cost=87.479085, feasible=true, active_stations=1
[2026-10-05 04:37:17.731] [info] [candidate.cpp:199] InstancePrecompute: built 25 candidates
[2026-10-05 04:37:17.731] [info] [stationary.cpp:264] NN: cost=374.719863, feasible=true, active_stations=1
[2026-10-05 04:37:17.731] [info] [candidate.cpp:199] InstancePrecompute: built 50 candidates
[2026-10-05 04:37:17.731] [info] [stationary.cpp:264] NN: cost=33.338066, feasible=true, active_stations=1
[2026-10-05 04:37:17.731] [info] [candidate.cpp:199] InstancePrecompute: built 25 candidates
[2026-10-05 04:37:17.731] [info] [stationary.cpp:264] NN: cost=13.335226, feasible=true, active_stations=1
[2026-10-05 04:37:17.731] [info] [candidate.cpp:199] InstancePrecompute: built 25 candidates
[2026-10-05 04:37:17.731] [info] [stationary.cpp:264] NN: cost=906.795397, feasible=true, active_stations=1
[2026-10-05 04:37:17.731] [info] [candidate.cpp:199] InstancePrecompute: built 25 candidates
[2026-10-05 04:37:17.731] [info] [stationary.cpp:264] NN: cost=169.890785, feasible=true, active_stations=1
[2026-10-05 04:37:17.731] [info] [candidate.cpp:199] InstancePrecompute: built 25 candidates
[2026-10-05 04:37:17.731] [info] [stationary.cpp:264] NN: cost=129.351696, feasible=true, active_stations=1
[2026-10-05 04:37:17.731] [info] [candidate.cpp:199] InstancePrecompute: built 25 candidates
[2026-10-05 04:37:17.731] [info] [stationary.cpp:264] NN: cost=365.385204, feasible=true, active_stations=1
[2026-10-05 04:37:17.731] [info] [candidate.cpp:199] InstancePrecompute: built 25 candidates
[2026-10-05 04:37:17.731] [info] [stationary.cpp:264] NN: cost=1598.360240, feasible=true, active_stations=1
[2026-10-05 04:37:17.731] [info] [candidate.cpp:199] InstancePrecompute: built 25 candidates
[2026-10-05 04:37:17.731] [info] [stationary.cpp:264] NN: cost=193.360783, feasible=true, active_stations=1
[2026-10-05 04:37:17.731] [info] [candidate.cpp:199] InstancePrecompute: built 25 candidates
[2026-10-05 04:37:17.731] [info] [stationary.cpp:264] NN: cost=13.335226, feasible=true, active_stations=1
[2026-10-05 04:37:17.731] [info] [candidate.cpp:199] InstancePrecompute: built 50 candidates
[2026-10-05 04:37:17.731] [info] [stationary.cpp:264] NN: cost=87.479085, feasible=true, active_stations=1
[2026-10-05 04:37:17.731] [info] [candidate.cpp:199] InstancePrecompute: built 25 candidates
[2026-10-05 04:37:17.731] [info] [stationary.cpp:264] NN: cost=374.719863, feasible=true, active_stations=1
[2026-10-05 04:37:17.731] [info] [candidate.cpp:199] InstancePrecompute: built 50 candidates
[2026-10-05 04:37:17.731] [info] [stationary.cpp:264] NN: cost=33.338066, feasible=true, active_stations=1
[2026-10-05 04:37:17.731] [info] [candidate.cpp:199] InstancePrecompute: built 25 candidates
[2026-10-05 04:37:17.731] [info] [stationary.cpp:264] NN: cost=13.335226, feasible=true, active_stations=1
[2026-10-05 04:37:17.731] [info] [candidate.cpp:199] InstancePrecompute: built 25 candidates
[2026-10-05 04:37:17.731] [info] [stationary.cpp:264] NN: cost=906.795397, feasible=true, active_stations=1
[2026-10-05 04:37:17.731] [info] [candidate.cpp:199] InstancePrecompute: built 25 candidates
[2026-10-05 04:37:17.731] [info] [stationary.cpp:264] NN: cost=169.890785, feasible=true, active_stations=1
[2026-10-05 04:37:17.731] [info] [candidate.cpp:199] InstancePrecompute: built 25 candidates
[2026-10-05 04:37:17.731] [info] [stationary.cpp:264] NN: cost=129.351696, feasible=true, active_stations=1
[2026-10-05 04:37:17.731] [info] [candidate.cpp:199] InstancePrecompute: built 25 candidates
[2026-10-05 04:37:17.731] [info] [stationary.cpp:264] NN: cost=365.385204, feasible=true, active_stations=1
[2026-10-05 04:37:17.731] [info] [candidate.cpp:199] InstancePrecompute: built 25 candidates
[2026-10-05 04:37:17.731] [info] [stationary.cpp:264] NN: cost=1598.360240, feasible=true, active_stations=1
[2026-10-05 04:37:17.731] [info] [candidate.cpp:199] InstancePrecompute: built 25 candidates
[2026-10-05 04:37:17.731] [info] [stationary.cpp:264] NN: cost=193.360783, feasible=true, active_stations=1
[2026-10-05 04:37:17.731] [info] [candidate.cpp:199] InstancePrecompute: built 25 candidates
[2026-10-05 04:37:17.731] [info] [stationary.cpp:264] NN: cost=13.335226, feasible=true, active_stations=1
[2026-10-05 04:37:17.731] [info] [candidate.cpp:199] InstancePrecompute: built 50 candidates
[2026-10-05 04:37:17.731] [info] [stationary.cpp:264] NN: cost=87.479085, feasible=true, active_stations=1
[2026-10-05 04:37:17.731] [info] [candidate.cpp:199] InstancePrecompute: built 25 candidates
[2026-10-05 04:37:17.731] [info] [stationary.cpp:264] NN: cost=374.719863, feasible=true, active_stations=1
[2026-10-05 04:37:17.731] [info] [candidate.cpp:199] InstancePrecompute: built 50 candidates
[2026-10-05 04:37:17.731] [info] [stationary.cpp:264] NN: cost=33.338066, feasible=true, active_stations=1
[2026-10-05 04:37:17.731] [info] [candidate.cpp:199] InstancePrecompute: built 25 candidates
[2026-10-05 04:37:17.731] [info] [stationary.cpp:264] NN: cost=13.335226, feasible=true, active_stations=1
[2026-10-05 04:37:17.731] [info] [candidate.cpp:199] InstancePrecompute: built 25 candidates
[2026-10-05 04:37:17.731] [info] [stationary.cpp:264] NN: cost=906.795397, feasible=true, active_stations=1
[2026-10-05 04:37:17.731] [info] [candidate.cpp:199] InstancePrecompute: built 25 candidates
[2026-10-05 04:37:17.731] [info] [stationary.cpp:264] NN: cost=169.890785, feasible=true, active_stations=1
[2026-10-05 04:37:17.731] [info] [candidate.cpp:199] InstancePrecompute: built 25 candidates
[2026-10-05 04:37:17.731] [info] [stationary.cpp:264] NN: cost=129.351696, feasible=true, active_stations=1
[2026-10-05 04:37:17.731] [info] [candidate.cpp:199] InstancePrecompute: built 25 candidates
[2026-10-05 04:37:17.731] [info] [stationary.cpp:264] NN: cost=365.385204, feasible=true, active_stations=1
[2026-10-05 04:37:17.731] [info] [candidate.cpp:199] InstancePrecompute: built 25 candidates
[2026-10-05 04:37:17.731] [info] [stationary.cpp:264] NN: cost=1598.360240, feasible=true, active_stations=1
[2026-10-05 04:37:17.731] [info] [candidate.cpp:199] InstancePrecompute: built 25 candidates
[2026-10-05 04:37:17.731] [info] [stationary.cpp:264] NN: cost=193.360783, feasible=true, active_stations=1
[2026-10-05 04:37:17.731] [info] [candidate.cpp:199] InstancePrecompute: built 25 candidates
[2026-10-05 04:37:17.731] [info] [stationary.cpp:264] NN: cost=13.335226, feasible=true, active_stations=1
[2026-10-05 04:37:17.731] [info] [candidate.cpp:199] InstancePrecompute: built 25 candidates
[2026-10-05 04:37:17.731] [info] [stationary.cpp:264] NN: cost=43.739543, feasible=true, active_stations=1
[2026-10-05 04:37:17.731] [info] [candidate.cpp:199] InstancePrecompute: built 25 candidates
[2026-10-05 04:37:17.731] [info] [stationary.cpp:264] NN: cost=87.479085, feasible=true, active_stations=1
[2026-10-05 04:37:17.731] [info] [candidate.cpp:199] InstancePrecompute: built 25 candidates
[2026-10-05 04:37:17.731] [info] [stationary.cpp:264] NN: cost=374.719863, feasible=true, active_stations=1
[2026-10-05 04:37:17.731] [info] [candidate.cpp:199] InstancePrecompute: built 50 candidates
[2026-10-05 04:37:17.731] [info] [stationary.cpp:264] NN: cost=33.338066, feasible=true, active_stations=1
[2026-10-05 04:37:17.731] [info] [candidate.cpp:199] InstancePrecompute: built 25 candidates
[2026-10-05 04:37:17.731] [info] [stationary.cpp:264] NN: cost=13.335226, feasible=true, active_stations=1
[2026-10-05 04:37:17.731] [info] [candidate.cpp:199] InstancePrecompute: built 25 candidates
[2026-10-05 04:37:17.731] [info] [stationary.cpp:264] NN: cost=906.795397, feasible=true, active_stations=1
[2026-10-05 04:37:17.731] [info] [candidate.cpp:199] InstancePrecompute: built 25 candidates
[2026-10-05 04:37:17.731] [info] [stationary.cpp:264] NN: cost=169.890785, feasible=true, active_stations=1
[2026-10-05 04:37:17.731] [info] [candidate.cpp:199] InstancePrecompute: built 25 candidates
[2026-10-05 04:37:17.731] [info] [stationary.cpp:264] NN: cost=129.351696, feasible=true, active_stations=1
[2026-10-05 04:37:17.731] [info] [candidate.cpp:199] InstancePrecompute: built 25 candidates
[2026-10-05 04:37:17.731] [info] [stationary.cpp:264] NN: cost=365.385204, feasible=true, active_stations=1
[2026-10-05 04:37:17.731] [info] [candidate.cpp:199] InstancePrecompute: built 25 candidates
[2026-10-05 04:37:17.731] [info] [stationary.cpp:264] NN: cost=1598.360240, feasible=true, active_stations=1
[2026-10-05 04:37:17.731] [info] [candidate.cpp:199] InstancePrecompute: built 25 candidates
[2026-10-05 04:37:17.731] [info] [stationary.cpp:264] NN: cost=193.360783, feasible=true, active_stations=1
[2026-10-05 04:37:17.731] [info] [candidate.cpp:199] InstancePrecompute: built 25 candidates
[2026-10-05 04:37:17.731] [info] [stationary.cpp:264] NN: cost=13.335226, feasible=true, active_stations=1
[2026-10-05 04:37:17.731] [info] [candidate.cpp:199] InstancePrecompute: built 25 candidates
[2026-10-05 04:37:17.731] [info] [stationary.cpp:264] NN: cost=43.739543, feasible=true, active_stations=1
[2026-10-05 04:37:17.731] [info] [candidate.cpp:199] InstancePrecompute: built 25 candidates
[2026-10-05 04:37:17.731] [info] [stationary.cpp:264] NN: cost=87.479085, feasible=true, active_stations=1
[2026-10-05 04:37:17.731] [info] [candidate.cpp:199] InstancePrecompute: built 25 candidates
[2026-10-05 04:37:17.731] [info] [stationary.cpp:264] NN: cost=374.719863, feasible=true, active_stations=1
[2026-10-05 04:37:17.731] [info] [candidate.cpp:199] InstancePrecompute: built 25 candidates
[2026-10-05 04:37:17.731] [info] [stationary.cpp:264] NN: cost=33.338066, feasible=true, active_stations=1
[2026-10-05 04:37:17.731] [info] [candidate.cpp:199] InstancePrecompute: built 25 candidates
[2026-10-05 04:37:17.731] [info] [stationary.cpp:264] NN: cost=19.469431, feasible=true, active_stations=1
[2026-10-05 04:37:17.731] [info] [candidate.cpp:199] InstancePrecompute: built 25 candidates
[2026-10-05 04:37:17.731] [info] [stationary.cpp:264] NN: cost=13.335226, feasible=true, active_stations=1
[2026-10-05 04:37:17.731] [info] [candidate.cpp:199] InstancePrecompute: built 25 candidates
[2026-10-05 04:37:17.731] [info] [stationary.cpp:264] NN: cost=906.795397, feasible=true, active_stations=1
[2026-10-05 04:37:17.731] [info] [candidate.cpp:199] InstancePrecompute: built 25 candidates
[2026-10-05 04:37:17.731] [info] [stationary.cpp:264] NN: cost=169.890785, feasible=true, active_stations=1
[2026-10-05 04:37:17.731] [info] [candidate.cpp:199] InstancePrecompute: built 25 candidates
[2026-10-05 04:37:17.731] [info] [stationary.cpp:264] NN: cost=129.351696, feasible=true, active_stations=1
[2026-10-05 04:37:17.731] [info] [candidate.cpp:199] InstancePrecompute: built 25 candidates
[2026-10-05 04:37:17.731] [info] [stationary.cpp:264] NN: cost=365.385204, feasible=true, active_stations=1
[2026-10-05 04:37:17.731] [info] [candidate.cpp:199] InstancePrecompute: built 25 candidates
[2026-10-05 04:37:17.731] [info] [stationary.cpp:264] NN: cost=1598.360240, feasible=true, active_stations=1
[2026-10-05 04:37:17.731] [info] [candidate.cpp:199] InstancePrecompute: built 25 candidates
[2026-10-05 04:37:17.731] [info] [stationary.cpp:264] NN: cost=193.360783, feasible=true, active_stations=1
[2026-10-05 04:37:17.731] [info] [candidate.cpp:199] InstancePrecompute: built 25 candidates
[2026-10-05 04:37:17.731] [info] [stationary.cpp:264] NN: cost=13.335226, feasible=true, active_stations=1
[2026-10-05 04:37:17.731] [info] [candidate.cpp:199] InstancePrecompute: built 25 candidates
[2026-10-05 04:37:17.731] [info] [stationary.cpp:264] NN: cost=43.739543, feasible=true, active_stations=1
[2026-10-05 04:37:17.731] [info] [candidate.cpp:199] InstancePrecompute: built 25 candidates
[2026-10-05 04:37:17.731] [info] [stationary.cpp:264] NN: cost=87.479085, feasible=true, active_stations=1
[2026-10-05 04:37:17.731] [info] [candidate.cpp:199] InstancePrecompute: built 25 candidates
[2026-10-05 04:37:17.731] [info] [stationary.cpp:264] NN: cost=374.719863, feasible=true, active_stations=1
[2026-10-05 04:37:17.731] [info] [candidate.cpp:199] InstancePrecompute: built 25 candidates
[2026-10-05 04:37:17.731] [info] [stationary.cpp:264] NN: cost=33.338066, feasible=true, active_stations=1
[2026-10-05 04:37:17.731] [info] [candidate.cpp:199] InstancePrecompute: built 25 candidates
[2026-10-05 04:37:17.731] [info] [stationary.cpp:264] NN: cost=19.469431, feasible=true, active_stations=1
[2026-10-05 04:37:17.731] [info] [candidate.cpp:199] InstancePrecompute: built 25 candidates
[2026-10-05 04:37:17.731] [info] [stationary.cpp:264] NN: cost=13.335226, feasible=true, active_stations=1
[2026-10-05 04:37:17.731] [info] [candidate.cpp:199] InstancePrecompute: built 25 candidates
[2026-10-05 04:37:17.731] [info] [stationary.cpp:264] NN: cost=906.795397, feasible=true, active_stations=1
[2026-10-05 04:37:17.731] [info] [candidate.cpp:199] InstancePrecompute: built 25 candidates
[2026-10-05 04:37:17.731] [info] [stationary.cpp:264] NN: cost=169.890785, feasible=true, active_stations=1
[2026-10-05 04:37:17.731] [info] [candidate.cpp:199] InstancePrecompute: built 25 candidates
[2026-10-05 04:37:17.731] [info] [stationary.cpp:264] NN: cost=129.351696, feasible=true, active_stations=1
[2026-10-05 04:37:17.731] [info] [candidate.cpp:199] InstancePrecompute: built 25 candidates
[2026-10-05 04:37:17.731] [info] [stationary.cpp:264] NN: cost=365.385204, feasible=true, active_stations=1
[2026-10-05 04:37:17.731] [info] [candidate.cpp:199] InstancePrecompute: built 25 candidates
[2026-10-05 04:37:17.731] [info] [stationary.cpp:264] NN: cost=1598.360240, feasible=true, active_stations=1
[2026-10-05 04:37:17.731] [info] [candidate.cpp:199] InstancePrecompute: built 25 candidates
[2026-10-05 04:37:17.731] [info] [stationary.cpp:264] NN: cost=193.360783, feasible=true, active_stations=1
[2026-10-05 04:37:17.731] [info] [candidate.cpp:199] InstancePrecompute: built 25 candidates
[2026-10-05 04:37:17.731] [info] [stationary.cpp:264] NN: cost=13.335226, feasible=true, active_stations=1
[2026-10-05 04:37:17.732] [info] [candidate.cpp:199] InstancePrecompute: built 50 candidates
[2026-10-05 04:37:17.732] [info] [stationary.cpp:264] NN: cost=87.479085, feasible=true, active_stations=1
[2026-10-05 04:37:17.732] [info] [candidate.cpp:199] InstancePrecompute: built 25 candidates
[2026-10-05 04:37:17.732] [info] [stationary.cpp:264] NN: cost=374.719863, feasible=true, active_stations=1
[2026-10-05 04:37:17.732] [info] [candidate.cpp:199] InstancePrecompute: built 25 candidates
[2026-10-05 04:37:17.732] [info] [stationary.cpp:264] NN: cost=33.338066, feasible=true, active_stations=1
[2026-10-05 04:37:17.732] [info] [candidate.cpp:199] InstancePrecompute: built 25 candidates
[2026-10-05 04:37:17.732] [info] [stationary.cpp:264] NN: cost=19.469431, feasible=true, active_stations=1
[2026-10-05 04:37:17.732] [info] [candidate.cpp:199] InstancePrecompute: built 25 candidates
[2026-10-05 04:37:17.732] [info] [stationary.cpp:264] NN: cost=13.335226, feasible=true, active_stations=1
[2026-10-05 04:37:17.732] [info] [candidate.cpp:199] InstancePrecompute: built 25 candidates
[2026-10-05 04:37:17.732] [info] [stationary.cpp:264] NN: cost=906.795397, feasible=true, active_stations=1
[2026-10-05 04:37:17.732] [info] [candidate.cpp:199] InstancePrecompute: built 25 candidates
[2026-10-05 04:37:17.732] [info] [stationary.cpp:264] NN: cost=169.890785, feasible=true, active_stations=1
[2026-10-05 04:37:17.732] [info] [candidate.cpp:199] InstancePrecompute: built 25 candidates
[2026-10-05 04:37:17.732] [info] [stationary.cpp:264] NN: cost=129.351696, feasible=true, active_stations=1
[2026-10-05 04:37:17.732] [info] [candidate.cpp:199] InstancePrecompute: built 25 candidates
[2026-10-05 04:37:17.732] [info] [stationary.cpp:264] NN: cost=365.385204, feasible=true, active_stations=1
[2026-10-05 04:37:17.732] [info] [candidate.cpp:199] InstancePrecompute: built 25 candidates
[2026-10-05 04:37:17.732] [info] [stationary.cpp:264] NN: cost=1598.360240, feasible=true, active_stations=1
[2026-10-05 04:37:17.732] [info] [candidate.cpp:199] InstancePrecompute: built 25 candidates
[2026-10-05 04:37:17.732] [info] [stationary.cpp:264] NN: cost=193.360783, feasible=true, active_stations=1
[2026-10-05 04:37:17.732] [info] [candidate.cpp:199] InstancePrecompute: built 25 candidates
[2026-10-05 04:37:17.732] [info] [stationary.cpp:264] NN: cost=13.335226, feasible=true, active_stations=1
[2026-10-05 04:37:17.732] [info] [candidate.cpp:199] InstancePrecompute: built 50 candidates
[2026-10-05 04:37:17.732] [info] [stationary.cpp:264] NN: cost=87.479085, feasible=true, active_stations=1
[2026-10-05 04:37:17.732] [info] [candidate.cpp:199] InstancePrecompute: built 25 candidates
[2026-10-05 04:37:17.732] [info] [stationary.cpp:264] NN: cost=374.719863, feasible=true, active_stations=1
[2026-10-05 04:37:17.732] [info] [candidate.cpp:199] InstancePrecompute: built 50 candidates
[2026-10-05 04:37:17.732] [info] [stationary.cpp:264] NN: cost=33.338066, feasible=true, active_stations=1
[2026-10-05 04:37:17.732] [info] [candidate.cpp:199] InstancePrecompute: built 25 candidates
[2026-10-05 04:37:17.732] [info] [stationary.cpp:264] NN: cost=13.335226, feasible=true, active_stations=1
[2026-10-05 04:37:17.732] [info] [candidate.cpp:199] InstancePrecompute: built 25 candidates
[2026-10-05 04:37:17.732] [info] [stationary.cpp:264] NN: cost=906.795397, feasible=true, active_stations=1
[2026-10-05 04:37:17.732] [info] [candidate.cpp:199] InstancePrecompute: built 25 candidates
[2026-10-05 04:37:17.732] [info] [stationary.cpp:264] NN: cost=169.890785, feasible=true, active_stations=1
[2026-10-05 04:37:17.732] [info] [candidate.cpp:199] InstancePrecompute: built 25 candidates
[2026-10-05 04:37:17.732] [info] [stationary.cpp:264] NN: cost=129.351696, feasible=true, active_stations=1
[2026-10-05 04:37:17.732] [info] [candidate.cpp:199] InstancePrecompute: built 25 candidates
[2026-10-05 04:37:17.732] [info] [stationary.cpp:264] NN: cost=365.385204, feasible=true, active_stations=1
[2026-10-05 04:37:17.732] [info] [candidate.cpp:199] InstancePrecompute: built 25 candidates
[2026-10-05 04:37:17.732] [info] [stationary.cpp:264] NN: cost=1598.360240, feasible=true, active_stations=1
[2026-10-05 04:37:17.732] [info] [candidate.cpp:199] InstancePrecompute: built 25 candidates
[2026-10-05 04:37:17.732] [info] [stationary.cpp:264] NN: cost=193.360783, feasible=true, active_stations=1
[2026-10-05 04:37:17.732] [info] [candidate.cpp:199] InstancePrecompute: built 25 candidates
[2026-10-05 04:37:17.732] [info] [stationary.cpp:264] NN: cost=13.335226, feasible=true, active_stations=1
[2026-10-05 04:37:17.732] [info] [candidate.cpp:199] InstancePrecompute: built 50 candidates
[2026-10-05 04:37:17.732] [info] [stationary.cpp:264] NN: cost=87.479085, feasible=true, active_stations=1
[2026-10-05 04:37:17.732] [info] [candidate.cpp:199] InstancePrecompute: built 25 candidates
[2026-10-05 04:37:17.732] [info] [stationary.cpp:264] NN: cost=374.719863, feasible=true, active_stations=1
[2026-10-05 04:37:17.732] [info] [candidate.cpp:199] InstancePrecompute: built 50 candidates
[2026-10-05 04:37:17.732] [info] [stationary.cpp:264] NN: cost=33.338066, feasible=true, active_stations=1
[2026-10-05 04:37:17.732] [info] [candidate.cpp:199] InstancePrecompute: built 25 candidates
[2026-10-05 04:37:17.732] [info] [stationary.cpp:264] NN: cost=13.335226, feasible=true, active_stations=1
[2026-10-05 04:37:17.732] [info] [candidate.cpp:199] InstancePrecompute: built 25 candidates
[2026-10-05 04:37:17.732] [info] [stationary.cpp:264] NN: cost=906.795397, feasible=true, active_stations=1
[2026-10-05 04:37:17.732] [info] [candidate.cpp:199] InstancePrecompute: built 25 candidates
[2026-10-05 04:37:17.732] [info] [stationary.cpp:264] NN: cost=169.890785, feasible=true, active_stations=1
[2026-10-05 04:37:17.732] [info] [candidate.cpp:199] InstancePrecompute: built 25 candidates
[2026-10-05 04:37:17.732] [info] [stationary.cpp:264] NN: cost=129.351696, feasible=true, active_stations=1
[2026-10-05 04:37:17.732] [info] [candidate.cpp:199] InstancePrecompute: built 25 candidates
[2026-10-05 04:37:17.732] [info] [stationary.cpp:264] NN: cost=365.385204, feasible=true, active_stations=1
[2026-10-05 04:37:17.732] [info] [candidate.cpp:199] InstancePrecompute: built 25 candidates
[2026-10-05 04:37:17.732] [info] [stationary.cpp:264] NN: cost=1598.360240, feasible=true, active_stations=1
[2026-10-05 04:37:17.732] [info] [candidate.cpp:199] InstancePrecompute: built 25 candidates
[2026-10-05 04:37:17.732] [info] [stationary.cpp:264] NN: cost=193.360783, feasible=true, active_stations=1
[2026-10-05 04:37:17.732] [info] [candidate.cpp:199] InstancePrecompute: built 25 candidates
[2026-10-05 04:37:17.732] [info] [stationary.cpp:264] NN: cost=13.335226, feasible=true, active_stations=1
[2026-10-05 04:37:17.732] [info] [candidate.cpp:199] InstancePrecompute: built 50 candidates
[2026-10-05 04:37:17.732] [info] [stationary.cpp:264] NN: cost=87.479085, feasible=true, active_stations=1
[2026-10-05 04:37:17.732] [info] [candidate.cpp:199] InstancePrecompute: built 25 candidates
[2026-10-05 04:37:17.732] [info] [stationary.cpp:264] NN: cost=374.719863, feasible=true, active_stations=1
[2026-10-05 04:37:17.732] [info] [candidate.cpp:199] InstancePrecompute: built 50 candidates
[2026-10-05 04:37:17.732] [info] [stationary.cpp:264] NN: cost=33.338066, feasible=true, active_stations=1
[2026-10-05 04:37:17.732] [info] [candidate.cpp:199] InstancePrecompute: built 25 candidates
[2026-10-05 04:37:17.732] [info] [stationary.cpp:264] NN: cost=13.335226, feasible=true, active_stations=1
[2026-10-05 04:37:17.732] [info] [candidate.cpp:199] InstancePrecompute: built 25 candidates
[2026-10-05 04:37:17.732] [info] [stationary.cpp:264] NN: cost=906.795397, feasible=true, active_stations=1
[2026-10-05 04:37:17.732] [info] [candidate.cpp:199] InstancePrecompute: built 25 candidates
[2026-10-05 04:37:17.732] [info] [stationary.cpp:264] NN: cost=169.890785, feasible=true, active_stations=1
[2026-10-05 04:37:17.732] [info] [candidate.cpp:199] InstancePrecompute: built 25 candidates
[2026-10-05 04:37:17.732] [info] [stationary.cpp:264] NN: cost=129.351696, feasible=true, active_stations=1
[2026-10-05 04:37:17.732] [info] [candidate.cpp:199] InstancePrecompute: built 25 candidates
[2026-10-05 04:37:17.732] [info] [stationary.cpp:264] NN: cost=365.385204, feasible=true, active_stations=1
[2026-10-05 04:37:17.732] [info] [candidate.cpp:199] InstancePrecompute: built 25 candidates
[2026-10-05 04:37:17.732] [info] [stationary.cpp:264] NN: cost=1598.360240, feasible=true, active_stations=1
[2026-10-05 04:37:17.732] [info] [candidate.cpp:199] InstancePrecompute: built 25 candidates
[2026-10-05 04:37:17.732] [info] [stationary.cpp:264] NN: cost=193.360783, feasible=true, active_stations=1
[2026-10-05 04:37:17.732] [info] [candidate.cpp:199] InstancePrecompute: built 25 candidates
[2026-10-05 04:37:17.732] [info] [stationary.cpp:264] NN: cost=13.335226, feasible=true, active_stations=1
[2026-10-05 04:37:17.732] [info] [candidate.cpp:199] InstancePrecompute: built 25 candidates
[2026-10-05 04:37:17.732] [info] [stationary.cpp:264] NN: cost=43.739543, feasible=true, active_stations=1
[2026-10-05 04:37:17.732] [info] [candidate.cpp:199] InstancePrecompute: built 25 candidates
[2026-10-05 04:37:17.732] [info] [stationary.cpp:264] NN: cost=87.479085, feasible=true, active_stations=1
[2026-10-05 04:37:17.732] [info] [candidate.cpp:199] InstancePrecompute: built 25 candidates
[2026-10-05 04:37:17.732] [info] [stationary.cpp:264] NN: cost=374.719863, feasible=true, active_stations=1
[2026-10-05 04:37:17.732] [info] [candidate.cpp:199] InstancePrecompute: built 50 candidates
[2026-10-05 04:37:17.732] [info] [stationary.cpp:264] NN: cost=33.338066, feasible=true, active_stations=1
[2026-10-05 04:37:17.732] [info] [candidate.cpp:199] InstancePrecompute: built 25 candidates
[2026-10-05 04:37:17.732] [info] [stationary.cpp:264] NN: cost=13.335226, feasible=true, active_stations=1
[2026-10-05 04:37:17.732] [info] [candidate.cpp:199] InstancePrecompute: built 25 candidates
[2026-10-05 04:37:17.732] [info] [stationary.cpp:264] NN: cost=906.795397, feasible=true, active_stations=1
[2026-10-05 04:37:17.732] [info] [candidate.cpp:199] InstancePrecompute: built 25 candidates
[2026-10-05 04:37:17.732] [info] [stationary.cpp:264] NN: cost=169.890785, feasible=true, active_stations=1
[2026-10-05 04:37:17.732] [info] [candidate.cpp:199] InstancePrecompute: built 25 candidates
[2026-10-05 04:37:17.732] [info] [stationary.cpp:264] NN: cost=129.351696, feasible=true, active_stations=1
[2026-10-05 04:37:17.732] [info] [candidate.cpp:199] InstancePrecompute: built 25 candidates
[2026-10-05 04:37:17.732] [info] [stationary.cpp:264] NN: cost=365.385204, feasible=true, active_stations=1
[2026-10-05 04:37:17.732] [info] [candidate.cpp:199] InstancePrecompute: built 25 candidates
[2026-10-05 04:37:17.732] [info] [stationary.cpp:264] NN: cost=1598.360240, feasible=true, active_stations=1
[2026-10-05 04:37:17.732] [info] [candidate.cpp:199] InstancePrecompute: built 25 candidates
[2026-10-05 04:37:17.732] [info] [stationary.cpp:264] NN: cost=193.360783, feasible=true, active_stations=1
[2026-10-05 04:37:17.732] [info] [candidate.cpp:199] InstancePrecompute: built 25 candidates
[2026-10-05 04:37:17.732] [info] [stationary.cpp:264] NN: cost=13.335226, feasible=true, active_stations=1
[2026-10-05 04:37:17.732] [info] [candidate.cpp:199] InstancePrecompute: built 25 candidates
[2026-10-05 04:37:17.732] [info] [stationary.cpp:264] NN: cost=43.739543, feasible=true, active_stations=1
[2026-10-05 04:37:17.732] [info] [candidate.cpp:199] InstancePrecompute: built 25 candidates
[2026-10-05 04:37:17.732] [info] [stationary.cpp:264] NN: cost=87.479085, feasible=true, active_stations=1
[2026-10-05 04:37:17.732] [info] [candidate.cpp:199] InstancePrecompute: built 25 candidates
[2026-10-05 04:37:17.732] [info] [stationary.cpp:264] NN: cost=374.719863, feasible=true, active_stations=1
[2026-10-05 04:37:17.732] [info] [candidate.cpp:199] InstancePrecompute: built 25 candidates
[2026-10-05 04:37:17.732] [info] [stationary.cpp:264] NN: cost=33.338066, feasible=true, active_stations=1
[2026-10-05 04:37:17.732] [info] [candidate.cpp:199] InstancePrecompute: built 25 candidates
[2026-10-05 04:37:17.732] [info] [stationary.cpp:264] NN: cost=19.469431, feasible=true, active_stations=1
[2026-10-05 04:37:17.732] [info] [candidate.cpp:199] InstancePrecompute: built 25 candidates
[2026-10-05 04:37:17.732] [info] [stationary.cpp:264] NN: cost=13.335226, feasible=true, active_stations=1
[2026-10-05 04:37:17.732] [info] [candidate.cpp:199] InstancePrecompute: built 25 candidates
[2026-10-05 04:37:17.732] [info] [stationary.cpp:264] NN: cost=906.795397, feasible=true, active_stations=1
[2026-10-05 04:37:17.732] [info] [candidate.cpp:199] InstancePrecompute: built 25 candidates
[2026-10-05 04:37:17.732] [info] [stationary.cpp:264] NN: cost=169.890785, feasible=true, active_stations=1
[2026-10-05 04:37:17.732] [info] [candidate.cpp:199] InstancePrecompute: built 25 candidates
[2026-10-05 04:37:17.732] [info] [stationary.cpp:264] NN: cost=129.351696, feasible=true, active_stations=1
[2026-10-05 04:37:17.732] [info] [candidate.cpp:199] InstancePrecompute: built 25 candidates
[2026-10-05 04:37:17.732] [info] [stationary.cpp:264] NN: cost=365.385204, feasible=true, active_stations=1
[2026-10-05 04:37:17.732] [info] [candidate.cpp:199] InstancePrecompute: built 25 candidates
[2026-10-05 04:37:17.732] [info] [stationary.cpp:264] NN: cost=1598.360240, feasible=true, active_stations=1
[2026-10-05 04:37:17.732] [info] [candidate.cpp:199] InstancePrecompute: built 25 candidates
[2026-10-05 04:37:17.732] [info] [stationary.cpp:264] NN: cost=193.360783, feasible=true, active_stations=1
[2026-10-05 04:37:17.732] [info] [candidate.cpp:199] InstancePrecompute: built 25 candidates
[2026-10-05 04:37:17.732] [info] [stationary.cpp:264] NN: cost=13.335226, feasible=true, active_stations=1
[2026-10-05 04:37:17.732] [info] [candidate.cpp:199] InstancePrecompute: built 25 candidates
[2026-10-05 04:37:17.732] [info] [stationary.cpp:264] NN: cost=43.739543, feasible=true, active_stations=1
[2026-10-05 04:37:17.732] [info] [candidate.cpp:199] InstancePrecompute: built 25 candidates
[2026-10-05 04:37:17.732] [info] [stationary.cpp:264] NN: cost=87.479085, feasible=true, active_stations=1
[2026-10-05 04:37:17.732] [info] [candidate.cpp:199] InstancePrecompute: built 25 candidates
[2026-10-05 04:37:17.732] [info] [stationary.cpp:264] NN: cost=374.719863, feasible=true, active_stations=1
[2026-10-05 04:37:17.732] [info] [candidate.cpp:199] InstancePrecompute: built 25 candidates
[2026-10-05 04:37:17.732] [info] [stationary.cpp:264] NN: cost=33.338066, feasible=true, active_stations=1
[2026-10-05 04:37:17.732] [info] [candidate.cpp:199] InstancePrecompute: built 25 candidates
[2026-10-05 04:37:17.732] [info] [stationary.cpp:264] NN: cost=19.469431, feasible=true, active_stations=1
[2026-10-05 04:37:17.732] [info] [candidate.cpp:199] InstancePrecompute: built 25 candidates
[2026-10-05 04:37:17.732] [info] [stationary.cpp:264] NN: cost=13.335226, feasible=true, active_stations=1
[2026-10-05 04:37:17.732] [info] [candidate.cpp:199] InstancePrecompute: built 25 candidates
[2026-10-05 04:37:17.732] [info] [stationary.cpp:264] NN: cost=906.795397, feasible=true, active_stations=1
[2026-10-05 04:37:17.732] [info] [candidate.cpp:199] InstancePrecompute: built 25 candidates
[2026-10-05 04:37:17.732] [info] [stationary.cpp:264] NN: cost=169.890785, feasible=true, active_stations=1
[2026-10-05 04:37:17.732] [info] [candidate.cpp:199] InstancePrecompute: built 25 candidates
[2026-10-05 04:37:17.732] [info] [stationary.cpp:264] NN: cost=129.351696, feasible=true, active_stations=1
[2026-10-05 04:37:17.732] [info] [candidate.cpp:199] InstancePrecompute: built 25 candidates
[2026-10-05 04:37:17.732] [info] [stationary.cpp:264] NN: cost=365.385204, feasible=true, active_stations=1
[2026-10-05 04:37:17.732] [info] [candidate.cpp:199] InstancePrecompute: built 25 candidates
[2026-10-05 04:37:17.732] [info] [stationary.cpp:264] NN: cost=1598.360240, feasible=true, active_stations=1
[2026-10-05 04:37:17.732] [info] [candidate.cpp:199] InstancePrecompute: built 25 candidates
[2026-10-05 04:37:17.732] [info] [stationary.cpp:264] NN: cost=193.360783, feasible=true, active_stations=1
[2026-10-05 04:37:17.732] [info] [candidate.cpp:199] InstancePrecompute: built 25 candidates
[2026-10-05 04:37:17.732] [info] [stationary.cpp:264] NN: cost=13.335226, feasible=true, active_stations=1
[2026-10-05 04:37:17.732] [info] [candidate.cpp:199] InstancePrecompute: built 50 candidates
[2026-10-05 04:37:17.732] [info] [stationary.cpp:264] NN: cost=87.479085, feasible=true, active_stations=1
[2026-10-05 04:37:17.732] [info] [candidate.cpp:199] InstancePrecompute: built 25 candidates
[2026-10-05 04:37:17.732] [info] [stationary.cpp:264] NN: cost=374.719863, feasible=true, active_stations=1
[2026-10-05 04:37:17.732] [info] [candidate.cpp:199] InstancePrecompute: built 25 candidates
[2026-10-05 04:37:17.732] [info] [stationary.cpp:264] NN: cost=33.338066, feasible=true, active_stations=1
[2026-10-05 04:37:17.732] [info] [candidate.cpp:199] InstancePrecompute: built 25 candidates
[2026-10-05 04:37:17.732] [info] [stationary.cpp:264] NN: cost=19.469431, feasible=true, active_stations=1
[2026-10-05 04:37:17.732] [info] [candidate.cpp:199] InstancePrecompute: built 25 candidates
[2026-10-05 04:37:17.732] [info] [stationary.cpp:264] NN: cost=13.335226, feasible=true, active_stations=1
[2026-10-05 04:37:17.732] [info] [candidate.cpp:199] InstancePrecompute: built 25 candidates
[2026-10-05 04:37:17.732] [info] [stationary.cpp:264] NN: cost=906.795397, feasible=true, active_stations=1
[2026-10-05 04:37:17.732] [info] [candidate.cpp:199] InstancePrecompute: built 25 candidates
[2026-10-05 04:37:17.732] [info] [stationary.cpp:264] NN: cost=169.890785, feasible=true, active_stations=1
[2026-10-05 04:37:17.732] [info] [candidate.cpp:199] InstancePrecompute: built 25 candidates
[2026-10-05 04:37:17.732] [info] [stationary.cpp:264] NN: cost=129.351696, feasible=true, active_stations=1
[2026-10-05 04:37:17.732] [info] [candidate.cpp:199] InstancePrecompute: built 25 candidates
[2026-10-05 04:37:17.732] [info] [stationary.cpp:264] NN: cost=365.385204, feasible=true, active_stations=1
[2026-10-05 04:37:17.732] [info] [candidate.cpp:199] InstancePrecompute: built 25 candidates
[2026-10-05 04:37:17.732] [info] [stationary.cpp:264] NN: cost=1598.360240, feasible=true, active_stations=1
[2026-10-05 04:37:17.732] [info] [candidate.cpp:199] InstancePrecompute: built 25 candidates
[2026-10-05 04:37:17.732] [info] [stationary.cpp:264] NN: cost=193.360783, feasible=true, active_stations=1
[2026-10-05 04:37:17.732] [info] [candidate.cpp:199] InstancePrecompute: built 25 candidates
[2026-10-05 04:37:17.732] [info] [stationary.cpp:264] NN: cost=13.335226, feasible=true, active_stations=1
[2026-10-05 04:37:17.732] [info] [candidate.cpp:199] InstancePrecompute: built 25 candidates
[2026-10-05 04:37:17.732] [info] [stationary.cpp:264] NN: cost=87.479085, feasible=true, active_stations=1
[2026-10-05 04:37:17.732] [info] [candidate.cpp:199] InstancePrecompute: built 25 candidates
[2026-10-05 04:37:17.732] [info] [stationary.cpp:264] NN: cost=374.719863, feasible=true, active_stations=1
[2026-10-05 04:37:17.732] [info] [candidate.cpp:199] InstancePrecompute: built 75 candidates
[2026-10-05 04:37:17.732] [info] [stationary.cpp:264] NN: cost=77.077609, feasible=true, active_stations=2
[2026-10-05 04:37:17.732] [info] [candidate.cpp:199] InstancePrecompute: built 25 candidates
[2026-10-05 04:37:17.732] [info] [stationary.cpp:264] NN: cost=13.335226, feasible=true, active_stations=1
[2026-10-05 04:37:17.732] [info] [candidate.cpp:199] InstancePrecompute: built 25 candidates
[2026-10-05 04:37:17.732] [info] [stationary.cpp:264] NN: cost=906.795397, feasible=true, active_stations=1
[2026-10-05 04:37:17.732] [info] [candidate.cpp:199] InstancePrecompute: built 25 candidates
[2026-10-05 04:37:17.732] [info] [stationary.cpp:264] NN: cost=169.890785, feasible=true, active_stations=1
[2026-10-05 04:37:17.732] [info] [candidate.cpp:199] InstancePrecompute: built 25 candidates
[2026-10-05 04:37:17.732] [info] [stationary.cpp:264] NN: cost=129.351696, feasible=true, active_stations=1
[2026-10-05 04:37:17.732] [info] [candidate.cpp:199] InstancePrecompute: built 25 candidates
[2026-10-05 04:37:17.732] [info] [stationary.cpp:264] NN: cost=365.385204, feasible=true, active_stations=1
[2026-10-05 04:37:17.732] [info] [candidate.cpp:199] InstancePrecompute: built 25 candidates
[2026-10-05 04:37:17.732] [info] [stationary.cpp:264] NN: cost=1598.360240, feasible=true, active_stations=1
[2026-10-05 04:37:17.732] [info] [candidate.cpp:199] InstancePrecompute: built 25 candidates
[2026-10-05 04:37:17.732] [info] [stationary.cpp:264] NN: cost=193.360783, feasible=true, active_stations=1
[2026-10-05 04:37:17.732] [info] [candidate.cpp:199] InstancePrecompute: built 25 candidates
[2026-10-05 04:37:17.732] [info] [stationary.cpp:264] NN: cost=13.335226, feasible=true, active_stations=1
[2026-10-05 04:37:17.732] [info] [candidate.cpp:199] InstancePrecompute: built 25 candidates
[2026-10-05 04:37:17.732] [info] [stationary.cpp:264] NN: cost=87.479085, feasible=true, active_stations=1
[2026-10-05 04:37:17.732] [info] [candidate.cpp:199] InstancePrecompute: built 25 candidates
[2026-10-05 04:37:17.732] [info] [stationary.cpp:264] NN: cost=374.719863, feasible=true, active_stations=1
[2026-10-05 04:37:17.732] [info] [candidate.cpp:199] InstancePrecompute: built 75 candidates
[2026-10-05 04:37:17.732] [info] [stationary.cpp:264] NN: cost=77.077609, feasible=true, active_stations=2
[2026-10-05 04:37:17.732] [info] [candidate.cpp:199] InstancePrecompute: built 25 candidates
[2026-10-05 04:37:17.732] [info] [stationary.cpp:264] NN: cost=13.335226, feasible=true, active_stations=1
[2026-10-05 04:37:17.732] [info] [candidate.cpp:199] InstancePrecompute: built 25 candidates
[2026-10-05 04:37:17.732] [info] [stationary.cpp:264] NN: cost=906.795397, feasible=true, active_stations=1
[2026-10-05 04:37:17.732] [info] [candidate.cpp:199] InstancePrecompute: built 25 candidates
[2026-10-05 04:37:17.732] [info] [stationary.cpp:264] NN: cost=169.890785, feasible=true, active_stations=1
[2026-10-05 04:37:17.732] [info] [candidate.cpp:199] InstancePrecompute: built 25 candidates
[2026-10-05 04:37:17.732] [info] [stationary.cpp:264] NN: cost=129.351696, feasible=true, active_stations=1
[2026-10-05 04:37:17.732] [info] [candidate.cpp:199] InstancePrecompute: built 25 candidates
[2026-10-05 04:37:17.732] [info] [stationary.cpp:264] NN: cost=365.385204, feasible=true, active_stations=1
[2026-10-05 04:37:17.732] [info] [candidate.cpp:199] InstancePrecompute: built 25 candidates
[2026-10-05 04:37:17.732] [info] [stationary.cpp:264] NN: cost=1598.360240, feasible=true, active_stations=1
[2026-10-05 04:37:17.732] [info] [candidate.cpp:199] InstancePrecompute: built 25 candidates
[2026-10-05 04:37:17.732] [info] [stationary.cpp:264] NN: cost=193.360783, feasible=true, active_stations=1
[2026-10-05 04:37:17.732] [info] [candidate.cpp:199] InstancePrecompute: built 25 candidates
[2026-10-05 04:37:17.732] [info] [stationary.cpp:264] NN: cost=13.335226, feasible=true, active_stations=1
[2026-10-05 04:37:17.732] [info] [candidate.cpp:199] InstancePrecompute: built 25 candidates
[2026-10-05 04:37:17.732] [info] [stationary.cpp:264] NN: cost=87.479085, feasible=true, active_stations=1
[2026-10-05 04:37:17.732] [info] [candidate.cpp:199] InstancePrecompute: built 25 candidates
[2026-10-05 04:37:17.732] [info] [stationary.cpp:264] NN: cost=374.719863, feasible=true, active_stations=1
[2026-10-05 04:37:17.732] [info] [candidate.cpp:199] InstancePrecompute: built 75 candidates
[2026-10-05 04:37:17.732] [info] [stationary.cpp:264] NN: cost=77.077609, feasible=true, active_stations=2
[2026-10-05 04:37:17.732] [info] [candidate.cpp:199] InstancePrecompute: built 25 candidates
[2026-10-05 04:37:17.732] [info] [stationary.cpp:264] NN: cost=13.335226, feasible=true, active_stations=1
[2026-10-05 04:37:17.732] [info] [candidate.cpp:199] InstancePrecompute: built 25 candidates
[2026-10-05 04:37:17.732] [info] [stationary.cpp:264] NN: cost=906.795397, feasible=true, active_stations=1
[2026-10-05 04:37:17.732] [info] [candidate.cpp:199] InstancePrecompute: built 25 candidates
[2026-10-05 04:37:17.732] [info] [stationary.cpp:264] NN: cost=169.890785, feasible=true, active_stations=1
[2026-10-05 04:37:17.732] [info] [candidate.cpp:199] InstancePrecompute: built 25 candidates
[2026-10-05 04:37:17.732] [info] [stationary.cpp:264] NN: cost=129.351696, feasible=true, active_stations=1
[2026-10-05 04:37:17.732] [info] [candidate.cpp:199] InstancePrecompute: built 25 candidates
[2026-10-05 04:37:17.732] [info] [stationary.cpp:264] NN: cost=365.385204, feasible=true, active_stations=1
[2026-10-05 04:37:17.732] [info] [candidate.cpp:199] InstancePrecompute: built 25 candidates
[2026-10-05 04:37:17.732] [info] [stationary.cpp:264] NN: cost=1598.360240, feasible=true, active_stations=1
[2026-10-05 04:37:17.732] [info] [candidate.cpp:199] InstancePrecompute: built 25 candidates
[2026-10-05 04:37:17.732] [info] [stationary.cpp:264] NN: cost=193.360783, feasible=true, active_stations=1
[2026-10-05 04:37:17.732] [info] [candidate.cpp:199] InstancePrecompute: built 25 candidates
[2026-10-05 04:37:17.732] [info] [stationary.cpp:264] NN: cost=13.335226, feasible=true, active_stations=1
[2026-10-05 04:37:17.732] [info] [candidate.cpp:199] InstancePrecompute: built 25 candidates
[2026-10-05 04:37:17.732] [info] [stationary.cpp:264] NN: cost=87.479085, feasible=true, active_stations=1
[2026-10-05 04:37:17.732] [info] [candidate.cpp:199] InstancePrecompute: built 25 candidates
[2026-10-05 04:37:17.732] [info] [stationary.cpp:264] NN: cost=374.719863, feasible=true, active_stations=1
[2026-10-05 04:37:17.732] [info] [candidate.cpp:199] InstancePrecompute: built 75 candidates
[2026-10-05 04:37:17.732] [info] [stationary.cpp:264] NN: cost=77.077609, feasible=true, active_stations=2
[2026-10-05 04:37:17.732] [info] [candidate.cpp:199] InstancePrecompute: built 25 candidates
[2026-10-05 04:37:17.732] [info] [stationary.cpp:264] NN: cost=13.335226, feasible=true, active_stations=1
[2026-10-05 04:37:17.732] [info] [candidate.cpp:199] InstancePrecompute: built 25 candidates
[2026-10-05 04:37:17.732] [info] [stationary.cpp:264] NN: cost=906.795397, feasible=true, active_stations=1
[2026-10-05 04:37:17.732] [info] [candidate.cpp:199] InstancePrecompute: built 25 candidates
[2026-10-05 04:37:17.732] [info] [stationary.cpp:264] NN: cost=169.890785, feasible=true, active_stations=1
[2026-10-05 04:37:17.732] [info] [candidate.cpp:199] InstancePrecompute: built 25 candidates
[2026-10-05 04:37:17.732] [info] [stationary.cpp:264] NN: cost=129.351696, feasible=true, active_stations=1
[2026-10-05 04:37:17.732] [info] [candidate.cpp:199] InstancePrecompute: built 25 candidates
[2026-10-05 04:37:17.732] [info] [stationary.cpp:264] NN: cost=365.385204, feasible=true, active_stations=1
[2026-10-05 04:37:17.732] [info] [candidate.cpp:199] InstancePrecompute: built 25 candidates
[2026-10-05 04:37:17.732] [info] [stationary.cpp:264] NN: cost=1598.360240, feasible=true, active_stations=1
[2026-10-05 04:37:17.732] [info] [candidate.cpp:199] InstancePrecompute: built 25 candidates
[2026-10-05 04:37:17.732] [info] [stationary.cpp:264] NN: cost=193.360783, feasible=true, active_stations=1
[2026-10-05 04:37:17.732] [info] [candidate.cpp:199] InstancePrecompute: built 25 candidates
[2026-10-05 04:37:17.732] [info] [stationary.cpp:264] NN: cost=13.335226, feasible=true, active_stations=1
[2026-10-05 04:37:17.733] [info] [candidate.cpp:199] InstancePrecompute: built 25 candidates
[2026-10-05 04:37:17.733] [info] [stationary.cpp:264] NN: cost=87.479085, feasible=true, active_stations=1
[2026-10-05 04:37:17.733] [info] [candidate.cpp:199] InstancePrecompute: built 25 candidates
[2026-10-05 04:37:17.733] [info] [stationary.cpp:264] NN: cost=374.719863, feasible=true, active_stations=1
[2026-10-05 04:37:17.733] [info] [candidate.cpp:199] InstancePrecompute: built 50 candidates
[2026-10-05 04:37:17.733] [info] [stationary.cpp:264] NN: cost=77.077609, feasible=true, active_stations=2
[2026-10-05 04:37:17.733] [info] [candidate.cpp:199] InstancePrecompute: built 25 candidates
[2026-10-05 04:37:17.733] [info] [stationary.cpp:264] NN: cost=19.469431, feasible=true, active_stations=1
[2026-10-05 04:37:17.733] [info] [candidate.cpp:199] InstancePrecompute: built 25 candidates
[2026-10-05 04:37:17.733] [info] [stationary.cpp:264] NN: cost=13.335226, feasible=true, active_stations=1
[2026-10-05 04:37:17.733] [info] [candidate.cpp:199] InstancePrecompute: built 25 candidates
[2026-10-05 04:37:17.733] [info] [stationary.cpp:264] NN: cost=906.795397, feasible=true, active_stations=1
[2026-10-05 04:37:17.733] [info] [candidate.cpp:199] InstancePrecompute: built 25 candidates
[2026-10-05 04:37:17.733] [info] [stationary.cpp:264] NN: cost=169.890785, feasible=true, active_stations=1
[2026-10-05 04:37:17.733] [info] [candidate.cpp:199] InstancePrecompute: built 25 candidates
[2026-10-05 04:37:17.733] [info] [stationary.cpp:264] NN: cost=129.351696, feasible=true, active_stations=1
[2026-10-05 04:37:17.733] [info] [candidate.cpp:199] InstancePrecompute: built 25 candidates
[2026-10-05 04:37:17.733] [info] [stationary.cpp:264] NN: cost=365.385204, feasible=true, active_stations=1
[2026-10-05 04:37:17.733] [info] [candidate.cpp:199] InstancePrecompute: built 25 candidates
[2026-10-05 04:37:17.733] [info] [stationary.cpp:264] NN: cost=1598.360240, feasible=true, active_stations=1
[2026-10-05 04:37:17.733] [info] [candidate.cpp:199] InstancePrecompute: built 25 candidates
[2026-10-05 04:37:17.733] [info] [stationary.cpp:264] NN: cost=193.360783, feasible=true, active_stations=1
[2026-10-05 04:37:17.733] [info] [candidate.cpp:199] InstancePrecompute: built 25 candidates
[2026-10-05 04:37:17.733] [info] [stationary.cpp:264] NN: cost=13.335226, feasible=true, active_stations=1
[2026-10-05 04:37:17.733] [info] [candidate.cpp:199] InstancePrecompute: built 25 candidates
[2026-10-05 04:37:17.733] [info] [stationary.cpp:264] NN: cost=87.479085, feasible=true, active_stations=1
[2026-10-05 04:37:17.733] [info] [candidate.cpp:199] InstancePrecompute: built 25 candidates
[2026-10-05 04:37:17.733] [info] [stationary.cpp:264] NN: cost=374.719863, feasible=true, active_stations=1
[2026-10-05 04:37:17.733] [info] [candidate.cpp:199] InstancePrecompute: built 50 candidates
[2026-10-05 04:37:17.733] [info] [stationary.cpp:264] NN: cost=77.077609, feasible=true, active_stations=2
[2026-10-05 04:37:17.733] [info] [candidate.cpp:199] InstancePrecompute: built 25 candidates
[2026-10-05 04:37:17.733] [info] [stationary.cpp:264] NN: cost=19.469431, feasible=true, active_stations=1
[2026-10-05 04:37:17.733] [info] [candidate.cpp:199] InstancePrecompute: built 25 candidates
[2026-10-05 04:37:17.733] [info] [stationary.cpp:264] NN: cost=13.335226, feasible=true, active_stations=1
[2026-10-05 04:37:17.733] [info] [candidate.cpp:199] InstancePrecompute: built 25 candidates
[2026-10-05 04:37:17.733] [info] [stationary.cpp:264] NN: cost=906.795397, feasible=true, active_stations=1
[2026-10-05 04:37:17.733] [info] [candidate.cpp:199] InstancePrecompute: built 25 candidates
[2026-10-05 04:37:17.733] [info] [stationary.cpp:264] NN: cost=169.890785, feasible=true, active_stations=1
[2026-10-05 04:37:17.733] [info] [candidate.cpp:199] InstancePrecompute: built 25 candidates
[2026-10-05 04:37:17.733] [info] [stationary.cpp:264] NN: cost=129.351696, feasible=true, active_stations=1
[2026-10-05 04:37:17.733] [info] [candidate.cpp:199] InstancePrecompute: built 25 candidates
[2026-10-05 04:37:17.733] [info] [stationary.cpp:264] NN: cost=365.385204, feasible=true, active_stations=1
[2026-10-05 04:37:17.733] [info] [candidate.cpp:199] InstancePrecompute: built 25 candidates
[2026-10-05 04:37:17.733] [info] [stationary.cpp:264] NN: cost=1598.360240, feasible=true, active_stations=1
[2026-10-05 04:37:17.733] [info] [candidate.cpp:199] InstancePrecompute: built 25 candidates
[2026-10-05 04:37:17.733] [info] [stationary.cpp:264] NN: cost=193.360783, feasible=true, active_stations=1
[2026-10-05 04:37:17.733] [info] [candidate.cpp:199] InstancePrecompute: built 25 candidates
[2026-10-05 04:37:17.733] [info] [stationary.cpp:264] NN: cost=13.335226, feasible=true, active_stations=1
[2026-10-05 04:37:17.733] [info] [candidate.cpp:199] InstancePrecompute: built 25 candidates
[2026-10-05 04:37:17.733] [info] [stationary.cpp:264] NN: cost=87.479085, feasible=true, active_stations=1
[2026-10-05 04:37:17.733] [info] [candidate.cpp:199] InstancePrecompute: built 25 candidates
[2026-10-05 04:37:17.733] [info] [stationary.cpp:264] NN: cost=374.719863, feasible=true, active_stations=1
[2026-10-05 04:37:17.733] [info] [candidate.cpp:199] InstancePrecompute: built 25 candidates
[2026-10-05 04:37:17.733] [info] [stationary.cpp:264] NN: cost=33.338066, feasible=true, active_stations=1
[2026-10-05 04:37:17.733] [info] [candidate.cpp:199] InstancePrecompute: built 50 candidates
[2026-10-05 04:37:17.733] [info] [stationary.cpp:264] NN: cost=63.208973, feasible=true, active_stations=2
[2026-10-05 04:37:17.733] [info] [candidate.cpp:199] InstancePrecompute: built 25 candidates
[2026-10-05 04:37:17.733] [info] [stationary.cpp:264] NN: cost=13.335226, feasible=true, active_stations=1
[2026-10-05 04:37:17.733] [info] [candidate.cpp:199] InstancePrecompute: built 25 candidates
[2026-10-05 04:37:17.733] [info] [stationary.cpp:264] NN: cost=906.795397, feasible=true, active_stations=1
[2026-10-05 04:37:17.733] [info] [candidate.cpp:199] InstancePrecompute: built 25 candidates
[2026-10-05 04:37:17.733] [info] [stationary.cpp:264] NN: cost=169.890785, feasible=true, active_stations=1
[2026-10-05 04:37:17.733] [info] [candidate.cpp:199] InstancePrecompute: built 25 candidates
[2026-10-05 04:37:17.733] [info] [stationary.cpp:264] NN: cost=129.351696, feasible=true, active_stations=1
[2026-10-05 04:37:17.733] [info] [candidate.cpp:199] InstancePrecompute: built 25 candidates
[2026-10-05 04:37:17.733] [info] [stationary.cpp:264] NN: cost=365.385204, feasible=true, active_stations=1
[2026-10-05 04:37:17.733] [info] [candidate.cpp:199] InstancePrecompute: built 25 candidates
[2026-10-05 04:37:17.733] [info] [stationary.cpp:264] NN: cost=1598.360240, feasible=true, active_stations=1
[2026-10-05 04:37:17.733] [info] [candidate.cpp:199] InstancePrecompute: built 25 candidates
[2026-10-05 04:37:17.733] [info] [stationary.cpp:264] NN: cost=193.360783, feasible=true, active_stations=1
[2026-10-05 04:37:17.733] [info] [candidate.cpp:199] InstancePrecompute: built 25 candidates
[2026-10-05 04:37:17.733] [info] [stationary.cpp:264] NN: cost=87.479085, feasible=true, active_stations=1
[2026-10-05 04:37:17.733] [info] [candidate.cpp:199] InstancePrecompute: built 25 candidates
[2026-10-05 04:37:17.733] [info] [stationary.cpp:264] NN: cost=374.719863, feasible=true, active_stations=1
[2026-10-05 04:37:17.733] [info] [candidate.cpp:199] InstancePrecompute: built 25 candidates
[2026-10-05 04:37:17.733] [info] [stationary.cpp:264] NN: cost=13.335226, feasible=true, active_stations=1
[2026-10-05 04:37:17.733] [info] [candidate.cpp:199] InstancePrecompute: built 25 candidates
[2026-10-05 04:37:17.733] [info] [stationary.cpp:264] NN: cost=43.739543, feasible=true, active_stations=1
[2026-10-05 04:37:17.733] [info] [candidate.cpp:199] InstancePrecompute: built 75 candidates
[2026-10-05 04:37:17.733] [info] [stationary.cpp:264] NN: cost=46.673293, feasible=true, active_stations=2
[2026-10-05 04:37:17.733] [info] [candidate.cpp:199] InstancePrecompute: built 25 candidates
[2026-10-05 04:37:17.733] [info] [stationary.cpp:264] NN: cost=906.795397, feasible=true, active_stations=1
[2026-10-05 04:37:17.733] [info] [candidate.cpp:199] InstancePrecompute: built 25 candidates
[2026-10-05 04:37:17.733] [info] [stationary.cpp:264] NN: cost=169.890785, feasible=true, active_stations=1
[2026-10-05 04:37:17.733] [info] [candidate.cpp:199] InstancePrecompute: built 25 candidates
[2026-10-05 04:37:17.733] [info] [stationary.cpp:264] NN: cost=129.351696, feasible=true, active_stations=1
[2026-10-05 04:37:17.733] [info] [candidate.cpp:199] InstancePrecompute: built 25 candidates
[2026-10-05 04:37:17.733] [info] [stationary.cpp:264] NN: cost=365.385204, feasible=true, active_stations=1
[2026-10-05 04:37:17.733] [info] [candidate.cpp:199] InstancePrecompute: built 25 candidates
[2026-10-05 04:37:17.733] [info] [stationary.cpp:264] NN: cost=1598.360240, feasible=true, active_stations=1
[2026-10-05 04:37:17.733] [info] [candidate.cpp:199] InstancePrecompute: built 25 candidates
[2026-10-05 04:37:17.733] [info] [stationary.cpp:264] NN: cost=193.360783, feasible=true, active_stations=1
[2026-10-05 04:37:17.733] [info] [candidate.cpp:199] InstancePrecompute: built 25 candidates
[2026-10-05 04:37:17.733] [info] [stationary.cpp:264] NN: cost=87.479085, feasible=true, active_stations=1
[2026-10-05 04:37:17.733] [info] [candidate.cpp:199] InstancePrecompute: built 25 candidates
[2026-10-05 04:37:17.733] [info] [stationary.cpp:264] NN: cost=374.719863, feasible=true, active_stations=1
[2026-10-05 04:37:17.733] [info] [candidate.cpp:199] InstancePrecompute: built 25 candidates
[2026-10-05 04:37:17.733] [info] [stationary.cpp:264] NN: cost=13.335226, feasible=true, active_stations=1
[2026-10-05 04:37:17.733] [info] [candidate.cpp:199] InstancePrecompute: built 25 candidates
[2026-10-05 04:37:17.733] [info] [stationary.cpp:264] NN: cost=43.739543, feasible=true, active_stations=1
[2026-10-05 04:37:17.733] [info] [candidate.cpp:199] InstancePrecompute: built 75 candidates
[2026-10-05 04:37:17.733] [info] [stationary.cpp:264] NN: cost=46.673293, feasible=true, active_stations=2
[2026-10-05 04:37:17.733] [info] [candidate.cpp:199] InstancePrecompute: built 25 candidates
[2026-10-05 04:37:17.733] [info] [stationary.cpp:264] NN: cost=906.795397, feasible=true, active_stations=1
[2026-10-05 04:37:17.733] [info] [candidate.cpp:199] InstancePrecompute: built 25 candidates
[2026-10-05 04:37:17.733] [info] [stationary.cpp:264] NN: cost=169.890785, feasible=true, active_stations=1
[2026-10-05 04:37:17.733] [info] [candidate.cpp:199] InstancePrecompute: built 25 candidates
[2026-10-05 04:37:17.733] [info] [stationary.cpp:264] NN: cost=129.351696, feasible=true, active_stations=1
[2026-10-05 04:37:17.733] [info] [candidate.cpp:199] InstancePrecompute: built 25 candidates
[2026-10-05 04:37:17.733] [info] [stationary.cpp:264] NN: cost=365.385204, feasible=true, active_stations=1
[2026-10-05 04:37:17.733] [info] [candidate.cpp:199] InstancePrecompute: built 25 candidates
[2026-10-05 04:37:17.733] [info] [stationary.cpp:264] NN: cost=1598.360240, feasible=true, active_stations=1
[2026-10-05 04:37:17.733] [info] [candidate.cpp:199] InstancePrecompute: built 25 candidates
[2026-10-05 04:37:17.733] [info] [stationary.cpp:264] NN: cost=193.360783, feasible=true, active_stations=1
[2026-10-05 04:37:17.733] [info] [candidate.cpp:199] InstancePrecompute: built 25 candidates
[2026-10-05 04:37:17.733] [info] [stationary.cpp:264] NN: cost=87.479085, feasible=true, active_stations=1
[2026-10-05 04:37:17.733] [info] [candidate.cpp:199] InstancePrecompute: built 25 candidates
[2026-10-05 04:37:17.733] [info] [stationary.cpp:264] NN: cost=374.719863, feasible=true, active_stations=1
[2026-10-05 04:37:17.733] [info] [candidate.cpp:199] InstancePrecompute: built 25 candidates
[2026-10-05 04:37:17.733] [info] [stationary.cpp:264] NN: cost=13.335226, feasible=true, active_stations=1
[2026-10-05 04:37:17.733] [info] [candidate.cpp:199] InstancePrecompute: built 25 candidates
[2026-10-05 04:37:17.733] [info] [stationary.cpp:264] NN: cost=43.739543, feasible=true, active_stations=1
[2026-10-05 04:37:17.733] [info] [candidate.cpp:199] InstancePrecompute: built 75 candidates
[2026-10-05 04:37:17.733] [info] [stationary.cpp:264] NN: cost=46.673293, feasible=true, active_stations=2
[2026-10-05 04:37:17.733] [info] [candidate.cpp:199] InstancePrecompute: built 25 candidates
[2026-10-05 04:37:17.733] [info] [stationary.cpp:264] NN: cost=906.795397, feasible=true, active_stations=1
[2026-10-05 04:37:17.733] [info] [candidate.cpp:199] InstancePrecompute: built 25 candidates
[2026-10-05 04:37:17.733] [info] [stationary.cpp:264] NN: cost=169.890785, feasible=true, active_stations=1
[2026-10-05 04:37:17.733] [info] [candidate.cpp:199] InstancePrecompute: built 25 candidates
[2026-10-05 04:37:17.733] [info] [stationary.cpp:264] NN: cost=129.351696, feasible=true, active_stations=1
[2026-10-05 04:37:17.733] [info] [candidate.cpp:199] InstancePrecompute: built 25 candidates
[2026-10-05 04:37:17.733] [info] [stationary.cpp:264] NN: cost=365.385204, feasible=true, active_stations=1
[2026-10-05 04:37:17.733] [info] [candidate.cpp:199] InstancePrecompute: built 25 candidates
[2026-10-05 04:37:17.733] [info] [stationary.cpp:264] NN: cost=1598.360240, feasible=true, active_stations=1
[2026-10-05 04:37:17.733] [info] [candidate.cpp:199] InstancePrecompute: built 25 candidates
[2026-10-05 04:37:17.733] [info] [stationary.cpp:264] NN: cost=193.360783, feasible=true, active_stations=1
[2026-10-05 04:37:17.733] [info] [candidate.cpp:199] InstancePrecompute: built 25 candidates
[2026-10-05 04:37:17.733] [info] [stationary.cpp:264] NN: cost=87.479085, feasible=true, active_stations=1
[2026-10-05 04:37:17.733] [info] [candidate.cpp:199] InstancePrecompute: built 25 candidates
[2026-10-05 04:37:17.733] [info] [stationary.cpp:264] NN: cost=374.719863, feasible=true, active_stations=1
[2026-10-05 04:37:17.733] [info] [candidate.cpp:199] InstancePrecompute: built 25 candidates
[2026-10-05 04:37:17.733] [info] [stationary.cpp:264] NN: cost=13.335226, feasible=true, active_stations=1
[2026-10-05 04:37:17.733] [info] [candidate.cpp:199] InstancePrecompute: built 25 candidates
[2026-10-05 04:37:17.733] [info] [stationary.cpp:264] NN: cost=43.739543, feasible=true, active_stations=1
[2026-10-05 04:37:17.733] [info] [candidate.cpp:199] InstancePrecompute: built 75 candidates
[2026-10-05 04:37:17.733] [info] [stationary.cpp:264] NN: cost=46.673293, feasible=true, active_stations=2
[2026-10-05 04:37:17.733] [info] [candidate.cpp:199] InstancePrecompute: built 25 candidates
[2026-10-05 04:37:17.733] [info] [stationary.cpp:264] NN: cost=906.795397, feasible=true, active_stations=1
[2026-10-05 04:37:17.733] [info] [candidate.cpp:199] InstancePrecompute: built 25 candidates
[2026-10-05 04:37:17.733] [info] [stationary.cpp:264] NN: cost=169.890785, feasible=true, active_stations=1
[2026-10-05 04:37:17.733] [info] [candidate.cpp:199] InstancePrecompute: built 25 candidates
[2026-10-05 04:37:17.733] [info] [stationary.cpp:264] NN: cost=129.351696, feasible=true, active_stations=1
[2026-10-05 04:37:17.733] [info] [candidate.cpp:199] InstancePrecompute: built 25 candidates
[2026-10-05 04:37:17.733] [info] [stationary.cpp:264] NN: cost=365.385204, feasible=true, active_stations=1
[2026-10-05 04:37:17.733] [info] [candidate.cpp:199] InstancePrecompute: built 25 candidates
[2026-10-05 04:37:17.733] [info] [stationary.cpp:264] NN: cost=1598.360240, feasible=true, active_stations=1
[2026-10-05 04:37:17.733] [info] [candidate.cpp:199] InstancePrecompute: built 25 candidates
[2026-10-05 04:37:17.733] [info] [stationary.cpp:264] NN: cost=193.360783, feasible=true, active_stations=1
[2026-10-05 04:37:17.733] [info] [candidate.cpp:199] InstancePrecompute: built 25 candidates
[2026-10-05 04:37:17.733] [info] [stationary.cpp:264] NN: cost=87.479085, feasible=true, active_stations=1
[2026-10-05 04:37:17.733] [info] [candidate.cpp:199] InstancePrecompute: built 25 candidates
[2026-10-05 04:37:17.733] [info] [stationary.cpp:264] NN: cost=374.719863, feasible=true, active_stations=1
[2026-10-05 04:37:17.733] [info] [candidate.cpp:199] InstancePrecompute: built 25 candidates
[2026-10-05 04:37:17.733] [info] [stationary.cpp:264] NN: cost=13.335226, feasible=true, active_stations=1
[2026-10-05 04:37:17.733] [info] [candidate.cpp:199] InstancePrecompute: built 25 candidates
[2026-10-05 04:37:17.733] [info] [stationary.cpp:264] NN: cost=43.739543, feasible=true, active_stations=1
[2026-10-05 04:37:17.733] [info] [candidate.cpp:199] InstancePrecompute: built 25 candidates
[2026-10-05 04:37:17.733] [info] [stationary.cpp:264] NN: cost=33.338066, feasible=true, active_stations=1
[2026-10-05 04:37:17.733] [info] [candidate.cpp:199] InstancePrecompute: built 50 candidates
[2026-10-05 04:37:17.733] [info] [stationary.cpp:264] NN: cost=32.804657, feasible=true, active_stations=2
[2026-10-05 04:37:17.733] [info] [candidate.cpp:199] InstancePrecompute: built 25 candidates
[2026-10-05 04:37:17.733] [info] [stationary.cpp:264] NN: cost=906.795397, feasible=true, active_stations=1
[2026-10-05 04:37:17.733] [info] [candidate.cpp:199] InstancePrecompute: built 25 candidates
[2026-10-05 04:37:17.733] [info] [stationary.cpp:264] NN: cost=169.890785, feasible=true, active_stations=1
[2026-10-05 04:37:17.733] [info] [candidate.cpp:199] InstancePrecompute: built 25 candidates
[2026-10-05 04:37:17.733] [info] [stationary.cpp:264] NN: cost=129.351696, feasible=true, active_stations=1
[2026-10-05 04:37:17.733] [info] [candidate.cpp:199] InstancePrecompute: built 25 candidates
[2026-10-05 04:37:17.733] [info] [stationary.cpp:264] NN: cost=365.385204, feasible=true, active_stations=1
[2026-10-05 04:37:17.733] [info] [candidate.cpp:199] InstancePrecompute: built 25 candidates
[2026-10-05 04:37:17.733] [info] [stationary.cpp:264] NN: cost=1598.360240, feasible=true, active_stations=1
[2026-10-05 04:37:17.733] [info] [candidate.cpp:199] InstancePrecompute: built 25 candidates
[2026-10-05 04:37:17.733] [info] [stationary.cpp:264] NN: cost=193.360783, feasible=true, active_stations=1
[2026-10-05 04:37:17.733] [info] [candidate.cpp:199] InstancePrecompute: built 25 candidates
[2026-10-05 04:37:17.733] [info] [stationary.cpp:264] NN: cost=87.479085, feasible=true, active_stations=1
[2026-10-05 04:37:17.733] [info] [candidate.cpp:199] InstancePrecompute: built 25 candidates
[2026-10-05 04:37:17.733] [info] [stationary.cpp:264] NN: cost=374.719863, feasible=true, active_stations=1
[2026-10-05 04:37:17.733] [info] [candidate.cpp:199] InstancePrecompute: built 25 candidates
[2026-10-05 04:37:17.733] [info] [stationary.cpp:264] NN: cost=13.335226, feasible=true, active_stations=1
[2026-10-05 04:37:17.733] [info] [candidate.cpp:199] InstancePrecompute: built 25 candidates
[2026-10-05 04:37:17.733] [info] [stationary.cpp:264] NN: cost=43.739543, feasible=true, active_stations=1
[2026-10-05 04:37:17.733] [info] [candidate.cpp:199] InstancePrecompute: built 25 candidates
[2026-10-05 04:37:17.733] [info] [stationary.cpp:264] NN: cost=33.338066, feasible=true, active_stations=1
[2026-10-05 04:37:17.733] [info] [candidate.cpp:199] InstancePrecompute: built 50 candidates
[2026-10-05 04:37:17.733] [info] [stationary.cpp:264] NN: cost=32.804657, feasible=true, active_stations=2
[2026-10-05 04:37:17.733] [info] [candidate.cpp:199] InstancePrecompute: built 25 candidates
[2026-10-05 04:37:17.733] [info] [stationary.cpp:264] NN: cost=906.795397, feasible=true, active_stations=1
[2026-10-05 04:37:17.733] [info] [candidate.cpp:199] InstancePrecompute: built 25 candidates
[2026-10-05 04:37:17.733] [info] [stationary.cpp:264] NN: cost=169.890785, feasible=true, active_stations=1
[2026-10-05 04:37:17.733] [info] [candidate.cpp:199] InstancePrecompute: built 25 candidates
[2026-10-05 04:37:17.733] [info] [stationary.cpp:264] NN: cost=129.351696, feasible=true, active_stations=1
[2026-10-05 04:37:17.733] [info] [candidate.cpp:199] InstancePrecompute: built 25 candidates
[2026-10-05 04:37:17.733] [info] [stationary.cpp:264] NN: cost=365.385204, feasible=true, active_stations=1
[2026-10-05 04:37:17.733] [info] [candidate.cpp:199] InstancePrecompute: built 25 candidates
[2026-10-05 04:37:17.733] [info] [stationary.cpp:264] NN: cost=1598.360240, feasible=true, active_stations=1
[2026-10-05 04:37:17.733] [info] [candidate.cpp:199] InstancePrecompute: built 25 candidates
[2026-10-05 04:37:17.733] [info] [stationary.cpp:264] NN: cost=193.360783, feasible=true, active_stations=1
[2026-10-05 04:37:17.733] [info] [candidate.cpp:199] InstancePrecompute: built 25 candidates
[2026-10-05 04:37:17.733] [info] [stationary.cpp:264] NN: cost=87.479085, feasible=true, active_stations=1
[2026-10-05 04:37:17.733] [info] [candidate.cpp:199] InstancePrecompute: built 25 candidates
[2026-10-05 04:37:17.733] [info] [stationary.cpp:264] NN: cost=374.719863, feasible=true, active_stations=1
[2026-10-05 04:37:17.733] [info] [candidate.cpp:199] InstancePrecompute: built 25 candidates
[2026-10-05 04:37:17.733] [info] [stationary.cpp:264] NN: cost=13.335226, feasible=true, active_stations=1
[2026-10-05 04:37:17.733] [info] [candidate.cpp:199] InstancePrecompute: built 25 candidates
[2026-10-05 04:37:17.733] [info] [stationary.cpp:264] NN: cost=43.739543, feasible=true, active_stations=1
[2026-10-05 04:37:17.733] [info] [candidate.cpp:199] InstancePrecompute: built 25 candidates
[2026-10-05 04:37:17.733] [info] [stationary.cpp:264] NN: cost=33.338066, feasible=true, active_stations=1
[2026-10-05 04:37:17.733] [info] [candidate.cpp:199] InstancePrecompute: built 50 candidates
[2026-10-05 04:37:17.733] [info] [stationary.cpp:264] NN: cost=32.804657, feasible=true, active_stations=2
[2026-10-05 04:37:17.733] [info] [candidate.cpp:199] InstancePrecompute: built 25 candidates
[2026-10-05 04:37:17.733] [info] [stationary.cpp:264] NN: cost=906.795397, feasible=true, active_stations=1
[2026-10-05 04:37:17.733] [info] [candidate.cpp:199] InstancePrecompute: built 25 candidates
[2026-10-05 04:37:17.733] [info] [stationary.cpp:264] NN: cost=169.890785, feasible=true, active_stations=1
[2026-10-05 04:37:17.733] [info] [candidate.cpp:199] InstancePrecompute: built 25 candidates
[2026-10-05 04:37:17.733] [info] [stationary.cpp:264] NN: cost=129.351696, feasible=true, active_stations=1
[2026-10-05 04:37:17.733] [info] [candidate.cpp:199] InstancePrecompute: built 25 candidates
[2026-10-05 04:37:17.733] [info] [stationary.cpp:264] NN: cost=365.385204, feasible=true, active_stations=1
[2026-10-05 04:37:17.733] [info] [candidate.cpp:199] InstancePrecompute: built 25 candidates
[2026-10-05 04:37:17.733] [info] [stationary.cpp:264] NN: cost=1598.360240, feasible=true, active_stations=1
[2026-10-05 04:37:17.733] [info] [candidate.cpp:199] InstancePrecompute: built 25 candidates
[2026-10-05 04:37:17.733] [info] [stationary.cpp:264] NN: cost=193.360783, feasible=true, active_stations=1
[2026-10-05 04:37:17.733] [info] [candidate.cpp:199] InstancePrecompute: built 25 candidates
[2026-10-05 04:37:17.733] [info] [stationary.cpp:264] NN: cost=13.335226, feasible=true, active_stations=1
[2026-10-05 04:37:17.733] [info] [candidate.cpp:199] InstancePrecompute: built 50 candidates
[2026-10-05 04:37:17.733] [info] [stationary.cpp:264] NN: cost=87.479085, feasible=true, active_stations=1
[2026-10-05 04:37:17.733] [info] [candidate.cpp:199] InstancePrecompute: built 25 candidates
[2026-10-05 04:37:17.733] [info] [stationary.cpp:264] NN: cost=374.719863, feasible=true, active_stations=1
[2026-10-05 04:37:17.733] [info] [candidate.cpp:199] InstancePrecompute: built 75 candidates
[2026-10-05 04:37:17.733] [info] [stationary.cpp:264] NN: cost=46.673293, feasible=true, active_stations=2
[2026-10-05 04:37:17.733] [info] [candidate.cpp:199] InstancePrecompute: built 25 candidates
[2026-10-05 04:37:17.733] [info] [stationary.cpp:264] NN: cost=906.795397, feasible=true, active_stations=1
[2026-10-05 04:37:17.733] [info] [candidate.cpp:199] InstancePrecompute: built 25 candidates
[2026-10-05 04:37:17.733] [info] [stationary.cpp:264] NN: cost=169.890785, feasible=true, active_stations=1
[2026-10-05 04:37:17.733] [info] [candidate.cpp:199] InstancePrecompute: built 25 candidates
[2026-10-05 04:37:17.733] [info] [stationary.cpp:264] NN: cost=129.351696, feasible=true, active_stations=1
[2026-10-05 04:37:17.733] [info] [candidate.cpp:199] InstancePrecompute: built 25 candidates
[2026-10-05 04:37:17.733] [info] [stationary.cpp:264] NN: cost=365.385204, feasible=true, active_stations=1
[2026-10-05 04:37:17.733] [info] [candidate.cpp:199] InstancePrecompute: built 25 candidates
[2026-10-05 04:37:17.733] [info] [stationary.cpp:264] NN: cost=1598.360240, feasible=true, active_stations=1
[2026-10-05 04:37:17.733] [info] [candidate.cpp:199] InstancePrecompute: built 25 candidates
[2026-10-05 04:37:17.733] [info] [stationary.cpp:264] NN: cost=193.360783, feasible=true, active_stations=1
[2026-10-05 04:37:17.733] [info] [candidate.cpp:199] InstancePrecompute: built 25 candidates
[2026-10-05 04:37:17.733] [info] [stationary.cpp:264] NN: cost=13.335226, feasible=true, active_stations=1
[2026-10-05 04:37:17.733] [info] [candidate.cpp:199] InstancePrecompute: built 50 candidates
[2026-10-05 04:37:17.733] [info] [stationary.cpp:264] NN: cost=87.479085, feasible=true, active_stations=1
[2026-10-05 04:37:17.733] [info] [candidate.cpp:199] InstancePrecompute: built 25 candidates
[2026-10-05 04:37:17.733] [info] [stationary.cpp:264] NN: cost=374.719863, feasible=true, active_stations=1
[2026-10-05 04:37:17.733] [info] [candidate.cpp:199] InstancePrecompute: built 75 candidates
[2026-10-05 04:37:17.733] [info] [stationary.cpp:264] NN: cost=46.673293, feasible=true, active_stations=2
[2026-10-05 04:37:17.733] [info] [candidate.cpp:199] InstancePrecompute: built 25 candidates
[2026-10-05 04:37:17.733] [info] [stationary.cpp:264] NN: cost=906.795397, feasible=true, active_stations=1
[2026-10-05 04:37:17.733] [info] [candidate.cpp:199] InstancePrecompute: built 25 candidates
[2026-10-05 04:37:17.733] [info] [stationary.cpp:264] NN: cost=169.890785, feasible=true, active_stations=1
[2026-10-05 04:37:17.733] [info] [candidate.cpp:199] InstancePrecompute: built 25 candidates
[2026-10-05 04:37:17.733] [info] [stationary.cpp:264] NN: cost=129.351696, feasible=true, active_stations=1
[2026-10-05 04:37:17.733] [info] [candidate.cpp:199] InstancePrecompute: built 25 candidates
[2026-10-05 04:37:17.733] [info] [stationary.cpp:264] NN: cost=365.385204, feasible=true, active_stations=1
[2026-10-05 04:37:17.733] [info] [candidate.cpp:199] InstancePrecompute: built 25 candidates
[2026-10-05 04:37:17.733] [info] [stationary.cpp:264] NN: cost=1598.360240, feasible=true, active_stations=1
[2026-10-05 04:37:17.733] [info] [candidate.cpp:199] InstancePrecompute: built 25 candidates
[2026-10-05 04:37:17.733] [info] [stationary.cpp:264] NN: cost=193.360783, feasible=true, active_stations=1
[2026-10-05 04:37:17.733] [info] [candidate.cpp:199] InstancePrecompute: built 25 candidates
[2026-10-05 04:37:17.733] [info] [stationary.cpp:264] NN: cost=13.335226, feasible=true, active_stations=1
[2026-10-05 04:37:17.733] [info] [candidate.cpp:199] InstancePrecompute: built 50 candidates
[2026-10-05 04:37:17.733] [info] [stationary.cpp:264] NN: cost=87.479085, feasible=true, active_stations=1
[2026-10-05 04:37:17.733] [info] [candidate.cpp:199] InstancePrecompute: built 25 candidates
[2026-10-05 04:37:17.733] [info] [stationary.cpp:264] NN: cost=374.719863, feasible=true, active_stations=1
[2026-10-05 04:37:17.733] [info] [candidate.cpp:199] InstancePrecompute: built 75 candidates
[2026-10-05 04:37:17.734] [info] [stationary.cpp:264] NN: cost=46.673293, feasible=true, active_stations=2
[2026-10-05 04:37:17.734] [info] [candidate.cpp:199] InstancePrecompute: built 25 candidates
[2026-10-05 04:37:17.734] [info] [stationary.cpp:264] NN: cost=906.795397, feasible=true, active_stations=1
[2026-10-05 04:37:17.734] [info] [candidate.cpp:199] InstancePrecompute: built 25 candidates
[2026-10-05 04:37:17.734] [info] [stationary.cpp:264] NN: cost=169.890785, feasible=true, active_stations=1
[2026-10-05 04:37:17.734] [info] [candidate.cpp:199] InstancePrecompute: built 25 candidates
[2026-10-05 04:37:17.734] [info] [stationary.cpp:264] NN: cost=129.351696, feasible=true, active_stations=1
[2026-10-05 04:37:17.734] [info] [candidate.cpp:199] InstancePrecompute: built 25 candidates
[2026-10-05 04:37:17.734] [info] [stationary.cpp:264] NN: cost=365.385204, feasible=true, active_stations=1
[2026-10-05 04:37:17.734] [info] [candidate.cpp:199] InstancePrecompute: built 25 candidates
[2026-10-05 04:37:17.734] [info] [stationary.cpp:264] NN: cost=1598.360240, feasible=true, active_stations=1
[2026-10-05 04:37:17.734] [info] [candidate.cpp:199] InstancePrecompute: built 25 candidates
[2026-10-05 04:37:17.734] [info] [stationary.cpp:264] NN: cost=193.360783, feasible=true, active_stations=1
[2026-10-05 04:37:17.734] [info] [candidate.cpp:199] InstancePrecompute: built 25 candidates
[2026-10-05 04:37:17.734] [info] [stationary.cpp:264] NN: cost=13.335226, feasible=true, active_stations=1
[2026-10-05 04:37:17.734] [info] [candidate.cpp:199] InstancePrecompute: built 25 candidates
[2026-10-05 04:37:17.734] [info] [stationary.cpp:264] NN: cost=43.739543, feasible=true, active_stations=1
[2026-10-05 04:37:17.734] [info] [candidate.cpp:199] InstancePrecompute: built 25 candidates
[2026-10-05 04:37:17.734] [info] [stationary.cpp:264] NN: cost=87.479085, feasible=true, active_stations=1
[2026-10-05 04:37:17.734] [info] [candidate.cpp:199] InstancePrecompute: built 25 candidates
[2026-10-05 04:37:17.734] [info] [stationary.cpp:264] NN: cost=374.719863, feasible=true, active_stations=1
[2026-10-05 04:37:17.734] [info] [candidate.cpp:199] InstancePrecompute: built 75 candidates
[2026-10-05 04:37:17.734] [info] [stationary.cpp:264] NN: cost=46.673293, feasible=true, active_stations=2
[2026-10-05 04:37:17.734] [info] [candidate.cpp:199] InstancePrecompute: built 25 candidates
[2026-10-05 04:37:17.734] [info] [stationary.cpp:264] NN: cost=906.795397, feasible=true, active_stations=1
[2026-10-05 04:37:17.734] [info] [candidate.cpp:199] InstancePrecompute: built 25 candidates
[2026-10-05 04:37:17.734] [info] [stationary.cpp:264] NN: cost=169.890785, feasible=true, active_stations=1
[2026-10-05 04:37:17.734] [info] [candidate.cpp:199] InstancePrecompute: built 25 candidates
[2026-10-05 04:37:17.734] [info] [stationary.cpp:264] NN: cost=129.351696, feasible=true, active_stations=1
[2026-10-05 04:37:17.734] [info] [candidate.cpp:199] InstancePrecompute: built 25 candidates
[2026-10-05 04:37:17.734] [info] [stationary.cpp:264] NN: cost=365.385204, feasible=true, active_stations=1
[2026-10-05 04:37:17.734] [info] [candidate.cpp:199] InstancePrecompute: built 25 candidates
[2026-10-05 04:37:17.734] [info] [stationary.cpp:264] NN: cost=1598.360240, feasible=true, active_stations=1
[2026-10-05 04:37:17.734] [info] [candidate.cpp:199] InstancePrecompute: built 25 candidates
[2026-10-05 04:37:17.734] [info] [stationary.cpp:264] NN: cost=193.360783, feasible=true, active_stations=1
[2026-10-05 04:37:17.734] [info] [candidate.cpp:199] InstancePrecompute: built 25 candidates
[2026-10-05 04:37:17.734] [info] [stationary.cpp:264] NN: cost=13.335226, feasible=true, active_stations=1
[2026-10-05 04:37:17.734] [info] [candidate.cpp:199] InstancePrecompute: built 25 candidates
[2026-10-05 04:37:17.734] [info] [stationary.cpp:264] NN: cost=43.739543, feasible=true, active_stations=1
[2026-10-05 04:37:17.734] [info] [candidate.cpp:199] InstancePrecompute: built 25 candidates
[2026-10-05 04:37:17.734] [info] [stationary.cpp:264] NN: cost=87.479085, feasible=true, active_stations=1
[2026-10-05 04:37:17.734] [info] [candidate.cpp:199] InstancePrecompute: built 25 candidates
[2026-10-05 04:37:17.734] [info] [stationary.cpp:264] NN: cost=374.719863, feasible=true, active_stations=1
[2026-10-05 04:37:17.734] [info] [candidate.cpp:199] InstancePrecompute: built 25 candidates
[2026-10-05 04:37:17.734] [info] [stationary.cpp:264] NN: cost=33.338066, feasible=true, active_stations=1
[2026-10-05 04:37:17.734] [info] [candidate.cpp:199] InstancePrecompute: built 50 candidates
[2026-10-05 04:37:17.734] [info] [stationary.cpp:264] NN: cost=32.804657, feasible=true, active_stations=2
[2026-10-05 04:37:17.734] [info] [candidate.cpp:199] InstancePrecompute: built 25 candidates
[2026-10-05 04:37:17.734] [info] [stationary.cpp:264] NN: cost=906.795397, feasible=true, active_stations=1
[2026-10-05 04:37:17.734] [info] [candidate.cpp:199] InstancePrecompute: built 25 candidates
[2026-10-05 04:37:17.734] [info] [stationary.cpp:264] NN: cost=169.890785, feasible=true, active_stations=1
[2026-10-05 04:37:17.734] [info] [candidate.cpp:199] InstancePrecompute: built 25 candidates
[2026-10-05 04:37:17.734] [info] [stationary.cpp:264] NN: cost=129.351696, feasible=true, active_stations=1
[2026-10-05 04:37:17.734] [info] [candidate.cpp:199] InstancePrecompute: built 25 candidates
[2026-10-05 04:37:17.734] [info] [stationary.cpp:264] NN: cost=365.385204, feasible=true, active_stations=1
[2026-10-05 04:37:17.734] [info] [candidate.cpp:199] InstancePrecompute: built 25 candidates
[2026-10-05 04:37:17.734] [info] [stationary.cpp:264] NN: cost=1598.360240, feasible=true, active_stations=1
[2026-10-05 04:37:17.734] [info] [candidate.cpp:199] InstancePrecompute: built 25 candidates
[2026-10-05 04:37:17.734] [info] [stationary.cpp:264] NN: cost=193.360783, feasible=true, active_stations=1
[2026-10-05 04:37:17.734] [info] [candidate.cpp:199] InstancePrecompute: built 25 candidates
[2026-10-05 04:37:17.734] [info] [stationary.cpp:264] NN: cost=13.335226, feasible=true, active_stations=1
[2026-10-05 04:37:17.734] [info] [candidate.cpp:199] InstancePrecompute: built 25 candidates
[2026-10-05 04:37:17.734] [info] [stationary.cpp:264] NN: cost=43.739543, feasible=true, active_stations=1
[2026-10-05 04:37:17.734] [info] [candidate.cpp:199] InstancePrecompute: built 25 candidates
[2026-10-05 04:37:17.734] [info] [stationary.cpp:264] NN: cost=87.479085, feasible=true, active_stations=1
[2026-10-05 04:37:17.734] [info] [candidate.cpp:199] InstancePrecompute: built 25 candidates
[2026-10-05 04:37:17.734] [info] [stationary.cpp:264] NN: cost=374.719863, feasible=true, active_stations=1
[2026-10-05 04:37:17.734] [info] [candidate.cpp:199] InstancePrecompute: built 25 candidates
[2026-10-05 04:37:17.734] [info] [stationary.cpp:264] NN: cost=33.338066, feasible=true, active_stations=1
[2026-10-05 04:37:17.734] [info] [candidate.cpp:199] InstancePrecompute: built 50 candidates
[2026-10-05 04:37:17.734] [info] [stationary.cpp:264] NN: cost=32.804657, feasible=true, active_stations=2
[2026-10-05 04:37:17.734] [info] [candidate.cpp:199] InstancePrecompute: built 25 candidates
[2026-10-05 04:37:17.734] [info] [stationary.cpp:264] NN: cost=906.795397, feasible=true, active_stations=1
[2026-10-05 04:37:17.734] [info] [candidate.cpp:199] InstancePrecompute: built 25 candidates
[2026-10-05 04:37:17.734] [info] [stationary.cpp:264] NN: cost=169.890785, feasible=true, active_stations=1
[2026-10-05 04:37:17.734] [info] [candidate.cpp:199] InstancePrecompute: built 25 candidates
[2026-10-05 04:37:17.734] [info] [stationary.cpp:264] NN: cost=129.351696, feasible=true, active_stations=1
[2026-10-05 04:37:17.734] [info] [candidate.cpp:199] InstancePrecompute: built 25 candidates
[2026-10-05 04:37:17.734] [info] [stationary.cpp:264] NN: cost=365.385204, feasible=true, active_stations=1
[2026-10-05 04:37:17.734] [info] [candidate.cpp:199] InstancePrecompute: built 25 candidates
[2026-10-05 04:37:17.734] [info] [stationary.cpp:264] NN: cost=1598.360240, feasible=true, active_stations=1
[2026-10-05 04:37:17.734] [info] [candidate.cpp:199] InstancePrecompute: built 25 candidates
[2026-10-05 04:37:17.734] [info] [stationary.cpp:264] NN: cost=193.360783, feasible=true, active_stations=1
[2026-10-05 04:37:17.734] [info] [candidate.cpp:199] InstancePrecompute: built 25 candidates
[2026-10-05 04:37:17.734] [info] [stationary.cpp:264] NN: cost=13.335226, feasible=true, active_stations=1
[2026-10-05 04:37:17.734] [info] [candidate.cpp:199] InstancePrecompute: built 50 candidates
[2026-10-05 04:37:17.734] [info] [stationary.cpp:264] NN: cost=87.479085, feasible=true, active_stations=1
[2026-10-05 04:37:17.734] [info] [candidate.cpp:199] InstancePrecompute: built 25 candidates
[2026-10-05 04:37:17.734] [info] [stationary.cpp:264] NN: cost=374.719863, feasible=true, active_stations=1
[2026-10-05 04:37:17.734] [info] [candidate.cpp:199] InstancePrecompute: built 25 candidates
[2026-10-05 04:37:17.734] [info] [stationary.cpp:264] NN: cost=33.338066, feasible=true, active_stations=1
[2026-10-05 04:37:17.734] [info] [candidate.cpp:199] InstancePrecompute: built 50 candidates
[2026-10-05 04:37:17.734] [info] [stationary.cpp:264] NN: cost=32.804657, feasible=true, active_stations=2
[2026-10-05 04:37:17.734] [info] [candidate.cpp:199] InstancePrecompute: built 25 candidates
[2026-10-05 04:37:17.734] [info] [stationary.cpp:264] NN: cost=906.795397, feasible=true, active_stations=1
[2026-10-05 04:37:17.734] [info] [candidate.cpp:199] InstancePrecompute: built 25 candidates
[2026-10-05 04:37:17.734] [info] [stationary.cpp:264] NN: cost=169.890785, feasible=true, active_stations=1
[2026-10-05 04:37:17.734] [info] [candidate.cpp:199] InstancePrecompute: built 25 candidates
[2026-10-05 04:37:17.734] [info] [stationary.cpp:264] NN: cost=129.351696, feasible=true, active_stations=1
[2026-10-05 04:37:17.734] [info] [candidate.cpp:199] InstancePrecompute: built 25 candidates
[2026-10-05 04:37:17.734] [info] [stationary.cpp:264] NN: cost=365.385204, feasible=true, active_stations=1
[2026-10-05 04:37:17.734] [info] [candidate.cpp:199] InstancePrecompute: built 25 candidates
[2026-10-05 04:37:17.734] [info] [stationary.cpp:264] NN: cost=1598.360240, feasible=true, active_stations=1
[2026-10-05 04:37:17.734] [info] [candidate.cpp:199] InstancePrecompute: built 25 candidates
[2026-10-05 04:37:17.734] [info] [stationary.cpp:264] NN: cost=193.360783, feasible=true, active_stations=1
[2026-10-05 04:37:17.734] [info] [candidate.cpp:199] InstancePrecompute: built 25 candidates
[2026-10-05 04:37:17.734] [info] [stationary.cpp:264] NN: cost=13.335226, feasible=true, active_stations=1
[2026-10-05 04:37:17.734] [info] [candidate.cpp:199] InstancePrecompute: built 25 candidates
[2026-10-05 04:37:17.734] [info] [stationary.cpp:264] NN: cost=43.739543, feasible=true, active_stations=1
[2026-10-05 04:37:17.734] [info] [candidate.cpp:199] InstancePrecompute: built 25 candidates
[2026-10-05 04:37:17.734] [info] [stationary.cpp:264] NN: cost=87.479085, feasible=true, active_stations=1
[2026-10-05 04:37:17.734] [info] [candidate.cpp:199] InstancePrecompute: built 25 candidates
[2026-10-05 04:37:17.734] [info] [stationary.cpp:264] NN: cost=374.719863, feasible=true, active_stations=1
[2026-10-05 04:37:17.734] [info] [candidate.cpp:199] InstancePrecompute: built 25 candidates
[2026-10-05 04:37:17.734] [info] [stationary.cpp:264] NN: cost=33.338066, feasible=true, active_stations=1
[2026-10-05 04:37:17.734] [info] [candidate.cpp:199] InstancePrecompute: built 25 candidates
[2026-10-05 04:37:17.734] [info] [stationary.cpp:264] NN: cost=19.469431, feasible=true, active_stations=1
[2026-10-05 04:37:17.734] [info] [candidate.cpp:199] InstancePrecompute: built 25 candidates
[2026-10-05 04:37:17.734] [info] [stationary.cpp:264] NN: cost=13.335226, feasible=true, active_stations=1
[2026-10-05 04:37:17.734] [info] [candidate.cpp:199] InstancePrecompute: built 25 candidates
[2026-10-05 04:37:17.734] [info] [stationary.cpp:264] NN: cost=906.795397, feasible=true, active_stations=1
[2026-10-05 04:37:17.734] [info] [candidate.cpp:199] InstancePrecompute: built 25 candidates
[2026-10-05 04:37:17.734] [info] [stationary.cpp:264] NN: cost=169.890785, feasible=true, active_stations=1
[2026-10-05 04:37:17.734] [info] [candidate.cpp:199] InstancePrecompute: built 25 candidates
[2026-10-05 04:37:17.734] [info] [stationary.cpp:264] NN: cost=129.351696, feasible=true, active_stations=1
[2026-10-05 04:37:17.734] [info] [candidate.cpp:199] InstancePrecompute: built 25 candidates
[2026-10-05 04:37:17.734] [info] [stationary.cpp:264] NN: cost=365.385204, feasible=true, active_stations=1
[2026-10-05 04:37:17.734] [info] [candidate.cpp:199] InstancePrecompute: built 25 candidates
[2026-10-05 04:37:17.734] [info] [stationary.cpp:264] NN: cost=1598.360240, feasible=true, active_stations=1
[2026-10-05 04:37:17.734] [info] [candidate.cpp:199] InstancePrecompute: built 25 candidates
[2026-10-05 04:37:17.734] [info] [stationary.cpp:264] NN: cost=193.360783, feasible=true, active_stations=1
[2026-10-05 04:37:17.734] [info] [candidate.cpp:199] InstancePrecompute: built 25 candidates
[2026-10-05 04:37:17.734] [info] [stationary.cpp:264] NN: cost=13.335226, feasible=true, active_stations=1
[2026-10-05 04:37:17.734] [info] [candidate.cpp:199] InstancePrecompute: built 50 candidates
[2026-10-05 04:37:17.734] [info] [stationary.cpp:264] NN: cost=87.479085, feasible=true, active_stations=1
[2026-10-05 04:37:17.734] [info] [candidate.cpp:199] InstancePrecompute: built 25 candidates
[2026-10-05 04:37:17.734] [info] [stationary.cpp:264] NN: cost=374.719863, feasible=true, active_stations=1
[2026-10-05 04:37:17.734] [info] [candidate.cpp:199] InstancePrecompute: built 25 candidates
[2026-10-05 04:37:17.734] [info] [stationary.cpp:264] NN: cost=33.338066, feasible=true, active_stations=1
[2026-10-05 04:37:17.734] [info] [candidate.cpp:199] InstancePrecompute: built 25 candidates
[2026-10-05 04:37:17.734] [info] [stationary.cpp:264] NN: cost=19.469431, feasible=true, active_stations=1
[2026-10-05 04:37:17.734] [info] [candidate.cpp:199] InstancePrecompute: built 25 candidates
[2026-10-05 04:37:17.734] [info] [stationary.cpp:264] NN: cost=13.335226, feasible=true, active_stations=1
[2026-10-05 04:37:17.734] [info] [candidate.cpp:199] InstancePrecompute: built 25 candidates
[2026-10-05 04:37:17.734] [info] [stationary.cpp:264] NN: cost=906.795397, feasible=true, active_stations=1
[2026-10-05 04:37:17.734] [info] [candidate.cpp:199] InstancePrecompute: built 25 candidates
[2026-10-05 04:37:17.734] [info] [stationary.cpp:264] NN: cost=169.890785, feasible=true, active_stations=1
[2026-10-05 04:37:17.734] [info] [candidate.cpp:199] InstancePrecompute: built 25 candidates
[2026-10-05 04:37:17.734] [info] [stationary.cpp:264] NN: cost=129.351696, feasible=true, active_stations=1
[2026-10-05 04:37:17.734] [info] [candidate.cpp:199] InstancePrecompute: built 25 candidates
[2026-10-05 04:37:17.734] [info] [stationary.cpp:264] NN: cost=365.385204, feasible=true, active_stations=1
[2026-10-05 04:37:17.734] [info] [candidate.cpp:199] InstancePrecompute: built 25 candidates
[2026-10-05 04:37:17.734] [info] [stationary.cpp:264] NN: cost=1598.360240, feasible=true, active_stations=1
[2026-10-05 04:37:17.734] [info] [candidate.cpp:199] InstancePrecompute: built 25 candidates
[2026-10-05 04:37:17.734] [info] [stationary.cpp:264] NN: cost=193.360783, feasible=true, active_stations=1
[2026-10-05 04:37:17.734] [info] [candidate.cpp:199] InstancePrecompute: built 25 candidates
[2026-10-05 04:37:17.734] [info] [stationary.cpp:264] NN: cost=13.335226, feasible=true, active_stations=1
[2026-10-05 04:37:17.734] [info] [candidate.cpp:199] InstancePrecompute: built 50 candidates
[2026-10-05 04:37:17.734] [info] [stationary.cpp:264] NN: cost=87.479085, feasible=true, active_stations=1
[2026-10-05 04:37:17.734] [info] [candidate.cpp:199] InstancePrecompute: built 25 candidates
[2026-10-05 04:37:17.734] [info] [stationary.cpp:264] NN: cost=374.719863, feasible=true, active_stations=1
[2026-10-05 04:37:17.734] [info] [candidate.cpp:199] InstancePrecompute: built 50 candidates
[2026-10-05 04:37:17.734] [info] [stationary.cpp:264] NN: cost=33.338066, feasible=true, active_stations=1
[2026-10-05 04:37:17.734] [info] [candidate.cpp:199] InstancePrecompute: built 25 candidates
[2026-10-05 04:37:17.734] [info] [stationary.cpp:264] NN: cost=13.335226, feasible=true, active_stations=1
[2026-10-05 04:37:17.734] [info] [candidate.cpp:199] InstancePrecompute: built 25 candidates
[2026-10-05 04:37:17.734] [info] [stationary.cpp:264] NN: cost=906.795397, feasible=true, active_stations=1
[2026-10-05 04:37:17.734] [info] [candidate.cpp:199] InstancePrecompute: built 25 candidates
[2026-10-05 04:37:17.734] [info] [stationary.cpp:264] NN: cost=169.890785, feasible=true, active_stations=1
[2026-10-05 04:37:17.734] [info] [candidate.cpp:199] InstancePrecompute: built 25 candidates
[2026-10-05 04:37:17.734] [info] [stationary.cpp:264] NN: cost=129.351696, feasible=true, active_stations=1
[2026-10-05 04:37:17.734] [info] [candidate.cpp:199] InstancePrecompute: built 25 candidates
[2026-10-05 04:37:17.734] [info] [stationary.cpp:264] NN: cost=365.385204, feasible=true, active_stations=1
[2026-10-05 04:37:17.734] [info] [candidate.cpp:199] InstancePrecompute: built 25 candidates
[2026-10-05 04:37:17.734] [info] [stationary.cpp:264] NN: cost=1598.360240, feasible=true, active_stations=1
[2026-10-05 04:37:17.734] [info] [candidate.cpp:199] InstancePrecompute: built 25 candidates
[2026-10-05 04:37:17.734] [info] [stationary.cpp:264] NN: cost=193.360783, feasible=true, active_stations=1
[2026-10-05 04:37:17.734] [info] [candidate.cpp:199] InstancePrecompute: built 25 candidates
[2026-10-05 04:37:17.734] [info] [stationary.cpp:264] NN: cost=13.335226, feasible=true, active_stations=1
[2026-10-05 04:37:17.734] [info] [candidate.cpp:199] InstancePrecompute: built 50 candidates
[2026-10-05 04:37:17.734] [info] [stationary.cpp:264] NN: cost=87.479085, feasible=true, active_stations=1
[2026-10-05 04:37:17.734] [info] [candidate.cpp:199] InstancePrecompute: built 25 candidates
[2026-10-05 04:37:17.734] [info] [stationary.cpp:264] NN: cost=374.719863, feasible=true, active_stations=1
[2026-10-05 04:37:17.734] [info] [candidate.cpp:199] InstancePrecompute: built 50 candidates
[2026-10-05 04:37:17.734] [info] [stationary.cpp:264] NN: cost=33.338066, feasible=true, active_stations=1
[2026-10-05 04:37:17.734] [info] [candidate.cpp:199] InstancePrecompute: built 25 candidates
[2026-10-05 04:37:17.734] [info] [stationary.cpp:264] NN: cost=13.335226, feasible=true, active_stations=1
[2026-10-05 04:37:17.734] [info] [candidate.cpp:199] InstancePrecompute: built 25 candidates
[2026-10-05 04:37:17.734] [info] [stationary.cpp:264] NN: cost=906.795397, feasible=true, active_stations=1
[2026-10-05 04:37:17.734] [info] [candidate.cpp:199] InstancePrecompute: built 25 candidates
[2026-10-05 04:37:17.734] [info] [stationary.cpp:264] NN: cost=169.890785, feasible=true, active_stations=1
[2026-10-05 04:37:17.734] [info] [candidate.cpp:199] InstancePrecompute: built 25 candidates
[2026-10-05 04:37:17.734] [info] [stationary.cpp:264] NN: cost=129.351696, feasible=true, active_stations=1
[2026-10-05 04:37:17.734] [info] [candidate.cpp:199] InstancePrecompute: built 25 candidates
[2026-10-05 04:37:17.734] [info] [stationary.cpp:264] NN: cost=365.385204, feasible=true, active_stations=1
[2026-10-05 04:37:17.734] [info] [candidate.cpp:199] InstancePrecompute: built 25 candidates
[2026-10-05 04:37:17.734] [info] [stationary.cpp:264] NN: cost=1598.360240, feasible=true, active_stations=1
[2026-10-05 04:37:17.734] [info] [candidate.cpp:199] InstancePrecompute: built 25 candidates
[2026-10-05 04:37:17.734] [info] [stationary.cpp:264] NN: cost=193.360783, feasible=true, active_stations=1
[2026-10-05 04:37:17.734] [info] [candidate.cpp:199] InstancePrecompute: built 25 candidates
[2026-10-05 04:37:17.734] [info] [stationary.cpp:264] NN: cost=13.335226, feasible=true, active_stations=1
[2026-10-05 04:37:17.734] [info] [candidate.cpp:199] InstancePrecompute: built 50 candidates
[2026-10-05 04:37:17.734] [info] [stationary.cpp:264] NN: cost=87.479085, feasible=true, active_stations=1
[2026-10-05 04:37:17.734] [info] [candidate.cpp:199] InstancePrecompute: built 25 candidates
[2026-10-05 04:37:17.734] [info] [stationary.cpp:264] NN: cost=374.719863, feasible=true, active_stations=1
[2026-10-05 04:37:17.734] [info] [candidate.cpp:199] InstancePrecompute: built 50 candidates
[2026-10-05 04:37:17.734] [info] [stationary.cpp:264] NN: cost=33.338066, feasible=true, active_stations=1
[2026-10-05 04:37:17.734] [info] [candidate.cpp:199] InstancePrecompute: built 25 candidates
[2026-10-05 04:37:17.734] [info] [stationary.cpp:264] NN: cost=13.335226, feasible=true, active_stations=1
[2026-10-05 04:37:17.734] [info] [candidate.cpp:199] InstancePrecompute: built 25 candidates
[2026-10-05 04:37:17.734] [info] [stationary.cpp:264] NN: cost=906.795397, feasible=true, active_stations=1
[2026-10-05 04:37:17.734] [info] [candidate.cpp:199] InstancePrecompute: built 25 candidates
[2026-10-05 04:37:17.734] [info] [stationary.cpp:264] NN: cost=169.890785, feasible=true, active_stations=1
[2026-10-05 04:37:17.734] [info] [candidate.cpp:199] InstancePrecompute: built 25 candidates
[2026-10-05 04:37:17.734] [info] [stationary.cpp:264] NN: cost=129.351696, feasible=true, active_stations=1
[2026-10-05 04:37:17.734] [info] [candidate.cpp:199] InstancePrecompute: built 25 candidates
[2026-10-05 04:37:17.734] [info] [stationary.cpp:264] NN: cost=365.385204, feasible=true, active_stations=1
[2026-10-05 04:37:17.734] [info] [candidate.cpp:199] InstancePrecompute: built 25 candidates
[2026-10-05 04:37:17.734] [info] [stationary.cpp:264] NN: cost=1598.360240, feasible=true, active_stations=1
[2026-10-05 04:37:17.734] [info] [candidate.cpp:199] InstancePrecompute: built 25 candidates
[2026-10-05 04:37:17.734] [info] [stationary.cpp:264] NN: cost=193.360783, feasible=true, active_stations=1
[2026-10-05 04:37:17.734] [info] [candidate.cpp:199] InstancePrecompute: built 25 candidates
[2026-10-05 04:37:17.734] [info] [stationary.cpp:264] NN: cost=13.335226, feasible=true, active_stations=1
[2026-10-05 04:37:17.734] [info] [candidate.cpp:199] InstancePrecompute: built 25 candidates
[2026-10-05 04:37:17.734] [info] [stationary.cpp:264] NN: cost=43.739543, feasible=true, active_stations=1
[2026-10-05 04:37:17.734] [info] [candidate.cpp:199] InstancePrecompute: built 25 candidates
[2026-10-05 04:37:17.734] [info] [stationary.cpp:264] NN: cost=87.479085, feasible=true, active_stations=1
[2026-10-05 04:37:17.734] [info] [candidate.cpp:199] InstancePrecompute: built 25 candidates
[2026-10-05 04:37:17.734] [info] [stationary.cpp:264] NN: cost=374.719863, feasible=true, active_stations=1
[2026-10-05 04:37:17.734] [info] [candidate.cpp:199] InstancePrecompute: built 50 candidates
[2026-10-05 04:37:17.734] [info] [stationary.cpp:264] NN: cost=33.338066, feasible=true, active_stations=1
[2026-10-05 04:37:17.734] [info] [candidate.cpp:199] InstancePrecompute: built 25 candidates
[2026-10-05 04:37:17.734] [info] [stationary.cpp:264] NN: cost=13.335226, feasible=true, active_stations=1
[2026-10-05 04:37:17.734] [info] [candidate.cpp:199] InstancePrecompute: built 25 candidates
[2026-10-05 04:37:17.734] [info] [stationary.cpp:264] NN: cost=906.795397, feasible=true, active_stations=1
[2026-10-05 04:37:17.734] [info] [candidate.cpp:199] InstancePrecompute: built 25 candidates
[2026-10-05 04:37:17.734] [info] [stationary.cpp:264] NN: cost=169.890785, feasible=true, active_stations=1
[2026-10-05 04:37:17.734] [info] [candidate.cpp:199] InstancePrecompute: built 25 candidates
[2026-10-05 04:37:17.734] [info] [stationary.cpp:264] NN: cost=129.351696, feasible=true, active_stations=1
[2026-10-05 04:37:17.734] [info] [candidate.cpp:199] InstancePrecompute: built 25 candidates
[2026-10-05 04:37:17.734] [info] [stationary.cpp:264] NN: cost=365.385204, feasible=true, active_stations=1
[2026-10-05 04:37:17.734] [info] [candidate.cpp:199] InstancePrecompute: built 25 candidates
[2026-10-05 04:37:17.734] [info] [stationary.cpp:264] NN: cost=1598.360240, feasible=true, active_stations=1
[2026-10-05 04:37:17.734] [info] [candidate.cpp:199] InstancePrecompute: built 25 candidates
[2026-10-05 04:37:17.734] [info] [stationary.cpp:264] NN: cost=193.360783, feasible=true, active_stations=1
[2026-10-05 04:37:17.734] [info] [candidate.cpp:199] InstancePrecompute: built 25 candidates
[2026-10-05 04:37:17.734] [info] [stationary.cpp:264] NN: cost=13.335226, feasible=true, active_stations=1
[2026-10-05 04:37:17.734] [info] [candidate.cpp:199] InstancePrecompute: built 25 candidates
[2026-10-05 04:37:17.734] [info] [stationary.cpp:264] NN: cost=43.739543, feasible=true, active_stations=1
[2026-10-05 04:37:17.734] [info] [candidate.cpp:199] InstancePrecompute: built 25 candidates
[2026-10-05 04:37:17.734] [info] [stationary.cpp:264] NN: cost=87.479085, feasible=true, active_stations=1
[2026-10-05 04:37:17.734] [info] [candidate.cpp:199] InstancePrecompute: built 25 candidates
[2026-10-05 04:37:17.734] [info] [stationary.cpp:264] NN: cost=374.719863, feasible=true, active_stations=1
[2026-10-05 04:37:17.734] [info] [candidate.cpp:199] InstancePrecompute: built 50 candidates
[2026-10-05 04:37:17.734] [info] [stationary.cpp:264] NN: cost=33.338066, feasible=true, active_stations=1
[2026-10-05 04:37:17.734] [info] [candidate.cpp:199] InstancePrecompute: built 25 candidates
[2026-10-05 04:37:17.734] [info] [stationary.cpp:264] NN: cost=13.335226, feasible=true, active_stations=1
[2026-10-05 04:37:17.734] [info] [candidate.cpp:199] InstancePrecompute: built 25 candidates
[2026-10-05 04:37:17.734] [info] [stationary.cpp:264] NN: cost=906.795397, feasible=true, active_stations=1
[2026-10-05 04:37:17.734] [info] [candidate.cpp:199] InstancePrecompute: built 25 candidates
[2026-10-05 04:37:17.734] [info] [stationary.cpp:264] NN: cost=169.890785, feasible=true, active_stations=1
[2026-10-05 04:37:17.734] [info] [candidate.cpp:199] InstancePrecompute: built 25 candidates
[2026-10-05 04:37:17.734] [info] [stationary.cpp:264] NN: cost=129.351696, feasible=true, active_stations=1
[2026-10-05 04:37:17.734] [info] [candidate.cpp:199] InstancePrecompute: built 25 candidates
[2026-10-05 04:37:17.734] [info] [stationary.cpp:264] NN: cost=365.385204, feasible=true, active_stations=1
[2026-10-05 04:37:17.734] [info] [candidate.cpp:199] InstancePrecompute: built 25 candidates
[2026-10-05 04:37:17.734] [info] [stationary.cpp:264] NN: cost=1598.360240, feasible=true, active_stations=1
[2026-10-05 04:37:17.734] [info] [candidate.cpp:199] InstancePrecompute: built 25 candidates
[2026-10-05 04:37:17.734] [info] [stationary.cpp:264] NN: cost=193.360783, feasible=true, active_stations=1
[2026-10-05 04:37:17.734] [info] [candidate.cpp:199] InstancePrecompute: built 25 candidates
[2026-10-05 04:37:17.734] [info] [stationary.cpp:264] NN: cost=13.335226, feasible=true, active_stations=1
[2026-10-05 04:37:17.734] [info] [candidate.cpp:199] InstancePrecompute: built 25 candidates
[2026-10-05 04:37:17.734] [info] [stationary.cpp:264] NN: cost=43.739543, feasible=true, active_stations=1
[2026-10-05 04:37:17.734] [info] [candidate.cpp:199] InstancePrecompute: built 25 candidates
[2026-10-05 04:37:17.734] [info] [stationary.cpp:264] NN: cost=87.479085, feasible=true, active_stations=1
[2026-10-05 04:37:17.734] [info] [candidate.cpp:199] InstancePrecompute: built 25 candidates
[2026-10-05 04:37:17.734] [info] [stationary.cpp:264] NN: cost=374.719863, feasible=true, active_stations=1
[2026-10-05 04:37:17.734] [info] [candidate.cpp:199] InstancePrecompute: built 25 candidates
[2026-10-05 04:37:17.734] [info] [stationary.cpp:264] NN: cost=33.338066, feasible=true, active_stations=1
[2026-10-05 04:37:17.734] [info] [candidate.cpp:199] InstancePrecompute: built 25 candidates
[2026-10-05 04:37:17.734] [info] [stationary.cpp:264] NN: cost=19.469431, feasible=true, active_stations=1
[2026-10-05 04:37:17.734] [info] [candidate.cpp:199] InstancePrecompute: built 25 candidates
[2026-10-05 04:37:17.734] [info] [stationary.cpp:264] NN: cost=13.335226, feasible=true, active_stations=1
[2026-10-05 04:37:17.734] [info] [candidate.cpp:199] InstancePrecompute: built 25 candidates
[2026-10-05 04:37:17.734] [info] [stationary.cpp:264] NN: cost=906.795397, feasible=true, active_stations=1
[2026-10-05 04:37:17.734] [info] [candidate.cpp:199] InstancePrecompute: built 25 candidates
[2026-10-05 04:37:17.734] [info] [stationary.cpp:264] NN: cost=169.890785, feasible=true, active_stations=1
[2026-10-05 04:37:17.734] [info] [candidate.cpp:199] InstancePrecompute: built 25 candidates
[2026-10-05 04:37:17.734] [info] [stationary.cpp:264] NN: cost=129.351696, feasible=true, active_stations=1
[2026-10-05 04:37:17.734] [info] [candidate.cpp:199] InstancePrecompute: built 25 candidates
[2026-10-05 04:37:17.734] [info] [stationary.cpp:264] NN: cost=365.385204, feasible=true, active_stations=1
[2026-10-05 04:37:17.734] [info] [candidate.cpp:199] InstancePrecompute: built 25 candidates
[2026-10-05 04:37:17.734] [info] [stationary.cpp:264] NN: cost=1598.360240, feasible=true, active_stations=1
[2026-10-05 04:37:17.735] [info] [candidate.cpp:199] InstancePrecompute: built 25 candidates
[2026-10-05 04:37:17.735] [info] [stationary.cpp:264] NN: cost=193.360783, feasible=true, active_stations=1
[2026-10-05 04:37:17.735] [info] [candidate.cpp:199] InstancePrecompute: built 25 candidates
[2026-10-05 04:37:17.735] [info] [stationary.cpp:264] NN: cost=13.335226, feasible=true, active_stations=1
[2026-10-05 04:37:17.735] [info] [candidate.cpp:199] InstancePrecompute: built 25 candidates
[2026-10-05 04:37:17.735] [info] [stationary.cpp:264] NN: cost=43.739543, feasible=true, active_stations=1
[2026-10-05 04:37:17.735] [info] [candidate.cpp:199] InstancePrecompute: built 25 candidates
[2026-10-05 04:37:17.735] [info] [stationary.cpp:264] NN: cost=87.479085, feasible=true, active_stations=1
[2026-10-05 04:37:17.735] [info] [candidate.cpp:199] InstancePrecompute: built 25 candidates
[2026-10-05 04:37:17.735] [info] [stationary.cpp:264] NN: cost=374.719863, feasible=true, active_stations=1
[2026-10-05 04:37:17.735] [info] [candidate.cpp:199] InstancePrecompute: built 25 candidates
[2026-10-05 04:37:17.735] [info] [stationary.cpp:264] NN: cost=33.338066, feasible=true, active_stations=1
[2026-10-05 04:37:17.735] [info] [candidate.cpp:199] InstancePrecompute: built 25 candidates
[2026-10-05 04:37:17.735] [info] [stationary.cpp:264] NN: cost=19.469431, feasible=true, active_stations=1
[2026-10-05 04:37:17.735] [info] [candidate.cpp:199] InstancePrecompute: built 25 candidates
[2026-10-05 04:37:17.735] [info] [stationary.cpp:264] NN: cost=13.335226, feasible=true, active_stations=1
[2026-10-05 04:37:17.735] [info] [candidate.cpp:199] InstancePrecompute: built 25 candidates
[2026-10-05 04:37:17.735] [info] [stationary.cpp:264] NN: cost=906.795397, feasible=true, active_stations=1
[2026-10-05 04:37:17.735] [info] [candidate.cpp:199] InstancePrecompute: built 25 candidates
[2026-10-05 04:37:17.735] [info] [stationary.cpp:264] NN: cost=169.890785, feasible=true, active_stations=1
[2026-10-05 04:37:17.735] [info] [candidate.cpp:199] InstancePrecompute: built 25 candidates
[2026-10-05 04:37:17.735] [info] [stationary.cpp:264] NN: cost=129.351696, feasible=true, active_stations=1
[2026-10-05 04:37:17.735] [info] [candidate.cpp:199] InstancePrecompute: built 25 candidates
[2026-10-05 04:37:17.735] [info] [stationary.cpp:264] NN: cost=365.385204, feasible=true, active_stations=1
[2026-10-05 04:37:17.735] [info] [candidate.cpp:199] InstancePrecompute: built 25 candidates
[2026-10-05 04:37:17.735] [info] [stationary.cpp:264] NN: cost=1598.360240, feasible=true, active_stations=1
[2026-10-05 04:37:17.735] [info] [candidate.cpp:199] InstancePrecompute: built 25 candidates
[2026-10-05 04:37:17.735] [info] [stationary.cpp:264] NN: cost=193.360783, feasible=true, active_stations=1
[2026-10-05 04:37:17.735] [info] [candidate.cpp:199] InstancePrecompute: built 25 candidates
[2026-10-05 04:37:17.735] [info] [stationary.cpp:264] NN: cost=13.335226, feasible=true, active_stations=1
[2026-10-05 04:37:17.735] [info] [candidate.cpp:199] InstancePrecompute: built 50 candidates
[2026-10-05 04:37:17.735] [info] [stationary.cpp:264] NN: cost=87.479085, feasible=true, active_stations=1
[2026-10-05 04:37:17.735] [info] [candidate.cpp:199] InstancePrecompute: built 25 candidates
[2026-10-05 04:37:17.735] [info] [stationary.cpp:264] NN: cost=374.719863, feasible=true, active_stations=1
[2026-10-05 04:37:17.735] [info] [candidate.cpp:199] InstancePrecompute: built 25 candidates
[2026-10-05 04:37:17.735] [info] [stationary.cpp:264] NN: cost=33.338066, feasible=true, active_stations=1
[2026-10-05 04:37:17.735] [info] [candidate.cpp:199] InstancePrecompute: built 25 candidates
[2026-10-05 04:37:17.735] [info] [stationary.cpp:264] NN: cost=19.469431, feasible=true, active_stations=1
[2026-10-05 04:37:17.735] [info] [candidate.cpp:199] InstancePrecompute: built 25 candidates
[2026-10-05 04:37:17.735] [info] [stationary.cpp:264] NN: cost=13.335226, feasible=true, active_stations=1
[2026-10-05 04:37:17.735] [info] [candidate.cpp:199] InstancePrecompute: built 25 candidates
[2026-10-05 04:37:17.735] [info] [stationary.cpp:264] NN: cost=906.795397, feasible=true, active_stations=1
[2026-10-05 04:37:17.735] [info] [candidate.cpp:199] InstancePrecompute: built 25 candidates
[2026-10-05 04:37:17.735] [info] [stationary.cpp:264] NN: cost=169.890785, feasible=true, active_stations=1
[2026-10-05 04:37:17.735] [info] [candidate.cpp:199] InstancePrecompute: built 25 candidates
[2026-10-05 04:37:17.735] [info] [stationary.cpp:264] NN: cost=129.351696, feasible=true, active_stations=1
[2026-10-05 04:37:17.735] [info] [candidate.cpp:199] InstancePrecompute: built 25 candidates
[2026-10-05 04:37:17.735] [info] [stationary.cpp:264] NN: cost=365.385204, feasible=true, active_stations=1
[2026-10-05 04:37:17.735] [info] [candidate.cpp:199] InstancePrecompute: built 25 candidates
[2026-10-05 04:37:17.735] [info] [stationary.cpp:264] NN: cost=1598.360240, feasible=true, active_stations=1
[2026-10-05 04:37:17.735] [info] [candidate.cpp:199] InstancePrecompute: built 25 candidates
[2026-10-05 04:37:17.735] [info] [stationary.cpp:264] NN: cost=193.360783, feasible=true, active_stations=1
[2026-10-05 04:37:17.735] [info] [candidate.cpp:199] InstancePrecompute: built 25 candidates
[2026-10-05 04:37:17.735] [info] [stationary.cpp:264] NN: cost=13.335226, feasible=true, active_stations=1
[2026-10-05 04:37:17.735] [info] [candidate.cpp:199] InstancePrecompute: built 50 candidates
[2026-10-05 04:37:17.735] [info] [stationary.cpp:264] NN: cost=87.479085, feasible=true, active_stations=1
[2026-10-05 04:37:17.735] [info] [candidate.cpp:199] InstancePrecompute: built 25 candidates
[2026-10-05 04:37:17.735] [info] [stationary.cpp:264] NN: cost=374.719863, feasible=true, active_stations=1
[2026-10-05 04:37:17.735] [info] [candidate.cpp:199] InstancePrecompute: built 50 candidates
[2026-10-05 04:37:17.735] [info] [stationary.cpp:264] NN: cost=33.338066, feasible=true, active_stations=1
[2026-10-05 04:37:17.735] [info] [candidate.cpp:199] InstancePrecompute: built 25 candidates
[2026-10-05 04:37:17.735] [info] [stationary.cpp:264] NN: cost=13.335226, feasible=true, active_stations=1
[2026-10-05 04:37:17.735] [info] [candidate.cpp:199] InstancePrecompute: built 25 candidates
[2026-10-05 04:37:17.735] [info] [stationary.cpp:264] NN: cost=906.795397, feasible=true, active_stations=1
[2026-10-05 04:37:17.735] [info] [candidate.cpp:199] InstancePrecompute: built 25 candidates
[2026-10-05 04:37:17.735] [info] [stationary.cpp:264] NN: cost=169.890785, feasible=true, active_stations=1
[2026-10-05 04:37:17.735] [info] [candidate.cpp:199] InstancePrecompute: built 25 candidates
[2026-10-05 04:37:17.735] [info] [stationary.cpp:264] NN: cost=129.351696, feasible=true, active_stations=1
[2026-10-05 04:37:17.735] [info] [candidate.cpp:199] InstancePrecompute: built 25 candidates
[2026-10-05 04:37:17.735] [info] [stationary.cpp:264] NN: cost=365.385204, feasible=true, active_stations=1
[2026-10-05 04:37:17.735] [info] [candidate.cpp:199] InstancePrecompute: built 25 candidates
[2026-10-05 04:37:17.735] [info] [stationary.cpp:264] NN: cost=1598.360240, feasible=true, active_stations=1
[2026-10-05 04:37:17.735] [info] [candidate.cpp:199] InstancePrecompute: built 25 candidates
[2026-10-05 04:37:17.735] [info] [stationary.cpp:264] NN: cost=193.360783, feasible=true, active_stations=1
[2026-10-05 04:37:17.735] [info] [candidate.cpp:199] InstancePrecompute: built 25 candidates
[2026-10-05 04:37:17.735] [info] [stationary.cpp:264] NN: cost=13.335226, feasible=true, active_stations=1
[2026-10-05 04:37:17.735] [info] [candidate.cpp:199] InstancePrecompute: built 50 candidates
[2026-10-05 04:37:17.735] [info] [stationary.cpp:264] NN: cost=87.479085, feasible=true, active_stations=1
[2026-10-05 04:37:17.735] [info] [candidate.cpp:199] InstancePrecompute: built 25 candidates
[2026-10-05 04:37:17.735] [info] [stationary.cpp:264] NN: cost=374.719863, feasible=true, active_stations=1
[2026-10-05 04:37:17.735] [info] [candidate.cpp:199] InstancePrecompute: built 50 candidates
[2026-10-05 04:37:17.735] [info] [stationary.cpp:264] NN: cost=33.338066, feasible=true, active_stations=1
[2026-10-05 04:37:17.735] [info] [candidate.cpp:199] InstancePrecompute: built 25 candidates
[2026-10-05 04:37:17.735] [info] [stationary.cpp:264] NN: cost=13.335226, feasible=true, active_stations=1
[2026-10-05 04:37:17.735] [info] [candidate.cpp:199] InstancePrecompute: built 25 candidates
[2026-10-05 04:37:17.735] [info] [stationary.cpp:264] NN: cost=906.795397, feasible=true, active_stations=1
[2026-10-05 04:37:17.735] [info] [candidate.cpp:199] InstancePrecompute: built 25 candidates
[2026-10-05 04:37:17.735] [info] [stationary.cpp:264] NN: cost=169.890785, feasible=true, active_stations=1
[2026-10-05 04:37:17.735] [info] [candidate.cpp:199] InstancePrecompute: built 25 candidates
[2026-10-05 04:37:17.735] [info] [stationary.cpp:264] NN: cost=129.351696, feasible=true, active_stations=1
[2026-10-05 04:37:17.735] [info] [candidate.cpp:199] InstancePrecompute: built 25 candidates
[2026-10-05 04:37:17.735] [info] [stationary.cpp:264] NN: cost=365.385204, feasible=true, active_stations=1
[2026-10-05 04:37:17.735] [info] [candidate.cpp:199] InstancePrecompute: built 25 candidates
[2026-10-05 04:37:17.735] [info] [stationary.cpp:264] NN: cost=1598.360240, feasible=true, active_stations=1
[2026-10-05 04:37:17.735] [info] [candidate.cpp:199] InstancePrecompute: built 25 candidates
[2026-10-05 04:37:17.735] [info] [stationary.cpp:264] NN: cost=193.360783, feasible=true, active_stations=1
[2026-10-05 04:37:17.735] [info] [candidate.cpp:199] InstancePrecompute: built 25 candidates
[2026-10-05 04:37:17.735] [info] [stationary.cpp:264] NN: cost=13.335226, feasible=true, active_stations=1
[2026-10-05 04:37:17.735] [info] [candidate.cpp:199] InstancePrecompute: built 50 candidates
[2026-10-05 04:37:17.735] [info] [stationary.cpp:264] NN: cost=87.479085, feasible=true, active_stations=1
[2026-10-05 04:37:17.735] [info] [candidate.cpp:199] InstancePrecompute: built 25 candidates
[2026-10-05 04:37:17.735] [info] [stationary.cpp:264] NN: cost=374.719863, feasible=true, active_stations=1
[2026-10-05 04:37:17.735] [info] [candidate.cpp:199] InstancePrecompute: built 50 candidates
[2026-10-05 04:37:17.735] [info] [stationary.cpp:264] NN: cost=33.338066, feasible=true, active_stations=1
[2026-10-05 04:37:17.735] [info] [candidate.cpp:199] InstancePrecompute: built 25 candidates
[2026-10-05 04:37:17.735] [info] [stationary.cpp:264] NN: cost=13.335226, feasible=true, active_stations=1
[2026-10-05 04:37:17.735] [info] [candidate.cpp:199] InstancePrecompute: built 25 candidates
[2026-10-05 04:37:17.735] [info] [stationary.cpp:264] NN: cost=906.795397, feasible=true, active_stations=1
[2026-10-05 04:37:17.735] [info] [candidate.cpp:199] InstancePrecompute: built 25 candidates
[2026-10-05 04:37:17.735] [info] [stationary.cpp:264] NN: cost=169.890785, feasible=true, active_stations=1
[2026-10-05 04:37:17.735] [info] [candidate.cpp:199] InstancePrecompute: built 25 candidates
[2026-10-05 04:37:17.735] [info] [stationary.cpp:264] NN: cost=129.351696, feasible=true, active_stations=1
[2026-10-05 04:37:17.735] [info] [candidate.cpp:199] InstancePrecompute: built 25 candidates
[2026-10-05 04:37:17.735] [info] [stationary.cpp:264] NN: cost=365.385204, feasible=true, active_stations=1
[2026-10-05 04:37:17.735] [info] [candidate.cpp:199] InstancePrecompute: built 25 candidates
[2026-10-05 04:37:17.735] [info] [stationary.cpp:264] NN: cost=1598.360240, feasible=true, active_stations=1
[2026-10-05 04:37:17.735] [info] [candidate.cpp:199] InstancePrecompute: built 25 candidates
[2026-10-05 04:37:17.735] [info] [stationary.cpp:264] NN: cost=193.360783, feasible=true, active_stations=1
[2026-10-05 04:37:17.735] [info] [candidate.cpp:199] InstancePrecompute: built 25 candidates
[2026-10-05 04:37:17.735] [info] [stationary.cpp:264] NN: cost=13.335226, feasible=true, active_stations=1
[2026-10-05 04:37:17.735] [info] [candidate.cpp:199] InstancePrecompute: built 25 candidates
[2026-10-05 04:37:17.735] [info] [stationary.cpp:264] NN: cost=43.739543, feasible=true, active_stations=1
[2026-10-05 04:37:17.735] [info] [candidate.cpp:199] InstancePrecompute: built 25 candidates
[2026-10-05 04:37:17.735] [info] [stationary.cpp:264] NN: cost=87.479085, feasible=true, active_stations=1
[2026-10-05 04:37:17.735] [info] [candidate.cpp:199] InstancePrecompute: built 25 candidates
[2026-10-05 04:37:17.735] [info] [stationary.cpp:264] NN: cost=374.719863, feasible=true, active_stations=1
[2026-10-05 04:37:17.735] [info] [candidate.cpp:199] InstancePrecompute: built 50 candidates
[2026-10-05 04:37:17.735] [info] [stationary.cpp:264] NN: cost=33.338066, feasible=true, active_stations=1
[2026-10-05 04:37:17.735] [info] [candidate.cpp:199] InstancePrecompute: built 25 candidates
[2026-10-05 04:37:17.735] [info] [stationary.cpp:264] NN: cost=13.335226, feasible=true, active_stations=1
[2026-10-05 04:37:17.735] [info] [candidate.cpp:199] InstancePrecompute: built 25 candidates
[2026-10-05 04:37:17.735] [info] [stationary.cpp:264] NN: cost=906.795397, feasible=true, active_stations=1
[2026-10-05 04:37:17.735] [info] [candidate.cpp:199] InstancePrecompute: built 25 candidates
[2026-10-05 04:37:17.735] [info] [stationary.cpp:264] NN: cost=169.890785, feasible=true, active_stations=1
[2026-10-05 04:37:17.735] [info] [candidate.cpp:199] InstancePrecompute: built 25 candidates
[2026-10-05 04:37:17.735] [info] [stationary.cpp:264] NN: cost=129.351696, feasible=true, active_stations=1
[2026-10-05 04:37:17.735] [info] [candidate.cpp:199] InstancePrecompute: built 25 candidates
[2026-10-05 04:37:17.735] [info] [stationary.cpp:264] NN: cost=365.385204, feasible=true, active_stations=1
[2026-10-05 04:37:17.735] [info] [candidate.cpp:199] InstancePrecompute: built 25 candidates
[2026-10-05 04:37:17.735] [info] [stationary.cpp:264] NN: cost=1598.360240, feasible=true, active_stations=1
[2026-10-05 04:37:17.735] [info] [candidate.cpp:199] InstancePrecompute: built 25 candidates
[2026-10-05 04:37:17.735] [info] [stationary.cpp:264] NN: cost=193.360783, feasible=true, active_stations=1
[2026-10-05 04:37:17.735] [info] [candidate.cpp:199] InstancePrecompute: built 25 candidates
[2026-10-05 04:37:17.735] [info] [stationary.cpp:264] NN: cost=13.335226, feasible=true, active_stations=1
[2026-10-05 04:37:17.735] [info] [candidate.cpp:199] InstancePrecompute: built 25 candidates
[2026-10-05 04:37:17.735] [info] [stationary.cpp:264] NN: cost=43.739543, feasible=true, active_stations=1
[2026-10-05 04:37:17.735] [info] [candidate.cpp:199] InstancePrecompute: built 25 candidates
[2026-10-05 04:37:17.735] [info] [stationary.cpp:264] NN: cost=87.479085, feasible=true, active_stations=1
[2026-10-05 04:37:17.735] [info] [candidate.cpp:199] InstancePrecompute: built 25 candidates
[2026-10-05 04:37:17.735] [info] [stationary.cpp:264] NN: cost=374.719863, feasible=true, active_stations=1
[2026-10-05 04:37:17.735] [info] [candidate.cpp:199] InstancePrecompute: built 50 candidates
[2026-10-05 04:37:17.735] [info] [stationary.cpp:264] NN: cost=33.338066, feasible=true, active_stations=1
[2026-10-05 04:37:17.735] [info] [candidate.cpp:199] InstancePrecompute: built 25 candidates
[2026-10-05 04:37:17.735] [info] [stationary.cpp:264] NN: cost=13.335226, feasible=true, active_stations=1
[2026-10-05 04:37:17.735] [info] [candidate.cpp:199] InstancePrecompute: built 25 candidates
[2026-10-05 04:37:17.735] [info] [stationary.cpp:264] NN: cost=906.795397, feasible=true, active_stations=1
[2026-10-05 04:37:17.735] [info] [candidate.cpp:199] InstancePrecompute: built 25 candidates
[2026-10-05 04:37:17.735] [info] [stationary.cpp:264] NN: cost=169.890785, feasible=true, active_stations=1
[2026-10-05 04:37:17.735] [info] [candidate.cpp:199] InstancePrecompute: built 25 candidates
[2026-10-05 04:37:17.735] [info] [stationary.cpp:264] NN: cost=129.351696, feasible=true, active_stations=1
[2026-10-05 04:37:17.735] [info] [candidate.cpp:199] InstancePrecompute: built 25 candidates
[2026-10-05 04:37:17.735] [info] [stationary.cpp:264] NN: cost=365.385204, feasible=true, active_stations=1
[2026-10-05 04:37:17.735] [info] [candidate.cpp:199] InstancePrecompute: built 25 candidates
[2026-10-05 04:37:17.735] [info] [stationary.cpp:264] NN: cost=1598.360240, feasible=true, active_stations=1
[2026-10-05 04:37:17.735] [info] [candidate.cpp:199] InstancePrecompute: built 25 candidates
[2026-10-05 04:37:17.735] [info] [stationary.cpp:264] NN: cost=193.360783, feasible=true, active_stations=1
[2026-10-05 04:37:17.735] [info] [candidate.cpp:199] InstancePrecompute: built 25 candidates
[2026-10-05 04:37:17.735] [info] [stationary.cpp:264] NN: cost=13.335226, feasible=true, active_stations=1
[2026-10-05 04:37:17.735] [info] [candidate.cpp:199] InstancePrecompute: built 25 candidates
[2026-10-05 04:37:17.735] [info] [stationary.cpp:264] NN: cost=43.739543, feasible=true, active_stations=1
[2026-10-05 04:37:17.735] [info] [candidate.cpp:199] InstancePrecompute: built 25 candidates
[2026-10-05 04:37:17.735] [info] [stationary.cpp:264] NN: cost=87.479085, feasible=true, active_stations=1
[2026-10-05 04:37:17.735] [info] [candidate.cpp:199] InstancePrecompute: built 25 candidates
[2026-10-05 04:37:17.735] [info] [stationary.cpp:264] NN: cost=374.719863, feasible=true, active_stations=1
[2026-10-05 04:37:17.735] [info] [candidate.cpp:199] InstancePrecompute: built 25 candidates
[2026-10-05 04:37:17.735] [info] [stationary.cpp:264] NN: cost=33.338066, feasible=true, active_stations=1
[2026-10-05 04:37:17.735] [info] [candidate.cpp:199] InstancePrecompute: built 25 candidates
[2026-10-05 04:37:17.735] [info] [stationary.cpp:264] NN: cost=19.469431, feasible=true, active_stations=1
[2026-10-05 04:37:17.735] [info] [candidate.cpp:199] InstancePrecompute: built 25 candidates
[2026-10-05 04:37:17.735] [info] [stationary.cpp:264] NN: cost=13.335226, feasible=true, active_stations=1
[2026-10-05 04:37:17.735] [info] [candidate.cpp:199] InstancePrecompute: built 25 candidates
[2026-10-05 04:37:17.735] [info] [stationary.cpp:264] NN: cost=906.795397, feasible=true, active_stations=1
[2026-10-05 04:37:17.735] [info] [candidate.cpp:199] InstancePrecompute: built 25 candidates
[2026-10-05 04:37:17.735] [info] [stationary.cpp:264] NN: cost=169.890785, feasible=true, active_stations=1
[2026-10-05 04:37:17.735] [info] [candidate.cpp:199] InstancePrecompute: built 25 candidates
[2026-10-05 04:37:17.735] [info] [stationary.cpp:264] NN: cost=129.351696, feasible=true, active_stations=1
[2026-10-05 04:37:17.735] [info] [candidate.cpp:199] InstancePrecompute: built 25 candidates
[2026-10-05 04:37:17.735] [info] [stationary.cpp:264] NN: cost=365.385204, feasible=true, active_stations=1
[2026-10-05 04:37:17.735] [info] [candidate.cpp:199] InstancePrecompute: built 25 candidates
[2026-10-05 04:37:17.735] [info] [stationary.cpp:264] NN: cost=1598.360240, feasible=true, active_stations=1
[2026-10-05 04:37:17.735] [info] [candidate.cpp:199] InstancePrecompute: built 25 candidates
[2026-10-05 04:37:17.735] [info] [stationary.cpp:264] NN: cost=193.360783, feasible=true, active_stations=1
[2026-10-05 04:37:17.735] [info] [candidate.cpp:199] InstancePrecompute: built 25 candidates
[2026-10-05 04:37:17.735] [info] [stationary.cpp:264] NN: cost=13.335226, feasible=true, active_stations=1
[2026-10-05 04:37:17.735] [info] [candidate.cpp:199] InstancePrecompute: built 25 candidates
[2026-10-05 04:37:17.735] [info] [stationary.cpp:264] NN: cost=43.739543, feasible=true, active_stations=1
[2026-10-05 04:37:17.735] [info] [candidate.cpp:199] InstancePrecompute: built 25 candidates
[2026-10-05 04:37:17.735] [info] [stationary.cpp:264] NN: cost=87.479085, feasible=true, active_stations=1
[2026-10-05 04:37:17.735] [info] [candidate.cpp:199] InstancePrecompute: built 25 candidates
[2026-10-05 04:37:17.735] [info] [stationary.cpp:264] NN: cost=374.719863, feasible=true, active_stations=1
[2026-10-05 04:37:17.735] [info] [candidate.cpp:199] InstancePrecompute: built 25 candidates
[2026-10-05 04:37:17.735] [info] [stationary.cpp:264] NN: cost=33.338066, feasible=true, active_stations=1
[2026-10-05 04:37:17.735] [info] [candidate.cpp:199] InstancePrecompute: built 25 candidates
[2026-10-05 04:37:17.735] [info] [stationary.cpp:264] NN: cost=19.469431, feasible=true, active_stations=1
[2026-10-05 04:37:17.735] [info] [candidate.cpp:199] InstancePrecompute: built 25 candidates
[2026-10-05 04:37:17.735] [info] [stationary.cpp:264] NN: cost=13.335226, feasible=true, active_stations=1
[2026-10-05 04:37:17.735] [info] [candidate.cpp:199] InstancePrecompute: built 25 candidates
[2026-10-05 04:37:17.735] [info] [stationary.cpp:264] NN: cost=906.795397, feasible=true, active_stations=1
[2026-10-05 04:37:17.735] [info] [candidate.cpp:199] InstancePrecompute: built 25 candidates
[2026-10-05 04:37:17.735] [info] [stationary.cpp:264] NN: cost=169.890785, feasible=true, active_stations=1
[2026-10-05 04:37:17.735] [info] [candidate.cpp:199] InstancePrecompute: built 25 candidates
[2026-10-05 04:37:17.735] [info] [stationary.cpp:264] NN: cost=129.351696, feasible=true, active_stations=1
[2026-10-05 04:37:17.735] [info] [candidate.cpp:199] InstancePrecompute: built 25 candidates
[2026-10-05 04:37:17.735] [info] [stationary.cpp:264] NN: cost=365.385204, feasible=true, active_stations=1
[2026-10-05 04:37:17.735] [info] [candidate.cpp:199] InstancePrecompute: built 25 candidates
[2026-10-05 04:37:17.735] [info] [stationary.cpp:264] NN: cost=1598.360240, feasible=true, active_stations=1
[2026-10-05 04:37:17.735] [info] [candidate.cpp:199] InstancePrecompute: built 25 candidates
[2026-10-05 04:37:17.735] [info] [stationary.cpp:264] NN: cost=193.360783, feasible=true, active_stations=1
[2026-10-05 04:37:17.735] [info] [candidate.cpp:199] InstancePrecompute: built 25 candidates
[2026-10-05 04:37:17.735] [info] [stationary.cpp:264] NN: cost=13.335226, feasible=true, active_stations=1
[2026-10-05 04:37:17.735] [info] [candidate.cpp:199] InstancePrecompute: built 50 candidates
[2026-10-05 04:37:17.735] [info] [stationary.cpp:264] NN: cost=87.479085, feasible=true, active_stations=1
[2026-10-05 04:37:17.735] [info] [candidate.cpp:199] InstancePrecompute: built 25 candidates
[2026-10-05 04:37:17.735] [info] [stationary.cpp:264] NN: cost=374.719863, feasible=true, active_stations=1
[2026-10-05 04:37:17.735] [info] [candidate.cpp:199] InstancePrecompute: built 25 candidates
[2026-10-05 04:37:17.735] [info] [stationary.cpp:264] NN: cost=33.338066, feasible=true, active_stations=1
[2026-10-05 04:37:17.735] [info] [candidate.cpp:199] InstancePrecompute: built 25 candidates
[2026-10-05 04:37:17.735] [info] [stationary.cpp:264] NN: cost=19.469431, feasible=true, active_stations=1
[2026-10-05 04:37:17.735] [info] [candidate.cpp:199] InstancePrecompute: built 25 candidates
[2026-10-05 04:37:17.735] [info] [stationary.cpp:264] NN: cost=13.335226, feasible=true, active_stations=1
[2026-10-05 04:37:17.735] [info] [candidate.cpp:199] InstancePrecompute: built 25 candidates
[2026-10-05 04:37:17.735] [info] [stationary.cpp:264] NN: cost=906.795397, feasible=true, active_stations=1
[2026-10-05 04:37:17.735] [info] [candidate.cpp:199] InstancePrecompute: built 25 candidates
[2026-10-05 04:37:17.735] [info] [stationary.cpp:264] NN: cost=169.890785, feasible=true, active_stations=1
[2026-10-05 04:37:17.735] [info] [candidate.cpp:199] InstancePrecompute: built 25 candidates
[2026-10-05 04:37:17.735] [info] [stationary.cpp:264] NN: cost=129.351696, feasible=true, active_stations=1
[2026-10-05 04:37:17.735] [info] [candidate.cpp:199] InstancePrecompute: built 25 candidates
[2026-10-05 04:37:17.735] [info] [stationary.cpp:264] NN: cost=365.385204, feasible=true, active_stations=1
[2026-10-05 04:37:17.735] [info] [candidate.cpp:199] InstancePrecompute: built 25 candidates
[2026-10-05 04:37:17.735] [info] [stationary.cpp:264] NN: cost=1598.360240, feasible=true, active_stations=1
[2026-10-05 04:37:17.735] [info] [candidate.cpp:199] InstancePrecompute: built 25 candidates
[2026-10-05 04:37:17.735] [info] [stationary.cpp:264] NN: cost=193.360783, feasible=true, active_stations=1
[2026-10-05 04:37:17.735] [info] [candidate.cpp:199] InstancePrecompute: built 25 candidates
[2026-10-05 04:37:17.735] [info] [stationary.cpp:264] NN: cost=13.335226, feasible=true, active_stations=1
[2026-10-05 04:37:17.735] [info] [candidate.cpp:199] InstancePrecompute: built 50 candidates
[2026-10-05 04:37:17.735] [info] [stationary.cpp:264] NN: cost=87.479085, feasible=true, active_stations=1
[2026-10-05 04:37:17.735] [info] [candidate.cpp:199] InstancePrecompute: built 25 candidates
[2026-10-05 04:37:17.735] [info] [stationary.cpp:264] NN: cost=374.719863, feasible=true, active_stations=1
[2026-10-05 04:37:17.735] [info] [candidate.cpp:199] InstancePrecompute: built 50 candidates
[2026-10-05 04:37:17.735] [info] [stationary.cpp:264] NN: cost=33.338066, feasible=true, active_stations=1
[2026-10-05 04:37:17.735] [info] [candidate.cpp:199] InstancePrecompute: built 25 candidates
[2026-10-05 04:37:17.735] [info] [stationary.cpp:264] NN: cost=13.335226, feasible=true, active_stations=1
[2026-10-05 04:37:17.735] [info] [candidate.cpp:199] InstancePrecompute: built 25 candidates
[2026-10-05 04:37:17.735] [info] [stationary.cpp:264] NN: cost=906.795397, feasible=true, active_stations=1
[2026-10-05 04:37:17.735] [info] [candidate.cpp:199] InstancePrecompute: built 25 candidates
[2026-10-05 04:37:17.735] [info] [stationary.cpp:264] NN: cost=169.890785, feasible=true, active_stations=1
[2026-10-05 04:37:17.735] [info] [candidate.cpp:199] InstancePrecompute: built 25 candidates
[2026-10-05 04:37:17.735] [info] [stationary.cpp:264] NN: cost=129.351696, feasible=true, active_stations=1
[2026-10-05 04:37:17.735] [info] [candidate.cpp:199] InstancePrecompute: built 25 candidates
[2026-10-05 04:37:17.735] [info] [stationary.cpp:264] NN: cost=365.385204, feasible=true, active_stations=1
[2026-10-05 04:37:17.735] [info] [candidate.cpp:199] InstancePrecompute: built 25 candidates
[2026-10-05 04:37:17.735] [info] [stationary.cpp:264] NN: cost=1598.360240, feasible=true, active_stations=1
[2026-10-05 04:37:17.735] [info] [candidate.cpp:199] InstancePrecompute: built 25 candidates
[2026-10-05 04:37:17.735] [info] [stationary.cpp:264] NN: cost=193.360783, feasible=true, active_stations=1
[2026-10-05 04:37:17.735] [info] [candidate.cpp:199] InstancePrecompute: built 25 candidates
[2026-10-05 04:37:17.735] [info] [stationary.cpp:264] NN: cost=13.335226, feasible=true, active_stations=1
[2026-10-05 04:37:17.735] [info] [candidate.cpp:199] InstancePrecompute: built 50 candidates
[2026-10-05 04:37:17.735] [info] [stationary.cpp:264] NN: cost=87.479085, feasible=true, active_stations=1
[2026-10-05 04:37:17.735] [info] [candidate.cpp:199] InstancePrecompute: built 25 candidates
[2026-10-05 04:37:17.735] [info] [stationary.cpp:264] NN: cost=374.719863, feasible=true, active_stations=1
[2026-10-05 04:37:17.735] [info] [candidate.cpp:199] InstancePrecompute: built 50 candidates
[2026-10-05 04:37:17.735] [info] [stationary.cpp:264] NN: cost=33.338066, feasible=true, active_stations=1
[2026-10-05 04:37:17.735] [info] [candidate.cpp:199] InstancePrecompute: built 25 candidates
[2026-10-05 04:37:17.735] [info] [stationary.cpp:264] NN: cost=13.335226, feasible=true, active_stations=1
[2026-10-05 04:37:17.735] [info] [candidate.cpp:199] InstancePrecompute: built 25 candidates
[2026-10-05 04:37:17.735] [info] [stationary.cpp:264] NN: cost=906.795397, feasible=true, active_stations=1
[2026-10-05 04:37:17.735] [info] [candidate.cpp:199] InstancePrecompute: built 25 candidates
[2026-10-05 04:37:17.735] [info] [stationary.cpp:264] NN: cost=169.890785, feasible=true, active_stations=1
[2026-10-05 04:37:17.735] [info] [candidate.cpp:199] InstancePrecompute: built 25 candidates
[2026-10-05 04:37:17.735] [info] [stationary.cpp:264] NN: cost=129.351696, feasible=true, active_stations=1
[2026-10-05 04:37:17.735] [info] [candidate.cpp:199] InstancePrecompute: built 25 candidates
[2026-10-05 04:37:17.735] [info] [stationary.cpp:264] NN: cost=365.385204, feasible=true, active_stations=1
[2026-10-05 04:37:17.735] [info] [candidate.cpp:199] InstancePrecompute: built 25 candidates
[2026-10-05 04:37:17.735] [info] [stationary.cpp:264] NN: cost=1598.360240, feasible=true, active_stations=1
[2026-10-05 04:37:17.735] [info] [candidate.cpp:199] InstancePrecompute: built 25 candidates
[2026-10-05 04:37:17.735] [info] [stationary.cpp:264] NN: cost=193.360783, feasible=true, active_stations=1
[2026-10-05 04:37:17.735] [info] [candidate.cpp:199] InstancePrecompute: built 25 candidates
[2026-10-05 04:37:17.735] [info] [stationary.cpp:264] NN: cost=13.335226, feasible=true, active_stations=1
[2026-10-05 04:37:17.735] [info] [candidate.cpp:199] InstancePrecompute: built 50 candidates
[2026-10-05 04:37:17.735] [info] [stationary.cpp:264] NN: cost=87.479085, feasible=true, active_stations=1
[2026-10-05 04:37:17.735] [info] [candidate.cpp:199] InstancePrecompute: built 25 candidates
[2026-10-05 04:37:17.735] [info] [stationary.cpp:264] NN: cost=374.719863, feasible=true, active_stations=1
[2026-10-05 04:37:17.735] [info] [candidate.cpp:199] InstancePrecompute: built 50 candidates
[2026-10-05 04:37:17.735] [info] [stationary.cpp:264] NN: cost=33.338066, feasible=true, active_stations=1
[2026-10-05 04:37:17.735] [info] [candidate.cpp:199] InstancePrecompute: built 25 candidates
[2026-10-05 04:37:17.735] [info] [stationary.cpp:264] NN: cost=13.335226, feasible=true, active_stations=1
[2026-10-05 04:37:17.735] [info] [candidate.cpp:199] InstancePrecompute: built 25 candidates
[2026-10-05 04:37:17.735] [info] [stationary.cpp:264] NN: cost=906.795397, feasible=true, active_stations=1
[2026-10-05 04:37:17.735] [info] [candidate.cpp:199] InstancePrecompute: built 25 candidates
[2026-10-05 04:37:17.736] [info] [stationary.cpp:264] NN: cost=169.890785, feasible=true, active_stations=1
[2026-10-05 04:37:17.736] [info] [candidate.cpp:199] InstancePrecompute: built 25 candidates
[2026-10-05 04:37:17.736] [info] [stationary.cpp:264] NN: cost=129.351696, feasible=true, active_stations=1
[2026-10-05 04:37:17.736] [info] [candidate.cpp:199] InstancePrecompute: built 25 candidates
[2026-10-05 04:37:17.736] [info] [stationary.cpp:264] NN: cost=365.385204, feasible=true, active_stations=1
[2026-10-05 04:37:17.736] [info] [candidate.cpp:199] InstancePrecompute: built 25 candidates
[2026-10-05 04:37:17.736] [info] [stationary.cpp:264] NN: cost=1598.360240, feasible=true, active_stations=1
[2026-10-05 04:37:17.736] [info] [candidate.cpp:199] InstancePrecompute: built 25 candidates
[2026-10-05 04:37:17.736] [info] [stationary.cpp:264] NN: cost=193.360783, feasible=true, active_stations=1
[2026-10-05 04:37:17.736] [info] [candidate.cpp:199] InstancePrecompute: built 25 candidates
[2026-10-05 04:37:17.736] [info] [stationary.cpp:264] NN: cost=13.335226, feasible=true, active_stations=1
[2026-10-05 04:37:17.736] [info] [candidate.cpp:199] InstancePrecompute: built 25 candidates
[2026-10-05 04:37:17.736] [info] [stationary.cpp:264] NN: cost=43.739543, feasible=true, active_stations=1
[2026-10-05 04:37:17.736] [info] [candidate.cpp:199] InstancePrecompute: built 25 candidates
[2026-10-05 04:37:17.736] [info] [stationary.cpp:264] NN: cost=87.479085, feasible=true, active_stations=1
[2026-10-05 04:37:17.736] [info] [candidate.cpp:199] InstancePrecompute: built 25 candidates
[2026-10-05 04:37:17.736] [info] [stationary.cpp:264] NN: cost=374.719863, feasible=true, active_stations=1
[2026-10-05 04:37:17.736] [info] [candidate.cpp:199] InstancePrecompute: built 50 candidates
[2026-10-05 04:37:17.736] [info] [stationary.cpp:264] NN: cost=33.338066, feasible=true, active_stations=1
[2026-10-05 04:37:17.736] [info] [candidate.cpp:199] InstancePrecompute: built 25 candidates
[2026-10-05 04:37:17.736] [info] [stationary.cpp:264] NN: cost=13.335226, feasible=true, active_stations=1
[2026-10-05 04:37:17.736] [info] [candidate.cpp:199] InstancePrecompute: built 25 candidates
[2026-10-05 04:37:17.736] [info] [stationary.cpp:264] NN: cost=906.795397, feasible=true, active_stations=1
[2026-10-05 04:37:17.736] [info] [candidate.cpp:199] InstancePrecompute: built 25 candidates
[2026-10-05 04:37:17.736] [info] [stationary.cpp:264] NN: cost=169.890785, feasible=true, active_stations=1
[2026-10-05 04:37:17.736] [info] [candidate.cpp:199] InstancePrecompute: built 25 candidates
[2026-10-05 04:37:17.736] [info] [stationary.cpp:264] NN: cost=129.351696, feasible=true, active_stations=1
[2026-10-05 04:37:17.736] [info] [candidate.cpp:199] InstancePrecompute: built 25 candidates
[2026-10-05 04:37:17.736] [info] [stationary.cpp:264] NN: cost=365.385204, feasible=true, active_stations=1
[2026-10-05 04:37:17.736] [info] [candidate.cpp:199] InstancePrecompute: built 25 candidates
[2026-10-05 04:37:17.736] [info] [stationary.cpp:264] NN: cost=1598.360240, feasible=true, active_stations=1
[2026-10-05 04:37:17.736] [info] [candidate.cpp:199] InstancePrecompute: built 25 candidates
[2026-10-05 04:37:17.736] [info] [stationary.cpp:264] NN: cost=193.360783, feasible=true, active_stations=1
[2026-10-05 04:37:17.736] [info] [candidate.cpp:199] InstancePrecompute: built 25 candidates
[2026-10-05 04:37:17.736] [info] [stationary.cpp:264] NN: cost=13.335226, feasible=true, active_stations=1
[2026-10-05 04:37:17.736] [info] [candidate.cpp:199] InstancePrecompute: built 25 candidates
[2026-10-05 04:37:17.736] [info] [stationary.cpp:264] NN: cost=43.739543, feasible=true, active_stations=1
[2026-10-05 04:37:17.736] [info] [candidate.cpp:199] InstancePrecompute: built 25 candidates
[2026-10-05 04:37:17.736] [info] [stationary.cpp:264] NN: cost=87.479085, feasible=true, active_stations=1
[2026-10-05 04:37:17.736] [info] [candidate.cpp:199] InstancePrecompute: built 25 candidates
[2026-10-05 04:37:17.736] [info] [stationary.cpp:264] NN: cost=374.719863, feasible=true, active_stations=1
[2026-10-05 04:37:17.736] [info] [candidate.cpp:199] InstancePrecompute: built 50 candidates
[2026-10-05 04:37:17.736] [info] [stationary.cpp:264] NN: cost=33.338066, feasible=true, active_stations=1
[2026-10-05 04:37:17.736] [info] [candidate.cpp:199] InstancePrecompute: built 25 candidates
[2026-10-05 04:37:17.736] [info] [stationary.cpp:264] NN: cost=13.335226, feasible=true, active_stations=1
[2026-10-05 04:37:17.736] [info] [candidate.cpp:199] InstancePrecompute: built 25 candidates
[2026-10-05 04:37:17.736] [info] [stationary.cpp:264] NN: cost=906.795397, feasible=true, active_stations=1
[2026-10-05 04:37:17.736] [info] [candidate.cpp:199] InstancePrecompute: built 25 candidates
[2026-10-05 04:37:17.736] [info] [stationary.cpp:264] NN: cost=169.890785, feasible=true, active_stations=1
[2026-10-05 04:37:17.736] [info] [candidate.cpp:199] InstancePrecompute: built 25 candidates
[2026-10-05 04:37:17.736] [info] [stationary.cpp:264] NN: cost=129.351696, feasible=true, active_stations=1
[2026-10-05 04:37:17.736] [info] [candidate.cpp:199] InstancePrecompute: built 25 candidates
[2026-10-05 04:37:17.736] [info] [stationary.cpp:264] NN: cost=365.385204, feasible=true, active_stations=1
[2026-10-05 04:37:17.736] [info] [candidate.cpp:199] InstancePrecompute: built 25 candidates
[2026-10-05 04:37:17.736] [info] [stationary.cpp:264] NN: cost=1598.360240, feasible=true, active_stations=1
[2026-10-05 04:37:17.736] [info] [candidate.cpp:199] InstancePrecompute: built 25 candidates
[2026-10-05 04:37:17.736] [info] [stationary.cpp:264] NN: cost=193.360783, feasible=true, active_stations=1
[2026-10-05 04:37:17.736] [info] [candidate.cpp:199] InstancePrecompute: built 25 candidates
[2026-10-05 04:37:17.736] [info] [stationary.cpp:264] NN: cost=13.335226, feasible=true, active_stations=1
[2026-10-05 04:37:17.736] [info] [candidate.cpp:199] InstancePrecompute: built 25 candidates
[2026-10-05 04:37:17.736] [info] [stationary.cpp:264] NN: cost=43.739543, feasible=true, active_stations=1
[2026-10-05 04:37:17.736] [info] [candidate.cpp:199] InstancePrecompute: built 25 candidates
[2026-10-05 04:37:17.736] [info] [stationary.cpp:264] NN: cost=87.479085, feasible=true, active_stations=1
[2026-10-05 04:37:17.736] [info] [candidate.cpp:199] InstancePrecompute: built 25 candidates
[2026-10-05 04:37:17.736] [info] [stationary.cpp:264] NN: cost=374.719863, feasible=true, active_stations=1
[2026-10-05 04:37:17.736] [info] [candidate.cpp:199] InstancePrecompute: built 25 candidates
[2026-10-05 04:37:17.736] [info] [stationary.cpp:264] NN: cost=33.338066, feasible=true, active_stations=1
[2026-10-05 04:37:17.736] [info] [candidate.cpp:199] InstancePrecompute: built 25 candidates
[2026-10-05 04:37:17.736] [info] [stationary.cpp:264] NN: cost=19.469431, feasible=true, active_stations=1
[2026-10-05 04:37:17.736] [info] [candidate.cpp:199] InstancePrecompute: built 25 candidates
[2026-10-05 04:37:17.736] [info] [stationary.cpp:264] NN: cost=13.335226, feasible=true, active_stations=1
[2026-10-05 04:37:17.736] [info] [candidate.cpp:199] InstancePrecompute: built 25 candidates
[2026-10-05 04:37:17.736] [info] [stationary.cpp:264] NN: cost=906.795397, feasible=true, active_stations=1
[2026-10-05 04:37:17.736] [info] [candidate.cpp:199] InstancePrecompute: built 25 candidates
[2026-10-05 04:37:17.736] [info] [stationary.cpp:264] NN: cost=169.890785, feasible=true, active_stations=1
[2026-10-05 04:37:17.736] [info] [candidate.cpp:199] InstancePrecompute: built 25 candidates
[2026-10-05 04:37:17.736] [info] [stationary.cpp:264] NN: cost=129.351696, feasible=true, active_stations=1
[2026-10-05 04:37:17.736] [info] [candidate.cpp:199] InstancePrecompute: built 25 candidates
[2026-10-05 04:37:17.736] [info] [stationary.cpp:264] NN: cost=365.385204, feasible=true, active_stations=1
[2026-10-05 04:37:17.736] [info] [candidate.cpp:199] InstancePrecompute: built 25 candidates
[2026-10-05 04:37:17.736] [info] [stationary.cpp:264] NN: cost=1598.360240, feasible=true, active_stations=1
[2026-10-05 04:37:17.736] [info] [candidate.cpp:199] InstancePrecompute: built 25 candidates
[2026-10-05 04:37:17.736] [info] [stationary.cpp:264] NN: cost=193.360783, feasible=true, active_stations=1
[2026-10-05 04:37:17.736] [info] [candidate.cpp:199] InstancePrecompute: built 25 candidates
[2026-10-05 04:37:17.736] [info] [stationary.cpp:264] NN: cost=13.335226, feasible=true, active_stations=1
[2026-10-05 04:37:17.736] [info] [candidate.cpp:199] InstancePrecompute: built 25 candidates
[2026-10-05 04:37:17.736] [info] [stationary.cpp:264] NN: cost=87.479085, feasible=true, active_stations=1
[2026-10-05 04:37:17.736] [info] [candidate.cpp:199] InstancePrecompute: built 25 candidates
[2026-10-05 04:37:17.736] [info] [stationary.cpp:264] NN: cost=374.719863, feasible=true, active_stations=1
[2026-10-05 04:37:17.736] [info] [candidate.cpp:199] InstancePrecompute: built 25 candidates
[2026-10-05 04:37:17.736] [info] [stationary.cpp:264] NN: cost=43.739543, feasible=true, active_stations=1
[2026-10-05 04:37:17.736] [info] [candidate.cpp:199] InstancePrecompute: built 25 candidates
[2026-10-05 04:37:17.736] [info] [stationary.cpp:264] NN: cost=33.338066, feasible=true, active_stations=1
[2026-10-05 04:37:17.736] [info] [candidate.cpp:199] InstancePrecompute: built 50 candidates
[2026-10-05 04:37:17.736] [info] [stationary.cpp:264] NN: cost=32.804657, feasible=true, active_stations=2
[2026-10-05 04:37:17.736] [info] [candidate.cpp:199] InstancePrecompute: built 25 candidates
[2026-10-05 04:37:17.736] [info] [stationary.cpp:264] NN: cost=906.795397, feasible=true, active_stations=1
[2026-10-05 04:37:17.736] [info] [candidate.cpp:199] InstancePrecompute: built 25 candidates
[2026-10-05 04:37:17.736] [info] [stationary.cpp:264] NN: cost=169.890785, feasible=true, active_stations=1
[2026-10-05 04:37:17.736] [info] [candidate.cpp:199] InstancePrecompute: built 25 candidates
[2026-10-05 04:37:17.736] [info] [stationary.cpp:264] NN: cost=129.351696, feasible=true, active_stations=1
[2026-10-05 04:37:17.736] [info] [candidate.cpp:199] InstancePrecompute: built 25 candidates
[2026-10-05 04:37:17.736] [info] [stationary.cpp:264] NN: cost=365.385204, feasible=true, active_stations=1
[2026-10-05 04:37:17.736] [info] [candidate.cpp:199] InstancePrecompute: built 25 candidates
[2026-10-05 04:37:17.736] [info] [stationary.cpp:264] NN: cost=1598.360240, feasible=true, active_stations=1
[2026-10-05 04:37:17.736] [info] [candidate.cpp:199] InstancePrecompute: built 25 candidates
[2026-10-05 04:37:17.736] [info] [stationary.cpp:264] NN: cost=193.360783, feasible=true, active_stations=1
[2026-10-05 04:37:17.736] [info] [candidate.cpp:199] InstancePrecompute: built 25 candidates
[2026-10-05 04:37:17.736] [info] [stationary.cpp:264] NN: cost=13.335226, feasible=true, active_stations=1
[2026-10-05 04:37:17.736] [info] [candidate.cpp:199] InstancePrecompute: built 25 candidates
[2026-10-05 04:37:17.736] [info] [stationary.cpp:264] NN: cost=87.479085, feasible=true, active_stations=1
[2026-10-05 04:37:17.736] [info] [candidate.cpp:199] InstancePrecompute: built 25 candidates
[2026-10-05 04:37:17.736] [info] [stationary.cpp:264] NN: cost=374.719863, feasible=true, active_stations=1
[2026-10-05 04:37:17.736] [info] [candidate.cpp:199] InstancePrecompute: built 25 candidates
[2026-10-05 04:37:17.736] [info] [stationary.cpp:264] NN: cost=43.739543, feasible=true, active_stations=1
[2026-10-05 04:37:17.736] [info] [candidate.cpp:199] InstancePrecompute: built 25 candidates
[2026-10-05 04:37:17.736] [info] [stationary.cpp:264] NN: cost=33.338066, feasible=true, active_stations=1
[2026-10-05 04:37:17.736] [info] [candidate.cpp:199] InstancePrecompute: built 50 candidates
[2026-10-05 04:37:17.736] [info] [stationary.cpp:264] NN: cost=32.804657, feasible=true, active_stations=2
[2026-10-05 04:37:17.736] [info] [candidate.cpp:199] InstancePrecompute: built 25 candidates
[2026-10-05 04:37:17.736] [info] [stationary.cpp:264] NN: cost=906.795397, feasible=true, active_stations=1
[2026-10-05 04:37:17.736] [info] [candidate.cpp:199] InstancePrecompute: built 25 candidates
[2026-10-05 04:37:17.736] [info] [stationary.cpp:264] NN: cost=169.890785, feasible=true, active_stations=1
[2026-10-05 04:37:17.736] [info] [candidate.cpp:199] InstancePrecompute: built 25 candidates
[2026-10-05 04:37:17.736] [info] [stationary.cpp:264] NN: cost=129.351696, feasible=true, active_stations=1
[2026-10-05 04:37:17.736] [info] [candidate.cpp:199] InstancePrecompute: built 25 candidates
[2026-10-05 04:37:17.736] [info] [stationary.cpp:264] NN: cost=365.385204, feasible=true, active_stations=1
[2026-10-05 04:37:17.736] [info] [candidate.cpp:199] InstancePrecompute: built 25 candidates
[2026-10-05 04:37:17.736] [info] [stationary.cpp:264] NN: cost=1598.360240, feasible=true, active_stations=1
[2026-10-05 04:37:17.736] [info] [candidate.cpp:199] InstancePrecompute: built 25 candidates
[2026-10-05 04:37:17.736] [info] [stationary.cpp:264] NN: cost=193.360783, feasible=true, active_stations=1
[2026-10-05 04:37:17.736] [info] [candidate.cpp:199] InstancePrecompute: built 25 candidates
[2026-10-05 04:37:17.736] [info] [stationary.cpp:264] NN: cost=13.335226, feasible=true, active_stations=1
[2026-10-05 04:37:17.736] [info] [candidate.cpp:199] InstancePrecompute: built 25 candidates
[2026-10-05 04:37:17.736] [info] [stationary.cpp:264] NN: cost=87.479085, feasible=true, active_stations=1
[2026-10-05 04:37:17.736] [info] [candidate.cpp:199] InstancePrecompute: built 25 candidates
[2026-10-05 04:37:17.736] [info] [stationary.cpp:264] NN: cost=374.719863, feasible=true, active_stations=1
[2026-10-05 04:37:17.736] [info] [candidate.cpp:199] InstancePrecompute: built 25 candidates
[2026-10-05 04:37:17.736] [info] [stationary.cpp:264] NN: cost=43.739543, feasible=true, active_stations=1
[2026-10-05 04:37:17.736] [info] [candidate.cpp:199] InstancePrecompute: built 75 candidates
[2026-10-05 04:37:17.736] [info] [stationary.cpp:264] NN: cost=46.673293, feasible=true, active_stations=2
[2026-10-05 04:37:17.736] [info] [candidate.cpp:199] InstancePrecompute: built 25 candidates
[2026-10-05 04:37:17.736] [info] [stationary.cpp:264] NN: cost=906.795397, feasible=true, active_stations=1
[2026-10-05 04:37:17.736] [info] [candidate.cpp:199] InstancePrecompute: built 25 candidates
[2026-10-05 04:37:17.736] [info] [stationary.cpp:264] NN: cost=169.890785, feasible=true, active_stations=1
[2026-10-05 04:37:17.736] [info] [candidate.cpp:199] InstancePrecompute: built 25 candidates
[2026-10-05 04:37:17.736] [info] [stationary.cpp:264] NN: cost=129.351696, feasible=true, active_stations=1
[2026-10-05 04:37:17.736] [info] [candidate.cpp:199] InstancePrecompute: built 25 candidates
[2026-10-05 04:37:17.736] [info] [stationary.cpp:264] NN: cost=365.385204, feasible=true, active_stations=1
[2026-10-05 04:37:17.736] [info] [candidate.cpp:199] InstancePrecompute: built 25 candidates
[2026-10-05 04:37:17.736] [info] [stationary.cpp:264] NN: cost=1598.360240, feasible=true, active_stations=1
[2026-10-05 04:37:17.736] [info] [candidate.cpp:199] InstancePrecompute: built 25 candidates
[2026-10-05 04:37:17.736] [info] [stationary.cpp:264] NN: cost=193.360783, feasible=true, active_stations=1
[2026-10-05 04:37:17.736] [info] [candidate.cpp:199] InstancePrecompute: built 25 candidates
[2026-10-05 04:37:17.736] [info] [stationary.cpp:264] NN: cost=13.335226, feasible=true, active_stations=1
[2026-10-05 04:37:17.736] [info] [candidate.cpp:199] InstancePrecompute: built 25 candidates
[2026-10-05 04:37:17.736] [info] [stationary.cpp:264] NN: cost=87.479085, feasible=true, active_stations=1
[2026-10-05 04:37:17.736] [info] [candidate.cpp:199] InstancePrecompute: built 25 candidates
[2026-10-05 04:37:17.736] [info] [stationary.cpp:264] NN: cost=374.719863, feasible=true, active_stations=1
[2026-10-05 04:37:17.736] [info] [candidate.cpp:199] InstancePrecompute: built 25 candidates
[2026-10-05 04:37:17.736] [info] [stationary.cpp:264] NN: cost=43.739543, feasible=true, active_stations=1
[2026-10-05 04:37:17.736] [info] [candidate.cpp:199] InstancePrecompute: built 75 candidates
[2026-10-05 04:37:17.736] [info] [stationary.cpp:264] NN: cost=46.673293, feasible=true, active_stations=2
[2026-10-05 04:37:17.736] [info] [candidate.cpp:199] InstancePrecompute: built 25 candidates
[2026-10-05 04:37:17.736] [info] [stationary.cpp:264] NN: cost=906.795397, feasible=true, active_stations=1
[2026-10-05 04:37:17.736] [info] [candidate.cpp:199] InstancePrecompute: built 25 candidates
[2026-10-05 04:37:17.736] [info] [stationary.cpp:264] NN: cost=169.890785, feasible=true, active_stations=1
[2026-10-05 04:37:17.736] [info] [candidate.cpp:199] InstancePrecompute: built 25 candidates
[2026-10-05 04:37:17.736] [info] [stationary.cpp:264] NN: cost=129.351696, feasible=true, active_stations=1
[2026-10-05 04:37:17.736] [info] [candidate.cpp:199] InstancePrecompute: built 25 candidates
[2026-10-05 04:37:17.736] [info] [stationary.cpp:264] NN: cost=365.385204, feasible=true, active_stations=1
[2026-10-05 04:37:17.736] [info] [candidate.cpp:199] InstancePrecompute: built 25 candidates
[2026-10-05 04:37:17.736] [info] [stationary.cpp:264] NN: cost=1598.360240, feasible=true, active_stations=1
[2026-10-05 04:37:17.736] [info] [candidate.cpp:199] InstancePrecompute: built 25 candidates
[2026-10-05 04:37:17.736] [info] [stationary.cpp:264] NN: cost=193.360783, feasible=true, active_stations=1
[2026-10-05 04:37:17.736] [info] [candidate.cpp:199] InstancePrecompute: built 25 candidates
[2026-10-05 04:37:17.736] [info] [stationary.cpp:264] NN: cost=13.335226, feasible=true, active_stations=1
[2026-10-05 04:37:17.736] [info] [candidate.cpp:199] InstancePrecompute: built 25 candidates
[2026-10-05 04:37:17.736] [info] [stationary.cpp:264] NN: cost=87.479085, feasible=true, active_stations=1
[2026-10-05 04:37:17.736] [info] [candidate.cpp:199] InstancePrecompute: built 25 candidates
[2026-10-05 04:37:17.736] [info] [stationary.cpp:264] NN: cost=374.719863, feasible=true, active_stations=1
[2026-10-05 04:37:17.736] [info] [candidate.cpp:199] InstancePrecompute: built 25 candidates
[2026-10-05 04:37:17.736] [info] [stationary.cpp:264] NN: cost=43.739543, feasible=true, active_stations=1
[2026-10-05 04:37:17.736] [info] [candidate.cpp:199] InstancePrecompute: built 75 candidates
[2026-10-05 04:37:17.736] [info] [stationary.cpp:264] NN: cost=46.673293, feasible=true, active_stations=2
[2026-10-05 04:37:17.736] [info] [candidate.cpp:199] InstancePrecompute: built 25 candidates
[2026-10-05 04:37:17.736] [info] [stationary.cpp:264] NN: cost=906.795397, feasible=true, active_stations=1
[2026-10-05 04:37:17.736] [info] [candidate.cpp:199] InstancePrecompute: built 25 candidates
[2026-10-05 04:37:17.736] [info] [stationary.cpp:264] NN: cost=169.890785, feasible=true, active_stations=1
[2026-10-05 04:37:17.736] [info] [candidate.cpp:199] InstancePrecompute: built 25 candidates
[2026-10-05 04:37:17.736] [info] [stationary.cpp:264] NN: cost=129.351696, feasible=true, active_stations=1
[2026-10-05 04:37:17.736] [info] [candidate.cpp:199] InstancePrecompute: built 25 candidates
[2026-10-05 04:37:17.736] [info] [stationary.cpp:264] NN: cost=365.385204, feasible=true, active_stations=1
[2026-10-05 04:37:17.736] [info] [candidate.cpp:199] InstancePrecompute: built 25 candidates
[2026-10-05 04:37:17.736] [info] [stationary.cpp:264] NN: cost=1598.360240, feasible=true, active_stations=1
[2026-10-05 04:37:17.736] [info] [candidate.cpp:199] InstancePrecompute: built 25 candidates
[2026-10-05 04:37:17.736] [info] [stationary.cpp:264] NN: cost=193.360783, feasible=true, active_stations=1
[2026-10-05 04:37:17.736] [info] [candidate.cpp:199] InstancePrecompute: built 25 candidates
[2026-10-05 04:37:17.736] [info] [stationary.cpp:264] NN: cost=13.335226, feasible=true, active_stations=1
[2026-10-05 04:37:17.736] [info] [candidate.cpp:199] InstancePrecompute: built 25 candidates
[2026-10-05 04:37:17.736] [info] [stationary.cpp:264] NN: cost=87.479085, feasible=true, active_stations=1
[2026-10-05 04:37:17.736] [info] [candidate.cpp:199] InstancePrecompute: built 25 candidates
[2026-10-05 04:37:17.736] [info] [stationary.cpp:264] NN: cost=374.719863, feasible=true, active_stations=1
[2026-10-05 04:37:17.736] [info] [candidate.cpp:199] InstancePrecompute: built 25 candidates
[2026-10-05 04:37:17.736] [info] [stationary.cpp:264] NN: cost=43.739543, feasible=true, active_stations=1
[2026-10-05 04:37:17.736] [info] [candidate.cpp:199] InstancePrecompute: built 75 candidates
[2026-10-05 04:37:17.736] [info] [stationary.cpp:264] NN: cost=46.673293, feasible=true, active_stations=2
[2026-10-05 04:37:17.736] [info] [candidate.cpp:199] InstancePrecompute: built 25 candidates
[2026-10-05 04:37:17.736] [info] [stationary.cpp:264] NN: cost=906.795397, feasible=true, active_stations=1
[2026-10-05 04:37:17.736] [info] [candidate.cpp:199] InstancePrecompute: built 25 candidates
[2026-10-05 04:37:17.736] [info] [stationary.cpp:264] NN: cost=169.890785, feasible=true, active_stations=1
[2026-10-05 04:37:17.736] [info] [candidate.cpp:199] InstancePrecompute: built 25 candidates
[2026-10-05 04:37:17.736] [info] [stationary.cpp:264] NN: cost=129.351696, feasible=true, active_stations=1
[2026-10-05 04:37:17.736] [info] [candidate.cpp:199] InstancePrecompute: built 25 candidates
[2026-10-05 04:37:17.736] [info] [stationary.cpp:264] NN: cost=365.385204, feasible=true, active_stations=1
[2026-10-05 04:37:17.736] [info] [candidate.cpp:199] InstancePrecompute: built 25 candidates
[2026-10-05 04:37:17.736] [info] [stationary.cpp:264] NN: cost=1598.360240, feasible=true, active_stations=1
[2026-10-05 04:37:17.736] [info] [candidate.cpp:199] InstancePrecompute: built 25 candidates
[2026-10-05 04:37:17.736] [info] [stationary.cpp:264] NN: cost=193.360783, feasible=true, active_stations=1
[2026-10-05 04:37:17.736] [info] [candidate.cpp:199] InstancePrecompute: built 25 candidates
[2026-10-05 04:37:17.736] [info] [stationary.cpp:264] NN: cost=13.335226, feasible=true, active_stations=1
[2026-10-05 04:37:17.736] [info] [candidate.cpp:199] InstancePrecompute: built 25 candidates
[2026-10-05 04:37:17.736] [info] [stationary.cpp:264] NN: cost=87.479085, feasible=true, active_stations=1
[2026-10-05 04:37:17.736] [info] [candidate.cpp:199] InstancePrecompute: built 25 candidates
[2026-10-05 04:37:17.736] [info] [stationary.cpp:264] NN: cost=374.719863, feasible=true, active_stations=1
[2026-10-05 04:37:17.736] [info] [candidate.cpp:199] InstancePrecompute: built 25 candidates
[2026-10-05 04:37:17.736] [info] [stationary.cpp:264] NN: cost=43.739543, feasible=true, active_stations=1
[2026-10-05 04:37:17.736] [info] [candidate.cpp:199] InstancePrecompute: built 50 candidates
[2026-10-05 04:37:17.736] [info] [stationary.cpp:264] NN: cost=33.338066, feasible=true, active_stations=1
[2026-10-05 04:37:17.736] [info] [candidate.cpp:199] InstancePrecompute: built 25 candidates
[2026-10-05 04:37:17.736] [info] [stationary.cpp:264] NN: cost=13.335226, feasible=true, active_stations=1
[2026-10-05 04:37:17.736] [info] [candidate.cpp:199] InstancePrecompute: built 25 candidates
[2026-10-05 04:37:17.736] [info] [stationary.cpp:264] NN: cost=906.795397, feasible=true, active_stations=1
[2026-10-05 04:37:17.736] [info] [candidate.cpp:199] InstancePrecompute: built 25 candidates
[2026-10-05 04:37:17.736] [info] [stationary.cpp:264] NN: cost=169.890785, feasible=true, active_stations=1
[2026-10-05 04:37:17.736] [info] [candidate.cpp:199] InstancePrecompute: built 25 candidates
[2026-10-05 04:37:17.736] [info] [stationary.cpp:264] NN: cost=129.351696, feasible=true, active_stations=1
[2026-10-05 04:37:17.736] [info] [candidate.cpp:199] InstancePrecompute: built 25 candidates
[2026-10-05 04:37:17.736] [info] [stationary.cpp:264] NN: cost=365.385204, feasible=true, active_stations=1
[2026-10-05 04:37:17.736] [info] [candidate.cpp:199] InstancePrecompute: built 25 candidates
[2026-10-05 04:37:17.736] [info] [stationary.cpp:264] NN: cost=1598.360240, feasible=true, active_stations=1
[2026-10-05 04:37:17.736] [info] [candidate.cpp:199] InstancePrecompute: built 25 candidates
[2026-10-05 04:37:17.736] [info] [stationary.cpp:264] NN: cost=193.360783, feasible=true, active_stations=1
[2026-10-05 04:37:17.736] [info] [candidate.cpp:199] InstancePrecompute: built 25 candidates
[2026-10-05 04:37:17.736] [info] [stationary.cpp:264] NN: cost=13.335226, feasible=true, active_stations=1
[2026-10-05 04:37:17.736] [info] [candidate.cpp:199] InstancePrecompute: built 25 candidates
[2026-10-05 04:37:17.736] [info] [stationary.cpp:264] NN: cost=87.479085, feasible=true, active_stations=1
[2026-10-05 04:37:17.736] [info] [candidate.cpp:199] InstancePrecompute: built 25 candidates
[2026-10-05 04:37:17.736] [info] [stationary.cpp:264] NN: cost=374.719863, feasible=true, active_stations=1
[2026-10-05 04:37:17.736] [info] [candidate.cpp:199] InstancePrecompute: built 25 candidates
[2026-10-05 04:37:17.736] [info] [stationary.cpp:264] NN: cost=43.739543, feasible=true, active_stations=1
[2026-10-05 04:37:17.736] [info] [candidate.cpp:199] InstancePrecompute: built 25 candidates
[2026-10-05 04:37:17.736] [info] [stationary.cpp:264] NN: cost=33.338066, feasible=true, active_stations=1
[2026-10-05 04:37:17.736] [info] [candidate.cpp:199] InstancePrecompute: built 50 candidates
[2026-10-05 04:37:17.736] [info] [stationary.cpp:264] NN: cost=32.804657, feasible=true, active_stations=2
[2026-10-05 04:37:17.736] [info] [candidate.cpp:199] InstancePrecompute: built 25 candidates
[2026-10-05 04:37:17.736] [info] [stationary.cpp:264] NN: cost=906.795397, feasible=true, active_stations=1
[2026-10-05 04:37:17.736] [info] [candidate.cpp:199] InstancePrecompute: built 25 candidates
[2026-10-05 04:37:17.736] [info] [stationary.cpp:264] NN: cost=169.890785, feasible=true, active_stations=1
[2026-10-05 04:37:17.736] [info] [candidate.cpp:199] InstancePrecompute: built 25 candidates
[2026-10-05 04:37:17.736] [info] [stationary.cpp:264] NN: cost=129.351696, feasible=true, active_stations=1
[2026-10-05 04:37:17.736] [info] [candidate.cpp:199] InstancePrecompute: built 25 candidates
[2026-10-05 04:37:17.736] [info] [stationary.cpp:264] NN: cost=365.385204, feasible=true, active_stations=1
[2026-10-05 04:37:17.736] [info] [candidate.cpp:199] InstancePrecompute: built 25 candidates
[2026-10-05 04:37:17.736] [info] [stationary.cpp:264] NN: cost=1598.360240, feasible=true, active_stations=1
[2026-10-05 04:37:17.736] [info] [candidate.cpp:199] InstancePrecompute: built 25 candidates
[2026-10-05 04:37:17.736] [info] [stationary.cpp:264] NN: cost=193.360783, feasible=true, active_stations=1
[2026-10-05 04:37:17.736] [info] [candidate.cpp:199] InstancePrecompute: built 25 candidates
[2026-10-05 04:37:17.736] [info] [stationary.cpp:264] NN: cost=87.479085, feasible=true, active_stations=1
[2026-10-05 04:37:17.736] [info] [candidate.cpp:199] InstancePrecompute: built 25 candidates
[2026-10-05 04:37:17.736] [info] [stationary.cpp:264] NN: cost=374.719863, feasible=true, active_stations=1
[2026-10-05 04:37:17.736] [info] [candidate.cpp:199] InstancePrecompute: built 25 candidates
[2026-10-05 04:37:17.736] [info] [stationary.cpp:264] NN: cost=13.335226, feasible=true, active_stations=1
[2026-10-05 04:37:17.736] [info] [candidate.cpp:199] InstancePrecompute: built 25 candidates
[2026-10-05 04:37:17.736] [info] [stationary.cpp:264] NN: cost=43.739543, feasible=true, active_stations=1
[2026-10-05 04:37:17.736] [info] [candidate.cpp:199] InstancePrecompute: built 25 candidates
[2026-10-05 04:37:17.736] [info] [stationary.cpp:264] NN: cost=33.338066, feasible=true, active_stations=1
[2026-10-05 04:37:17.736] [info] [candidate.cpp:199] InstancePrecompute: built 50 candidates
[2026-10-05 04:37:17.736] [info] [stationary.cpp:264] NN: cost=32.804657, feasible=true, active_stations=2
[2026-10-05 04:37:17.736] [info] [candidate.cpp:199] InstancePrecompute: built 25 candidates
[2026-10-05 04:37:17.736] [info] [stationary.cpp:264] NN: cost=906.795397, feasible=true, active_stations=1
[2026-10-05 04:37:17.736] [info] [candidate.cpp:199] InstancePrecompute: built 25 candidates
[2026-10-05 04:37:17.736] [info] [stationary.cpp:264] NN: cost=169.890785, feasible=true, active_stations=1
[2026-10-05 04:37:17.736] [info] [candidate.cpp:199] InstancePrecompute: built 25 candidates
[2026-10-05 04:37:17.736] [info] [stationary.cpp:264] NN: cost=129.351696, feasible=true, active_stations=1
[2026-10-05 04:37:17.736] [info] [candidate.cpp:199] InstancePrecompute: built 25 candidates
[2026-10-05 04:37:17.736] [info] [stationary.cpp:264] NN: cost=365.385204, feasible=true, active_stations=1
[2026-10-05 04:37:17.736] [info] [candidate.cpp:199] InstancePrecompute: built 25 candidates
[2026-10-05 04:37:17.736] [info] [stationary.cpp:264] NN: cost=1598.360240, feasible=true, active_stations=1
[2026-10-05 04:37:17.736] [info] [candidate.cpp:199] InstancePrecompute: built 25 candidates
[2026-10-05 04:37:17.736] [info] [stationary.cpp:264] NN: cost=193.360783, feasible=true, active_stations=1
[2026-10-05 04:37:17.736] [info] [candidate.cpp:199] InstancePrecompute: built 25 candidates
[2026-10-05 04:37:17.736] [info] [stationary.cpp:264] NN: cost=87.479085, feasible=true, active_stations=1
[2026-10-05 04:37:17.736] [info] [candidate.cpp:199] InstancePrecompute: built 25 candidates
[2026-10-05 04:37:17.736] [info] [stationary.cpp:264] NN: cost=374.719863, feasible=true, active_stations=1
[2026-10-05 04:37:17.736] [info] [candidate.cpp:199] InstancePrecompute: built 25 candidates
[2026-10-05 04:37:17.736] [info] [stationary.cpp:264] NN: cost=13.335226, feasible=true, active_stations=1
[2026-10-05 04:37:17.736] [info] [candidate.cpp:199] InstancePrecompute: built 25 candidates
[2026-10-05 04:37:17.736] [info] [stationary.cpp:264] NN: cost=43.739543, feasible=true, active_stations=1
[2026-10-05 04:37:17.736] [info] [candidate.cpp:199] InstancePrecompute: built 25 candidates
[2026-10-05 04:37:17.736] [info] [stationary.cpp:264] NN: cost=33.338066, feasible=true, active_stations=1
[2026-10-05 04:37:17.736] [info] [candidate.cpp:199] InstancePrecompute: built 50 candidates
[2026-10-05 04:37:17.737] [info] [stationary.cpp:264] NN: cost=32.804657, feasible=true, active_stations=2
[2026-10-05 04:37:17.737] [info] [candidate.cpp:199] InstancePrecompute: built 25 candidates
[2026-10-05 04:37:17.737] [info] [stationary.cpp:264] NN: cost=906.795397, feasible=true, active_stations=1
[2026-10-05 04:37:17.737] [info] [candidate.cpp:199] InstancePrecompute: built 25 candidates
[2026-10-05 04:37:17.737] [info] [stationary.cpp:264] NN: cost=169.890785, feasible=true, active_stations=1
[2026-10-05 04:37:17.737] [info] [candidate.cpp:199] InstancePrecompute: built 25 candidates
[2026-10-05 04:37:17.737] [info] [stationary.cpp:264] NN: cost=129.351696, feasible=true, active_stations=1
[2026-10-05 04:37:17.737] [info] [candidate.cpp:199] InstancePrecompute: built 25 candidates
[2026-10-05 04:37:17.737] [info] [stationary.cpp:264] NN: cost=365.385204, feasible=true, active_stations=1
[2026-10-05 04:37:17.737] [info] [candidate.cpp:199] InstancePrecompute: built 25 candidates
[2026-10-05 04:37:17.737] [info] [stationary.cpp:264] NN: cost=1598.360240, feasible=true, active_stations=1
[2026-10-05 04:37:17.737] [info] [candidate.cpp:199] InstancePrecompute: built 25 candidates
[2026-10-05 04:37:17.737] [info] [stationary.cpp:264] NN: cost=193.360783, feasible=true, active_stations=1
[2026-10-05 04:37:17.737] [info] [candidate.cpp:199] InstancePrecompute: built 25 candidates
[2026-10-05 04:37:17.737] [info] [stationary.cpp:264] NN: cost=87.479085, feasible=true, active_stations=1
[2026-10-05 04:37:17.737] [info] [candidate.cpp:199] InstancePrecompute: built 25 candidates
[2026-10-05 04:37:17.737] [info] [stationary.cpp:264] NN: cost=374.719863, feasible=true, active_stations=1
[2026-10-05 04:37:17.737] [info] [candidate.cpp:199] InstancePrecompute: built 25 candidates
[2026-10-05 04:37:17.737] [info] [stationary.cpp:264] NN: cost=13.335226, feasible=true, active_stations=1
[2026-10-05 04:37:17.737] [info] [candidate.cpp:199] InstancePrecompute: built 25 candidates
[2026-10-05 04:37:17.737] [info] [stationary.cpp:264] NN: cost=43.739543, feasible=true, active_stations=1
[2026-10-05 04:37:17.737] [info] [candidate.cpp:199] InstancePrecompute: built 75 candidates
[2026-10-05 04:37:17.737] [info] [stationary.cpp:264] NN: cost=46.673293, feasible=true, active_stations=2
[2026-10-05 04:37:17.737] [info] [candidate.cpp:199] InstancePrecompute: built 25 candidates
[2026-10-05 04:37:17.737] [info] [stationary.cpp:264] NN: cost=906.795397, feasible=true, active_stations=1
[2026-10-05 04:37:17.737] [info] [candidate.cpp:199] InstancePrecompute: built 25 candidates
[2026-10-05 04:37:17.737] [info] [stationary.cpp:264] NN: cost=169.890785, feasible=true, active_stations=1
[2026-10-05 04:37:17.737] [info] [candidate.cpp:199] InstancePrecompute: built 25 candidates
[2026-10-05 04:37:17.737] [info] [stationary.cpp:264] NN: cost=129.351696, feasible=true, active_stations=1
[2026-10-05 04:37:17.737] [info] [candidate.cpp:199] InstancePrecompute: built 25 candidates
[2026-10-05 04:37:17.737] [info] [stationary.cpp:264] NN: cost=365.385204, feasible=true, active_stations=1
[2026-10-05 04:37:17.737] [info] [candidate.cpp:199] InstancePrecompute: built 25 candidates
[2026-10-05 04:37:17.737] [info] [stationary.cpp:264] NN: cost=1598.360240, feasible=true, active_stations=1
[2026-10-05 04:37:17.737] [info] [candidate.cpp:199] InstancePrecompute: built 25 candidates
[2026-10-05 04:37:17.737] [info] [stationary.cpp:264] NN: cost=193.360783, feasible=true, active_stations=1
[2026-10-05 04:37:17.737] [info] [candidate.cpp:199] InstancePrecompute: built 25 candidates
[2026-10-05 04:37:17.737] [info] [stationary.cpp:264] NN: cost=87.479085, feasible=true, active_stations=1
[2026-10-05 04:37:17.737] [info] [candidate.cpp:199] InstancePrecompute: built 25 candidates
[2026-10-05 04:37:17.737] [info] [stationary.cpp:264] NN: cost=374.719863, feasible=true, active_stations=1
[2026-10-05 04:37:17.737] [info] [candidate.cpp:199] InstancePrecompute: built 25 candidates
[2026-10-05 04:37:17.737] [info] [stationary.cpp:264] NN: cost=13.335226, feasible=true, active_stations=1
[2026-10-05 04:37:17.737] [info] [candidate.cpp:199] InstancePrecompute: built 25 candidates
[2026-10-05 04:37:17.737] [info] [stationary.cpp:264] NN: cost=43.739543, feasible=true, active_stations=1
[2026-10-05 04:37:17.737] [info] [candidate.cpp:199] InstancePrecompute: built 75 candidates
[2026-10-05 04:37:17.737] [info] [stationary.cpp:264] NN: cost=46.673293, feasible=true, active_stations=2
[2026-10-05 04:37:17.737] [info] [candidate.cpp:199] InstancePrecompute: built 25 candidates
[2026-10-05 04:37:17.737] [info] [stationary.cpp:264] NN: cost=906.795397, feasible=true, active_stations=1
[2026-10-05 04:37:17.737] [info] [candidate.cpp:199] InstancePrecompute: built 25 candidates
[2026-10-05 04:37:17.737] [info] [stationary.cpp:264] NN: cost=169.890785, feasible=true, active_stations=1
[2026-10-05 04:37:17.737] [info] [candidate.cpp:199] InstancePrecompute: built 25 candidates
[2026-10-05 04:37:17.737] [info] [stationary.cpp:264] NN: cost=129.351696, feasible=true, active_stations=1
[2026-10-05 04:37:17.737] [info] [candidate.cpp:199] InstancePrecompute: built 25 candidates
[2026-10-05 04:37:17.737] [info] [stationary.cpp:264] NN: cost=365.385204, feasible=true, active_stations=1
[2026-10-05 04:37:17.737] [info] [candidate.cpp:199] InstancePrecompute: built 25 candidates
[2026-10-05 04:37:17.737] [info] [stationary.cpp:264] NN: cost=1598.360240, feasible=true, active_stations=1
[2026-10-05 04:37:17.737] [info] [candidate.cpp:199] InstancePrecompute: built 25 candidates
[2026-10-05 04:37:17.737] [info] [stationary.cpp:264] NN: cost=193.360783, feasible=true, active_stations=1
[2026-10-05 04:37:17.737] [info] [candidate.cpp:199] InstancePrecompute: built 25 candidates
[2026-10-05 04:37:17.737] [info] [stationary.cpp:264] NN: cost=87.479085, feasible=true, active_stations=1
[2026-10-05 04:37:17.737] [info] [candidate.cpp:199] InstancePrecompute: built 25 candidates
[2026-10-05 04:37:17.737] [info] [stationary.cpp:264] NN: cost=374.719863, feasible=true, active_stations=1
[2026-10-05 04:37:17.737] [info] [candidate.cpp:199] InstancePrecompute: built 25 candidates
[2026-10-05 04:37:17.737] [info] [stationary.cpp:264] NN: cost=13.335226, feasible=true, active_stations=1
[2026-10-05 04:37:17.737] [info] [candidate.cpp:199] InstancePrecompute: built 25 candidates
[2026-10-05 04:37:17.737] [info] [stationary.cpp:264] NN: cost=43.739543, feasible=true, active_stations=1
[2026-10-05 04:37:17.737] [info] [candidate.cpp:199] InstancePrecompute: built 75 candidates
[2026-10-05 04:37:17.737] [info] [stationary.cpp:264] NN: cost=46.673293, feasible=true, active_stations=2
[2026-10-05 04:37:17.737] [info] [candidate.cpp:199] InstancePrecompute: built 25 candidates
[2026-10-05 04:37:17.737] [info] [stationary.cpp:264] NN: cost=906.795397, feasible=true, active_stations=1
[2026-10-05 04:37:17.737] [info] [candidate.cpp:199] InstancePrecompute: built 25 candidates
[2026-10-05 04:37:17.737] [info] [stationary.cpp:264] NN: cost=169.890785, feasible=true, active_stations=1
[2026-10-05 04:37:17.737] [info] [candidate.cpp:199] InstancePrecompute: built 25 candidates
[2026-10-05 04:37:17.737] [info] [stationary.cpp:264] NN: cost=129.351696, feasible=true, active_stations=1
[2026-10-05 04:37:17.737] [info] [candidate.cpp:199] InstancePrecompute: built 25 candidates
[2026-10-05 04:37:17.737] [info] [stationary.cpp:264] NN: cost=365.385204, feasible=true, active_stations=1
[2026-10-05 04:37:17.737] [info] [candidate.cpp:199] InstancePrecompute: built 25 candidates
[2026-10-05 04:37:17.737] [info] [stationary.cpp:264] NN: cost=1598.360240, feasible=true, active_stations=1
[2026-10-05 04:37:17.737] [info] [candidate.cpp:199] InstancePrecompute: built 25 candidates
[2026-10-05 04:37:17.737] [info] [stationary.cpp:264] NN: cost=193.360783, feasible=true, active_stations=1
[2026-10-05 04:37:17.737] [info] [candidate.cpp:199] InstancePrecompute: built 25 candidates
[2026-10-05 04:37:17.737] [info] [stationary.cpp:264] NN: cost=87.479085, feasible=true, active_stations=1
[2026-10-05 04:37:17.737] [info] [candidate.cpp:199] InstancePrecompute: built 25 candidates
[2026-10-05 04:37:17.737] [info] [stationary.cpp:264] NN: cost=374.719863, feasible=true, active_stations=1
[2026-10-05 04:37:17.737] [info] [candidate.cpp:199] InstancePrecompute: built 25 candidates
[2026-10-05 04:37:17.737] [info] [stationary.cpp:264] NN: cost=13.335226, feasible=true, active_stations=1
[2026-10-05 04:37:17.737] [info] [candidate.cpp:199] InstancePrecompute: built 25 candidates
[2026-10-05 04:37:17.737] [info] [stationary.cpp:264] NN: cost=43.739543, feasible=true, active_stations=1
[2026-10-05 04:37:17.737] [info] [candidate.cpp:199] InstancePrecompute: built 75 candidates
[2026-10-05 04:37:17.737] [info] [stationary.cpp:264] NN: cost=46.673293, feasible=true, active_stations=2
[2026-10-05 04:37:17.737] [info] [candidate.cpp:199] InstancePrecompute: built 25 candidates
[2026-10-05 04:37:17.737] [info] [stationary.cpp:264] NN: cost=906.795397, feasible=true, active_stations=1
[2026-10-05 04:37:17.737] [info] [candidate.cpp:199] InstancePrecompute: built 25 candidates
[2026-10-05 04:37:17.737] [info] [stationary.cpp:264] NN: cost=169.890785, feasible=true, active_stations=1
[2026-10-05 04:37:17.737] [info] [candidate.cpp:199] InstancePrecompute: built 25 candidates
[2026-10-05 04:37:17.737] [info] [stationary.cpp:264] NN: cost=129.351696, feasible=true, active_stations=1
[2026-10-05 04:37:17.737] [info] [candidate.cpp:199] InstancePrecompute: built 25 candidates
[2026-10-05 04:37:17.737] [info] [stationary.cpp:264] NN: cost=365.385204, feasible=true, active_stations=1
[2026-10-05 04:37:17.737] [info] [candidate.cpp:199] InstancePrecompute: built 25 candidates
[2026-10-05 04:37:17.737] [info] [stationary.cpp:264] NN: cost=1598.360240, feasible=true, active_stations=1
[2026-10-05 04:37:17.737] [info] [candidate.cpp:199] InstancePrecompute: built 25 candidates
[2026-10-05 04:37:17.737] [info] [stationary.cpp:264] NN: cost=193.360783, feasible=true, active_stations=1
[2026-10-05 04:37:17.737] [info] [candidate.cpp:199] InstancePrecompute: built 25 candidates
[2026-10-05 04:37:17.737] [info] [stationary.cpp:264] NN: cost=87.479085, feasible=true, active_stations=1
[2026-10-05 04:37:17.737] [info] [candidate.cpp:199] InstancePrecompute: built 25 candidates
[2026-10-05 04:37:17.737] [info] [stationary.cpp:264] NN: cost=374.719863, feasible=true, active_stations=1
[2026-10-05 04:37:17.737] [info] [candidate.cpp:199] InstancePrecompute: built 25 candidates
[2026-10-05 04:37:17.737] [info] [stationary.cpp:264] NN: cost=13.335226, feasible=true, active_stations=1
[2026-10-05 04:37:17.737] [info] [candidate.cpp:199] InstancePrecompute: built 25 candidates
[2026-10-05 04:37:17.737] [info] [stationary.cpp:264] NN: cost=43.739543, feasible=true, active_stations=1
[2026-10-05 04:37:17.737] [info] [candidate.cpp:199] InstancePrecompute: built 50 candidates
[2026-10-05 04:37:17.737] [info] [stationary.cpp:264] NN: cost=33.338066, feasible=true, active_stations=1
[2026-10-05 04:37:17.737] [info] [candidate.cpp:199] InstancePrecompute: built 25 candidates
[2026-10-05 04:37:17.737] [info] [stationary.cpp:264] NN: cost=13.335226, feasible=true, active_stations=1
[2026-10-05 04:37:17.737] [info] [candidate.cpp:199] InstancePrecompute: built 25 candidates
[2026-10-05 04:37:17.737] [info] [stationary.cpp:264] NN: cost=906.795397, feasible=true, active_stations=1
[2026-10-05 04:37:17.737] [info] [candidate.cpp:199] InstancePrecompute: built 25 candidates
[2026-10-05 04:37:17.737] [info] [stationary.cpp:264] NN: cost=169.890785, feasible=true, active_stations=1
[2026-10-05 04:37:17.737] [info] [candidate.cpp:199] InstancePrecompute: built 25 candidates
[2026-10-05 04:37:17.737] [info] [stationary.cpp:264] NN: cost=129.351696, feasible=true, active_stations=1
[2026-10-05 04:37:17.737] [info] [candidate.cpp:199] InstancePrecompute: built 25 candidates
[2026-10-05 04:37:17.737] [info] [stationary.cpp:264] NN: cost=365.385204, feasible=true, active_stations=1
[2026-10-05 04:37:17.737] [info] [candidate.cpp:199] InstancePrecompute: built 25 candidates
[2026-10-05 04:37:17.737] [info] [stationary.cpp:264] NN: cost=1598.360240, feasible=true, active_stations=1
[2026-10-05 04:37:17.737] [info] [candidate.cpp:199] InstancePrecompute: built 25 candidates
[2026-10-05 04:37:17.737] [info] [stationary.cpp:264] NN: cost=193.360783, feasible=true, active_stations=1
[2026-10-05 04:37:17.737] [info] [candidate.cpp:199] InstancePrecompute: built 25 candidates
[2026-10-05 04:37:17.737] [info] [stationary.cpp:264] NN: cost=87.479085, feasible=true, active_stations=1
[2026-10-05 04:37:17.737] [info] [candidate.cpp:199] InstancePrecompute: built 25 candidates
[2026-10-05 04:37:17.737] [info] [stationary.cpp:264] NN: cost=374.719863, feasible=true, active_stations=1
[2026-10-05 04:37:17.737] [info] [candidate.cpp:199] InstancePrecompute: built 25 candidates
[2026-10-05 04:37:17.737] [info] [stationary.cpp:264] NN: cost=13.335226, feasible=true, active_stations=1
[2026-10-05 04:37:17.737] [info] [candidate.cpp:199] InstancePrecompute: built 25 candidates
[2026-10-05 04:37:17.737] [info] [stationary.cpp:264] NN: cost=43.739543, feasible=true, active_stations=1
[2026-10-05 04:37:17.737] [info] [candidate.cpp:199] InstancePrecompute: built 25 candidates
[2026-10-05 04:37:17.737] [info] [stationary.cpp:264] NN: cost=33.338066, feasible=true, active_stations=1
[2026-10-05 04:37:17.737] [info] [candidate.cpp:199] InstancePrecompute: built 50 candidates
[2026-10-05 04:37:17.737] [info] [stationary.cpp:264] NN: cost=32.804657, feasible=true, active_stations=2
[2026-10-05 04:37:17.737] [info] [candidate.cpp:199] InstancePrecompute: built 25 candidates
[2026-10-05 04:37:17.737] [info] [stationary.cpp:264] NN: cost=906.795397, feasible=true, active_stations=1
[2026-10-05 04:37:17.737] [info] [candidate.cpp:199] InstancePrecompute: built 25 candidates
[2026-10-05 04:37:17.737] [info] [stationary.cpp:264] NN: cost=169.890785, feasible=true, active_stations=1
[2026-10-05 04:37:17.737] [info] [candidate.cpp:199] InstancePrecompute: built 25 candidates
[2026-10-05 04:37:17.737] [info] [stationary.cpp:264] NN: cost=129.351696, feasible=true, active_stations=1
[2026-10-05 04:37:17.737] [info] [candidate.cpp:199] InstancePrecompute: built 25 candidates
[2026-10-05 04:37:17.737] [info] [stationary.cpp:264] NN: cost=365.385204, feasible=true, active_stations=1
[2026-10-05 04:37:17.737] [info] [candidate.cpp:199] InstancePrecompute: built 25 candidates
[2026-10-05 04:37:17.737] [info] [stationary.cpp:264] NN: cost=1598.360240, feasible=true, active_stations=1
[2026-10-05 04:37:17.737] [info] [candidate.cpp:199] InstancePrecompute: built 25 candidates
[2026-10-05 04:37:17.737] [info] [stationary.cpp:264] NN: cost=193.360783, feasible=true, active_stations=1
[2026-10-05 04:37:17.737] [info] [candidate.cpp:199] InstancePrecompute: built 25 candidates
[2026-10-05 04:37:17.737] [info] [stationary.cpp:264] NN: cost=374.719863, feasible=true, active_stations=1
[2026-10-05 04:37:17.737] [info] [candidate.cpp:199] InstancePrecompute: built 25 candidates
[2026-10-05 04:37:17.737] [info] [stationary.cpp:264] NN: cost=13.335226, feasible=true, active_stations=1
[2026-10-05 04:37:17.737] [info] [candidate.cpp:199] InstancePrecompute: built 25 candidates
[2026-10-05 04:37:17.737] [info] [stationary.cpp:264] NN: cost=43.739543, feasible=true, active_stations=1
[2026-10-05 04:37:17.737] [info] [candidate.cpp:199] InstancePrecompute: built 25 candidates
[2026-10-05 04:37:17.737] [info] [stationary.cpp:264] NN: cost=87.479085, feasible=true, active_stations=1
[2026-10-05 04:37:17.737] [info] [candidate.cpp:199] InstancePrecompute: built 25 candidates
[2026-10-05 04:37:17.737] [info] [stationary.cpp:264] NN: cost=33.338066, feasible=true, active_stations=1
[2026-10-05 04:37:17.737] [info] [candidate.cpp:199] InstancePrecompute: built 25 candidates
[2026-10-05 04:37:17.737] [info] [stationary.cpp:264] NN: cost=19.469431, feasible=true, active_stations=1
[2026-10-05 04:37:17.737] [info] [candidate.cpp:199] InstancePrecompute: built 25 candidates
[2026-10-05 04:37:17.737] [info] [stationary.cpp:264] NN: cost=13.335226, feasible=true, active_stations=1
[2026-10-05 04:37:17.737] [info] [candidate.cpp:199] InstancePrecompute: built 25 candidates
[2026-10-05 04:37:17.737] [info] [stationary.cpp:264] NN: cost=906.795397, feasible=true, active_stations=1
[2026-10-05 04:37:17.737] [info] [candidate.cpp:199] InstancePrecompute: built 25 candidates
[2026-10-05 04:37:17.737] [info] [stationary.cpp:264] NN: cost=169.890785, feasible=true, active_stations=1
[2026-10-05 04:37:17.737] [info] [candidate.cpp:199] InstancePrecompute: built 25 candidates
[2026-10-05 04:37:17.737] [info] [stationary.cpp:264] NN: cost=129.351696, feasible=true, active_stations=1
[2026-10-05 04:37:17.737] [info] [candidate.cpp:199] InstancePrecompute: built 25 candidates
[2026-10-05 04:37:17.737] [info] [stationary.cpp:264] NN: cost=365.385204, feasible=true, active_stations=1
[2026-10-05 04:37:17.737] [info] [candidate.cpp:199] InstancePrecompute: built 25 candidates
[2026-10-05 04:37:17.737] [info] [stationary.cpp:264] NN: cost=1598.360240, feasible=true, active_stations=1
[2026-10-05 04:37:17.737] [info] [candidate.cpp:199] InstancePrecompute: built 25 candidates
[2026-10-05 04:37:17.737] [info] [stationary.cpp:264] NN: cost=193.360783, feasible=true, active_stations=1
[2026-10-05 04:37:17.737] [info] [candidate.cpp:199] InstancePrecompute: built 25 candidates
[2026-10-05 04:37:17.737] [info] [stationary.cpp:264] NN: cost=374.719863, feasible=true, active_stations=1
[2026-10-05 04:37:17.737] [info] [candidate.cpp:199] InstancePrecompute: built 25 candidates
[2026-10-05 04:37:17.737] [info] [stationary.cpp:264] NN: cost=13.335226, feasible=true, active_stations=1
[2026-10-05 04:37:17.737] [info] [candidate.cpp:199] InstancePrecompute: built 50 candidates
[2026-10-05 04:37:17.737] [info] [stationary.cpp:264] NN: cost=87.479085, feasible=true, active_stations=1
[2026-10-05 04:37:17.737] [info] [candidate.cpp:199] InstancePrecompute: built 25 candidates
[2026-10-05 04:37:17.737] [info] [stationary.cpp:264] NN: cost=33.338066, feasible=true, active_stations=1
[2026-10-05 04:37:17.737] [info] [candidate.cpp:199] InstancePrecompute: built 25 candidates
[2026-10-05 04:37:17.737] [info] [stationary.cpp:264] NN: cost=19.469431, feasible=true, active_stations=1
[2026-10-05 04:37:17.737] [info] [candidate.cpp:199] InstancePrecompute: built 25 candidates
[2026-10-05 04:37:17.737] [info] [stationary.cpp:264] NN: cost=13.335226, feasible=true, active_stations=1
[2026-10-05 04:37:17.737] [info] [candidate.cpp:199] InstancePrecompute: built 25 candidates
[2026-10-05 04:37:17.737] [info] [stationary.cpp:264] NN: cost=906.795397, feasible=true, active_stations=1
[2026-10-05 04:37:17.737] [info] [candidate.cpp:199] InstancePrecompute: built 25 candidates
[2026-10-05 04:37:17.737] [info] [stationary.cpp:264] NN: cost=169.890785, feasible=true, active_stations=1
[2026-10-05 04:37:17.737] [info] [candidate.cpp:199] InstancePrecompute: built 25 candidates
[2026-10-05 04:37:17.737] [info] [stationary.cpp:264] NN: cost=129.351696, feasible=true, active_stations=1
[2026-10-05 04:37:17.737] [info] [candidate.cpp:199] InstancePrecompute: built 25 candidates
[2026-10-05 04:37:17.737] [info] [stationary.cpp:264] NN: cost=365.385204, feasible=true, active_stations=1
[2026-10-05 04:37:17.737] [info] [candidate.cpp:199] InstancePrecompute: built 25 candidates
[2026-10-05 04:37:17.737] [info] [stationary.cpp:264] NN: cost=1598.360240, feasible=true, active_stations=1
[2026-10-05 04:37:17.737] [info] [candidate.cpp:199] InstancePrecompute: built 25 candidates
[2026-10-05 04:37:17.737] [info] [stationary.cpp:264] NN: cost=193.360783, feasible=true, active_stations=1
[2026-10-05 04:37:17.737] [info] [candidate.cpp:199] InstancePrecompute: built 25 candidates
[2026-10-05 04:37:17.737] [info] [stationary.cpp:264] NN: cost=374.719863, feasible=true, active_stations=1
[2026-10-05 04:37:17.737] [info] [candidate.cpp:199] InstancePrecompute: built 25 candidates
[2026-10-05 04:37:17.737] [info] [stationary.cpp:264] NN: cost=13.335226, feasible=true, active_stations=1
[2026-10-05 04:37:17.737] [info] [candidate.cpp:199] InstancePrecompute: built 50 candidates
[2026-10-05 04:37:17.737] [info] [stationary.cpp:264] NN: cost=87.479085, feasible=true, active_stations=1
[2026-10-05 04:37:17.737] [info] [candidate.cpp:199] InstancePrecompute: built 50 candidates
[2026-10-05 04:37:17.737] [info] [stationary.cpp:264] NN: cost=33.338066, feasible=true, active_stations=1
[2026-10-05 04:37:17.737] [info] [candidate.cpp:199] InstancePrecompute: built 25 candidates
[2026-10-05 04:37:17.737] [info] [stationary.cpp:264] NN: cost=13.335226, feasible=true, active_stations=1
[2026-10-05 04:37:17.737] [info] [candidate.cpp:199] InstancePrecompute: built 25 candidates
[2026-10-05 04:37:17.737] [info] [stationary.cpp:264] NN: cost=906.795397, feasible=true, active_stations=1
[2026-10-05 04:37:17.737] [info] [candidate.cpp:199] InstancePrecompute: built 25 candidates
[2026-10-05 04:37:17.737] [info] [stationary.cpp:264] NN: cost=169.890785, feasible=true, active_stations=1
[2026-10-05 04:37:17.737] [info] [candidate.cpp:199] InstancePrecompute: built 25 candidates
[2026-10-05 04:37:17.737] [info] [stationary.cpp:264] NN: cost=129.351696, feasible=true, active_stations=1
[2026-10-05 04:37:17.737] [info] [candidate.cpp:199] InstancePrecompute: built 25 candidates
[2026-10-05 04:37:17.737] [info] [stationary.cpp:264] NN: cost=365.385204, feasible=true, active_stations=1
[2026-10-05 04:37:17.737] [info] [candidate.cpp:199] InstancePrecompute: built 25 candidates
[2026-10-05 04:37:17.737] [info] [stationary.cpp:264] NN: cost=1598.360240, feasible=true, active_stations=1
[2026-10-05 04:37:17.737] [info] [candidate.cpp:199] InstancePrecompute: built 25 candidates
[2026-10-05 04:37:17.737] [info] [stationary.cpp:264] NN: cost=193.360783, feasible=true, active_stations=1
[2026-10-05 04:37:17.737] [info] [candidate.cpp:199] InstancePrecompute: built 25 candidates
[2026-10-05 04:37:17.737] [info] [stationary.cpp:264] NN: cost=374.719863, feasible=true, active_stations=1
[2026-10-05 04:37:17.737] [info] [candidate.cpp:199] InstancePrecompute: built 25 candidates
[2026-10-05 04:37:17.737] [info] [stationary.cpp:264] NN: cost=13.335226, feasible=true, active_stations=1
[2026-10-05 04:37:17.737] [info] [candidate.cpp:199] InstancePrecompute: built 50 candidates
[2026-10-05 04:37:17.737] [info] [stationary.cpp:264] NN: cost=87.479085, feasible=true, active_stations=1
[2026-10-05 04:37:17.737] [info] [candidate.cpp:199] InstancePrecompute: built 50 candidates
[2026-10-05 04:37:17.737] [info] [stationary.cpp:264] NN: cost=33.338066, feasible=true, active_stations=1
[2026-10-05 04:37:17.737] [info] [candidate.cpp:199] InstancePrecompute: built 25 candidates
[2026-10-05 04:37:17.737] [info] [stationary.cpp:264] NN: cost=13.335226, feasible=true, active_stations=1
[2026-10-05 04:37:17.737] [info] [candidate.cpp:199] InstancePrecompute: built 25 candidates
[2026-10-05 04:37:17.737] [info] [stationary.cpp:264] NN: cost=906.795397, feasible=true, active_stations=1
[2026-10-05 04:37:17.737] [info] [candidate.cpp:199] InstancePrecompute: built 25 candidates
[2026-10-05 04:37:17.737] [info] [stationary.cpp:264] NN: cost=169.890785, feasible=true, active_stations=1
[2026-10-05 04:37:17.737] [info] [candidate.cpp:199] InstancePrecompute: built 25 candidates
[2026-10-05 04:37:17.737] [info] [stationary.cpp:264] NN: cost=129.351696, feasible=true, active_stations=1
[2026-10-05 04:37:17.737] [info] [candidate.cpp:199] InstancePrecompute: built 25 candidates
[2026-10-05 04:37:17.737] [info] [stationary.cpp:264] NN: cost=365.385204, feasible=true, active_stations=1
[2026-10-05 04:37:17.738] [info] [candidate.cpp:199] InstancePrecompute: built 25 candidates
[2026-10-05 04:37:17.738] [info] [stationary.cpp:264] NN: cost=1598.360240, feasible=true, active_stations=1
[2026-10-05 04:37:17.738] [info] [candidate.cpp:199] InstancePrecompute: built 25 candidates
[2026-10-05 04:37:17.738] [info] [stationary.cpp:264] NN: cost=193.360783, feasible=true, active_stations=1
[2026-10-05 04:37:17.738] [info] [candidate.cpp:199] InstancePrecompute: built 25 candidates
[2026-10-05 04:37:17.738] [info] [stationary.cpp:264] NN: cost=374.719863, feasible=true, active_stations=1
[2026-10-05 04:37:17.738] [info] [candidate.cpp:199] InstancePrecompute: built 25 candidates
[2026-10-05 04:37:17.738] [info] [stationary.cpp:264] NN: cost=13.335226, feasible=true, active_stations=1
[2026-10-05 04:37:17.738] [info] [candidate.cpp:199] InstancePrecompute: built 50 candidates
[2026-10-05 04:37:17.738] [info] [stationary.cpp:264] NN: cost=87.479085, feasible=true, active_stations=1
[2026-10-05 04:37:17.738] [info] [candidate.cpp:199] InstancePrecompute: built 50 candidates
[2026-10-05 04:37:17.738] [info] [stationary.cpp:264] NN: cost=33.338066, feasible=true, active_stations=1
[2026-10-05 04:37:17.738] [info] [candidate.cpp:199] InstancePrecompute: built 25 candidates
[2026-10-05 04:37:17.738] [info] [stationary.cpp:264] NN: cost=13.335226, feasible=true, active_stations=1
[2026-10-05 04:37:17.738] [info] [candidate.cpp:199] InstancePrecompute: built 25 candidates
[2026-10-05 04:37:17.738] [info] [stationary.cpp:264] NN: cost=906.795397, feasible=true, active_stations=1
[2026-10-05 04:37:17.738] [info] [candidate.cpp:199] InstancePrecompute: built 25 candidates
[2026-10-05 04:37:17.738] [info] [stationary.cpp:264] NN: cost=169.890785, feasible=true, active_stations=1
[2026-10-05 04:37:17.738] [info] [candidate.cpp:199] InstancePrecompute: built 25 candidates
[2026-10-05 04:37:17.738] [info] [stationary.cpp:264] NN: cost=129.351696, feasible=true, active_stations=1
[2026-10-05 04:37:17.738] [info] [candidate.cpp:199] InstancePrecompute: built 25 candidates
[2026-10-05 04:37:17.738] [info] [stationary.cpp:264] NN: cost=365.385204, feasible=true, active_stations=1
[2026-10-05 04:37:17.738] [info] [candidate.cpp:199] InstancePrecompute: built 25 candidates
[2026-10-05 04:37:17.738] [info] [stationary.cpp:264] NN: cost=1598.360240, feasible=true, active_stations=1
[2026-10-05 04:37:17.738] [info] [candidate.cpp:199] InstancePrecompute: built 25 candidates
[2026-10-05 04:37:17.738] [info] [stationary.cpp:264] NN: cost=193.360783, feasible=true, active_stations=1
[2026-10-05 04:37:17.738] [info] [candidate.cpp:199] InstancePrecompute: built 25 candidates
[2026-10-05 04:37:17.738] [info] [stationary.cpp:264] NN: cost=374.719863, feasible=true, active_stations=1
[2026-10-05 04:37:17.738] [info] [candidate.cpp:199] InstancePrecompute: built 25 candidates
[2026-10-05 04:37:17.738] [info] [stationary.cpp:264] NN: cost=13.335226, feasible=true, active_stations=1
[2026-10-05 04:37:17.738] [info] [candidate.cpp:199] InstancePrecompute: built 25 candidates
[2026-10-05 04:37:17.738] [info] [stationary.cpp:264] NN: cost=43.739543, feasible=true, active_stations=1
[2026-10-05 04:37:17.738] [info] [candidate.cpp:199] InstancePrecompute: built 25 candidates
[2026-10-05 04:37:17.738] [info] [stationary.cpp:264] NN: cost=87.479085, feasible=true, active_stations=1
[2026-10-05 04:37:17.738] [info] [candidate.cpp:199] InstancePrecompute: built 50 candidates
[2026-10-05 04:37:17.738] [info] [stationary.cpp:264] NN: cost=33.338066, feasible=true, active_stations=1
[2026-10-05 04:37:17.738] [info] [candidate.cpp:199] InstancePrecompute: built 25 candidates
[2026-10-05 04:37:17.738] [info] [stationary.cpp:264] NN: cost=13.335226, feasible=true, active_stations=1
[2026-10-05 04:37:17.738] [info] [candidate.cpp:199] InstancePrecompute: built 25 candidates
[2026-10-05 04:37:17.738] [info] [stationary.cpp:264] NN: cost=906.795397, feasible=true, active_stations=1
[2026-10-05 04:37:17.738] [info] [candidate.cpp:199] InstancePrecompute: built 25 candidates
[2026-10-05 04:37:17.738] [info] [stationary.cpp:264] NN: cost=169.890785, feasible=true, active_stations=1
[2026-10-05 04:37:17.738] [info] [candidate.cpp:199] InstancePrecompute: built 25 candidates
[2026-10-05 04:37:17.738] [info] [stationary.cpp:264] NN: cost=129.351696, feasible=true, active_stations=1
[2026-10-05 04:37:17.738] [info] [candidate.cpp:199] InstancePrecompute: built 25 candidates
[2026-10-05 04:37:17.738] [info] [stationary.cpp:264] NN: cost=365.385204, feasible=true, active_stations=1
[2026-10-05 04:37:17.738] [info] [candidate.cpp:199] InstancePrecompute: built 25 candidates
[2026-10-05 04:37:17.738] [info] [stationary.cpp:264] NN: cost=1598.360240, feasible=true, active_stations=1
[2026-10-05 04:37:17.738] [info] [candidate.cpp:199] InstancePrecompute: built 25 candidates
[2026-10-05 04:37:17.738] [info] [stationary.cpp:264] NN: cost=193.360783, feasible=true, active_stations=1
[2026-10-05 04:37:17.738] [info] [candidate.cpp:199] InstancePrecompute: built 25 candidates
[2026-10-05 04:37:17.738] [info] [stationary.cpp:264] NN: cost=374.719863, feasible=true, active_stations=1
[2026-10-05 04:37:17.738] [info] [candidate.cpp:199] InstancePrecompute: built 25 candidates
[2026-10-05 04:37:17.738] [info] [stationary.cpp:264] NN: cost=13.335226, feasible=true, active_stations=1
[2026-10-05 04:37:17.738] [info] [candidate.cpp:199] InstancePrecompute: built 25 candidates
[2026-10-05 04:37:17.738] [info] [stationary.cpp:264] NN: cost=43.739543, feasible=true, active_stations=1
[2026-10-05 04:37:17.738] [info] [candidate.cpp:199] InstancePrecompute: built 25 candidates
[2026-10-05 04:37:17.738] [info] [stationary.cpp:264] NN: cost=87.479085, feasible=true, active_stations=1
[2026-10-05 04:37:17.738] [info] [candidate.cpp:199] InstancePrecompute: built 50 candidates
[2026-10-05 04:37:17.738] [info] [stationary.cpp:264] NN: cost=33.338066, feasible=true, active_stations=1
[2026-10-05 04:37:17.738] [info] [candidate.cpp:199] InstancePrecompute: built 25 candidates
[2026-10-05 04:37:17.738] [info] [stationary.cpp:264] NN: cost=13.335226, feasible=true, active_stations=1
[2026-10-05 04:37:17.738] [info] [candidate.cpp:199] InstancePrecompute: built 25 candidates
[2026-10-05 04:37:17.738] [info] [stationary.cpp:264] NN: cost=906.795397, feasible=true, active_stations=1
[2026-10-05 04:37:17.738] [info] [candidate.cpp:199] InstancePrecompute: built 25 candidates
[2026-10-05 04:37:17.738] [info] [stationary.cpp:264] NN: cost=169.890785, feasible=true, active_stations=1
[2026-10-05 04:37:17.738] [info] [candidate.cpp:199] InstancePrecompute: built 25 candidates
[2026-10-05 04:37:17.738] [info] [stationary.cpp:264] NN: cost=129.351696, feasible=true, active_stations=1
[2026-10-05 04:37:17.738] [info] [candidate.cpp:199] InstancePrecompute: built 25 candidates
[2026-10-05 04:37:17.738] [info] [stationary.cpp:264] NN: cost=365.385204, feasible=true, active_stations=1
[2026-10-05 04:37:17.738] [info] [candidate.cpp:199] InstancePrecompute: built 25 candidates
[2026-10-05 04:37:17.738] [info] [stationary.cpp:264] NN: cost=1598.360240, feasible=true, active_stations=1
[2026-10-05 04:37:17.738] [info] [candidate.cpp:199] InstancePrecompute: built 25 candidates
[2026-10-05 04:37:17.738] [info] [stationary.cpp:264] NN: cost=193.360783, feasible=true, active_stations=1
[2026-10-05 04:37:17.738] [info] [candidate.cpp:199] InstancePrecompute: built 25 candidates
[2026-10-05 04:37:17.738] [info] [stationary.cpp:264] NN: cost=374.719863, feasible=true, active_stations=1
[2026-10-05 04:37:17.738] [info] [candidate.cpp:199] InstancePrecompute: built 25 candidates
[2026-10-05 04:37:17.738] [info] [stationary.cpp:264] NN: cost=13.335226, feasible=true, active_stations=1
[2026-10-05 04:37:17.738] [info] [candidate.cpp:199] InstancePrecompute: built 25 candidates
[2026-10-05 04:37:17.738] [info] [stationary.cpp:264] NN: cost=43.739543, feasible=true, active_stations=1
[2026-10-05 04:37:17.738] [info] [candidate.cpp:199] InstancePrecompute: built 25 candidates
[2026-10-05 04:37:17.738] [info] [stationary.cpp:264] NN: cost=87.479085, feasible=true, active_stations=1
[2026-10-05 04:37:17.738] [info] [candidate.cpp:199] InstancePrecompute: built 25 candidates
[2026-10-05 04:37:17.738] [info] [stationary.cpp:264] NN: cost=33.338066, feasible=true, active_stations=1
[2026-10-05 04:37:17.738] [info] [candidate.cpp:199] InstancePrecompute: built 25 candidates
[2026-10-05 04:37:17.738] [info] [stationary.cpp:264] NN: cost=19.469431, feasible=true, active_stations=1
[2026-10-05 04:37:17.738] [info] [candidate.cpp:199] InstancePrecompute: built 25 candidates
[2026-10-05 04:37:17.738] [info] [stationary.cpp:264] NN: cost=13.335226, feasible=true, active_stations=1
[2026-10-05 04:37:17.738] [info] [candidate.cpp:199] InstancePrecompute: built 25 candidates
[2026-10-05 04:37:17.738] [info] [stationary.cpp:264] NN: cost=906.795397, feasible=true, active_stations=1
[2026-10-05 04:37:17.738] [info] [candidate.cpp:199] InstancePrecompute: built 25 candidates
[2026-10-05 04:37:17.738] [info] [stationary.cpp:264] NN: cost=169.890785, feasible=true, active_stations=1
[2026-10-05 04:37:17.738] [info] [candidate.cpp:199] InstancePrecompute: built 25 candidates
[2026-10-05 04:37:17.738] [info] [stationary.cpp:264] NN: cost=129.351696, feasible=true, active_stations=1
[2026-10-05 04:37:17.738] [info] [candidate.cpp:199] InstancePrecompute: built 25 candidates
[2026-10-05 04:37:17.738] [info] [stationary.cpp:264] NN: cost=365.385204, feasible=true, active_stations=1
[2026-10-05 04:37:17.738] [info] [candidate.cpp:199] InstancePrecompute: built 25 candidates
[2026-10-05 04:37:17.738] [info] [stationary.cpp:264] NN: cost=1598.360240, feasible=true, active_stations=1
[2026-10-05 04:37:17.738] [info] [candidate.cpp:199] InstancePrecompute: built 25 candidates
[2026-10-05 04:37:17.738] [info] [stationary.cpp:264] NN: cost=193.360783, feasible=true, active_stations=1
[2026-10-05 04:37:17.738] [info] [candidate.cpp:199] InstancePrecompute: built 25 candidates
[2026-10-05 04:37:17.738] [info] [stationary.cpp:264] NN: cost=13.335226, feasible=true, active_stations=1
[2026-10-05 04:37:17.738] [info] [candidate.cpp:199] InstancePrecompute: built 25 candidates
[2026-10-05 04:37:17.738] [info] [stationary.cpp:264] NN: cost=43.739543, feasible=true, active_stations=1
[2026-10-05 04:37:17.738] [info] [candidate.cpp:199] InstancePrecompute: built 25 candidates
[2026-10-05 04:37:17.738] [info] [stationary.cpp:264] NN: cost=87.479085, feasible=true, active_stations=1
[2026-10-05 04:37:17.738] [info] [candidate.cpp:199] InstancePrecompute: built 25 candidates
[2026-10-05 04:37:17.738] [info] [stationary.cpp:264] NN: cost=374.719863, feasible=true, active_stations=1
[2026-10-05 04:37:17.738] [info] [candidate.cpp:199] InstancePrecompute: built 25 candidates
[2026-10-05 04:37:17.738] [info] [stationary.cpp:264] NN: cost=33.338066, feasible=true, active_stations=1
[2026-10-05 04:37:17.738] [info] [candidate.cpp:199] InstancePrecompute: built 25 candidates
[2026-10-05 04:37:17.738] [info] [stationary.cpp:264] NN: cost=19.469431, feasible=true, active_stations=1
[2026-10-05 04:37:17.738] [info] [candidate.cpp:199] InstancePrecompute: built 25 candidates
[2026-10-05 04:37:17.738] [info] [stationary.cpp:264] NN: cost=13.335226, feasible=true, active_stations=1
[2026-10-05 04:37:17.738] [info] [candidate.cpp:199] InstancePrecompute: built 25 candidates
[2026-10-05 04:37:17.738] [info] [stationary.cpp:264] NN: cost=906.795397, feasible=true, active_stations=1
[2026-10-05 04:37:17.738] [info] [candidate.cpp:199] InstancePrecompute: built 25 candidates
[2026-10-05 04:37:17.738] [info] [stationary.cpp:264] NN: cost=169.890785, feasible=true, active_stations=1
[2026-10-05 04:37:17.738] [info] [candidate.cpp:199] InstancePrecompute: built 25 candidates
[2026-10-05 04:37:17.738] [info] [stationary.cpp:264] NN: cost=129.351696, feasible=true, active_stations=1
[2026-10-05 04:37:17.738] [info] [candidate.cpp:199] InstancePrecompute: built 25 candidates
[2026-10-05 04:37:17.738] [info] [stationary.cpp:264] NN: cost=365.385204, feasible=true, active_stations=1
[2026-10-05 04:37:17.738] [info] [candidate.cpp:199] InstancePrecompute: built 25 candidates
[2026-10-05 04:37:17.738] [info] [stationary.cpp:264] NN: cost=1598.360240, feasible=true, active_stations=1
[2026-10-05 04:37:17.738] [info] [candidate.cpp:199] InstancePrecompute: built 25 candidates
[2026-10-05 04:37:17.738] [info] [stationary.cpp:264] NN: cost=193.360783, feasible=true, active_stations=1
[2026-10-05 04:37:17.738] [info] [candidate.cpp:199] InstancePrecompute: built 25 candidates
[2026-10-05 04:37:17.738] [info] [stationary.cpp:264] NN: cost=13.335226, feasible=true, active_stations=1
[2026-10-05 04:37:17.738] [info] [candidate.cpp:199] InstancePrecompute: built 50 candidates
[2026-10-05 04:37:17.738] [info] [stationary.cpp:264] NN: cost=87.479085, feasible=true, active_stations=1
[2026-10-05 04:37:17.738] [info] [candidate.cpp:199] InstancePrecompute: built 25 candidates
[2026-10-05 04:37:17.738] [info] [stationary.cpp:264] NN: cost=374.719863, feasible=true, active_stations=1
[2026-10-05 04:37:17.738] [info] [candidate.cpp:199] InstancePrecompute: built 25 candidates
[2026-10-05 04:37:17.738] [info] [stationary.cpp:264] NN: cost=33.338066, feasible=true, active_stations=1
[2026-10-05 04:37:17.738] [info] [candidate.cpp:199] InstancePrecompute: built 25 candidates
[2026-10-05 04:37:17.738] [info] [stationary.cpp:264] NN: cost=19.469431, feasible=true, active_stations=1
[2026-10-05 04:37:17.738] [info] [candidate.cpp:199] InstancePrecompute: built 25 candidates
[2026-10-05 04:37:17.738] [info] [stationary.cpp:264] NN: cost=13.335226, feasible=true, active_stations=1
[2026-10-05 04:37:17.738] [info] [candidate.cpp:199] InstancePrecompute: built 25 candidates
[2026-10-05 04:37:17.738] [info] [stationary.cpp:264] NN: cost=906.795397, feasible=true, active_stations=1
[2026-10-05 04:37:17.738] [info] [candidate.cpp:199] InstancePrecompute: built 25 candidates
[2026-10-05 04:37:17.738] [info] [stationary.cpp:264] NN: cost=169.890785, feasible=true, active_stations=1
[2026-10-05 04:37:17.738] [info] [candidate.cpp:199] InstancePrecompute: built 25 candidates
[2026-10-05 04:37:17.738] [info] [stationary.cpp:264] NN: cost=129.351696, feasible=true, active_stations=1
[2026-10-05 04:37:17.738] [info] [candidate.cpp:199] InstancePrecompute: built 25 candidates
[2026-10-05 04:37:17.738] [info] [stationary.cpp:264] NN: cost=365.385204, feasible=true, active_stations=1
[2026-10-05 04:37:17.738] [info] [candidate.cpp:199] InstancePrecompute: built 25 candidates
[2026-10-05 04:37:17.738] [info] [stationary.cpp:264] NN: cost=1598.360240, feasible=true, active_stations=1
[2026-10-05 04:37:17.738] [info] [candidate.cpp:199] InstancePrecompute: built 25 candidates
[2026-10-05 04:37:17.738] [info] [stationary.cpp:264] NN: cost=193.360783, feasible=true, active_stations=1
[2026-10-05 04:37:17.738] [info] [candidate.cpp:199] InstancePrecompute: built 25 candidates
[2026-10-05 04:37:17.738] [info] [stationary.cpp:264] NN: cost=13.335226, feasible=true, active_stations=1
[2026-10-05 04:37:17.738] [info] [candidate.cpp:199] InstancePrecompute: built 50 candidates
[2026-10-05 04:37:17.738] [info] [stationary.cpp:264] NN: cost=87.479085, feasible=true, active_stations=1
[2026-10-05 04:37:17.738] [info] [candidate.cpp:199] InstancePrecompute: built 25 candidates
[2026-10-05 04:37:17.738] [info] [stationary.cpp:264] NN: cost=374.719863, feasible=true, active_stations=1
[2026-10-05 04:37:17.738] [info] [candidate.cpp:199] InstancePrecompute: built 50 candidates
[2026-10-05 04:37:17.738] [info] [stationary.cpp:264] NN: cost=33.338066, feasible=true, active_stations=1
[2026-10-05 04:37:17.738] [info] [candidate.cpp:199] InstancePrecompute: built 25 candidates
[2026-10-05 04:37:17.738] [info] [stationary.cpp:264] NN: cost=13.335226, feasible=true, active_stations=1
[2026-10-05 04:37:17.738] [info] [candidate.cpp:199] InstancePrecompute: built 25 candidates
[2026-10-05 04:37:17.738] [info] [stationary.cpp:264] NN: cost=906.795397, feasible=true, active_stations=1
[2026-10-05 04:37:17.738] [info] [candidate.cpp:199] InstancePrecompute: built 25 candidates
[2026-10-05 04:37:17.738] [info] [stationary.cpp:264] NN: cost=169.890785, feasible=true, active_stations=1
[2026-10-05 04:37:17.738] [info] [candidate.cpp:199] InstancePrecompute: built 25 candidates
[2026-10-05 04:37:17.738] [info] [stationary.cpp:264] NN: cost=129.351696, feasible=true, active_stations=1
[2026-10-05 04:37:17.738] [info] [candidate.cpp:199] InstancePrecompute: built 25 candidates
[2026-10-05 04:37:17.738] [info] [stationary.cpp:264] NN: cost=365.385204, feasible=true, active_stations=1
[2026-10-05 04:37:17.738] [info] [candidate.cpp:199] InstancePrecompute: built 25 candidates
[2026-10-05 04:37:17.738] [info] [stationary.cpp:264] NN: cost=1598.360240, feasible=true, active_stations=1
[2026-10-05 04:37:17.738] [info] [candidate.cpp:199] InstancePrecompute: built 25 candidates
[2026-10-05 04:37:17.738] [info] [stationary.cpp:264] NN: cost=193.360783, feasible=true, active_stations=1
[2026-10-05 04:37:17.738] [info] [candidate.cpp:199] InstancePrecompute: built 25 candidates
[2026-10-05 04:37:17.738] [info] [stationary.cpp:264] NN: cost=13.335226, feasible=true, active_stations=1
[2026-10-05 04:37:17.738] [info] [candidate.cpp:199] InstancePrecompute: built 50 candidates
[2026-10-05 04:37:17.738] [info] [stationary.cpp:264] NN: cost=87.479085, feasible=true, active_stations=1
[2026-10-05 04:37:17.738] [info] [candidate.cpp:199] InstancePrecompute: built 25 candidates
[2026-10-05 04:37:17.738] [info] [stationary.cpp:264] NN: cost=374.719863, feasible=true, active_stations=1
[2026-10-05 04:37:17.738] [info] [candidate.cpp:199] InstancePrecompute: built 50 candidates
[2026-10-05 04:37:17.738] [info] [stationary.cpp:264] NN: cost=33.338066, feasible=true, active_stations=1
[2026-10-05 04:37:17.738] [info] [candidate.cpp:199] InstancePrecompute: built 25 candidates
[2026-10-05 04:37:17.738] [info] [stationary.cpp:264] NN: cost=13.335226, feasible=true, active_stations=1
[2026-10-05 04:37:17.738] [info] [candidate.cpp:199] InstancePrecompute: built 25 candidates
[2026-10-05 04:37:17.738] [info] [stationary.cpp:264] NN: cost=906.795397, feasible=true, active_stations=1
[2026-10-05 04:37:17.738] [info] [candidate.cpp:199] InstancePrecompute: built 25 candidates
[2026-10-05 04:37:17.738] [info] [stationary.cpp:264] NN: cost=169.890785, feasible=true, active_stations=1
[2026-10-05 04:37:17.738] [info] [candidate.cpp:199] InstancePrecompute: built 25 candidates
[2026-10-05 04:37:17.738] [info] [stationary.cpp:264] NN: cost=129.351696, feasible=true, active_stations=1
[2026-10-05 04:37:17.738] [info] [candidate.cpp:199] InstancePrecompute: built 25 candidates
[2026-10-05 04:37:17.738] [info] [stationary.cpp:264] NN: cost=365.385204, feasible=true, active_stations=1
[2026-10-05 04:37:17.738] [info] [candidate.cpp:199] InstancePrecompute: built 25 candidates
[2026-10-05 04:37:17.738] [info] [stationary.cpp:264] NN: cost=1598.360240, feasible=true, active_stations=1
[2026-10-05 04:37:17.738] [info] [candidate.cpp:199] InstancePrecompute: built 25 candidates
[2026-10-05 04:37:17.738] [info] [stationary.cpp:264] NN: cost=193.360783, feasible=true, active_stations=1
[2026-10-05 04:37:17.738] [info] [candidate.cpp:199] InstancePrecompute: built 25 candidates
[2026-10-05 04:37:17.738] [info] [stationary.cpp:264] NN: cost=13.335226, feasible=true, active_stations=1
[2026-10-05 04:37:17.738] [info] [candidate.cpp:199] InstancePrecompute: built 50 candidates
[2026-10-05 04:37:17.738] [info] [stationary.cpp:264] NN: cost=87.479085, feasible=true, active_stations=1
[2026-10-05 04:37:17.738] [info] [candidate.cpp:199] InstancePrecompute: built 25 candidates
[2026-10-05 04:37:17.738] [info] [stationary.cpp:264] NN: cost=374.719863, feasible=true, active_stations=1
[2026-10-05 04:37:17.738] [info] [candidate.cpp:199] InstancePrecompute: built 50 candidates
[2026-10-05 04:37:17.738] [info] [stationary.cpp:264] NN: cost=33.338066, feasible=true, active_stations=1
[2026-10-05 04:37:17.738] [info] [candidate.cpp:199] InstancePrecompute: built 25 candidates
[2026-10-05 04:37:17.738] [info] [stationary.cpp:264] NN: cost=13.335226, feasible=true, active_stations=1
[2026-10-05 04:37:17.738] [info] [candidate.cpp:199] InstancePrecompute: built 25 candidates
[2026-10-05 04:37:17.738] [info] [stationary.cpp:264] NN: cost=906.795397, feasible=true, active_stations=1
[2026-10-05 04:37:17.738] [info] [candidate.cpp:199] InstancePrecompute: built 25 candidates
[2026-10-05 04:37:17.738] [info] [stationary.cpp:264] NN: cost=169.890785, feasible=true, active_stations=1
[2026-10-05 04:37:17.738] [info] [candidate.cpp:199] InstancePrecompute: built 25 candidates
[2026-10-05 04:37:17.738] [info] [stationary.cpp:264] NN: cost=129.351696, feasible=true, active_stations=1
[2026-10-05 04:37:17.738] [info] [candidate.cpp:199] InstancePrecompute: built 25 candidates
[2026-10-05 04:37:17.738] [info] [stationary.cpp:264] NN: cost=365.385204, feasible=true, active_stations=1
[2026-10-05 04:37:17.738] [info] [candidate.cpp:199] InstancePrecompute: built 25 candidates
[2026-10-05 04:37:17.738] [info] [stationary.cpp:264] NN: cost=1598.360240, feasible=true, active_stations=1
[2026-10-05 04:37:17.738] [info] [candidate.cpp:199] InstancePrecompute: built 25 candidates
[2026-10-05 04:37:17.738] [info] [stationary.cpp:264] NN: cost=193.360783, feasible=true, active_stations=1
[2026-10-05 04:37:17.738] [info] [candidate.cpp:199] InstancePrecompute: built 25 candidates
[2026-10-05 04:37:17.738] [info] [stationary.cpp:264] NN: cost=13.335226, feasible=true, active_stations=1
[2026-10-05 04:37:17.738] [info] [candidate.cpp:199] InstancePrecompute: built 25 candidates
[2026-10-05 04:37:17.738] [info] [stationary.cpp:264] NN: cost=43.739543, feasible=true, active_stations=1
[2026-10-05 04:37:17.738] [info] [candidate.cpp:199] InstancePrecompute: built 25 candidates
[2026-10-05 04:37:17.738] [info] [stationary.cpp:264] NN: cost=87.479085, feasible=true, active_stations=1
[2026-10-05 04:37:17.738] [info] [candidate.cpp:199] InstancePrecompute: built 25 candidates
[2026-10-05 04:37:17.738] [info] [stationary.cpp:264] NN: cost=374.719863, feasible=true, active_stations=1
[2026-10-05 04:37:17.738] [info] [candidate.cpp:199] InstancePrecompute: built 50 candidates
[2026-10-05 04:37:17.738] [info] [stationary.cpp:264] NN: cost=33.338066, feasible=true, active_stations=1
[2026-10-05 04:37:17.738] [info] [candidate.cpp:199] InstancePrecompute: built 25 candidates
[2026-10-05 04:37:17.738] [info] [stationary.cpp:264] NN: cost=13.335226, feasible=true, active_stations=1
[2026-10-05 04:37:17.738] [info] [candidate.cpp:199] InstancePrecompute: built 25 candidates
[2026-10-05 04:37:17.738] [info] [stationary.cpp:264] NN: cost=906.795397, feasible=true, active_stations=1
[2026-10-05 04:37:17.738] [info] [candidate.cpp:199] InstancePrecompute: built 25 candidates
[2026-10-05 04:37:17.738] [info] [stationary.cpp:264] NN: cost=169.890785, feasible=true, active_stations=1
[2026-10-05 04:37:17.738] [info] [candidate.cpp:199] InstancePrecompute: built 25 candidates
[2026-10-05 04:37:17.739] [info] [stationary.cpp:264] NN: cost=129.351696, feasible=true, active_stations=1
[2026-10-05 04:37:17.739] [info] [candidate.cpp:199] InstancePrecompute: built 25 candidates
[2026-10-05 04:37:17.739] [info] [stationary.cpp:264] NN: cost=365.385204, feasible=true, active_stations=1
[2026-10-05 04:37:17.739] [info] [candidate.cpp:199] InstancePrecompute: built 25 candidates
[2026-10-05 04:37:17.739] [info] [stationary.cpp:264] NN: cost=1598.360240, feasible=true, active_stations=1
[2026-10-05 04:37:17.739] [info] [candidate.cpp:199] InstancePrecompute: built 25 candidates
[2026-10-05 04:37:17.739] [info] [stationary.cpp:264] NN: cost=193.360783, feasible=true, active_stations=1
[2026-10-05 04:37:17.739] [info] [candidate.cpp:199] InstancePrecompute: built 25 candidates
[2026-10-05 04:37:17.739] [info] [stationary.cpp:264] NN: cost=13.335226, feasible=true, active_stations=1
[2026-10-05 04:37:17.739] [info] [candidate.cpp:199] InstancePrecompute: built 25 candidates
[2026-10-05 04:37:17.739] [info] [stationary.cpp:264] NN: cost=43.739543, feasible=true, active_stations=1
[2026-10-05 04:37:17.739] [info] [candidate.cpp:199] InstancePrecompute: built 25 candidates
[2026-10-05 04:37:17.739] [info] [stationary.cpp:264] NN: cost=87.479085, feasible=true, active_stations=1
[2026-10-05 04:37:17.739] [info] [candidate.cpp:199] InstancePrecompute: built 25 candidates
[2026-10-05 04:37:17.739] [info] [stationary.cpp:264] NN: cost=374.719863, feasible=true, active_stations=1
[2026-10-05 04:37:17.739] [info] [candidate.cpp:199] InstancePrecompute: built 50 candidates
[2026-10-05 04:37:17.739] [info] [stationary.cpp:264] NN: cost=33.338066, feasible=true, active_stations=1
[2026-10-05 04:37:17.739] [info] [candidate.cpp:199] InstancePrecompute: built 25 candidates
[2026-10-05 04:37:17.739] [info] [stationary.cpp:264] NN: cost=13.335226, feasible=true, active_stations=1
[2026-10-05 04:37:17.739] [info] [candidate.cpp:199] InstancePrecompute: built 25 candidates
[2026-10-05 04:37:17.739] [info] [stationary.cpp:264] NN: cost=906.795397, feasible=true, active_stations=1
[2026-10-05 04:37:17.739] [info] [candidate.cpp:199] InstancePrecompute: built 25 candidates
[2026-10-05 04:37:17.739] [info] [stationary.cpp:264] NN: cost=169.890785, feasible=true, active_stations=1
[2026-10-05 04:37:17.739] [info] [candidate.cpp:199] InstancePrecompute: built 25 candidates
[2026-10-05 04:37:17.739] [info] [stationary.cpp:264] NN: cost=129.351696, feasible=true, active_stations=1
[2026-10-05 04:37:17.739] [info] [candidate.cpp:199] InstancePrecompute: built 25 candidates
[2026-10-05 04:37:17.739] [info] [stationary.cpp:264] NN: cost=365.385204, feasible=true, active_stations=1
[2026-10-05 04:37:17.739] [info] [candidate.cpp:199] InstancePrecompute: built 25 candidates
[2026-10-05 04:37:17.739] [info] [stationary.cpp:264] NN: cost=1598.360240, feasible=true, active_stations=1
[2026-10-05 04:37:17.739] [info] [candidate.cpp:199] InstancePrecompute: built 25 candidates
[2026-10-05 04:37:17.739] [info] [stationary.cpp:264] NN: cost=193.360783, feasible=true, active_stations=1
[2026-10-05 04:37:17.739] [info] [candidate.cpp:199] InstancePrecompute: built 25 candidates
[2026-10-05 04:37:17.739] [info] [stationary.cpp:264] NN: cost=13.335226, feasible=true, active_stations=1
[2026-10-05 04:37:17.739] [info] [candidate.cpp:199] InstancePrecompute: built 25 candidates
[2026-10-05 04:37:17.739] [info] [stationary.cpp:264] NN: cost=43.739543, feasible=true, active_stations=1
[2026-10-05 04:37:17.739] [info] [candidate.cpp:199] InstancePrecompute: built 25 candidates
[2026-10-05 04:37:17.739] [info] [stationary.cpp:264] NN: cost=87.479085, feasible=true, active_stations=1
[2026-10-05 04:37:17.739] [info] [candidate.cpp:199] InstancePrecompute: built 25 candidates
[2026-10-05 04:37:17.739] [info] [stationary.cpp:264] NN: cost=374.719863, feasible=true, active_stations=1
[2026-10-05 04:37:17.739] [info] [candidate.cpp:199] InstancePrecompute: built 25 candidates
[2026-10-05 04:37:17.739] [info] [stationary.cpp:264] NN: cost=33.338066, feasible=true, active_stations=1
[2026-10-05 04:37:17.739] [info] [candidate.cpp:199] InstancePrecompute: built 25 candidates
[2026-10-05 04:37:17.739] [info] [stationary.cpp:264] NN: cost=19.469431, feasible=true, active_stations=1
[2026-10-05 04:37:17.739] [info] [candidate.cpp:199] InstancePrecompute: built 25 candidates
[2026-10-05 04:37:17.739] [info] [stationary.cpp:264] NN: cost=13.335226, feasible=true, active_stations=1
[2026-10-05 04:37:17.739] [info] [candidate.cpp:199] InstancePrecompute: built 25 candidates
[2026-10-05 04:37:17.739] [info] [stationary.cpp:264] NN: cost=906.795397, feasible=true, active_stations=1
[2026-10-05 04:37:17.739] [info] [candidate.cpp:199] InstancePrecompute: built 25 candidates
[2026-10-05 04:37:17.739] [info] [stationary.cpp:264] NN: cost=169.890785, feasible=true, active_stations=1
[2026-10-05 04:37:17.739] [info] [candidate.cpp:199] InstancePrecompute: built 25 candidates
[2026-10-05 04:37:17.739] [info] [stationary.cpp:264] NN: cost=129.351696, feasible=true, active_stations=1
[2026-10-05 04:37:17.739] [info] [candidate.cpp:199] InstancePrecompute: built 25 candidates
[2026-10-05 04:37:17.739] [info] [stationary.cpp:264] NN: cost=365.385204, feasible=true, active_stations=1
[2026-10-05 04:37:17.739] [info] [candidate.cpp:199] InstancePrecompute: built 25 candidates
[2026-10-05 04:37:17.739] [info] [stationary.cpp:264] NN: cost=1598.360240, feasible=true, active_stations=1
[2026-10-05 04:37:17.739] [info] [candidate.cpp:199] InstancePrecompute: built 25 candidates
[2026-10-05 04:37:17.739] [info] [stationary.cpp:264] NN: cost=193.360783, feasible=true, active_stations=1
[2026-10-05 04:37:17.739] [info] [candidate.cpp:199] InstancePrecompute: built 25 candidates
[2026-10-05 04:37:17.739] [info] [stationary.cpp:264] NN: cost=13.335226, feasible=true, active_stations=1
[2026-10-05 04:37:17.739] [info] [candidate.cpp:199] InstancePrecompute: built 25 candidates
[2026-10-05 04:37:17.739] [info] [stationary.cpp:264] NN: cost=43.739543, feasible=true, active_stations=1
[2026-10-05 04:37:17.739] [info] [candidate.cpp:199] InstancePrecompute: built 25 candidates
[2026-10-05 04:37:17.739] [info] [stationary.cpp:264] NN: cost=87.479085, feasible=true, active_stations=1
[2026-10-05 04:37:17.739] [info] [candidate.cpp:199] InstancePrecompute: built 25 candidates
[2026-10-05 04:37:17.739] [info] [stationary.cpp:264] NN: cost=374.719863, feasible=true, active_stations=1
[2026-10-05 04:37:17.739] [info] [candidate.cpp:199] InstancePrecompute: built 25 candidates
[2026-10-05 04:37:17.739] [info] [stationary.cpp:264] NN: cost=33.338066, feasible=true, active_stations=1
[2026-10-05 04:37:17.739] [info] [candidate.cpp:199] InstancePrecompute: built 25 candidates
[2026-10-05 04:37:17.739] [info] [stationary.cpp:264] NN: cost=19.469431, feasible=true, active_stations=1
[2026-10-05 04:37:17.739] [info] [candidate.cpp:199] InstancePrecompute: built 25 candidates
[2026-10-05 04:37:17.739] [info] [stationary.cpp:264] NN: cost=13.335226, feasible=true, active_stations=1
[2026-10-05 04:37:17.739] [info] [candidate.cpp:199] InstancePrecompute: built 25 candidates
[2026-10-05 04:37:17.739] [info] [stationary.cpp:264] NN: cost=906.795397, feasible=true, active_stations=1
[2026-10-05 04:37:17.739] [info] [candidate.cpp:199] InstancePrecompute: built 25 candidates
[2026-10-05 04:37:17.739] [info] [stationary.cpp:264] NN: cost=169.890785, feasible=true, active_stations=1
[2026-10-05 04:37:17.739] [info] [candidate.cpp:199] InstancePrecompute: built 25 candidates
[2026-10-05 04:37:17.739] [info] [stationary.cpp:264] NN: cost=129.351696, feasible=true, active_stations=1
[2026-10-05 04:37:17.739] [info] [candidate.cpp:199] InstancePrecompute: built 25 candidates
[2026-10-05 04:37:17.739] [info] [stationary.cpp:264] NN: cost=365.385204, feasible=true, active_stations=1
[2026-10-05 04:37:17.739] [info] [candidate.cpp:199] InstancePrecompute: built 25 candidates
[2026-10-05 04:37:17.739] [info] [stationary.cpp:264] NN: cost=1598.360240, feasible=true, active_stations=1
[2026-10-05 04:37:17.739] [info] [candidate.cpp:199] InstancePrecompute: built 25 candidates
[2026-10-05 04:37:17.739] [info] [stationary.cpp:264] NN: cost=193.360783, feasible=true, active_stations=1
[2026-10-05 04:37:17.739] [info] [candidate.cpp:199] InstancePrecompute: built 25 candidates
[2026-10-05 04:37:17.739] [info] [stationary.cpp:264] NN: cost=13.335226, feasible=true, active_stations=1
[2026-10-05 04:37:17.739] [info] [candidate.cpp:199] InstancePrecompute: built 50 candidates
[2026-10-05 04:37:17.739] [info] [stationary.cpp:264] NN: cost=87.479085, feasible=true, active_stations=1
[2026-10-05 04:37:17.739] [info] [candidate.cpp:199] InstancePrecompute: built 25 candidates
[2026-10-05 04:37:17.739] [info] [stationary.cpp:264] NN: cost=374.719863, feasible=true, active_stations=1
[2026-10-05 04:37:17.739] [info] [candidate.cpp:199] InstancePrecompute: built 25 candidates
[2026-10-05 04:37:17.739] [info] [stationary.cpp:264] NN: cost=33.338066, feasible=true, active_stations=1
[2026-10-05 04:37:17.739] [info] [candidate.cpp:199] InstancePrecompute: built 25 candidates
[2026-10-05 04:37:17.739] [info] [stationary.cpp:264] NN: cost=19.469431, feasible=true, active_stations=1
[2026-10-05 04:37:17.739] [info] [candidate.cpp:199] InstancePrecompute: built 25 candidates
[2026-10-05 04:37:17.739] [info] [stationary.cpp:264] NN: cost=13.335226, feasible=true, active_stations=1
[2026-10-05 04:37:17.739] [info] [candidate.cpp:199] InstancePrecompute: built 25 candidates
[2026-10-05 04:37:17.739] [info] [stationary.cpp:264] NN: cost=906.795397, feasible=true, active_stations=1
[2026-10-05 04:37:17.739] [info] [candidate.cpp:199] InstancePrecompute: built 25 candidates
[2026-10-05 04:37:17.739] [info] [stationary.cpp:264] NN: cost=169.890785, feasible=true, active_stations=1
[2026-10-05 04:37:17.739] [info] [candidate.cpp:199] InstancePrecompute: built 25 candidates
[2026-10-05 04:37:17.739] [info] [stationary.cpp:264] NN: cost=129.351696, feasible=true, active_stations=1
[2026-10-05 04:37:17.739] [info] [candidate.cpp:199] InstancePrecompute: built 25 candidates
[2026-10-05 04:37:17.739] [info] [stationary.cpp:264] NN: cost=365.385204, feasible=true, active_stations=1
[2026-10-05 04:37:17.739] [info] [candidate.cpp:199] InstancePrecompute: built 25 candidates
[2026-10-05 04:37:17.739] [info] [stationary.cpp:264] NN: cost=1598.360240, feasible=true, active_stations=1
[2026-10-05 04:37:17.739] [info] [candidate.cpp:199] InstancePrecompute: built 25 candidates
[2026-10-05 04:37:17.739] [info] [stationary.cpp:264] NN: cost=193.360783, feasible=true, active_stations=1
[2026-10-05 04:37:17.739] [info] [candidate.cpp:199] InstancePrecompute: built 25 candidates
[2026-10-05 04:37:17.739] [info] [stationary.cpp:264] NN: cost=13.335226, feasible=true, active_stations=1
[2026-10-05 04:37:17.739] [info] [candidate.cpp:199] InstancePrecompute: built 50 candidates
[2026-10-05 04:37:17.739] [info] [stationary.cpp:264] NN: cost=87.479085, feasible=true, active_stations=1
[2026-10-05 04:37:17.739] [info] [candidate.cpp:199] InstancePrecompute: built 25 candidates
[2026-10-05 04:37:17.739] [info] [stationary.cpp:264] NN: cost=374.719863, feasible=true, active_stations=1
[2026-10-05 04:37:17.739] [info] [candidate.cpp:199] InstancePrecompute: built 50 candidates
[2026-10-05 04:37:17.739] [info] [stationary.cpp:264] NN: cost=33.338066, feasible=true, active_stations=1
[2026-10-05 04:37:17.739] [info] [candidate.cpp:199] InstancePrecompute: built 25 candidates
[2026-10-05 04:37:17.739] [info] [stationary.cpp:264] NN: cost=13.335226, feasible=true, active_stations=1
[2026-10-05 04:37:17.739] [info] [candidate.cpp:199] InstancePrecompute: built 25 candidates
[2026-10-05 04:37:17.739] [info] [stationary.cpp:264] NN: cost=906.795397, feasible=true, active_stations=1
[2026-10-05 04:37:17.739] [info] [candidate.cpp:199] InstancePrecompute: built 25 candidates
[2026-10-05 04:37:17.739] [info] [stationary.cpp:264] NN: cost=169.890785, feasible=true, active_stations=1
[2026-10-05 04:37:17.739] [info] [candidate.cpp:199] InstancePrecompute: built 25 candidates
[2026-10-05 04:37:17.739] [info] [stationary.cpp:264] NN: cost=129.351696, feasible=true, active_stations=1
[2026-10-05 04:37:17.739] [info] [candidate.cpp:199] InstancePrecompute: built 25 candidates
[2026-10-05 04:37:17.739] [info] [stationary.cpp:264] NN: cost=365.385204, feasible=true, active_stations=1
[2026-10-05 04:37:17.739] [info] [candidate.cpp:199] InstancePrecompute: built 25 candidates
[2026-10-05 04:37:17.739] [info] [stationary.cpp:264] NN: cost=1598.360240, feasible=true, active_stations=1
[2026-10-05 04:37:17.739] [info] [candidate.cpp:199] InstancePrecompute: built 25 candidates
[2026-10-05 04:37:17.739] [info] [stationary.cpp:264] NN: cost=193.360783, feasible=true, active_stations=1
[2026-10-05 04:37:17.739] [info] [candidate.cpp:199] InstancePrecompute: built 25 candidates
[2026-10-05 04:37:17.739] [info] [stationary.cpp:264] NN: cost=13.335226, feasible=true, active_stations=1
[2026-10-05 04:37:17.739] [info] [candidate.cpp:199] InstancePrecompute: built 50 candidates
[2026-10-05 04:37:17.739] [info] [stationary.cpp:264] NN: cost=87.479085, feasible=true, active_stations=1
[2026-10-05 04:37:17.739] [info] [candidate.cpp:199] InstancePrecompute: built 25 candidates
[2026-10-05 04:37:17.739] [info] [stationary.cpp:264] NN: cost=374.719863, feasible=true, active_stations=1
[2026-10-05 04:37:17.739] [info] [candidate.cpp:199] InstancePrecompute: built 50 candidates
[2026-10-05 04:37:17.739] [info] [stationary.cpp:264] NN: cost=33.338066, feasible=true, active_stations=1
[2026-10-05 04:37:17.739] [info] [candidate.cpp:199] InstancePrecompute: built 25 candidates
[2026-10-05 04:37:17.739] [info] [stationary.cpp:264] NN: cost=13.335226, feasible=true, active_stations=1
[2026-10-05 04:37:17.739] [info] [candidate.cpp:199] InstancePrecompute: built 25 candidates
[2026-10-05 04:37:17.739] [info] [stationary.cpp:264] NN: cost=906.795397, feasible=true, active_stations=1
[2026-10-05 04:37:17.739] [info] [candidate.cpp:199] InstancePrecompute: built 25 candidates
[2026-10-05 04:37:17.739] [info] [stationary.cpp:264] NN: cost=169.890785, feasible=true, active_stations=1
[2026-10-05 04:37:17.739] [info] [candidate.cpp:199] InstancePrecompute: built 25 candidates
[2026-10-05 04:37:17.739] [info] [stationary.cpp:264] NN: cost=129.351696, feasible=true, active_stations=1
[2026-10-05 04:37:17.739] [info] [candidate.cpp:199] InstancePrecompute: built 25 candidates
[2026-10-05 04:37:17.739] [info] [stationary.cpp:264] NN: cost=365.385204, feasible=true, active_stations=1
[2026-10-05 04:37:17.739] [info] [candidate.cpp:199] InstancePrecompute: built 25 candidates
[2026-10-05 04:37:17.739] [info] [stationary.cpp:264] NN: cost=1598.360240, feasible=true, active_stations=1
[2026-10-05 04:37:17.739] [info] [candidate.cpp:199] InstancePrecompute: built 25 candidates
[2026-10-05 04:37:17.739] [info] [stationary.cpp:264] NN: cost=193.360783, feasible=true, active_stations=1
[2026-10-05 04:37:17.739] [info] [candidate.cpp:199] InstancePrecompute: built 25 candidates
[2026-10-05 04:37:17.739] [info] [stationary.cpp:264] NN: cost=13.335226, feasible=true, active_stations=1
[2026-10-05 04:37:17.739] [info] [candidate.cpp:199] InstancePrecompute: built 50 candidates
[2026-10-05 04:37:17.739] [info] [stationary.cpp:264] NN: cost=87.479085, feasible=true, active_stations=1
[2026-10-05 04:37:17.739] [info] [candidate.cpp:199] InstancePrecompute: built 25 candidates
[2026-10-05 04:37:17.739] [info] [stationary.cpp:264] NN: cost=374.719863, feasible=true, active_stations=1
[2026-10-05 04:37:17.739] [info] [candidate.cpp:199] InstancePrecompute: built 50 candidates
[2026-10-05 04:37:17.739] [info] [stationary.cpp:264] NN: cost=33.338066, feasible=true, active_stations=1
[2026-10-05 04:37:17.739] [info] [candidate.cpp:199] InstancePrecompute: built 25 candidates
[2026-10-05 04:37:17.739] [info] [stationary.cpp:264] NN: cost=13.335226, feasible=true, active_stations=1
[2026-10-05 04:37:17.739] [info] [candidate.cpp:199] InstancePrecompute: built 25 candidates
[2026-10-05 04:37:17.739] [info] [stationary.cpp:264] NN: cost=906.795397, feasible=true, active_stations=1
[2026-10-05 04:37:17.739] [info] [candidate.cpp:199] InstancePrecompute: built 25 candidates
[2026-10-05 04:37:17.739] [info] [stationary.cpp:264] NN: cost=169.890785, feasible=true, active_stations=1
[2026-10-05 04:37:17.739] [info] [candidate.cpp:199] InstancePrecompute: built 25 candidates
[2026-10-05 04:37:17.739] [info] [stationary.cpp:264] NN: cost=129.351696, feasible=true, active_stations=1
[2026-10-05 04:37:17.739] [info] [candidate.cpp:199] InstancePrecompute: built 25 candidates
[2026-10-05 04:37:17.739] [info] [stationary.cpp:264] NN: cost=365.385204, feasible=true, active_stations=1
[2026-10-05 04:37:17.739] [info] [candidate.cpp:199] InstancePrecompute: built 25 candidates
[2026-10-05 04:37:17.739] [info] [stationary.cpp:264] NN: cost=1598.360240, feasible=true, active_stations=1
[2026-10-05 04:37:17.739] [info] [candidate.cpp:199] InstancePrecompute: built 25 candidates
[2026-10-05 04:37:17.739] [info] [stationary.cpp:264] NN: cost=193.360783, feasible=true, active_stations=1
[2026-10-05 04:37:17.739] [info] [candidate.cpp:199] InstancePrecompute: built 25 candidates
[2026-10-05 04:37:17.739] [info] [stationary.cpp:264] NN: cost=13.335226, feasible=true, active_stations=1
[2026-10-05 04:37:17.739] [info] [candidate.cpp:199] InstancePrecompute: built 25 candidates
[2026-10-05 04:37:17.739] [info] [stationary.cpp:264] NN: cost=43.739543, feasible=true, active_stations=1
[2026-10-05 04:37:17.739] [info] [candidate.cpp:199] InstancePrecompute: built 25 candidates
[2026-10-05 04:37:17.739] [info] [stationary.cpp:264] NN: cost=87.479085, feasible=true, active_stations=1
[2026-10-05 04:37:17.739] [info] [candidate.cpp:199] InstancePrecompute: built 25 candidates
[2026-10-05 04:37:17.739] [info] [stationary.cpp:264] NN: cost=374.719863, feasible=true, active_stations=1
[2026-10-05 04:37:17.739] [info] [candidate.cpp:199] InstancePrecompute: built 50 candidates
[2026-10-05 04:37:17.739] [info] [stationary.cpp:264] NN: cost=33.338066, feasible=true, active_stations=1
[2026-10-05 04:37:17.739] [info] [candidate.cpp:199] InstancePrecompute: built 25 candidates
[2026-10-05 04:37:17.739] [info] [stationary.cpp:264] NN: cost=13.335226, feasible=true, active_stations=1
[2026-10-05 04:37:17.739] [info] [candidate.cpp:199] InstancePrecompute: built 25 candidates
[2026-10-05 04:37:17.739] [info] [stationary.cpp:264] NN: cost=906.795397, feasible=true, active_stations=1
[2026-10-05 04:37:17.739] [info] [candidate.cpp:199] InstancePrecompute: built 25 candidates
[2026-10-05 04:37:17.739] [info] [stationary.cpp:264] NN: cost=169.890785, feasible=true, active_stations=1
[2026-10-05 04:37:17.739] [info] [candidate.cpp:199] InstancePrecompute: built 25 candidates
[2026-10-05 04:37:17.739] [info] [stationary.cpp:264] NN: cost=129.351696, feasible=true, active_stations=1
[2026-10-05 04:37:17.739] [info] [candidate.cpp:199] InstancePrecompute: built 25 candidates
[2026-10-05 04:37:17.739] [info] [stationary.cpp:264] NN: cost=365.385204, feasible=true, active_stations=1
[2026-10-05 04:37:17.739] [info] [candidate.cpp:199] InstancePrecompute: built 25 candidates
[2026-10-05 04:37:17.739] [info] [stationary.cpp:264] NN: cost=1598.360240, feasible=true, active_stations=1
[2026-10-05 04:37:17.739] [info] [candidate.cpp:199] InstancePrecompute: built 25 candidates
[2026-10-05 04:37:17.739] [info] [stationary.cpp:264] NN: cost=193.360783, feasible=true, active_stations=1
[2026-10-05 04:37:17.739] [info] [candidate.cpp:199] InstancePrecompute: built 25 candidates
[2026-10-05 04:37:17.739] [info] [stationary.cpp:264] NN: cost=13.335226, feasible=true, active_stations=1
[2026-10-05 04:37:17.739] [info] [candidate.cpp:199] InstancePrecompute: built 25 candidates
[2026-10-05 04:37:17.739] [info] [stationary.cpp:264] NN: cost=43.739543, feasible=true, active_stations=1
[2026-10-05 04:37:17.739] [info] [candidate.cpp:199] InstancePrecompute: built 25 candidates
[2026-10-05 04:37:17.739] [info] [stationary.cpp:264] NN: cost=87.479085, feasible=true, active_stations=1
[2026-10-05 04:37:17.739] [info] [candidate.cpp:199] InstancePrecompute: built 25 candidates
[2026-10-05 04:37:17.739] [info] [stationary.cpp:264] NN: cost=374.719863, feasible=true, active_stations=1
[2026-10-05 04:37:17.739] [info] [candidate.cpp:199] InstancePrecompute: built 50 candidates
[2026-10-05 04:37:17.739] [info] [stationary.cpp:264] NN: cost=33.338066, feasible=true, active_stations=1
[2026-10-05 04:37:17.739] [info] [candidate.cpp:199] InstancePrecompute: built 25 candidates
[2026-10-05 04:37:17.739] [info] [stationary.cpp:264] NN: cost=13.335226, feasible=true, active_stations=1
[2026-10-05 04:37:17.739] [info] [candidate.cpp:199] InstancePrecompute: built 25 candidates
[2026-10-05 04:37:17.739] [info] [stationary.cpp:264] NN: cost=906.795397, feasible=true, active_stations=1
[2026-10-05 04:37:17.739] [info] [candidate.cpp:199] InstancePrecompute: built 25 candidates
[2026-10-05 04:37:17.739] [info] [stationary.cpp:264] NN: cost=169.890785, feasible=true, active_stations=1
[2026-10-05 04:37:17.739] [info] [candidate.cpp:199] InstancePrecompute: built 25 candidates
[2026-10-05 04:37:17.739] [info] [stationary.cpp:264] NN: cost=129.351696, feasible=true, active_stations=1
[2026-10-05 04:37:17.739] [info] [candidate.cpp:199] InstancePrecompute: built 25 candidates
[2026-10-05 04:37:17.739] [info] [stationary.cpp:264] NN: cost=365.385204, feasible=true, active_stations=1
[2026-10-05 04:37:17.739] [info] [candidate.cpp:199] InstancePrecompute: built 25 candidates
[2026-10-05 04:37:17.739] [info] [stationary.cpp:264] NN: cost=1598.360240, feasible=true, active_stations=1
[2026-10-05 04:37:17.739] [info] [candidate.cpp:199] InstancePrecompute: built 25 candidates
[2026-10-05 04:37:17.739] [info] [stationary.cpp:264] NN: cost=193.360783, feasible=true, active_stations=1
[2026-10-05 04:37:17.739] [info] [candidate.cpp:199] InstancePrecompute: built 25 candidates
[2026-10-05 04:37:17.739] [info] [stationary.cpp:264] NN: cost=13.335226, feasible=true, active_stations=1
[2026-10-05 04:37:17.739] [info] [candidate.cpp:199] InstancePrecompute: built 25 candidates
[2026-10-05 04:37:17.739] [info] [stationary.cpp:264] NN: cost=43.739543, feasible=true, active_stations=1
[2026-10-05 04:37:17.739] [info] [candidate.cpp:199] InstancePrecompute: built 25 candidates
[2026-10-05 04:37:17.739] [info] [stationary.cpp:264] NN: cost=87.479085, feasible=true, active_stations=1
[2026-10-05 04:37:17.739] [info] [candidate.cpp:199] InstancePrecompute: built 25 candidates
[2026-10-05 04:37:17.739] [info] [stationary.cpp:264] NN: cost=374.719863, feasible=true, active_stations=1
[2026-10-05 04:37:17.739] [info] [candidate.cpp:199] InstancePrecompute: built 25 candidates
[2026-10-05 04:37:17.739] [info] [stationary.cpp:264] NN: cost=33.338066, feasible=true, active_stations=1
[2026-10-05 04:37:17.739] [info] [candidate.cpp:199] InstancePrecompute: built 25 candidates
[2026-10-05 04:37:17.739] [info] [stationary.cpp:264] NN: cost=19.469431, feasible=true, active_stations=1
[2026-10-05 04:37:17.739] [info] [candidate.cpp:199] InstancePrecompute: built 25 candidates
[2026-10-05 04:37:17.739] [info] [stationary.cpp:264] NN: cost=13.335226, feasible=true, active_stations=1
[2026-10-05 04:37:17.739] [info] [candidate.cpp:199] InstancePrecompute: built 25 candidates
[2026-10-05 04:37:17.739] [info] [stationary.cpp:264] NN: cost=906.795397, feasible=true, active_stations=1
[2026-10-05 04:37:17.739] [info] [candidate.cpp:199] InstancePrecompute: built 25 candidates
[2026-10-05 04:37:17.739] [info] [stationary.cpp:264] NN: cost=169.890785, feasible=true, active_stations=1
[2026-10-05 04:37:17.739] [info] [candidate.cpp:199] InstancePrecompute: built 25 candidates
[2026-10-05 04:37:17.739] [info] [stationary.cpp:264] NN: cost=129.351696, feasible=true, active_stations=1
[2026-10-05 04:37:17.739] [info] [candidate.cpp:199] InstancePrecompute: built 25 candidates
[2026-10-05 04:37:17.739] [info] [stationary.cpp:264] NN: cost=365.385204, feasible=true, active_stations=1
[2026-10-05 04:37:17.739] [info] [candidate.cpp:199] InstancePrecompute: built 25 candidates
[2026-10-05 04:37:17.739] [info] [stationary.cpp:264] NN: cost=1598.360240, feasible=true, active_stations=1
[2026-10-05 04:37:17.739] [info] [shifting_strategy_solver.cpp:266] Shifting: cost=3220.723887222 LB=1598.360239824 ratio=2.0150 l=8
[2026-10-05 04:37:17.739] [info] [candidate.cpp:199] InstancePrecompute: built 325 candidates
[2026-10-05 04:37:17.741] [info] [solution.cpp:527] extend: 15 intervals over [0, 1]
[2026-10-05 04:37:17.741] [info] [minmax.cpp:198] MinMax iter 1: t_max=1.000000, peak=16693.036444, LB=1598.360240, gap=9.4439
[2026-10-05 04:37:17.741] [info] [candidate.cpp:199] InstancePrecompute: built 275 candidates
[2026-10-05 04:37:17.741] [info] [stationary.cpp:264] NN: cost=4564.114598, feasible=true, active_stations=7
[2026-10-05 04:37:17.741] [info] [candidate.cpp:199] InstancePrecompute: built 25 candidates
[2026-10-05 04:37:17.741] [info] [stationary.cpp:264] NN: cost=73.877154, feasible=true, active_stations=1
[2026-10-05 04:37:17.741] [info] [candidate.cpp:199] InstancePrecompute: built 25 candidates
[2026-10-05 04:37:17.741] [info] [stationary.cpp:264] NN: cost=1934.141241, feasible=true, active_stations=1
[2026-10-05 04:37:17.741] [info] [candidate.cpp:199] InstancePrecompute: built 100 candidates
[2026-10-05 04:37:17.741] [info] [stationary.cpp:264] NN: cost=542.477011, feasible=true, active_stations=2
[2026-10-05 04:37:17.741] [info] [candidate.cpp:199] InstancePrecompute: built 100 candidates
[2026-10-05 04:37:17.741] [info] [stationary.cpp:264] NN: cost=752.906884, feasible=true, active_stations=3
[2026-10-05 04:37:17.741] [info] [candidate.cpp:199] InstancePrecompute: built 25 candidates
[2026-10-05 04:37:17.741] [info] [stationary.cpp:264] NN: cost=73.877154, feasible=true, active_stations=1
[2026-10-05 04:37:17.741] [info] [candidate.cpp:199] InstancePrecompute: built 25 candidates
[2026-10-05 04:37:17.741] [info] [stationary.cpp:264] NN: cost=1495.678996, feasible=true, active_stations=1
[2026-10-05 04:37:17.741] [info] [candidate.cpp:199] InstancePrecompute: built 50 candidates
[2026-10-05 04:37:17.741] [info] [stationary.cpp:264] NN: cost=1799.188750, feasible=true, active_stations=2
[2026-10-05 04:37:17.741] [info] [candidate.cpp:199] InstancePrecompute: built 25 candidates
[2026-10-05 04:37:17.741] [info] [stationary.cpp:264] NN: cost=1934.141241, feasible=true, active_stations=1
[2026-10-05 04:37:17.741] [info] [candidate.cpp:199] InstancePrecompute: built 75 candidates
[2026-10-05 04:37:17.741] [info] [stationary.cpp:264] NN: cost=542.477011, feasible=true, active_stations=2
[2026-10-05 04:37:17.741] [info] [candidate.cpp:199] InstancePrecompute: built 100 candidates
[2026-10-05 04:37:17.741] [info] [stationary.cpp:264] NN: cost=849.720628, feasible=true, active_stations=2
[2026-10-05 04:37:17.741] [info] [candidate.cpp:199] InstancePrecompute: built 50 candidates
[2026-10-05 04:37:17.741] [info] [stationary.cpp:264] NN: cost=117.616697, feasible=true, active_stations=2
[2026-10-05 04:37:17.741] [info] [candidate.cpp:199] InstancePrecompute: built 25 candidates
[2026-10-05 04:37:17.741] [info] [stationary.cpp:264] NN: cost=1495.678996, feasible=true, active_stations=1
[2026-10-05 04:37:17.741] [info] [candidate.cpp:199] InstancePrecompute: built 25 candidates
[2026-10-05 04:37:17.741] [info] [stationary.cpp:264] NN: cost=377.920317, feasible=true, active_stations=1
[2026-10-05 04:37:17.741] [info] [candidate.cpp:199] InstancePrecompute: built 25 candidates
[2026-10-05 04:37:17.741] [info] [stationary.cpp:264] NN: cost=1421.268433, feasible=true, active_stations=1
[2026-10-05 04:37:17.741] [info] [candidate.cpp:199] InstancePrecompute: built 25 candidates
[2026-10-05 04:37:17.741] [info] [stationary.cpp:264] NN: cost=1934.141241, feasible=true, active_stations=1
[2026-10-05 04:37:17.741] [info] [candidate.cpp:199] InstancePrecompute: built 50 candidates
[2026-10-05 04:37:17.741] [info] [stationary.cpp:264] NN: cost=112.282607, feasible=true, active_stations=1
[2026-10-05 04:37:17.741] [info] [candidate.cpp:199] InstancePrecompute: built 25 candidates
[2026-10-05 04:37:17.741] [info] [stationary.cpp:264] NN: cost=683.030298, feasible=true, active_stations=1
[2026-10-05 04:37:17.741] [info] [candidate.cpp:199] InstancePrecompute: built 50 candidates
[2026-10-05 04:37:17.741] [info] [stationary.cpp:264] NN: cost=430.194405, feasible=true, active_stations=1
[2026-10-05 04:37:17.741] [info] [candidate.cpp:199] InstancePrecompute: built 100 candidates
[2026-10-05 04:37:17.741] [info] [stationary.cpp:264] NN: cost=1465.007976, feasible=true, active_stations=2
[2026-10-05 04:37:17.741] [info] [candidate.cpp:199] InstancePrecompute: built 25 candidates
[2026-10-05 04:37:17.741] [info] [stationary.cpp:264] NN: cost=73.877154, feasible=true, active_stations=1
[2026-10-05 04:37:17.741] [info] [candidate.cpp:199] InstancePrecompute: built 50 candidates
[2026-10-05 04:37:17.741] [info] [stationary.cpp:264] NN: cost=1934.141241, feasible=true, active_stations=1
[2026-10-05 04:37:17.741] [info] [candidate.cpp:199] InstancePrecompute: built 25 candidates
[2026-10-05 04:37:17.741] [info] [stationary.cpp:264] NN: cost=377.920317, feasible=true, active_stations=1
[2026-10-05 04:37:17.741] [info] [candidate.cpp:199] InstancePrecompute: built 50 candidates
[2026-10-05 04:37:17.741] [info] [stationary.cpp:264] NN: cost=112.282607, feasible=true, active_stations=1
[2026-10-05 04:37:17.741] [info] [candidate.cpp:199] InstancePrecompute: built 25 candidates
[2026-10-05 04:37:17.741] [info] [stationary.cpp:264] NN: cost=683.030298, feasible=true, active_stations=1
[2026-10-05 04:37:17.741] [info] [candidate.cpp:199] InstancePrecompute: built 25 candidates
[2026-10-05 04:37:17.741] [info] [stationary.cpp:264] NN: cost=430.194405, feasible=true, active_stations=1
[2026-10-05 04:37:17.741] [info] [candidate.cpp:199] InstancePrecompute: built 75 candidates
[2026-10-05 04:37:17.741] [info] [stationary.cpp:264] NN: cost=166.690330, feasible=true, active_stations=1
[2026-10-05 04:37:17.741] [info] [candidate.cpp:199] InstancePrecompute: built 75 candidates
[2026-10-05 04:37:17.741] [info] [stationary.cpp:264] NN: cost=1538.885130, feasible=true, active_stations=3
[2026-10-05 04:37:17.741] [info] [candidate.cpp:199] InstancePrecompute: built 50 candidates
[2026-10-05 04:37:17.741] [info] [stationary.cpp:264] NN: cost=1934.141241, feasible=true, active_stations=1
[2026-10-05 04:37:17.741] [info] [candidate.cpp:199] InstancePrecompute: built 25 candidates
[2026-10-05 04:37:17.741] [info] [stationary.cpp:264] NN: cost=377.920317, feasible=true, active_stations=1
[2026-10-05 04:37:17.741] [info] [candidate.cpp:199] InstancePrecompute: built 50 candidates
[2026-10-05 04:37:17.741] [info] [stationary.cpp:264] NN: cost=112.282607, feasible=true, active_stations=1
[2026-10-05 04:37:17.741] [info] [candidate.cpp:199] InstancePrecompute: built 25 candidates
[2026-10-05 04:37:17.741] [info] [stationary.cpp:264] NN: cost=683.030298, feasible=true, active_stations=1
[2026-10-05 04:37:17.741] [info] [candidate.cpp:199] InstancePrecompute: built 25 candidates
[2026-10-05 04:37:17.741] [info] [stationary.cpp:264] NN: cost=43.739543, feasible=true, active_stations=1
[2026-10-05 04:37:17.741] [info] [candidate.cpp:199] InstancePrecompute: built 25 candidates
[2026-10-05 04:37:17.741] [info] [stationary.cpp:264] NN: cost=73.877154, feasible=true, active_stations=1
[2026-10-05 04:37:17.741] [info] [candidate.cpp:199] InstancePrecompute: built 25 candidates
[2026-10-05 04:37:17.741] [info] [stationary.cpp:264] NN: cost=430.194405, feasible=true, active_stations=1
[2026-10-05 04:37:17.741] [info] [candidate.cpp:199] InstancePrecompute: built 75 candidates
[2026-10-05 04:37:17.741] [info] [stationary.cpp:264] NN: cost=166.690330, feasible=true, active_stations=1
[2026-10-05 04:37:17.741] [info] [candidate.cpp:199] InstancePrecompute: built 25 candidates
[2026-10-05 04:37:17.741] [info] [stationary.cpp:264] NN: cost=1421.268433, feasible=true, active_stations=1
[2026-10-05 04:37:17.741] [info] [candidate.cpp:199] InstancePrecompute: built 25 candidates
[2026-10-05 04:37:17.741] [info] [stationary.cpp:264] NN: cost=1495.678996, feasible=true, active_stations=1
[2026-10-05 04:37:17.741] [info] [candidate.cpp:199] InstancePrecompute: built 25 candidates
[2026-10-05 04:37:17.741] [info] [stationary.cpp:264] NN: cost=377.920317, feasible=true, active_stations=1
[2026-10-05 04:37:17.741] [info] [candidate.cpp:199] InstancePrecompute: built 25 candidates
[2026-10-05 04:37:17.741] [info] [stationary.cpp:264] NN: cost=1934.141241, feasible=true, active_stations=1
[2026-10-05 04:37:17.741] [info] [candidate.cpp:199] InstancePrecompute: built 50 candidates
[2026-10-05 04:37:17.741] [info] [stationary.cpp:264] NN: cost=112.282607, feasible=true, active_stations=1
[2026-10-05 04:37:17.741] [info] [candidate.cpp:199] InstancePrecompute: built 50 candidates
[2026-10-05 04:37:17.741] [info] [stationary.cpp:264] NN: cost=726.769840, feasible=true, active_stations=2
[2026-10-05 04:37:17.741] [info] [candidate.cpp:199] InstancePrecompute: built 25 candidates
[2026-10-05 04:37:17.741] [info] [stationary.cpp:264] NN: cost=73.877154, feasible=true, active_stations=1
[2026-10-05 04:37:17.741] [info] [candidate.cpp:199] InstancePrecompute: built 25 candidates
[2026-10-05 04:37:17.741] [info] [stationary.cpp:264] NN: cost=430.194405, feasible=true, active_stations=1
[2026-10-05 04:37:17.741] [info] [candidate.cpp:199] InstancePrecompute: built 75 candidates
[2026-10-05 04:37:17.741] [info] [stationary.cpp:264] NN: cost=166.690330, feasible=true, active_stations=1
[2026-10-05 04:37:17.741] [info] [candidate.cpp:199] InstancePrecompute: built 25 candidates
[2026-10-05 04:37:17.741] [info] [stationary.cpp:264] NN: cost=1421.268433, feasible=true, active_stations=1
[2026-10-05 04:37:17.741] [info] [candidate.cpp:199] InstancePrecompute: built 25 candidates
[2026-10-05 04:37:17.741] [info] [stationary.cpp:264] NN: cost=1495.678996, feasible=true, active_stations=1
[2026-10-05 04:37:17.741] [info] [candidate.cpp:199] InstancePrecompute: built 25 candidates
[2026-10-05 04:37:17.741] [info] [stationary.cpp:264] NN: cost=377.920317, feasible=true, active_stations=1
[2026-10-05 04:37:17.741] [info] [candidate.cpp:199] InstancePrecompute: built 25 candidates
[2026-10-05 04:37:17.741] [info] [stationary.cpp:264] NN: cost=1934.141241, feasible=true, active_stations=1
[2026-10-05 04:37:17.741] [info] [candidate.cpp:199] InstancePrecompute: built 50 candidates
[2026-10-05 04:37:17.741] [info] [stationary.cpp:264] NN: cost=112.282607, feasible=true, active_stations=1
[2026-10-05 04:37:17.741] [info] [candidate.cpp:199] InstancePrecompute: built 25 candidates
[2026-10-05 04:37:17.742] [info] [stationary.cpp:264] NN: cost=683.030298, feasible=true, active_stations=1
[2026-10-05 04:37:17.742] [info] [candidate.cpp:199] InstancePrecompute: built 50 candidates
[2026-10-05 04:37:17.742] [info] [stationary.cpp:264] NN: cost=117.616697, feasible=true, active_stations=2
[2026-10-05 04:37:17.742] [info] [candidate.cpp:199] InstancePrecompute: built 50 candidates
[2026-10-05 04:37:17.742] [info] [stationary.cpp:264] NN: cost=430.194405, feasible=true, active_stations=1
[2026-10-05 04:37:17.742] [info] [candidate.cpp:199] InstancePrecompute: built 50 candidates
[2026-10-05 04:37:17.742] [info] [stationary.cpp:264] NN: cost=26.137044, feasible=true, active_stations=1
[2026-10-05 04:37:17.742] [info] [candidate.cpp:199] InstancePrecompute: built 25 candidates
[2026-10-05 04:37:17.742] [info] [stationary.cpp:264] NN: cost=1421.268433, feasible=true, active_stations=1
[2026-10-05 04:37:17.742] [info] [candidate.cpp:199] InstancePrecompute: built 25 candidates
[2026-10-05 04:37:17.742] [info] [stationary.cpp:264] NN: cost=1495.678996, feasible=true, active_stations=1
[2026-10-05 04:37:17.742] [info] [candidate.cpp:199] InstancePrecompute: built 25 candidates
[2026-10-05 04:37:17.742] [info] [stationary.cpp:264] NN: cost=377.920317, feasible=true, active_stations=1
[2026-10-05 04:37:17.742] [info] [candidate.cpp:199] InstancePrecompute: built 25 candidates
[2026-10-05 04:37:17.742] [info] [stationary.cpp:264] NN: cost=1934.141241, feasible=true, active_stations=1
[2026-10-05 04:37:17.742] [info] [candidate.cpp:199] InstancePrecompute: built 50 candidates
[2026-10-05 04:37:17.742] [info] [stationary.cpp:264] NN: cost=112.282607, feasible=true, active_stations=1
[2026-10-05 04:37:17.742] [info] [candidate.cpp:199] InstancePrecompute: built 25 candidates
[2026-10-05 04:37:17.742] [info] [stationary.cpp:264] NN: cost=683.030298, feasible=true, active_stations=1
[2026-10-05 04:37:17.742] [info] [candidate.cpp:199] InstancePrecompute: built 25 candidates
[2026-10-05 04:37:17.742] [info] [stationary.cpp:264] NN: cost=430.194405, feasible=true, active_stations=1
[2026-10-05 04:37:17.742] [info] [candidate.cpp:199] InstancePrecompute: built 75 candidates
[2026-10-05 04:37:17.742] [info] [stationary.cpp:264] NN: cost=166.690330, feasible=true, active_stations=1
[2026-10-05 04:37:17.742] [info] [candidate.cpp:199] InstancePrecompute: built 25 candidates
[2026-10-05 04:37:17.742] [info] [stationary.cpp:264] NN: cost=43.739543, feasible=true, active_stations=1
[2026-10-05 04:37:17.742] [info] [candidate.cpp:199] InstancePrecompute: built 25 candidates
[2026-10-05 04:37:17.742] [info] [stationary.cpp:264] NN: cost=73.877154, feasible=true, active_stations=1
[2026-10-05 04:37:17.742] [info] [candidate.cpp:199] InstancePrecompute: built 25 candidates
[2026-10-05 04:37:17.742] [info] [stationary.cpp:264] NN: cost=1495.678996, feasible=true, active_stations=1
[2026-10-05 04:37:17.742] [info] [candidate.cpp:199] InstancePrecompute: built 25 candidates
[2026-10-05 04:37:17.742] [info] [stationary.cpp:264] NN: cost=377.920317, feasible=true, active_stations=1
[2026-10-05 04:37:17.742] [info] [candidate.cpp:199] InstancePrecompute: built 25 candidates
[2026-10-05 04:37:17.742] [info] [stationary.cpp:264] NN: cost=1421.268433, feasible=true, active_stations=1
[2026-10-05 04:37:17.742] [info] [candidate.cpp:199] InstancePrecompute: built 25 candidates
[2026-10-05 04:37:17.742] [info] [stationary.cpp:264] NN: cost=1934.141241, feasible=true, active_stations=1
[2026-10-05 04:37:17.742] [info] [candidate.cpp:199] InstancePrecompute: built 50 candidates
[2026-10-05 04:37:17.742] [info] [stationary.cpp:264] NN: cost=112.282607, feasible=true, active_stations=1
[2026-10-05 04:37:17.742] [info] [candidate.cpp:199] InstancePrecompute: built 25 candidates
[2026-10-05 04:37:17.742] [info] [stationary.cpp:264] NN: cost=683.030298, feasible=true, active_stations=1
[2026-10-05 04:37:17.742] [info] [candidate.cpp:199] InstancePrecompute: built 25 candidates
[2026-10-05 04:37:17.742] [info] [stationary.cpp:264] NN: cost=430.194405, feasible=true, active_stations=1
[2026-10-05 04:37:17.742] [info] [candidate.cpp:199] InstancePrecompute: built 75 candidates
[2026-10-05 04:37:17.742] [info] [stationary.cpp:264] NN: cost=166.690330, feasible=true, active_stations=1
[2026-10-05 04:37:17.742] [info] [candidate.cpp:199] InstancePrecompute: built 25 candidates
[2026-10-05 04:37:17.742] [info] [stationary.cpp:264] NN: cost=43.739543, feasible=true, active_stations=1
[2026-10-05 04:37:17.742] [info] [candidate.cpp:199] InstancePrecompute: built 25 candidates
[2026-10-05 04:37:17.742] [info] [stationary.cpp:264] NN: cost=73.877154, feasible=true, active_stations=1
[2026-10-05 04:37:17.742] [info] [candidate.cpp:199] InstancePrecompute: built 25 candidates
[2026-10-05 04:37:17.742] [info] [stationary.cpp:264] NN: cost=1495.678996, feasible=true, active_stations=1
[2026-10-05 04:37:17.742] [info] [candidate.cpp:199] InstancePrecompute: built 25 candidates
[2026-10-05 04:37:17.742] [info] [stationary.cpp:264] NN: cost=377.920317, feasible=true, active_stations=1
[2026-10-05 04:37:17.742] [info] [candidate.cpp:199] InstancePrecompute: built 25 candidates
[2026-10-05 04:37:17.742] [info] [stationary.cpp:264] NN: cost=1421.268433, feasible=true, active_stations=1
[2026-10-05 04:37:17.742] [info] [candidate.cpp:199] InstancePrecompute: built 25 candidates
[2026-10-05 04:37:17.742] [info] [stationary.cpp:264] NN: cost=1934.141241, feasible=true, active_stations=1
[2026-10-05 04:37:17.742] [info] [candidate.cpp:199] InstancePrecompute: built 50 candidates
[2026-10-05 04:37:17.742] [info] [stationary.cpp:264] NN: cost=112.282607, feasible=true, active_stations=1
[2026-10-05 04:37:17.742] [info] [candidate.cpp:199] InstancePrecompute: built 25 candidates
[2026-10-05 04:37:17.742] [info] [stationary.cpp:264] NN: cost=683.030298, feasible=true, active_stations=1
[2026-10-05 04:37:17.742] [info] [candidate.cpp:199] InstancePrecompute: built 50 candidates
[2026-10-05 04:37:17.742] [info] [stationary.cpp:264] NN: cost=430.194405, feasible=true, active_stations=1
[2026-10-05 04:37:17.742] [info] [candidate.cpp:199] InstancePrecompute: built 50 candidates
[2026-10-05 04:37:17.742] [info] [stationary.cpp:264] NN: cost=26.137044, feasible=true, active_stations=1
[2026-10-05 04:37:17.742] [info] [candidate.cpp:199] InstancePrecompute: built 50 candidates
[2026-10-05 04:37:17.742] [info] [stationary.cpp:264] NN: cost=117.616697, feasible=true, active_stations=2
[2026-10-05 04:37:17.742] [info] [candidate.cpp:199] InstancePrecompute: built 25 candidates
[2026-10-05 04:37:17.742] [info] [stationary.cpp:264] NN: cost=1495.678996, feasible=true, active_stations=1
[2026-10-05 04:37:17.742] [info] [candidate.cpp:199] InstancePrecompute: built 25 candidates
[2026-10-05 04:37:17.742] [info] [stationary.cpp:264] NN: cost=377.920317, feasible=true, active_stations=1
[2026-10-05 04:37:17.742] [info] [candidate.cpp:199] InstancePrecompute: built 25 candidates
[2026-10-05 04:37:17.742] [info] [stationary.cpp:264] NN: cost=1421.268433, feasible=true, active_stations=1
[2026-10-05 04:37:17.742] [info] [candidate.cpp:199] InstancePrecompute: built 25 candidates
[2026-10-05 04:37:17.742] [info] [stationary.cpp:264] NN: cost=1934.141241, feasible=true, active_stations=1
[2026-10-05 04:37:17.742] [info] [candidate.cpp:199] InstancePrecompute: built 50 candidates
[2026-10-05 04:37:17.742] [info] [stationary.cpp:264] NN: cost=112.282607, feasible=true, active_stations=1
[2026-10-05 04:37:17.742] [info] [candidate.cpp:199] InstancePrecompute: built 25 candidates
[2026-10-05 04:37:17.742] [info] [stationary.cpp:264] NN: cost=683.030298, feasible=true, active_stations=1
[2026-10-05 04:37:17.742] [info] [candidate.cpp:199] InstancePrecompute: built 25 candidates
[2026-10-05 04:37:17.742] [info] [stationary.cpp:264] NN: cost=430.194405, feasible=true, active_stations=1
[2026-10-05 04:37:17.742] [info] [candidate.cpp:199] InstancePrecompute: built 25 candidates
[2026-10-05 04:37:17.742] [info] [stationary.cpp:264] NN: cost=43.739543, feasible=true, active_stations=1
[2026-10-05 04:37:17.742] [info] [candidate.cpp:199] InstancePrecompute: built 25 candidates
[2026-10-05 04:37:17.742] [info] [stationary.cpp:264] NN: cost=73.877154, feasible=true, active_stations=1
[2026-10-05 04:37:17.742] [info] [candidate.cpp:199] InstancePrecompute: built 100 candidates
[2026-10-05 04:37:17.742] [info] [stationary.cpp:264] NN: cost=544.610647, feasible=true, active_stations=2
[2026-10-05 04:37:17.742] [info] [candidate.cpp:199] InstancePrecompute: built 25 candidates
[2026-10-05 04:37:17.742] [info] [stationary.cpp:264] NN: cost=1421.268433, feasible=true, active_stations=1
[2026-10-05 04:37:17.742] [info] [candidate.cpp:199] InstancePrecompute: built 50 candidates
[2026-10-05 04:37:17.742] [info] [stationary.cpp:264] NN: cost=1934.141241, feasible=true, active_stations=1
[2026-10-05 04:37:17.742] [info] [candidate.cpp:199] InstancePrecompute: built 50 candidates
[2026-10-05 04:37:17.742] [info] [stationary.cpp:264] NN: cost=112.282607, feasible=true, active_stations=1
[2026-10-05 04:37:17.742] [info] [candidate.cpp:199] InstancePrecompute: built 25 candidates
[2026-10-05 04:37:17.742] [info] [stationary.cpp:264] NN: cost=683.030298, feasible=true, active_stations=1
[2026-10-05 04:37:17.742] [info] [candidate.cpp:199] InstancePrecompute: built 25 candidates
[2026-10-05 04:37:17.742] [info] [stationary.cpp:264] NN: cost=430.194405, feasible=true, active_stations=1
[2026-10-05 04:37:17.742] [info] [candidate.cpp:199] InstancePrecompute: built 25 candidates
[2026-10-05 04:37:17.742] [info] [stationary.cpp:264] NN: cost=43.739543, feasible=true, active_stations=1
[2026-10-05 04:37:17.742] [info] [candidate.cpp:199] InstancePrecompute: built 25 candidates
[2026-10-05 04:37:17.742] [info] [stationary.cpp:264] NN: cost=73.877154, feasible=true, active_stations=1
[2026-10-05 04:37:17.742] [info] [candidate.cpp:199] InstancePrecompute: built 75 candidates
[2026-10-05 04:37:17.742] [info] [stationary.cpp:264] NN: cost=166.690330, feasible=true, active_stations=1
[2026-10-05 04:37:17.742] [info] [candidate.cpp:199] InstancePrecompute: built 25 candidates
[2026-10-05 04:37:17.742] [info] [stationary.cpp:264] NN: cost=377.920317, feasible=true, active_stations=1
[2026-10-05 04:37:17.742] [info] [candidate.cpp:199] InstancePrecompute: built 25 candidates
[2026-10-05 04:37:17.742] [info] [stationary.cpp:264] NN: cost=1421.268433, feasible=true, active_stations=1
[2026-10-05 04:37:17.742] [info] [candidate.cpp:199] InstancePrecompute: built 50 candidates
[2026-10-05 04:37:17.742] [info] [stationary.cpp:264] NN: cost=1934.141241, feasible=true, active_stations=1
[2026-10-05 04:37:17.742] [info] [candidate.cpp:199] InstancePrecompute: built 50 candidates
[2026-10-05 04:37:17.742] [info] [stationary.cpp:264] NN: cost=112.282607, feasible=true, active_stations=1
[2026-10-05 04:37:17.742] [info] [candidate.cpp:199] InstancePrecompute: built 25 candidates
[2026-10-05 04:37:17.742] [info] [stationary.cpp:264] NN: cost=683.030298, feasible=true, active_stations=1
[2026-10-05 04:37:17.742] [info] [candidate.cpp:199] InstancePrecompute: built 25 candidates
[2026-10-05 04:37:17.742] [info] [stationary.cpp:264] NN: cost=430.194405, feasible=true, active_stations=1
[2026-10-05 04:37:17.742] [info] [candidate.cpp:199] InstancePrecompute: built 50 candidates
[2026-10-05 04:37:17.742] [info] [stationary.cpp:264] NN: cost=117.616697, feasible=true, active_stations=2
[2026-10-05 04:37:17.742] [info] [candidate.cpp:199] InstancePrecompute: built 25 candidates
[2026-10-05 04:37:17.742] [info] [stationary.cpp:264] NN: cost=166.690330, feasible=true, active_stations=1
[2026-10-05 04:37:17.742] [info] [candidate.cpp:199] InstancePrecompute: built 75 candidates
[2026-10-05 04:37:17.742] [info] [stationary.cpp:264] NN: cost=404.057361, feasible=true, active_stations=2
[2026-10-05 04:37:17.742] [info] [candidate.cpp:199] InstancePrecompute: built 25 candidates
[2026-10-05 04:37:17.742] [info] [stationary.cpp:264] NN: cost=1421.268433, feasible=true, active_stations=1
[2026-10-05 04:37:17.742] [info] [candidate.cpp:199] InstancePrecompute: built 25 candidates
[2026-10-05 04:37:17.742] [info] [stationary.cpp:264] NN: cost=1495.678996, feasible=true, active_stations=1
[2026-10-05 04:37:17.742] [info] [candidate.cpp:199] InstancePrecompute: built 25 candidates
[2026-10-05 04:37:17.742] [info] [stationary.cpp:264] NN: cost=1934.141241, feasible=true, active_stations=1
[2026-10-05 04:37:17.742] [info] [candidate.cpp:199] InstancePrecompute: built 50 candidates
[2026-10-05 04:37:17.742] [info] [stationary.cpp:264] NN: cost=112.282607, feasible=true, active_stations=1
[2026-10-05 04:37:17.742] [info] [candidate.cpp:199] InstancePrecompute: built 25 candidates
[2026-10-05 04:37:17.742] [info] [stationary.cpp:264] NN: cost=683.030298, feasible=true, active_stations=1
[2026-10-05 04:37:17.743] [info] [candidate.cpp:199] InstancePrecompute: built 25 candidates
[2026-10-05 04:37:17.743] [info] [stationary.cpp:264] NN: cost=430.194405, feasible=true, active_stations=1
[2026-10-05 04:37:17.743] [info] [candidate.cpp:199] InstancePrecompute: built 25 candidates
[2026-10-05 04:37:17.743] [info] [stationary.cpp:264] NN: cost=166.690330, feasible=true, active_stations=1
[2026-10-05 04:37:17.743] [info] [candidate.cpp:199] InstancePrecompute: built 50 candidates
[2026-10-05 04:37:17.743] [info] [stationary.cpp:264] NN: cost=26.137044, feasible=true, active_stations=1
[2026-10-05 04:37:17.743] [info] [candidate.cpp:199] InstancePrecompute: built 25 candidates
[2026-10-05 04:37:17.743] [info] [stationary.cpp:264] NN: cost=43.739543, feasible=true, active_stations=1
[2026-10-05 04:37:17.743] [info] [candidate.cpp:199] InstancePrecompute: built 25 candidates
[2026-10-05 04:37:17.743] [info] [stationary.cpp:264] NN: cost=73.877154, feasible=true, active_stations=1
[2026-10-05 04:37:17.743] [info] [candidate.cpp:199] InstancePrecompute: built 25 candidates
[2026-10-05 04:37:17.743] [info] [stationary.cpp:264] NN: cost=1421.268433, feasible=true, active_stations=1
[2026-10-05 04:37:17.743] [info] [candidate.cpp:199] InstancePrecompute: built 25 candidates
[2026-10-05 04:37:17.743] [info] [stationary.cpp:264] NN: cost=1495.678996, feasible=true, active_stations=1
[2026-10-05 04:37:17.743] [info] [candidate.cpp:199] InstancePrecompute: built 25 candidates
[2026-10-05 04:37:17.743] [info] [stationary.cpp:264] NN: cost=377.920317, feasible=true, active_stations=1
[2026-10-05 04:37:17.743] [info] [candidate.cpp:199] InstancePrecompute: built 25 candidates
[2026-10-05 04:37:17.743] [info] [stationary.cpp:264] NN: cost=1934.141241, feasible=true, active_stations=1
[2026-10-05 04:37:17.743] [info] [candidate.cpp:199] InstancePrecompute: built 50 candidates
[2026-10-05 04:37:17.743] [info] [stationary.cpp:264] NN: cost=112.282607, feasible=true, active_stations=1
[2026-10-05 04:37:17.743] [info] [candidate.cpp:199] InstancePrecompute: built 25 candidates
[2026-10-05 04:37:17.743] [info] [stationary.cpp:264] NN: cost=683.030298, feasible=true, active_stations=1
[2026-10-05 04:37:17.743] [info] [candidate.cpp:199] InstancePrecompute: built 25 candidates
[2026-10-05 04:37:17.743] [info] [stationary.cpp:264] NN: cost=430.194405, feasible=true, active_stations=1
[2026-10-05 04:37:17.743] [info] [candidate.cpp:199] InstancePrecompute: built 25 candidates
[2026-10-05 04:37:17.743] [info] [stationary.cpp:264] NN: cost=166.690330, feasible=true, active_stations=1
[2026-10-05 04:37:17.743] [info] [candidate.cpp:199] InstancePrecompute: built 50 candidates
[2026-10-05 04:37:17.743] [info] [stationary.cpp:264] NN: cost=26.137044, feasible=true, active_stations=1
[2026-10-05 04:37:17.743] [info] [candidate.cpp:199] InstancePrecompute: built 25 candidates
[2026-10-05 04:37:17.743] [info] [stationary.cpp:264] NN: cost=43.739543, feasible=true, active_stations=1
[2026-10-05 04:37:17.743] [info] [candidate.cpp:199] InstancePrecompute: built 25 candidates
[2026-10-05 04:37:17.743] [info] [stationary.cpp:264] NN: cost=73.877154, feasible=true, active_stations=1
[2026-10-05 04:37:17.743] [info] [candidate.cpp:199] InstancePrecompute: built 25 candidates
[2026-10-05 04:37:17.743] [info] [stationary.cpp:264] NN: cost=1421.268433, feasible=true, active_stations=1
[2026-10-05 04:37:17.743] [info] [candidate.cpp:199] InstancePrecompute: built 25 candidates
[2026-10-05 04:37:17.743] [info] [stationary.cpp:264] NN: cost=1495.678996, feasible=true, active_stations=1
[2026-10-05 04:37:17.743] [info] [candidate.cpp:199] InstancePrecompute: built 25 candidates
[2026-10-05 04:37:17.743] [info] [stationary.cpp:264] NN: cost=377.920317, feasible=true, active_stations=1
[2026-10-05 04:37:17.743] [info] [candidate.cpp:199] InstancePrecompute: built 25 candidates
[2026-10-05 04:37:17.743] [info] [stationary.cpp:264] NN: cost=1934.141241, feasible=true, active_stations=1
[2026-10-05 04:37:17.743] [info] [candidate.cpp:199] InstancePrecompute: built 50 candidates
[2026-10-05 04:37:17.743] [info] [stationary.cpp:264] NN: cost=112.282607, feasible=true, active_stations=1
[2026-10-05 04:37:17.743] [info] [candidate.cpp:199] InstancePrecompute: built 25 candidates
[2026-10-05 04:37:17.743] [info] [stationary.cpp:264] NN: cost=683.030298, feasible=true, active_stations=1
[2026-10-05 04:37:17.743] [info] [candidate.cpp:199] InstancePrecompute: built 25 candidates
[2026-10-05 04:37:17.743] [info] [stationary.cpp:264] NN: cost=430.194405, feasible=true, active_stations=1
[2026-10-05 04:37:17.743] [info] [candidate.cpp:199] InstancePrecompute: built 75 candidates
[2026-10-05 04:37:17.743] [info] [stationary.cpp:264] NN: cost=166.690330, feasible=true, active_stations=1
[2026-10-05 04:37:17.743] [info] [candidate.cpp:199] InstancePrecompute: built 25 candidates
[2026-10-05 04:37:17.743] [info] [stationary.cpp:264] NN: cost=43.739543, feasible=true, active_stations=1
[2026-10-05 04:37:17.743] [info] [candidate.cpp:199] InstancePrecompute: built 25 candidates
[2026-10-05 04:37:17.743] [info] [stationary.cpp:264] NN: cost=73.877154, feasible=true, active_stations=1
[2026-10-05 04:37:17.743] [info] [candidate.cpp:199] InstancePrecompute: built 25 candidates
[2026-10-05 04:37:17.743] [info] [stationary.cpp:264] NN: cost=1421.268433, feasible=true, active_stations=1
[2026-10-05 04:37:17.743] [info] [candidate.cpp:199] InstancePrecompute: built 25 candidates
[2026-10-05 04:37:17.743] [info] [stationary.cpp:264] NN: cost=1495.678996, feasible=true, active_stations=1
[2026-10-05 04:37:17.743] [info] [candidate.cpp:199] InstancePrecompute: built 25 candidates
[2026-10-05 04:37:17.743] [info] [stationary.cpp:264] NN: cost=377.920317, feasible=true, active_stations=1
[2026-10-05 04:37:17.743] [info] [candidate.cpp:199] InstancePrecompute: built 25 candidates
[2026-10-05 04:37:17.743] [info] [stationary.cpp:264] NN: cost=1934.141241, feasible=true, active_stations=1
[2026-10-05 04:37:17.743] [info] [candidate.cpp:199] InstancePrecompute: built 50 candidates
[2026-10-05 04:37:17.743] [info] [stationary.cpp:264] NN: cost=112.282607, feasible=true, active_stations=1
[2026-10-05 04:37:17.743] [info] [candidate.cpp:199] InstancePrecompute: built 25 candidates
[2026-10-05 04:37:17.743] [info] [stationary.cpp:264] NN: cost=683.030298, feasible=true, active_stations=1
[2026-10-05 04:37:17.743] [info] [candidate.cpp:199] InstancePrecompute: built 25 candidates
[2026-10-05 04:37:17.743] [info] [stationary.cpp:264] NN: cost=430.194405, feasible=true, active_stations=1
[2026-10-05 04:37:17.743] [info] [candidate.cpp:199] InstancePrecompute: built 75 candidates
[2026-10-05 04:37:17.743] [info] [stationary.cpp:264] NN: cost=166.690330, feasible=true, active_stations=1
[2026-10-05 04:37:17.743] [info] [candidate.cpp:199] InstancePrecompute: built 50 candidates
[2026-10-05 04:37:17.743] [info] [stationary.cpp:264] NN: cost=117.616697, feasible=true, active_stations=2
[2026-10-05 04:37:17.743] [info] [candidate.cpp:199] InstancePrecompute: built 25 candidates
[2026-10-05 04:37:17.743] [info] [stationary.cpp:264] NN: cost=1421.268433, feasible=true, active_stations=1
[2026-10-05 04:37:17.743] [info] [candidate.cpp:199] InstancePrecompute: built 25 candidates
[2026-10-05 04:37:17.743] [info] [stationary.cpp:264] NN: cost=1495.678996, feasible=true, active_stations=1
[2026-10-05 04:37:17.743] [info] [candidate.cpp:199] InstancePrecompute: built 25 candidates
[2026-10-05 04:37:17.743] [info] [stationary.cpp:264] NN: cost=377.920317, feasible=true, active_stations=1
[2026-10-05 04:37:17.743] [info] [candidate.cpp:199] InstancePrecompute: built 25 candidates
[2026-10-05 04:37:17.743] [info] [stationary.cpp:264] NN: cost=1934.141241, feasible=true, active_stations=1
[2026-10-05 04:37:17.743] [info] [candidate.cpp:199] InstancePrecompute: built 50 candidates
[2026-10-05 04:37:17.743] [info] [stationary.cpp:264] NN: cost=112.282607, feasible=true, active_stations=1
[2026-10-05 04:37:17.743] [info] [candidate.cpp:199] InstancePrecompute: built 25 candidates
[2026-10-05 04:37:17.743] [info] [stationary.cpp:264] NN: cost=683.030298, feasible=true, active_stations=1
[2026-10-05 04:37:17.743] [info] [candidate.cpp:199] InstancePrecompute: built 25 candidates
[2026-10-05 04:37:17.743] [info] [stationary.cpp:264] NN: cost=430.194405, feasible=true, active_stations=1
[2026-10-05 04:37:17.743] [info] [candidate.cpp:199] InstancePrecompute: built 25 candidates
[2026-10-05 04:37:17.743] [info] [stationary.cpp:264] NN: cost=43.739543, feasible=true, active_stations=1
[2026-10-05 04:37:17.743] [info] [candidate.cpp:199] InstancePrecompute: built 25 candidates
[2026-10-05 04:37:17.743] [info] [stationary.cpp:264] NN: cost=73.877154, feasible=true, active_stations=1
[2026-10-05 04:37:17.743] [info] [candidate.cpp:199] InstancePrecompute: built 25 candidates
[2026-10-05 04:37:17.743] [info] [stationary.cpp:264] NN: cost=166.690330, feasible=true, active_stations=1
[2026-10-05 04:37:17.743] [info] [candidate.cpp:199] InstancePrecompute: built 50 candidates
[2026-10-05 04:37:17.743] [info] [stationary.cpp:264] NN: cost=26.137044, feasible=true, active_stations=1
[2026-10-05 04:37:17.743] [info] [candidate.cpp:199] InstancePrecompute: built 25 candidates
[2026-10-05 04:37:17.743] [info] [stationary.cpp:264] NN: cost=1421.268433, feasible=true, active_stations=1
[2026-10-05 04:37:17.743] [info] [candidate.cpp:199] InstancePrecompute: built 25 candidates
[2026-10-05 04:37:17.743] [info] [stationary.cpp:264] NN: cost=1495.678996, feasible=true, active_stations=1
[2026-10-05 04:37:17.743] [info] [candidate.cpp:199] InstancePrecompute: built 25 candidates
[2026-10-05 04:37:17.743] [info] [stationary.cpp:264] NN: cost=377.920317, feasible=true, active_stations=1
[2026-10-05 04:37:17.743] [info] [candidate.cpp:199] InstancePrecompute: built 25 candidates
[2026-10-05 04:37:17.743] [info] [stationary.cpp:264] NN: cost=1934.141241, feasible=true, active_stations=1
[2026-10-05 04:37:17.743] [info] [candidate.cpp:199] InstancePrecompute: built 50 candidates
[2026-10-05 04:37:17.743] [info] [stationary.cpp:264] NN: cost=112.282607, feasible=true, active_stations=1
[2026-10-05 04:37:17.743] [info] [candidate.cpp:199] InstancePrecompute: built 25 candidates
[2026-10-05 04:37:17.743] [info] [stationary.cpp:264] NN: cost=683.030298, feasible=true, active_stations=1
[2026-10-05 04:37:17.743] [info] [candidate.cpp:199] InstancePrecompute: built 25 candidates
[2026-10-05 04:37:17.743] [info] [stationary.cpp:264] NN: cost=430.194405, feasible=true, active_stations=1
[2026-10-05 04:37:17.743] [info] [candidate.cpp:199] InstancePrecompute: built 25 candidates
[2026-10-05 04:37:17.743] [info] [stationary.cpp:264] NN: cost=43.739543, feasible=true, active_stations=1
[2026-10-05 04:37:17.743] [info] [candidate.cpp:199] InstancePrecompute: built 25 candidates
[2026-10-05 04:37:17.743] [info] [stationary.cpp:264] NN: cost=73.877154, feasible=true, active_stations=1
[2026-10-05 04:37:17.743] [info] [candidate.cpp:199] InstancePrecompute: built 25 candidates
[2026-10-05 04:37:17.743] [info] [stationary.cpp:264] NN: cost=166.690330, feasible=true, active_stations=1
[2026-10-05 04:37:17.743] [info] [candidate.cpp:199] InstancePrecompute: built 50 candidates
[2026-10-05 04:37:17.743] [info] [stationary.cpp:264] NN: cost=26.137044, feasible=true, active_stations=1
[2026-10-05 04:37:17.743] [info] [candidate.cpp:199] InstancePrecompute: built 25 candidates
[2026-10-05 04:37:17.743] [info] [stationary.cpp:264] NN: cost=1421.268433, feasible=true, active_stations=1
[2026-10-05 04:37:17.743] [info] [candidate.cpp:199] InstancePrecompute: built 25 candidates
[2026-10-05 04:37:17.743] [info] [stationary.cpp:264] NN: cost=1495.678996, feasible=true, active_stations=1
[2026-10-05 04:37:17.743] [info] [candidate.cpp:199] InstancePrecompute: built 25 candidates
[2026-10-05 04:37:17.743] [info] [stationary.cpp:264] NN: cost=377.920317, feasible=true, active_stations=1
[2026-10-05 04:37:17.743] [info] [candidate.cpp:199] InstancePrecompute: built 25 candidates
[2026-10-05 04:37:17.743] [info] [stationary.cpp:264] NN: cost=1934.141241, feasible=true, active_stations=1
[2026-10-05 04:37:17.743] [info] [candidate.cpp:199] InstancePrecompute: built 50 candidates
[2026-10-05 04:37:17.743] [info] [stationary.cpp:264] NN: cost=112.282607, feasible=true, active_stations=1
[2026-10-05 04:37:17.743] [info] [candidate.cpp:199] InstancePrecompute: built 25 candidates
[2026-10-05 04:37:17.743] [info] [stationary.cpp:264] NN: cost=683.030298, feasible=true, active_stations=1
[2026-10-05 04:37:17.743] [info] [candidate.cpp:199] InstancePrecompute: built 25 candidates
[2026-10-05 04:37:17.743] [info] [stationary.cpp:264] NN: cost=430.194405, feasible=true, active_stations=1
[2026-10-05 04:37:17.743] [info] [candidate.cpp:199] InstancePrecompute: built 25 candidates
[2026-10-05 04:37:17.743] [info] [stationary.cpp:264] NN: cost=43.739543, feasible=true, active_stations=1
[2026-10-05 04:37:17.743] [info] [candidate.cpp:199] InstancePrecompute: built 25 candidates
[2026-10-05 04:37:17.743] [info] [stationary.cpp:264] NN: cost=73.877154, feasible=true, active_stations=1
[2026-10-05 04:37:17.743] [info] [candidate.cpp:199] InstancePrecompute: built 75 candidates
[2026-10-05 04:37:17.743] [info] [stationary.cpp:264] NN: cost=166.690330, feasible=true, active_stations=1
[2026-10-05 04:37:17.743] [info] [candidate.cpp:199] InstancePrecompute: built 25 candidates
[2026-10-05 04:37:17.743] [info] [stationary.cpp:264] NN: cost=1421.268433, feasible=true, active_stations=1
[2026-10-05 04:37:17.743] [info] [candidate.cpp:199] InstancePrecompute: built 25 candidates
[2026-10-05 04:37:17.743] [info] [stationary.cpp:264] NN: cost=1495.678996, feasible=true, active_stations=1
[2026-10-05 04:37:17.743] [info] [candidate.cpp:199] InstancePrecompute: built 25 candidates
[2026-10-05 04:37:17.743] [info] [stationary.cpp:264] NN: cost=377.920317, feasible=true, active_stations=1
[2026-10-05 04:37:17.743] [info] [candidate.cpp:199] InstancePrecompute: built 25 candidates
[2026-10-05 04:37:17.743] [info] [stationary.cpp:264] NN: cost=1934.141241, feasible=true, active_stations=1
[2026-10-05 04:37:17.743] [info] [candidate.cpp:199] InstancePrecompute: built 50 candidates
[2026-10-05 04:37:17.743] [info] [stationary.cpp:264] NN: cost=112.282607, feasible=true, active_stations=1
[2026-10-05 04:37:17.743] [info] [candidate.cpp:199] InstancePrecompute: built 25 candidates
[2026-10-05 04:37:17.743] [info] [stationary.cpp:264] NN: cost=683.030298, feasible=true, active_stations=1
[2026-10-05 04:37:17.743] [info] [candidate.cpp:199] InstancePrecompute: built 25 candidates
[2026-10-05 04:37:17.743] [info] [stationary.cpp:264] NN: cost=430.194405, feasible=true, active_stations=1
[2026-10-05 04:37:17.743] [info] [candidate.cpp:199] InstancePrecompute: built 50 candidates
[2026-10-05 04:37:17.743] [info] [stationary.cpp:264] NN: cost=117.616697, feasible=true, active_stations=2
[2026-10-05 04:37:17.743] [info] [candidate.cpp:199] InstancePrecompute: built 75 candidates
[2026-10-05 04:37:17.743] [info] [stationary.cpp:264] NN: cost=166.690330, feasible=true, active_stations=1
[2026-10-05 04:37:17.743] [info] [candidate.cpp:199] InstancePrecompute: built 25 candidates
[2026-10-05 04:37:17.743] [info] [stationary.cpp:264] NN: cost=1421.268433, feasible=true, active_stations=1
[2026-10-05 04:37:17.743] [info] [candidate.cpp:199] InstancePrecompute: built 25 candidates
[2026-10-05 04:37:17.743] [info] [stationary.cpp:264] NN: cost=1495.678996, feasible=true, active_stations=1
[2026-10-05 04:37:17.743] [info] [candidate.cpp:199] InstancePrecompute: built 25 candidates
[2026-10-05 04:37:17.743] [info] [stationary.cpp:264] NN: cost=377.920317, feasible=true, active_stations=1
[2026-10-05 04:37:17.743] [info] [candidate.cpp:199] InstancePrecompute: built 25 candidates
[2026-10-05 04:37:17.743] [info] [stationary.cpp:264] NN: cost=1934.141241, feasible=true, active_stations=1
[2026-10-05 04:37:17.743] [info] [candidate.cpp:199] InstancePrecompute: built 50 candidates
[2026-10-05 04:37:17.743] [info] [stationary.cpp:264] NN: cost=112.282607, feasible=true, active_stations=1
[2026-10-05 04:37:17.743] [info] [candidate.cpp:199] InstancePrecompute: built 25 candidates
[2026-10-05 04:37:17.743] [info] [stationary.cpp:264] NN: cost=683.030298, feasible=true, active_stations=1
[2026-10-05 04:37:17.743] [info] [candidate.cpp:199] InstancePrecompute: built 25 candidates
[2026-10-05 04:37:17.743] [info] [stationary.cpp:264] NN: cost=430.194405, feasible=true, active_stations=1
[2026-10-05 04:37:17.743] [info] [candidate.cpp:199] InstancePrecompute: built 25 candidates
[2026-10-05 04:37:17.743] [info] [stationary.cpp:264] NN: cost=43.739543, feasible=true, active_stations=1
[2026-10-05 04:37:17.743] [info] [candidate.cpp:199] InstancePrecompute: built 25 candidates
[2026-10-05 04:37:17.743] [info] [stationary.cpp:264] NN: cost=73.877154, feasible=true, active_stations=1
[2026-10-05 04:37:17.743] [info] [candidate.cpp:199] InstancePrecompute: built 25 candidates
[2026-10-05 04:37:17.743] [info] [stationary.cpp:264] NN: cost=166.690330, feasible=true, active_stations=1
[2026-10-05 04:37:17.743] [info] [candidate.cpp:199] InstancePrecompute: built 50 candidates
[2026-10-05 04:37:17.743] [info] [stationary.cpp:264] NN: cost=26.137044, feasible=true, active_stations=1
[2026-10-05 04:37:17.743] [info] [candidate.cpp:199] InstancePrecompute: built 25 candidates
[2026-10-05 04:37:17.743] [info] [stationary.cpp:264] NN: cost=377.920317, feasible=true, active_stations=1
[2026-10-05 04:37:17.743] [info] [candidate.cpp:199] InstancePrecompute: built 25 candidates
[2026-10-05 04:37:17.743] [info] [stationary.cpp:264] NN: cost=1421.268433, feasible=true, active_stations=1
[2026-10-05 04:37:17.743] [info] [candidate.cpp:199] InstancePrecompute: built 50 candidates
[2026-10-05 04:37:17.743] [info] [stationary.cpp:264] NN: cost=1934.141241, feasible=true, active_stations=1
[2026-10-05 04:37:17.743] [info] [candidate.cpp:199] InstancePrecompute: built 50 candidates
[2026-10-05 04:37:17.743] [info] [stationary.cpp:264] NN: cost=112.282607, feasible=true, active_stations=1
[2026-10-05 04:37:17.743] [info] [candidate.cpp:199] InstancePrecompute: built 25 candidates
[2026-10-05 04:37:17.743] [info] [stationary.cpp:264] NN: cost=683.030298, feasible=true, active_stations=1
[2026-10-05 04:37:17.743] [info] [candidate.cpp:199] InstancePrecompute: built 25 candidates
[2026-10-05 04:37:17.743] [info] [stationary.cpp:264] NN: cost=430.194405, feasible=true, active_stations=1
[2026-10-05 04:37:17.743] [info] [candidate.cpp:199] InstancePrecompute: built 25 candidates
[2026-10-05 04:37:17.743] [info] [stationary.cpp:264] NN: cost=43.739543, feasible=true, active_stations=1
[2026-10-05 04:37:17.743] [info] [candidate.cpp:199] InstancePrecompute: built 25 candidates
[2026-10-05 04:37:17.743] [info] [stationary.cpp:264] NN: cost=73.877154, feasible=true, active_stations=1
[2026-10-05 04:37:17.743] [info] [candidate.cpp:199] InstancePrecompute: built 25 candidates
[2026-10-05 04:37:17.743] [info] [stationary.cpp:264] NN: cost=166.690330, feasible=true, active_stations=1
[2026-10-05 04:37:17.743] [info] [candidate.cpp:199] InstancePrecompute: built 50 candidates
[2026-10-05 04:37:17.743] [info] [stationary.cpp:264] NN: cost=26.137044, feasible=true, active_stations=1
[2026-10-05 04:37:17.743] [info] [candidate.cpp:199] InstancePrecompute: built 25 candidates
[2026-10-05 04:37:17.743] [info] [stationary.cpp:264] NN: cost=377.920317, feasible=true, active_stations=1
[2026-10-05 04:37:17.743] [info] [candidate.cpp:199] InstancePrecompute: built 25 candidates
[2026-10-05 04:37:17.743] [info] [stationary.cpp:264] NN: cost=1421.268433, feasible=true, active_stations=1
[2026-10-05 04:37:17.743] [info] [candidate.cpp:199] InstancePrecompute: built 25 candidates
[2026-10-05 04:37:17.743] [info] [stationary.cpp:264] NN: cost=1495.678996, feasible=true, active_stations=1
[2026-10-05 04:37:17.743] [info] [candidate.cpp:199] InstancePrecompute: built 25 candidates
[2026-10-05 04:37:17.743] [info] [stationary.cpp:264] NN: cost=1934.141241, feasible=true, active_stations=1
[2026-10-05 04:37:17.743] [info] [candidate.cpp:199] InstancePrecompute: built 50 candidates
[2026-10-05 04:37:17.743] [info] [stationary.cpp:264] NN: cost=112.282607, feasible=true, active_stations=1
[2026-10-05 04:37:17.743] [info] [candidate.cpp:199] InstancePrecompute: built 25 candidates
[2026-10-05 04:37:17.743] [info] [stationary.cpp:264] NN: cost=683.030298, feasible=true, active_stations=1
[2026-10-05 04:37:17.743] [info] [candidate.cpp:199] InstancePrecompute: built 25 candidates
[2026-10-05 04:37:17.743] [info] [stationary.cpp:264] NN: cost=430.194405, feasible=true, active_stations=1
[2026-10-05 04:37:17.743] [info] [candidate.cpp:199] InstancePrecompute: built 25 candidates
[2026-10-05 04:37:17.743] [info] [stationary.cpp:264] NN: cost=43.739543, feasible=true, active_stations=1
[2026-10-05 04:37:17.743] [info] [candidate.cpp:199] InstancePrecompute: built 25 candidates
[2026-10-05 04:37:17.743] [info] [stationary.cpp:264] NN: cost=73.877154, feasible=true, active_stations=1
[2026-10-05 04:37:17.743] [info] [candidate.cpp:199] InstancePrecompute: built 75 candidates
[2026-10-05 04:37:17.743] [info] [stationary.cpp:264] NN: cost=166.690330, feasible=true, active_stations=1
[2026-10-05 04:37:17.743] [info] [candidate.cpp:199] InstancePrecompute: built 25 candidates
[2026-10-05 04:37:17.743] [info] [stationary.cpp:264] NN: cost=377.920317, feasible=true, active_stations=1
[2026-10-05 04:37:17.743] [info] [candidate.cpp:199] InstancePrecompute: built 25 candidates
[2026-10-05 04:37:17.744] [info] [stationary.cpp:264] NN: cost=1421.268433, feasible=true, active_stations=1
[2026-10-05 04:37:17.744] [info] [candidate.cpp:199] InstancePrecompute: built 25 candidates
[2026-10-05 04:37:17.744] [info] [stationary.cpp:264] NN: cost=1495.678996, feasible=true, active_stations=1
[2026-10-05 04:37:17.744] [info] [candidate.cpp:199] InstancePrecompute: built 25 candidates
[2026-10-05 04:37:17.744] [info] [stationary.cpp:264] NN: cost=1934.141241, feasible=true, active_stations=1
[2026-10-05 04:37:17.744] [info] [candidate.cpp:199] InstancePrecompute: built 50 candidates
[2026-10-05 04:37:17.744] [info] [stationary.cpp:264] NN: cost=112.282607, feasible=true, active_stations=1
[2026-10-05 04:37:17.744] [info] [candidate.cpp:199] InstancePrecompute: built 25 candidates
[2026-10-05 04:37:17.744] [info] [stationary.cpp:264] NN: cost=683.030298, feasible=true, active_stations=1
[2026-10-05 04:37:17.744] [info] [candidate.cpp:199] InstancePrecompute: built 25 candidates
[2026-10-05 04:37:17.744] [info] [stationary.cpp:264] NN: cost=430.194405, feasible=true, active_stations=1
[2026-10-05 04:37:17.744] [info] [candidate.cpp:199] InstancePrecompute: built 50 candidates
[2026-10-05 04:37:17.744] [info] [stationary.cpp:264] NN: cost=117.616697, feasible=true, active_stations=2
[2026-10-05 04:37:17.744] [info] [candidate.cpp:199] InstancePrecompute: built 75 candidates
[2026-10-05 04:37:17.744] [info] [stationary.cpp:264] NN: cost=166.690330, feasible=true, active_stations=1
[2026-10-05 04:37:17.744] [info] [candidate.cpp:199] InstancePrecompute: built 25 candidates
[2026-10-05 04:37:17.744] [info] [stationary.cpp:264] NN: cost=377.920317, feasible=true, active_stations=1
[2026-10-05 04:37:17.744] [info] [candidate.cpp:199] InstancePrecompute: built 25 candidates
[2026-10-05 04:37:17.744] [info] [stationary.cpp:264] NN: cost=1421.268433, feasible=true, active_stations=1
[2026-10-05 04:37:17.744] [info] [candidate.cpp:199] InstancePrecompute: built 25 candidates
[2026-10-05 04:37:17.744] [info] [stationary.cpp:264] NN: cost=1495.678996, feasible=true, active_stations=1
[2026-10-05 04:37:17.744] [info] [candidate.cpp:199] InstancePrecompute: built 25 candidates
[2026-10-05 04:37:17.744] [info] [stationary.cpp:264] NN: cost=1934.141241, feasible=true, active_stations=1
[2026-10-05 04:37:17.744] [info] [candidate.cpp:199] InstancePrecompute: built 50 candidates
[2026-10-05 04:37:17.744] [info] [stationary.cpp:264] NN: cost=112.282607, feasible=true, active_stations=1
[2026-10-05 04:37:17.744] [info] [candidate.cpp:199] InstancePrecompute: built 25 candidates
[2026-10-05 04:37:17.744] [info] [stationary.cpp:264] NN: cost=683.030298, feasible=true, active_stations=1
[2026-10-05 04:37:17.744] [info] [candidate.cpp:199] InstancePrecompute: built 25 candidates
[2026-10-05 04:37:17.744] [info] [stationary.cpp:264] NN: cost=43.739543, feasible=true, active_stations=1
[2026-10-05 04:37:17.744] [info] [candidate.cpp:199] InstancePrecompute: built 25 candidates
[2026-10-05 04:37:17.744] [info] [stationary.cpp:264] NN: cost=430.194405, feasible=true, active_stations=1
[2026-10-05 04:37:17.744] [info] [candidate.cpp:199] InstancePrecompute: built 25 candidates
[2026-10-05 04:37:17.744] [info] [stationary.cpp:264] NN: cost=166.690330, feasible=true, active_stations=1
[2026-10-05 04:37:17.744] [info] [candidate.cpp:199] InstancePrecompute: built 50 candidates
[2026-10-05 04:37:17.744] [info] [stationary.cpp:264] NN: cost=26.137044, feasible=true, active_stations=1
[2026-10-05 04:37:17.744] [info] [candidate.cpp:199] InstancePrecompute: built 25 candidates
[2026-10-05 04:37:17.744] [info] [stationary.cpp:264] NN: cost=73.877154, feasible=true, active_stations=1
[2026-10-05 04:37:17.744] [info] [candidate.cpp:199] InstancePrecompute: built 25 candidates
[2026-10-05 04:37:17.744] [info] [stationary.cpp:264] NN: cost=377.920317, feasible=true, active_stations=1
[2026-10-05 04:37:17.744] [info] [candidate.cpp:199] InstancePrecompute: built 25 candidates
[2026-10-05 04:37:17.744] [info] [stationary.cpp:264] NN: cost=1421.268433, feasible=true, active_stations=1
[2026-10-05 04:37:17.744] [info] [candidate.cpp:199] InstancePrecompute: built 50 candidates
[2026-10-05 04:37:17.744] [info] [stationary.cpp:264] NN: cost=1934.141241, feasible=true, active_stations=1
[2026-10-05 04:37:17.744] [info] [candidate.cpp:199] InstancePrecompute: built 50 candidates
[2026-10-05 04:37:17.744] [info] [stationary.cpp:264] NN: cost=112.282607, feasible=true, active_stations=1
[2026-10-05 04:37:17.744] [info] [candidate.cpp:199] InstancePrecompute: built 25 candidates
[2026-10-05 04:37:17.744] [info] [stationary.cpp:264] NN: cost=683.030298, feasible=true, active_stations=1
[2026-10-05 04:37:17.744] [info] [candidate.cpp:199] InstancePrecompute: built 25 candidates
[2026-10-05 04:37:17.744] [info] [stationary.cpp:264] NN: cost=43.739543, feasible=true, active_stations=1
[2026-10-05 04:37:17.744] [info] [candidate.cpp:199] InstancePrecompute: built 25 candidates
[2026-10-05 04:37:17.744] [info] [stationary.cpp:264] NN: cost=430.194405, feasible=true, active_stations=1
[2026-10-05 04:37:17.744] [info] [candidate.cpp:199] InstancePrecompute: built 25 candidates
[2026-10-05 04:37:17.744] [info] [stationary.cpp:264] NN: cost=166.690330, feasible=true, active_stations=1
[2026-10-05 04:37:17.744] [info] [candidate.cpp:199] InstancePrecompute: built 50 candidates
[2026-10-05 04:37:17.744] [info] [stationary.cpp:264] NN: cost=26.137044, feasible=true, active_stations=1
[2026-10-05 04:37:17.744] [info] [candidate.cpp:199] InstancePrecompute: built 25 candidates
[2026-10-05 04:37:17.744] [info] [stationary.cpp:264] NN: cost=73.877154, feasible=true, active_stations=1
[2026-10-05 04:37:17.744] [info] [candidate.cpp:199] InstancePrecompute: built 25 candidates
[2026-10-05 04:37:17.744] [info] [stationary.cpp:264] NN: cost=377.920317, feasible=true, active_stations=1
[2026-10-05 04:37:17.744] [info] [candidate.cpp:199] InstancePrecompute: built 25 candidates
[2026-10-05 04:37:17.744] [info] [stationary.cpp:264] NN: cost=1421.268433, feasible=true, active_stations=1
[2026-10-05 04:37:17.744] [info] [candidate.cpp:199] InstancePrecompute: built 25 candidates
[2026-10-05 04:37:17.744] [info] [stationary.cpp:264] NN: cost=1495.678996, feasible=true, active_stations=1
[2026-10-05 04:37:17.744] [info] [candidate.cpp:199] InstancePrecompute: built 25 candidates
[2026-10-05 04:37:17.744] [info] [stationary.cpp:264] NN: cost=1934.141241, feasible=true, active_stations=1
[2026-10-05 04:37:17.744] [info] [candidate.cpp:199] InstancePrecompute: built 50 candidates
[2026-10-05 04:37:17.744] [info] [stationary.cpp:264] NN: cost=112.282607, feasible=true, active_stations=1
[2026-10-05 04:37:17.744] [info] [candidate.cpp:199] InstancePrecompute: built 25 candidates
[2026-10-05 04:37:17.744] [info] [stationary.cpp:264] NN: cost=683.030298, feasible=true, active_stations=1
[2026-10-05 04:37:17.744] [info] [candidate.cpp:199] InstancePrecompute: built 25 candidates
[2026-10-05 04:37:17.744] [info] [stationary.cpp:264] NN: cost=43.739543, feasible=true, active_stations=1
[2026-10-05 04:37:17.744] [info] [candidate.cpp:199] InstancePrecompute: built 25 candidates
[2026-10-05 04:37:17.744] [info] [stationary.cpp:264] NN: cost=430.194405, feasible=true, active_stations=1
[2026-10-05 04:37:17.744] [info] [candidate.cpp:199] InstancePrecompute: built 75 candidates
[2026-10-05 04:37:17.744] [info] [stationary.cpp:264] NN: cost=166.690330, feasible=true, active_stations=1
[2026-10-05 04:37:17.744] [info] [candidate.cpp:199] InstancePrecompute: built 25 candidates
[2026-10-05 04:37:17.744] [info] [stationary.cpp:264] NN: cost=73.877154, feasible=true, active_stations=1
[2026-10-05 04:37:17.744] [info] [candidate.cpp:199] InstancePrecompute: built 25 candidates
[2026-10-05 04:37:17.744] [info] [stationary.cpp:264] NN: cost=377.920317, feasible=true, active_stations=1
[2026-10-05 04:37:17.744] [info] [candidate.cpp:199] InstancePrecompute: built 25 candidates
[2026-10-05 04:37:17.744] [info] [stationary.cpp:264] NN: cost=1421.268433, feasible=true, active_stations=1
[2026-10-05 04:37:17.744] [info] [candidate.cpp:199] InstancePrecompute: built 25 candidates
[2026-10-05 04:37:17.744] [info] [stationary.cpp:264] NN: cost=1495.678996, feasible=true, active_stations=1
[2026-10-05 04:37:17.744] [info] [candidate.cpp:199] InstancePrecompute: built 25 candidates
[2026-10-05 04:37:17.744] [info] [stationary.cpp:264] NN: cost=1934.141241, feasible=true, active_stations=1
[2026-10-05 04:37:17.744] [info] [candidate.cpp:199] InstancePrecompute: built 50 candidates
[2026-10-05 04:37:17.744] [info] [stationary.cpp:264] NN: cost=112.282607, feasible=true, active_stations=1
[2026-10-05 04:37:17.744] [info] [candidate.cpp:199] InstancePrecompute: built 25 candidates
[2026-10-05 04:37:17.744] [info] [stationary.cpp:264] NN: cost=683.030298, feasible=true, active_stations=1
[2026-10-05 04:37:17.744] [info] [candidate.cpp:199] InstancePrecompute: built 25 candidates
[2026-10-05 04:37:17.744] [info] [stationary.cpp:264] NN: cost=43.739543, feasible=true, active_stations=1
[2026-10-05 04:37:17.744] [info] [candidate.cpp:199] InstancePrecompute: built 25 candidates
[2026-10-05 04:37:17.744] [info] [stationary.cpp:264] NN: cost=430.194405, feasible=true, active_stations=1
[2026-10-05 04:37:17.744] [info] [candidate.cpp:199] InstancePrecompute: built 75 candidates
[2026-10-05 04:37:17.744] [info] [stationary.cpp:264] NN: cost=166.690330, feasible=true, active_stations=1
[2026-10-05 04:37:17.744] [info] [candidate.cpp:199] InstancePrecompute: built 25 candidates
[2026-10-05 04:37:17.744] [info] [stationary.cpp:264] NN: cost=73.877154, feasible=true, active_stations=1
[2026-10-05 04:37:17.744] [info] [candidate.cpp:199] InstancePrecompute: built 25 candidates
[2026-10-05 04:37:17.744] [info] [stationary.cpp:264] NN: cost=377.920317, feasible=true, active_stations=1
[2026-10-05 04:37:17.744] [info] [candidate.cpp:199] InstancePrecompute: built 25 candidates
[2026-10-05 04:37:17.744] [info] [stationary.cpp:264] NN: cost=1421.268433, feasible=true, active_stations=1
[2026-10-05 04:37:17.744] [info] [candidate.cpp:199] InstancePrecompute: built 25 candidates
[2026-10-05 04:37:17.744] [info] [stationary.cpp:264] NN: cost=1495.678996, feasible=true, active_stations=1
[2026-10-05 04:37:17.744] [info] [candidate.cpp:199] InstancePrecompute: built 25 candidates
[2026-10-05 04:37:17.744] [info] [stationary.cpp:264] NN: cost=1934.141241, feasible=true, active_stations=1
[2026-10-05 04:37:17.744] [info] [candidate.cpp:199] InstancePrecompute: built 25 candidates
[2026-10-05 04:37:17.744] [info] [stationary.cpp:264] NN: cost=21.603067, feasible=true, active_stations=1
[2026-10-05 04:37:17.744] [info] [candidate.cpp:199] InstancePrecompute: built 25 candidates
[2026-10-05 04:37:17.744] [info] [stationary.cpp:264] NN: cost=112.282607, feasible=true, active_stations=1
[2026-10-05 04:37:17.744] [info] [candidate.cpp:199] InstancePrecompute: built 25 candidates
[2026-10-05 04:37:17.744] [info] [stationary.cpp:264] NN: cost=683.030298, feasible=true, active_stations=1
[2026-10-05 04:37:17.744] [info] [candidate.cpp:199] InstancePrecompute: built 25 candidates
[2026-10-05 04:37:17.744] [info] [stationary.cpp:264] NN: cost=430.194405, feasible=true, active_stations=1
[2026-10-05 04:37:17.744] [info] [candidate.cpp:199] InstancePrecompute: built 25 candidates
[2026-10-05 04:37:17.744] [info] [stationary.cpp:264] NN: cost=43.739543, feasible=true, active_stations=1
[2026-10-05 04:37:17.744] [info] [candidate.cpp:199] InstancePrecompute: built 25 candidates
[2026-10-05 04:37:17.744] [info] [stationary.cpp:264] NN: cost=73.877154, feasible=true, active_stations=1
[2026-10-05 04:37:17.744] [info] [candidate.cpp:199] InstancePrecompute: built 75 candidates
[2026-10-05 04:37:17.744] [info] [stationary.cpp:264] NN: cost=166.690330, feasible=true, active_stations=1
[2026-10-05 04:37:17.744] [info] [candidate.cpp:199] InstancePrecompute: built 25 candidates
[2026-10-05 04:37:17.744] [info] [stationary.cpp:264] NN: cost=377.920317, feasible=true, active_stations=1
[2026-10-05 04:37:17.744] [info] [candidate.cpp:199] InstancePrecompute: built 25 candidates
[2026-10-05 04:37:17.744] [info] [stationary.cpp:264] NN: cost=1421.268433, feasible=true, active_stations=1
[2026-10-05 04:37:17.744] [info] [candidate.cpp:199] InstancePrecompute: built 25 candidates
[2026-10-05 04:37:17.744] [info] [stationary.cpp:264] NN: cost=1495.678996, feasible=true, active_stations=1
[2026-10-05 04:37:17.744] [info] [candidate.cpp:199] InstancePrecompute: built 25 candidates
[2026-10-05 04:37:17.744] [info] [stationary.cpp:264] NN: cost=1934.141241, feasible=true, active_stations=1
[2026-10-05 04:37:17.744] [info] [candidate.cpp:199] InstancePrecompute: built 50 candidates
[2026-10-05 04:37:17.744] [info] [stationary.cpp:264] NN: cost=112.282607, feasible=true, active_stations=1
[2026-10-05 04:37:17.744] [info] [candidate.cpp:199] InstancePrecompute: built 25 candidates
[2026-10-05 04:37:17.744] [info] [stationary.cpp:264] NN: cost=683.030298, feasible=true, active_stations=1
[2026-10-05 04:37:17.744] [info] [candidate.cpp:199] InstancePrecompute: built 25 candidates
[2026-10-05 04:37:17.744] [info] [stationary.cpp:264] NN: cost=430.194405, feasible=true, active_stations=1
[2026-10-05 04:37:17.744] [info] [candidate.cpp:199] InstancePrecompute: built 25 candidates
[2026-10-05 04:37:17.744] [info] [stationary.cpp:264] NN: cost=43.739543, feasible=true, active_stations=1
[2026-10-05 04:37:17.744] [info] [candidate.cpp:199] InstancePrecompute: built 25 candidates
[2026-10-05 04:37:17.744] [info] [stationary.cpp:264] NN: cost=73.877154, feasible=true, active_stations=1
[2026-10-05 04:37:17.744] [info] [candidate.cpp:199] InstancePrecompute: built 75 candidates
[2026-10-05 04:37:17.744] [info] [stationary.cpp:264] NN: cost=166.690330, feasible=true, active_stations=1
[2026-10-05 04:37:17.744] [info] [candidate.cpp:199] InstancePrecompute: built 25 candidates
[2026-10-05 04:37:17.744] [info] [stationary.cpp:264] NN: cost=377.920317, feasible=true, active_stations=1
[2026-10-05 04:37:17.744] [info] [candidate.cpp:199] InstancePrecompute: built 25 candidates
[2026-10-05 04:37:17.744] [info] [stationary.cpp:264] NN: cost=1421.268433, feasible=true, active_stations=1
[2026-10-05 04:37:17.744] [info] [candidate.cpp:199] InstancePrecompute: built 25 candidates
[2026-10-05 04:37:17.744] [info] [stationary.cpp:264] NN: cost=1495.678996, feasible=true, active_stations=1
[2026-10-05 04:37:17.744] [info] [candidate.cpp:199] InstancePrecompute: built 25 candidates
[2026-10-05 04:37:17.744] [info] [stationary.cpp:264] NN: cost=1934.141241, feasible=true, active_stations=1
[2026-10-05 04:37:17.744] [info] [candidate.cpp:199] InstancePrecompute: built 50 candidates
[2026-10-05 04:37:17.744] [info] [stationary.cpp:264] NN: cost=112.282607, feasible=true, active_stations=1
[2026-10-05 04:37:17.744] [info] [candidate.cpp:199] InstancePrecompute: built 25 candidates
[2026-10-05 04:37:17.744] [info] [stationary.cpp:264] NN: cost=683.030298, feasible=true, active_stations=1
[2026-10-05 04:37:17.744] [info] [candidate.cpp:199] InstancePrecompute: built 25 candidates
[2026-10-05 04:37:17.744] [info] [stationary.cpp:264] NN: cost=430.194405, feasible=true, active_stations=1
[2026-10-05 04:37:17.744] [info] [candidate.cpp:199] InstancePrecompute: built 25 candidates
[2026-10-05 04:37:17.744] [info] [stationary.cpp:264] NN: cost=43.739543, feasible=true, active_stations=1
[2026-10-05 04:37:17.744] [info] [candidate.cpp:199] InstancePrecompute: built 25 candidates
[2026-10-05 04:37:17.744] [info] [stationary.cpp:264] NN: cost=73.877154, feasible=true, active_stations=1
[2026-10-05 04:37:17.744] [info] [candidate.cpp:199] InstancePrecompute: built 25 candidates
[2026-10-05 04:37:17.744] [info] [stationary.cpp:264] NN: cost=166.690330, feasible=true, active_stations=1
[2026-10-05 04:37:17.744] [info] [candidate.cpp:199] InstancePrecompute: built 50 candidates
[2026-10-05 04:37:17.744] [info] [stationary.cpp:264] NN: cost=26.137044, feasible=true, active_stations=1
[2026-10-05 04:37:17.744] [info] [candidate.cpp:199] InstancePrecompute: built 25 candidates
[2026-10-05 04:37:17.744] [info] [stationary.cpp:264] NN: cost=377.920317, feasible=true, active_stations=1
[2026-10-05 04:37:17.744] [info] [candidate.cpp:199] InstancePrecompute: built 25 candidates
[2026-10-05 04:37:17.744] [info] [stationary.cpp:264] NN: cost=1421.268433, feasible=true, active_stations=1
[2026-10-05 04:37:17.744] [info] [candidate.cpp:199] InstancePrecompute: built 25 candidates
[2026-10-05 04:37:17.744] [info] [stationary.cpp:264] NN: cost=1495.678996, feasible=true, active_stations=1
[2026-10-05 04:37:17.744] [info] [candidate.cpp:199] InstancePrecompute: built 25 candidates
[2026-10-05 04:37:17.744] [info] [stationary.cpp:264] NN: cost=1934.141241, feasible=true, active_stations=1
[2026-10-05 04:37:17.744] [info] [candidate.cpp:199] InstancePrecompute: built 50 candidates
[2026-10-05 04:37:17.744] [info] [stationary.cpp:264] NN: cost=112.282607, feasible=true, active_stations=1
[2026-10-05 04:37:17.744] [info] [candidate.cpp:199] InstancePrecompute: built 25 candidates
[2026-10-05 04:37:17.744] [info] [stationary.cpp:264] NN: cost=683.030298, feasible=true, active_stations=1
[2026-10-05 04:37:17.744] [info] [candidate.cpp:199] InstancePrecompute: built 25 candidates
[2026-10-05 04:37:17.744] [info] [stationary.cpp:264] NN: cost=430.194405, feasible=true, active_stations=1
[2026-10-05 04:37:17.744] [info] [candidate.cpp:199] InstancePrecompute: built 25 candidates
[2026-10-05 04:37:17.744] [info] [stationary.cpp:264] NN: cost=43.739543, feasible=true, active_stations=1
[2026-10-05 04:37:17.744] [info] [candidate.cpp:199] InstancePrecompute: built 25 candidates
[2026-10-05 04:37:17.744] [info] [stationary.cpp:264] NN: cost=73.877154, feasible=true, active_stations=1
[2026-10-05 04:37:17.744] [info] [candidate.cpp:199] InstancePrecompute: built 25 candidates
[2026-10-05 04:37:17.744] [info] [stationary.cpp:264] NN: cost=166.690330, feasible=true, active_stations=1
[2026-10-05 04:37:17.744] [info] [candidate.cpp:199] InstancePrecompute: built 50 candidates
[2026-10-05 04:37:17.744] [info] [stationary.cpp:264] NN: cost=26.137044, feasible=true, active_stations=1
[2026-10-05 04:37:17.744] [info] [candidate.cpp:199] InstancePrecompute: built 25 candidates
[2026-10-05 04:37:17.744] [info] [stationary.cpp:264] NN: cost=377.920317, feasible=true, active_stations=1
[2026-10-05 04:37:17.744] [info] [candidate.cpp:199] InstancePrecompute: built 25 candidates
[2026-10-05 04:37:17.744] [info] [stationary.cpp:264] NN: cost=1421.268433, feasible=true, active_stations=1
[2026-10-05 04:37:17.744] [info] [candidate.cpp:199] InstancePrecompute: built 25 candidates
[2026-10-05 04:37:17.744] [info] [stationary.cpp:264] NN: cost=1495.678996, feasible=true, active_stations=1
[2026-10-05 04:37:17.744] [info] [candidate.cpp:199] InstancePrecompute: built 25 candidates
[2026-10-05 04:37:17.744] [info] [stationary.cpp:264] NN: cost=1934.141241, feasible=true, active_stations=1
[2026-10-05 04:37:17.744] [info] [candidate.cpp:199] InstancePrecompute: built 50 candidates
[2026-10-05 04:37:17.744] [info] [stationary.cpp:264] NN: cost=112.282607, feasible=true, active_stations=1
[2026-10-05 04:37:17.744] [info] [candidate.cpp:199] InstancePrecompute: built 25 candidates
[2026-10-05 04:37:17.744] [info] [stationary.cpp:264] NN: cost=683.030298, feasible=true, active_stations=1
[2026-10-05 04:37:17.744] [info] [candidate.cpp:199] InstancePrecompute: built 25 candidates
[2026-10-05 04:37:17.744] [info] [stationary.cpp:264] NN: cost=430.194405, feasible=true, active_stations=1
[2026-10-05 04:37:17.744] [info] [candidate.cpp:199] InstancePrecompute: built 25 candidates
[2026-10-05 04:37:17.744] [info] [stationary.cpp:264] NN: cost=43.739543, feasible=true, active_stations=1
[2026-10-05 04:37:17.744] [info] [candidate.cpp:199] InstancePrecompute: built 25 candidates
[2026-10-05 04:37:17.744] [info] [stationary.cpp:264] NN: cost=73.877154, feasible=true, active_stations=1
[2026-10-05 04:37:17.744] [info] [candidate.cpp:199] InstancePrecompute: built 25 candidates
[2026-10-05 04:37:17.744] [info] [stationary.cpp:264] NN: cost=166.690330, feasible=true, active_stations=1
[2026-10-05 04:37:17.744] [info] [candidate.cpp:199] InstancePrecompute: built 50 candidates
[2026-10-05 04:37:17.744] [info] [stationary.cpp:264] NN: cost=26.137044, feasible=true, active_stations=1
[2026-10-05 04:37:17.744] [info] [candidate.cpp:199] InstancePrecompute: built 25 candidates
[2026-10-05 04:37:17.744] [info] [stationary.cpp:264] NN: cost=377.920317, feasible=true, active_stations=1
[2026-10-05 04:37:17.744] [info] [candidate.cpp:199] InstancePrecompute: built 25 candidates
[2026-10-05 04:37:17.744] [info] [stationary.cpp:264] NN: cost=1421.268433, feasible=true, active_stations=1
[2026-10-05 04:37:17.744] [info] [candidate.cpp:199] InstancePrecompute: built 25 candidates
[2026-10-05 04:37:17.744] [info] [stationary.cpp:264] NN: cost=1495.678996, feasible=true, active_stations=1
[2026-10-05 04:37:17.744] [info] [candidate.cpp:199] InstancePrecompute: built 25 candidates
[2026-10-05 04:37:17.744] [info] [stationary.cpp:264] NN: cost=1934.141241, feasible=true, active_stations=1
[2026-10-05 04:37:17.744] [info] [candidate.cpp:199] InstancePrecompute: built 25 candidates
[2026-10-05 04:37:17.744] [info] [stationary.cpp:264] NN: cost=21.603067, feasible=true, active_stations=1
[2026-10-05 04:37:17.744] [info] [candidate.cpp:199] InstancePrecompute: built 25 candidates
[2026-10-05 04:37:17.744] [info] [stationary.cpp:264] NN: cost=112.282607, feasible=true, active_stations=1
[2026-10-05 04:37:17.744] [info] [candidate.cpp:199] InstancePrecompute: built 25 candidates
[2026-10-05 04:37:17.744] [info] [stationary.cpp:264] NN: cost=683.030298, feasible=true, active_stations=1
[2026-10-05 04:37:17.744] [info] [candidate.cpp:199] InstancePrecompute: built 25 candidates
[2026-10-05 04:37:17.744] [info] [stationary.cpp:264] NN: cost=43.739543, feasible=true, active_stations=1
[2026-10-05 04:37:17.744] [info] [candidate.cpp:199] InstancePrecompute: built 25 candidates
[2026-10-05 04:37:17.744] [info] [stationary.cpp:264] NN: cost=73.877154, feasible=true, active_stations=1
[2026-10-05 04:37:17.744] [info] [candidate.cpp:199] InstancePrecompute: built 25 candidates
[2026-10-05 04:37:17.744] [info] [stationary.cpp:264] NN: cost=430.194405, feasible=true, active_stations=1
[2026-10-05 04:37:17.744] [info] [candidate.cpp:199] InstancePrecompute: built 75 candidates
[2026-10-05 04:37:17.744] [info] [stationary.cpp:264] NN: cost=166.690330, feasible=true, active_stations=1
[2026-10-05 04:37:17.744] [info] [candidate.cpp:199] InstancePrecompute: built 25 candidates
[2026-10-05 04:37:17.744] [info] [stationary.cpp:264] NN: cost=1421.268433, feasible=true, active_stations=1
[2026-10-05 04:37:17.744] [info] [candidate.cpp:199] InstancePrecompute: built 25 candidates
[2026-10-05 04:37:17.744] [info] [stationary.cpp:264] NN: cost=1495.678996, feasible=true, active_stations=1
[2026-10-05 04:37:17.744] [info] [candidate.cpp:199] InstancePrecompute: built 25 candidates
[2026-10-05 04:37:17.744] [info] [stationary.cpp:264] NN: cost=377.920317, feasible=true, active_stations=1
[2026-10-05 04:37:17.744] [info] [candidate.cpp:199] InstancePrecompute: built 25 candidates
[2026-10-05 04:37:17.744] [info] [stationary.cpp:264] NN: cost=1934.141241, feasible=true, active_stations=1
[2026-10-05 04:37:17.744] [info] [candidate.cpp:199] InstancePrecompute: built 50 candidates
[2026-10-05 04:37:17.744] [info] [stationary.cpp:264] NN: cost=112.282607, feasible=true, active_stations=1
[2026-10-05 04:37:17.744] [info] [candidate.cpp:199] InstancePrecompute: built 25 candidates
[2026-10-05 04:37:17.744] [info] [stationary.cpp:264] NN: cost=683.030298, feasible=true, active_stations=1
[2026-10-05 04:37:17.744] [info] [candidate.cpp:199] InstancePrecompute: built 25 candidates
[2026-10-05 04:37:17.744] [info] [stationary.cpp:264] NN: cost=43.739543, feasible=true, active_stations=1
[2026-10-05 04:37:17.744] [info] [candidate.cpp:199] InstancePrecompute: built 25 candidates
[2026-10-05 04:37:17.744] [info] [stationary.cpp:264] NN: cost=73.877154, feasible=true, active_stations=1
[2026-10-05 04:37:17.744] [info] [candidate.cpp:199] InstancePrecompute: built 25 candidates
[2026-10-05 04:37:17.744] [info] [stationary.cpp:264] NN: cost=430.194405, feasible=true, active_stations=1
[2026-10-05 04:37:17.744] [info] [candidate.cpp:199] InstancePrecompute: built 75 candidates
[2026-10-05 04:37:17.744] [info] [stationary.cpp:264] NN: cost=166.690330, feasible=true, active_stations=1
[2026-10-05 04:37:17.744] [info] [candidate.cpp:199] InstancePrecompute: built 25 candidates
[2026-10-05 04:37:17.744] [info] [stationary.cpp:264] NN: cost=1421.268433, feasible=true, active_stations=1
[2026-10-05 04:37:17.744] [info] [candidate.cpp:199] InstancePrecompute: built 25 candidates
[2026-10-05 04:37:17.744] [info] [stationary.cpp:264] NN: cost=1495.678996, feasible=true, active_stations=1
[2026-10-05 04:37:17.744] [info] [candidate.cpp:199] InstancePrecompute: built 25 candidates
[2026-10-05 04:37:17.744] [info] [stationary.cpp:264] NN: cost=377.920317, feasible=true, active_stations=1
[2026-10-05 04:37:17.744] [info] [candidate.cpp:199] InstancePrecompute: built 25 candidates
[2026-10-05 04:37:17.745] [info] [stationary.cpp:264] NN: cost=1934.141241, feasible=true, active_stations=1
[2026-10-05 04:37:17.745] [info] [candidate.cpp:199] InstancePrecompute: built 50 candidates
[2026-10-05 04:37:17.745] [info] [stationary.cpp:264] NN: cost=112.282607, feasible=true, active_stations=1
[2026-10-05 04:37:17.745] [info] [candidate.cpp:199] InstancePrecompute: built 25 candidates
[2026-10-05 04:37:17.745] [info] [stationary.cpp:264] NN: cost=683.030298, feasible=true, active_stations=1
[2026-10-05 04:37:17.745] [info] [candidate.cpp:199] InstancePrecompute: built 25 candidates
[2026-10-05 04:37:17.745] [info] [stationary.cpp:264] NN: cost=43.739543, feasible=true, active_stations=1
[2026-10-05 04:37:17.745] [info] [candidate.cpp:199] InstancePrecompute: built 25 candidates
[2026-10-05 04:37:17.745] [info] [stationary.cpp:264] NN: cost=73.877154, feasible=true, active_stations=1
[2026-10-05 04:37:17.745] [info] [candidate.cpp:199] InstancePrecompute: built 25 candidates
[2026-10-05 04:37:17.745] [info] [stationary.cpp:264] NN: cost=430.194405, feasible=true, active_stations=1
[2026-10-05 04:37:17.745] [info] [candidate.cpp:199] InstancePrecompute: built 25 candidates
[2026-10-05 04:37:17.745] [info] [stationary.cpp:264] NN: cost=166.690330, feasible=true, active_stations=1
[2026-10-05 04:37:17.745] [info] [candidate.cpp:199] InstancePrecompute: built 50 candidates
[2026-10-05 04:37:17.745] [info] [stationary.cpp:264] NN: cost=26.137044, feasible=true, active_stations=1
[2026-10-05 04:37:17.745] [info] [candidate.cpp:199] InstancePrecompute: built 25 candidates
[2026-10-05 04:37:17.745] [info] [stationary.cpp:264] NN: cost=1421.268433, feasible=true, active_stations=1
[2026-10-05 04:37:17.745] [info] [candidate.cpp:199] InstancePrecompute: built 25 candidates
[2026-10-05 04:37:17.745] [info] [stationary.cpp:264] NN: cost=1495.678996, feasible=true, active_stations=1
[2026-10-05 04:37:17.745] [info] [candidate.cpp:199] InstancePrecompute: built 25 candidates
[2026-10-05 04:37:17.745] [info] [stationary.cpp:264] NN: cost=377.920317, feasible=true, active_stations=1
[2026-10-05 04:37:17.745] [info] [candidate.cpp:199] InstancePrecompute: built 25 candidates
[2026-10-05 04:37:17.745] [info] [stationary.cpp:264] NN: cost=1934.141241, feasible=true, active_stations=1
[2026-10-05 04:37:17.745] [info] [candidate.cpp:199] InstancePrecompute: built 50 candidates
[2026-10-05 04:37:17.745] [info] [stationary.cpp:264] NN: cost=112.282607, feasible=true, active_stations=1
[2026-10-05 04:37:17.745] [info] [candidate.cpp:199] InstancePrecompute: built 25 candidates
[2026-10-05 04:37:17.745] [info] [stationary.cpp:264] NN: cost=683.030298, feasible=true, active_stations=1
[2026-10-05 04:37:17.745] [info] [candidate.cpp:199] InstancePrecompute: built 25 candidates
[2026-10-05 04:37:17.745] [info] [stationary.cpp:264] NN: cost=43.739543, feasible=true, active_stations=1
[2026-10-05 04:37:17.745] [info] [candidate.cpp:199] InstancePrecompute: built 25 candidates
[2026-10-05 04:37:17.745] [info] [stationary.cpp:264] NN: cost=73.877154, feasible=true, active_stations=1
[2026-10-05 04:37:17.745] [info] [candidate.cpp:199] InstancePrecompute: built 25 candidates
[2026-10-05 04:37:17.745] [info] [stationary.cpp:264] NN: cost=430.194405, feasible=true, active_stations=1
[2026-10-05 04:37:17.745] [info] [candidate.cpp:199] InstancePrecompute: built 25 candidates
[2026-10-05 04:37:17.745] [info] [stationary.cpp:264] NN: cost=166.690330, feasible=true, active_stations=1
[2026-10-05 04:37:17.745] [info] [candidate.cpp:199] InstancePrecompute: built 50 candidates
[2026-10-05 04:37:17.745] [info] [stationary.cpp:264] NN: cost=26.137044, feasible=true, active_stations=1
[2026-10-05 04:37:17.745] [info] [candidate.cpp:199] InstancePrecompute: built 25 candidates
[2026-10-05 04:37:17.745] [info] [stationary.cpp:264] NN: cost=1421.268433, feasible=true, active_stations=1
[2026-10-05 04:37:17.745] [info] [candidate.cpp:199] InstancePrecompute: built 25 candidates
[2026-10-05 04:37:17.745] [info] [stationary.cpp:264] NN: cost=1495.678996, feasible=true, active_stations=1
[2026-10-05 04:37:17.745] [info] [candidate.cpp:199] InstancePrecompute: built 25 candidates
[2026-10-05 04:37:17.745] [info] [stationary.cpp:264] NN: cost=377.920317, feasible=true, active_stations=1
[2026-10-05 04:37:17.745] [info] [candidate.cpp:199] InstancePrecompute: built 25 candidates
[2026-10-05 04:37:17.745] [info] [stationary.cpp:264] NN: cost=1934.141241, feasible=true, active_stations=1
[2026-10-05 04:37:17.745] [info] [candidate.cpp:199] InstancePrecompute: built 50 candidates
[2026-10-05 04:37:17.745] [info] [stationary.cpp:264] NN: cost=112.282607, feasible=true, active_stations=1
[2026-10-05 04:37:17.745] [info] [candidate.cpp:199] InstancePrecompute: built 25 candidates
[2026-10-05 04:37:17.745] [info] [stationary.cpp:264] NN: cost=683.030298, feasible=true, active_stations=1
[2026-10-05 04:37:17.745] [info] [candidate.cpp:199] InstancePrecompute: built 25 candidates
[2026-10-05 04:37:17.745] [info] [stationary.cpp:264] NN: cost=43.739543, feasible=true, active_stations=1
[2026-10-05 04:37:17.745] [info] [candidate.cpp:199] InstancePrecompute: built 25 candidates
[2026-10-05 04:37:17.745] [info] [stationary.cpp:264] NN: cost=73.877154, feasible=true, active_stations=1
[2026-10-05 04:37:17.745] [info] [candidate.cpp:199] InstancePrecompute: built 25 candidates
[2026-10-05 04:37:17.745] [info] [stationary.cpp:264] NN: cost=430.194405, feasible=true, active_stations=1
[2026-10-05 04:37:17.745] [info] [candidate.cpp:199] InstancePrecompute: built 25 candidates
[2026-10-05 04:37:17.745] [info] [stationary.cpp:264] NN: cost=166.690330, feasible=true, active_stations=1
[2026-10-05 04:37:17.745] [info] [candidate.cpp:199] InstancePrecompute: built 50 candidates
[2026-10-05 04:37:17.745] [info] [stationary.cpp:264] NN: cost=26.137044, feasible=true, active_stations=1
[2026-10-05 04:37:17.745] [info] [candidate.cpp:199] InstancePrecompute: built 25 candidates
[2026-10-05 04:37:17.745] [info] [stationary.cpp:264] NN: cost=1421.268433, feasible=true, active_stations=1
[2026-10-05 04:37:17.745] [info] [candidate.cpp:199] InstancePrecompute: built 25 candidates
[2026-10-05 04:37:17.745] [info] [stationary.cpp:264] NN: cost=1495.678996, feasible=true, active_stations=1
[2026-10-05 04:37:17.745] [info] [candidate.cpp:199] InstancePrecompute: built 25 candidates
[2026-10-05 04:37:17.745] [info] [stationary.cpp:264] NN: cost=377.920317, feasible=true, active_stations=1
[2026-10-05 04:37:17.745] [info] [candidate.cpp:199] InstancePrecompute: built 25 candidates
[2026-10-05 04:37:17.745] [info] [stationary.cpp:264] NN: cost=1934.141241, feasible=true, active_stations=1
[2026-10-05 04:37:17.745] [info] [candidate.cpp:199] InstancePrecompute: built 25 candidates
[2026-10-05 04:37:17.745] [info] [stationary.cpp:264] NN: cost=21.603067, feasible=true, active_stations=1
[2026-10-05 04:37:17.745] [info] [candidate.cpp:199] InstancePrecompute: built 25 candidates
[2026-10-05 04:37:17.745] [info] [stationary.cpp:264] NN: cost=112.282607, feasible=true, active_stations=1
[2026-10-05 04:37:17.745] [info] [candidate.cpp:199] InstancePrecompute: built 25 candidates
[2026-10-05 04:37:17.745] [info] [stationary.cpp:264] NN: cost=683.030298, feasible=true, active_stations=1
[2026-10-05 04:37:17.745] [info] [candidate.cpp:199] InstancePrecompute: built 25 candidates
[2026-10-05 04:37:17.745] [info] [stationary.cpp:264] NN: cost=43.739543, feasible=true, active_stations=1
[2026-10-05 04:37:17.745] [info] [candidate.cpp:199] InstancePrecompute: built 25 candidates
[2026-10-05 04:37:17.745] [info] [stationary.cpp:264] NN: cost=430.194405, feasible=true, active_stations=1
[2026-10-05 04:37:17.745] [info] [candidate.cpp:199] InstancePrecompute: built 75 candidates
[2026-10-05 04:37:17.745] [info] [stationary.cpp:264] NN: cost=166.690330, feasible=true, active_stations=1
[2026-10-05 04:37:17.745] [info] [candidate.cpp:199] InstancePrecompute: built 25 candidates
[2026-10-05 04:37:17.745] [info] [stationary.cpp:264] NN: cost=73.877154, feasible=true, active_stations=1
[2026-10-05 04:37:17.745] [info] [candidate.cpp:199] InstancePrecompute: built 25 candidates
[2026-10-05 04:37:17.745] [info] [stationary.cpp:264] NN: cost=1421.268433, feasible=true, active_stations=1
[2026-10-05 04:37:17.745] [info] [candidate.cpp:199] InstancePrecompute: built 25 candidates
[2026-10-05 04:37:17.745] [info] [stationary.cpp:264] NN: cost=1495.678996, feasible=true, active_stations=1
[2026-10-05 04:37:17.745] [info] [candidate.cpp:199] InstancePrecompute: built 25 candidates
[2026-10-05 04:37:17.745] [info] [stationary.cpp:264] NN: cost=377.920317, feasible=true, active_stations=1
[2026-10-05 04:37:17.745] [info] [candidate.cpp:199] InstancePrecompute: built 25 candidates
[2026-10-05 04:37:17.745] [info] [stationary.cpp:264] NN: cost=1934.141241, feasible=true, active_stations=1
[2026-10-05 04:37:17.745] [info] [candidate.cpp:199] InstancePrecompute: built 50 candidates
[2026-10-05 04:37:17.745] [info] [stationary.cpp:264] NN: cost=112.282607, feasible=true, active_stations=1
[2026-10-05 04:37:17.745] [info] [candidate.cpp:199] InstancePrecompute: built 25 candidates
[2026-10-05 04:37:17.745] [info] [stationary.cpp:264] NN: cost=683.030298, feasible=true, active_stations=1
[2026-10-05 04:37:17.745] [info] [candidate.cpp:199] InstancePrecompute: built 25 candidates
[2026-10-05 04:37:17.745] [info] [stationary.cpp:264] NN: cost=43.739543, feasible=true, active_stations=1
[2026-10-05 04:37:17.745] [info] [candidate.cpp:199] InstancePrecompute: built 25 candidates
[2026-10-05 04:37:17.745] [info] [stationary.cpp:264] NN: cost=430.194405, feasible=true, active_stations=1
[2026-10-05 04:37:17.745] [info] [candidate.cpp:199] InstancePrecompute: built 75 candidates
[2026-10-05 04:37:17.745] [info] [stationary.cpp:264] NN: cost=166.690330, feasible=true, active_stations=1
[2026-10-05 04:37:17.745] [info] [candidate.cpp:199] InstancePrecompute: built 25 candidates
[2026-10-05 04:37:17.745] [info] [stationary.cpp:264] NN: cost=73.877154, feasible=true, active_stations=1
[2026-10-05 04:37:17.745] [info] [candidate.cpp:199] InstancePrecompute: built 25 candidates
[2026-10-05 04:37:17.745] [info] [stationary.cpp:264] NN: cost=1421.268433, feasible=true, active_stations=1
[2026-10-05 04:37:17.745] [info] [candidate.cpp:199] InstancePrecompute: built 25 candidates
[2026-10-05 04:37:17.745] [info] [stationary.cpp:264] NN: cost=1495.678996, feasible=true, active_stations=1
[2026-10-05 04:37:17.745] [info] [candidate.cpp:199] InstancePrecompute: built 25 candidates
[2026-10-05 04:37:17.745] [info] [stationary.cpp:264] NN: cost=377.920317, feasible=true, active_stations=1
[2026-10-05 04:37:17.745] [info] [candidate.cpp:199] InstancePrecompute: built 25 candidates
[2026-10-05 04:37:17.745] [info] [stationary.cpp:264] NN: cost=1934.141241, feasible=true, active_stations=1
[2026-10-05 04:37:17.745] [info] [candidate.cpp:199] InstancePrecompute: built 50 candidates
[2026-10-05 04:37:17.745] [info] [stationary.cpp:264] NN: cost=112.282607, feasible=true, active_stations=1
[2026-10-05 04:37:17.745] [info] [candidate.cpp:199] InstancePrecompute: built 25 candidates
[2026-10-05 04:37:17.745] [info] [stationary.cpp:264] NN: cost=683.030298, feasible=true, active_stations=1
[2026-10-05 04:37:17.745] [info] [candidate.cpp:199] InstancePrecompute: built 25 candidates
[2026-10-05 04:37:17.745] [info] [stationary.cpp:264] NN: cost=43.739543, feasible=true, active_stations=1
[2026-10-05 04:37:17.745] [info] [candidate.cpp:199] InstancePrecompute: built 25 candidates
[2026-10-05 04:37:17.745] [info] [stationary.cpp:264] NN: cost=430.194405, feasible=true, active_stations=1
[2026-10-05 04:37:17.745] [info] [candidate.cpp:199] InstancePrecompute: built 25 candidates
[2026-10-05 04:37:17.745] [info] [stationary.cpp:264] NN: cost=166.690330, feasible=true, active_stations=1
[2026-10-05 04:37:17.745] [info] [candidate.cpp:199] InstancePrecompute: built 50 candidates
[2026-10-05 04:37:17.745] [info] [stationary.cpp:264] NN: cost=26.137044, feasible=true, active_stations=1
[2026-10-05 04:37:17.745] [info] [candidate.cpp:199] InstancePrecompute: built 25 candidates
[2026-10-05 04:37:17.745] [info] [stationary.cpp:264] NN: cost=73.877154, feasible=true, active_stations=1
[2026-10-05 04:37:17.745] [info] [candidate.cpp:199] InstancePrecompute: built 25 candidates
[2026-10-05 04:37:17.745] [info] [stationary.cpp:264] NN: cost=1421.268433, feasible=true, active_stations=1
[2026-10-05 04:37:17.745] [info] [candidate.cpp:199] InstancePrecompute: built 25 candidates
[2026-10-05 04:37:17.745] [info] [stationary.cpp:264] NN: cost=1495.678996, feasible=true, active_stations=1
[2026-10-05 04:37:17.745] [info] [candidate.cpp:199] InstancePrecompute: built 25 candidates
[2026-10-05 04:37:17.745] [info] [stationary.cpp:264] NN: cost=377.920317, feasible=true, active_stations=1
[2026-10-05 04:37:17.745] [info] [candidate.cpp:199] InstancePrecompute: built 25 candidates
[2026-10-05 04:37:17.745] [info] [stationary.cpp:264] NN: cost=1934.141241, feasible=true, active_stations=1
[2026-10-05 04:37:17.745] [info] [candidate.cpp:199] InstancePrecompute: built 50 candidates
[2026-10-05 04:37:17.745] [info] [stationary.cpp:264] NN: cost=112.282607, feasible=true, active_stations=1
[2026-10-05 04:37:17.745] [info] [candidate.cpp:199] InstancePrecompute: built 25 candidates
[2026-10-05 04:37:17.745] [info] [stationary.cpp:264] NN: cost=683.030298, feasible=true, active_stations=1
[2026-10-05 04:37:17.745] [info] [candidate.cpp:199] InstancePrecompute: built 25 candidates
[2026-10-05 04:37:17.745] [info] [stationary.cpp:264] NN: cost=43.739543, feasible=true, active_stations=1
[2026-10-05 04:37:17.745] [info] [candidate.cpp:199] InstancePrecompute: built 25 candidates
[2026-10-05 04:37:17.745] [info] [stationary.cpp:264] NN: cost=430.194405, feasible=true, active_stations=1
[2026-10-05 04:37:17.745] [info] [candidate.cpp:199] InstancePrecompute: built 25 candidates
[2026-10-05 04:37:17.745] [info] [stationary.cpp:264] NN: cost=166.690330, feasible=true, active_stations=1
[2026-10-05 04:37:17.745] [info] [candidate.cpp:199] InstancePrecompute: built 50 candidates
[2026-10-05 04:37:17.745] [info] [stationary.cpp:264] NN: cost=26.137044, feasible=true, active_stations=1
[2026-10-05 04:37:17.745] [info] [candidate.cpp:199] InstancePrecompute: built 25 candidates
[2026-10-05 04:37:17.745] [info] [stationary.cpp:264] NN: cost=73.877154, feasible=true, active_stations=1
[2026-10-05 04:37:17.745] [info] [candidate.cpp:199] InstancePrecompute: built 25 candidates
[2026-10-05 04:37:17.745] [info] [stationary.cpp:264] NN: cost=1421.268433, feasible=true, active_stations=1
[2026-10-05 04:37:17.745] [info] [candidate.cpp:199] InstancePrecompute: built 25 candidates
[2026-10-05 04:37:17.745] [info] [stationary.cpp:264] NN: cost=1495.678996, feasible=true, active_stations=1
[2026-10-05 04:37:17.745] [info] [candidate.cpp:199] InstancePrecompute: built 25 candidates
[2026-10-05 04:37:17.745] [info] [stationary.cpp:264] NN: cost=377.920317, feasible=true, active_stations=1
[2026-10-05 04:37:17.745] [info] [candidate.cpp:199] InstancePrecompute: built 25 candidates
[2026-10-05 04:37:17.745] [info] [stationary.cpp:264] NN: cost=1934.141241, feasible=true, active_stations=1
[2026-10-05 04:37:17.745] [info] [candidate.cpp:199] InstancePrecompute: built 50 candidates
[2026-10-05 04:37:17.745] [info] [stationary.cpp:264] NN: cost=112.282607, feasible=true, active_stations=1
[2026-10-05 04:37:17.745] [info] [candidate.cpp:199] InstancePrecompute: built 25 candidates
[2026-10-05 04:37:17.745] [info] [stationary.cpp:264] NN: cost=683.030298, feasible=true, active_stations=1
[2026-10-05 04:37:17.745] [info] [candidate.cpp:199] InstancePrecompute: built 25 candidates
[2026-10-05 04:37:17.745] [info] [stationary.cpp:264] NN: cost=43.739543, feasible=true, active_stations=1
[2026-10-05 04:37:17.745] [info] [candidate.cpp:199] InstancePrecompute: built 25 candidates
[2026-10-05 04:37:17.745] [info] [stationary.cpp:264] NN: cost=430.194405, feasible=true, active_stations=1
[2026-10-05 04:37:17.745] [info] [candidate.cpp:199] InstancePrecompute: built 25 candidates
[2026-10-05 04:37:17.745] [info] [stationary.cpp:264] NN: cost=166.690330, feasible=true, active_stations=1
[2026-10-05 04:37:17.745] [info] [candidate.cpp:199] InstancePrecompute: built 50 candidates
[2026-10-05 04:37:17.745] [info] [stationary.cpp:264] NN: cost=26.137044, feasible=true, active_stations=1
[2026-10-05 04:37:17.745] [info] [candidate.cpp:199] InstancePrecompute: built 25 candidates
[2026-10-05 04:37:17.745] [info] [stationary.cpp:264] NN: cost=73.877154, feasible=true, active_stations=1
[2026-10-05 04:37:17.745] [info] [candidate.cpp:199] InstancePrecompute: built 25 candidates
[2026-10-05 04:37:17.745] [info] [stationary.cpp:264] NN: cost=1421.268433, feasible=true, active_stations=1
[2026-10-05 04:37:17.745] [info] [candidate.cpp:199] InstancePrecompute: built 25 candidates
[2026-10-05 04:37:17.745] [info] [stationary.cpp:264] NN: cost=1495.678996, feasible=true, active_stations=1
[2026-10-05 04:37:17.745] [info] [candidate.cpp:199] InstancePrecompute: built 25 candidates
[2026-10-05 04:37:17.745] [info] [stationary.cpp:264] NN: cost=377.920317, feasible=true, active_stations=1
[2026-10-05 04:37:17.745] [info] [candidate.cpp:199] InstancePrecompute: built 25 candidates
[2026-10-05 04:37:17.745] [info] [stationary.cpp:264] NN: cost=1934.141241, feasible=true, active_stations=1
[2026-10-05 04:37:17.745] [info] [candidate.cpp:199] InstancePrecompute: built 25 candidates
[2026-10-05 04:37:17.745] [info] [stationary.cpp:264] NN: cost=21.603067, feasible=true, active_stations=1
[2026-10-05 04:37:17.745] [info] [candidate.cpp:199] InstancePrecompute: built 25 candidates
[2026-10-05 04:37:17.745] [info] [stationary.cpp:264] NN: cost=112.282607, feasible=true, active_stations=1
[2026-10-05 04:37:17.745] [info] [candidate.cpp:199] InstancePrecompute: built 25 candidates
[2026-10-05 04:37:17.745] [info] [stationary.cpp:264] NN: cost=683.030298, feasible=true, active_stations=1
[2026-10-05 04:37:17.745] [info] [candidate.cpp:199] InstancePrecompute: built 25 candidates
[2026-10-05 04:37:17.745] [info] [stationary.cpp:264] NN: cost=43.739543, feasible=true, active_stations=1
[2026-10-05 04:37:17.745] [info] [candidate.cpp:199] InstancePrecompute: built 25 candidates
[2026-10-05 04:37:17.745] [info] [stationary.cpp:264] NN: cost=430.194405, feasible=true, active_stations=1
[2026-10-05 04:37:17.745] [info] [candidate.cpp:199] InstancePrecompute: built 75 candidates
[2026-10-05 04:37:17.745] [info] [stationary.cpp:264] NN: cost=166.690330, feasible=true, active_stations=1
[2026-10-05 04:37:17.745] [info] [candidate.cpp:199] InstancePrecompute: built 25 candidates
[2026-10-05 04:37:17.745] [info] [stationary.cpp:264] NN: cost=73.877154, feasible=true, active_stations=1
[2026-10-05 04:37:17.745] [info] [candidate.cpp:199] InstancePrecompute: built 25 candidates
[2026-10-05 04:37:17.745] [info] [stationary.cpp:264] NN: cost=1421.268433, feasible=true, active_stations=1
[2026-10-05 04:37:17.745] [info] [candidate.cpp:199] InstancePrecompute: built 25 candidates
[2026-10-05 04:37:17.745] [info] [stationary.cpp:264] NN: cost=1495.678996, feasible=true, active_stations=1
[2026-10-05 04:37:17.745] [info] [candidate.cpp:199] InstancePrecompute: built 25 candidates
[2026-10-05 04:37:17.745] [info] [stationary.cpp:264] NN: cost=377.920317, feasible=true, active_stations=1
[2026-10-05 04:37:17.745] [info] [candidate.cpp:199] InstancePrecompute: built 25 candidates
[2026-10-05 04:37:17.745] [info] [stationary.cpp:264] NN: cost=1934.141241, feasible=true, active_stations=1
[2026-10-05 04:37:17.745] [info] [candidate.cpp:199] InstancePrecompute: built 50 candidates
[2026-10-05 04:37:17.745] [info] [stationary.cpp:264] NN: cost=112.282607, feasible=true, active_stations=1
[2026-10-05 04:37:17.745] [info] [candidate.cpp:199] InstancePrecompute: built 25 candidates
[2026-10-05 04:37:17.745] [info] [stationary.cpp:264] NN: cost=683.030298, feasible=true, active_stations=1
[2026-10-05 04:37:17.745] [info] [candidate.cpp:199] InstancePrecompute: built 25 candidates
[2026-10-05 04:37:17.745] [info] [stationary.cpp:264] NN: cost=43.739543, feasible=true, active_stations=1
[2026-10-05 04:37:17.745] [info] [candidate.cpp:199] InstancePrecompute: built 25 candidates
[2026-10-05 04:37:17.745] [info] [stationary.cpp:264] NN: cost=430.194405, feasible=true, active_stations=1
[2026-10-05 04:37:17.745] [info] [candidate.cpp:199] InstancePrecompute: built 75 candidates
[2026-10-05 04:37:17.745] [info] [stationary.cpp:264] NN: cost=166.690330, feasible=true, active_stations=1
[2026-10-05 04:37:17.745] [info] [candidate.cpp:199] InstancePrecompute: built 25 candidates
[2026-10-05 04:37:17.745] [info] [stationary.cpp:264] NN: cost=73.877154, feasible=true, active_stations=1
[2026-10-05 04:37:17.745] [info] [candidate.cpp:199] InstancePrecompute: built 25 candidates
[2026-10-05 04:37:17.745] [info] [stationary.cpp:264] NN: cost=1421.268433, feasible=true, active_stations=1
[2026-10-05 04:37:17.745] [info] [candidate.cpp:199] InstancePrecompute: built 25 candidates
[2026-10-05 04:37:17.745] [info] [stationary.cpp:264] NN: cost=1495.678996, feasible=true, active_stations=1
[2026-10-05 04:37:17.745] [info] [candidate.cpp:199] InstancePrecompute: built 25 candidates
[2026-10-05 04:37:17.745] [info] [stationary.cpp:264] NN: cost=377.920317, feasible=true, active_stations=1
[2026-10-05 04:37:17.745] [info] [candidate.cpp:199] InstancePrecompute: built 25 candidates
[2026-10-05 04:37:17.745] [info] [stationary.cpp:264] NN: cost=1934.141241, feasible=true, active_stations=1
[2026-10-05 04:37:17.745] [info] [candidate.cpp:199] InstancePrecompute: built 50 candidates
[2026-10-05 04:37:17.745] [info] [stationary.cpp:264] NN: cost=112.282607, feasible=true, active_stations=1
[2026-10-05 04:37:17.745] [info] [candidate.cpp:199] InstancePrecompute: built 25 candidates
[2026-10-05 04:37:17.745] [info] [stationary.cpp:264] NN: cost=683.030298, feasible=true, active_stations=1
[2026-10-05 04:37:17.745] [info] [candidate.cpp:199] InstancePrecompute: built 25 candidates
[2026-10-05 04:37:17.745] [info] [stationary.cpp:264] NN: cost=43.739543, feasible=true, active_stations=1
[2026-10-05 04:37:17.745] [info] [candidate.cpp:199] InstancePrecompute: built 25 candidates
[2026-10-05 04:37:17.745] [info] [stationary.cpp:264] NN: cost=430.194405, feasible=true, active_stations=1
[2026-10-05 04:37:17.745] [info] [candidate.cpp:199] InstancePrecompute: built 25 candidates
[2026-10-05 04:37:17.745] [info] [stationary.cpp:264] NN: cost=166.690330, feasible=true, active_stations=1
[2026-10-05 04:37:17.745] [info] [candidate.cpp:199] InstancePrecompute: built 50 candidates
[2026-10-05 04:37:17.745] [info] [stationary.cpp:264] NN: cost=26.137044, feasible=true, active_stations=1
[2026-10-05 04:37:17.745] [info] [candidate.cpp:199] InstancePrecompute: built 25 candidates
[2026-10-05 04:37:17.745] [info] [stationary.cpp:264] NN: cost=73.877154, feasible=true, active_stations=1
[2026-10-05 04:37:17.745] [info] [candidate.cpp:199] InstancePrecompute: built 25 candidates
[2026-10-05 04:37:17.745] [info] [stationary.cpp:264] NN: cost=1421.268433, feasible=true, active_stations=1
[2026-10-05 04:37:17.745] [info] [candidate.cpp:199] InstancePrecompute: built 25 candidates
[2026-10-05 04:37:17.745] [info] [stationary.cpp:264] NN: cost=1495.678996, feasible=true, active_stations=1
[2026-10-05 04:37:17.745] [info] [candidate.cpp:199] InstancePrecompute: built 25 candidates
[2026-10-05 04:37:17.745] [info] [stationary.cpp:264] NN: cost=377.920317, feasible=true, active_stations=1
[2026-10-05 04:37:17.745] [info] [candidate.cpp:199] InstancePrecompute: built 25 candidates
[2026-10-05 04:37:17.745] [info] [stationary.cpp:264] NN: cost=1934.141241, feasible=true, active_stations=1
[2026-10-05 04:37:17.745] [info] [candidate.cpp:199] InstancePrecompute: built 50 candidates
[2026-10-05 04:37:17.745] [info] [stationary.cpp:264] NN: cost=112.282607, feasible=true, active_stations=1
[2026-10-05 04:37:17.745] [info] [candidate.cpp:199] InstancePrecompute: built 25 candidates
[2026-10-05 04:37:17.745] [info] [stationary.cpp:264] NN: cost=683.030298, feasible=true, active_stations=1
[2026-10-05 04:37:17.745] [info] [candidate.cpp:199] InstancePrecompute: built 25 candidates
[2026-10-05 04:37:17.745] [info] [stationary.cpp:264] NN: cost=43.739543, feasible=true, active_stations=1
[2026-10-05 04:37:17.745] [info] [candidate.cpp:199] InstancePrecompute: built 25 candidates
[2026-10-05 04:37:17.745] [info] [stationary.cpp:264] NN: cost=430.194405, feasible=true, active_stations=1
[2026-10-05 04:37:17.745] [info] [candidate.cpp:199] InstancePrecompute: built 25 candidates
[2026-10-05 04:37:17.745] [info] [stationary.cpp:264] NN: cost=166.690330, feasible=true, active_stations=1
[2026-10-05 04:37:17.745] [info] [candidate.cpp:199] InstancePrecompute: built 50 candidates
[2026-10-05 04:37:17.745] [info] [stationary.cpp:264] NN: cost=26.137044, feasible=true, active_stations=1
[2026-10-05 04:37:17.745] [info] [candidate.cpp:199] InstancePrecompute: built 25 candidates
[2026-10-05 04:37:17.745] [info] [stationary.cpp:264] NN: cost=73.877154, feasible=true, active_stations=1
[2026-10-05 04:37:17.745] [info] [candidate.cpp:199] InstancePrecompute: built 25 candidates
[2026-10-05 04:37:17.745] [info] [stationary.cpp:264] NN: cost=1421.268433, feasible=true, active_stations=1
[2026-10-05 04:37:17.745] [info] [candidate.cpp:199] InstancePrecompute: built 25 candidates
[2026-10-05 04:37:17.745] [info] [stationary.cpp:264] NN: cost=1495.678996, feasible=true, active_stations=1
[2026-10-05 04:37:17.745] [info] [candidate.cpp:199] InstancePrecompute: built 25 candidates
[2026-10-05 04:37:17.745] [info] [stationary.cpp:264] NN: cost=377.920317, feasible=true, active_stations=1
[2026-10-05 04:37:17.745] [info] [candidate.cpp:199] InstancePrecompute: built 25 candidates
[2026-10-05 04:37:17.745] [info] [stationary.cpp:264] NN: cost=1934.141241, feasible=true, active_stations=1
[2026-10-05 04:37:17.745] [info] [candidate.cpp:199] InstancePrecompute: built 50 candidates
[2026-10-05 04:37:17.745] [info] [stationary.cpp:264] NN: cost=112.282607, feasible=true, active_stations=1
[2026-10-05 04:37:17.745] [info] [candidate.cpp:199] InstancePrecompute: built 25 candidates
[2026-10-05 04:37:17.745] [info] [stationary.cpp:264] NN: cost=683.030298, feasible=true, active_stations=1
[2026-10-05 04:37:17.745] [info] [candidate.cpp:199] InstancePrecompute: built 25 candidates
[2026-10-05 04:37:17.745] [info] [stationary.cpp:264] NN: cost=43.739543, feasible=true, active_stations=1
[2026-10-05 04:37:17.745] [info] [candidate.cpp:199] InstancePrecompute: built 25 candidates
[2026-10-05 04:37:17.745] [info] [stationary.cpp:264] NN: cost=430.194405, feasible=true, active_stations=1
[2026-10-05 04:37:17.745] [info] [candidate.cpp:199] InstancePrecompute: built 25 candidates
[2026-10-05 04:37:17.745] [info] [stationary.cpp:264] NN: cost=166.690330, feasible=true, active_stations=1
[2026-10-05 04:37:17.745] [info] [candidate.cpp:199] InstancePrecompute: built 50 candidates
[2026-10-05 04:37:17.746] [info] [stationary.cpp:264] NN: cost=26.137044, feasible=true, active_stations=1
[2026-10-05 04:37:17.746] [info] [candidate.cpp:199] InstancePrecompute: built 25 candidates
[2026-10-05 04:37:17.746] [info] [stationary.cpp:264] NN: cost=73.877154, feasible=true, active_stations=1
[2026-10-05 04:37:17.746] [info] [candidate.cpp:199] InstancePrecompute: built 25 candidates
[2026-10-05 04:37:17.746] [info] [stationary.cpp:264] NN: cost=1421.268433, feasible=true, active_stations=1
[2026-10-05 04:37:17.746] [info] [candidate.cpp:199] InstancePrecompute: built 25 candidates
[2026-10-05 04:37:17.746] [info] [stationary.cpp:264] NN: cost=1495.678996, feasible=true, active_stations=1
[2026-10-05 04:37:17.746] [info] [candidate.cpp:199] InstancePrecompute: built 25 candidates
[2026-10-05 04:37:17.746] [info] [stationary.cpp:264] NN: cost=377.920317, feasible=true, active_stations=1
[2026-10-05 04:37:17.746] [info] [candidate.cpp:199] InstancePrecompute: built 25 candidates
[2026-10-05 04:37:17.746] [info] [stationary.cpp:264] NN: cost=1934.141241, feasible=true, active_stations=1
[2026-10-05 04:37:17.746] [info] [candidate.cpp:199] InstancePrecompute: built 25 candidates
[2026-10-05 04:37:17.746] [info] [stationary.cpp:264] NN: cost=21.603067, feasible=true, active_stations=1
[2026-10-05 04:37:17.746] [info] [candidate.cpp:199] InstancePrecompute: built 25 candidates
[2026-10-05 04:37:17.746] [info] [stationary.cpp:264] NN: cost=112.282607, feasible=true, active_stations=1
[2026-10-05 04:37:17.746] [info] [candidate.cpp:199] InstancePrecompute: built 25 candidates
[2026-10-05 04:37:17.746] [info] [stationary.cpp:264] NN: cost=683.030298, feasible=true, active_stations=1
[2026-10-05 04:37:17.746] [info] [candidate.cpp:199] InstancePrecompute: built 25 candidates
[2026-10-05 04:37:17.746] [info] [stationary.cpp:264] NN: cost=430.194405, feasible=true, active_stations=1
[2026-10-05 04:37:17.746] [info] [candidate.cpp:199] InstancePrecompute: built 25 candidates
[2026-10-05 04:37:17.746] [info] [stationary.cpp:264] NN: cost=43.739543, feasible=true, active_stations=1
[2026-10-05 04:37:17.746] [info] [candidate.cpp:199] InstancePrecompute: built 25 candidates
[2026-10-05 04:37:17.746] [info] [stationary.cpp:264] NN: cost=73.877154, feasible=true, active_stations=1
[2026-10-05 04:37:17.746] [info] [candidate.cpp:199] InstancePrecompute: built 75 candidates
[2026-10-05 04:37:17.746] [info] [stationary.cpp:264] NN: cost=166.690330, feasible=true, active_stations=1
[2026-10-05 04:37:17.746] [info] [candidate.cpp:199] InstancePrecompute: built 25 candidates
[2026-10-05 04:37:17.746] [info] [stationary.cpp:264] NN: cost=377.920317, feasible=true, active_stations=1
[2026-10-05 04:37:17.746] [info] [candidate.cpp:199] InstancePrecompute: built 25 candidates
[2026-10-05 04:37:17.746] [info] [stationary.cpp:264] NN: cost=1421.268433, feasible=true, active_stations=1
[2026-10-05 04:37:17.746] [info] [candidate.cpp:199] InstancePrecompute: built 25 candidates
[2026-10-05 04:37:17.746] [info] [stationary.cpp:264] NN: cost=1495.678996, feasible=true, active_stations=1
[2026-10-05 04:37:17.746] [info] [candidate.cpp:199] InstancePrecompute: built 25 candidates
[2026-10-05 04:37:17.746] [info] [stationary.cpp:264] NN: cost=1934.141241, feasible=true, active_stations=1
[2026-10-05 04:37:17.746] [info] [candidate.cpp:199] InstancePrecompute: built 25 candidates
[2026-10-05 04:37:17.746] [info] [stationary.cpp:264] NN: cost=21.603067, feasible=true, active_stations=1
[2026-10-05 04:37:17.746] [info] [candidate.cpp:199] InstancePrecompute: built 25 candidates
[2026-10-05 04:37:17.746] [info] [stationary.cpp:264] NN: cost=112.282607, feasible=true, active_stations=1
[2026-10-05 04:37:17.746] [info] [candidate.cpp:199] InstancePrecompute: built 25 candidates
[2026-10-05 04:37:17.746] [info] [stationary.cpp:264] NN: cost=683.030298, feasible=true, active_stations=1
[2026-10-05 04:37:17.746] [info] [candidate.cpp:199] InstancePrecompute: built 25 candidates
[2026-10-05 04:37:17.746] [info] [stationary.cpp:264] NN: cost=430.194405, feasible=true, active_stations=1
[2026-10-05 04:37:17.746] [info] [candidate.cpp:199] InstancePrecompute: built 25 candidates
[2026-10-05 04:37:17.746] [info] [stationary.cpp:264] NN: cost=43.739543, feasible=true, active_stations=1
[2026-10-05 04:37:17.746] [info] [candidate.cpp:199] InstancePrecompute: built 25 candidates
[2026-10-05 04:37:17.746] [info] [stationary.cpp:264] NN: cost=73.877154, feasible=true, active_stations=1
[2026-10-05 04:37:17.746] [info] [candidate.cpp:199] InstancePrecompute: built 75 candidates
[2026-10-05 04:37:17.746] [info] [stationary.cpp:264] NN: cost=166.690330, feasible=true, active_stations=1
[2026-10-05 04:37:17.746] [info] [candidate.cpp:199] InstancePrecompute: built 25 candidates
[2026-10-05 04:37:17.746] [info] [stationary.cpp:264] NN: cost=377.920317, feasible=true, active_stations=1
[2026-10-05 04:37:17.746] [info] [candidate.cpp:199] InstancePrecompute: built 25 candidates
[2026-10-05 04:37:17.746] [info] [stationary.cpp:264] NN: cost=1421.268433, feasible=true, active_stations=1
[2026-10-05 04:37:17.746] [info] [candidate.cpp:199] InstancePrecompute: built 25 candidates
[2026-10-05 04:37:17.746] [info] [stationary.cpp:264] NN: cost=1495.678996, feasible=true, active_stations=1
[2026-10-05 04:37:17.746] [info] [candidate.cpp:199] InstancePrecompute: built 25 candidates
[2026-10-05 04:37:17.746] [info] [stationary.cpp:264] NN: cost=1934.141241, feasible=true, active_stations=1
[2026-10-05 04:37:17.746] [info] [candidate.cpp:199] InstancePrecompute: built 25 candidates
[2026-10-05 04:37:17.746] [info] [stationary.cpp:264] NN: cost=21.603067, feasible=true, active_stations=1
[2026-10-05 04:37:17.746] [info] [candidate.cpp:199] InstancePrecompute: built 25 candidates
[2026-10-05 04:37:17.746] [info] [stationary.cpp:264] NN: cost=112.282607, feasible=true, active_stations=1
[2026-10-05 04:37:17.746] [info] [candidate.cpp:199] InstancePrecompute: built 25 candidates
[2026-10-05 04:37:17.746] [info] [stationary.cpp:264] NN: cost=683.030298, feasible=true, active_stations=1
[2026-10-05 04:37:17.746] [info] [candidate.cpp:199] InstancePrecompute: built 25 candidates
[2026-10-05 04:37:17.746] [info] [stationary.cpp:264] NN: cost=430.194405, feasible=true, active_stations=1
[2026-10-05 04:37:17.746] [info] [candidate.cpp:199] InstancePrecompute: built 25 candidates
[2026-10-05 04:37:17.746] [info] [stationary.cpp:264] NN: cost=43.739543, feasible=true, active_stations=1
[2026-10-05 04:37:17.746] [info] [candidate.cpp:199] InstancePrecompute: built 25 candidates
[2026-10-05 04:37:17.746] [info] [stationary.cpp:264] NN: cost=73.877154, feasible=true, active_stations=1
[2026-10-05 04:37:17.746] [info] [candidate.cpp:199] InstancePrecompute: built 25 candidates
[2026-10-05 04:37:17.746] [info] [stationary.cpp:264] NN: cost=166.690330, feasible=true, active_stations=1
[2026-10-05 04:37:17.746] [info] [candidate.cpp:199] InstancePrecompute: built 50 candidates
[2026-10-05 04:37:17.746] [info] [stationary.cpp:264] NN: cost=26.137044, feasible=true, active_stations=1
[2026-10-05 04:37:17.746] [info] [candidate.cpp:199] InstancePrecompute: built 25 candidates
[2026-10-05 04:37:17.746] [info] [stationary.cpp:264] NN: cost=377.920317, feasible=true, active_stations=1
[2026-10-05 04:37:17.746] [info] [candidate.cpp:199] InstancePrecompute: built 25 candidates
[2026-10-05 04:37:17.746] [info] [stationary.cpp:264] NN: cost=1421.268433, feasible=true, active_stations=1
[2026-10-05 04:37:17.746] [info] [candidate.cpp:199] InstancePrecompute: built 25 candidates
[2026-10-05 04:37:17.746] [info] [stationary.cpp:264] NN: cost=1495.678996, feasible=true, active_stations=1
[2026-10-05 04:37:17.746] [info] [candidate.cpp:199] InstancePrecompute: built 25 candidates
[2026-10-05 04:37:17.746] [info] [stationary.cpp:264] NN: cost=1934.141241, feasible=true, active_stations=1
[2026-10-05 04:37:17.746] [info] [candidate.cpp:199] InstancePrecompute: built 25 candidates
[2026-10-05 04:37:17.746] [info] [stationary.cpp:264] NN: cost=21.603067, feasible=true, active_stations=1
[2026-10-05 04:37:17.746] [info] [candidate.cpp:199] InstancePrecompute: built 25 candidates
[2026-10-05 04:37:17.746] [info] [stationary.cpp:264] NN: cost=112.282607, feasible=true, active_stations=1
[2026-10-05 04:37:17.746] [info] [candidate.cpp:199] InstancePrecompute: built 25 candidates
[2026-10-05 04:37:17.746] [info] [stationary.cpp:264] NN: cost=683.030298, feasible=true, active_stations=1
[2026-10-05 04:37:17.746] [info] [candidate.cpp:199] InstancePrecompute: built 25 candidates
[2026-10-05 04:37:17.746] [info] [stationary.cpp:264] NN: cost=430.194405, feasible=true, active_stations=1
[2026-10-05 04:37:17.746] [info] [candidate.cpp:199] InstancePrecompute: built 25 candidates
[2026-10-05 04:37:17.746] [info] [stationary.cpp:264] NN: cost=43.739543, feasible=true, active_stations=1
[2026-10-05 04:37:17.746] [info] [candidate.cpp:199] InstancePrecompute: built 25 candidates
[2026-10-05 04:37:17.746] [info] [stationary.cpp:264] NN: cost=73.877154, feasible=true, active_stations=1
[2026-10-05 04:37:17.746] [info] [candidate.cpp:199] InstancePrecompute: built 25 candidates
[2026-10-05 04:37:17.746] [info] [stationary.cpp:264] NN: cost=166.690330, feasible=true, active_stations=1
[2026-10-05 04:37:17.746] [info] [candidate.cpp:199] InstancePrecompute: built 50 candidates
[2026-10-05 04:37:17.746] [info] [stationary.cpp:264] NN: cost=26.137044, feasible=true, active_stations=1
[2026-10-05 04:37:17.746] [info] [candidate.cpp:199] InstancePrecompute: built 25 candidates
[2026-10-05 04:37:17.746] [info] [stationary.cpp:264] NN: cost=377.920317, feasible=true, active_stations=1
[2026-10-05 04:37:17.746] [info] [candidate.cpp:199] InstancePrecompute: built 25 candidates
[2026-10-05 04:37:17.746] [info] [stationary.cpp:264] NN: cost=1421.268433, feasible=true, active_stations=1
[2026-10-05 04:37:17.746] [info] [candidate.cpp:199] InstancePrecompute: built 25 candidates
[2026-10-05 04:37:17.746] [info] [stationary.cpp:264] NN: cost=1495.678996, feasible=true, active_stations=1
[2026-10-05 04:37:17.746] [info] [candidate.cpp:199] InstancePrecompute: built 25 candidates
[2026-10-05 04:37:17.746] [info] [stationary.cpp:264] NN: cost=1934.141241, feasible=true, active_stations=1
[2026-10-05 04:37:17.746] [info] [candidate.cpp:199] InstancePrecompute: built 25 candidates
[2026-10-05 04:37:17.746] [info] [stationary.cpp:264] NN: cost=21.603067, feasible=true, active_stations=1
[2026-10-05 04:37:17.746] [info] [candidate.cpp:199] InstancePrecompute: built 25 candidates
[2026-10-05 04:37:17.746] [info] [stationary.cpp:264] NN: cost=112.282607, feasible=true, active_stations=1
[2026-10-05 04:37:17.746] [info] [candidate.cpp:199] InstancePrecompute: built 25 candidates
[2026-10-05 04:37:17.746] [info] [stationary.cpp:264] NN: cost=683.030298, feasible=true, active_stations=1
[2026-10-05 04:37:17.746] [info] [candidate.cpp:199] InstancePrecompute: built 25 candidates
[2026-10-05 04:37:17.746] [info] [stationary.cpp:264] NN: cost=430.194405, feasible=true, active_stations=1
[2026-10-05 04:37:17.746] [info] [candidate.cpp:199] InstancePrecompute: built 25 candidates
[2026-10-05 04:37:17.746] [info] [stationary.cpp:264] NN: cost=43.739543, feasible=true, active_stations=1
[2026-10-05 04:37:17.746] [info] [candidate.cpp:199] InstancePrecompute: built 25 candidates
[2026-10-05 04:37:17.746] [info] [stationary.cpp:264] NN: cost=73.877154, feasible=true, active_stations=1
[2026-10-05 04:37:17.746] [info] [candidate.cpp:199] InstancePrecompute: built 25 candidates
[2026-10-05 04:37:17.746] [info] [stationary.cpp:264] NN: cost=166.690330, feasible=true, active_stations=1
[2026-10-05 04:37:17.746] [info] [candidate.cpp:199] InstancePrecompute: built 50 candidates
[2026-10-05 04:37:17.746] [info] [stationary.cpp:264] NN: cost=26.137044, feasible=true, active_stations=1
[2026-10-05 04:37:17.746] [info] [candidate.cpp:199] InstancePrecompute: built 25 candidates
[2026-10-05 04:37:17.746] [info] [stationary.cpp:264] NN: cost=377.920317, feasible=true, active_stations=1
[2026-10-05 04:37:17.746] [info] [candidate.cpp:199] InstancePrecompute: built 25 candidates
[2026-10-05 04:37:17.746] [info] [stationary.cpp:264] NN: cost=1421.268433, feasible=true, active_stations=1
[2026-10-05 04:37:17.746] [info] [candidate.cpp:199] InstancePrecompute: built 25 candidates
[2026-10-05 04:37:17.746] [info] [stationary.cpp:264] NN: cost=1495.678996, feasible=true, active_stations=1
[2026-10-05 04:37:17.746] [info] [candidate.cpp:199] InstancePrecompute: built 25 candidates
[2026-10-05 04:37:17.746] [info] [stationary.cpp:264] NN: cost=1934.141241, feasible=true, active_stations=1
[2026-10-05 04:37:17.746] [info] [candidate.cpp:199] InstancePrecompute: built 50 candidates
[2026-10-05 04:37:17.746] [info] [stationary.cpp:264] NN: cost=112.282607, feasible=true, active_stations=1
[2026-10-05 04:37:17.746] [info] [candidate.cpp:199] InstancePrecompute: built 25 candidates
[2026-10-05 04:37:17.746] [info] [stationary.cpp:264] NN: cost=683.030298, feasible=true, active_stations=1
[2026-10-05 04:37:17.746] [info] [candidate.cpp:199] InstancePrecompute: built 25 candidates
[2026-10-05 04:37:17.746] [info] [stationary.cpp:264] NN: cost=43.739543, feasible=true, active_stations=1
[2026-10-05 04:37:17.746] [info] [candidate.cpp:199] InstancePrecompute: built 25 candidates
[2026-10-05 04:37:17.746] [info] [stationary.cpp:264] NN: cost=73.877154, feasible=true, active_stations=1
[2026-10-05 04:37:17.746] [info] [candidate.cpp:199] InstancePrecompute: built 25 candidates
[2026-10-05 04:37:17.746] [info] [stationary.cpp:264] NN: cost=430.194405, feasible=true, active_stations=1
[2026-10-05 04:37:17.746] [info] [candidate.cpp:199] InstancePrecompute: built 25 candidates
[2026-10-05 04:37:17.746] [info] [stationary.cpp:264] NN: cost=166.690330, feasible=true, active_stations=1
[2026-10-05 04:37:17.746] [info] [candidate.cpp:199] InstancePrecompute: built 50 candidates
[2026-10-05 04:37:17.746] [info] [stationary.cpp:264] NN: cost=26.137044, feasible=true, active_stations=1
[2026-10-05 04:37:17.746] [info] [candidate.cpp:199] InstancePrecompute: built 25 candidates
[2026-10-05 04:37:17.746] [info] [stationary.cpp:264] NN: cost=1421.268433, feasible=true, active_stations=1
[2026-10-05 04:37:17.746] [info] [candidate.cpp:199] InstancePrecompute: built 25 candidates
[2026-10-05 04:37:17.746] [info] [stationary.cpp:264] NN: cost=377.920317, feasible=true, active_stations=1
[2026-10-05 04:37:17.746] [info] [candidate.cpp:199] InstancePrecompute: built 25 candidates
[2026-10-05 04:37:17.746] [info] [stationary.cpp:264] NN: cost=1495.678996, feasible=true, active_stations=1
[2026-10-05 04:37:17.746] [info] [candidate.cpp:199] InstancePrecompute: built 25 candidates
[2026-10-05 04:37:17.746] [info] [stationary.cpp:264] NN: cost=1934.141241, feasible=true, active_stations=1
[2026-10-05 04:37:17.746] [info] [candidate.cpp:199] InstancePrecompute: built 50 candidates
[2026-10-05 04:37:17.746] [info] [stationary.cpp:264] NN: cost=112.282607, feasible=true, active_stations=1
[2026-10-05 04:37:17.746] [info] [candidate.cpp:199] InstancePrecompute: built 25 candidates
[2026-10-05 04:37:17.746] [info] [stationary.cpp:264] NN: cost=683.030298, feasible=true, active_stations=1
[2026-10-05 04:37:17.746] [info] [candidate.cpp:199] InstancePrecompute: built 25 candidates
[2026-10-05 04:37:17.746] [info] [stationary.cpp:264] NN: cost=43.739543, feasible=true, active_stations=1
[2026-10-05 04:37:17.746] [info] [candidate.cpp:199] InstancePrecompute: built 25 candidates
[2026-10-05 04:37:17.746] [info] [stationary.cpp:264] NN: cost=73.877154, feasible=true, active_stations=1
[2026-10-05 04:37:17.746] [info] [candidate.cpp:199] InstancePrecompute: built 25 candidates
[2026-10-05 04:37:17.746] [info] [stationary.cpp:264] NN: cost=430.194405, feasible=true, active_stations=1
[2026-10-05 04:37:17.746] [info] [candidate.cpp:199] InstancePrecompute: built 25 candidates
[2026-10-05 04:37:17.746] [info] [stationary.cpp:264] NN: cost=166.690330, feasible=true, active_stations=1
[2026-10-05 04:37:17.746] [info] [candidate.cpp:199] InstancePrecompute: built 50 candidates
[2026-10-05 04:37:17.746] [info] [stationary.cpp:264] NN: cost=26.137044, feasible=true, active_stations=1
[2026-10-05 04:37:17.746] [info] [candidate.cpp:199] InstancePrecompute: built 25 candidates
[2026-10-05 04:37:17.746] [info] [stationary.cpp:264] NN: cost=1421.268433, feasible=true, active_stations=1
[2026-10-05 04:37:17.746] [info] [candidate.cpp:199] InstancePrecompute: built 25 candidates
[2026-10-05 04:37:17.746] [info] [stationary.cpp:264] NN: cost=377.920317, feasible=true, active_stations=1
[2026-10-05 04:37:17.746] [info] [candidate.cpp:199] InstancePrecompute: built 25 candidates
[2026-10-05 04:37:17.746] [info] [stationary.cpp:264] NN: cost=1495.678996, feasible=true, active_stations=1
[2026-10-05 04:37:17.746] [info] [candidate.cpp:199] InstancePrecompute: built 25 candidates
[2026-10-05 04:37:17.746] [info] [stationary.cpp:264] NN: cost=1934.141241, feasible=true, active_stations=1
[2026-10-05 04:37:17.746] [info] [candidate.cpp:199] InstancePrecompute: built 50 candidates
[2026-10-05 04:37:17.746] [info] [stationary.cpp:264] NN: cost=112.282607, feasible=true, active_stations=1
[2026-10-05 04:37:17.746] [info] [candidate.cpp:199] InstancePrecompute: built 25 candidates
[2026-10-05 04:37:17.746] [info] [stationary.cpp:264] NN: cost=683.030298, feasible=true, active_stations=1
[2026-10-05 04:37:17.746] [info] [candidate.cpp:199] InstancePrecompute: built 25 candidates
[2026-10-05 04:37:17.746] [info] [stationary.cpp:264] NN: cost=43.739543, feasible=true, active_stations=1
[2026-10-05 04:37:17.746] [info] [candidate.cpp:199] InstancePrecompute: built 25 candidates
[2026-10-05 04:37:17.746] [info] [stationary.cpp:264] NN: cost=73.877154, feasible=true, active_stations=1
[2026-10-05 04:37:17.746] [info] [candidate.cpp:199] InstancePrecompute: built 25 candidates
[2026-10-05 04:37:17.746] [info] [stationary.cpp:264] NN: cost=430.194405, feasible=true, active_stations=1
[2026-10-05 04:37:17.746] [info] [candidate.cpp:199] InstancePrecompute: built 25 candidates
[2026-10-05 04:37:17.746] [info] [stationary.cpp:264] NN: cost=166.690330, feasible=true, active_stations=1
[2026-10-05 04:37:17.746] [info] [candidate.cpp:199] InstancePrecompute: built 50 candidates
[2026-10-05 04:37:17.746] [info] [stationary.cpp:264] NN: cost=26.137044, feasible=true, active_stations=1
[2026-10-05 04:37:17.746] [info] [candidate.cpp:199] InstancePrecompute: built 25 candidates
[2026-10-05 04:37:17.746] [info] [stationary.cpp:264] NN: cost=1421.268433, feasible=true, active_stations=1
[2026-10-05 04:37:17.746] [info] [candidate.cpp:199] InstancePrecompute: built 25 candidates
[2026-10-05 04:37:17.746] [info] [stationary.cpp:264] NN: cost=377.920317, feasible=true, active_stations=1
[2026-10-05 04:37:17.746] [info] [candidate.cpp:199] InstancePrecompute: built 25 candidates
[2026-10-05 04:37:17.746] [info] [stationary.cpp:264] NN: cost=1495.678996, feasible=true, active_stations=1
[2026-10-05 04:37:17.746] [info] [candidate.cpp:199] InstancePrecompute: built 25 candidates
[2026-10-05 04:37:17.746] [info] [stationary.cpp:264] NN: cost=1934.141241, feasible=true, active_stations=1
[2026-10-05 04:37:17.746] [info] [candidate.cpp:199] InstancePrecompute: built 50 candidates
[2026-10-05 04:37:17.746] [info] [stationary.cpp:264] NN: cost=112.282607, feasible=true, active_stations=1
[2026-10-05 04:37:17.746] [info] [candidate.cpp:199] InstancePrecompute: built 25 candidates
[2026-10-05 04:37:17.746] [info] [stationary.cpp:264] NN: cost=683.030298, feasible=true, active_stations=1
[2026-10-05 04:37:17.746] [info] [candidate.cpp:199] InstancePrecompute: built 25 candidates
[2026-10-05 04:37:17.746] [info] [stationary.cpp:264] NN: cost=43.739543, feasible=true, active_stations=1
[2026-10-05 04:37:17.746] [info] [candidate.cpp:199] InstancePrecompute: built 25 candidates
[2026-10-05 04:37:17.746] [info] [stationary.cpp:264] NN: cost=73.877154, feasible=true, active_stations=1
[2026-10-05 04:37:17.746] [info] [candidate.cpp:199] InstancePrecompute: built 25 candidates
[2026-10-05 04:37:17.746] [info] [stationary.cpp:264] NN: cost=430.194405, feasible=true, active_stations=1
[2026-10-05 04:37:17.746] [info] [candidate.cpp:199] InstancePrecompute: built 25 candidates
[2026-10-05 04:37:17.746] [info] [stationary.cpp:264] NN: cost=166.690330, feasible=true, active_stations=1
[2026-10-05 04:37:17.746] [info] [candidate.cpp:199] InstancePrecompute: built 50 candidates
[2026-10-05 04:37:17.746] [info] [stationary.cpp:264] NN: cost=26.137044, feasible=true, active_stations=1
[2026-10-05 04:37:17.746] [info] [candidate.cpp:199] InstancePrecompute: built 25 candidates
[2026-10-05 04:37:17.746] [info] [stationary.cpp:264] NN: cost=1421.268433, feasible=true, active_stations=1
[2026-10-05 04:37:17.746] [info] [candidate.cpp:199] InstancePrecompute: built 25 candidates
[2026-10-05 04:37:17.746] [info] [stationary.cpp:264] NN: cost=377.920317, feasible=true, active_stations=1
[2026-10-05 04:37:17.746] [info] [candidate.cpp:199] InstancePrecompute: built 25 candidates
[2026-10-05 04:37:17.746] [info] [stationary.cpp:264] NN: cost=1495.678996, feasible=true, active_stations=1
[2026-10-05 04:37:17.746] [info] [candidate.cpp:199] InstancePrecompute: built 25 candidates
[2026-10-05 04:37:17.746] [info] [stationary.cpp:264] NN: cost=1934.141241, feasible=true, active_stations=1
[2026-10-05 04:37:17.746] [info] [candidate.cpp:199] InstancePrecompute: built 50 candidates
[2026-10-05 04:37:17.746] [info] [stationary.cpp:264] NN: cost=112.282607, feasible=true, active_stations=1
[2026-10-05 04:37:17.746] [info] [candidate.cpp:199] InstancePrecompute: built 25 candidates
[2026-10-05 04:37:17.746] [info] [stationary.cpp:264] NN: cost=683.030298, feasible=true, active_stations=1
[2026-10-05 04:37:17.746] [info] [candidate.cpp:199] InstancePrecompute: built 25 candidates
[2026-10-05 04:37:17.746] [info] [stationary.cpp:264] NN: cost=43.739543, feasible=true, active_stations=1
[2026-10-05 04:37:17.746] [info] [candidate.cpp:199] InstancePrecompute: built 25 candidates
[2026-10-05 04:37:17.746] [info] [stationary.cpp:264] NN: cost=73.877154, feasible=true, active_stations=1
[2026-10-05 04:37:17.746] [info] [candidate.cpp:199] InstancePrecompute: built 25 candidates
[2026-10-05 04:37:17.746] [info] [stationary.cpp:264] NN: cost=430.194405, feasible=true, active_stations=1
[2026-10-05 04:37:17.746] [info] [candidate.cpp:199] InstancePrecompute: built 75 candidates
[2026-10-05 04:37:17.746] [info] [stationary.cpp:264] NN: cost=166.690330, feasible=true, active_stations=1
[2026-10-05 04:37:17.746] [info] [candidate.cpp:199] InstancePrecompute: built 25 candidates
[2026-10-05 04:37:17.746] [info] [stationary.cpp:264] NN: cost=1421.268433, feasible=true, active_stations=1
[2026-10-05 04:37:17.746] [info] [candidate.cpp:199] InstancePrecompute: built 25 candidates
[2026-10-05 04:37:17.746] [info] [stationary.cpp:264] NN: cost=377.920317, feasible=true, active_stations=1
[2026-10-05 04:37:17.746] [info] [candidate.cpp:199] InstancePrecompute: built 25 candidates
[2026-10-05 04:37:17.746] [info] [stationary.cpp:264] NN: cost=1495.678996, feasible=true, active_stations=1
[2026-10-05 04:37:17.746] [info] [candidate.cpp:199] InstancePrecompute: built 25 candidates
[2026-10-05 04:37:17.746] [info] [stationary.cpp:264] NN: cost=1934.141241, feasible=true, active_stations=1
[2026-10-05 04:37:17.746] [info] [candidate.cpp:199] InstancePrecompute: built 25 candidates
[2026-10-05 04:37:17.746] [info] [stationary.cpp:264] NN: cost=21.603067, feasible=true, active_stations=1
[2026-10-05 04:37:17.746] [info] [candidate.cpp:199] InstancePrecompute: built 25 candidates
[2026-10-05 04:37:17.746] [info] [stationary.cpp:264] NN: cost=112.282607, feasible=true, active_stations=1
[2026-10-05 04:37:17.746] [info] [candidate.cpp:199] InstancePrecompute: built 25 candidates
[2026-10-05 04:37:17.746] [info] [stationary.cpp:264] NN: cost=683.030298, feasible=true, active_stations=1
[2026-10-05 04:37:17.746] [info] [candidate.cpp:199] InstancePrecompute: built 25 candidates
[2026-10-05 04:37:17.746] [info] [stationary.cpp:264] NN: cost=43.739543, feasible=true, active_stations=1
[2026-10-05 04:37:17.746] [info] [candidate.cpp:199] InstancePrecompute: built 25 candidates
[2026-10-05 04:37:17.746] [info] [stationary.cpp:264] NN: cost=73.877154, feasible=true, active_stations=1
[2026-10-05 04:37:17.746] [info] [candidate.cpp:199] InstancePrecompute: built 25 candidates
[2026-10-05 04:37:17.746] [info] [stationary.cpp:264] NN: cost=430.194405, feasible=true, active_stations=1
[2026-10-05 04:37:17.746] [info] [candidate.cpp:199] InstancePrecompute: built 25 candidates
[2026-10-05 04:37:17.746] [info] [stationary.cpp:264] NN: cost=166.690330, feasible=true, active_stations=1
[2026-10-05 04:37:17.746] [info] [candidate.cpp:199] InstancePrecompute: built 50 candidates
[2026-10-05 04:37:17.746] [info] [stationary.cpp:264] NN: cost=26.137044, feasible=true, active_stations=1
[2026-10-05 04:37:17.746] [info] [candidate.cpp:199] InstancePrecompute: built 25 candidates
[2026-10-05 04:37:17.746] [info] [stationary.cpp:264] NN: cost=1421.268433, feasible=true, active_stations=1
[2026-10-05 04:37:17.746] [info] [candidate.cpp:199] InstancePrecompute: built 25 candidates
[2026-10-05 04:37:17.746] [info] [stationary.cpp:264] NN: cost=377.920317, feasible=true, active_stations=1
[2026-10-05 04:37:17.746] [info] [candidate.cpp:199] InstancePrecompute: built 25 candidates
[2026-10-05 04:37:17.746] [info] [stationary.cpp:264] NN: cost=1495.678996, feasible=true, active_stations=1
[2026-10-05 04:37:17.746] [info] [candidate.cpp:199] InstancePrecompute: built 25 candidates
[2026-10-05 04:37:17.746] [info] [stationary.cpp:264] NN: cost=1934.141241, feasible=true, active_stations=1
[2026-10-05 04:37:17.746] [info] [candidate.cpp:199] InstancePrecompute: built 50 candidates
[2026-10-05 04:37:17.746] [info] [stationary.cpp:264] NN: cost=112.282607, feasible=true, active_stations=1
[2026-10-05 04:37:17.746] [info] [candidate.cpp:199] InstancePrecompute: built 25 candidates
[2026-10-05 04:37:17.746] [info] [stationary.cpp:264] NN: cost=683.030298, feasible=true, active_stations=1
[2026-10-05 04:37:17.746] [info] [candidate.cpp:199] InstancePrecompute: built 25 candidates
[2026-10-05 04:37:17.746] [info] [stationary.cpp:264] NN: cost=43.739543, feasible=true, active_stations=1
[2026-10-05 04:37:17.746] [info] [candidate.cpp:199] InstancePrecompute: built 25 candidates
[2026-10-05 04:37:17.746] [info] [stationary.cpp:264] NN: cost=430.194405, feasible=true, active_stations=1
[2026-10-05 04:37:17.746] [info] [candidate.cpp:199] InstancePrecompute: built 25 candidates
[2026-10-05 04:37:17.746] [info] [stationary.cpp:264] NN: cost=166.690330, feasible=true, active_stations=1
[2026-10-05 04:37:17.746] [info] [candidate.cpp:199] InstancePrecompute: built 25 candidates
[2026-10-05 04:37:17.746] [info] [stationary.cpp:264] NN: cost=26.137044, feasible=true, active_stations=1
[2026-10-05 04:37:17.746] [info] [candidate.cpp:199] InstancePrecompute: built 25 candidates
[2026-10-05 04:37:17.746] [info] [stationary.cpp:264] NN: cost=73.877154, feasible=true, active_stations=1
[2026-10-05 04:37:17.746] [info] [candidate.cpp:199] InstancePrecompute: built 25 candidates
[2026-10-05 04:37:17.746] [info] [stationary.cpp:264] NN: cost=2.667045, feasible=true, active_stations=1
[2026-10-05 04:37:17.746] [info] [candidate.cpp:199] InstancePrecompute: built 25 candidates
[2026-10-05 04:37:17.747] [info] [stationary.cpp:264] NN: cost=377.920317, feasible=true, active_stations=1
[2026-10-05 04:37:17.747] [info] [candidate.cpp:199] InstancePrecompute: built 25 candidates
[2026-10-05 04:37:17.747] [info] [stationary.cpp:264] NN: cost=1421.268433, feasible=true, active_stations=1
[2026-10-05 04:37:17.747] [info] [candidate.cpp:199] InstancePrecompute: built 25 candidates
[2026-10-05 04:37:17.747] [info] [stationary.cpp:264] NN: cost=1495.678996, feasible=true, active_stations=1
[2026-10-05 04:37:17.747] [info] [candidate.cpp:199] InstancePrecompute: built 25 candidates
[2026-10-05 04:37:17.747] [info] [stationary.cpp:264] NN: cost=1934.141241, feasible=true, active_stations=1
[2026-10-05 04:37:17.747] [info] [candidate.cpp:199] InstancePrecompute: built 50 candidates
[2026-10-05 04:37:17.747] [info] [stationary.cpp:264] NN: cost=112.282607, feasible=true, active_stations=1
[2026-10-05 04:37:17.747] [info] [candidate.cpp:199] InstancePrecompute: built 25 candidates
[2026-10-05 04:37:17.747] [info] [stationary.cpp:264] NN: cost=683.030298, feasible=true, active_stations=1
[2026-10-05 04:37:17.747] [info] [candidate.cpp:199] InstancePrecompute: built 25 candidates
[2026-10-05 04:37:17.747] [info] [stationary.cpp:264] NN: cost=43.739543, feasible=true, active_stations=1
[2026-10-05 04:37:17.747] [info] [candidate.cpp:199] InstancePrecompute: built 25 candidates
[2026-10-05 04:37:17.747] [info] [stationary.cpp:264] NN: cost=430.194405, feasible=true, active_stations=1
[2026-10-05 04:37:17.747] [info] [candidate.cpp:199] InstancePrecompute: built 25 candidates
[2026-10-05 04:37:17.747] [info] [stationary.cpp:264] NN: cost=166.690330, feasible=true, active_stations=1
[2026-10-05 04:37:17.747] [info] [candidate.cpp:199] InstancePrecompute: built 25 candidates
[2026-10-05 04:37:17.747] [info] [stationary.cpp:264] NN: cost=26.137044, feasible=true, active_stations=1
[2026-10-05 04:37:17.747] [info] [candidate.cpp:199] InstancePrecompute: built 25 candidates
[2026-10-05 04:37:17.747] [info] [stationary.cpp:264] NN: cost=73.877154, feasible=true, active_stations=1
[2026-10-05 04:37:17.747] [info] [candidate.cpp:199] InstancePrecompute: built 25 candidates
[2026-10-05 04:37:17.747] [info] [stationary.cpp:264] NN: cost=2.667045, feasible=true, active_stations=1
[2026-10-05 04:37:17.747] [info] [candidate.cpp:199] InstancePrecompute: built 25 candidates
[2026-10-05 04:37:17.747] [info] [stationary.cpp:264] NN: cost=377.920317, feasible=true, active_stations=1
[2026-10-05 04:37:17.747] [info] [candidate.cpp:199] InstancePrecompute: built 25 candidates
[2026-10-05 04:37:17.747] [info] [stationary.cpp:264] NN: cost=1421.268433, feasible=true, active_stations=1
[2026-10-05 04:37:17.747] [info] [candidate.cpp:199] InstancePrecompute: built 25 candidates
[2026-10-05 04:37:17.747] [info] [stationary.cpp:264] NN: cost=1495.678996, feasible=true, active_stations=1
[2026-10-05 04:37:17.747] [info] [candidate.cpp:199] InstancePrecompute: built 25 candidates
[2026-10-05 04:37:17.747] [info] [stationary.cpp:264] NN: cost=1934.141241, feasible=true, active_stations=1
[2026-10-05 04:37:17.747] [info] [candidate.cpp:199] InstancePrecompute: built 50 candidates
[2026-10-05 04:37:17.747] [info] [stationary.cpp:264] NN: cost=112.282607, feasible=true, active_stations=1
[2026-10-05 04:37:17.747] [info] [candidate.cpp:199] InstancePrecompute: built 25 candidates
[2026-10-05 04:37:17.747] [info] [stationary.cpp:264] NN: cost=683.030298, feasible=true, active_stations=1
[2026-10-05 04:37:17.747] [info] [candidate.cpp:199] InstancePrecompute: built 25 candidates
[2026-10-05 04:37:17.747] [info] [stationary.cpp:264] NN: cost=43.739543, feasible=true, active_stations=1
[2026-10-05 04:37:17.747] [info] [candidate.cpp:199] InstancePrecompute: built 25 candidates
[2026-10-05 04:37:17.747] [info] [stationary.cpp:264] NN: cost=430.194405, feasible=true, active_stations=1
[2026-10-05 04:37:17.747] [info] [candidate.cpp:199] InstancePrecompute: built 25 candidates
[2026-10-05 04:37:17.747] [info] [stationary.cpp:264] NN: cost=166.690330, feasible=true, active_stations=1
[2026-10-05 04:37:17.747] [info] [candidate.cpp:199] InstancePrecompute: built 25 candidates
[2026-10-05 04:37:17.747] [info] [stationary.cpp:264] NN: cost=26.137044, feasible=true, active_stations=1
[2026-10-05 04:37:17.747] [info] [candidate.cpp:199] InstancePrecompute: built 25 candidates
[2026-10-05 04:37:17.747] [info] [stationary.cpp:264] NN: cost=73.877154, feasible=true, active_stations=1
[2026-10-05 04:37:17.747] [info] [candidate.cpp:199] InstancePrecompute: built 25 candidates
[2026-10-05 04:37:17.747] [info] [stationary.cpp:264] NN: cost=2.667045, feasible=true, active_stations=1
[2026-10-05 04:37:17.747] [info] [candidate.cpp:199] InstancePrecompute: built 25 candidates
[2026-10-05 04:37:17.747] [info] [stationary.cpp:264] NN: cost=377.920317, feasible=true, active_stations=1
[2026-10-05 04:37:17.747] [info] [candidate.cpp:199] InstancePrecompute: built 25 candidates
[2026-10-05 04:37:17.747] [info] [stationary.cpp:264] NN: cost=1421.268433, feasible=true, active_stations=1
[2026-10-05 04:37:17.747] [info] [candidate.cpp:199] InstancePrecompute: built 25 candidates
[2026-10-05 04:37:17.747] [info] [stationary.cpp:264] NN: cost=1495.678996, feasible=true, active_stations=1
[2026-10-05 04:37:17.747] [info] [candidate.cpp:199] InstancePrecompute: built 25 candidates
[2026-10-05 04:37:17.747] [info] [stationary.cpp:264] NN: cost=1934.141241, feasible=true, active_stations=1
[2026-10-05 04:37:17.747] [info] [candidate.cpp:199] InstancePrecompute: built 50 candidates
[2026-10-05 04:37:17.747] [info] [stationary.cpp:264] NN: cost=112.282607, feasible=true, active_stations=1
[2026-10-05 04:37:17.747] [info] [candidate.cpp:199] InstancePrecompute: built 25 candidates
[2026-10-05 04:37:17.747] [info] [stationary.cpp:264] NN: cost=683.030298, feasible=true, active_stations=1
[2026-10-05 04:37:17.747] [info] [candidate.cpp:199] InstancePrecompute: built 25 candidates
[2026-10-05 04:37:17.747] [info] [stationary.cpp:264] NN: cost=43.739543, feasible=true, active_stations=1
[2026-10-05 04:37:17.747] [info] [candidate.cpp:199] InstancePrecompute: built 25 candidates
[2026-10-05 04:37:17.747] [info] [stationary.cpp:264] NN: cost=430.194405, feasible=true, active_stations=1
[2026-10-05 04:37:17.747] [info] [candidate.cpp:199] InstancePrecompute: built 25 candidates
[2026-10-05 04:37:17.747] [info] [stationary.cpp:264] NN: cost=166.690330, feasible=true, active_stations=1
[2026-10-05 04:37:17.747] [info] [candidate.cpp:199] InstancePrecompute: built 25 candidates
[2026-10-05 04:37:17.747] [info] [stationary.cpp:264] NN: cost=26.137044, feasible=true, active_stations=1
[2026-10-05 04:37:17.747] [info] [candidate.cpp:199] InstancePrecompute: built 25 candidates
[2026-10-05 04:37:17.747] [info] [stationary.cpp:264] NN: cost=73.877154, feasible=true, active_stations=1
[2026-10-05 04:37:17.747] [info] [candidate.cpp:199] InstancePrecompute: built 25 candidates
[2026-10-05 04:37:17.747] [info] [stationary.cpp:264] NN: cost=2.667045, feasible=true, active_stations=1
[2026-10-05 04:37:17.747] [info] [candidate.cpp:199] InstancePrecompute: built 25 candidates
[2026-10-05 04:37:17.747] [info] [stationary.cpp:264] NN: cost=377.920317, feasible=true, active_stations=1
[2026-10-05 04:37:17.747] [info] [candidate.cpp:199] InstancePrecompute: built 25 candidates
[2026-10-05 04:37:17.747] [info] [stationary.cpp:264] NN: cost=1421.268433, feasible=true, active_stations=1
[2026-10-05 04:37:17.747] [info] [candidate.cpp:199] InstancePrecompute: built 25 candidates
[2026-10-05 04:37:17.747] [info] [stationary.cpp:264] NN: cost=1495.678996, feasible=true, active_stations=1
[2026-10-05 04:37:17.747] [info] [candidate.cpp:199] InstancePrecompute: built 25 candidates
[2026-10-05 04:37:17.747] [info] [stationary.cpp:264] NN: cost=1934.141241, feasible=true, active_stations=1
[2026-10-05 04:37:17.747] [info] [candidate.cpp:199] InstancePrecompute: built 50 candidates
[2026-10-05 04:37:17.747] [info] [stationary.cpp:264] NN: cost=112.282607, feasible=true, active_stations=1
[2026-10-05 04:37:17.747] [info] [candidate.cpp:199] InstancePrecompute: built 25 candidates
[2026-10-05 04:37:17.747] [info] [stationary.cpp:264] NN: cost=683.030298, feasible=true, active_stations=1
[2026-10-05 04:37:17.747] [info] [candidate.cpp:199] InstancePrecompute: built 25 candidates
[2026-10-05 04:37:17.747] [info] [stationary.cpp:264] NN: cost=43.739543, feasible=true, active_stations=1
[2026-10-05 04:37:17.747] [info] [candidate.cpp:199] InstancePrecompute: built 25 candidates
[2026-10-05 04:37:17.747] [info] [stationary.cpp:264] NN: cost=430.194405, feasible=true, active_stations=1
[2026-10-05 04:37:17.747] [info] [candidate.cpp:199] InstancePrecompute: built 50 candidates
[2026-10-05 04:37:17.747] [info] [stationary.cpp:264] NN: cost=166.690330, feasible=true, active_stations=1
[2026-10-05 04:37:17.747] [info] [candidate.cpp:199] InstancePrecompute: built 25 candidates
[2026-10-05 04:37:17.747] [info] [stationary.cpp:264] NN: cost=73.877154, feasible=true, active_stations=1
[2026-10-05 04:37:17.747] [info] [candidate.cpp:199] InstancePrecompute: built 25 candidates
[2026-10-05 04:37:17.747] [info] [stationary.cpp:264] NN: cost=2.667045, feasible=true, active_stations=1
[2026-10-05 04:37:17.747] [info] [candidate.cpp:199] InstancePrecompute: built 25 candidates
[2026-10-05 04:37:17.747] [info] [stationary.cpp:264] NN: cost=377.920317, feasible=true, active_stations=1
[2026-10-05 04:37:17.747] [info] [candidate.cpp:199] InstancePrecompute: built 25 candidates
[2026-10-05 04:37:17.747] [info] [stationary.cpp:264] NN: cost=1421.268433, feasible=true, active_stations=1
[2026-10-05 04:37:17.747] [info] [candidate.cpp:199] InstancePrecompute: built 25 candidates
[2026-10-05 04:37:17.747] [info] [stationary.cpp:264] NN: cost=1495.678996, feasible=true, active_stations=1
[2026-10-05 04:37:17.747] [info] [candidate.cpp:199] InstancePrecompute: built 25 candidates
[2026-10-05 04:37:17.747] [info] [stationary.cpp:264] NN: cost=1934.141241, feasible=true, active_stations=1
[2026-10-05 04:37:17.747] [info] [candidate.cpp:199] InstancePrecompute: built 25 candidates
[2026-10-05 04:37:17.747] [info] [stationary.cpp:264] NN: cost=21.603067, feasible=true, active_stations=1
[2026-10-05 04:37:17.747] [info] [candidate.cpp:199] InstancePrecompute: built 25 candidates
[2026-10-05 04:37:17.747] [info] [stationary.cpp:264] NN: cost=112.282607, feasible=true, active_stations=1
[2026-10-05 04:37:17.747] [info] [candidate.cpp:199] InstancePrecompute: built 25 candidates
[2026-10-05 04:37:17.747] [info] [stationary.cpp:264] NN: cost=683.030298, feasible=true, active_stations=1
[2026-10-05 04:37:17.747] [info] [candidate.cpp:199] InstancePrecompute: built 25 candidates
[2026-10-05 04:37:17.747] [info] [stationary.cpp:264] NN: cost=43.739543, feasible=true, active_stations=1
[2026-10-05 04:37:17.747] [info] [candidate.cpp:199] InstancePrecompute: built 25 candidates
[2026-10-05 04:37:17.747] [info] [stationary.cpp:264] NN: cost=430.194405, feasible=true, active_stations=1
[2026-10-05 04:37:17.747] [info] [candidate.cpp:199] InstancePrecompute: built 25 candidates
[2026-10-05 04:37:17.747] [info] [stationary.cpp:264] NN: cost=166.690330, feasible=true, active_stations=1
[2026-10-05 04:37:17.747] [info] [candidate.cpp:199] InstancePrecompute: built 25 candidates
[2026-10-05 04:37:17.747] [info] [stationary.cpp:264] NN: cost=26.137044, feasible=true, active_stations=1
[2026-10-05 04:37:17.747] [info] [candidate.cpp:199] InstancePrecompute: built 25 candidates
[2026-10-05 04:37:17.747] [info] [stationary.cpp:264] NN: cost=73.877154, feasible=true, active_stations=1
[2026-10-05 04:37:17.747] [info] [candidate.cpp:199] InstancePrecompute: built 25 candidates
[2026-10-05 04:37:17.747] [info] [stationary.cpp:264] NN: cost=2.667045, feasible=true, active_stations=1
[2026-10-05 04:37:17.747] [info] [candidate.cpp:199] InstancePrecompute: built 25 candidates
[2026-10-05 04:37:17.747] [info] [stationary.cpp:264] NN: cost=377.920317, feasible=true, active_stations=1
[2026-10-05 04:37:17.747] [info] [candidate.cpp:199] InstancePrecompute: built 25 candidates
[2026-10-05 04:37:17.747] [info] [stationary.cpp:264] NN: cost=1421.268433, feasible=true, active_stations=1
[2026-10-05 04:37:17.747] [info] [candidate.cpp:199] InstancePrecompute: built 25 candidates
[2026-10-05 04:37:17.747] [info] [stationary.cpp:264] NN: cost=1495.678996, feasible=true, active_stations=1
[2026-10-05 04:37:17.747] [info] [candidate.cpp:199] InstancePrecompute: built 25 candidates
[2026-10-05 04:37:17.747] [info] [stationary.cpp:264] NN: cost=1934.141241, feasible=true, active_stations=1
[2026-10-05 04:37:17.747] [info] [candidate.cpp:199] InstancePrecompute: built 50 candidates
[2026-10-05 04:37:17.747] [info] [stationary.cpp:264] NN: cost=112.282607, feasible=true, active_stations=1
[2026-10-05 04:37:17.747] [info] [candidate.cpp:199] InstancePrecompute: built 25 candidates
[2026-10-05 04:37:17.747] [info] [stationary.cpp:264] NN: cost=683.030298, feasible=true, active_stations=1
[2026-10-05 04:37:17.747] [info] [candidate.cpp:199] InstancePrecompute: built 25 candidates
[2026-10-05 04:37:17.747] [info] [stationary.cpp:264] NN: cost=43.739543, feasible=true, active_stations=1
[2026-10-05 04:37:17.747] [info] [candidate.cpp:199] InstancePrecompute: built 25 candidates
[2026-10-05 04:37:17.747] [info] [stationary.cpp:264] NN: cost=430.194405, feasible=true, active_stations=1
[2026-10-05 04:37:17.747] [info] [candidate.cpp:199] InstancePrecompute: built 25 candidates
[2026-10-05 04:37:17.747] [info] [stationary.cpp:264] NN: cost=73.877154, feasible=true, active_stations=1
[2026-10-05 04:37:17.747] [info] [candidate.cpp:199] InstancePrecompute: built 25 candidates
[2026-10-05 04:37:17.747] [info] [stationary.cpp:264] NN: cost=166.690330, feasible=true, active_stations=1
[2026-10-05 04:37:17.747] [info] [candidate.cpp:199] InstancePrecompute: built 50 candidates
[2026-10-05 04:37:17.747] [info] [stationary.cpp:264] NN: cost=26.137044, feasible=true, active_stations=1
[2026-10-05 04:37:17.747] [info] [candidate.cpp:199] InstancePrecompute: built 25 candidates
[2026-10-05 04:37:17.747] [info] [stationary.cpp:264] NN: cost=377.920317, feasible=true, active_stations=1
[2026-10-05 04:37:17.747] [info] [candidate.cpp:199] InstancePrecompute: built 25 candidates
[2026-10-05 04:37:17.747] [info] [stationary.cpp:264] NN: cost=1421.268433, feasible=true, active_stations=1
[2026-10-05 04:37:17.747] [info] [candidate.cpp:199] InstancePrecompute: built 25 candidates
[2026-10-05 04:37:17.747] [info] [stationary.cpp:264] NN: cost=1495.678996, feasible=true, active_stations=1
[2026-10-05 04:37:17.747] [info] [candidate.cpp:199] InstancePrecompute: built 25 candidates
[2026-10-05 04:37:17.747] [info] [stationary.cpp:264] NN: cost=1934.141241, feasible=true, active_stations=1
[2026-10-05 04:37:17.747] [info] [candidate.cpp:199] InstancePrecompute: built 50 candidates
[2026-10-05 04:37:17.747] [info] [stationary.cpp:264] NN: cost=112.282607, feasible=true, active_stations=1
[2026-10-05 04:37:17.747] [info] [candidate.cpp:199] InstancePrecompute: built 25 candidates
[2026-10-05 04:37:17.747] [info] [stationary.cpp:264] NN: cost=683.030298, feasible=true, active_stations=1
[2026-10-05 04:37:17.747] [info] [candidate.cpp:199] InstancePrecompute: built 25 candidates
[2026-10-05 04:37:17.747] [info] [stationary.cpp:264] NN: cost=43.739543, feasible=true, active_stations=1
[2026-10-05 04:37:17.747] [info] [candidate.cpp:199] InstancePrecompute: built 25 candidates
[2026-10-05 04:37:17.747] [info] [stationary.cpp:264] NN: cost=430.194405, feasible=true, active_stations=1
[2026-10-05 04:37:17.747] [info] [candidate.cpp:199] InstancePrecompute: built 25 candidates
[2026-10-05 04:37:17.747] [info] [stationary.cpp:264] NN: cost=73.877154, feasible=true, active_stations=1
[2026-10-05 04:37:17.747] [info] [candidate.cpp:199] InstancePrecompute: built 25 candidates
[2026-10-05 04:37:17.747] [info] [stationary.cpp:264] NN: cost=166.690330, feasible=true, active_stations=1
[2026-10-05 04:37:17.747] [info] [candidate.cpp:199] InstancePrecompute: built 50 candidates
[2026-10-05 04:37:17.747] [info] [stationary.cpp:264] NN: cost=26.137044, feasible=true, active_stations=1
[2026-10-05 04:37:17.747] [info] [candidate.cpp:199] InstancePrecompute: built 25 candidates
[2026-10-05 04:37:17.747] [info] [stationary.cpp:264] NN: cost=377.920317, feasible=true, active_stations=1
[2026-10-05 04:37:17.747] [info] [candidate.cpp:199] InstancePrecompute: built 25 candidates
[2026-10-05 04:37:17.747] [info] [stationary.cpp:264] NN: cost=1421.268433, feasible=true, active_stations=1
[2026-10-05 04:37:17.747] [info] [candidate.cpp:199] InstancePrecompute: built 25 candidates
[2026-10-05 04:37:17.747] [info] [stationary.cpp:264] NN: cost=1495.678996, feasible=true, active_stations=1
[2026-10-05 04:37:17.747] [info] [candidate.cpp:199] InstancePrecompute: built 25 candidates
[2026-10-05 04:37:17.747] [info] [stationary.cpp:264] NN: cost=1934.141241, feasible=true, active_stations=1
[2026-10-05 04:37:17.747] [info] [candidate.cpp:199] InstancePrecompute: built 50 candidates
[2026-10-05 04:37:17.747] [info] [stationary.cpp:264] NN: cost=112.282607, feasible=true, active_stations=1
[2026-10-05 04:37:17.747] [info] [candidate.cpp:199] InstancePrecompute: built 25 candidates
[2026-10-05 04:37:17.747] [info] [stationary.cpp:264] NN: cost=683.030298, feasible=true, active_stations=1
[2026-10-05 04:37:17.747] [info] [candidate.cpp:199] InstancePrecompute: built 25 candidates
[2026-10-05 04:37:17.747] [info] [stationary.cpp:264] NN: cost=43.739543, feasible=true, active_stations=1
[2026-10-05 04:37:17.747] [info] [candidate.cpp:199] InstancePrecompute: built 25 candidates
[2026-10-05 04:37:17.747] [info] [stationary.cpp:264] NN: cost=430.194405, feasible=true, active_stations=1
[2026-10-05 04:37:17.747] [info] [candidate.cpp:199] InstancePrecompute: built 25 candidates
[2026-10-05 04:37:17.747] [info] [stationary.cpp:264] NN: cost=73.877154, feasible=true, active_stations=1
[2026-10-05 04:37:17.747] [info] [candidate.cpp:199] InstancePrecompute: built 25 candidates
[2026-10-05 04:37:17.747] [info] [stationary.cpp:264] NN: cost=166.690330, feasible=true, active_stations=1
[2026-10-05 04:37:17.747] [info] [candidate.cpp:199] InstancePrecompute: built 50 candidates
[2026-10-05 04:37:17.747] [info] [stationary.cpp:264] NN: cost=26.137044, feasible=true, active_stations=1
[2026-10-05 04:37:17.747] [info] [candidate.cpp:199] InstancePrecompute: built 25 candidates
[2026-10-05 04:37:17.747] [info] [stationary.cpp:264] NN: cost=377.920317, feasible=true, active_stations=1
[2026-10-05 04:37:17.747] [info] [candidate.cpp:199] InstancePrecompute: built 25 candidates
[2026-10-05 04:37:17.747] [info] [stationary.cpp:264] NN: cost=1421.268433, feasible=true, active_stations=1
[2026-10-05 04:37:17.747] [info] [candidate.cpp:199] InstancePrecompute: built 25 candidates
[2026-10-05 04:37:17.747] [info] [stationary.cpp:264] NN: cost=1495.678996, feasible=true, active_stations=1
[2026-10-05 04:37:17.747] [info] [candidate.cpp:199] InstancePrecompute: built 25 candidates
[2026-10-05 04:37:17.747] [info] [stationary.cpp:264] NN: cost=1934.141241, feasible=true, active_stations=1
[2026-10-05 04:37:17.747] [info] [candidate.cpp:199] InstancePrecompute: built 50 candidates
[2026-10-05 04:37:17.747] [info] [stationary.cpp:264] NN: cost=112.282607, feasible=true, active_stations=1
[2026-10-05 04:37:17.747] [info] [candidate.cpp:199] InstancePrecompute: built 25 candidates
[2026-10-05 04:37:17.747] [info] [stationary.cpp:264] NN: cost=683.030298, feasible=true, active_stations=1
[2026-10-05 04:37:17.747] [info] [candidate.cpp:199] InstancePrecompute: built 25 candidates
[2026-10-05 04:37:17.747] [info] [stationary.cpp:264] NN: cost=43.739543, feasible=true, active_stations=1
[2026-10-05 04:37:17.747] [info] [candidate.cpp:199] InstancePrecompute: built 25 candidates
[2026-10-05 04:37:17.747] [info] [stationary.cpp:264] NN: cost=430.194405, feasible=true, active_stations=1
[2026-10-05 04:37:17.747] [info] [candidate.cpp:199] InstancePrecompute: built 25 candidates
[2026-10-05 04:37:17.747] [info] [stationary.cpp:264] NN: cost=73.877154, feasible=true, active_stations=1
[2026-10-05 04:37:17.747] [info] [candidate.cpp:199] InstancePrecompute: built 25 candidates
[2026-10-05 04:37:17.747] [info] [stationary.cpp:264] NN: cost=166.690330, feasible=true, active_stations=1
[2026-10-05 04:37:17.747] [info] [candidate.cpp:199] InstancePrecompute: built 50 candidates
[2026-10-05 04:37:17.747] [info] [stationary.cpp:264] NN: cost=26.137044, feasible=true, active_stations=1
[2026-10-05 04:37:17.747] [info] [candidate.cpp:199] InstancePrecompute: built 25 candidates
[2026-10-05 04:37:17.747] [info] [stationary.cpp:264] NN: cost=377.920317, feasible=true, active_stations=1
[2026-10-05 04:37:17.747] [info] [candidate.cpp:199] InstancePrecompute: built 25 candidates
[2026-10-05 04:37:17.747] [info] [stationary.cpp:264] NN: cost=1421.268433, feasible=true, active_stations=1
[2026-10-05 04:37:17.747] [info] [candidate.cpp:199] InstancePrecompute: built 25 candidates
[2026-10-05 04:37:17.747] [info] [stationary.cpp:264] NN: cost=1495.678996, feasible=true, active_stations=1
[2026-10-05 04:37:17.747] [info] [candidate.cpp:199] InstancePrecompute: built 25 candidates
[2026-10-05 04:37:17.747] [info] [stationary.cpp:264] NN: cost=1934.141241, feasible=true, active_stations=1
[2026-10-05 04:37:17.747] [info] [candidate.cpp:199] InstancePrecompute: built 50 candidates
[2026-10-05 04:37:17.747] [info] [stationary.cpp:264] NN: cost=112.282607, feasible=true, active_stations=1
[2026-10-05 04:37:17.747] [info] [candidate.cpp:199] InstancePrecompute: built 25 candidates
[2026-10-05 04:37:17.747] [info] [stationary.cpp:264] NN: cost=683.030298, feasible=true, active_stations=1
[2026-10-05 04:37:17.747] [info] [candidate.cpp:199] InstancePrecompute: built 25 candidates
[2026-10-05 04:37:17.747] [info] [stationary.cpp:264] NN: cost=43.739543, feasible=true, active_stations=1
[2026-10-05 04:37:17.747] [info] [candidate.cpp:199] InstancePrecompute: built 25 candidates
[2026-10-05 04:37:17.747] [info] [stationary.cpp:264] NN: cost=430.194405, feasible=true, active_stations=1
[2026-10-05 04:37:17.747] [info] [candidate.cpp:199] InstancePrecompute: built 25 candidates
[2026-10-05 04:37:17.747] [info] [stationary.cpp:264] NN: cost=73.877154, feasible=true, active_stations=1
[2026-10-05 04:37:17.747] [info] [candidate.cpp:199] InstancePrecompute: built 75 candidates
[2026-10-05 04:37:17.747] [info] [stationary.cpp:264] NN: cost=166.690330, feasible=true, active_stations=1
[2026-10-05 04:37:17.747] [info] [candidate.cpp:199] InstancePrecompute: built 25 candidates
[2026-10-05 04:37:17.747] [info] [stationary.cpp:264] NN: cost=377.920317, feasible=true, active_stations=1
[2026-10-05 04:37:17.747] [info] [candidate.cpp:199] InstancePrecompute: built 25 candidates
[2026-10-05 04:37:17.747] [info] [stationary.cpp:264] NN: cost=1421.268433, feasible=true, active_stations=1
[2026-10-05 04:37:17.747] [info] [candidate.cpp:199] InstancePrecompute: built 25 candidates
[2026-10-05 04:37:17.747] [info] [stationary.cpp:264] NN: cost=1495.678996, feasible=true, active_stations=1
[2026-10-05 04:37:17.747] [info] [candidate.cpp:199] InstancePrecompute: built 25 candidates
[2026-10-05 04:37:17.747] [info] [stationary.cpp:264] NN: cost=1934.141241, feasible=true, active_stations=1
[2026-10-05 04:37:17.747] [info] [candidate.cpp:199] InstancePrecompute: built 25 candidates
[2026-10-05 04:37:17.747] [info] [stationary.cpp:264] NN: cost=21.603067, feasible=true, active_stations=1
[2026-10-05 04:37:17.747] [info] [candidate.cpp:199] InstancePrecompute: built 25 candidates
[2026-10-05 04:37:17.747] [info] [stationary.cpp:264] NN: cost=112.282607, feasible=true, active_stations=1
[2026-10-05 04:37:17.747] [info] [candidate.cpp:199] InstancePrecompute: built 25 candidates
[2026-10-05 04:37:17.747] [info] [stationary.cpp:264] NN: cost=683.030298, feasible=true, active_stations=1
[2026-10-05 04:37:17.747] [info] [candidate.cpp:199] InstancePrecompute: built 25 candidates
[2026-10-05 04:37:17.747] [info] [stationary.cpp:264] NN: cost=43.739543, feasible=true, active_stations=1
[2026-10-05 04:37:17.747] [info] [candidate.cpp:199] InstancePrecompute: built 25 candidates
[2026-10-05 04:37:17.747] [info] [stationary.cpp:264] NN: cost=430.194405, feasible=true, active_stations=1
[2026-10-05 04:37:17.747] [info] [candidate.cpp:199] InstancePrecompute: built 25 candidates
[2026-10-05 04:37:17.747] [info] [stationary.cpp:264] NN: cost=73.877154, feasible=true, active_stations=1
[2026-10-05 04:37:17.747] [info] [candidate.cpp:199] InstancePrecompute: built 25 candidates
[2026-10-05 04:37:17.747] [info] [stationary.cpp:264] NN: cost=166.690330, feasible=true, active_stations=1
[2026-10-05 04:37:17.747] [info] [candidate.cpp:199] InstancePrecompute: built 50 candidates
[2026-10-05 04:37:17.747] [info] [stationary.cpp:264] NN: cost=26.137044, feasible=true, active_stations=1
[2026-10-05 04:37:17.747] [info] [candidate.cpp:199] InstancePrecompute: built 25 candidates
[2026-10-05 04:37:17.747] [info] [stationary.cpp:264] NN: cost=377.920317, feasible=true, active_stations=1
[2026-10-05 04:37:17.747] [info] [candidate.cpp:199] InstancePrecompute: built 25 candidates
[2026-10-05 04:37:17.747] [info] [stationary.cpp:264] NN: cost=1421.268433, feasible=true, active_stations=1
[2026-10-05 04:37:17.747] [info] [candidate.cpp:199] InstancePrecompute: built 25 candidates
[2026-10-05 04:37:17.747] [info] [stationary.cpp:264] NN: cost=1495.678996, feasible=true, active_stations=1
[2026-10-05 04:37:17.747] [info] [candidate.cpp:199] InstancePrecompute: built 25 candidates
[2026-10-05 04:37:17.747] [info] [stationary.cpp:264] NN: cost=1934.141241, feasible=true, active_stations=1
[2026-10-05 04:37:17.747] [info] [candidate.cpp:199] InstancePrecompute: built 50 candidates
[2026-10-05 04:37:17.747] [info] [stationary.cpp:264] NN: cost=112.282607, feasible=true, active_stations=1
[2026-10-05 04:37:17.747] [info] [candidate.cpp:199] InstancePrecompute: built 25 candidates
[2026-10-05 04:37:17.747] [info] [stationary.cpp:264] NN: cost=683.030298, feasible=true, active_stations=1
[2026-10-05 04:37:17.747] [info] [candidate.cpp:199] InstancePrecompute: built 25 candidates
[2026-10-05 04:37:17.747] [info] [stationary.cpp:264] NN: cost=430.194405, feasible=true, active_stations=1
[2026-10-05 04:37:17.747] [info] [candidate.cpp:199] InstancePrecompute: built 25 candidates
[2026-10-05 04:37:17.747] [info] [stationary.cpp:264] NN: cost=43.739543, feasible=true, active_stations=1
[2026-10-05 04:37:17.747] [info] [candidate.cpp:199] InstancePrecompute: built 25 candidates
[2026-10-05 04:37:17.747] [info] [stationary.cpp:264] NN: cost=73.877154, feasible=true, active_stations=1
[2026-10-05 04:37:17.747] [info] [candidate.cpp:199] InstancePrecompute: built 25 candidates
[2026-10-05 04:37:17.747] [info] [stationary.cpp:264] NN: cost=166.690330, feasible=true, active_stations=1
[2026-10-05 04:37:17.747] [info] [candidate.cpp:199] InstancePrecompute: built 50 candidates
[2026-10-05 04:37:17.747] [info] [stationary.cpp:264] NN: cost=26.137044, feasible=true, active_stations=1
[2026-10-05 04:37:17.747] [info] [candidate.cpp:199] InstancePrecompute: built 25 candidates
[2026-10-05 04:37:17.747] [info] [stationary.cpp:264] NN: cost=1421.268433, feasible=true, active_stations=1
[2026-10-05 04:37:17.747] [info] [candidate.cpp:199] InstancePrecompute: built 25 candidates
[2026-10-05 04:37:17.747] [info] [stationary.cpp:264] NN: cost=1495.678996, feasible=true, active_stations=1
[2026-10-05 04:37:17.747] [info] [candidate.cpp:199] InstancePrecompute: built 25 candidates
[2026-10-05 04:37:17.748] [info] [stationary.cpp:264] NN: cost=377.920317, feasible=true, active_stations=1
[2026-10-05 04:37:17.748] [info] [candidate.cpp:199] InstancePrecompute: built 25 candidates
[2026-10-05 04:37:17.748] [info] [stationary.cpp:264] NN: cost=1934.141241, feasible=true, active_stations=1
[2026-10-05 04:37:17.748] [info] [candidate.cpp:199] InstancePrecompute: built 50 candidates
[2026-10-05 04:37:17.748] [info] [stationary.cpp:264] NN: cost=112.282607, feasible=true, active_stations=1
[2026-10-05 04:37:17.748] [info] [candidate.cpp:199] InstancePrecompute: built 25 candidates
[2026-10-05 04:37:17.748] [info] [stationary.cpp:264] NN: cost=683.030298, feasible=true, active_stations=1
[2026-10-05 04:37:17.748] [info] [candidate.cpp:199] InstancePrecompute: built 25 candidates
[2026-10-05 04:37:17.748] [info] [stationary.cpp:264] NN: cost=430.194405, feasible=true, active_stations=1
[2026-10-05 04:37:17.748] [info] [candidate.cpp:199] InstancePrecompute: built 25 candidates
[2026-10-05 04:37:17.748] [info] [stationary.cpp:264] NN: cost=43.739543, feasible=true, active_stations=1
[2026-10-05 04:37:17.748] [info] [candidate.cpp:199] InstancePrecompute: built 25 candidates
[2026-10-05 04:37:17.748] [info] [stationary.cpp:264] NN: cost=73.877154, feasible=true, active_stations=1
[2026-10-05 04:37:17.748] [info] [candidate.cpp:199] InstancePrecompute: built 25 candidates
[2026-10-05 04:37:17.748] [info] [stationary.cpp:264] NN: cost=166.690330, feasible=true, active_stations=1
[2026-10-05 04:37:17.748] [info] [candidate.cpp:199] InstancePrecompute: built 50 candidates
[2026-10-05 04:37:17.748] [info] [stationary.cpp:264] NN: cost=26.137044, feasible=true, active_stations=1
[2026-10-05 04:37:17.748] [info] [candidate.cpp:199] InstancePrecompute: built 25 candidates
[2026-10-05 04:37:17.748] [info] [stationary.cpp:264] NN: cost=1421.268433, feasible=true, active_stations=1
[2026-10-05 04:37:17.748] [info] [candidate.cpp:199] InstancePrecompute: built 25 candidates
[2026-10-05 04:37:17.748] [info] [stationary.cpp:264] NN: cost=1495.678996, feasible=true, active_stations=1
[2026-10-05 04:37:17.748] [info] [candidate.cpp:199] InstancePrecompute: built 25 candidates
[2026-10-05 04:37:17.748] [info] [stationary.cpp:264] NN: cost=377.920317, feasible=true, active_stations=1
[2026-10-05 04:37:17.748] [info] [candidate.cpp:199] InstancePrecompute: built 25 candidates
[2026-10-05 04:37:17.748] [info] [stationary.cpp:264] NN: cost=1934.141241, feasible=true, active_stations=1
[2026-10-05 04:37:17.748] [info] [candidate.cpp:199] InstancePrecompute: built 50 candidates
[2026-10-05 04:37:17.748] [info] [stationary.cpp:264] NN: cost=112.282607, feasible=true, active_stations=1
[2026-10-05 04:37:17.748] [info] [candidate.cpp:199] InstancePrecompute: built 25 candidates
[2026-10-05 04:37:17.748] [info] [stationary.cpp:264] NN: cost=683.030298, feasible=true, active_stations=1
[2026-10-05 04:37:17.748] [info] [candidate.cpp:199] InstancePrecompute: built 25 candidates
[2026-10-05 04:37:17.748] [info] [stationary.cpp:264] NN: cost=430.194405, feasible=true, active_stations=1
[2026-10-05 04:37:17.748] [info] [candidate.cpp:199] InstancePrecompute: built 25 candidates
[2026-10-05 04:37:17.748] [info] [stationary.cpp:264] NN: cost=43.739543, feasible=true, active_stations=1
[2026-10-05 04:37:17.748] [info] [candidate.cpp:199] InstancePrecompute: built 25 candidates
[2026-10-05 04:37:17.748] [info] [stationary.cpp:264] NN: cost=73.877154, feasible=true, active_stations=1
[2026-10-05 04:37:17.748] [info] [candidate.cpp:199] InstancePrecompute: built 25 candidates
[2026-10-05 04:37:17.748] [info] [stationary.cpp:264] NN: cost=166.690330, feasible=true, active_stations=1
[2026-10-05 04:37:17.748] [info] [candidate.cpp:199] InstancePrecompute: built 50 candidates
[2026-10-05 04:37:17.748] [info] [stationary.cpp:264] NN: cost=26.137044, feasible=true, active_stations=1
[2026-10-05 04:37:17.748] [info] [candidate.cpp:199] InstancePrecompute: built 25 candidates
[2026-10-05 04:37:17.748] [info] [stationary.cpp:264] NN: cost=1421.268433, feasible=true, active_stations=1
[2026-10-05 04:37:17.748] [info] [candidate.cpp:199] InstancePrecompute: built 25 candidates
[2026-10-05 04:37:17.748] [info] [stationary.cpp:264] NN: cost=1495.678996, feasible=true, active_stations=1
[2026-10-05 04:37:17.748] [info] [candidate.cpp:199] InstancePrecompute: built 25 candidates
[2026-10-05 04:37:17.748] [info] [stationary.cpp:264] NN: cost=377.920317, feasible=true, active_stations=1
[2026-10-05 04:37:17.748] [info] [candidate.cpp:199] InstancePrecompute: built 25 candidates
[2026-10-05 04:37:17.748] [info] [stationary.cpp:264] NN: cost=1934.141241, feasible=true, active_stations=1
[2026-10-05 04:37:17.748] [info] [candidate.cpp:199] InstancePrecompute: built 50 candidates
[2026-10-05 04:37:17.748] [info] [stationary.cpp:264] NN: cost=112.282607, feasible=true, active_stations=1
[2026-10-05 04:37:17.748] [info] [candidate.cpp:199] InstancePrecompute: built 25 candidates
[2026-10-05 04:37:17.748] [info] [stationary.cpp:264] NN: cost=683.030298, feasible=true, active_stations=1
[2026-10-05 04:37:17.748] [info] [candidate.cpp:199] InstancePrecompute: built 25 candidates
[2026-10-05 04:37:17.748] [info] [stationary.cpp:264] NN: cost=430.194405, feasible=true, active_stations=1
[2026-10-05 04:37:17.748] [info] [candidate.cpp:199] InstancePrecompute: built 25 candidates
[2026-10-05 04:37:17.748] [info] [stationary.cpp:264] NN: cost=43.739543, feasible=true, active_stations=1
[2026-10-05 04:37:17.748] [info] [candidate.cpp:199] InstancePrecompute: built 25 candidates
[2026-10-05 04:37:17.748] [info] [stationary.cpp:264] NN: cost=73.877154, feasible=true, active_stations=1
[2026-10-05 04:37:17.748] [info] [candidate.cpp:199] InstancePrecompute: built 25 candidates
[2026-10-05 04:37:17.748] [info] [stationary.cpp:264] NN: cost=166.690330, feasible=true, active_stations=1
[2026-10-05 04:37:17.748] [info] [candidate.cpp:199] InstancePrecompute: built 50 candidates
[2026-10-05 04:37:17.748] [info] [stationary.cpp:264] NN: cost=26.137044, feasible=true, active_stations=1
[2026-10-05 04:37:17.748] [info] [candidate.cpp:199] InstancePrecompute: built 25 candidates
[2026-10-05 04:37:17.748] [info] [stationary.cpp:264] NN: cost=1421.268433, feasible=true, active_stations=1
[2026-10-05 04:37:17.748] [info] [candidate.cpp:199] InstancePrecompute: built 25 candidates
[2026-10-05 04:37:17.748] [info] [stationary.cpp:264] NN: cost=1495.678996, feasible=true, active_stations=1
[2026-10-05 04:37:17.748] [info] [candidate.cpp:199] InstancePrecompute: built 25 candidates
[2026-10-05 04:37:17.748] [info] [stationary.cpp:264] NN: cost=377.920317, feasible=true, active_stations=1
[2026-10-05 04:37:17.748] [info] [candidate.cpp:199] InstancePrecompute: built 25 candidates
[2026-10-05 04:37:17.748] [info] [stationary.cpp:264] NN: cost=1934.141241, feasible=true, active_stations=1
[2026-10-05 04:37:17.748] [info] [candidate.cpp:199] InstancePrecompute: built 50 candidates
[2026-10-05 04:37:17.748] [info] [stationary.cpp:264] NN: cost=112.282607, feasible=true, active_stations=1
[2026-10-05 04:37:17.748] [info] [candidate.cpp:199] InstancePrecompute: built 25 candidates
[2026-10-05 04:37:17.748] [info] [stationary.cpp:264] NN: cost=683.030298, feasible=true, active_stations=1
[2026-10-05 04:37:17.748] [info] [candidate.cpp:199] InstancePrecompute: built 25 candidates
[2026-10-05 04:37:17.748] [info] [stationary.cpp:264] NN: cost=430.194405, feasible=true, active_stations=1
[2026-10-05 04:37:17.748] [info] [candidate.cpp:199] InstancePrecompute: built 25 candidates
[2026-10-05 04:37:17.748] [info] [stationary.cpp:264] NN: cost=43.739543, feasible=true, active_stations=1
[2026-10-05 04:37:17.748] [info] [candidate.cpp:199] InstancePrecompute: built 25 candidates
[2026-10-05 04:37:17.748] [info] [stationary.cpp:264] NN: cost=73.877154, feasible=true, active_stations=1
[2026-10-05 04:37:17.748] [info] [candidate.cpp:199] InstancePrecompute: built 75 candidates
[2026-10-05 04:37:17.748] [info] [stationary.cpp:264] NN: cost=166.690330, feasible=true, active_stations=1
[2026-10-05 04:37:17.748] [info] [candidate.cpp:199] InstancePrecompute: built 25 candidates
[2026-10-05 04:37:17.748] [info] [stationary.cpp:264] NN: cost=1421.268433, feasible=true, active_stations=1
[2026-10-05 04:37:17.748] [info] [candidate.cpp:199] InstancePrecompute: built 25 candidates
[2026-10-05 04:37:17.748] [info] [stationary.cpp:264] NN: cost=1495.678996, feasible=true, active_stations=1
[2026-10-05 04:37:17.748] [info] [candidate.cpp:199] InstancePrecompute: built 25 candidates
[2026-10-05 04:37:17.748] [info] [stationary.cpp:264] NN: cost=377.920317, feasible=true, active_stations=1
[2026-10-05 04:37:17.748] [info] [candidate.cpp:199] InstancePrecompute: built 25 candidates
[2026-10-05 04:37:17.748] [info] [stationary.cpp:264] NN: cost=1934.141241, feasible=true, active_stations=1
[2026-10-05 04:37:17.748] [info] [candidate.cpp:199] InstancePrecompute: built 25 candidates
[2026-10-05 04:37:17.748] [info] [stationary.cpp:264] NN: cost=21.603067, feasible=true, active_stations=1
[2026-10-05 04:37:17.748] [info] [candidate.cpp:199] InstancePrecompute: built 25 candidates
[2026-10-05 04:37:17.748] [info] [stationary.cpp:264] NN: cost=112.282607, feasible=true, active_stations=1
[2026-10-05 04:37:17.748] [info] [candidate.cpp:199] InstancePrecompute: built 25 candidates
[2026-10-05 04:37:17.748] [info] [stationary.cpp:264] NN: cost=683.030298, feasible=true, active_stations=1
[2026-10-05 04:37:17.748] [info] [candidate.cpp:199] InstancePrecompute: built 25 candidates
[2026-10-05 04:37:17.748] [info] [stationary.cpp:264] NN: cost=430.194405, feasible=true, active_stations=1
[2026-10-05 04:37:17.748] [info] [candidate.cpp:199] InstancePrecompute: built 25 candidates
[2026-10-05 04:37:17.748] [info] [stationary.cpp:264] NN: cost=43.739543, feasible=true, active_stations=1
[2026-10-05 04:37:17.748] [info] [candidate.cpp:199] InstancePrecompute: built 25 candidates
[2026-10-05 04:37:17.748] [info] [stationary.cpp:264] NN: cost=73.877154, feasible=true, active_stations=1
[2026-10-05 04:37:17.748] [info] [candidate.cpp:199] InstancePrecompute: built 25 candidates
[2026-10-05 04:37:17.748] [info] [stationary.cpp:264] NN: cost=166.690330, feasible=true, active_stations=1
[2026-10-05 04:37:17.748] [info] [candidate.cpp:199] InstancePrecompute: built 50 candidates
[2026-10-05 04:37:17.748] [info] [stationary.cpp:264] NN: cost=26.137044, feasible=true, active_stations=1
[2026-10-05 04:37:17.748] [info] [candidate.cpp:199] InstancePrecompute: built 25 candidates
[2026-10-05 04:37:17.748] [info] [stationary.cpp:264] NN: cost=1421.268433, feasible=true, active_stations=1
[2026-10-05 04:37:17.748] [info] [candidate.cpp:199] InstancePrecompute: built 25 candidates
[2026-10-05 04:37:17.748] [info] [stationary.cpp:264] NN: cost=1495.678996, feasible=true, active_stations=1
[2026-10-05 04:37:17.748] [info] [candidate.cpp:199] InstancePrecompute: built 25 candidates
[2026-10-05 04:37:17.748] [info] [stationary.cpp:264] NN: cost=377.920317, feasible=true, active_stations=1
[2026-10-05 04:37:17.748] [info] [candidate.cpp:199] InstancePrecompute: built 25 candidates
[2026-10-05 04:37:17.748] [info] [stationary.cpp:264] NN: cost=1934.141241, feasible=true, active_stations=1
[2026-10-05 04:37:17.748] [info] [candidate.cpp:199] InstancePrecompute: built 50 candidates
[2026-10-05 04:37:17.748] [info] [stationary.cpp:264] NN: cost=112.282607, feasible=true, active_stations=1
[2026-10-05 04:37:17.748] [info] [candidate.cpp:199] InstancePrecompute: built 25 candidates
[2026-10-05 04:37:17.748] [info] [stationary.cpp:264] NN: cost=683.030298, feasible=true, active_stations=1
[2026-10-05 04:37:17.748] [info] [candidate.cpp:199] InstancePrecompute: built 25 candidates
[2026-10-05 04:37:17.748] [info] [stationary.cpp:264] NN: cost=430.194405, feasible=true, active_stations=1
[2026-10-05 04:37:17.748] [info] [candidate.cpp:199] InstancePrecompute: built 25 candidates
[2026-10-05 04:37:17.748] [info] [stationary.cpp:264] NN: cost=43.739543, feasible=true, active_stations=1
[2026-10-05 04:37:17.748] [info] [candidate.cpp:199] InstancePrecompute: built 25 candidates
[2026-10-05 04:37:17.748] [info] [stationary.cpp:264] NN: cost=73.877154, feasible=true, active_stations=1
[2026-10-05 04:37:17.748] [info] [candidate.cpp:199] InstancePrecompute: built 25 candidates
[2026-10-05 04:37:17.748] [info] [stationary.cpp:264] NN: cost=166.690330, feasible=true, active_stations=1
[2026-10-05 04:37:17.748] [info] [candidate.cpp:199] InstancePrecompute: built 50 candidates
[2026-10-05 04:37:17.748] [info] [stationary.cpp:264] NN: cost=26.137044, feasible=true, active_stations=1
[2026-10-05 04:37:17.748] [info] [candidate.cpp:199] InstancePrecompute: built 25 candidates
[2026-10-05 04:37:17.748] [info] [stationary.cpp:264] NN: cost=1421.268433, feasible=true, active_stations=1
[2026-10-05 04:37:17.748] [info] [candidate.cpp:199] InstancePrecompute: built 25 candidates
[2026-10-05 04:37:17.748] [info] [stationary.cpp:264] NN: cost=1495.678996, feasible=true, active_stations=1
[2026-10-05 04:37:17.748] [info] [candidate.cpp:199] InstancePrecompute: built 25 candidates
[2026-10-05 04:37:17.748] [info] [stationary.cpp:264] NN: cost=377.920317, feasible=true, active_stations=1
[2026-10-05 04:37:17.748] [info] [candidate.cpp:199] InstancePrecompute: built 25 candidates
[2026-10-05 04:37:17.748] [info] [stationary.cpp:264] NN: cost=1934.141241, feasible=true, active_stations=1
[2026-10-05 04:37:17.748] [info] [candidate.cpp:199] InstancePrecompute: built 50 candidates
[2026-10-05 04:37:17.748] [info] [stationary.cpp:264] NN: cost=112.282607, feasible=true, active_stations=1
[2026-10-05 04:37:17.748] [info] [candidate.cpp:199] InstancePrecompute: built 25 candidates
[2026-10-05 04:37:17.748] [info] [stationary.cpp:264] NN: cost=683.030298, feasible=true, active_stations=1
[2026-10-05 04:37:17.748] [info] [candidate.cpp:199] InstancePrecompute: built 25 candidates
[2026-10-05 04:37:17.748] [info] [stationary.cpp:264] NN: cost=430.194405, feasible=true, active_stations=1
[2026-10-05 04:37:17.748] [info] [candidate.cpp:199] InstancePrecompute: built 25 candidates
[2026-10-05 04:37:17.748] [info] [stationary.cpp:264] NN: cost=43.739543, feasible=true, active_stations=1
[2026-10-05 04:37:17.748] [info] [candidate.cpp:199] InstancePrecompute: built 25 candidates
[2026-10-05 04:37:17.748] [info] [stationary.cpp:264] NN: cost=73.877154, feasible=true, active_stations=1
[2026-10-05 04:37:17.748] [info] [candidate.cpp:199] InstancePrecompute: built 25 candidates
[2026-10-05 04:37:17.748] [info] [stationary.cpp:264] NN: cost=166.690330, feasible=true, active_stations=1
[2026-10-05 04:37:17.748] [info] [candidate.cpp:199] InstancePrecompute: built 50 candidates
[2026-10-05 04:37:17.748] [info] [stationary.cpp:264] NN: cost=26.137044, feasible=true, active_stations=1
[2026-10-05 04:37:17.748] [info] [candidate.cpp:199] InstancePrecompute: built 25 candidates
[2026-10-05 04:37:17.748] [info] [stationary.cpp:264] NN: cost=1421.268433, feasible=true, active_stations=1
[2026-10-05 04:37:17.748] [info] [candidate.cpp:199] InstancePrecompute: built 25 candidates
[2026-10-05 04:37:17.748] [info] [stationary.cpp:264] NN: cost=1495.678996, feasible=true, active_stations=1
[2026-10-05 04:37:17.748] [info] [candidate.cpp:199] InstancePrecompute: built 25 candidates
[2026-10-05 04:37:17.748] [info] [stationary.cpp:264] NN: cost=377.920317, feasible=true, active_stations=1
[2026-10-05 04:37:17.748] [info] [candidate.cpp:199] InstancePrecompute: built 25 candidates
[2026-10-05 04:37:17.748] [info] [stationary.cpp:264] NN: cost=1934.141241, feasible=true, active_stations=1
[2026-10-05 04:37:17.748] [info] [candidate.cpp:199] InstancePrecompute: built 50 candidates
[2026-10-05 04:37:17.748] [info] [stationary.cpp:264] NN: cost=112.282607, feasible=true, active_stations=1
[2026-10-05 04:37:17.748] [info] [candidate.cpp:199] InstancePrecompute: built 25 candidates
[2026-10-05 04:37:17.748] [info] [stationary.cpp:264] NN: cost=683.030298, feasible=true, active_stations=1
[2026-10-05 04:37:17.748] [info] [candidate.cpp:199] InstancePrecompute: built 25 candidates
[2026-10-05 04:37:17.748] [info] [stationary.cpp:264] NN: cost=430.194405, feasible=true, active_stations=1
[2026-10-05 04:37:17.748] [info] [candidate.cpp:199] InstancePrecompute: built 25 candidates
[2026-10-05 04:37:17.748] [info] [stationary.cpp:264] NN: cost=43.739543, feasible=true, active_stations=1
[2026-10-05 04:37:17.748] [info] [candidate.cpp:199] InstancePrecompute: built 25 candidates
[2026-10-05 04:37:17.748] [info] [stationary.cpp:264] NN: cost=73.877154, feasible=true, active_stations=1
[2026-10-05 04:37:17.748] [info] [candidate.cpp:199] InstancePrecompute: built 25 candidates
[2026-10-05 04:37:17.748] [info] [stationary.cpp:264] NN: cost=166.690330, feasible=true, active_stations=1
[2026-10-05 04:37:17.748] [info] [candidate.cpp:199] InstancePrecompute: built 50 candidates
[2026-10-05 04:37:17.748] [info] [stationary.cpp:264] NN: cost=26.137044, feasible=true, active_stations=1
[2026-10-05 04:37:17.748] [info] [candidate.cpp:199] InstancePrecompute: built 25 candidates
[2026-10-05 04:37:17.748] [info] [stationary.cpp:264] NN: cost=1421.268433, feasible=true, active_stations=1
[2026-10-05 04:37:17.748] [info] [candidate.cpp:199] InstancePrecompute: built 25 candidates
[2026-10-05 04:37:17.748] [info] [stationary.cpp:264] NN: cost=1495.678996, feasible=true, active_stations=1
[2026-10-05 04:37:17.748] [info] [candidate.cpp:199] InstancePrecompute: built 25 candidates
[2026-10-05 04:37:17.748] [info] [stationary.cpp:264] NN: cost=377.920317, feasible=true, active_stations=1
[2026-10-05 04:37:17.748] [info] [candidate.cpp:199] InstancePrecompute: built 25 candidates
[2026-10-05 04:37:17.748] [info] [stationary.cpp:264] NN: cost=1934.141241, feasible=true, active_stations=1
[2026-10-05 04:37:17.748] [info] [candidate.cpp:199] InstancePrecompute: built 50 candidates
[2026-10-05 04:37:17.748] [info] [stationary.cpp:264] NN: cost=112.282607, feasible=true, active_stations=1
[2026-10-05 04:37:17.748] [info] [candidate.cpp:199] InstancePrecompute: built 25 candidates
[2026-10-05 04:37:17.748] [info] [stationary.cpp:264] NN: cost=683.030298, feasible=true, active_stations=1
[2026-10-05 04:37:17.748] [info] [candidate.cpp:199] InstancePrecompute: built 25 candidates
[2026-10-05 04:37:17.748] [info] [stationary.cpp:264] NN: cost=430.194405, feasible=true, active_stations=1
[2026-10-05 04:37:17.748] [info] [candidate.cpp:199] InstancePrecompute: built 25 candidates
[2026-10-05 04:37:17.748] [info] [stationary.cpp:264] NN: cost=43.739543, feasible=true, active_stations=1
[2026-10-05 04:37:17.748] [info] [candidate.cpp:199] InstancePrecompute: built 25 candidates
[2026-10-05 04:37:17.748] [info] [stationary.cpp:264] NN: cost=73.877154, feasible=true, active_stations=1
[2026-10-05 04:37:17.748] [info] [candidate.cpp:199] InstancePrecompute: built 25 candidates
[2026-10-05 04:37:17.748] [info] [stationary.cpp:264] NN: cost=166.690330, feasible=true, active_stations=1
[2026-10-05 04:37:17.748] [info] [candidate.cpp:199] InstancePrecompute: built 50 candidates
[2026-10-05 04:37:17.748] [info] [stationary.cpp:264] NN: cost=26.137044, feasible=true, active_stations=1
[2026-10-05 04:37:17.748] [info] [candidate.cpp:199] InstancePrecompute: built 25 candidates
[2026-10-05 04:37:17.748] [info] [stationary.cpp:264] NN: cost=1421.268433, feasible=true, active_stations=1
[2026-10-05 04:37:17.748] [info] [candidate.cpp:199] InstancePrecompute: built 25 candidates
[2026-10-05 04:37:17.748] [info] [stationary.cpp:264] NN: cost=1495.678996, feasible=true, active_stations=1
[2026-10-05 04:37:17.748] [info] [candidate.cpp:199] InstancePrecompute: built 25 candidates
[2026-10-05 04:37:17.748] [info] [stationary.cpp:264] NN: cost=377.920317, feasible=true, active_stations=1
[2026-10-05 04:37:17.748] [info] [candidate.cpp:199] InstancePrecompute: built 25 candidates
[2026-10-05 04:37:17.748] [info] [stationary.cpp:264] NN: cost=1934.141241, feasible=true, active_stations=1
[2026-10-05 04:37:17.748] [info] [candidate.cpp:199] InstancePrecompute: built 50 candidates
[2026-10-05 04:37:17.748] [info] [stationary.cpp:264] NN: cost=112.282607, feasible=true, active_stations=1
[2026-10-05 04:37:17.748] [info] [candidate.cpp:199] InstancePrecompute: built 25 candidates
[2026-10-05 04:37:17.748] [info] [stationary.cpp:264] NN: cost=683.030298, feasible=true, active_stations=1
[2026-10-05 04:37:17.748] [info] [candidate.cpp:199] InstancePrecompute: built 25 candidates
[2026-10-05 04:37:17.748] [info] [stationary.cpp:264] NN: cost=430.194405, feasible=true, active_stations=1
[2026-10-05 04:37:17.748] [info] [candidate.cpp:199] InstancePrecompute: built 25 candidates
[2026-10-05 04:37:17.748] [info] [stationary.cpp:264] NN: cost=43.739543, feasible=true, active_stations=1
[2026-10-05 04:37:17.748] [info] [candidate.cpp:199] InstancePrecompute: built 25 candidates
[2026-10-05 04:37:17.748] [info] [stationary.cpp:264] NN: cost=73.877154, feasible=true, active_stations=1
[2026-10-05 04:37:17.748] [info] [candidate.cpp:199] InstancePrecompute: built 75 candidates
[2026-10-05 04:37:17.748] [info] [stationary.cpp:264] NN: cost=166.690330, feasible=true, active_stations=1
[2026-10-05 04:37:17.748] [info] [candidate.cpp:199] InstancePrecompute: built 25 candidates
[2026-10-05 04:37:17.748] [info] [stationary.cpp:264] NN: cost=1421.268433, feasible=true, active_stations=1
[2026-10-05 04:37:17.748] [info] [candidate.cpp:199] InstancePrecompute: built 25 candidates
[2026-10-05 04:37:17.748] [info] [stationary.cpp:264] NN: cost=1495.678996, feasible=true, active_stations=1
[2026-10-05 04:37:17.748] [info] [candidate.cpp:199] InstancePrecompute: built 25 candidates
[2026-10-05 04:37:17.748] [info] [stationary.cpp:264] NN: cost=377.920317, feasible=true, active_stations=1
[2026-10-05 04:37:17.748] [info] [candidate.cpp:199] InstancePrecompute: built 25 candidates
[2026-10-05 04:37:17.748] [info] [stationary.cpp:264] NN: cost=1934.141241, feasible=true, active_stations=1
[2026-10-05 04:37:17.748] [info] [candidate.cpp:199] InstancePrecompute: built 25 candidates
[2026-10-05 04:37:17.748] [info] [stationary.cpp:264] NN: cost=21.603067, feasible=true, active_stations=1
[2026-10-05 04:37:17.748] [info] [candidate.cpp:199] InstancePrecompute: built 25 candidates
[2026-10-05 04:37:17.748] [info] [stationary.cpp:264] NN: cost=112.282607, feasible=true, active_stations=1
[2026-10-05 04:37:17.748] [info] [candidate.cpp:199] InstancePrecompute: built 25 candidates
[2026-10-05 04:37:17.748] [info] [stationary.cpp:264] NN: cost=683.030298, feasible=true, active_stations=1
[2026-10-05 04:37:17.748] [info] [candidate.cpp:199] InstancePrecompute: built 25 candidates
[2026-10-05 04:37:17.748] [info] [stationary.cpp:264] NN: cost=430.194405, feasible=true, active_stations=1
[2026-10-05 04:37:17.748] [info] [candidate.cpp:199] InstancePrecompute: built 25 candidates
[2026-10-05 04:37:17.748] [info] [stationary.cpp:264] NN: cost=43.739543, feasible=true, active_stations=1
[2026-10-05 04:37:17.748] [info] [candidate.cpp:199] InstancePrecompute: built 25 candidates
[2026-10-05 04:37:17.748] [info] [stationary.cpp:264] NN: cost=73.877154, feasible=true, active_stations=1
[2026-10-05 04:37:17.748] [info] [candidate.cpp:199] InstancePrecompute: built 25 candidates
[2026-10-05 04:37:17.748] [info] [stationary.cpp:264] NN: cost=166.690330, feasible=true, active_stations=1
[2026-10-05 04:37:17.748] [info] [candidate.cpp:199] InstancePrecompute: built 50 candidates
[2026-10-05 04:37:17.748] [info] [stationary.cpp:264] NN: cost=26.137044, feasible=true, active_stations=1
[2026-10-05 04:37:17.748] [info] [candidate.cpp:199] InstancePrecompute: built 25 candidates
[2026-10-05 04:37:17.748] [info] [stationary.cpp:264] NN: cost=1421.268433, feasible=true, active_stations=1
[2026-10-05 04:37:17.748] [info] [candidate.cpp:199] InstancePrecompute: built 25 candidates
[2026-10-05 04:37:17.748] [info] [stationary.cpp:264] NN: cost=1495.678996, feasible=true, active_stations=1
[2026-10-05 04:37:17.748] [info] [candidate.cpp:199] InstancePrecompute: built 25 candidates
[2026-10-05 04:37:17.748] [info] [stationary.cpp:264] NN: cost=377.920317, feasible=true, active_stations=1
[2026-10-05 04:37:17.748] [info] [candidate.cpp:199] InstancePrecompute: built 25 candidates
[2026-10-05 04:37:17.748] [info] [stationary.cpp:264] NN: cost=1934.141241, feasible=true, active_stations=1
[2026-10-05 04:37:17.748] [info] [candidate.cpp:199] InstancePrecompute: built 25 candidates
[2026-10-05 04:37:17.748] [info] [stationary.cpp:264] NN: cost=21.603067, feasible=true, active_stations=1
[2026-10-05 04:37:17.748] [info] [candidate.cpp:199] InstancePrecompute: built 25 candidates
[2026-10-05 04:37:17.748] [info] [stationary.cpp:264] NN: cost=112.282607, feasible=true, active_stations=1
[2026-10-05 04:37:17.748] [info] [candidate.cpp:199] InstancePrecompute: built 25 candidates
[2026-10-05 04:37:17.748] [info] [stationary.cpp:264] NN: cost=683.030298, feasible=true, active_stations=1
[2026-10-05 04:37:17.748] [info] [candidate.cpp:199] InstancePrecompute: built 25 candidates
[2026-10-05 04:37:17.748] [info] [stationary.cpp:264] NN: cost=43.739543, feasible=true, active_stations=1
[2026-10-05 04:37:17.748] [info] [candidate.cpp:199] InstancePrecompute: built 25 candidates
[2026-10-05 04:37:17.748] [info] [stationary.cpp:264] NN: cost=73.877154, feasible=true, active_stations=1
[2026-10-05 04:37:17.748] [info] [candidate.cpp:199] InstancePrecompute: built 25 candidates
[2026-10-05 04:37:17.748] [info] [stationary.cpp:264] NN: cost=430.194405, feasible=true, active_stations=1
[2026-10-05 04:37:17.748] [info] [candidate.cpp:199] InstancePrecompute: built 25 candidates
[2026-10-05 04:37:17.748] [info] [stationary.cpp:264] NN: cost=166.690330, feasible=true, active_stations=1
[2026-10-05 04:37:17.748] [info] [candidate.cpp:199] InstancePrecompute: built 50 candidates
[2026-10-05 04:37:17.748] [info] [stationary.cpp:264] NN: cost=26.137044, feasible=true, active_stations=1
[2026-10-05 04:37:17.748] [info] [candidate.cpp:199] InstancePrecompute: built 25 candidates
[2026-10-05 04:37:17.748] [info] [stationary.cpp:264] NN: cost=1421.268433, feasible=true, active_stations=1
[2026-10-05 04:37:17.748] [info] [candidate.cpp:199] InstancePrecompute: built 25 candidates
[2026-10-05 04:37:17.748] [info] [stationary.cpp:264] NN: cost=377.920317, feasible=true, active_stations=1
[2026-10-05 04:37:17.748] [info] [candidate.cpp:199] InstancePrecompute: built 25 candidates
[2026-10-05 04:37:17.748] [info] [stationary.cpp:264] NN: cost=1495.678996, feasible=true, active_stations=1
[2026-10-05 04:37:17.748] [info] [candidate.cpp:199] InstancePrecompute: built 25 candidates
[2026-10-05 04:37:17.748] [info] [stationary.cpp:264] NN: cost=1934.141241, feasible=true, active_stations=1
[2026-10-05 04:37:17.748] [info] [candidate.cpp:199] InstancePrecompute: built 25 candidates
[2026-10-05 04:37:17.748] [info] [stationary.cpp:264] NN: cost=21.603067, feasible=true, active_stations=1
[2026-10-05 04:37:17.748] [info] [candidate.cpp:199] InstancePrecompute: built 25 candidates
[2026-10-05 04:37:17.748] [info] [stationary.cpp:264] NN: cost=112.282607, feasible=true, active_stations=1
[2026-10-05 04:37:17.748] [info] [candidate.cpp:199] InstancePrecompute: built 25 candidates
[2026-10-05 04:37:17.748] [info] [stationary.cpp:264] NN: cost=683.030298, feasible=true, active_stations=1
[2026-10-05 04:37:17.748] [info] [candidate.cpp:199] InstancePrecompute: built 25 candidates
[2026-10-05 04:37:17.748] [info] [stationary.cpp:264] NN: cost=43.739543, feasible=true, active_stations=1
[2026-10-05 04:37:17.748] [info] [candidate.cpp:199] InstancePrecompute: built 25 candidates
[2026-10-05 04:37:17.748] [info] [stationary.cpp:264] NN: cost=73.877154, feasible=true, active_stations=1
[2026-10-05 04:37:17.748] [info] [candidate.cpp:199] InstancePrecompute: built 25 candidates
[2026-10-05 04:37:17.748] [info] [stationary.cpp:264] NN: cost=430.194405, feasible=true, active_stations=1
[2026-10-05 04:37:17.748] [info] [candidate.cpp:199] InstancePrecompute: built 25 candidates
[2026-10-05 04:37:17.748] [info] [stationary.cpp:264] NN: cost=166.690330, feasible=true, active_stations=1
[2026-10-05 04:37:17.748] [info] [candidate.cpp:199] InstancePrecompute: built 50 candidates
[2026-10-05 04:37:17.748] [info] [stationary.cpp:264] NN: cost=26.137044, feasible=true, active_stations=1
[2026-10-05 04:37:17.748] [info] [candidate.cpp:199] InstancePrecompute: built 25 candidates
[2026-10-05 04:37:17.748] [info] [stationary.cpp:264] NN: cost=1421.268433, feasible=true, active_stations=1
[2026-10-05 04:37:17.748] [info] [candidate.cpp:199] InstancePrecompute: built 25 candidates
[2026-10-05 04:37:17.748] [info] [stationary.cpp:264] NN: cost=377.920317, feasible=true, active_stations=1
[2026-10-05 04:37:17.748] [info] [candidate.cpp:199] InstancePrecompute: built 25 candidates
[2026-10-05 04:37:17.748] [info] [stationary.cpp:264] NN: cost=1495.678996, feasible=true, active_stations=1
[2026-10-05 04:37:17.748] [info] [candidate.cpp:199] InstancePrecompute: built 25 candidates
[2026-10-05 04:37:17.748] [info] [stationary.cpp:264] NN: cost=1934.141241, feasible=true, active_stations=1
[2026-10-05 04:37:17.748] [info] [candidate.cpp:199] InstancePrecompute: built 25 candidates
[2026-10-05 04:37:17.748] [info] [stationary.cpp:264] NN: cost=21.603067, feasible=true, active_stations=1
[2026-10-05 04:37:17.748] [info] [candidate.cpp:199] InstancePrecompute: built 25 candidates
[2026-10-05 04:37:17.748] [info] [stationary.cpp:264] NN: cost=112.282607, feasible=true, active_stations=1
[2026-10-05 04:37:17.748] [info] [candidate.cpp:199] InstancePrecompute: built 25 candidates
[2026-10-05 04:37:17.748] [info] [stationary.cpp:264] NN: cost=683.030298, feasible=true, active_stations=1
[2026-10-05 04:37:17.748] [info] [candidate.cpp:199] InstancePrecompute: built 25 candidates
[2026-10-05 04:37:17.748] [info] [stationary.cpp:264] NN: cost=43.739543, feasible=true, active_stations=1
[2026-10-05 04:37:17.748] [info] [candidate.cpp:199] InstancePrecompute: built 25 candidates
[2026-10-05 04:37:17.749] [info] [stationary.cpp:264] NN: cost=73.877154, feasible=true, active_stations=1
[2026-10-05 04:37:17.749] [info] [candidate.cpp:199] InstancePrecompute: built 25 candidates
[2026-10-05 04:37:17.749] [info] [stationary.cpp:264] NN: cost=430.194405, feasible=true, active_stations=1
[2026-10-05 04:37:17.749] [info] [candidate.cpp:199] InstancePrecompute: built 25 candidates
[2026-10-05 04:37:17.749] [info] [stationary.cpp:264] NN: cost=166.690330, feasible=true, active_stations=1
[2026-10-05 04:37:17.749] [info] [candidate.cpp:199] InstancePrecompute: built 50 candidates
[2026-10-05 04:37:17.749] [info] [stationary.cpp:264] NN: cost=26.137044, feasible=true, active_stations=1
[2026-10-05 04:37:17.749] [info] [candidate.cpp:199] InstancePrecompute: built 25 candidates
[2026-10-05 04:37:17.749] [info] [stationary.cpp:264] NN: cost=1421.268433, feasible=true, active_stations=1
[2026-10-05 04:37:17.749] [info] [candidate.cpp:199] InstancePrecompute: built 25 candidates
[2026-10-05 04:37:17.749] [info] [stationary.cpp:264] NN: cost=377.920317, feasible=true, active_stations=1
[2026-10-05 04:37:17.749] [info] [candidate.cpp:199] InstancePrecompute: built 25 candidates
[2026-10-05 04:37:17.749] [info] [stationary.cpp:264] NN: cost=1495.678996, feasible=true, active_stations=1
[2026-10-05 04:37:17.749] [info] [candidate.cpp:199] InstancePrecompute: built 25 candidates
[2026-10-05 04:37:17.749] [info] [stationary.cpp:264] NN: cost=1934.141241, feasible=true, active_stations=1
[2026-10-05 04:37:17.749] [info] [candidate.cpp:199] InstancePrecompute: built 25 candidates
[2026-10-05 04:37:17.749] [info] [stationary.cpp:264] NN: cost=21.603067, feasible=true, active_stations=1
[2026-10-05 04:37:17.749] [info] [candidate.cpp:199] InstancePrecompute: built 25 candidates
[2026-10-05 04:37:17.749] [info] [stationary.cpp:264] NN: cost=112.282607, feasible=true, active_stations=1
[2026-10-05 04:37:17.749] [info] [candidate.cpp:199] InstancePrecompute: built 25 candidates
[2026-10-05 04:37:17.749] [info] [stationary.cpp:264] NN: cost=683.030298, feasible=true, active_stations=1
[2026-10-05 04:37:17.749] [info] [candidate.cpp:199] InstancePrecompute: built 25 candidates
[2026-10-05 04:37:17.749] [info] [stationary.cpp:264] NN: cost=43.739543, feasible=true, active_stations=1
[2026-10-05 04:37:17.749] [info] [candidate.cpp:199] InstancePrecompute: built 25 candidates
[2026-10-05 04:37:17.749] [info] [stationary.cpp:264] NN: cost=73.877154, feasible=true, active_stations=1
[2026-10-05 04:37:17.749] [info] [candidate.cpp:199] InstancePrecompute: built 25 candidates
[2026-10-05 04:37:17.749] [info] [stationary.cpp:264] NN: cost=430.194405, feasible=true, active_stations=1
[2026-10-05 04:37:17.749] [info] [candidate.cpp:199] InstancePrecompute: built 25 candidates
[2026-10-05 04:37:17.749] [info] [stationary.cpp:264] NN: cost=166.690330, feasible=true, active_stations=1
[2026-10-05 04:37:17.749] [info] [candidate.cpp:199] InstancePrecompute: built 50 candidates
[2026-10-05 04:37:17.749] [info] [stationary.cpp:264] NN: cost=26.137044, feasible=true, active_stations=1
[2026-10-05 04:37:17.749] [info] [candidate.cpp:199] InstancePrecompute: built 25 candidates
[2026-10-05 04:37:17.749] [info] [stationary.cpp:264] NN: cost=1421.268433, feasible=true, active_stations=1
[2026-10-05 04:37:17.749] [info] [candidate.cpp:199] InstancePrecompute: built 25 candidates
[2026-10-05 04:37:17.749] [info] [stationary.cpp:264] NN: cost=377.920317, feasible=true, active_stations=1
[2026-10-05 04:37:17.749] [info] [candidate.cpp:199] InstancePrecompute: built 25 candidates
[2026-10-05 04:37:17.749] [info] [stationary.cpp:264] NN: cost=1495.678996, feasible=true, active_stations=1
[2026-10-05 04:37:17.749] [info] [candidate.cpp:199] InstancePrecompute: built 25 candidates
[2026-10-05 04:37:17.749] [info] [stationary.cpp:264] NN: cost=1934.141241, feasible=true, active_stations=1
[2026-10-05 04:37:17.749] [info] [candidate.cpp:199] InstancePrecompute: built 25 candidates
[2026-10-05 04:37:17.749] [info] [stationary.cpp:264] NN: cost=21.603067, feasible=true, active_stations=1
[2026-10-05 04:37:17.749] [info] [candidate.cpp:199] InstancePrecompute: built 25 candidates
[2026-10-05 04:37:17.749] [info] [stationary.cpp:264] NN: cost=112.282607, feasible=true, active_stations=1
[2026-10-05 04:37:17.749] [info] [candidate.cpp:199] InstancePrecompute: built 25 candidates
[2026-10-05 04:37:17.749] [info] [stationary.cpp:264] NN: cost=683.030298, feasible=true, active_stations=1
[2026-10-05 04:37:17.749] [info] [candidate.cpp:199] InstancePrecompute: built 25 candidates
[2026-10-05 04:37:17.749] [info] [stationary.cpp:264] NN: cost=43.739543, feasible=true, active_stations=1
[2026-10-05 04:37:17.749] [info] [candidate.cpp:199] InstancePrecompute: built 25 candidates
[2026-10-05 04:37:17.749] [info] [stationary.cpp:264] NN: cost=73.877154, feasible=true, active_stations=1
[2026-10-05 04:37:17.749] [info] [candidate.cpp:199] InstancePrecompute: built 25 candidates
[2026-10-05 04:37:17.749] [info] [stationary.cpp:264] NN: cost=430.194405, feasible=true, active_stations=1
[2026-10-05 04:37:17.749] [info] [candidate.cpp:199] InstancePrecompute: built 75 candidates
[2026-10-05 04:37:17.749] [info] [stationary.cpp:264] NN: cost=166.690330, feasible=true, active_stations=1
[2026-10-05 04:37:17.749] [info] [candidate.cpp:199] InstancePrecompute: built 25 candidates
[2026-10-05 04:37:17.749] [info] [stationary.cpp:264] NN: cost=1421.268433, feasible=true, active_stations=1
[2026-10-05 04:37:17.749] [info] [candidate.cpp:199] InstancePrecompute: built 25 candidates
[2026-10-05 04:37:17.749] [info] [stationary.cpp:264] NN: cost=377.920317, feasible=true, active_stations=1
[2026-10-05 04:37:17.749] [info] [candidate.cpp:199] InstancePrecompute: built 25 candidates
[2026-10-05 04:37:17.749] [info] [stationary.cpp:264] NN: cost=1495.678996, feasible=true, active_stations=1
[2026-10-05 04:37:17.749] [info] [candidate.cpp:199] InstancePrecompute: built 25 candidates
[2026-10-05 04:37:17.749] [info] [stationary.cpp:264] NN: cost=1934.141241, feasible=true, active_stations=1
[2026-10-05 04:37:17.749] [info] [candidate.cpp:199] InstancePrecompute: built 25 candidates
[2026-10-05 04:37:17.749] [info] [stationary.cpp:264] NN: cost=21.603067, feasible=true, active_stations=1
[2026-10-05 04:37:17.749] [info] [candidate.cpp:199] InstancePrecompute: built 25 candidates
[2026-10-05 04:37:17.749] [info] [stationary.cpp:264] NN: cost=112.282607, feasible=true, active_stations=1
[2026-10-05 04:37:17.749] [info] [candidate.cpp:199] InstancePrecompute: built 25 candidates
[2026-10-05 04:37:17.749] [info] [stationary.cpp:264] NN: cost=683.030298, feasible=true, active_stations=1
[2026-10-05 04:37:17.749] [info] [candidate.cpp:199] InstancePrecompute: built 25 candidates
[2026-10-05 04:37:17.749] [info] [stationary.cpp:264] NN: cost=43.739543, feasible=true, active_stations=1
[2026-10-05 04:37:17.749] [info] [candidate.cpp:199] InstancePrecompute: built 25 candidates
[2026-10-05 04:37:17.749] [info] [stationary.cpp:264] NN: cost=73.877154, feasible=true, active_stations=1
[2026-10-05 04:37:17.749] [info] [candidate.cpp:199] InstancePrecompute: built 25 candidates
[2026-10-05 04:37:17.749] [info] [stationary.cpp:264] NN: cost=430.194405, feasible=true, active_stations=1
[2026-10-05 04:37:17.749] [info] [candidate.cpp:199] InstancePrecompute: built 25 candidates
[2026-10-05 04:37:17.749] [info] [stationary.cpp:264] NN: cost=166.690330, feasible=true, active_stations=1
[2026-10-05 04:37:17.749] [info] [candidate.cpp:199] InstancePrecompute: built 50 candidates
[2026-10-05 04:37:17.749] [info] [stationary.cpp:264] NN: cost=26.137044, feasible=true, active_stations=1
[2026-10-05 04:37:17.749] [info] [candidate.cpp:199] InstancePrecompute: built 25 candidates
[2026-10-05 04:37:17.749] [info] [stationary.cpp:264] NN: cost=1421.268433, feasible=true, active_stations=1
[2026-10-05 04:37:17.749] [info] [candidate.cpp:199] InstancePrecompute: built 25 candidates
[2026-10-05 04:37:17.749] [info] [stationary.cpp:264] NN: cost=377.920317, feasible=true, active_stations=1
[2026-10-05 04:37:17.749] [info] [candidate.cpp:199] InstancePrecompute: built 25 candidates
[2026-10-05 04:37:17.749] [info] [stationary.cpp:264] NN: cost=1495.678996, feasible=true, active_stations=1
[2026-10-05 04:37:17.749] [info] [candidate.cpp:199] InstancePrecompute: built 25 candidates
[2026-10-05 04:37:17.749] [info] [stationary.cpp:264] NN: cost=1934.141241, feasible=true, active_stations=1
[2026-10-05 04:37:17.749] [info] [candidate.cpp:199] InstancePrecompute: built 50 candidates
[2026-10-05 04:37:17.749] [info] [stationary.cpp:264] NN: cost=112.282607, feasible=true, active_stations=1
[2026-10-05 04:37:17.749] [info] [candidate.cpp:199] InstancePrecompute: built 25 candidates
[2026-10-05 04:37:17.749] [info] [stationary.cpp:264] NN: cost=683.030298, feasible=true, active_stations=1
[2026-10-05 04:37:17.749] [info] [candidate.cpp:199] InstancePrecompute: built 25 candidates
[2026-10-05 04:37:17.749] [info] [stationary.cpp:264] NN: cost=43.739543, feasible=true, active_stations=1
[2026-10-05 04:37:17.749] [info] [candidate.cpp:199] InstancePrecompute: built 25 candidates
[2026-10-05 04:37:17.749] [info] [stationary.cpp:264] NN: cost=430.194405, feasible=true, active_stations=1
[2026-10-05 04:37:17.749] [info] [candidate.cpp:199] InstancePrecompute: built 25 candidates
[2026-10-05 04:37:17.749] [info] [stationary.cpp:264] NN: cost=73.877154, feasible=true, active_stations=1
[2026-10-05 04:37:17.749] [info] [candidate.cpp:199] InstancePrecompute: built 25 candidates
[2026-10-05 04:37:17.749] [info] [stationary.cpp:264] NN: cost=166.690330, feasible=true, active_stations=1
[2026-10-05 04:37:17.749] [info] [candidate.cpp:199] InstancePrecompute: built 50 candidates
[2026-10-05 04:37:17.749] [info] [stationary.cpp:264] NN: cost=26.137044, feasible=true, active_stations=1
[2026-10-05 04:37:17.749] [info] [candidate.cpp:199] InstancePrecompute: built 25 candidates
[2026-10-05 04:37:17.749] [info] [stationary.cpp:264] NN: cost=1421.268433, feasible=true, active_stations=1
[2026-10-05 04:37:17.749] [info] [candidate.cpp:199] InstancePrecompute: built 25 candidates
[2026-10-05 04:37:17.749] [info] [stationary.cpp:264] NN: cost=377.920317, feasible=true, active_stations=1
[2026-10-05 04:37:17.749] [info] [candidate.cpp:199] InstancePrecompute: built 25 candidates
[2026-10-05 04:37:17.749] [info] [stationary.cpp:264] NN: cost=1495.678996, feasible=true, active_stations=1
[2026-10-05 04:37:17.749] [info] [candidate.cpp:199] InstancePrecompute: built 25 candidates
[2026-10-05 04:37:17.749] [info] [stationary.cpp:264] NN: cost=1934.141241, feasible=true, active_stations=1
[2026-10-05 04:37:17.749] [info] [candidate.cpp:199] InstancePrecompute: built 50 candidates
[2026-10-05 04:37:17.749] [info] [stationary.cpp:264] NN: cost=112.282607, feasible=true, active_stations=1
[2026-10-05 04:37:17.749] [info] [candidate.cpp:199] InstancePrecompute: built 25 candidates
[2026-10-05 04:37:17.749] [info] [stationary.cpp:264] NN: cost=683.030298, feasible=true, active_stations=1
[2026-10-05 04:37:17.749] [info] [candidate.cpp:199] InstancePrecompute: built 25 candidates
[2026-10-05 04:37:17.749] [info] [stationary.cpp:264] NN: cost=43.739543, feasible=true, active_stations=1
[2026-10-05 04:37:17.749] [info] [candidate.cpp:199] InstancePrecompute: built 25 candidates
[2026-10-05 04:37:17.749] [info] [stationary.cpp:264] NN: cost=430.194405, feasible=true, active_stations=1
[2026-10-05 04:37:17.749] [info] [candidate.cpp:199] InstancePrecompute: built 25 candidates
[2026-10-05 04:37:17.749] [info] [stationary.cpp:264] NN: cost=73.877154, feasible=true, active_stations=1
[2026-10-05 04:37:17.749] [info] [candidate.cpp:199] InstancePrecompute: built 75 candidates
[2026-10-05 04:37:17.749] [info] [stationary.cpp:264] NN: cost=166.690330, feasible=true, active_stations=1
[2026-10-05 04:37:17.749] [info] [candidate.cpp:199] InstancePrecompute: built 25 candidates
[2026-10-05 04:37:17.749] [info] [stationary.cpp:264] NN: cost=1421.268433, feasible=true, active_stations=1
[2026-10-05 04:37:17.749] [info] [candidate.cpp:199] InstancePrecompute: built 25 candidates
[2026-10-05 04:37:17.749] [info] [stationary.cpp:264] NN: cost=377.920317, feasible=true, active_stations=1
[2026-10-05 04:37:17.749] [info] [candidate.cpp:199] InstancePrecompute: built 25 candidates
[2026-10-05 04:37:17.749] [info] [stationary.cpp:264] NN: cost=1495.678996, feasible=true, active_stations=1
[2026-10-05 04:37:17.749] [info] [candidate.cpp:199] InstancePrecompute: built 25 candidates
[2026-10-05 04:37:17.749] [info] [stationary.cpp:264] NN: cost=1934.141241, feasible=true, active_stations=1
[2026-10-05 04:37:17.749] [info] [candidate.cpp:199] InstancePrecompute: built 50 candidates
[2026-10-05 04:37:17.749] [info] [stationary.cpp:264] NN: cost=112.282607, feasible=true, active_stations=1
[2026-10-05 04:37:17.749] [info] [candidate.cpp:199] InstancePrecompute: built 25 candidates
[2026-10-05 04:37:17.749] [info] [stationary.cpp:264] NN: cost=683.030298, feasible=true, active_stations=1
[2026-10-05 04:37:17.749] [info] [candidate.cpp:199] InstancePrecompute: built 25 candidates
[2026-10-05 04:37:17.749] [info] [stationary.cpp:264] NN: cost=43.739543, feasible=true, active_stations=1
[2026-10-05 04:37:17.749] [info] [candidate.cpp:199] InstancePrecompute: built 25 candidates
[2026-10-05 04:37:17.749] [info] [stationary.cpp:264] NN: cost=430.194405, feasible=true, active_stations=1
[2026-10-05 04:37:17.749] [info] [candidate.cpp:199] InstancePrecompute: built 25 candidates
[2026-10-05 04:37:17.749] [info] [stationary.cpp:264] NN: cost=73.877154, feasible=true, active_stations=1
[2026-10-05 04:37:17.749] [info] [candidate.cpp:199] InstancePrecompute: built 50 candidates
[2026-10-05 04:37:17.749] [info] [stationary.cpp:264] NN: cost=166.690330, feasible=true, active_stations=1
[2026-10-05 04:37:17.749] [info] [candidate.cpp:199] InstancePrecompute: built 25 candidates
[2026-10-05 04:37:17.749] [info] [stationary.cpp:264] NN: cost=26.137044, feasible=true, active_stations=1
[2026-10-05 04:37:17.749] [info] [candidate.cpp:199] InstancePrecompute: built 25 candidates
[2026-10-05 04:37:17.749] [info] [stationary.cpp:264] NN: cost=1421.268433, feasible=true, active_stations=1
[2026-10-05 04:37:17.749] [info] [candidate.cpp:199] InstancePrecompute: built 25 candidates
[2026-10-05 04:37:17.749] [info] [stationary.cpp:264] NN: cost=377.920317, feasible=true, active_stations=1
[2026-10-05 04:37:17.749] [info] [candidate.cpp:199] InstancePrecompute: built 25 candidates
[2026-10-05 04:37:17.749] [info] [stationary.cpp:264] NN: cost=1495.678996, feasible=true, active_stations=1
[2026-10-05 04:37:17.749] [info] [candidate.cpp:199] InstancePrecompute: built 25 candidates
[2026-10-05 04:37:17.749] [info] [stationary.cpp:264] NN: cost=1934.141241, feasible=true, active_stations=1
[2026-10-05 04:37:17.749] [info] [candidate.cpp:199] InstancePrecompute: built 50 candidates
[2026-10-05 04:37:17.749] [info] [stationary.cpp:264] NN: cost=112.282607, feasible=true, active_stations=1
[2026-10-05 04:37:17.749] [info] [candidate.cpp:199] InstancePrecompute: built 25 candidates
[2026-10-05 04:37:17.749] [info] [stationary.cpp:264] NN: cost=683.030298, feasible=true, active_stations=1
[2026-10-05 04:37:17.749] [info] [candidate.cpp:199] InstancePrecompute: built 25 candidates
[2026-10-05 04:37:17.749] [info] [stationary.cpp:264] NN: cost=43.739543, feasible=true, active_stations=1
[2026-10-05 04:37:17.749] [info] [candidate.cpp:199] InstancePrecompute: built 25 candidates
[2026-10-05 04:37:17.749] [info] [stationary.cpp:264] NN: cost=430.194405, feasible=true, active_stations=1
[2026-10-05 04:37:17.749] [info] [candidate.cpp:199] InstancePrecompute: built 25 candidates
[2026-10-05 04:37:17.749] [info] [stationary.cpp:264] NN: cost=73.877154, feasible=true, active_stations=1
[2026-10-05 04:37:17.749] [info] [candidate.cpp:199] InstancePrecompute: built 25 candidates
[2026-10-05 04:37:17.749] [info] [stationary.cpp:264] NN: cost=166.690330, feasible=true, active_stations=1
[2026-10-05 04:37:17.749] [info] [candidate.cpp:199] InstancePrecompute: built 50 candidates
[2026-10-05 04:37:17.749] [info] [stationary.cpp:264] NN: cost=26.137044, feasible=true, active_stations=1
[2026-10-05 04:37:17.749] [info] [candidate.cpp:199] InstancePrecompute: built 25 candidates
[2026-10-05 04:37:17.749] [info] [stationary.cpp:264] NN: cost=1421.268433, feasible=true, active_stations=1
[2026-10-05 04:37:17.749] [info] [candidate.cpp:199] InstancePrecompute: built 25 candidates
[2026-10-05 04:37:17.749] [info] [stationary.cpp:264] NN: cost=377.920317, feasible=true, active_stations=1
[2026-10-05 04:37:17.749] [info] [candidate.cpp:199] InstancePrecompute: built 25 candidates
[2026-10-05 04:37:17.749] [info] [stationary.cpp:264] NN: cost=1495.678996, feasible=true, active_stations=1
[2026-10-05 04:37:17.749] [info] [candidate.cpp:199] InstancePrecompute: built 25 candidates
[2026-10-05 04:37:17.749] [info] [stationary.cpp:264] NN: cost=1934.141241, feasible=true, active_stations=1
[2026-10-05 04:37:17.749] [info] [candidate.cpp:199] InstancePrecompute: built 25 candidates
[2026-10-05 04:37:17.749] [info] [stationary.cpp:264] NN: cost=21.603067, feasible=true, active_stations=1
[2026-10-05 04:37:17.749] [info] [candidate.cpp:199] InstancePrecompute: built 25 candidates
[2026-10-05 04:37:17.749] [info] [stationary.cpp:264] NN: cost=112.282607, feasible=true, active_stations=1
[2026-10-05 04:37:17.749] [info] [candidate.cpp:199] InstancePrecompute: built 25 candidates
[2026-10-05 04:37:17.749] [info] [stationary.cpp:264] NN: cost=683.030298, feasible=true, active_stations=1
[2026-10-05 04:37:17.749] [info] [candidate.cpp:199] InstancePrecompute: built 25 candidates
[2026-10-05 04:37:17.749] [info] [stationary.cpp:264] NN: cost=43.739543, feasible=true, active_stations=1
[2026-10-05 04:37:17.749] [info] [candidate.cpp:199] InstancePrecompute: built 25 candidates
[2026-10-05 04:37:17.749] [info] [stationary.cpp:264] NN: cost=430.194405, feasible=true, active_stations=1
[2026-10-05 04:37:17.749] [info] [candidate.cpp:199] InstancePrecompute: built 25 candidates
[2026-10-05 04:37:17.749] [info] [stationary.cpp:264] NN: cost=73.877154, feasible=true, active_stations=1
[2026-10-05 04:37:17.749] [info] [candidate.cpp:199] InstancePrecompute: built 25 candidates
[2026-10-05 04:37:17.749] [info] [stationary.cpp:264] NN: cost=166.690330, feasible=true, active_stations=1
[2026-10-05 04:37:17.749] [info] [candidate.cpp:199] InstancePrecompute: built 50 candidates
[2026-10-05 04:37:17.749] [info] [stationary.cpp:264] NN: cost=26.137044, feasible=true, active_stations=1
[2026-10-05 04:37:17.749] [info] [candidate.cpp:199] InstancePrecompute: built 25 candidates
[2026-10-05 04:37:17.749] [info] [stationary.cpp:264] NN: cost=1421.268433, feasible=true, active_stations=1
[2026-10-05 04:37:17.749] [info] [candidate.cpp:199] InstancePrecompute: built 25 candidates
[2026-10-05 04:37:17.749] [info] [stationary.cpp:264] NN: cost=377.920317, feasible=true, active_stations=1
[2026-10-05 04:37:17.749] [info] [candidate.cpp:199] InstancePrecompute: built 25 candidates
[2026-10-05 04:37:17.749] [info] [stationary.cpp:264] NN: cost=1495.678996, feasible=true, active_stations=1
[2026-10-05 04:37:17.749] [info] [candidate.cpp:199] InstancePrecompute: built 25 candidates
[2026-10-05 04:37:17.749] [info] [stationary.cpp:264] NN: cost=1934.141241, feasible=true, active_stations=1
[2026-10-05 04:37:17.749] [info] [candidate.cpp:199] InstancePrecompute: built 50 candidates
[2026-10-05 04:37:17.749] [info] [stationary.cpp:264] NN: cost=112.282607, feasible=true, active_stations=1
[2026-10-05 04:37:17.749] [info] [candidate.cpp:199] InstancePrecompute: built 25 candidates
[2026-10-05 04:37:17.749] [info] [stationary.cpp:264] NN: cost=683.030298, feasible=true, active_stations=1
[2026-10-05 04:37:17.749] [info] [candidate.cpp:199] InstancePrecompute: built 25 candidates
[2026-10-05 04:37:17.749] [info] [stationary.cpp:264] NN: cost=43.739543, feasible=true, active_stations=1
[2026-10-05 04:37:17.749] [info] [candidate.cpp:199] InstancePrecompute: built 25 candidates
[2026-10-05 04:37:17.749] [info] [stationary.cpp:264] NN: cost=430.194405, feasible=true, active_stations=1
[2026-10-05 04:37:17.749] [info] [candidate.cpp:199] InstancePrecompute: built 25 candidates
[2026-10-05 04:37:17.749] [info] [stationary.cpp:264] NN: cost=73.877154, feasible=true, active_stations=1
[2026-10-05 04:37:17.749] [info] [candidate.cpp:199] InstancePrecompute: built 25 candidates
[2026-10-05 04:37:17.749] [info] [stationary.cpp:264] NN: cost=166.690330, feasible=true, active_stations=1
[2026-10-05 04:37:17.749] [info] [candidate.cpp:199] InstancePrecompute: built 50 candidates
[2026-10-05 04:37:17.749] [info] [stationary.cpp:264] NN: cost=26.137044, feasible=true, active_stations=1
[2026-10-05 04:37:17.749] [info] [candidate.cpp:199] InstancePrecompute: built 25 candidates
[2026-10-05 04:37:17.749] [info] [stationary.cpp:264] NN: cost=1421.268433, feasible=true, active_stations=1
[2026-10-05 04:37:17.749] [info] [candidate.cpp:199] InstancePrecompute: built 25 candidates
[2026-10-05 04:37:17.749] [info] [stationary.cpp:264] NN: cost=377.920317, feasible=true, active_stations=1
[2026-10-05 04:37:17.749] [info] [candidate.cpp:199] InstancePrecompute: built 25 candidates
[2026-10-05 04:37:17.749] [info] [stationary.cpp:264] NN: cost=1495.678996, feasible=true, active_stations=1
[2026-10-05 04:37:17.749] [info] [candidate.cpp:199] InstancePrecompute: built 25 candidates
[2026-10-05 04:37:17.749] [info] [stationary.cpp:264] NN: cost=1934.141241, feasible=true, active_stations=1
[2026-10-05 04:37:17.749] [info] [candidate.cpp:199] InstancePrecompute: built 50 candidates
[2026-10-05 04:37:17.749] [info] [stationary.cpp:264] NN: cost=112.282607, feasible=true, active_stations=1
[2026-10-05 04:37:17.749] [info] [candidate.cpp:199] InstancePrecompute: built 25 candidates
[2026-10-05 04:37:17.749] [info] [stationary.cpp:264] NN: cost=683.030298, feasible=true, active_stations=1
[2026-10-05 04:37:17.749] [info] [candidate.cpp:199] InstancePrecompute: built 25 candidates
[2026-10-05 04:37:17.749] [info] [stationary.cpp:264] NN: cost=43.739543, feasible=true, active_stations=1
[2026-10-05 04:37:17.749] [info] [candidate.cpp:199] InstancePrecompute: built 25 candidates
[2026-10-05 04:37:17.749] [info] [stationary.cpp:264] NN: cost=430.194405, feasible=true, active_stations=1
[2026-10-05 04:37:17.749] [info] [candidate.cpp:199] InstancePrecompute: built 25 candidates
[2026-10-05 04:37:17.749] [info] [stationary.cpp:264] NN: cost=73.877154, feasible=true, active_stations=1
[2026-10-05 04:37:17.749] [info] [candidate.cpp:199] InstancePrecompute: built 25 candidates
[2026-10-05 04:37:17.749] [info] [stationary.cpp:264] NN: cost=166.690330, feasible=true, active_stations=1
[2026-10-05 04:37:17.749] [info] [candidate.cpp:199] InstancePrecompute: built 50 candidates
[2026-10-05 04:37:17.749] [info] [stationary.cpp:264] NN: cost=26.137044, feasible=true, active_stations=1
[2026-10-05 04:37:17.749] [info] [candidate.cpp:199] InstancePrecompute: built 25 candidates
[2026-10-05 04:37:17.749] [info] [stationary.cpp:264] NN: cost=1421.268433, feasible=true, active_stations=1
[2026-10-05 04:37:17.749] [info] [candidate.cpp:199] InstancePrecompute: built 25 candidates
[2026-10-05 04:37:17.749] [info] [stationary.cpp:264] NN: cost=377.920317, feasible=true, active_stations=1
[2026-10-05 04:37:17.749] [info] [candidate.cpp:199] InstancePrecompute: built 25 candidates
[2026-10-05 04:37:17.749] [info] [stationary.cpp:264] NN: cost=1495.678996, feasible=true, active_stations=1
[2026-10-05 04:37:17.749] [info] [candidate.cpp:199] InstancePrecompute: built 25 candidates
[2026-10-05 04:37:17.749] [info] [stationary.cpp:264] NN: cost=1934.141241, feasible=true, active_stations=1
[2026-10-05 04:37:17.749] [info] [candidate.cpp:199] InstancePrecompute: built 50 candidates
[2026-10-05 04:37:17.749] [info] [stationary.cpp:264] NN: cost=112.282607, feasible=true, active_stations=1
[2026-10-05 04:37:17.749] [info] [candidate.cpp:199] InstancePrecompute: built 25 candidates
[2026-10-05 04:37:17.749] [info] [stationary.cpp:264] NN: cost=683.030298, feasible=true, active_stations=1
[2026-10-05 04:37:17.749] [info] [candidate.cpp:199] InstancePrecompute: built 25 candidates
[2026-10-05 04:37:17.749] [info] [stationary.cpp:264] NN: cost=43.739543, feasible=true, active_stations=1
[2026-10-05 04:37:17.749] [info] [candidate.cpp:199] InstancePrecompute: built 25 candidates
[2026-10-05 04:37:17.749] [info] [stationary.cpp:264] NN: cost=430.194405, feasible=true, active_stations=1
[2026-10-05 04:37:17.749] [info] [candidate.cpp:199] InstancePrecompute: built 25 candidates
[2026-10-05 04:37:17.749] [info] [stationary.cpp:264] NN: cost=73.877154, feasible=true, active_stations=1
[2026-10-05 04:37:17.749] [info] [candidate.cpp:199] InstancePrecompute: built 25 candidates
[2026-10-05 04:37:17.749] [info] [stationary.cpp:264] NN: cost=166.690330, feasible=true, active_stations=1
[2026-10-05 04:37:17.749] [info] [candidate.cpp:199] InstancePrecompute: built 50 candidates
[2026-10-05 04:37:17.749] [info] [stationary.cpp:264] NN: cost=26.137044, feasible=true, active_stations=1
[2026-10-05 04:37:17.749] [info] [candidate.cpp:199] InstancePrecompute: built 25 candidates
[2026-10-05 04:37:17.749] [info] [stationary.cpp:264] NN: cost=1421.268433, feasible=true, active_stations=1
[2026-10-05 04:37:17.749] [info] [candidate.cpp:199] InstancePrecompute: built 25 candidates
[2026-10-05 04:37:17.749] [info] [stationary.cpp:264] NN: cost=377.920317, feasible=true, active_stations=1
[2026-10-05 04:37:17.749] [info] [candidate.cpp:199] InstancePrecompute: built 25 candidates
[2026-10-05 04:37:17.749] [info] [stationary.cpp:264] NN: cost=1495.678996, feasible=true, active_stations=1
[2026-10-05 04:37:17.749] [info] [candidate.cpp:199] InstancePrecompute: built 25 candidates
[2026-10-05 04:37:17.749] [info] [stationary.cpp:264] NN: cost=1934.141241, feasible=true, active_stations=1
[2026-10-05 04:37:17.749] [info] [candidate.cpp:199] InstancePrecompute: built 50 candidates
[2026-10-05 04:37:17.749] [info] [stationary.cpp:264] NN: cost=112.282607, feasible=true, active_stations=1
[2026-10-05 04:37:17.749] [info] [candidate.cpp:199] InstancePrecompute: built 25 candidates
[2026-10-05 04:37:17.749] [info] [stationary.cpp:264] NN: cost=683.030298, feasible=true, active_stations=1
[2026-10-05 04:37:17.749] [info] [candidate.cpp:199] InstancePrecompute: built 25 candidates
[2026-10-05 04:37:17.749] [info] [stationary.cpp:264] NN: cost=43.739543, feasible=true, active_stations=1
[2026-10-05 04:37:17.749] [info] [candidate.cpp:199] InstancePrecompute: built 25 candidates
[2026-10-05 04:37:17.749] [info] [stationary.cpp:264] NN: cost=430.194405, feasible=true, active_stations=1
[2026-10-05 04:37:17.749] [info] [candidate.cpp:199] InstancePrecompute: built 25 candidates
[2026-10-05 04:37:17.749] [info] [stationary.cpp:264] NN: cost=73.877154, feasible=true, active_stations=1
[2026-10-05 04:37:17.749] [info] [candidate.cpp:199] InstancePrecompute: built 75 candidates
[2026-10-05 04:37:17.749] [info] [stationary.cpp:264] NN: cost=166.690330, feasible=true, active_stations=1
[2026-10-05 04:37:17.749] [info] [candidate.cpp:199] InstancePrecompute: built 25 candidates
[2026-10-05 04:37:17.749] [info] [stationary.cpp:264] NN: cost=1421.268433, feasible=true, active_stations=1
[2026-10-05 04:37:17.749] [info] [candidate.cpp:199] InstancePrecompute: built 25 candidates
[2026-10-05 04:37:17.749] [info] [stationary.cpp:264] NN: cost=377.920317, feasible=true, active_stations=1
[2026-10-05 04:37:17.749] [info] [candidate.cpp:199] InstancePrecompute: built 25 candidates
[2026-10-05 04:37:17.749] [info] [stationary.cpp:264] NN: cost=1495.678996, feasible=true, active_stations=1
[2026-10-05 04:37:17.749] [info] [candidate.cpp:199] InstancePrecompute: built 25 candidates
[2026-10-05 04:37:17.749] [info] [stationary.cpp:264] NN: cost=1934.141241, feasible=true, active_stations=1
[2026-10-05 04:37:17.749] [info] [candidate.cpp:199] InstancePrecompute: built 50 candidates
[2026-10-05 04:37:17.749] [info] [stationary.cpp:264] NN: cost=112.282607, feasible=true, active_stations=1
[2026-10-05 04:37:17.749] [info] [candidate.cpp:199] InstancePrecompute: built 25 candidates
[2026-10-05 04:37:17.749] [info] [stationary.cpp:264] NN: cost=683.030298, feasible=true, active_stations=1
[2026-10-05 04:37:17.749] [info] [candidate.cpp:199] InstancePrecompute: built 25 candidates
[2026-10-05 04:37:17.749] [info] [stationary.cpp:264] NN: cost=43.739543, feasible=true, active_stations=1
[2026-10-05 04:37:17.749] [info] [candidate.cpp:199] InstancePrecompute: built 25 candidates
[2026-10-05 04:37:17.749] [info] [stationary.cpp:264] NN: cost=430.194405, feasible=true, active_stations=1
[2026-10-05 04:37:17.749] [info] [candidate.cpp:199] InstancePrecompute: built 25 candidates
[2026-10-05 04:37:17.749] [info] [stationary.cpp:264] NN: cost=73.877154, feasible=true, active_stations=1
[2026-10-05 04:37:17.749] [info] [candidate.cpp:199] InstancePrecompute: built 50 candidates
[2026-10-05 04:37:17.749] [info] [stationary.cpp:264] NN: cost=166.690330, feasible=true, active_stations=1
[2026-10-05 04:37:17.749] [info] [candidate.cpp:199] InstancePrecompute: built 25 candidates
[2026-10-05 04:37:17.749] [info] [stationary.cpp:264] NN: cost=26.137044, feasible=true, active_stations=1
[2026-10-05 04:37:17.749] [info] [candidate.cpp:199] InstancePrecompute: built 25 candidates
[2026-10-05 04:37:17.749] [info] [stationary.cpp:264] NN: cost=1421.268433, feasible=true, active_stations=1
[2026-10-05 04:37:17.749] [info] [candidate.cpp:199] InstancePrecompute: built 25 candidates
[2026-10-05 04:37:17.749] [info] [stationary.cpp:264] NN: cost=377.920317, feasible=true, active_stations=1
[2026-10-05 04:37:17.749] [info] [candidate.cpp:199] InstancePrecompute: built 25 candidates
[2026-10-05 04:37:17.750] [info] [stationary.cpp:264] NN: cost=1495.678996, feasible=true, active_stations=1
[2026-10-05 04:37:17.750] [info] [candidate.cpp:199] InstancePrecompute: built 25 candidates
[2026-10-05 04:37:17.750] [info] [stationary.cpp:264] NN: cost=1934.141241, feasible=true, active_stations=1
[2026-10-05 04:37:17.750] [info] [candidate.cpp:199] InstancePrecompute: built 50 candidates
[2026-10-05 04:37:17.750] [info] [stationary.cpp:264] NN: cost=112.282607, feasible=true, active_stations=1
[2026-10-05 04:37:17.750] [info] [candidate.cpp:199] InstancePrecompute: built 25 candidates
[2026-10-05 04:37:17.750] [info] [stationary.cpp:264] NN: cost=683.030298, feasible=true, active_stations=1
[2026-10-05 04:37:17.750] [info] [candidate.cpp:199] InstancePrecompute: built 25 candidates
[2026-10-05 04:37:17.750] [info] [stationary.cpp:264] NN: cost=43.739543, feasible=true, active_stations=1
[2026-10-05 04:37:17.750] [info] [candidate.cpp:199] InstancePrecompute: built 25 candidates
[2026-10-05 04:37:17.750] [info] [stationary.cpp:264] NN: cost=430.194405, feasible=true, active_stations=1
[2026-10-05 04:37:17.750] [info] [candidate.cpp:199] InstancePrecompute: built 25 candidates
[2026-10-05 04:37:17.750] [info] [stationary.cpp:264] NN: cost=73.877154, feasible=true, active_stations=1
[2026-10-05 04:37:17.750] [info] [candidate.cpp:199] InstancePrecompute: built 25 candidates
[2026-10-05 04:37:17.750] [info] [stationary.cpp:264] NN: cost=166.690330, feasible=true, active_stations=1
[2026-10-05 04:37:17.750] [info] [candidate.cpp:199] InstancePrecompute: built 50 candidates
[2026-10-05 04:37:17.750] [info] [stationary.cpp:264] NN: cost=26.137044, feasible=true, active_stations=1
[2026-10-05 04:37:17.750] [info] [candidate.cpp:199] InstancePrecompute: built 25 candidates
[2026-10-05 04:37:17.750] [info] [stationary.cpp:264] NN: cost=1421.268433, feasible=true, active_stations=1
[2026-10-05 04:37:17.750] [info] [candidate.cpp:199] InstancePrecompute: built 25 candidates
[2026-10-05 04:37:17.750] [info] [stationary.cpp:264] NN: cost=377.920317, feasible=true, active_stations=1
[2026-10-05 04:37:17.750] [info] [candidate.cpp:199] InstancePrecompute: built 25 candidates
[2026-10-05 04:37:17.750] [info] [stationary.cpp:264] NN: cost=1495.678996, feasible=true, active_stations=1
[2026-10-05 04:37:17.750] [info] [candidate.cpp:199] InstancePrecompute: built 25 candidates
[2026-10-05 04:37:17.750] [info] [stationary.cpp:264] NN: cost=1934.141241, feasible=true, active_stations=1
[2026-10-05 04:37:17.750] [info] [candidate.cpp:199] InstancePrecompute: built 25 candidates
[2026-10-05 04:37:17.750] [info] [stationary.cpp:264] NN: cost=21.603067, feasible=true, active_stations=1
[2026-10-05 04:37:17.750] [info] [candidate.cpp:199] InstancePrecompute: built 25 candidates
[2026-10-05 04:37:17.750] [info] [stationary.cpp:264] NN: cost=112.282607, feasible=true, active_stations=1
[2026-10-05 04:37:17.750] [info] [candidate.cpp:199] InstancePrecompute: built 25 candidates
[2026-10-05 04:37:17.750] [info] [stationary.cpp:264] NN: cost=683.030298, feasible=true, active_stations=1
[2026-10-05 04:37:17.750] [info] [candidate.cpp:199] InstancePrecompute: built 25 candidates
[2026-10-05 04:37:17.750] [info] [stationary.cpp:264] NN: cost=43.739543, feasible=true, active_stations=1
[2026-10-05 04:37:17.750] [info] [candidate.cpp:199] InstancePrecompute: built 25 candidates
[2026-10-05 04:37:17.750] [info] [stationary.cpp:264] NN: cost=430.194405, feasible=true, active_stations=1
[2026-10-05 04:37:17.750] [info] [candidate.cpp:199] InstancePrecompute: built 25 candidates
[2026-10-05 04:37:17.750] [info] [stationary.cpp:264] NN: cost=73.877154, feasible=true, active_stations=1
[2026-10-05 04:37:17.750] [info] [candidate.cpp:199] InstancePrecompute: built 25 candidates
[2026-10-05 04:37:17.750] [info] [stationary.cpp:264] NN: cost=166.690330, feasible=true, active_stations=1
[2026-10-05 04:37:17.750] [info] [candidate.cpp:199] InstancePrecompute: built 50 candidates
[2026-10-05 04:37:17.750] [info] [stationary.cpp:264] NN: cost=26.137044, feasible=true, active_stations=1
[2026-10-05 04:37:17.750] [info] [candidate.cpp:199] InstancePrecompute: built 25 candidates
[2026-10-05 04:37:17.750] [info] [stationary.cpp:264] NN: cost=1421.268433, feasible=true, active_stations=1
[2026-10-05 04:37:17.750] [info] [candidate.cpp:199] InstancePrecompute: built 25 candidates
[2026-10-05 04:37:17.750] [info] [stationary.cpp:264] NN: cost=377.920317, feasible=true, active_stations=1
[2026-10-05 04:37:17.750] [info] [candidate.cpp:199] InstancePrecompute: built 25 candidates
[2026-10-05 04:37:17.750] [info] [stationary.cpp:264] NN: cost=1495.678996, feasible=true, active_stations=1
[2026-10-05 04:37:17.750] [info] [candidate.cpp:199] InstancePrecompute: built 25 candidates
[2026-10-05 04:37:17.750] [info] [stationary.cpp:264] NN: cost=1934.141241, feasible=true, active_stations=1
[2026-10-05 04:37:17.750] [info] [candidate.cpp:199] InstancePrecompute: built 50 candidates
[2026-10-05 04:37:17.750] [info] [stationary.cpp:264] NN: cost=112.282607, feasible=true, active_stations=1
[2026-10-05 04:37:17.750] [info] [candidate.cpp:199] InstancePrecompute: built 25 candidates
[2026-10-05 04:37:17.750] [info] [stationary.cpp:264] NN: cost=683.030298, feasible=true, active_stations=1
[2026-10-05 04:37:17.750] [info] [candidate.cpp:199] InstancePrecompute: built 25 candidates
[2026-10-05 04:37:17.750] [info] [stationary.cpp:264] NN: cost=43.739543, feasible=true, active_stations=1
[2026-10-05 04:37:17.750] [info] [candidate.cpp:199] InstancePrecompute: built 25 candidates
[2026-10-05 04:37:17.750] [info] [stationary.cpp:264] NN: cost=430.194405, feasible=true, active_stations=1
[2026-10-05 04:37:17.750] [info] [candidate.cpp:199] InstancePrecompute: built 25 candidates
[2026-10-05 04:37:17.750] [info] [stationary.cpp:264] NN: cost=73.877154, feasible=true, active_stations=1
[2026-10-05 04:37:17.750] [info] [candidate.cpp:199] InstancePrecompute: built 25 candidates
[2026-10-05 04:37:17.750] [info] [stationary.cpp:264] NN: cost=166.690330, feasible=true, active_stations=1
[2026-10-05 04:37:17.750] [info] [candidate.cpp:199] InstancePrecompute: built 50 candidates
[2026-10-05 04:37:17.750] [info] [stationary.cpp:264] NN: cost=26.137044, feasible=true, active_stations=1
[2026-10-05 04:37:17.750] [info] [candidate.cpp:199] InstancePrecompute: built 25 candidates
[2026-10-05 04:37:17.750] [info] [stationary.cpp:264] NN: cost=1421.268433, feasible=true, active_stations=1
[2026-10-05 04:37:17.750] [info] [candidate.cpp:199] InstancePrecompute: built 25 candidates
[2026-10-05 04:37:17.750] [info] [stationary.cpp:264] NN: cost=377.920317, feasible=true, active_stations=1
[2026-10-05 04:37:17.750] [info] [candidate.cpp:199] InstancePrecompute: built 25 candidates
[2026-10-05 04:37:17.750] [info] [stationary.cpp:264] NN: cost=1495.678996, feasible=true, active_stations=1
[2026-10-05 04:37:17.750] [info] [candidate.cpp:199] InstancePrecompute: built 25 candidates
[2026-10-05 04:37:17.750] [info] [stationary.cpp:264] NN: cost=1934.141241, feasible=true, active_stations=1
[2026-10-05 04:37:17.750] [info] [candidate.cpp:199] InstancePrecompute: built 50 candidates
[2026-10-05 04:37:17.750] [info] [stationary.cpp:264] NN: cost=112.282607, feasible=true, active_stations=1
[2026-10-05 04:37:17.750] [info] [candidate.cpp:199] InstancePrecompute: built 25 candidates
[2026-10-05 04:37:17.750] [info] [stationary.cpp:264] NN: cost=683.030298, feasible=true, active_stations=1
[2026-10-05 04:37:17.750] [info] [candidate.cpp:199] InstancePrecompute: built 25 candidates
[2026-10-05 04:37:17.750] [info] [stationary.cpp:264] NN: cost=43.739543, feasible=true, active_stations=1
[2026-10-05 04:37:17.750] [info] [candidate.cpp:199] InstancePrecompute: built 25 candidates
[2026-10-05 04:37:17.750] [info] [stationary.cpp:264] NN: cost=430.194405, feasible=true, active_stations=1
[2026-10-05 04:37:17.750] [info] [candidate.cpp:199] InstancePrecompute: built 25 candidates
[2026-10-05 04:37:17.750] [info] [stationary.cpp:264] NN: cost=73.877154, feasible=true, active_stations=1
[2026-10-05 04:37:17.750] [info] [candidate.cpp:199] InstancePrecompute: built 25 candidates
[2026-10-05 04:37:17.750] [info] [stationary.cpp:264] NN: cost=166.690330, feasible=true, active_stations=1
[2026-10-05 04:37:17.750] [info] [candidate.cpp:199] InstancePrecompute: built 50 candidates
[2026-10-05 04:37:17.750] [info] [stationary.cpp:264] NN: cost=26.137044, feasible=true, active_stations=1
[2026-10-05 04:37:17.750] [info] [candidate.cpp:199] InstancePrecompute: built 25 candidates
[2026-10-05 04:37:17.750] [info] [stationary.cpp:264] NN: cost=1421.268433, feasible=true, active_stations=1
[2026-10-05 04:37:17.750] [info] [candidate.cpp:199] InstancePrecompute: built 25 candidates
[2026-10-05 04:37:17.750] [info] [stationary.cpp:264] NN: cost=377.920317, feasible=true, active_stations=1
[2026-10-05 04:37:17.750] [info] [candidate.cpp:199] InstancePrecompute: built 25 candidates
[2026-10-05 04:37:17.750] [info] [stationary.cpp:264] NN: cost=1495.678996, feasible=true, active_stations=1
[2026-10-05 04:37:17.750] [info] [candidate.cpp:199] InstancePrecompute: built 25 candidates
[2026-10-05 04:37:17.750] [info] [stationary.cpp:264] NN: cost=1934.141241, feasible=true, active_stations=1
[2026-10-05 04:37:17.750] [info] [candidate.cpp:199] InstancePrecompute: built 50 candidates
[2026-10-05 04:37:17.750] [info] [stationary.cpp:264] NN: cost=112.282607, feasible=true, active_stations=1
[2026-10-05 04:37:17.750] [info] [candidate.cpp:199] InstancePrecompute: built 25 candidates
[2026-10-05 04:37:17.750] [info] [stationary.cpp:264] NN: cost=683.030298, feasible=true, active_stations=1
[2026-10-05 04:37:17.750] [info] [candidate.cpp:199] InstancePrecompute: built 25 candidates
[2026-10-05 04:37:17.750] [info] [stationary.cpp:264] NN: cost=430.194405, feasible=true, active_stations=1
[2026-10-05 04:37:17.750] [info] [candidate.cpp:199] InstancePrecompute: built 25 candidates
[2026-10-05 04:37:17.750] [info] [stationary.cpp:264] NN: cost=43.739543, feasible=true, active_stations=1
[2026-10-05 04:37:17.750] [info] [candidate.cpp:199] InstancePrecompute: built 25 candidates
[2026-10-05 04:37:17.750] [info] [stationary.cpp:264] NN: cost=73.877154, feasible=true, active_stations=1
[2026-10-05 04:37:17.750] [info] [candidate.cpp:199] InstancePrecompute: built 25 candidates
[2026-10-05 04:37:17.750] [info] [stationary.cpp:264] NN: cost=166.690330, feasible=true, active_stations=1
[2026-10-05 04:37:17.750] [info] [candidate.cpp:199] InstancePrecompute: built 50 candidates
[2026-10-05 04:37:17.750] [info] [stationary.cpp:264] NN: cost=26.137044, feasible=true, active_stations=1
[2026-10-05 04:37:17.750] [info] [candidate.cpp:199] InstancePrecompute: built 25 candidates
[2026-10-05 04:37:17.750] [info] [stationary.cpp:264] NN: cost=1421.268433, feasible=true, active_stations=1
[2026-10-05 04:37:17.750] [info] [candidate.cpp:199] InstancePrecompute: built 25 candidates
[2026-10-05 04:37:17.750] [info] [stationary.cpp:264] NN: cost=377.920317, feasible=true, active_stations=1
[2026-10-05 04:37:17.750] [info] [candidate.cpp:199] InstancePrecompute: built 25 candidates
[2026-10-05 04:37:17.750] [info] [stationary.cpp:264] NN: cost=1495.678996, feasible=true, active_stations=1
[2026-10-05 04:37:17.750] [info] [candidate.cpp:199] InstancePrecompute: built 25 candidates
[2026-10-05 04:37:17.750] [info] [stationary.cpp:264] NN: cost=1934.141241, feasible=true, active_stations=1
[2026-10-05 04:37:17.750] [info] [candidate.cpp:199] InstancePrecompute: built 50 candidates
[2026-10-05 04:37:17.750] [info] [stationary.cpp:264] NN: cost=112.282607, feasible=true, active_stations=1
[2026-10-05 04:37:17.750] [info] [candidate.cpp:199] InstancePrecompute: built 25 candidates
[2026-10-05 04:37:17.750] [info] [stationary.cpp:264] NN: cost=683.030298, feasible=true, active_stations=1
[2026-10-05 04:37:17.750] [info] [candidate.cpp:199] InstancePrecompute: built 25 candidates
[2026-10-05 04:37:17.750] [info] [stationary.cpp:264] NN: cost=430.194405, feasible=true, active_stations=1
[2026-10-05 04:37:17.750] [info] [candidate.cpp:199] InstancePrecompute: built 25 candidates
[2026-10-05 04:37:17.750] [info] [stationary.cpp:264] NN: cost=43.739543, feasible=true, active_stations=1
[2026-10-05 04:37:17.750] [info] [candidate.cpp:199] InstancePrecompute: built 25 candidates
[2026-10-05 04:37:17.750] [info] [stationary.cpp:264] NN: cost=73.877154, feasible=true, active_stations=1
[2026-10-05 04:37:17.750] [info] [candidate.cpp:199] InstancePrecompute: built 75 candidates
[2026-10-05 04:37:17.750] [info] [stationary.cpp:264] NN: cost=166.690330, feasible=true, active_stations=1
[2026-10-05 04:37:17.750] [info] [candidate.cpp:199] InstancePrecompute: built 25 candidates
[2026-10-05 04:37:17.750] [info] [stationary.cpp:264] NN: cost=1421.268433, feasible=true, active_stations=1
[2026-10-05 04:37:17.750] [info] [candidate.cpp:199] InstancePrecompute: built 25 candidates
[2026-10-05 04:37:17.750] [info] [stationary.cpp:264] NN: cost=377.920317, feasible=true, active_stations=1
[2026-10-05 04:37:17.750] [info] [candidate.cpp:199] InstancePrecompute: built 25 candidates
[2026-10-05 04:37:17.750] [info] [stationary.cpp:264] NN: cost=1495.678996, feasible=true, active_stations=1
[2026-10-05 04:37:17.750] [info] [candidate.cpp:199] InstancePrecompute: built 25 candidates
[2026-10-05 04:37:17.750] [info] [stationary.cpp:264] NN: cost=1934.141241, feasible=true, active_stations=1
[2026-10-05 04:37:17.750] [info] [candidate.cpp:199] InstancePrecompute: built 50 candidates
[2026-10-05 04:37:17.750] [info] [stationary.cpp:264] NN: cost=112.282607, feasible=true, active_stations=1
[2026-10-05 04:37:17.750] [info] [candidate.cpp:199] InstancePrecompute: built 25 candidates
[2026-10-05 04:37:17.750] [info] [stationary.cpp:264] NN: cost=683.030298, feasible=true, active_stations=1
[2026-10-05 04:37:17.750] [info] [candidate.cpp:199] InstancePrecompute: built 25 candidates
[2026-10-05 04:37:17.750] [info] [stationary.cpp:264] NN: cost=430.194405, feasible=true, active_stations=1
[2026-10-05 04:37:17.750] [info] [candidate.cpp:199] InstancePrecompute: built 25 candidates
[2026-10-05 04:37:17.750] [info] [stationary.cpp:264] NN: cost=43.739543, feasible=true, active_stations=1
[2026-10-05 04:37:17.750] [info] [candidate.cpp:199] InstancePrecompute: built 25 candidates
[2026-10-05 04:37:17.750] [info] [stationary.cpp:264] NN: cost=73.877154, feasible=true, active_stations=1
[2026-10-05 04:37:17.750] [info] [candidate.cpp:199] InstancePrecompute: built 50 candidates
[2026-10-05 04:37:17.750] [info] [stationary.cpp:264] NN: cost=166.690330, feasible=true, active_stations=1
[2026-10-05 04:37:17.750] [info] [candidate.cpp:199] InstancePrecompute: built 25 candidates
[2026-10-05 04:37:17.750] [info] [stationary.cpp:264] NN: cost=26.137044, feasible=true, active_stations=1
[2026-10-05 04:37:17.750] [info] [candidate.cpp:199] InstancePrecompute: built 25 candidates
[2026-10-05 04:37:17.750] [info] [stationary.cpp:264] NN: cost=1421.268433, feasible=true, active_stations=1
[2026-10-05 04:37:17.750] [info] [candidate.cpp:199] InstancePrecompute: built 25 candidates
[2026-10-05 04:37:17.750] [info] [stationary.cpp:264] NN: cost=377.920317, feasible=true, active_stations=1
[2026-10-05 04:37:17.750] [info] [candidate.cpp:199] InstancePrecompute: built 25 candidates
[2026-10-05 04:37:17.750] [info] [stationary.cpp:264] NN: cost=1495.678996, feasible=true, active_stations=1
[2026-10-05 04:37:17.750] [info] [candidate.cpp:199] InstancePrecompute: built 25 candidates
[2026-10-05 04:37:17.750] [info] [stationary.cpp:264] NN: cost=1934.141241, feasible=true, active_stations=1
[2026-10-05 04:37:17.750] [info] [candidate.cpp:199] InstancePrecompute: built 50 candidates
[2026-10-05 04:37:17.750] [info] [stationary.cpp:264] NN: cost=112.282607, feasible=true, active_stations=1
[2026-10-05 04:37:17.750] [info] [candidate.cpp:199] InstancePrecompute: built 25 candidates
[2026-10-05 04:37:17.750] [info] [stationary.cpp:264] NN: cost=683.030298, feasible=true, active_stations=1
[2026-10-05 04:37:17.750] [info] [candidate.cpp:199] InstancePrecompute: built 25 candidates
[2026-10-05 04:37:17.750] [info] [stationary.cpp:264] NN: cost=430.194405, feasible=true, active_stations=1
[2026-10-05 04:37:17.750] [info] [candidate.cpp:199] InstancePrecompute: built 25 candidates
[2026-10-05 04:37:17.750] [info] [stationary.cpp:264] NN: cost=43.739543, feasible=true, active_stations=1
[2026-10-05 04:37:17.750] [info] [candidate.cpp:199] InstancePrecompute: built 25 candidates
[2026-10-05 04:37:17.750] [info] [stationary.cpp:264] NN: cost=73.877154, feasible=true, active_stations=1
[2026-10-05 04:37:17.750] [info] [candidate.cpp:199] InstancePrecompute: built 25 candidates
[2026-10-05 04:37:17.750] [info] [stationary.cpp:264] NN: cost=166.690330, feasible=true, active_stations=1
[2026-10-05 04:37:17.750] [info] [candidate.cpp:199] InstancePrecompute: built 50 candidates
[2026-10-05 04:37:17.750] [info] [stationary.cpp:264] NN: cost=26.137044, feasible=true, active_stations=1
[2026-10-05 04:37:17.750] [info] [candidate.cpp:199] InstancePrecompute: built 25 candidates
[2026-10-05 04:37:17.750] [info] [stationary.cpp:264] NN: cost=1421.268433, feasible=true, active_stations=1
[2026-10-05 04:37:17.750] [info] [candidate.cpp:199] InstancePrecompute: built 25 candidates
[2026-10-05 04:37:17.750] [info] [stationary.cpp:264] NN: cost=377.920317, feasible=true, active_stations=1
[2026-10-05 04:37:17.750] [info] [candidate.cpp:199] InstancePrecompute: built 25 candidates
[2026-10-05 04:37:17.750] [info] [stationary.cpp:264] NN: cost=1495.678996, feasible=true, active_stations=1
[2026-10-05 04:37:17.750] [info] [candidate.cpp:199] InstancePrecompute: built 25 candidates
[2026-10-05 04:37:17.750] [info] [stationary.cpp:264] NN: cost=1934.141241, feasible=true, active_stations=1
[2026-10-05 04:37:17.750] [info] [candidate.cpp:199] InstancePrecompute: built 25 candidates
[2026-10-05 04:37:17.750] [info] [stationary.cpp:264] NN: cost=21.603067, feasible=true, active_stations=1
[2026-10-05 04:37:17.750] [info] [candidate.cpp:199] InstancePrecompute: built 25 candidates
[2026-10-05 04:37:17.750] [info] [stationary.cpp:264] NN: cost=112.282607, feasible=true, active_stations=1
[2026-10-05 04:37:17.750] [info] [candidate.cpp:199] InstancePrecompute: built 25 candidates
[2026-10-05 04:37:17.750] [info] [stationary.cpp:264] NN: cost=683.030298, feasible=true, active_stations=1
[2026-10-05 04:37:17.750] [info] [candidate.cpp:199] InstancePrecompute: built 25 candidates
[2026-10-05 04:37:17.750] [info] [stationary.cpp:264] NN: cost=430.194405, feasible=true, active_stations=1
[2026-10-05 04:37:17.750] [info] [candidate.cpp:199] InstancePrecompute: built 25 candidates
[2026-10-05 04:37:17.750] [info] [stationary.cpp:264] NN: cost=43.739543, feasible=true, active_stations=1
[2026-10-05 04:37:17.750] [info] [candidate.cpp:199] InstancePrecompute: built 25 candidates
[2026-10-05 04:37:17.750] [info] [stationary.cpp:264] NN: cost=73.877154, feasible=true, active_stations=1
[2026-10-05 04:37:17.750] [info] [candidate.cpp:199] InstancePrecompute: built 25 candidates
[2026-10-05 04:37:17.750] [info] [stationary.cpp:264] NN: cost=166.690330, feasible=true, active_stations=1
[2026-10-05 04:37:17.750] [info] [candidate.cpp:199] InstancePrecompute: built 50 candidates
[2026-10-05 04:37:17.750] [info] [stationary.cpp:264] NN: cost=26.137044, feasible=true, active_stations=1
[2026-10-05 04:37:17.750] [info] [candidate.cpp:199] InstancePrecompute: built 25 candidates
[2026-10-05 04:37:17.750] [info] [stationary.cpp:264] NN: cost=1421.268433, feasible=true, active_stations=1
[2026-10-05 04:37:17.750] [info] [candidate.cpp:199] InstancePrecompute: built 25 candidates
[2026-10-05 04:37:17.750] [info] [stationary.cpp:264] NN: cost=377.920317, feasible=true, active_stations=1
[2026-10-05 04:37:17.750] [info] [candidate.cpp:199] InstancePrecompute: built 25 candidates
[2026-10-05 04:37:17.750] [info] [stationary.cpp:264] NN: cost=1495.678996, feasible=true, active_stations=1
[2026-10-05 04:37:17.750] [info] [candidate.cpp:199] InstancePrecompute: built 25 candidates
[2026-10-05 04:37:17.750] [info] [stationary.cpp:264] NN: cost=1934.141241, feasible=true, active_stations=1
[2026-10-05 04:37:17.750] [info] [candidate.cpp:199] InstancePrecompute: built 50 candidates
[2026-10-05 04:37:17.750] [info] [stationary.cpp:264] NN: cost=112.282607, feasible=true, active_stations=1
[2026-10-05 04:37:17.750] [info] [candidate.cpp:199] InstancePrecompute: built 25 candidates
[2026-10-05 04:37:17.750] [info] [stationary.cpp:264] NN: cost=683.030298, feasible=true, active_stations=1
[2026-10-05 04:37:17.750] [info] [candidate.cpp:199] InstancePrecompute: built 25 candidates
[2026-10-05 04:37:17.750] [info] [stationary.cpp:264] NN: cost=430.194405, feasible=true, active_stations=1
[2026-10-05 04:37:17.750] [info] [candidate.cpp:199] InstancePrecompute: built 25 candidates
[2026-10-05 04:37:17.750] [info] [stationary.cpp:264] NN: cost=43.739543, feasible=true, active_stations=1
[2026-10-05 04:37:17.750] [info] [candidate.cpp:199] InstancePrecompute: built 25 candidates
[2026-10-05 04:37:17.750] [info] [stationary.cpp:264] NN: cost=73.877154, feasible=true, active_stations=1
[2026-10-05 04:37:17.750] [info] [candidate.cpp:199] InstancePrecompute: built 25 candidates
[2026-10-05 04:37:17.750] [info] [stationary.cpp:264] NN: cost=166.690330, feasible=true, active_stations=1
[2026-10-05 04:37:17.750] [info] [candidate.cpp:199] InstancePrecompute: built 50 candidates
[2026-10-05 04:37:17.750] [info] [stationary.cpp:264] NN: cost=26.137044, feasible=true, active_stations=1
[2026-10-05 04:37:17.750] [info] [candidate.cpp:199] InstancePrecompute: built 25 candidates
[2026-10-05 04:37:17.750] [info] [stationary.cpp:264] NN: cost=1421.268433, feasible=true, active_stations=1
[2026-10-05 04:37:17.750] [info] [candidate.cpp:199] InstancePrecompute: built 25 candidates
[2026-10-05 04:37:17.750] [info] [stationary.cpp:264] NN: cost=377.920317, feasible=true, active_stations=1
[2026-10-05 04:37:17.750] [info] [candidate.cpp:199] InstancePrecompute: built 25 candidates
[2026-10-05 04:37:17.750] [info] [stationary.cpp:264] NN: cost=1495.678996, feasible=true, active_stations=1
[2026-10-05 04:37:17.750] [info] [candidate.cpp:199] InstancePrecompute: built 25 candidates
[2026-10-05 04:37:17.750] [info] [stationary.cpp:264] NN: cost=1934.141241, feasible=true, active_stations=1
[2026-10-05 04:37:17.750] [info] [candidate.cpp:199] InstancePrecompute: built 50 candidates
[2026-10-05 04:37:17.750] [info] [stationary.cpp:264] NN: cost=112.282607, feasible=true, active_stations=1
[2026-10-05 04:37:17.750] [info] [candidate.cpp:199] InstancePrecompute: built 25 candidates
[2026-10-05 04:37:17.750] [info] [stationary.cpp:264] NN: cost=683.030298, feasible=true, active_stations=1
[2026-10-05 04:37:17.750] [info] [candidate.cpp:199] InstancePrecompute: built 25 candidates
[2026-10-05 04:37:17.750] [info] [stationary.cpp:264] NN: cost=430.194405, feasible=true, active_stations=1
[2026-10-05 04:37:17.750] [info] [candidate.cpp:199] InstancePrecompute: built 25 candidates
[2026-10-05 04:37:17.750] [info] [stationary.cpp:264] NN: cost=43.739543, feasible=true, active_stations=1
[2026-10-05 04:37:17.750] [info] [candidate.cpp:199] InstancePrecompute: built 25 candidates
[2026-10-05 04:37:17.750] [info] [stationary.cpp:264] NN: cost=73.877154, feasible=true, active_stations=1
[2026-10-05 04:37:17.750] [info] [candidate.cpp:199] InstancePrecompute: built 25 candidates
[2026-10-05 04:37:17.750] [info] [stationary.cpp:264] NN: cost=166.690330, feasible=true, active_stations=1
[2026-10-05 04:37:17.750] [info] [candidate.cpp:199] InstancePrecompute: built 50 candidates
[2026-10-05 04:37:17.750] [info] [stationary.cpp:264] NN: cost=26.137044, feasible=true, active_stations=1
[2026-10-05 04:37:17.750] [info] [candidate.cpp:199] InstancePrecompute: built 25 candidates
[2026-10-05 04:37:17.750] [info] [stationary.cpp:264] NN: cost=1421.268433, feasible=true, active_stations=1
[2026-10-05 04:37:17.750] [info] [candidate.cpp:199] InstancePrecompute: built 25 candidates
[2026-10-05 04:37:17.750] [info] [stationary.cpp:264] NN: cost=377.920317, feasible=true, active_stations=1
[2026-10-05 04:37:17.750] [info] [candidate.cpp:199] InstancePrecompute: built 25 candidates
[2026-10-05 04:37:17.750] [info] [stationary.cpp:264] NN: cost=1495.678996, feasible=true, active_stations=1
[2026-10-05 04:37:17.750] [info] [candidate.cpp:199] InstancePrecompute: built 25 candidates
[2026-10-05 04:37:17.750] [info] [stationary.cpp:264] NN: cost=1934.141241, feasible=true, active_stations=1
[2026-10-05 04:37:17.750] [info] [candidate.cpp:199] InstancePrecompute: built 50 candidates
[2026-10-05 04:37:17.750] [info] [stationary.cpp:264] NN: cost=112.282607, feasible=true, active_stations=1
[2026-10-05 04:37:17.750] [info] [candidate.cpp:199] InstancePrecompute: built 25 candidates
[2026-10-05 04:37:17.750] [info] [stationary.cpp:264] NN: cost=683.030298, feasible=true, active_stations=1
[2026-10-05 04:37:17.750] [info] [candidate.cpp:199] InstancePrecompute: built 25 candidates
[2026-10-05 04:37:17.750] [info] [stationary.cpp:264] NN: cost=43.739543, feasible=true, active_stations=1
[2026-10-05 04:37:17.750] [info] [candidate.cpp:199] InstancePrecompute: built 25 candidates
[2026-10-05 04:37:17.750] [info] [stationary.cpp:264] NN: cost=73.877154, feasible=true, active_stations=1
[2026-10-05 04:37:17.750] [info] [candidate.cpp:199] InstancePrecompute: built 25 candidates
[2026-10-05 04:37:17.750] [info] [stationary.cpp:264] NN: cost=430.194405, feasible=true, active_stations=1
[2026-10-05 04:37:17.750] [info] [candidate.cpp:199] InstancePrecompute: built 25 candidates
[2026-10-05 04:37:17.750] [info] [stationary.cpp:264] NN: cost=166.690330, feasible=true, active_stations=1
[2026-10-05 04:37:17.750] [info] [candidate.cpp:199] InstancePrecompute: built 50 candidates
[2026-10-05 04:37:17.750] [info] [stationary.cpp:264] NN: cost=26.137044, feasible=true, active_stations=1
[2026-10-05 04:37:17.750] [info] [candidate.cpp:199] InstancePrecompute: built 25 candidates
[2026-10-05 04:37:17.750] [info] [stationary.cpp:264] NN: cost=377.920317, feasible=true, active_stations=1
[2026-10-05 04:37:17.750] [info] [candidate.cpp:199] InstancePrecompute: built 25 candidates
[2026-10-05 04:37:17.750] [info] [stationary.cpp:264] NN: cost=1421.268433, feasible=true, active_stations=1
[2026-10-05 04:37:17.750] [info] [candidate.cpp:199] InstancePrecompute: built 25 candidates
[2026-10-05 04:37:17.750] [info] [stationary.cpp:264] NN: cost=1495.678996, feasible=true, active_stations=1
[2026-10-05 04:37:17.750] [info] [candidate.cpp:199] InstancePrecompute: built 25 candidates
[2026-10-05 04:37:17.750] [info] [stationary.cpp:264] NN: cost=1934.141241, feasible=true, active_stations=1
[2026-10-05 04:37:17.750] [info] [candidate.cpp:199] InstancePrecompute: built 50 candidates
[2026-10-05 04:37:17.750] [info] [stationary.cpp:264] NN: cost=112.282607, feasible=true, active_stations=1
[2026-10-05 04:37:17.750] [info] [candidate.cpp:199] InstancePrecompute: built 25 candidates
[2026-10-05 04:37:17.750] [info] [stationary.cpp:264] NN: cost=683.030298, feasible=true, active_stations=1
[2026-10-05 04:37:17.750] [info] [candidate.cpp:199] InstancePrecompute: built 25 candidates
[2026-10-05 04:37:17.750] [info] [stationary.cpp:264] NN: cost=43.739543, feasible=true, active_stations=1
[2026-10-05 04:37:17.750] [info] [candidate.cpp:199] InstancePrecompute: built 25 candidates
[2026-10-05 04:37:17.750] [info] [stationary.cpp:264] NN: cost=73.877154, feasible=true, active_stations=1
[2026-10-05 04:37:17.750] [info] [candidate.cpp:199] InstancePrecompute: built 25 candidates
[2026-10-05 04:37:17.750] [info] [stationary.cpp:264] NN: cost=430.194405, feasible=true, active_stations=1
[2026-10-05 04:37:17.750] [info] [candidate.cpp:199] InstancePrecompute: built 75 candidates
[2026-10-05 04:37:17.750] [info] [stationary.cpp:264] NN: cost=166.690330, feasible=true, active_stations=1
[2026-10-05 04:37:17.750] [info] [candidate.cpp:199] InstancePrecompute: built 25 candidates
[2026-10-05 04:37:17.750] [info] [stationary.cpp:264] NN: cost=377.920317, feasible=true, active_stations=1
[2026-10-05 04:37:17.750] [info] [candidate.cpp:199] InstancePrecompute: built 25 candidates
[2026-10-05 04:37:17.750] [info] [stationary.cpp:264] NN: cost=1421.268433, feasible=true, active_stations=1
[2026-10-05 04:37:17.750] [info] [candidate.cpp:199] InstancePrecompute: built 25 candidates
[2026-10-05 04:37:17.750] [info] [stationary.cpp:264] NN: cost=1495.678996, feasible=true, active_stations=1
[2026-10-05 04:37:17.750] [info] [candidate.cpp:199] InstancePrecompute: built 25 candidates
[2026-10-05 04:37:17.750] [info] [stationary.cpp:264] NN: cost=1934.141241, feasible=true, active_stations=1
[2026-10-05 04:37:17.750] [info] [candidate.cpp:199] InstancePrecompute: built 50 candidates
[2026-10-05 04:37:17.750] [info] [stationary.cpp:264] NN: cost=112.282607, feasible=true, active_stations=1
[2026-10-05 04:37:17.750] [info] [candidate.cpp:199] InstancePrecompute: built 25 candidates
[2026-10-05 04:37:17.750] [info] [stationary.cpp:264] NN: cost=683.030298, feasible=true, active_stations=1
[2026-10-05 04:37:17.750] [info] [candidate.cpp:199] InstancePrecompute: built 25 candidates
[2026-10-05 04:37:17.750] [info] [stationary.cpp:264] NN: cost=43.739543, feasible=true, active_stations=1
[2026-10-05 04:37:17.750] [info] [candidate.cpp:199] InstancePrecompute: built 25 candidates
[2026-10-05 04:37:17.751] [info] [stationary.cpp:264] NN: cost=73.877154, feasible=true, active_stations=1
[2026-10-05 04:37:17.751] [info] [candidate.cpp:199] InstancePrecompute: built 25 candidates
[2026-10-05 04:37:17.751] [info] [stationary.cpp:264] NN: cost=430.194405, feasible=true, active_stations=1
[2026-10-05 04:37:17.751] [info] [candidate.cpp:199] InstancePrecompute: built 50 candidates
[2026-10-05 04:37:17.751] [info] [stationary.cpp:264] NN: cost=166.690330, feasible=true, active_stations=1
[2026-10-05 04:37:17.751] [info] [candidate.cpp:199] InstancePrecompute: built 25 candidates
[2026-10-05 04:37:17.751] [info] [stationary.cpp:264] NN: cost=26.137044, feasible=true, active_stations=1
[2026-10-05 04:37:17.751] [info] [candidate.cpp:199] InstancePrecompute: built 25 candidates
[2026-10-05 04:37:17.751] [info] [stationary.cpp:264] NN: cost=377.920317, feasible=true, active_stations=1
[2026-10-05 04:37:17.751] [info] [candidate.cpp:199] InstancePrecompute: built 25 candidates
[2026-10-05 04:37:17.751] [info] [stationary.cpp:264] NN: cost=1421.268433, feasible=true, active_stations=1
[2026-10-05 04:37:17.751] [info] [candidate.cpp:199] InstancePrecompute: built 25 candidates
[2026-10-05 04:37:17.751] [info] [stationary.cpp:264] NN: cost=1495.678996, feasible=true, active_stations=1
[2026-10-05 04:37:17.751] [info] [candidate.cpp:199] InstancePrecompute: built 25 candidates
[2026-10-05 04:37:17.751] [info] [stationary.cpp:264] NN: cost=1934.141241, feasible=true, active_stations=1
[2026-10-05 04:37:17.751] [info] [candidate.cpp:199] InstancePrecompute: built 50 candidates
[2026-10-05 04:37:17.751] [info] [stationary.cpp:264] NN: cost=112.282607, feasible=true, active_stations=1
[2026-10-05 04:37:17.751] [info] [candidate.cpp:199] InstancePrecompute: built 25 candidates
[2026-10-05 04:37:17.751] [info] [stationary.cpp:264] NN: cost=683.030298, feasible=true, active_stations=1
[2026-10-05 04:37:17.751] [info] [candidate.cpp:199] InstancePrecompute: built 25 candidates
[2026-10-05 04:37:17.751] [info] [stationary.cpp:264] NN: cost=43.739543, feasible=true, active_stations=1
[2026-10-05 04:37:17.751] [info] [candidate.cpp:199] InstancePrecompute: built 25 candidates
[2026-10-05 04:37:17.751] [info] [stationary.cpp:264] NN: cost=73.877154, feasible=true, active_stations=1
[2026-10-05 04:37:17.751] [info] [candidate.cpp:199] InstancePrecompute: built 25 candidates
[2026-10-05 04:37:17.751] [info] [stationary.cpp:264] NN: cost=430.194405, feasible=true, active_stations=1
[2026-10-05 04:37:17.751] [info] [candidate.cpp:199] InstancePrecompute: built 25 candidates
[2026-10-05 04:37:17.751] [info] [stationary.cpp:264] NN: cost=166.690330, feasible=true, active_stations=1
[2026-10-05 04:37:17.751] [info] [candidate.cpp:199] InstancePrecompute: built 50 candidates
[2026-10-05 04:37:17.751] [info] [stationary.cpp:264] NN: cost=26.137044, feasible=true, active_stations=1
[2026-10-05 04:37:17.751] [info] [candidate.cpp:199] InstancePrecompute: built 25 candidates
[2026-10-05 04:37:17.751] [info] [stationary.cpp:264] NN: cost=377.920317, feasible=true, active_stations=1
[2026-10-05 04:37:17.751] [info] [candidate.cpp:199] InstancePrecompute: built 25 candidates
[2026-10-05 04:37:17.751] [info] [stationary.cpp:264] NN: cost=1421.268433, feasible=true, active_stations=1
[2026-10-05 04:37:17.751] [info] [candidate.cpp:199] InstancePrecompute: built 25 candidates
[2026-10-05 04:37:17.751] [info] [stationary.cpp:264] NN: cost=1495.678996, feasible=true, active_stations=1
[2026-10-05 04:37:17.751] [info] [candidate.cpp:199] InstancePrecompute: built 25 candidates
[2026-10-05 04:37:17.751] [info] [stationary.cpp:264] NN: cost=1934.141241, feasible=true, active_stations=1
[2026-10-05 04:37:17.751] [info] [candidate.cpp:199] InstancePrecompute: built 25 candidates
[2026-10-05 04:37:17.751] [info] [stationary.cpp:264] NN: cost=21.603067, feasible=true, active_stations=1
[2026-10-05 04:37:17.751] [info] [candidate.cpp:199] InstancePrecompute: built 25 candidates
[2026-10-05 04:37:17.751] [info] [stationary.cpp:264] NN: cost=112.282607, feasible=true, active_stations=1
[2026-10-05 04:37:17.751] [info] [candidate.cpp:199] InstancePrecompute: built 25 candidates
[2026-10-05 04:37:17.751] [info] [stationary.cpp:264] NN: cost=683.030298, feasible=true, active_stations=1
[2026-10-05 04:37:17.751] [info] [candidate.cpp:199] InstancePrecompute: built 25 candidates
[2026-10-05 04:37:17.751] [info] [stationary.cpp:264] NN: cost=43.739543, feasible=true, active_stations=1
[2026-10-05 04:37:17.751] [info] [candidate.cpp:199] InstancePrecompute: built 25 candidates
[2026-10-05 04:37:17.751] [info] [stationary.cpp:264] NN: cost=73.877154, feasible=true, active_stations=1
[2026-10-05 04:37:17.751] [info] [candidate.cpp:199] InstancePrecompute: built 25 candidates
[2026-10-05 04:37:17.751] [info] [stationary.cpp:264] NN: cost=430.194405, feasible=true, active_stations=1
[2026-10-05 04:37:17.751] [info] [candidate.cpp:199] InstancePrecompute: built 25 candidates
[2026-10-05 04:37:17.751] [info] [stationary.cpp:264] NN: cost=166.690330, feasible=true, active_stations=1
[2026-10-05 04:37:17.751] [info] [candidate.cpp:199] InstancePrecompute: built 50 candidates
[2026-10-05 04:37:17.751] [info] [stationary.cpp:264] NN: cost=26.137044, feasible=true, active_stations=1
[2026-10-05 04:37:17.751] [info] [candidate.cpp:199] InstancePrecompute: built 25 candidates
[2026-10-05 04:37:17.751] [info] [stationary.cpp:264] NN: cost=377.920317, feasible=true, active_stations=1
[2026-10-05 04:37:17.751] [info] [candidate.cpp:199] InstancePrecompute: built 25 candidates
[2026-10-05 04:37:17.751] [info] [stationary.cpp:264] NN: cost=1421.268433, feasible=true, active_stations=1
[2026-10-05 04:37:17.751] [info] [candidate.cpp:199] InstancePrecompute: built 25 candidates
[2026-10-05 04:37:17.751] [info] [stationary.cpp:264] NN: cost=1495.678996, feasible=true, active_stations=1
[2026-10-05 04:37:17.751] [info] [candidate.cpp:199] InstancePrecompute: built 25 candidates
[2026-10-05 04:37:17.751] [info] [stationary.cpp:264] NN: cost=1934.141241, feasible=true, active_stations=1
[2026-10-05 04:37:17.751] [info] [candidate.cpp:199] InstancePrecompute: built 50 candidates
[2026-10-05 04:37:17.751] [info] [stationary.cpp:264] NN: cost=112.282607, feasible=true, active_stations=1
[2026-10-05 04:37:17.751] [info] [candidate.cpp:199] InstancePrecompute: built 25 candidates
[2026-10-05 04:37:17.751] [info] [stationary.cpp:264] NN: cost=683.030298, feasible=true, active_stations=1
[2026-10-05 04:37:17.751] [info] [candidate.cpp:199] InstancePrecompute: built 25 candidates
[2026-10-05 04:37:17.751] [info] [stationary.cpp:264] NN: cost=43.739543, feasible=true, active_stations=1
[2026-10-05 04:37:17.751] [info] [candidate.cpp:199] InstancePrecompute: built 25 candidates
[2026-10-05 04:37:17.751] [info] [stationary.cpp:264] NN: cost=73.877154, feasible=true, active_stations=1
[2026-10-05 04:37:17.751] [info] [candidate.cpp:199] InstancePrecompute: built 25 candidates
[2026-10-05 04:37:17.751] [info] [stationary.cpp:264] NN: cost=430.194405, feasible=true, active_stations=1
[2026-10-05 04:37:17.751] [info] [candidate.cpp:199] InstancePrecompute: built 25 candidates
[2026-10-05 04:37:17.751] [info] [stationary.cpp:264] NN: cost=166.690330, feasible=true, active_stations=1
[2026-10-05 04:37:17.751] [info] [candidate.cpp:199] InstancePrecompute: built 50 candidates
[2026-10-05 04:37:17.751] [info] [stationary.cpp:264] NN: cost=26.137044, feasible=true, active_stations=1
[2026-10-05 04:37:17.751] [info] [candidate.cpp:199] InstancePrecompute: built 25 candidates
[2026-10-05 04:37:17.751] [info] [stationary.cpp:264] NN: cost=377.920317, feasible=true, active_stations=1
[2026-10-05 04:37:17.751] [info] [candidate.cpp:199] InstancePrecompute: built 25 candidates
[2026-10-05 04:37:17.751] [info] [stationary.cpp:264] NN: cost=1421.268433, feasible=true, active_stations=1
[2026-10-05 04:37:17.751] [info] [candidate.cpp:199] InstancePrecompute: built 25 candidates
[2026-10-05 04:37:17.751] [info] [stationary.cpp:264] NN: cost=1495.678996, feasible=true, active_stations=1
[2026-10-05 04:37:17.751] [info] [candidate.cpp:199] InstancePrecompute: built 25 candidates
[2026-10-05 04:37:17.751] [info] [stationary.cpp:264] NN: cost=1934.141241, feasible=true, active_stations=1
[2026-10-05 04:37:17.751] [info] [candidate.cpp:199] InstancePrecompute: built 50 candidates
[2026-10-05 04:37:17.751] [info] [stationary.cpp:264] NN: cost=112.282607, feasible=true, active_stations=1
[2026-10-05 04:37:17.751] [info] [candidate.cpp:199] InstancePrecompute: built 25 candidates
[2026-10-05 04:37:17.751] [info] [stationary.cpp:264] NN: cost=683.030298, feasible=true, active_stations=1
[2026-10-05 04:37:17.751] [info] [candidate.cpp:199] InstancePrecompute: built 25 candidates
[2026-10-05 04:37:17.751] [info] [stationary.cpp:264] NN: cost=43.739543, feasible=true, active_stations=1
[2026-10-05 04:37:17.751] [info] [candidate.cpp:199] InstancePrecompute: built 25 candidates
[2026-10-05 04:37:17.751] [info] [stationary.cpp:264] NN: cost=73.877154, feasible=true, active_stations=1
[2026-10-05 04:37:17.751] [info] [candidate.cpp:199] InstancePrecompute: built 25 candidates
[2026-10-05 04:37:17.751] [info] [stationary.cpp:264] NN: cost=430.194405, feasible=true, active_stations=1
[2026-10-05 04:37:17.751] [info] [candidate.cpp:199] InstancePrecompute: built 25 candidates
[2026-10-05 04:37:17.751] [info] [stationary.cpp:264] NN: cost=166.690330, feasible=true, active_stations=1
[2026-10-05 04:37:17.751] [info] [candidate.cpp:199] InstancePrecompute: built 50 candidates
[2026-10-05 04:37:17.751] [info] [stationary.cpp:264] NN: cost=26.137044, feasible=true, active_stations=1
[2026-10-05 04:37:17.751] [info] [candidate.cpp:199] InstancePrecompute: built 25 candidates
[2026-10-05 04:37:17.751] [info] [stationary.cpp:264] NN: cost=377.920317, feasible=true, active_stations=1
[2026-10-05 04:37:17.751] [info] [candidate.cpp:199] InstancePrecompute: built 25 candidates
[2026-10-05 04:37:17.751] [info] [stationary.cpp:264] NN: cost=1421.268433, feasible=true, active_stations=1
[2026-10-05 04:37:17.751] [info] [candidate.cpp:199] InstancePrecompute: built 25 candidates
[2026-10-05 04:37:17.751] [info] [stationary.cpp:264] NN: cost=1495.678996, feasible=true, active_stations=1
[2026-10-05 04:37:17.751] [info] [candidate.cpp:199] InstancePrecompute: built 25 candidates
[2026-10-05 04:37:17.751] [info] [stationary.cpp:264] NN: cost=1934.141241, feasible=true, active_stations=1
[2026-10-05 04:37:17.751] [info] [candidate.cpp:199] InstancePrecompute: built 50 candidates
[2026-10-05 04:37:17.751] [info] [stationary.cpp:264] NN: cost=112.282607, feasible=true, active_stations=1
[2026-10-05 04:37:17.751] [info] [candidate.cpp:199] InstancePrecompute: built 25 candidates
[2026-10-05 04:37:17.751] [info] [stationary.cpp:264] NN: cost=683.030298, feasible=true, active_stations=1
[2026-10-05 04:37:17.751] [info] [candidate.cpp:199] InstancePrecompute: built 25 candidates
[2026-10-05 04:37:17.751] [info] [stationary.cpp:264] NN: cost=43.739543, feasible=true, active_stations=1
[2026-10-05 04:37:17.751] [info] [candidate.cpp:199] InstancePrecompute: built 25 candidates
[2026-10-05 04:37:17.751] [info] [stationary.cpp:264] NN: cost=73.877154, feasible=true, active_stations=1
[2026-10-05 04:37:17.751] [info] [candidate.cpp:199] InstancePrecompute: built 25 candidates
[2026-10-05 04:37:17.751] [info] [stationary.cpp:264] NN: cost=430.194405, feasible=true, active_stations=1
[2026-10-05 04:37:17.751] [info] [candidate.cpp:199] InstancePrecompute: built 25 candidates
[2026-10-05 04:37:17.751] [info] [stationary.cpp:264] NN: cost=166.690330, feasible=true, active_stations=1
[2026-10-05 04:37:17.751] [info] [candidate.cpp:199] InstancePrecompute: built 50 candidates
[2026-10-05 04:37:17.751] [info] [stationary.cpp:264] NN: cost=26.137044, feasible=true, active_stations=1
[2026-10-05 04:37:17.751] [info] [candidate.cpp:199] InstancePrecompute: built 25 candidates
[2026-10-05 04:37:17.751] [info] [stationary.cpp:264] NN: cost=377.920317, feasible=true, active_stations=1
[2026-10-05 04:37:17.751] [info] [candidate.cpp:199] InstancePrecompute: built 25 candidates
[2026-10-05 04:37:17.751] [info] [stationary.cpp:264] NN: cost=1421.268433, feasible=true, active_stations=1
[2026-10-05 04:37:17.751] [info] [candidate.cpp:199] InstancePrecompute: built 25 candidates
[2026-10-05 04:37:17.751] [info] [stationary.cpp:264] NN: cost=1495.678996, feasible=true, active_stations=1
[2026-10-05 04:37:17.751] [info] [candidate.cpp:199] InstancePrecompute: built 25 candidates
[2026-10-05 04:37:17.751] [info] [stationary.cpp:264] NN: cost=1934.141241, feasible=true, active_stations=1
[2026-10-05 04:37:17.751] [info] [candidate.cpp:199] InstancePrecompute: built 50 candidates
[2026-10-05 04:37:17.751] [info] [stationary.cpp:264] NN: cost=112.282607, feasible=true, active_stations=1
[2026-10-05 04:37:17.751] [info] [candidate.cpp:199] InstancePrecompute: built 25 candidates
[2026-10-05 04:37:17.751] [info] [stationary.cpp:264] NN: cost=683.030298, feasible=true, active_stations=1
[2026-10-05 04:37:17.751] [info] [candidate.cpp:199] InstancePrecompute: built 25 candidates
[2026-10-05 04:37:17.751] [info] [stationary.cpp:264] NN: cost=43.739543, feasible=true, active_stations=1
[2026-10-05 04:37:17.751] [info] [candidate.cpp:199] InstancePrecompute: built 25 candidates
[2026-10-05 04:37:17.751] [info] [stationary.cpp:264] NN: cost=73.877154, feasible=true, active_stations=1
[2026-10-05 04:37:17.751] [info] [candidate.cpp:199] InstancePrecompute: built 25 candidates
[2026-10-05 04:37:17.751] [info] [stationary.cpp:264] NN: cost=430.194405, feasible=true, active_stations=1
[2026-10-05 04:37:17.751] [info] [candidate.cpp:199] InstancePrecompute: built 75 candidates
[2026-10-05 04:37:17.751] [info] [stationary.cpp:264] NN: cost=166.690330, feasible=true, active_stations=1
[2026-10-05 04:37:17.751] [info] [candidate.cpp:199] InstancePrecompute: built 25 candidates
[2026-10-05 04:37:17.751] [info] [stationary.cpp:264] NN: cost=377.920317, feasible=true, active_stations=1
[2026-10-05 04:37:17.751] [info] [candidate.cpp:199] InstancePrecompute: built 25 candidates
[2026-10-05 04:37:17.751] [info] [stationary.cpp:264] NN: cost=1421.268433, feasible=true, active_stations=1
[2026-10-05 04:37:17.751] [info] [candidate.cpp:199] InstancePrecompute: built 25 candidates
[2026-10-05 04:37:17.751] [info] [stationary.cpp:264] NN: cost=1495.678996, feasible=true, active_stations=1
[2026-10-05 04:37:17.751] [info] [candidate.cpp:199] InstancePrecompute: built 25 candidates
[2026-10-05 04:37:17.751] [info] [stationary.cpp:264] NN: cost=1934.141241, feasible=true, active_stations=1
[2026-10-05 04:37:17.751] [info] [candidate.cpp:199] InstancePrecompute: built 50 candidates
[2026-10-05 04:37:17.751] [info] [stationary.cpp:264] NN: cost=112.282607, feasible=true, active_stations=1
[2026-10-05 04:37:17.751] [info] [candidate.cpp:199] InstancePrecompute: built 25 candidates
[2026-10-05 04:37:17.751] [info] [stationary.cpp:264] NN: cost=683.030298, feasible=true, active_stations=1
[2026-10-05 04:37:17.751] [info] [candidate.cpp:199] InstancePrecompute: built 25 candidates
[2026-10-05 04:37:17.751] [info] [stationary.cpp:264] NN: cost=43.739543, feasible=true, active_stations=1
[2026-10-05 04:37:17.751] [info] [candidate.cpp:199] InstancePrecompute: built 25 candidates
[2026-10-05 04:37:17.751] [info] [stationary.cpp:264] NN: cost=73.877154, feasible=true, active_stations=1
[2026-10-05 04:37:17.751] [info] [candidate.cpp:199] InstancePrecompute: built 25 candidates
[2026-10-05 04:37:17.751] [info] [stationary.cpp:264] NN: cost=430.194405, feasible=true, active_stations=1
[2026-10-05 04:37:17.751] [info] [candidate.cpp:199] InstancePrecompute: built 50 candidates
[2026-10-05 04:37:17.751] [info] [stationary.cpp:264] NN: cost=166.690330, feasible=true, active_stations=1
[2026-10-05 04:37:17.751] [info] [candidate.cpp:199] InstancePrecompute: built 25 candidates
[2026-10-05 04:37:17.751] [info] [stationary.cpp:264] NN: cost=26.137044, feasible=true, active_stations=1
[2026-10-05 04:37:17.751] [info] [candidate.cpp:199] InstancePrecompute: built 25 candidates
[2026-10-05 04:37:17.751] [info] [stationary.cpp:264] NN: cost=377.920317, feasible=true, active_stations=1
[2026-10-05 04:37:17.751] [info] [candidate.cpp:199] InstancePrecompute: built 25 candidates
[2026-10-05 04:37:17.751] [info] [stationary.cpp:264] NN: cost=1421.268433, feasible=true, active_stations=1
[2026-10-05 04:37:17.751] [info] [candidate.cpp:199] InstancePrecompute: built 25 candidates
[2026-10-05 04:37:17.751] [info] [stationary.cpp:264] NN: cost=1495.678996, feasible=true, active_stations=1
[2026-10-05 04:37:17.751] [info] [candidate.cpp:199] InstancePrecompute: built 25 candidates
[2026-10-05 04:37:17.751] [info] [stationary.cpp:264] NN: cost=1934.141241, feasible=true, active_stations=1
[2026-10-05 04:37:17.751] [info] [candidate.cpp:199] InstancePrecompute: built 50 candidates
[2026-10-05 04:37:17.751] [info] [stationary.cpp:264] NN: cost=112.282607, feasible=true, active_stations=1
[2026-10-05 04:37:17.751] [info] [candidate.cpp:199] InstancePrecompute: built 25 candidates
[2026-10-05 04:37:17.751] [info] [stationary.cpp:264] NN: cost=683.030298, feasible=true, active_stations=1
[2026-10-05 04:37:17.751] [info] [candidate.cpp:199] InstancePrecompute: built 25 candidates
[2026-10-05 04:37:17.751] [info] [stationary.cpp:264] NN: cost=43.739543, feasible=true, active_stations=1
[2026-10-05 04:37:17.751] [info] [candidate.cpp:199] InstancePrecompute: built 25 candidates
[2026-10-05 04:37:17.751] [info] [stationary.cpp:264] NN: cost=73.877154, feasible=true, active_stations=1
[2026-10-05 04:37:17.751] [info] [candidate.cpp:199] InstancePrecompute: built 25 candidates
[2026-10-05 04:37:17.751] [info] [stationary.cpp:264] NN: cost=430.194405, feasible=true, active_stations=1
[2026-10-05 04:37:17.751] [info] [candidate.cpp:199] InstancePrecompute: built 25 candidates
[2026-10-05 04:37:17.751] [info] [stationary.cpp:264] NN: cost=166.690330, feasible=true, active_stations=1
[2026-10-05 04:37:17.751] [info] [candidate.cpp:199] InstancePrecompute: built 50 candidates
[2026-10-05 04:37:17.751] [info] [stationary.cpp:264] NN: cost=26.137044, feasible=true, active_stations=1
[2026-10-05 04:37:17.751] [info] [candidate.cpp:199] InstancePrecompute: built 25 candidates
[2026-10-05 04:37:17.751] [info] [stationary.cpp:264] NN: cost=377.920317, feasible=true, active_stations=1
[2026-10-05 04:37:17.751] [info] [candidate.cpp:199] InstancePrecompute: built 25 candidates
[2026-10-05 04:37:17.751] [info] [stationary.cpp:264] NN: cost=1421.268433, feasible=true, active_stations=1
[2026-10-05 04:37:17.751] [info] [candidate.cpp:199] InstancePrecompute: built 25 candidates
[2026-10-05 04:37:17.751] [info] [stationary.cpp:264] NN: cost=1495.678996, feasible=true, active_stations=1
[2026-10-05 04:37:17.751] [info] [candidate.cpp:199] InstancePrecompute: built 25 candidates
[2026-10-05 04:37:17.751] [info] [stationary.cpp:264] NN: cost=1934.141241, feasible=true, active_stations=1
[2026-10-05 04:37:17.751] [info] [candidate.cpp:199] InstancePrecompute: built 25 candidates
[2026-10-05 04:37:17.751] [info] [stationary.cpp:264] NN: cost=21.603067, feasible=true, active_stations=1
[2026-10-05 04:37:17.751] [info] [candidate.cpp:199] InstancePrecompute: built 25 candidates
[2026-10-05 04:37:17.751] [info] [stationary.cpp:264] NN: cost=112.282607, feasible=true, active_stations=1
[2026-10-05 04:37:17.751] [info] [candidate.cpp:199] InstancePrecompute: built 25 candidates
[2026-10-05 04:37:17.751] [info] [stationary.cpp:264] NN: cost=683.030298, feasible=true, active_stations=1
[2026-10-05 04:37:17.751] [info] [candidate.cpp:199] InstancePrecompute: built 25 candidates
[2026-10-05 04:37:17.751] [info] [stationary.cpp:264] NN: cost=43.739543, feasible=true, active_stations=1
[2026-10-05 04:37:17.751] [info] [candidate.cpp:199] InstancePrecompute: built 25 candidates
[2026-10-05 04:37:17.751] [info] [stationary.cpp:264] NN: cost=73.877154, feasible=true, active_stations=1
[2026-10-05 04:37:17.751] [info] [candidate.cpp:199] InstancePrecompute: built 25 candidates
[2026-10-05 04:37:17.751] [info] [stationary.cpp:264] NN: cost=430.194405, feasible=true, active_stations=1
[2026-10-05 04:37:17.751] [info] [candidate.cpp:199] InstancePrecompute: built 25 candidates
[2026-10-05 04:37:17.751] [info] [stationary.cpp:264] NN: cost=166.690330, feasible=true, active_stations=1
[2026-10-05 04:37:17.751] [info] [candidate.cpp:199] InstancePrecompute: built 50 candidates
[2026-10-05 04:37:17.751] [info] [stationary.cpp:264] NN: cost=26.137044, feasible=true, active_stations=1
[2026-10-05 04:37:17.751] [info] [candidate.cpp:199] InstancePrecompute: built 25 candidates
[2026-10-05 04:37:17.751] [info] [stationary.cpp:264] NN: cost=377.920317, feasible=true, active_stations=1
[2026-10-05 04:37:17.751] [info] [candidate.cpp:199] InstancePrecompute: built 25 candidates
[2026-10-05 04:37:17.751] [info] [stationary.cpp:264] NN: cost=1421.268433, feasible=true, active_stations=1
[2026-10-05 04:37:17.751] [info] [candidate.cpp:199] InstancePrecompute: built 25 candidates
[2026-10-05 04:37:17.751] [info] [stationary.cpp:264] NN: cost=1495.678996, feasible=true, active_stations=1
[2026-10-05 04:37:17.751] [info] [candidate.cpp:199] InstancePrecompute: built 25 candidates
[2026-10-05 04:37:17.751] [info] [stationary.cpp:264] NN: cost=1934.141241, feasible=true, active_stations=1
[2026-10-05 04:37:17.751] [info] [candidate.cpp:199] InstancePrecompute: built 50 candidates
[2026-10-05 04:37:17.751] [info] [stationary.cpp:264] NN: cost=112.282607, feasible=true, active_stations=1
[2026-10-05 04:37:17.751] [info] [candidate.cpp:199] InstancePrecompute: built 25 candidates
[2026-10-05 04:37:17.751] [info] [stationary.cpp:264] NN: cost=683.030298, feasible=true, active_stations=1
[2026-10-05 04:37:17.751] [info] [candidate.cpp:199] InstancePrecompute: built 25 candidates
[2026-10-05 04:37:17.751] [info] [stationary.cpp:264] NN: cost=43.739543, feasible=true, active_stations=1
[2026-10-05 04:37:17.751] [info] [candidate.cpp:199] InstancePrecompute: built 25 candidates
[2026-10-05 04:37:17.751] [info] [stationary.cpp:264] NN: cost=73.877154, feasible=true, active_stations=1
[2026-10-05 04:37:17.751] [info] [candidate.cpp:199] InstancePrecompute: built 25 candidates
[2026-10-05 04:37:17.751] [info] [stationary.cpp:264] NN: cost=430.194405, feasible=true, active_stations=1
[2026-10-05 04:37:17.751] [info] [candidate.cpp:199] InstancePrecompute: built 25 candidates
[2026-10-05 04:37:17.751] [info] [stationary.cpp:264] NN: cost=166.690330, feasible=true, active_stations=1
[2026-10-05 04:37:17.751] [info] [candidate.cpp:199] InstancePrecompute: built 50 candidates
[2026-10-05 04:37:17.751] [info] [stationary.cpp:264] NN: cost=26.137044, feasible=true, active_stations=1
[2026-10-05 04:37:17.751] [info] [candidate.cpp:199] InstancePrecompute: built 25 candidates
[2026-10-05 04:37:17.751] [info] [stationary.cpp:264] NN: cost=377.920317, feasible=true, active_stations=1
[2026-10-05 04:37:17.751] [info] [candidate.cpp:199] InstancePrecompute: built 25 candidates
[2026-10-05 04:37:17.751] [info] [stationary.cpp:264] NN: cost=1421.268433, feasible=true, active_stations=1
[2026-10-05 04:37:17.751] [info] [candidate.cpp:199] InstancePrecompute: built 25 candidates
[2026-10-05 04:37:17.751] [info] [stationary.cpp:264] NN: cost=1495.678996, feasible=true, active_stations=1
[2026-10-05 04:37:17.751] [info] [candidate.cpp:199] InstancePrecompute: built 25 candidates
[2026-10-05 04:37:17.751] [info] [stationary.cpp:264] NN: cost=1934.141241, feasible=true, active_stations=1
[2026-10-05 04:37:17.751] [info] [candidate.cpp:199] InstancePrecompute: built 50 candidates
[2026-10-05 04:37:17.751] [info] [stationary.cpp:264] NN: cost=112.282607, feasible=true, active_stations=1
[2026-10-05 04:37:17.751] [info] [candidate.cpp:199] InstancePrecompute: built 25 candidates
[2026-10-05 04:37:17.751] [info] [stationary.cpp:264] NN: cost=683.030298, feasible=true, active_stations=1
[2026-10-05 04:37:17.751] [info] [candidate.cpp:199] InstancePrecompute: built 25 candidates
[2026-10-05 04:37:17.751] [info] [stationary.cpp:264] NN: cost=43.739543, feasible=true, active_stations=1
[2026-10-05 04:37:17.751] [info] [candidate.cpp:199] InstancePrecompute: built 25 candidates
[2026-10-05 04:37:17.751] [info] [stationary.cpp:264] NN: cost=73.877154, feasible=true, active_stations=1
[2026-10-05 04:37:17.751] [info] [candidate.cpp:199] InstancePrecompute: built 25 candidates
[2026-10-05 04:37:17.751] [info] [stationary.cpp:264] NN: cost=430.194405, feasible=true, active_stations=1
[2026-10-05 04:37:17.751] [info] [candidate.cpp:199] InstancePrecompute: built 25 candidates
[2026-10-05 04:37:17.751] [info] [stationary.cpp:264] NN: cost=166.690330, feasible=true, active_stations=1
[2026-10-05 04:37:17.751] [info] [candidate.cpp:199] InstancePrecompute: built 50 candidates
[2026-10-05 04:37:17.751] [info] [stationary.cpp:264] NN: cost=26.137044, feasible=true, active_stations=1
[2026-10-05 04:37:17.751] [info] [candidate.cpp:199] InstancePrecompute: built 25 candidates
[2026-10-05 04:37:17.751] [info] [stationary.cpp:264] NN: cost=377.920317, feasible=true, active_stations=1
[2026-10-05 04:37:17.751] [info] [candidate.cpp:199] InstancePrecompute: built 25 candidates
[2026-10-05 04:37:17.751] [info] [stationary.cpp:264] NN: cost=1421.268433, feasible=true, active_stations=1
[2026-10-05 04:37:17.751] [info] [candidate.cpp:199] InstancePrecompute: built 25 candidates
[2026-10-05 04:37:17.751] [info] [stationary.cpp:264] NN: cost=1495.678996, feasible=true, active_stations=1
[2026-10-05 04:37:17.751] [info] [candidate.cpp:199] InstancePrecompute: built 25 candidates
[2026-10-05 04:37:17.751] [info] [stationary.cpp:264] NN: cost=1934.141241, feasible=true, active_stations=1
[2026-10-05 04:37:17.751] [info] [candidate.cpp:199] InstancePrecompute: built 25 candidates
[2026-10-05 04:37:17.751] [info] [stationary.cpp:264] NN: cost=21.603067, feasible=true, active_stations=1
[2026-10-05 04:37:17.751] [info] [candidate.cpp:199] InstancePrecompute: built 25 candidates
[2026-10-05 04:37:17.751] [info] [stationary.cpp:264] NN: cost=112.282607, feasible=true, active_stations=1
[2026-10-05 04:37:17.751] [info] [candidate.cpp:199] InstancePrecompute: built 25 candidates
[2026-10-05 04:37:17.751] [info] [stationary.cpp:264] NN: cost=683.030298, feasible=true, active_stations=1
[2026-10-05 04:37:17.751] [info] [candidate.cpp:199] InstancePrecompute: built 25 candidates
[2026-10-05 04:37:17.751] [info] [stationary.cpp:264] NN: cost=43.739543, feasible=true, active_stations=1
[2026-10-05 04:37:17.751] [info] [candidate.cpp:199] InstancePrecompute: built 25 candidates
[2026-10-05 04:37:17.751] [info] [stationary.cpp:264] NN: cost=73.877154, feasible=true, active_stations=1
[2026-10-05 04:37:17.751] [info] [candidate.cpp:199] InstancePrecompute: built 25 candidates
[2026-10-05 04:37:17.751] [info] [stationary.cpp:264] NN: cost=430.194405, feasible=true, active_stations=1
[2026-10-05 04:37:17.751] [info] [candidate.cpp:199] InstancePrecompute: built 25 candidates
[2026-10-05 04:37:17.751] [info] [stationary.cpp:264] NN: cost=26.137044, feasible=true, active_stations=1
[2026-10-05 04:37:17.751] [info] [candidate.cpp:199] InstancePrecompute: built 25 candidates
[2026-10-05 04:37:17.751] [info] [stationary.cpp:264] NN: cost=166.690330, feasible=true, active_stations=1
[2026-10-05 04:37:17.751] [info] [candidate.cpp:199] InstancePrecompute: built 25 candidates
[2026-10-05 04:37:17.751] [info] [stationary.cpp:264] NN: cost=2.667045, feasible=true, active_stations=1
[2026-10-05 04:37:17.751] [info] [candidate.cpp:199] InstancePrecompute: built 25 candidates
[2026-10-05 04:37:17.751] [info] [stationary.cpp:264] NN: cost=1421.268433, feasible=true, active_stations=1
[2026-10-05 04:37:17.751] [info] [candidate.cpp:199] InstancePrecompute: built 25 candidates
[2026-10-05 04:37:17.751] [info] [stationary.cpp:264] NN: cost=1495.678996, feasible=true, active_stations=1
[2026-10-05 04:37:17.751] [info] [candidate.cpp:199] InstancePrecompute: built 25 candidates
[2026-10-05 04:37:17.751] [info] [stationary.cpp:264] NN: cost=377.920317, feasible=true, active_stations=1
[2026-10-05 04:37:17.751] [info] [candidate.cpp:199] InstancePrecompute: built 25 candidates
[2026-10-05 04:37:17.751] [info] [stationary.cpp:264] NN: cost=1934.141241, feasible=true, active_stations=1
[2026-10-05 04:37:17.751] [info] [candidate.cpp:199] InstancePrecompute: built 25 candidates
[2026-10-05 04:37:17.751] [info] [stationary.cpp:264] NN: cost=21.603067, feasible=true, active_stations=1
[2026-10-05 04:37:17.751] [info] [candidate.cpp:199] InstancePrecompute: built 25 candidates
[2026-10-05 04:37:17.751] [info] [stationary.cpp:264] NN: cost=112.282607, feasible=true, active_stations=1
[2026-10-05 04:37:17.751] [info] [candidate.cpp:199] InstancePrecompute: built 25 candidates
[2026-10-05 04:37:17.751] [info] [stationary.cpp:264] NN: cost=683.030298, feasible=true, active_stations=1
[2026-10-05 04:37:17.751] [info] [candidate.cpp:199] InstancePrecompute: built 25 candidates
[2026-10-05 04:37:17.751] [info] [stationary.cpp:264] NN: cost=43.739543, feasible=true, active_stations=1
[2026-10-05 04:37:17.751] [info] [candidate.cpp:199] InstancePrecompute: built 25 candidates
[2026-10-05 04:37:17.751] [info] [stationary.cpp:264] NN: cost=73.877154, feasible=true, active_stations=1
[2026-10-05 04:37:17.751] [info] [candidate.cpp:199] InstancePrecompute: built 25 candidates
[2026-10-05 04:37:17.751] [info] [stationary.cpp:264] NN: cost=430.194405, feasible=true, active_stations=1
[2026-10-05 04:37:17.751] [info] [candidate.cpp:199] InstancePrecompute: built 25 candidates
[2026-10-05 04:37:17.751] [info] [stationary.cpp:264] NN: cost=26.137044, feasible=true, active_stations=1
[2026-10-05 04:37:17.751] [info] [candidate.cpp:199] InstancePrecompute: built 50 candidates
[2026-10-05 04:37:17.751] [info] [stationary.cpp:264] NN: cost=166.690330, feasible=true, active_stations=1
[2026-10-05 04:37:17.752] [info] [candidate.cpp:199] InstancePrecompute: built 25 candidates
[2026-10-05 04:37:17.752] [info] [stationary.cpp:264] NN: cost=1421.268433, feasible=true, active_stations=1
[2026-10-05 04:37:17.752] [info] [candidate.cpp:199] InstancePrecompute: built 25 candidates
[2026-10-05 04:37:17.752] [info] [stationary.cpp:264] NN: cost=1495.678996, feasible=true, active_stations=1
[2026-10-05 04:37:17.752] [info] [candidate.cpp:199] InstancePrecompute: built 25 candidates
[2026-10-05 04:37:17.752] [info] [stationary.cpp:264] NN: cost=377.920317, feasible=true, active_stations=1
[2026-10-05 04:37:17.752] [info] [candidate.cpp:199] InstancePrecompute: built 25 candidates
[2026-10-05 04:37:17.752] [info] [stationary.cpp:264] NN: cost=1934.141241, feasible=true, active_stations=1
[2026-10-05 04:37:17.752] [info] [candidate.cpp:199] InstancePrecompute: built 25 candidates
[2026-10-05 04:37:17.752] [info] [stationary.cpp:264] NN: cost=21.603067, feasible=true, active_stations=1
[2026-10-05 04:37:17.752] [info] [candidate.cpp:199] InstancePrecompute: built 25 candidates
[2026-10-05 04:37:17.752] [info] [stationary.cpp:264] NN: cost=112.282607, feasible=true, active_stations=1
[2026-10-05 04:37:17.752] [info] [candidate.cpp:199] InstancePrecompute: built 25 candidates
[2026-10-05 04:37:17.752] [info] [stationary.cpp:264] NN: cost=683.030298, feasible=true, active_stations=1
[2026-10-05 04:37:17.752] [info] [candidate.cpp:199] InstancePrecompute: built 25 candidates
[2026-10-05 04:37:17.752] [info] [stationary.cpp:264] NN: cost=43.739543, feasible=true, active_stations=1
[2026-10-05 04:37:17.752] [info] [candidate.cpp:199] InstancePrecompute: built 25 candidates
[2026-10-05 04:37:17.752] [info] [stationary.cpp:264] NN: cost=73.877154, feasible=true, active_stations=1
[2026-10-05 04:37:17.752] [info] [candidate.cpp:199] InstancePrecompute: built 25 candidates
[2026-10-05 04:37:17.752] [info] [stationary.cpp:264] NN: cost=430.194405, feasible=true, active_stations=1
[2026-10-05 04:37:17.752] [info] [candidate.cpp:199] InstancePrecompute: built 25 candidates
[2026-10-05 04:37:17.752] [info] [stationary.cpp:264] NN: cost=26.137044, feasible=true, active_stations=1
[2026-10-05 04:37:17.752] [info] [candidate.cpp:199] InstancePrecompute: built 50 candidates
[2026-10-05 04:37:17.752] [info] [stationary.cpp:264] NN: cost=166.690330, feasible=true, active_stations=1
[2026-10-05 04:37:17.752] [info] [candidate.cpp:199] InstancePrecompute: built 25 candidates
[2026-10-05 04:37:17.752] [info] [stationary.cpp:264] NN: cost=1421.268433, feasible=true, active_stations=1
[2026-10-05 04:37:17.752] [info] [candidate.cpp:199] InstancePrecompute: built 25 candidates
[2026-10-05 04:37:17.752] [info] [stationary.cpp:264] NN: cost=1495.678996, feasible=true, active_stations=1
[2026-10-05 04:37:17.752] [info] [candidate.cpp:199] InstancePrecompute: built 25 candidates
[2026-10-05 04:37:17.752] [info] [stationary.cpp:264] NN: cost=377.920317, feasible=true, active_stations=1
[2026-10-05 04:37:17.752] [info] [candidate.cpp:199] InstancePrecompute: built 25 candidates
[2026-10-05 04:37:17.752] [info] [stationary.cpp:264] NN: cost=1934.141241, feasible=true, active_stations=1
[2026-10-05 04:37:17.752] [info] [candidate.cpp:199] InstancePrecompute: built 25 candidates
[2026-10-05 04:37:17.752] [info] [stationary.cpp:264] NN: cost=21.603067, feasible=true, active_stations=1
[2026-10-05 04:37:17.752] [info] [candidate.cpp:199] InstancePrecompute: built 25 candidates
[2026-10-05 04:37:17.752] [info] [stationary.cpp:264] NN: cost=112.282607, feasible=true, active_stations=1
[2026-10-05 04:37:17.752] [info] [candidate.cpp:199] InstancePrecompute: built 25 candidates
[2026-10-05 04:37:17.752] [info] [stationary.cpp:264] NN: cost=683.030298, feasible=true, active_stations=1
[2026-10-05 04:37:17.752] [info] [candidate.cpp:199] InstancePrecompute: built 25 candidates
[2026-10-05 04:37:17.752] [info] [stationary.cpp:264] NN: cost=43.739543, feasible=true, active_stations=1
[2026-10-05 04:37:17.752] [info] [candidate.cpp:199] InstancePrecompute: built 25 candidates
[2026-10-05 04:37:17.752] [info] [stationary.cpp:264] NN: cost=73.877154, feasible=true, active_stations=1
[2026-10-05 04:37:17.752] [info] [candidate.cpp:199] InstancePrecompute: built 25 candidates
[2026-10-05 04:37:17.752] [info] [stationary.cpp:264] NN: cost=430.194405, feasible=true, active_stations=1
[2026-10-05 04:37:17.752] [info] [candidate.cpp:199] InstancePrecompute: built 25 candidates
[2026-10-05 04:37:17.752] [info] [stationary.cpp:264] NN: cost=26.137044, feasible=true, active_stations=1
[2026-10-05 04:37:17.752] [info] [candidate.cpp:199] InstancePrecompute: built 25 candidates
[2026-10-05 04:37:17.752] [info] [stationary.cpp:264] NN: cost=166.690330, feasible=true, active_stations=1
[2026-10-05 04:37:17.752] [info] [candidate.cpp:199] InstancePrecompute: built 25 candidates
[2026-10-05 04:37:17.752] [info] [stationary.cpp:264] NN: cost=2.667045, feasible=true, active_stations=1
[2026-10-05 04:37:17.752] [info] [candidate.cpp:199] InstancePrecompute: built 25 candidates
[2026-10-05 04:37:17.752] [info] [stationary.cpp:264] NN: cost=1421.268433, feasible=true, active_stations=1
[2026-10-05 04:37:17.752] [info] [candidate.cpp:199] InstancePrecompute: built 25 candidates
[2026-10-05 04:37:17.752] [info] [stationary.cpp:264] NN: cost=1495.678996, feasible=true, active_stations=1
[2026-10-05 04:37:17.752] [info] [candidate.cpp:199] InstancePrecompute: built 25 candidates
[2026-10-05 04:37:17.752] [info] [stationary.cpp:264] NN: cost=377.920317, feasible=true, active_stations=1
[2026-10-05 04:37:17.752] [info] [candidate.cpp:199] InstancePrecompute: built 25 candidates
[2026-10-05 04:37:17.752] [info] [stationary.cpp:264] NN: cost=1934.141241, feasible=true, active_stations=1
[2026-10-05 04:37:17.752] [info] [candidate.cpp:199] InstancePrecompute: built 25 candidates
[2026-10-05 04:37:17.752] [info] [stationary.cpp:264] NN: cost=21.603067, feasible=true, active_stations=1
[2026-10-05 04:37:17.752] [info] [candidate.cpp:199] InstancePrecompute: built 25 candidates
[2026-10-05 04:37:17.752] [info] [stationary.cpp:264] NN: cost=112.282607, feasible=true, active_stations=1
[2026-10-05 04:37:17.752] [info] [candidate.cpp:199] InstancePrecompute: built 25 candidates
[2026-10-05 04:37:17.752] [info] [stationary.cpp:264] NN: cost=683.030298, feasible=true, active_stations=1
[2026-10-05 04:37:17.752] [info] [candidate.cpp:199] InstancePrecompute: built 25 candidates
[2026-10-05 04:37:17.752] [info] [stationary.cpp:264] NN: cost=43.739543, feasible=true, active_stations=1
[2026-10-05 04:37:17.752] [info] [candidate.cpp:199] InstancePrecompute: built 25 candidates
[2026-10-05 04:37:17.752] [info] [stationary.cpp:264] NN: cost=73.877154, feasible=true, active_stations=1
[2026-10-05 04:37:17.752] [info] [candidate.cpp:199] InstancePrecompute: built 25 candidates
[2026-10-05 04:37:17.752] [info] [stationary.cpp:264] NN: cost=430.194405, feasible=true, active_stations=1
[2026-10-05 04:37:17.752] [info] [candidate.cpp:199] InstancePrecompute: built 25 candidates
[2026-10-05 04:37:17.752] [info] [stationary.cpp:264] NN: cost=26.137044, feasible=true, active_stations=1
[2026-10-05 04:37:17.752] [info] [candidate.cpp:199] InstancePrecompute: built 25 candidates
[2026-10-05 04:37:17.752] [info] [stationary.cpp:264] NN: cost=166.690330, feasible=true, active_stations=1
[2026-10-05 04:37:17.752] [info] [candidate.cpp:199] InstancePrecompute: built 25 candidates
[2026-10-05 04:37:17.752] [info] [stationary.cpp:264] NN: cost=2.667045, feasible=true, active_stations=1
[2026-10-05 04:37:17.752] [info] [candidate.cpp:199] InstancePrecompute: built 25 candidates
[2026-10-05 04:37:17.752] [info] [stationary.cpp:264] NN: cost=1421.268433, feasible=true, active_stations=1
[2026-10-05 04:37:17.752] [info] [candidate.cpp:199] InstancePrecompute: built 25 candidates
[2026-10-05 04:37:17.752] [info] [stationary.cpp:264] NN: cost=1495.678996, feasible=true, active_stations=1
[2026-10-05 04:37:17.752] [info] [candidate.cpp:199] InstancePrecompute: built 25 candidates
[2026-10-05 04:37:17.752] [info] [stationary.cpp:264] NN: cost=377.920317, feasible=true, active_stations=1
[2026-10-05 04:37:17.752] [info] [candidate.cpp:199] InstancePrecompute: built 25 candidates
[2026-10-05 04:37:17.752] [info] [stationary.cpp:264] NN: cost=1934.141241, feasible=true, active_stations=1
[2026-10-05 04:37:17.752] [info] [candidate.cpp:199] InstancePrecompute: built 25 candidates
[2026-10-05 04:37:17.752] [info] [stationary.cpp:264] NN: cost=21.603067, feasible=true, active_stations=1
[2026-10-05 04:37:17.752] [info] [candidate.cpp:199] InstancePrecompute: built 25 candidates
[2026-10-05 04:37:17.752] [info] [stationary.cpp:264] NN: cost=112.282607, feasible=true, active_stations=1
[2026-10-05 04:37:17.752] [info] [candidate.cpp:199] InstancePrecompute: built 25 candidates
[2026-10-05 04:37:17.752] [info] [stationary.cpp:264] NN: cost=683.030298, feasible=true, active_stations=1
[2026-10-05 04:37:17.752] [info] [candidate.cpp:199] InstancePrecompute: built 25 candidates
[2026-10-05 04:37:17.752] [info] [stationary.cpp:264] NN: cost=43.739543, feasible=true, active_stations=1
[2026-10-05 04:37:17.752] [info] [candidate.cpp:199] InstancePrecompute: built 25 candidates
[2026-10-05 04:37:17.752] [info] [stationary.cpp:264] NN: cost=73.877154, feasible=true, active_stations=1
[2026-10-05 04:37:17.752] [info] [candidate.cpp:199] InstancePrecompute: built 25 candidates
[2026-10-05 04:37:17.752] [info] [stationary.cpp:264] NN: cost=430.194405, feasible=true, active_stations=1
[2026-10-05 04:37:17.752] [info] [candidate.cpp:199] InstancePrecompute: built 25 candidates
[2026-10-05 04:37:17.752] [info] [stationary.cpp:264] NN: cost=26.137044, feasible=true, active_stations=1
[2026-10-05 04:37:17.752] [info] [candidate.cpp:199] InstancePrecompute: built 25 candidates
[2026-10-05 04:37:17.752] [info] [stationary.cpp:264] NN: cost=166.690330, feasible=true, active_stations=1
[2026-10-05 04:37:17.752] [info] [candidate.cpp:199] InstancePrecompute: built 25 candidates
[2026-10-05 04:37:17.752] [info] [stationary.cpp:264] NN: cost=2.667045, feasible=true, active_stations=1
[2026-10-05 04:37:17.752] [info] [candidate.cpp:199] InstancePrecompute: built 25 candidates
[2026-10-05 04:37:17.752] [info] [stationary.cpp:264] NN: cost=1421.268433, feasible=true, active_stations=1
[2026-10-05 04:37:17.752] [info] [candidate.cpp:199] InstancePrecompute: built 25 candidates
[2026-10-05 04:37:17.752] [info] [stationary.cpp:264] NN: cost=1495.678996, feasible=true, active_stations=1
[2026-10-05 04:37:17.752] [info] [candidate.cpp:199] InstancePrecompute: built 25 candidates
[2026-10-05 04:37:17.752] [info] [stationary.cpp:264] NN: cost=377.920317, feasible=true, active_stations=1
[2026-10-05 04:37:17.752] [info] [candidate.cpp:199] InstancePrecompute: built 25 candidates
[2026-10-05 04:37:17.752] [info] [stationary.cpp:264] NN: cost=1934.141241, feasible=true, active_stations=1
[2026-10-05 04:37:17.752] [info] [candidate.cpp:199] InstancePrecompute: built 25 candidates
[2026-10-05 04:37:17.752] [info] [stationary.cpp:264] NN: cost=21.603067, feasible=true, active_stations=1
[2026-10-05 04:37:17.752] [info] [candidate.cpp:199] InstancePrecompute: built 25 candidates
[2026-10-05 04:37:17.752] [info] [stationary.cpp:264] NN: cost=112.282607, feasible=true, active_stations=1
[2026-10-05 04:37:17.752] [info] [candidate.cpp:199] InstancePrecompute: built 25 candidates
[2026-10-05 04:37:17.752] [info] [stationary.cpp:264] NN: cost=683.030298, feasible=true, active_stations=1
[2026-10-05 04:37:17.752] [info] [candidate.cpp:199] InstancePrecompute: built 25 candidates
[2026-10-05 04:37:17.752] [info] [stationary.cpp:264] NN: cost=43.739543, feasible=true, active_stations=1
[2026-10-05 04:37:17.752] [info] [candidate.cpp:199] InstancePrecompute: built 25 candidates
[2026-10-05 04:37:17.752] [info] [stationary.cpp:264] NN: cost=73.877154, feasible=true, active_stations=1
[2026-10-05 04:37:17.752] [info] [candidate.cpp:199] InstancePrecompute: built 25 candidates
[2026-10-05 04:37:17.752] [info] [stationary.cpp:264] NN: cost=430.194405, feasible=true, active_stations=1
[2026-10-05 04:37:17.752] [info] [candidate.cpp:199] InstancePrecompute: built 25 candidates
[2026-10-05 04:37:17.752] [info] [stationary.cpp:264] NN: cost=26.137044, feasible=true, active_stations=1
[2026-10-05 04:37:17.752] [info] [candidate.cpp:199] InstancePrecompute: built 25 candidates
[2026-10-05 04:37:17.752] [info] [stationary.cpp:264] NN: cost=166.690330, feasible=true, active_stations=1
[2026-10-05 04:37:17.752] [info] [candidate.cpp:199] InstancePrecompute: built 25 candidates
[2026-10-05 04:37:17.752] [info] [stationary.cpp:264] NN: cost=2.667045, feasible=true, active_stations=1
[2026-10-05 04:37:17.752] [info] [candidate.cpp:199] InstancePrecompute: built 25 candidates
[2026-10-05 04:37:17.752] [info] [stationary.cpp:264] NN: cost=1421.268433, feasible=true, active_stations=1
[2026-10-05 04:37:17.752] [info] [candidate.cpp:199] InstancePrecompute: built 25 candidates
[2026-10-05 04:37:17.752] [info] [stationary.cpp:264] NN: cost=1495.678996, feasible=true, active_stations=1
[2026-10-05 04:37:17.752] [info] [candidate.cpp:199] InstancePrecompute: built 25 candidates
[2026-10-05 04:37:17.752] [info] [stationary.cpp:264] NN: cost=377.920317, feasible=true, active_stations=1
[2026-10-05 04:37:17.752] [info] [candidate.cpp:199] InstancePrecompute: built 25 candidates
[2026-10-05 04:37:17.752] [info] [stationary.cpp:264] NN: cost=1934.141241, feasible=true, active_stations=1
[2026-10-05 04:37:17.752] [info] [candidate.cpp:199] InstancePrecompute: built 25 candidates
[2026-10-05 04:37:17.752] [info] [stationary.cpp:264] NN: cost=21.603067, feasible=true, active_stations=1
[2026-10-05 04:37:17.752] [info] [candidate.cpp:199] InstancePrecompute: built 25 candidates
[2026-10-05 04:37:17.752] [info] [stationary.cpp:264] NN: cost=112.282607, feasible=true, active_stations=1
[2026-10-05 04:37:17.752] [info] [candidate.cpp:199] InstancePrecompute: built 25 candidates
[2026-10-05 04:37:17.752] [info] [stationary.cpp:264] NN: cost=683.030298, feasible=true, active_stations=1
[2026-10-05 04:37:17.752] [info] [candidate.cpp:199] InstancePrecompute: built 25 candidates
[2026-10-05 04:37:17.752] [info] [stationary.cpp:264] NN: cost=43.739543, feasible=true, active_stations=1
[2026-10-05 04:37:17.752] [info] [candidate.cpp:199] InstancePrecompute: built 25 candidates
[2026-10-05 04:37:17.752] [info] [stationary.cpp:264] NN: cost=430.194405, feasible=true, active_stations=1
[2026-10-05 04:37:17.752] [info] [candidate.cpp:199] InstancePrecompute: built 25 candidates
[2026-10-05 04:37:17.752] [info] [stationary.cpp:264] NN: cost=73.877154, feasible=true, active_stations=1
[2026-10-05 04:37:17.752] [info] [candidate.cpp:199] InstancePrecompute: built 25 candidates
[2026-10-05 04:37:17.752] [info] [stationary.cpp:264] NN: cost=166.690330, feasible=true, active_stations=1
[2026-10-05 04:37:17.752] [info] [candidate.cpp:199] InstancePrecompute: built 50 candidates
[2026-10-05 04:37:17.752] [info] [stationary.cpp:264] NN: cost=26.137044, feasible=true, active_stations=1
[2026-10-05 04:37:17.752] [info] [candidate.cpp:199] InstancePrecompute: built 25 candidates
[2026-10-05 04:37:17.752] [info] [stationary.cpp:264] NN: cost=1421.268433, feasible=true, active_stations=1
[2026-10-05 04:37:17.752] [info] [candidate.cpp:199] InstancePrecompute: built 25 candidates
[2026-10-05 04:37:17.752] [info] [stationary.cpp:264] NN: cost=1495.678996, feasible=true, active_stations=1
[2026-10-05 04:37:17.752] [info] [candidate.cpp:199] InstancePrecompute: built 25 candidates
[2026-10-05 04:37:17.752] [info] [stationary.cpp:264] NN: cost=377.920317, feasible=true, active_stations=1
[2026-10-05 04:37:17.752] [info] [candidate.cpp:199] InstancePrecompute: built 25 candidates
[2026-10-05 04:37:17.752] [info] [stationary.cpp:264] NN: cost=1934.141241, feasible=true, active_stations=1
[2026-10-05 04:37:17.752] [info] [candidate.cpp:199] InstancePrecompute: built 25 candidates
[2026-10-05 04:37:17.752] [info] [stationary.cpp:264] NN: cost=21.603067, feasible=true, active_stations=1
[2026-10-05 04:37:17.752] [info] [candidate.cpp:199] InstancePrecompute: built 25 candidates
[2026-10-05 04:37:17.752] [info] [stationary.cpp:264] NN: cost=112.282607, feasible=true, active_stations=1
[2026-10-05 04:37:17.752] [info] [candidate.cpp:199] InstancePrecompute: built 25 candidates
[2026-10-05 04:37:17.752] [info] [stationary.cpp:264] NN: cost=683.030298, feasible=true, active_stations=1
[2026-10-05 04:37:17.752] [info] [candidate.cpp:199] InstancePrecompute: built 25 candidates
[2026-10-05 04:37:17.752] [info] [stationary.cpp:264] NN: cost=43.739543, feasible=true, active_stations=1
[2026-10-05 04:37:17.752] [info] [candidate.cpp:199] InstancePrecompute: built 25 candidates
[2026-10-05 04:37:17.752] [info] [stationary.cpp:264] NN: cost=430.194405, feasible=true, active_stations=1
[2026-10-05 04:37:17.752] [info] [candidate.cpp:199] InstancePrecompute: built 25 candidates
[2026-10-05 04:37:17.752] [info] [stationary.cpp:264] NN: cost=73.877154, feasible=true, active_stations=1
[2026-10-05 04:37:17.752] [info] [candidate.cpp:199] InstancePrecompute: built 75 candidates
[2026-10-05 04:37:17.752] [info] [stationary.cpp:264] NN: cost=166.690330, feasible=true, active_stations=1
[2026-10-05 04:37:17.752] [info] [candidate.cpp:199] InstancePrecompute: built 25 candidates
[2026-10-05 04:37:17.752] [info] [stationary.cpp:264] NN: cost=1421.268433, feasible=true, active_stations=1
[2026-10-05 04:37:17.752] [info] [candidate.cpp:199] InstancePrecompute: built 25 candidates
[2026-10-05 04:37:17.752] [info] [stationary.cpp:264] NN: cost=1495.678996, feasible=true, active_stations=1
[2026-10-05 04:37:17.752] [info] [candidate.cpp:199] InstancePrecompute: built 25 candidates
[2026-10-05 04:37:17.752] [info] [stationary.cpp:264] NN: cost=377.920317, feasible=true, active_stations=1
[2026-10-05 04:37:17.752] [info] [candidate.cpp:199] InstancePrecompute: built 25 candidates
[2026-10-05 04:37:17.752] [info] [stationary.cpp:264] NN: cost=1934.141241, feasible=true, active_stations=1
[2026-10-05 04:37:17.752] [info] [candidate.cpp:199] InstancePrecompute: built 25 candidates
[2026-10-05 04:37:17.752] [info] [stationary.cpp:264] NN: cost=21.603067, feasible=true, active_stations=1
[2026-10-05 04:37:17.752] [info] [candidate.cpp:199] InstancePrecompute: built 25 candidates
[2026-10-05 04:37:17.752] [info] [stationary.cpp:264] NN: cost=112.282607, feasible=true, active_stations=1
[2026-10-05 04:37:17.752] [info] [candidate.cpp:199] InstancePrecompute: built 25 candidates
[2026-10-05 04:37:17.752] [info] [stationary.cpp:264] NN: cost=683.030298, feasible=true, active_stations=1
[2026-10-05 04:37:17.752] [info] [candidate.cpp:199] InstancePrecompute: built 25 candidates
[2026-10-05 04:37:17.752] [info] [stationary.cpp:264] NN: cost=43.739543, feasible=true, active_stations=1
[2026-10-05 04:37:17.752] [info] [candidate.cpp:199] InstancePrecompute: built 25 candidates
[2026-10-05 04:37:17.752] [info] [stationary.cpp:264] NN: cost=430.194405, feasible=true, active_stations=1
[2026-10-05 04:37:17.752] [info] [candidate.cpp:199] InstancePrecompute: built 25 candidates
[2026-10-05 04:37:17.752] [info] [stationary.cpp:264] NN: cost=73.877154, feasible=true, active_stations=1
[2026-10-05 04:37:17.752] [info] [candidate.cpp:199] InstancePrecompute: built 50 candidates
[2026-10-05 04:37:17.752] [info] [stationary.cpp:264] NN: cost=166.690330, feasible=true, active_stations=1
[2026-10-05 04:37:17.752] [info] [candidate.cpp:199] InstancePrecompute: built 25 candidates
[2026-10-05 04:37:17.752] [info] [stationary.cpp:264] NN: cost=26.137044, feasible=true, active_stations=1
[2026-10-05 04:37:17.752] [info] [candidate.cpp:199] InstancePrecompute: built 25 candidates
[2026-10-05 04:37:17.752] [info] [stationary.cpp:264] NN: cost=1421.268433, feasible=true, active_stations=1
[2026-10-05 04:37:17.752] [info] [candidate.cpp:199] InstancePrecompute: built 25 candidates
[2026-10-05 04:37:17.752] [info] [stationary.cpp:264] NN: cost=1495.678996, feasible=true, active_stations=1
[2026-10-05 04:37:17.752] [info] [candidate.cpp:199] InstancePrecompute: built 25 candidates
[2026-10-05 04:37:17.752] [info] [stationary.cpp:264] NN: cost=377.920317, feasible=true, active_stations=1
[2026-10-05 04:37:17.752] [info] [candidate.cpp:199] InstancePrecompute: built 25 candidates
[2026-10-05 04:37:17.752] [info] [stationary.cpp:264] NN: cost=1934.141241, feasible=true, active_stations=1
[2026-10-05 04:37:17.752] [info] [candidate.cpp:199] InstancePrecompute: built 25 candidates
[2026-10-05 04:37:17.752] [info] [stationary.cpp:264] NN: cost=21.603067, feasible=true, active_stations=1
[2026-10-05 04:37:17.752] [info] [candidate.cpp:199] InstancePrecompute: built 25 candidates
[2026-10-05 04:37:17.752] [info] [stationary.cpp:264] NN: cost=112.282607, feasible=true, active_stations=1
[2026-10-05 04:37:17.752] [info] [candidate.cpp:199] InstancePrecompute: built 25 candidates
[2026-10-05 04:37:17.752] [info] [stationary.cpp:264] NN: cost=683.030298, feasible=true, active_stations=1
[2026-10-05 04:37:17.752] [info] [candidate.cpp:199] InstancePrecompute: built 25 candidates
[2026-10-05 04:37:17.752] [info] [stationary.cpp:264] NN: cost=43.739543, feasible=true, active_stations=1
[2026-10-05 04:37:17.752] [info] [candidate.cpp:199] InstancePrecompute: built 25 candidates
[2026-10-05 04:37:17.752] [info] [stationary.cpp:264] NN: cost=430.194405, feasible=true, active_stations=1
[2026-10-05 04:37:17.752] [info] [candidate.cpp:199] InstancePrecompute: built 25 candidates
[2026-10-05 04:37:17.752] [info] [stationary.cpp:264] NN: cost=73.877154, feasible=true, active_stations=1
[2026-10-05 04:37:17.752] [info] [candidate.cpp:199] InstancePrecompute: built 25 candidates
[2026-10-05 04:37:17.752] [info] [stationary.cpp:264] NN: cost=166.690330, feasible=true, active_stations=1
[2026-10-05 04:37:17.752] [info] [candidate.cpp:199] InstancePrecompute: built 50 candidates
[2026-10-05 04:37:17.752] [info] [stationary.cpp:264] NN: cost=26.137044, feasible=true, active_stations=1
[2026-10-05 04:37:17.752] [info] [candidate.cpp:199] InstancePrecompute: built 25 candidates
[2026-10-05 04:37:17.752] [info] [stationary.cpp:264] NN: cost=1421.268433, feasible=true, active_stations=1
[2026-10-05 04:37:17.752] [info] [candidate.cpp:199] InstancePrecompute: built 25 candidates
[2026-10-05 04:37:17.752] [info] [stationary.cpp:264] NN: cost=1495.678996, feasible=true, active_stations=1
[2026-10-05 04:37:17.752] [info] [candidate.cpp:199] InstancePrecompute: built 25 candidates
[2026-10-05 04:37:17.752] [info] [stationary.cpp:264] NN: cost=377.920317, feasible=true, active_stations=1
[2026-10-05 04:37:17.752] [info] [candidate.cpp:199] InstancePrecompute: built 25 candidates
[2026-10-05 04:37:17.752] [info] [stationary.cpp:264] NN: cost=1934.141241, feasible=true, active_stations=1
[2026-10-05 04:37:17.752] [info] [candidate.cpp:199] InstancePrecompute: built 25 candidates
[2026-10-05 04:37:17.752] [info] [stationary.cpp:264] NN: cost=21.603067, feasible=true, active_stations=1
[2026-10-05 04:37:17.752] [info] [candidate.cpp:199] InstancePrecompute: built 25 candidates
[2026-10-05 04:37:17.752] [info] [stationary.cpp:264] NN: cost=112.282607, feasible=true, active_stations=1
[2026-10-05 04:37:17.752] [info] [candidate.cpp:199] InstancePrecompute: built 25 candidates
[2026-10-05 04:37:17.752] [info] [stationary.cpp:264] NN: cost=683.030298, feasible=true, active_stations=1
[2026-10-05 04:37:17.752] [info] [candidate.cpp:199] InstancePrecompute: built 25 candidates
[2026-10-05 04:37:17.752] [info] [stationary.cpp:264] NN: cost=43.739543, feasible=true, active_stations=1
[2026-10-05 04:37:17.752] [info] [candidate.cpp:199] InstancePrecompute: built 25 candidates
[2026-10-05 04:37:17.752] [info] [stationary.cpp:264] NN: cost=430.194405, feasible=true, active_stations=1
[2026-10-05 04:37:17.752] [info] [candidate.cpp:199] InstancePrecompute: built 25 candidates
[2026-10-05 04:37:17.752] [info] [stationary.cpp:264] NN: cost=73.877154, feasible=true, active_stations=1
[2026-10-05 04:37:17.752] [info] [candidate.cpp:199] InstancePrecompute: built 25 candidates
[2026-10-05 04:37:17.752] [info] [stationary.cpp:264] NN: cost=166.690330, feasible=true, active_stations=1
[2026-10-05 04:37:17.752] [info] [candidate.cpp:199] InstancePrecompute: built 50 candidates
[2026-10-05 04:37:17.752] [info] [stationary.cpp:264] NN: cost=26.137044, feasible=true, active_stations=1
[2026-10-05 04:37:17.752] [info] [candidate.cpp:199] InstancePrecompute: built 25 candidates
[2026-10-05 04:37:17.752] [info] [stationary.cpp:264] NN: cost=1421.268433, feasible=true, active_stations=1
[2026-10-05 04:37:17.752] [info] [candidate.cpp:199] InstancePrecompute: built 25 candidates
[2026-10-05 04:37:17.752] [info] [stationary.cpp:264] NN: cost=1495.678996, feasible=true, active_stations=1
[2026-10-05 04:37:17.752] [info] [candidate.cpp:199] InstancePrecompute: built 25 candidates
[2026-10-05 04:37:17.752] [info] [stationary.cpp:264] NN: cost=377.920317, feasible=true, active_stations=1
[2026-10-05 04:37:17.752] [info] [candidate.cpp:199] InstancePrecompute: built 25 candidates
[2026-10-05 04:37:17.752] [info] [stationary.cpp:264] NN: cost=1934.141241, feasible=true, active_stations=1
[2026-10-05 04:37:17.752] [info] [candidate.cpp:199] InstancePrecompute: built 25 candidates
[2026-10-05 04:37:17.752] [info] [stationary.cpp:264] NN: cost=21.603067, feasible=true, active_stations=1
[2026-10-05 04:37:17.752] [info] [candidate.cpp:199] InstancePrecompute: built 25 candidates
[2026-10-05 04:37:17.752] [info] [stationary.cpp:264] NN: cost=112.282607, feasible=true, active_stations=1
[2026-10-05 04:37:17.752] [info] [candidate.cpp:199] InstancePrecompute: built 25 candidates
[2026-10-05 04:37:17.752] [info] [stationary.cpp:264] NN: cost=683.030298, feasible=true, active_stations=1
[2026-10-05 04:37:17.752] [info] [candidate.cpp:199] InstancePrecompute: built 25 candidates
[2026-10-05 04:37:17.752] [info] [stationary.cpp:264] NN: cost=43.739543, feasible=true, active_stations=1
[2026-10-05 04:37:17.752] [info] [candidate.cpp:199] InstancePrecompute: built 25 candidates
[2026-10-05 04:37:17.752] [info] [stationary.cpp:264] NN: cost=430.194405, feasible=true, active_stations=1
[2026-10-05 04:37:17.752] [info] [candidate.cpp:199] InstancePrecompute: built 25 candidates
[2026-10-05 04:37:17.752] [info] [stationary.cpp:264] NN: cost=73.877154, feasible=true, active_stations=1
[2026-10-05 04:37:17.752] [info] [candidate.cpp:199] InstancePrecompute: built 25 candidates
[2026-10-05 04:37:17.752] [info] [stationary.cpp:264] NN: cost=166.690330, feasible=true, active_stations=1
[2026-10-05 04:37:17.752] [info] [candidate.cpp:199] InstancePrecompute: built 50 candidates
[2026-10-05 04:37:17.752] [info] [stationary.cpp:264] NN: cost=26.137044, feasible=true, active_stations=1
[2026-10-05 04:37:17.752] [info] [candidate.cpp:199] InstancePrecompute: built 25 candidates
[2026-10-05 04:37:17.752] [info] [stationary.cpp:264] NN: cost=1421.268433, feasible=true, active_stations=1
[2026-10-05 04:37:17.752] [info] [candidate.cpp:199] InstancePrecompute: built 25 candidates
[2026-10-05 04:37:17.752] [info] [stationary.cpp:264] NN: cost=1495.678996, feasible=true, active_stations=1
[2026-10-05 04:37:17.752] [info] [candidate.cpp:199] InstancePrecompute: built 25 candidates
[2026-10-05 04:37:17.752] [info] [stationary.cpp:264] NN: cost=377.920317, feasible=true, active_stations=1
[2026-10-05 04:37:17.752] [info] [candidate.cpp:199] InstancePrecompute: built 25 candidates
[2026-10-05 04:37:17.752] [info] [stationary.cpp:264] NN: cost=1934.141241, feasible=true, active_stations=1
[2026-10-05 04:37:17.752] [info] [candidate.cpp:199] InstancePrecompute: built 25 candidates
[2026-10-05 04:37:17.752] [info] [stationary.cpp:264] NN: cost=21.603067, feasible=true, active_stations=1
[2026-10-05 04:37:17.752] [info] [candidate.cpp:199] InstancePrecompute: built 25 candidates
[2026-10-05 04:37:17.752] [info] [stationary.cpp:264] NN: cost=112.282607, feasible=true, active_stations=1
[2026-10-05 04:37:17.752] [info] [candidate.cpp:199] InstancePrecompute: built 25 candidates
[2026-10-05 04:37:17.752] [info] [stationary.cpp:264] NN: cost=683.030298, feasible=true, active_stations=1
[2026-10-05 04:37:17.752] [info] [candidate.cpp:199] InstancePrecompute: built 25 candidates
[2026-10-05 04:37:17.752] [info] [stationary.cpp:264] NN: cost=43.739543, feasible=true, active_stations=1
[2026-10-05 04:37:17.752] [info] [candidate.cpp:199] InstancePrecompute: built 25 candidates
[2026-10-05 04:37:17.752] [info] [stationary.cpp:264] NN: cost=430.194405, feasible=true, active_stations=1
[2026-10-05 04:37:17.752] [info] [candidate.cpp:199] InstancePrecompute: built 25 candidates
[2026-10-05 04:37:17.752] [info] [stationary.cpp:264] NN: cost=73.877154, feasible=true, active_stations=1
[2026-10-05 04:37:17.752] [info] [candidate.cpp:199] InstancePrecompute: built 25 candidates
[2026-10-05 04:37:17.752] [info] [stationary.cpp:264] NN: cost=166.690330, feasible=true, active_stations=1
[2026-10-05 04:37:17.752] [info] [candidate.cpp:199] InstancePrecompute: built 50 candidates
[2026-10-05 04:37:17.752] [info] [stationary.cpp:264] NN: cost=26.137044, feasible=true, active_stations=1
[2026-10-05 04:37:17.753] [info] [candidate.cpp:199] InstancePrecompute: built 25 candidates
[2026-10-05 04:37:17.753] [info] [stationary.cpp:264] NN: cost=1421.268433, feasible=true, active_stations=1
[2026-10-05 04:37:17.753] [info] [candidate.cpp:199] InstancePrecompute: built 25 candidates
[2026-10-05 04:37:17.753] [info] [stationary.cpp:264] NN: cost=1495.678996, feasible=true, active_stations=1
[2026-10-05 04:37:17.753] [info] [candidate.cpp:199] InstancePrecompute: built 25 candidates
[2026-10-05 04:37:17.753] [info] [stationary.cpp:264] NN: cost=377.920317, feasible=true, active_stations=1
[2026-10-05 04:37:17.753] [info] [candidate.cpp:199] InstancePrecompute: built 25 candidates
[2026-10-05 04:37:17.753] [info] [stationary.cpp:264] NN: cost=1934.141241, feasible=true, active_stations=1
[2026-10-05 04:37:17.753] [info] [candidate.cpp:199] InstancePrecompute: built 50 candidates
[2026-10-05 04:37:17.753] [info] [stationary.cpp:264] NN: cost=112.282607, feasible=true, active_stations=1
[2026-10-05 04:37:17.753] [info] [candidate.cpp:199] InstancePrecompute: built 25 candidates
[2026-10-05 04:37:17.753] [info] [stationary.cpp:264] NN: cost=683.030298, feasible=true, active_stations=1
[2026-10-05 04:37:17.753] [info] [candidate.cpp:199] InstancePrecompute: built 25 candidates
[2026-10-05 04:37:17.753] [info] [stationary.cpp:264] NN: cost=430.194405, feasible=true, active_stations=1
[2026-10-05 04:37:17.753] [info] [candidate.cpp:199] InstancePrecompute: built 25 candidates
[2026-10-05 04:37:17.753] [info] [stationary.cpp:264] NN: cost=43.739543, feasible=true, active_stations=1
[2026-10-05 04:37:17.753] [info] [candidate.cpp:199] InstancePrecompute: built 25 candidates
[2026-10-05 04:37:17.753] [info] [stationary.cpp:264] NN: cost=73.877154, feasible=true, active_stations=1
[2026-10-05 04:37:17.753] [info] [candidate.cpp:199] InstancePrecompute: built 25 candidates
[2026-10-05 04:37:17.753] [info] [stationary.cpp:264] NN: cost=166.690330, feasible=true, active_stations=1
[2026-10-05 04:37:17.753] [info] [candidate.cpp:199] InstancePrecompute: built 50 candidates
[2026-10-05 04:37:17.753] [info] [stationary.cpp:264] NN: cost=26.137044, feasible=true, active_stations=1
[2026-10-05 04:37:17.753] [info] [candidate.cpp:199] InstancePrecompute: built 25 candidates
[2026-10-05 04:37:17.753] [info] [stationary.cpp:264] NN: cost=1421.268433, feasible=true, active_stations=1
[2026-10-05 04:37:17.753] [info] [candidate.cpp:199] InstancePrecompute: built 25 candidates
[2026-10-05 04:37:17.753] [info] [stationary.cpp:264] NN: cost=377.920317, feasible=true, active_stations=1
[2026-10-05 04:37:17.753] [info] [candidate.cpp:199] InstancePrecompute: built 25 candidates
[2026-10-05 04:37:17.753] [info] [stationary.cpp:264] NN: cost=1495.678996, feasible=true, active_stations=1
[2026-10-05 04:37:17.753] [info] [candidate.cpp:199] InstancePrecompute: built 25 candidates
[2026-10-05 04:37:17.753] [info] [stationary.cpp:264] NN: cost=1934.141241, feasible=true, active_stations=1
[2026-10-05 04:37:17.753] [info] [candidate.cpp:199] InstancePrecompute: built 50 candidates
[2026-10-05 04:37:17.753] [info] [stationary.cpp:264] NN: cost=112.282607, feasible=true, active_stations=1
[2026-10-05 04:37:17.753] [info] [candidate.cpp:199] InstancePrecompute: built 25 candidates
[2026-10-05 04:37:17.753] [info] [stationary.cpp:264] NN: cost=683.030298, feasible=true, active_stations=1
[2026-10-05 04:37:17.753] [info] [candidate.cpp:199] InstancePrecompute: built 25 candidates
[2026-10-05 04:37:17.753] [info] [stationary.cpp:264] NN: cost=430.194405, feasible=true, active_stations=1
[2026-10-05 04:37:17.753] [info] [candidate.cpp:199] InstancePrecompute: built 25 candidates
[2026-10-05 04:37:17.753] [info] [stationary.cpp:264] NN: cost=43.739543, feasible=true, active_stations=1
[2026-10-05 04:37:17.753] [info] [candidate.cpp:199] InstancePrecompute: built 25 candidates
[2026-10-05 04:37:17.753] [info] [stationary.cpp:264] NN: cost=73.877154, feasible=true, active_stations=1
[2026-10-05 04:37:17.753] [info] [candidate.cpp:199] InstancePrecompute: built 25 candidates
[2026-10-05 04:37:17.753] [info] [stationary.cpp:264] NN: cost=166.690330, feasible=true, active_stations=1
[2026-10-05 04:37:17.753] [info] [candidate.cpp:199] InstancePrecompute: built 50 candidates
[2026-10-05 04:37:17.753] [info] [stationary.cpp:264] NN: cost=26.137044, feasible=true, active_stations=1
[2026-10-05 04:37:17.753] [info] [candidate.cpp:199] InstancePrecompute: built 25 candidates
[2026-10-05 04:37:17.753] [info] [stationary.cpp:264] NN: cost=1421.268433, feasible=true, active_stations=1
[2026-10-05 04:37:17.753] [info] [candidate.cpp:199] InstancePrecompute: built 25 candidates
[2026-10-05 04:37:17.753] [info] [stationary.cpp:264] NN: cost=377.920317, feasible=true, active_stations=1
[2026-10-05 04:37:17.753] [info] [candidate.cpp:199] InstancePrecompute: built 25 candidates
[2026-10-05 04:37:17.753] [info] [stationary.cpp:264] NN: cost=1495.678996, feasible=true, active_stations=1
[2026-10-05 04:37:17.753] [info] [candidate.cpp:199] InstancePrecompute: built 25 candidates
[2026-10-05 04:37:17.753] [info] [stationary.cpp:264] NN: cost=1934.141241, feasible=true, active_stations=1
[2026-10-05 04:37:17.753] [info] [candidate.cpp:199] InstancePrecompute: built 50 candidates
[2026-10-05 04:37:17.753] [info] [stationary.cpp:264] NN: cost=112.282607, feasible=true, active_stations=1
[2026-10-05 04:37:17.753] [info] [candidate.cpp:199] InstancePrecompute: built 25 candidates
[2026-10-05 04:37:17.753] [info] [stationary.cpp:264] NN: cost=683.030298, feasible=true, active_stations=1
[2026-10-05 04:37:17.753] [info] [candidate.cpp:199] InstancePrecompute: built 25 candidates
[2026-10-05 04:37:17.753] [info] [stationary.cpp:264] NN: cost=430.194405, feasible=true, active_stations=1
[2026-10-05 04:37:17.753] [info] [candidate.cpp:199] InstancePrecompute: built 25 candidates
[2026-10-05 04:37:17.753] [info] [stationary.cpp:264] NN: cost=43.739543, feasible=true, active_stations=1
[2026-10-05 04:37:17.753] [info] [candidate.cpp:199] InstancePrecompute: built 25 candidates
[2026-10-05 04:37:17.753] [info] [stationary.cpp:264] NN: cost=73.877154, feasible=true, active_stations=1
[2026-10-05 04:37:17.753] [info] [candidate.cpp:199] InstancePrecompute: built 25 candidates
[2026-10-05 04:37:17.753] [info] [stationary.cpp:264] NN: cost=166.690330, feasible=true, active_stations=1
[2026-10-05 04:37:17.753] [info] [candidate.cpp:199] InstancePrecompute: built 50 candidates
[2026-10-05 04:37:17.753] [info] [stationary.cpp:264] NN: cost=26.137044, feasible=true, active_stations=1
[2026-10-05 04:37:17.753] [info] [candidate.cpp:199] InstancePrecompute: built 25 candidates
[2026-10-05 04:37:17.753] [info] [stationary.cpp:264] NN: cost=1421.268433, feasible=true, active_stations=1
[2026-10-05 04:37:17.753] [info] [candidate.cpp:199] InstancePrecompute: built 25 candidates
[2026-10-05 04:37:17.753] [info] [stationary.cpp:264] NN: cost=377.920317, feasible=true, active_stations=1
[2026-10-05 04:37:17.753] [info] [candidate.cpp:199] InstancePrecompute: built 25 candidates
[2026-10-05 04:37:17.753] [info] [stationary.cpp:264] NN: cost=1495.678996, feasible=true, active_stations=1
[2026-10-05 04:37:17.753] [info] [candidate.cpp:199] InstancePrecompute: built 25 candidates
[2026-10-05 04:37:17.753] [info] [stationary.cpp:264] NN: cost=1934.141241, feasible=true, active_stations=1
[2026-10-05 04:37:17.753] [info] [candidate.cpp:199] InstancePrecompute: built 25 candidates
[2026-10-05 04:37:17.753] [info] [stationary.cpp:264] NN: cost=21.603067, feasible=true, active_stations=1
[2026-10-05 04:37:17.753] [info] [candidate.cpp:199] InstancePrecompute: built 25 candidates
[2026-10-05 04:37:17.753] [info] [stationary.cpp:264] NN: cost=112.282607, feasible=true, active_stations=1
[2026-10-05 04:37:17.753] [info] [candidate.cpp:199] InstancePrecompute: built 25 candidates
[2026-10-05 04:37:17.753] [info] [stationary.cpp:264] NN: cost=683.030298, feasible=true, active_stations=1
[2026-10-05 04:37:17.753] [info] [candidate.cpp:199] InstancePrecompute: built 25 candidates
[2026-10-05 04:37:17.753] [info] [stationary.cpp:264] NN: cost=430.194405, feasible=true, active_stations=1
[2026-10-05 04:37:17.753] [info] [candidate.cpp:199] InstancePrecompute: built 25 candidates
[2026-10-05 04:37:17.753] [info] [stationary.cpp:264] NN: cost=43.739543, feasible=true, active_stations=1
[2026-10-05 04:37:17.753] [info] [candidate.cpp:199] InstancePrecompute: built 25 candidates
[2026-10-05 04:37:17.753] [info] [stationary.cpp:264] NN: cost=73.877154, feasible=true, active_stations=1
[2026-10-05 04:37:17.753] [info] [candidate.cpp:199] InstancePrecompute: built 25 candidates
[2026-10-05 04:37:17.753] [info] [stationary.cpp:264] NN: cost=166.690330, feasible=true, active_stations=1
[2026-10-05 04:37:17.753] [info] [candidate.cpp:199] InstancePrecompute: built 50 candidates
[2026-10-05 04:37:17.753] [info] [stationary.cpp:264] NN: cost=26.137044, feasible=true, active_stations=1
[2026-10-05 04:37:17.753] [info] [candidate.cpp:199] InstancePrecompute: built 25 candidates
[2026-10-05 04:37:17.753] [info] [stationary.cpp:264] NN: cost=1421.268433, feasible=true, active_stations=1
[2026-10-05 04:37:17.753] [info] [candidate.cpp:199] InstancePrecompute: built 25 candidates
[2026-10-05 04:37:17.753] [info] [stationary.cpp:264] NN: cost=377.920317, feasible=true, active_stations=1
[2026-10-05 04:37:17.753] [info] [candidate.cpp:199] InstancePrecompute: built 25 candidates
[2026-10-05 04:37:17.753] [info] [stationary.cpp:264] NN: cost=1495.678996, feasible=true, active_stations=1
[2026-10-05 04:37:17.753] [info] [candidate.cpp:199] InstancePrecompute: built 25 candidates
[2026-10-05 04:37:17.753] [info] [stationary.cpp:264] NN: cost=1934.141241, feasible=true, active_stations=1
[2026-10-05 04:37:17.753] [info] [candidate.cpp:199] InstancePrecompute: built 50 candidates
[2026-10-05 04:37:17.753] [info] [stationary.cpp:264] NN: cost=112.282607, feasible=true, active_stations=1
[2026-10-05 04:37:17.753] [info] [candidate.cpp:199] InstancePrecompute: built 25 candidates
[2026-10-05 04:37:17.753] [info] [stationary.cpp:264] NN: cost=683.030298, feasible=true, active_stations=1
[2026-10-05 04:37:17.753] [info] [candidate.cpp:199] InstancePrecompute: built 25 candidates
[2026-10-05 04:37:17.753] [info] [stationary.cpp:264] NN: cost=430.194405, feasible=true, active_stations=1
[2026-10-05 04:37:17.753] [info] [candidate.cpp:199] InstancePrecompute: built 25 candidates
[2026-10-05 04:37:17.753] [info] [stationary.cpp:264] NN: cost=43.739543, feasible=true, active_stations=1
[2026-10-05 04:37:17.753] [info] [candidate.cpp:199] InstancePrecompute: built 25 candidates
[2026-10-05 04:37:17.753] [info] [stationary.cpp:264] NN: cost=73.877154, feasible=true, active_stations=1
[2026-10-05 04:37:17.753] [info] [candidate.cpp:199] InstancePrecompute: built 25 candidates
[2026-10-05 04:37:17.753] [info] [stationary.cpp:264] NN: cost=166.690330, feasible=true, active_stations=1
[2026-10-05 04:37:17.753] [info] [candidate.cpp:199] InstancePrecompute: built 50 candidates
[2026-10-05 04:37:17.753] [info] [stationary.cpp:264] NN: cost=26.137044, feasible=true, active_stations=1
[2026-10-05 04:37:17.753] [info] [candidate.cpp:199] InstancePrecompute: built 25 candidates
[2026-10-05 04:37:17.753] [info] [stationary.cpp:264] NN: cost=1421.268433, feasible=true, active_stations=1
[2026-10-05 04:37:17.753] [info] [candidate.cpp:199] InstancePrecompute: built 25 candidates
[2026-10-05 04:37:17.753] [info] [stationary.cpp:264] NN: cost=377.920317, feasible=true, active_stations=1
[2026-10-05 04:37:17.753] [info] [candidate.cpp:199] InstancePrecompute: built 25 candidates
[2026-10-05 04:37:17.753] [info] [stationary.cpp:264] NN: cost=1495.678996, feasible=true, active_stations=1
[2026-10-05 04:37:17.753] [info] [candidate.cpp:199] InstancePrecompute: built 25 candidates
[2026-10-05 04:37:17.753] [info] [stationary.cpp:264] NN: cost=1934.141241, feasible=true, active_stations=1
[2026-10-05 04:37:17.753] [info] [candidate.cpp:199] InstancePrecompute: built 50 candidates
[2026-10-05 04:37:17.753] [info] [stationary.cpp:264] NN: cost=112.282607, feasible=true, active_stations=1
[2026-10-05 04:37:17.753] [info] [candidate.cpp:199] InstancePrecompute: built 25 candidates
[2026-10-05 04:37:17.753] [info] [stationary.cpp:264] NN: cost=683.030298, feasible=true, active_stations=1
[2026-10-05 04:37:17.753] [info] [candidate.cpp:199] InstancePrecompute: built 25 candidates
[2026-10-05 04:37:17.753] [info] [stationary.cpp:264] NN: cost=430.194405, feasible=true, active_stations=1
[2026-10-05 04:37:17.753] [info] [candidate.cpp:199] InstancePrecompute: built 25 candidates
[2026-10-05 04:37:17.753] [info] [stationary.cpp:264] NN: cost=43.739543, feasible=true, active_stations=1
[2026-10-05 04:37:17.753] [info] [candidate.cpp:199] InstancePrecompute: built 25 candidates
[2026-10-05 04:37:17.753] [info] [stationary.cpp:264] NN: cost=73.877154, feasible=true, active_stations=1
[2026-10-05 04:37:17.753] [info] [candidate.cpp:199] InstancePrecompute: built 25 candidates
[2026-10-05 04:37:17.753] [info] [stationary.cpp:264] NN: cost=166.690330, feasible=true, active_stations=1
[2026-10-05 04:37:17.753] [info] [candidate.cpp:199] InstancePrecompute: built 25 candidates
[2026-10-05 04:37:17.753] [info] [stationary.cpp:264] NN: cost=2.667045, feasible=true, active_stations=1
[2026-10-05 04:37:17.753] [info] [candidate.cpp:199] InstancePrecompute: built 25 candidates
[2026-10-05 04:37:17.753] [info] [stationary.cpp:264] NN: cost=26.137044, feasible=true, active_stations=1
[2026-10-05 04:37:17.753] [info] [candidate.cpp:199] InstancePrecompute: built 25 candidates
[2026-10-05 04:37:17.753] [info] [stationary.cpp:264] NN: cost=1421.268433, feasible=true, active_stations=1
[2026-10-05 04:37:17.753] [info] [candidate.cpp:199] InstancePrecompute: built 25 candidates
[2026-10-05 04:37:17.753] [info] [stationary.cpp:264] NN: cost=377.920317, feasible=true, active_stations=1
[2026-10-05 04:37:17.753] [info] [candidate.cpp:199] InstancePrecompute: built 25 candidates
[2026-10-05 04:37:17.753] [info] [stationary.cpp:264] NN: cost=1495.678996, feasible=true, active_stations=1
[2026-10-05 04:37:17.753] [info] [candidate.cpp:199] InstancePrecompute: built 25 candidates
[2026-10-05 04:37:17.753] [info] [stationary.cpp:264] NN: cost=1934.141241, feasible=true, active_stations=1
[2026-10-05 04:37:17.753] [info] [candidate.cpp:199] InstancePrecompute: built 50 candidates
[2026-10-05 04:37:17.753] [info] [stationary.cpp:264] NN: cost=112.282607, feasible=true, active_stations=1
[2026-10-05 04:37:17.753] [info] [candidate.cpp:199] InstancePrecompute: built 25 candidates
[2026-10-05 04:37:17.753] [info] [stationary.cpp:264] NN: cost=683.030298, feasible=true, active_stations=1
[2026-10-05 04:37:17.753] [info] [candidate.cpp:199] InstancePrecompute: built 25 candidates
[2026-10-05 04:37:17.753] [info] [stationary.cpp:264] NN: cost=430.194405, feasible=true, active_stations=1
[2026-10-05 04:37:17.753] [info] [candidate.cpp:199] InstancePrecompute: built 25 candidates
[2026-10-05 04:37:17.753] [info] [stationary.cpp:264] NN: cost=43.739543, feasible=true, active_stations=1
[2026-10-05 04:37:17.753] [info] [candidate.cpp:199] InstancePrecompute: built 25 candidates
[2026-10-05 04:37:17.753] [info] [stationary.cpp:264] NN: cost=73.877154, feasible=true, active_stations=1
[2026-10-05 04:37:17.753] [info] [candidate.cpp:199] InstancePrecompute: built 50 candidates
[2026-10-05 04:37:17.753] [info] [stationary.cpp:264] NN: cost=166.690330, feasible=true, active_stations=1
[2026-10-05 04:37:17.753] [info] [candidate.cpp:199] InstancePrecompute: built 25 candidates
[2026-10-05 04:37:17.753] [info] [stationary.cpp:264] NN: cost=26.137044, feasible=true, active_stations=1
[2026-10-05 04:37:17.753] [info] [candidate.cpp:199] InstancePrecompute: built 25 candidates
[2026-10-05 04:37:17.753] [info] [stationary.cpp:264] NN: cost=1421.268433, feasible=true, active_stations=1
[2026-10-05 04:37:17.753] [info] [candidate.cpp:199] InstancePrecompute: built 25 candidates
[2026-10-05 04:37:17.753] [info] [stationary.cpp:264] NN: cost=377.920317, feasible=true, active_stations=1
[2026-10-05 04:37:17.753] [info] [candidate.cpp:199] InstancePrecompute: built 25 candidates
[2026-10-05 04:37:17.753] [info] [stationary.cpp:264] NN: cost=1495.678996, feasible=true, active_stations=1
[2026-10-05 04:37:17.753] [info] [candidate.cpp:199] InstancePrecompute: built 25 candidates
[2026-10-05 04:37:17.753] [info] [stationary.cpp:264] NN: cost=1934.141241, feasible=true, active_stations=1
[2026-10-05 04:37:17.753] [info] [candidate.cpp:199] InstancePrecompute: built 50 candidates
[2026-10-05 04:37:17.753] [info] [stationary.cpp:264] NN: cost=112.282607, feasible=true, active_stations=1
[2026-10-05 04:37:17.753] [info] [candidate.cpp:199] InstancePrecompute: built 25 candidates
[2026-10-05 04:37:17.753] [info] [stationary.cpp:264] NN: cost=683.030298, feasible=true, active_stations=1
[2026-10-05 04:37:17.753] [info] [candidate.cpp:199] InstancePrecompute: built 25 candidates
[2026-10-05 04:37:17.753] [info] [stationary.cpp:264] NN: cost=430.194405, feasible=true, active_stations=1
[2026-10-05 04:37:17.753] [info] [candidate.cpp:199] InstancePrecompute: built 25 candidates
[2026-10-05 04:37:17.753] [info] [stationary.cpp:264] NN: cost=43.739543, feasible=true, active_stations=1
[2026-10-05 04:37:17.753] [info] [candidate.cpp:199] InstancePrecompute: built 25 candidates
[2026-10-05 04:37:17.753] [info] [stationary.cpp:264] NN: cost=73.877154, feasible=true, active_stations=1
[2026-10-05 04:37:17.753] [info] [candidate.cpp:199] InstancePrecompute: built 25 candidates
[2026-10-05 04:37:17.753] [info] [stationary.cpp:264] NN: cost=166.690330, feasible=true, active_stations=1
[2026-10-05 04:37:17.753] [info] [candidate.cpp:199] InstancePrecompute: built 50 candidates
[2026-10-05 04:37:17.753] [info] [stationary.cpp:264] NN: cost=26.137044, feasible=true, active_stations=1
[2026-10-05 04:37:17.753] [info] [candidate.cpp:199] InstancePrecompute: built 25 candidates
[2026-10-05 04:37:17.753] [info] [stationary.cpp:264] NN: cost=1421.268433, feasible=true, active_stations=1
[2026-10-05 04:37:17.753] [info] [candidate.cpp:199] InstancePrecompute: built 25 candidates
[2026-10-05 04:37:17.753] [info] [stationary.cpp:264] NN: cost=377.920317, feasible=true, active_stations=1
[2026-10-05 04:37:17.753] [info] [candidate.cpp:199] InstancePrecompute: built 25 candidates
[2026-10-05 04:37:17.753] [info] [stationary.cpp:264] NN: cost=1495.678996, feasible=true, active_stations=1
[2026-10-05 04:37:17.753] [info] [candidate.cpp:199] InstancePrecompute: built 25 candidates
[2026-10-05 04:37:17.753] [info] [stationary.cpp:264] NN: cost=1934.141241, feasible=true, active_stations=1
[2026-10-05 04:37:17.753] [info] [candidate.cpp:199] InstancePrecompute: built 50 candidates
[2026-10-05 04:37:17.753] [info] [stationary.cpp:264] NN: cost=112.282607, feasible=true, active_stations=1
[2026-10-05 04:37:17.753] [info] [candidate.cpp:199] InstancePrecompute: built 25 candidates
[2026-10-05 04:37:17.753] [info] [stationary.cpp:264] NN: cost=683.030298, feasible=true, active_stations=1
[2026-10-05 04:37:17.753] [info] [candidate.cpp:199] InstancePrecompute: built 25 candidates
[2026-10-05 04:37:17.753] [info] [stationary.cpp:264] NN: cost=43.739543, feasible=true, active_stations=1
[2026-10-05 04:37:17.753] [info] [candidate.cpp:199] InstancePrecompute: built 25 candidates
[2026-10-05 04:37:17.753] [info] [stationary.cpp:264] NN: cost=73.877154, feasible=true, active_stations=1
[2026-10-05 04:37:17.753] [info] [candidate.cpp:199] InstancePrecompute: built 25 candidates
[2026-10-05 04:37:17.753] [info] [stationary.cpp:264] NN: cost=430.194405, feasible=true, active_stations=1
[2026-10-05 04:37:17.753] [info] [candidate.cpp:199] InstancePrecompute: built 25 candidates
[2026-10-05 04:37:17.753] [info] [stationary.cpp:264] NN: cost=166.690330, feasible=true, active_stations=1
[2026-10-05 04:37:17.753] [info] [candidate.cpp:199] InstancePrecompute: built 50 candidates
[2026-10-05 04:37:17.753] [info] [stationary.cpp:264] NN: cost=26.137044, feasible=true, active_stations=1
[2026-10-05 04:37:17.753] [info] [candidate.cpp:199] InstancePrecompute: built 25 candidates
[2026-10-05 04:37:17.753] [info] [stationary.cpp:264] NN: cost=1421.268433, feasible=true, active_stations=1
[2026-10-05 04:37:17.753] [info] [candidate.cpp:199] InstancePrecompute: built 25 candidates
[2026-10-05 04:37:17.753] [info] [stationary.cpp:264] NN: cost=377.920317, feasible=true, active_stations=1
[2026-10-05 04:37:17.753] [info] [candidate.cpp:199] InstancePrecompute: built 25 candidates
[2026-10-05 04:37:17.753] [info] [stationary.cpp:264] NN: cost=1495.678996, feasible=true, active_stations=1
[2026-10-05 04:37:17.753] [info] [candidate.cpp:199] InstancePrecompute: built 25 candidates
[2026-10-05 04:37:17.753] [info] [stationary.cpp:264] NN: cost=1934.141241, feasible=true, active_stations=1
[2026-10-05 04:37:17.753] [info] [candidate.cpp:199] InstancePrecompute: built 50 candidates
[2026-10-05 04:37:17.753] [info] [stationary.cpp:264] NN: cost=112.282607, feasible=true, active_stations=1
[2026-10-05 04:37:17.753] [info] [candidate.cpp:199] InstancePrecompute: built 25 candidates
[2026-10-05 04:37:17.753] [info] [stationary.cpp:264] NN: cost=683.030298, feasible=true, active_stations=1
[2026-10-05 04:37:17.753] [info] [candidate.cpp:199] InstancePrecompute: built 25 candidates
[2026-10-05 04:37:17.753] [info] [stationary.cpp:264] NN: cost=43.739543, feasible=true, active_stations=1
[2026-10-05 04:37:17.753] [info] [candidate.cpp:199] InstancePrecompute: built 25 candidates
[2026-10-05 04:37:17.753] [info] [stationary.cpp:264] NN: cost=73.877154, feasible=true, active_stations=1
[2026-10-05 04:37:17.753] [info] [candidate.cpp:199] InstancePrecompute: built 25 candidates
[2026-10-05 04:37:17.753] [info] [stationary.cpp:264] NN: cost=430.194405, feasible=true, active_stations=1
[2026-10-05 04:37:17.753] [info] [candidate.cpp:199] InstancePrecompute: built 25 candidates
[2026-10-05 04:37:17.753] [info] [stationary.cpp:264] NN: cost=166.690330, feasible=true, active_stations=1
[2026-10-05 04:37:17.753] [info] [candidate.cpp:199] InstancePrecompute: built 50 candidates
[2026-10-05 04:37:17.753] [info] [stationary.cpp:264] NN: cost=26.137044, feasible=true, active_stations=1
[2026-10-05 04:37:17.753] [info] [candidate.cpp:199] InstancePrecompute: built 25 candidates
[2026-10-05 04:37:17.753] [info] [stationary.cpp:264] NN: cost=1421.268433, feasible=true, active_stations=1
[2026-10-05 04:37:17.753] [info] [candidate.cpp:199] InstancePrecompute: built 25 candidates
[2026-10-05 04:37:17.753] [info] [stationary.cpp:264] NN: cost=377.920317, feasible=true, active_stations=1
[2026-10-05 04:37:17.753] [info] [candidate.cpp:199] InstancePrecompute: built 25 candidates
[2026-10-05 04:37:17.753] [info] [stationary.cpp:264] NN: cost=1495.678996, feasible=true, active_stations=1
[2026-10-05 04:37:17.753] [info] [candidate.cpp:199] InstancePrecompute: built 25 candidates
[2026-10-05 04:37:17.753] [info] [stationary.cpp:264] NN: cost=1934.141241, feasible=true, active_stations=1
[2026-10-05 04:37:17.753] [info] [candidate.cpp:199] InstancePrecompute: built 50 candidates
[2026-10-05 04:37:17.753] [info] [stationary.cpp:264] NN: cost=112.282607, feasible=true, active_stations=1
[2026-10-05 04:37:17.753] [info] [candidate.cpp:199] InstancePrecompute: built 25 candidates
[2026-10-05 04:37:17.753] [info] [stationary.cpp:264] NN: cost=683.030298, feasible=true, active_stations=1
[2026-10-05 04:37:17.753] [info] [candidate.cpp:199] InstancePrecompute: built 25 candidates
[2026-10-05 04:37:17.753] [info] [stationary.cpp:264] NN: cost=43.739543, feasible=true, active_stations=1
[2026-10-05 04:37:17.753] [info] [candidate.cpp:199] InstancePrecompute: built 25 candidates
[2026-10-05 04:37:17.753] [info] [stationary.cpp:264] NN: cost=73.877154, feasible=true, active_stations=1
[2026-10-05 04:37:17.753] [info] [candidate.cpp:199] InstancePrecompute: built 25 candidates
[2026-10-05 04:37:17.753] [info] [stationary.cpp:264] NN: cost=430.194405, feasible=true, active_stations=1
[2026-10-05 04:37:17.753] [info] [candidate.cpp:199] InstancePrecompute: built 25 candidates
[2026-10-05 04:37:17.753] [info] [stationary.cpp:264] NN: cost=166.690330, feasible=true, active_stations=1
[2026-10-05 04:37:17.753] [info] [candidate.cpp:199] InstancePrecompute: built 50 candidates
[2026-10-05 04:37:17.753] [info] [stationary.cpp:264] NN: cost=26.137044, feasible=true, active_stations=1
[2026-10-05 04:37:17.753] [info] [candidate.cpp:199] InstancePrecompute: built 25 candidates
[2026-10-05 04:37:17.753] [info] [stationary.cpp:264] NN: cost=1421.268433, feasible=true, active_stations=1
[2026-10-05 04:37:17.753] [info] [candidate.cpp:199] InstancePrecompute: built 25 candidates
[2026-10-05 04:37:17.753] [info] [stationary.cpp:264] NN: cost=377.920317, feasible=true, active_stations=1
[2026-10-05 04:37:17.753] [info] [candidate.cpp:199] InstancePrecompute: built 25 candidates
[2026-10-05 04:37:17.753] [info] [stationary.cpp:264] NN: cost=1495.678996, feasible=true, active_stations=1
[2026-10-05 04:37:17.753] [info] [candidate.cpp:199] InstancePrecompute: built 25 candidates
[2026-10-05 04:37:17.753] [info] [stationary.cpp:264] NN: cost=1934.141241, feasible=true, active_stations=1
[2026-10-05 04:37:17.753] [info] [candidate.cpp:199] InstancePrecompute: built 25 candidates
[2026-10-05 04:37:17.753] [info] [stationary.cpp:264] NN: cost=21.603067, feasible=true, active_stations=1
[2026-10-05 04:37:17.753] [info] [candidate.cpp:199] InstancePrecompute: built 25 candidates
[2026-10-05 04:37:17.753] [info] [stationary.cpp:264] NN: cost=112.282607, feasible=true, active_stations=1
[2026-10-05 04:37:17.753] [info] [candidate.cpp:199] InstancePrecompute: built 25 candidates
[2026-10-05 04:37:17.753] [info] [stationary.cpp:264] NN: cost=683.030298, feasible=true, active_stations=1
[2026-10-05 04:37:17.753] [info] [candidate.cpp:199] InstancePrecompute: built 25 candidates
[2026-10-05 04:37:17.753] [info] [stationary.cpp:264] NN: cost=43.739543, feasible=true, active_stations=1
[2026-10-05 04:37:17.753] [info] [candidate.cpp:199] InstancePrecompute: built 25 candidates
[2026-10-05 04:37:17.753] [info] [stationary.cpp:264] NN: cost=73.877154, feasible=true, active_stations=1
[2026-10-05 04:37:17.753] [info] [candidate.cpp:199] InstancePrecompute: built 25 candidates
[2026-10-05 04:37:17.753] [info] [stationary.cpp:264] NN: cost=430.194405, feasible=true, active_stations=1
[2026-10-05 04:37:17.753] [info] [candidate.cpp:199] InstancePrecompute: built 25 candidates
[2026-10-05 04:37:17.753] [info] [stationary.cpp:264] NN: cost=166.690330, feasible=true, active_stations=1
[2026-10-05 04:37:17.753] [info] [candidate.cpp:199] InstancePrecompute: built 50 candidates
[2026-10-05 04:37:17.753] [info] [stationary.cpp:264] NN: cost=26.137044, feasible=true, active_stations=1
[2026-10-05 04:37:17.753] [info] [candidate.cpp:199] InstancePrecompute: built 25 candidates
[2026-10-05 04:37:17.753] [info] [stationary.cpp:264] NN: cost=1421.268433, feasible=true, active_stations=1
[2026-10-05 04:37:17.753] [info] [candidate.cpp:199] InstancePrecompute: built 25 candidates
[2026-10-05 04:37:17.753] [info] [stationary.cpp:264] NN: cost=377.920317, feasible=true, active_stations=1
[2026-10-05 04:37:17.753] [info] [candidate.cpp:199] InstancePrecompute: built 25 candidates
[2026-10-05 04:37:17.753] [info] [stationary.cpp:264] NN: cost=1495.678996, feasible=true, active_stations=1
[2026-10-05 04:37:17.753] [info] [candidate.cpp:199] InstancePrecompute: built 25 candidates
[2026-10-05 04:37:17.753] [info] [stationary.cpp:264] NN: cost=1934.141241, feasible=true, active_stations=1
[2026-10-05 04:37:17.753] [info] [candidate.cpp:199] InstancePrecompute: built 50 candidates
[2026-10-05 04:37:17.753] [info] [stationary.cpp:264] NN: cost=112.282607, feasible=true, active_stations=1
[2026-10-05 04:37:17.753] [info] [candidate.cpp:199] InstancePrecompute: built 25 candidates
[2026-10-05 04:37:17.753] [info] [stationary.cpp:264] NN: cost=683.030298, feasible=true, active_stations=1
[2026-10-05 04:37:17.753] [info] [candidate.cpp:199] InstancePrecompute: built 25 candidates
[2026-10-05 04:37:17.753] [info] [stationary.cpp:264] NN: cost=43.739543, feasible=true, active_stations=1
[2026-10-05 04:37:17.753] [info] [candidate.cpp:199] InstancePrecompute: built 25 candidates
[2026-10-05 04:37:17.753] [info] [stationary.cpp:264] NN: cost=73.877154, feasible=true, active_stations=1
[2026-10-05 04:37:17.753] [info] [candidate.cpp:199] InstancePrecompute: built 25 candidates
[2026-10-05 04:37:17.753] [info] [stationary.cpp:264] NN: cost=430.194405, feasible=true, active_stations=1
[2026-10-05 04:37:17.753] [info] [candidate.cpp:199] InstancePrecompute: built 25 candidates
[2026-10-05 04:37:17.753] [info] [stationary.cpp:264] NN: cost=166.690330, feasible=true, active_stations=1
[2026-10-05 04:37:17.753] [info] [candidate.cpp:199] InstancePrecompute: built 50 candidates
[2026-10-05 04:37:17.753] [info] [stationary.cpp:264] NN: cost=26.137044, feasible=true, active_stations=1
[2026-10-05 04:37:17.753] [info] [candidate.cpp:199] InstancePrecompute: built 25 candidates
[2026-10-05 04:37:17.753] [info] [stationary.cpp:264] NN: cost=1421.268433, feasible=true, active_stations=1
[2026-10-05 04:37:17.753] [info] [candidate.cpp:199] InstancePrecompute: built 25 candidates
[2026-10-05 04:37:17.753] [info] [stationary.cpp:264] NN: cost=377.920317, feasible=true, active_stations=1
[2026-10-05 04:37:17.753] [info] [candidate.cpp:199] InstancePrecompute: built 25 candidates
[2026-10-05 04:37:17.753] [info] [stationary.cpp:264] NN: cost=1495.678996, feasible=true, active_stations=1
[2026-10-05 04:37:17.753] [info] [candidate.cpp:199] InstancePrecompute: built 25 candidates
[2026-10-05 04:37:17.753] [info] [stationary.cpp:264] NN: cost=1934.141241, feasible=true, active_stations=1
[2026-10-05 04:37:17.754] [info] [candidate.cpp:199] InstancePrecompute: built 50 candidates
[2026-10-05 04:37:17.754] [info] [stationary.cpp:264] NN: cost=112.282607, feasible=true, active_stations=1
[2026-10-05 04:37:17.754] [info] [candidate.cpp:199] InstancePrecompute: built 25 candidates
[2026-10-05 04:37:17.754] [info] [stationary.cpp:264] NN: cost=683.030298, feasible=true, active_stations=1
[2026-10-05 04:37:17.754] [info] [candidate.cpp:199] InstancePrecompute: built 25 candidates
[2026-10-05 04:37:17.754] [info] [stationary.cpp:264] NN: cost=43.739543, feasible=true, active_stations=1
[2026-10-05 04:37:17.754] [info] [candidate.cpp:199] InstancePrecompute: built 25 candidates
[2026-10-05 04:37:17.754] [info] [stationary.cpp:264] NN: cost=73.877154, feasible=true, active_stations=1
[2026-10-05 04:37:17.754] [info] [candidate.cpp:199] InstancePrecompute: built 25 candidates
[2026-10-05 04:37:17.754] [info] [stationary.cpp:264] NN: cost=430.194405, feasible=true, active_stations=1
[2026-10-05 04:37:17.754] [info] [candidate.cpp:199] InstancePrecompute: built 25 candidates
[2026-10-05 04:37:17.754] [info] [stationary.cpp:264] NN: cost=166.690330, feasible=true, active_stations=1
[2026-10-05 04:37:17.754] [info] [candidate.cpp:199] InstancePrecompute: built 25 candidates
[2026-10-05 04:37:17.754] [info] [stationary.cpp:264] NN: cost=2.667045, feasible=true, active_stations=1
[2026-10-05 04:37:17.754] [info] [candidate.cpp:199] InstancePrecompute: built 25 candidates
[2026-10-05 04:37:17.754] [info] [stationary.cpp:264] NN: cost=26.137044, feasible=true, active_stations=1
[2026-10-05 04:37:17.754] [info] [candidate.cpp:199] InstancePrecompute: built 25 candidates
[2026-10-05 04:37:17.754] [info] [stationary.cpp:264] NN: cost=1421.268433, feasible=true, active_stations=1
[2026-10-05 04:37:17.754] [info] [candidate.cpp:199] InstancePrecompute: built 25 candidates
[2026-10-05 04:37:17.754] [info] [stationary.cpp:264] NN: cost=377.920317, feasible=true, active_stations=1
[2026-10-05 04:37:17.754] [info] [candidate.cpp:199] InstancePrecompute: built 25 candidates
[2026-10-05 04:37:17.754] [info] [stationary.cpp:264] NN: cost=1495.678996, feasible=true, active_stations=1
[2026-10-05 04:37:17.754] [info] [candidate.cpp:199] InstancePrecompute: built 25 candidates
[2026-10-05 04:37:17.754] [info] [stationary.cpp:264] NN: cost=1934.141241, feasible=true, active_stations=1
[2026-10-05 04:37:17.754] [info] [candidate.cpp:199] InstancePrecompute: built 50 candidates
[2026-10-05 04:37:17.754] [info] [stationary.cpp:264] NN: cost=112.282607, feasible=true, active_stations=1
[2026-10-05 04:37:17.754] [info] [candidate.cpp:199] InstancePrecompute: built 25 candidates
[2026-10-05 04:37:17.754] [info] [stationary.cpp:264] NN: cost=683.030298, feasible=true, active_stations=1
[2026-10-05 04:37:17.754] [info] [candidate.cpp:199] InstancePrecompute: built 25 candidates
[2026-10-05 04:37:17.754] [info] [stationary.cpp:264] NN: cost=43.739543, feasible=true, active_stations=1
[2026-10-05 04:37:17.754] [info] [candidate.cpp:199] InstancePrecompute: built 25 candidates
[2026-10-05 04:37:17.754] [info] [stationary.cpp:264] NN: cost=73.877154, feasible=true, active_stations=1
[2026-10-05 04:37:17.754] [info] [candidate.cpp:199] InstancePrecompute: built 25 candidates
[2026-10-05 04:37:17.754] [info] [stationary.cpp:264] NN: cost=430.194405, feasible=true, active_stations=1
[2026-10-05 04:37:17.754] [info] [candidate.cpp:199] InstancePrecompute: built 50 candidates
[2026-10-05 04:37:17.754] [info] [stationary.cpp:264] NN: cost=166.690330, feasible=true, active_stations=1
[2026-10-05 04:37:17.754] [info] [candidate.cpp:199] InstancePrecompute: built 25 candidates
[2026-10-05 04:37:17.754] [info] [stationary.cpp:264] NN: cost=26.137044, feasible=true, active_stations=1
[2026-10-05 04:37:17.754] [info] [candidate.cpp:199] InstancePrecompute: built 25 candidates
[2026-10-05 04:37:17.754] [info] [stationary.cpp:264] NN: cost=1421.268433, feasible=true, active_stations=1
[2026-10-05 04:37:17.754] [info] [candidate.cpp:199] InstancePrecompute: built 25 candidates
[2026-10-05 04:37:17.754] [info] [stationary.cpp:264] NN: cost=377.920317, feasible=true, active_stations=1
[2026-10-05 04:37:17.754] [info] [candidate.cpp:199] InstancePrecompute: built 25 candidates
[2026-10-05 04:37:17.754] [info] [stationary.cpp:264] NN: cost=1495.678996, feasible=true, active_stations=1
[2026-10-05 04:37:17.754] [info] [candidate.cpp:199] InstancePrecompute: built 25 candidates
[2026-10-05 04:37:17.754] [info] [stationary.cpp:264] NN: cost=1934.141241, feasible=true, active_stations=1
[2026-10-05 04:37:17.754] [info] [candidate.cpp:199] InstancePrecompute: built 50 candidates
[2026-10-05 04:37:17.754] [info] [stationary.cpp:264] NN: cost=112.282607, feasible=true, active_stations=1
[2026-10-05 04:37:17.754] [info] [candidate.cpp:199] InstancePrecompute: built 25 candidates
[2026-10-05 04:37:17.754] [info] [stationary.cpp:264] NN: cost=683.030298, feasible=true, active_stations=1
[2026-10-05 04:37:17.754] [info] [candidate.cpp:199] InstancePrecompute: built 25 candidates
[2026-10-05 04:37:17.754] [info] [stationary.cpp:264] NN: cost=43.739543, feasible=true, active_stations=1
[2026-10-05 04:37:17.754] [info] [candidate.cpp:199] InstancePrecompute: built 25 candidates
[2026-10-05 04:37:17.754] [info] [stationary.cpp:264] NN: cost=73.877154, feasible=true, active_stations=1
[2026-10-05 04:37:17.754] [info] [candidate.cpp:199] InstancePrecompute: built 25 candidates
[2026-10-05 04:37:17.754] [info] [stationary.cpp:264] NN: cost=430.194405, feasible=true, active_stations=1
[2026-10-05 04:37:17.754] [info] [candidate.cpp:199] InstancePrecompute: built 25 candidates
[2026-10-05 04:37:17.754] [info] [stationary.cpp:264] NN: cost=166.690330, feasible=true, active_stations=1
[2026-10-05 04:37:17.754] [info] [candidate.cpp:199] InstancePrecompute: built 50 candidates
[2026-10-05 04:37:17.754] [info] [stationary.cpp:264] NN: cost=26.137044, feasible=true, active_stations=1
[2026-10-05 04:37:17.754] [info] [candidate.cpp:199] InstancePrecompute: built 25 candidates
[2026-10-05 04:37:17.754] [info] [stationary.cpp:264] NN: cost=1421.268433, feasible=true, active_stations=1
[2026-10-05 04:37:17.754] [info] [candidate.cpp:199] InstancePrecompute: built 25 candidates
[2026-10-05 04:37:17.754] [info] [stationary.cpp:264] NN: cost=377.920317, feasible=true, active_stations=1
[2026-10-05 04:37:17.754] [info] [candidate.cpp:199] InstancePrecompute: built 25 candidates
[2026-10-05 04:37:17.754] [info] [stationary.cpp:264] NN: cost=1495.678996, feasible=true, active_stations=1
[2026-10-05 04:37:17.754] [info] [candidate.cpp:199] InstancePrecompute: built 25 candidates
[2026-10-05 04:37:17.754] [info] [stationary.cpp:264] NN: cost=1934.141241, feasible=true, active_stations=1
[2026-10-05 04:37:17.754] [info] [candidate.cpp:199] InstancePrecompute: built 50 candidates
[2026-10-05 04:37:17.754] [info] [stationary.cpp:264] NN: cost=112.282607, feasible=true, active_stations=1
[2026-10-05 04:37:17.754] [info] [candidate.cpp:199] InstancePrecompute: built 25 candidates
[2026-10-05 04:37:17.754] [info] [stationary.cpp:264] NN: cost=683.030298, feasible=true, active_stations=1
[2026-10-05 04:37:17.754] [info] [candidate.cpp:199] InstancePrecompute: built 25 candidates
[2026-10-05 04:37:17.754] [info] [stationary.cpp:264] NN: cost=43.739543, feasible=true, active_stations=1
[2026-10-05 04:37:17.754] [info] [candidate.cpp:199] InstancePrecompute: built 25 candidates
[2026-10-05 04:37:17.754] [info] [stationary.cpp:264] NN: cost=73.877154, feasible=true, active_stations=1
[2026-10-05 04:37:17.754] [info] [candidate.cpp:199] InstancePrecompute: built 25 candidates
[2026-10-05 04:37:17.754] [info] [stationary.cpp:264] NN: cost=430.194405, feasible=true, active_stations=1
[2026-10-05 04:37:17.754] [info] [candidate.cpp:199] InstancePrecompute: built 25 candidates
[2026-10-05 04:37:17.754] [info] [stationary.cpp:264] NN: cost=26.137044, feasible=true, active_stations=1
[2026-10-05 04:37:17.754] [info] [candidate.cpp:199] InstancePrecompute: built 25 candidates
[2026-10-05 04:37:17.754] [info] [stationary.cpp:264] NN: cost=166.690330, feasible=true, active_stations=1
[2026-10-05 04:37:17.754] [info] [candidate.cpp:199] InstancePrecompute: built 25 candidates
[2026-10-05 04:37:17.754] [info] [stationary.cpp:264] NN: cost=2.667045, feasible=true, active_stations=1
[2026-10-05 04:37:17.754] [info] [candidate.cpp:199] InstancePrecompute: built 25 candidates
[2026-10-05 04:37:17.754] [info] [stationary.cpp:264] NN: cost=1421.268433, feasible=true, active_stations=1
[2026-10-05 04:37:17.754] [info] [candidate.cpp:199] InstancePrecompute: built 25 candidates
[2026-10-05 04:37:17.754] [info] [stationary.cpp:264] NN: cost=377.920317, feasible=true, active_stations=1
[2026-10-05 04:37:17.754] [info] [candidate.cpp:199] InstancePrecompute: built 25 candidates
[2026-10-05 04:37:17.754] [info] [stationary.cpp:264] NN: cost=1495.678996, feasible=true, active_stations=1
[2026-10-05 04:37:17.754] [info] [candidate.cpp:199] InstancePrecompute: built 25 candidates
[2026-10-05 04:37:17.754] [info] [stationary.cpp:264] NN: cost=1934.141241, feasible=true, active_stations=1
[2026-10-05 04:37:17.754] [info] [candidate.cpp:199] InstancePrecompute: built 50 candidates
[2026-10-05 04:37:17.754] [info] [stationary.cpp:264] NN: cost=112.282607, feasible=true, active_stations=1
[2026-10-05 04:37:17.754] [info] [candidate.cpp:199] InstancePrecompute: built 25 candidates
[2026-10-05 04:37:17.754] [info] [stationary.cpp:264] NN: cost=683.030298, feasible=true, active_stations=1
[2026-10-05 04:37:17.754] [info] [candidate.cpp:199] InstancePrecompute: built 25 candidates
[2026-10-05 04:37:17.754] [info] [stationary.cpp:264] NN: cost=43.739543, feasible=true, active_stations=1
[2026-10-05 04:37:17.754] [info] [candidate.cpp:199] InstancePrecompute: built 25 candidates
[2026-10-05 04:37:17.754] [info] [stationary.cpp:264] NN: cost=73.877154, feasible=true, active_stations=1
[2026-10-05 04:37:17.754] [info] [candidate.cpp:199] InstancePrecompute: built 25 candidates
[2026-10-05 04:37:17.754] [info] [stationary.cpp:264] NN: cost=430.194405, feasible=true, active_stations=1
[2026-10-05 04:37:17.754] [info] [candidate.cpp:199] InstancePrecompute: built 25 candidates
[2026-10-05 04:37:17.754] [info] [stationary.cpp:264] NN: cost=26.137044, feasible=true, active_stations=1
[2026-10-05 04:37:17.754] [info] [candidate.cpp:199] InstancePrecompute: built 25 candidates
[2026-10-05 04:37:17.754] [info] [stationary.cpp:264] NN: cost=166.690330, feasible=true, active_stations=1
[2026-10-05 04:37:17.754] [info] [candidate.cpp:199] InstancePrecompute: built 25 candidates
[2026-10-05 04:37:17.754] [info] [stationary.cpp:264] NN: cost=2.667045, feasible=true, active_stations=1
[2026-10-05 04:37:17.754] [info] [candidate.cpp:199] InstancePrecompute: built 25 candidates
[2026-10-05 04:37:17.754] [info] [stationary.cpp:264] NN: cost=1421.268433, feasible=true, active_stations=1
[2026-10-05 04:37:17.754] [info] [candidate.cpp:199] InstancePrecompute: built 25 candidates
[2026-10-05 04:37:17.754] [info] [stationary.cpp:264] NN: cost=377.920317, feasible=true, active_stations=1
[2026-10-05 04:37:17.754] [info] [candidate.cpp:199] InstancePrecompute: built 25 candidates
[2026-10-05 04:37:17.754] [info] [stationary.cpp:264] NN: cost=1495.678996, feasible=true, active_stations=1
[2026-10-05 04:37:17.754] [info] [candidate.cpp:199] InstancePrecompute: built 25 candidates
[2026-10-05 04:37:17.754] [info] [stationary.cpp:264] NN: cost=1934.141241, feasible=true, active_stations=1
[2026-10-05 04:37:17.754] [info] [candidate.cpp:199] InstancePrecompute: built 50 candidates
[2026-10-05 04:37:17.754] [info] [stationary.cpp:264] NN: cost=112.282607, feasible=true, active_stations=1
[2026-10-05 04:37:17.754] [info] [candidate.cpp:199] InstancePrecompute: built 25 candidates
[2026-10-05 04:37:17.754] [info] [stationary.cpp:264] NN: cost=683.030298, feasible=true, active_stations=1
[2026-10-05 04:37:17.754] [info] [candidate.cpp:199] InstancePrecompute: built 25 candidates
[2026-10-05 04:37:17.754] [info] [stationary.cpp:264] NN: cost=43.739543, feasible=true, active_stations=1
[2026-10-05 04:37:17.754] [info] [candidate.cpp:199] InstancePrecompute: built 25 candidates
[2026-10-05 04:37:17.754] [info] [stationary.cpp:264] NN: cost=73.877154, feasible=true, active_stations=1
[2026-10-05 04:37:17.754] [info] [candidate.cpp:199] InstancePrecompute: built 25 candidates
[2026-10-05 04:37:17.754] [info] [stationary.cpp:264] NN: cost=430.194405, feasible=true, active_stations=1
[2026-10-05 04:37:17.754] [info] [candidate.cpp:199] InstancePrecompute: built 25 candidates
[2026-10-05 04:37:17.754] [info] [stationary.cpp:264] NN: cost=26.137044, feasible=true, active_stations=1
[2026-10-05 04:37:17.754] [info] [candidate.cpp:199] InstancePrecompute: built 25 candidates
[2026-10-05 04:37:17.754] [info] [stationary.cpp:264] NN: cost=166.690330, feasible=true, active_stations=1
[2026-10-05 04:37:17.754] [info] [candidate.cpp:199] InstancePrecompute: built 25 candidates
[2026-10-05 04:37:17.754] [info] [stationary.cpp:264] NN: cost=2.667045, feasible=true, active_stations=1
[2026-10-05 04:37:17.754] [info] [candidate.cpp:199] InstancePrecompute: built 25 candidates
[2026-10-05 04:37:17.754] [info] [stationary.cpp:264] NN: cost=1421.268433, feasible=true, active_stations=1
[2026-10-05 04:37:17.754] [info] [candidate.cpp:199] InstancePrecompute: built 25 candidates
[2026-10-05 04:37:17.754] [info] [stationary.cpp:264] NN: cost=377.920317, feasible=true, active_stations=1
[2026-10-05 04:37:17.754] [info] [candidate.cpp:199] InstancePrecompute: built 25 candidates
[2026-10-05 04:37:17.754] [info] [stationary.cpp:264] NN: cost=1495.678996, feasible=true, active_stations=1
[2026-10-05 04:37:17.754] [info] [candidate.cpp:199] InstancePrecompute: built 25 candidates
[2026-10-05 04:37:17.754] [info] [stationary.cpp:264] NN: cost=1934.141241, feasible=true, active_stations=1
[2026-10-05 04:37:17.754] [info] [candidate.cpp:199] InstancePrecompute: built 25 candidates
[2026-10-05 04:37:17.754] [info] [stationary.cpp:264] NN: cost=21.603067, feasible=true, active_stations=1
[2026-10-05 04:37:17.754] [info] [candidate.cpp:199] InstancePrecompute: built 25 candidates
[2026-10-05 04:37:17.754] [info] [stationary.cpp:264] NN: cost=112.282607, feasible=true, active_stations=1
[2026-10-05 04:37:17.754] [info] [candidate.cpp:199] InstancePrecompute: built 25 candidates
[2026-10-05 04:37:17.754] [info] [stationary.cpp:264] NN: cost=683.030298, feasible=true, active_stations=1
[2026-10-05 04:37:17.754] [info] [candidate.cpp:199] InstancePrecompute: built 25 candidates
[2026-10-05 04:37:17.754] [info] [stationary.cpp:264] NN: cost=43.739543, feasible=true, active_stations=1
[2026-10-05 04:37:17.754] [info] [candidate.cpp:199] InstancePrecompute: built 25 candidates
[2026-10-05 04:37:17.754] [info] [stationary.cpp:264] NN: cost=73.877154, feasible=true, active_stations=1
[2026-10-05 04:37:17.754] [info] [candidate.cpp:199] InstancePrecompute: built 25 candidates
[2026-10-05 04:37:17.754] [info] [stationary.cpp:264] NN: cost=430.194405, feasible=true, active_stations=1
[2026-10-05 04:37:17.754] [info] [candidate.cpp:199] InstancePrecompute: built 25 candidates
[2026-10-05 04:37:17.754] [info] [stationary.cpp:264] NN: cost=26.137044, feasible=true, active_stations=1
[2026-10-05 04:37:17.754] [info] [candidate.cpp:199] InstancePrecompute: built 25 candidates
[2026-10-05 04:37:17.754] [info] [stationary.cpp:264] NN: cost=166.690330, feasible=true, active_stations=1
[2026-10-05 04:37:17.754] [info] [candidate.cpp:199] InstancePrecompute: built 25 candidates
[2026-10-05 04:37:17.754] [info] [stationary.cpp:264] NN: cost=2.667045, feasible=true, active_stations=1
[2026-10-05 04:37:17.754] [info] [candidate.cpp:199] InstancePrecompute: built 25 candidates
[2026-10-05 04:37:17.754] [info] [stationary.cpp:264] NN: cost=1421.268433, feasible=true, active_stations=1
[2026-10-05 04:37:17.754] [info] [candidate.cpp:199] InstancePrecompute: built 25 candidates
[2026-10-05 04:37:17.754] [info] [stationary.cpp:264] NN: cost=377.920317, feasible=true, active_stations=1
[2026-10-05 04:37:17.754] [info] [candidate.cpp:199] InstancePrecompute: built 25 candidates
[2026-10-05 04:37:17.754] [info] [stationary.cpp:264] NN: cost=1495.678996, feasible=true, active_stations=1
[2026-10-05 04:37:17.754] [info] [candidate.cpp:199] InstancePrecompute: built 25 candidates
[2026-10-05 04:37:17.754] [info] [stationary.cpp:264] NN: cost=1934.141241, feasible=true, active_stations=1
[2026-10-05 04:37:17.754] [info] [candidate.cpp:199] InstancePrecompute: built 50 candidates
[2026-10-05 04:37:17.754] [info] [stationary.cpp:264] NN: cost=112.282607, feasible=true, active_stations=1
[2026-10-05 04:37:17.754] [info] [candidate.cpp:199] InstancePrecompute: built 25 candidates
[2026-10-05 04:37:17.754] [info] [stationary.cpp:264] NN: cost=683.030298, feasible=true, active_stations=1
[2026-10-05 04:37:17.754] [info] [candidate.cpp:199] InstancePrecompute: built 25 candidates
[2026-10-05 04:37:17.754] [info] [stationary.cpp:264] NN: cost=43.739543, feasible=true, active_stations=1
[2026-10-05 04:37:17.754] [info] [candidate.cpp:199] InstancePrecompute: built 25 candidates
[2026-10-05 04:37:17.754] [info] [stationary.cpp:264] NN: cost=73.877154, feasible=true, active_stations=1
[2026-10-05 04:37:17.754] [info] [candidate.cpp:199] InstancePrecompute: built 25 candidates
[2026-10-05 04:37:17.754] [info] [stationary.cpp:264] NN: cost=430.194405, feasible=true, active_stations=1
[2026-10-05 04:37:17.754] [info] [candidate.cpp:199] InstancePrecompute: built 25 candidates
[2026-10-05 04:37:17.754] [info] [stationary.cpp:264] NN: cost=26.137044, feasible=true, active_stations=1
[2026-10-05 04:37:17.754] [info] [candidate.cpp:199] InstancePrecompute: built 25 candidates
[2026-10-05 04:37:17.754] [info] [stationary.cpp:264] NN: cost=166.690330, feasible=true, active_stations=1
[2026-10-05 04:37:17.754] [info] [candidate.cpp:199] InstancePrecompute: built 25 candidates
[2026-10-05 04:37:17.754] [info] [stationary.cpp:264] NN: cost=2.667045, feasible=true, active_stations=1
[2026-10-05 04:37:17.754] [info] [candidate.cpp:199] InstancePrecompute: built 25 candidates
[2026-10-05 04:37:17.754] [info] [stationary.cpp:264] NN: cost=1421.268433, feasible=true, active_stations=1
[2026-10-05 04:37:17.754] [info] [candidate.cpp:199] InstancePrecompute: built 25 candidates
[2026-10-05 04:37:17.754] [info] [stationary.cpp:264] NN: cost=377.920317, feasible=true, active_stations=1
[2026-10-05 04:37:17.754] [info] [candidate.cpp:199] InstancePrecompute: built 25 candidates
[2026-10-05 04:37:17.754] [info] [stationary.cpp:264] NN: cost=1495.678996, feasible=true, active_stations=1
[2026-10-05 04:37:17.754] [info] [candidate.cpp:199] InstancePrecompute: built 25 candidates
[2026-10-05 04:37:17.754] [info] [stationary.cpp:264] NN: cost=1934.141241, feasible=true, active_stations=1
[2026-10-05 04:37:17.754] [info] [candidate.cpp:199] InstancePrecompute: built 50 candidates
[2026-10-05 04:37:17.754] [info] [stationary.cpp:264] NN: cost=112.282607, feasible=true, active_stations=1
[2026-10-05 04:37:17.754] [info] [candidate.cpp:199] InstancePrecompute: built 25 candidates
[2026-10-05 04:37:17.754] [info] [stationary.cpp:264] NN: cost=683.030298, feasible=true, active_stations=1
[2026-10-05 04:37:17.754] [info] [candidate.cpp:199] InstancePrecompute: built 25 candidates
[2026-10-05 04:37:17.754] [info] [stationary.cpp:264] NN: cost=43.739543, feasible=true, active_stations=1
[2026-10-05 04:37:17.754] [info] [candidate.cpp:199] InstancePrecompute: built 25 candidates
[2026-10-05 04:37:17.754] [info] [stationary.cpp:264] NN: cost=73.877154, feasible=true, active_stations=1
[2026-10-05 04:37:17.754] [info] [candidate.cpp:199] InstancePrecompute: built 25 candidates
[2026-10-05 04:37:17.754] [info] [stationary.cpp:264] NN: cost=430.194405, feasible=true, active_stations=1
[2026-10-05 04:37:17.754] [info] [candidate.cpp:199] InstancePrecompute: built 25 candidates
[2026-10-05 04:37:17.754] [info] [stationary.cpp:264] NN: cost=26.137044, feasible=true, active_stations=1
[2026-10-05 04:37:17.754] [info] [candidate.cpp:199] InstancePrecompute: built 25 candidates
[2026-10-05 04:37:17.754] [info] [stationary.cpp:264] NN: cost=166.690330, feasible=true, active_stations=1
[2026-10-05 04:37:17.754] [info] [candidate.cpp:199] InstancePrecompute: built 25 candidates
[2026-10-05 04:37:17.754] [info] [stationary.cpp:264] NN: cost=2.667045, feasible=true, active_stations=1
[2026-10-05 04:37:17.754] [info] [candidate.cpp:199] InstancePrecompute: built 25 candidates
[2026-10-05 04:37:17.754] [info] [stationary.cpp:264] NN: cost=1421.268433, feasible=true, active_stations=1
[2026-10-05 04:37:17.754] [info] [candidate.cpp:199] InstancePrecompute: built 25 candidates
[2026-10-05 04:37:17.754] [info] [stationary.cpp:264] NN: cost=377.920317, feasible=true, active_stations=1
[2026-10-05 04:37:17.754] [info] [candidate.cpp:199] InstancePrecompute: built 25 candidates
[2026-10-05 04:37:17.754] [info] [stationary.cpp:264] NN: cost=1495.678996, feasible=true, active_stations=1
[2026-10-05 04:37:17.754] [info] [candidate.cpp:199] InstancePrecompute: built 25 candidates
[2026-10-05 04:37:17.754] [info] [stationary.cpp:264] NN: cost=1934.141241, feasible=true, active_stations=1
[2026-10-05 04:37:17.754] [info] [candidate.cpp:199] InstancePrecompute: built 50 candidates
[2026-10-05 04:37:17.754] [info] [stationary.cpp:264] NN: cost=112.282607, feasible=true, active_stations=1
[2026-10-05 04:37:17.754] [info] [candidate.cpp:199] InstancePrecompute: built 25 candidates
[2026-10-05 04:37:17.754] [info] [stationary.cpp:264] NN: cost=683.030298, feasible=true, active_stations=1
[2026-10-05 04:37:17.754] [info] [candidate.cpp:199] InstancePrecompute: built 25 candidates
[2026-10-05 04:37:17.754] [info] [stationary.cpp:264] NN: cost=43.739543, feasible=true, active_stations=1
[2026-10-05 04:37:17.754] [info] [candidate.cpp:199] InstancePrecompute: built 25 candidates
[2026-10-05 04:37:17.754] [info] [stationary.cpp:264] NN: cost=73.877154, feasible=true, active_stations=1
[2026-10-05 04:37:17.754] [info] [candidate.cpp:199] InstancePrecompute: built 25 candidates
[2026-10-05 04:37:17.754] [info] [stationary.cpp:264] NN: cost=430.194405, feasible=true, active_stations=1
[2026-10-05 04:37:17.754] [info] [candidate.cpp:199] InstancePrecompute: built 25 candidates
[2026-10-05 04:37:17.754] [info] [stationary.cpp:264] NN: cost=26.137044, feasible=true, active_stations=1
[2026-10-05 04:37:17.754] [info] [candidate.cpp:199] InstancePrecompute: built 50 candidates
[2026-10-05 04:37:17.754] [info] [stationary.cpp:264] NN: cost=166.690330, feasible=true, active_stations=1
[2026-10-05 04:37:17.754] [info] [candidate.cpp:199] InstancePrecompute: built 25 candidates
[2026-10-05 04:37:17.754] [info] [stationary.cpp:264] NN: cost=1421.268433, feasible=true, active_stations=1
[2026-10-05 04:37:17.754] [info] [candidate.cpp:199] InstancePrecompute: built 25 candidates
[2026-10-05 04:37:17.754] [info] [stationary.cpp:264] NN: cost=377.920317, feasible=true, active_stations=1
[2026-10-05 04:37:17.754] [info] [candidate.cpp:199] InstancePrecompute: built 25 candidates
[2026-10-05 04:37:17.754] [info] [stationary.cpp:264] NN: cost=1495.678996, feasible=true, active_stations=1
[2026-10-05 04:37:17.754] [info] [candidate.cpp:199] InstancePrecompute: built 25 candidates
[2026-10-05 04:37:17.754] [info] [stationary.cpp:264] NN: cost=1934.141241, feasible=true, active_stations=1
[2026-10-05 04:37:17.754] [info] [candidate.cpp:199] InstancePrecompute: built 50 candidates
[2026-10-05 04:37:17.754] [info] [stationary.cpp:264] NN: cost=112.282607, feasible=true, active_stations=1
[2026-10-05 04:37:17.754] [info] [candidate.cpp:199] InstancePrecompute: built 25 candidates
[2026-10-05 04:37:17.754] [info] [stationary.cpp:264] NN: cost=683.030298, feasible=true, active_stations=1
[2026-10-05 04:37:17.754] [info] [candidate.cpp:199] InstancePrecompute: built 25 candidates
[2026-10-05 04:37:17.754] [info] [stationary.cpp:264] NN: cost=43.739543, feasible=true, active_stations=1
[2026-10-05 04:37:17.754] [info] [candidate.cpp:199] InstancePrecompute: built 25 candidates
[2026-10-05 04:37:17.754] [info] [stationary.cpp:264] NN: cost=73.877154, feasible=true, active_stations=1
[2026-10-05 04:37:17.754] [info] [candidate.cpp:199] InstancePrecompute: built 25 candidates
[2026-10-05 04:37:17.754] [info] [stationary.cpp:264] NN: cost=430.194405, feasible=true, active_stations=1
[2026-10-05 04:37:17.754] [info] [candidate.cpp:199] InstancePrecompute: built 25 candidates
[2026-10-05 04:37:17.754] [info] [stationary.cpp:264] NN: cost=26.137044, feasible=true, active_stations=1
[2026-10-05 04:37:17.754] [info] [candidate.cpp:199] InstancePrecompute: built 25 candidates
[2026-10-05 04:37:17.754] [info] [stationary.cpp:264] NN: cost=166.690330, feasible=true, active_stations=1
[2026-10-05 04:37:17.754] [info] [candidate.cpp:199] InstancePrecompute: built 25 candidates
[2026-10-05 04:37:17.754] [info] [stationary.cpp:264] NN: cost=2.667045, feasible=true, active_stations=1
[2026-10-05 04:37:17.754] [info] [candidate.cpp:199] InstancePrecompute: built 25 candidates
[2026-10-05 04:37:17.754] [info] [stationary.cpp:264] NN: cost=1421.268433, feasible=true, active_stations=1
[2026-10-05 04:37:17.754] [info] [candidate.cpp:199] InstancePrecompute: built 25 candidates
[2026-10-05 04:37:17.754] [info] [stationary.cpp:264] NN: cost=377.920317, feasible=true, active_stations=1
[2026-10-05 04:37:17.754] [info] [candidate.cpp:199] InstancePrecompute: built 25 candidates
[2026-10-05 04:37:17.754] [info] [stationary.cpp:264] NN: cost=1495.678996, feasible=true, active_stations=1
[2026-10-05 04:37:17.754] [info] [candidate.cpp:199] InstancePrecompute: built 25 candidates
[2026-10-05 04:37:17.754] [info] [stationary.cpp:264] NN: cost=1934.141241, feasible=true, active_stations=1
[2026-10-05 04:37:17.754] [info] [candidate.cpp:199] InstancePrecompute: built 50 candidates
[2026-10-05 04:37:17.754] [info] [stationary.cpp:264] NN: cost=112.282607, feasible=true, active_stations=1
[2026-10-05 04:37:17.754] [info] [candidate.cpp:199] InstancePrecompute: built 25 candidates
[2026-10-05 04:37:17.754] [info] [stationary.cpp:264] NN: cost=683.030298, feasible=true, active_stations=1
[2026-10-05 04:37:17.754] [info] [candidate.cpp:199] InstancePrecompute: built 25 candidates
[2026-10-05 04:37:17.754] [info] [stationary.cpp:264] NN: cost=43.739543, feasible=true, active_stations=1
[2026-10-05 04:37:17.754] [info] [candidate.cpp:199] InstancePrecompute: built 25 candidates
[2026-10-05 04:37:17.754] [info] [stationary.cpp:264] NN: cost=73.877154, feasible=true, active_stations=1
[2026-10-05 04:37:17.754] [info] [candidate.cpp:199] InstancePrecompute: built 25 candidates
[2026-10-05 04:37:17.754] [info] [stationary.cpp:264] NN: cost=430.194405, feasible=true, active_stations=1
[2026-10-05 04:37:17.754] [info] [candidate.cpp:199] InstancePrecompute: built 25 candidates
[2026-10-05 04:37:17.754] [info] [stationary.cpp:264] NN: cost=26.137044, feasible=true, active_stations=1
[2026-10-05 04:37:17.754] [info] [candidate.cpp:199] InstancePrecompute: built 25 candidates
[2026-10-05 04:37:17.754] [info] [stationary.cpp:264] NN: cost=166.690330, feasible=true, active_stations=1
[2026-10-05 04:37:17.754] [info] [candidate.cpp:199] InstancePrecompute: built 25 candidates
[2026-10-05 04:37:17.754] [info] [stationary.cpp:264] NN: cost=2.667045, feasible=true, active_stations=1
[2026-10-05 04:37:17.754] [info] [candidate.cpp:199] InstancePrecompute: built 25 candidates
[2026-10-05 04:37:17.754] [info] [stationary.cpp:264] NN: cost=1421.268433, feasible=true, active_stations=1
[2026-10-05 04:37:17.754] [info] [candidate.cpp:199] InstancePrecompute: built 25 candidates
[2026-10-05 04:37:17.754] [info] [stationary.cpp:264] NN: cost=377.920317, feasible=true, active_stations=1
[2026-10-05 04:37:17.754] [info] [candidate.cpp:199] InstancePrecompute: built 25 candidates
[2026-10-05 04:37:17.754] [info] [stationary.cpp:264] NN: cost=1495.678996, feasible=true, active_stations=1
[2026-10-05 04:37:17.754] [info] [candidate.cpp:199] InstancePrecompute: built 25 candidates
[2026-10-05 04:37:17.754] [info] [stationary.cpp:264] NN: cost=1934.141241, feasible=true, active_stations=1
[2026-10-05 04:37:17.754] [info] [candidate.cpp:199] InstancePrecompute: built 50 candidates
[2026-10-05 04:37:17.754] [info] [stationary.cpp:264] NN: cost=112.282607, feasible=true, active_stations=1
[2026-10-05 04:37:17.754] [info] [candidate.cpp:199] InstancePrecompute: built 25 candidates
[2026-10-05 04:37:17.754] [info] [stationary.cpp:264] NN: cost=683.030298, feasible=true, active_stations=1
[2026-10-05 04:37:17.754] [info] [candidate.cpp:199] InstancePrecompute: built 25 candidates
[2026-10-05 04:37:17.754] [info] [stationary.cpp:264] NN: cost=43.739543, feasible=true, active_stations=1
[2026-10-05 04:37:17.754] [info] [candidate.cpp:199] InstancePrecompute: built 25 candidates
[2026-10-05 04:37:17.754] [info] [stationary.cpp:264] NN: cost=73.877154, feasible=true, active_stations=1
[2026-10-05 04:37:17.754] [info] [candidate.cpp:199] InstancePrecompute: built 25 candidates
[2026-10-05 04:37:17.754] [info] [stationary.cpp:264] NN: cost=430.194405, feasible=true, active_stations=1
[2026-10-05 04:37:17.754] [info] [candidate.cpp:199] InstancePrecompute: built 25 candidates
[2026-10-05 04:37:17.754] [info] [stationary.cpp:264] NN: cost=26.137044, feasible=true, active_stations=1
[2026-10-05 04:37:17.754] [info] [candidate.cpp:199] InstancePrecompute: built 25 candidates
[2026-10-05 04:37:17.754] [info] [stationary.cpp:264] NN: cost=166.690330, feasible=true, active_stations=1
[2026-10-05 04:37:17.754] [info] [candidate.cpp:199] InstancePrecompute: built 25 candidates
[2026-10-05 04:37:17.754] [info] [stationary.cpp:264] NN: cost=2.667045, feasible=true, active_stations=1
[2026-10-05 04:37:17.754] [info] [candidate.cpp:199] InstancePrecompute: built 25 candidates
[2026-10-05 04:37:17.754] [info] [stationary.cpp:264] NN: cost=1421.268433, feasible=true, active_stations=1
[2026-10-05 04:37:17.754] [info] [candidate.cpp:199] InstancePrecompute: built 25 candidates
[2026-10-05 04:37:17.754] [info] [stationary.cpp:264] NN: cost=377.920317, feasible=true, active_stations=1
[2026-10-05 04:37:17.754] [info] [candidate.cpp:199] InstancePrecompute: built 25 candidates
[2026-10-05 04:37:17.754] [info] [stationary.cpp:264] NN: cost=1495.678996, feasible=true, active_stations=1
[2026-10-05 04:37:17.754] [info] [candidate.cpp:199] InstancePrecompute: built 25 candidates
[2026-10-05 04:37:17.754] [info] [stationary.cpp:264] NN: cost=1934.141241, feasible=true, active_stations=1
[2026-10-05 04:37:17.754] [info] [candidate.cpp:199] InstancePrecompute: built 50 candidates
[2026-10-05 04:37:17.754] [info] [stationary.cpp:264] NN: cost=112.282607, feasible=true, active_stations=1
[2026-10-05 04:37:17.754] [info] [candidate.cpp:199] InstancePrecompute: built 25 candidates
[2026-10-05 04:37:17.754] [info] [stationary.cpp:264] NN: cost=683.030298, feasible=true, active_stations=1
[2026-10-05 04:37:17.754] [info] [candidate.cpp:199] InstancePrecompute: built 25 candidates
[2026-10-05 04:37:17.754] [info] [stationary.cpp:264] NN: cost=43.739543, feasible=true, active_stations=1
[2026-10-05 04:37:17.755] [info] [candidate.cpp:199] InstancePrecompute: built 25 candidates
[2026-10-05 04:37:17.755] [info] [stationary.cpp:264] NN: cost=73.877154, feasible=true, active_stations=1
[2026-10-05 04:37:17.755] [info] [candidate.cpp:199] InstancePrecompute: built 25 candidates
[2026-10-05 04:37:17.755] [info] [stationary.cpp:264] NN: cost=430.194405, feasible=true, active_stations=1
[2026-10-05 04:37:17.755] [info] [candidate.cpp:199] InstancePrecompute: built 25 candidates
[2026-10-05 04:37:17.755] [info] [stationary.cpp:264] NN: cost=26.137044, feasible=true, active_stations=1
[2026-10-05 04:37:17.755] [info] [candidate.cpp:199] InstancePrecompute: built 25 candidates
[2026-10-05 04:37:17.755] [info] [stationary.cpp:264] NN: cost=166.690330, feasible=true, active_stations=1
[2026-10-05 04:37:17.755] [info] [candidate.cpp:199] InstancePrecompute: built 25 candidates
[2026-10-05 04:37:17.755] [info] [stationary.cpp:264] NN: cost=2.667045, feasible=true, active_stations=1
[2026-10-05 04:37:17.755] [info] [candidate.cpp:199] InstancePrecompute: built 25 candidates
[2026-10-05 04:37:17.755] [info] [stationary.cpp:264] NN: cost=1421.268433, feasible=true, active_stations=1
[2026-10-05 04:37:17.755] [info] [candidate.cpp:199] InstancePrecompute: built 25 candidates
[2026-10-05 04:37:17.755] [info] [stationary.cpp:264] NN: cost=377.920317, feasible=true, active_stations=1
[2026-10-05 04:37:17.755] [info] [candidate.cpp:199] InstancePrecompute: built 25 candidates
[2026-10-05 04:37:17.755] [info] [stationary.cpp:264] NN: cost=1495.678996, feasible=true, active_stations=1
[2026-10-05 04:37:17.755] [info] [candidate.cpp:199] InstancePrecompute: built 25 candidates
[2026-10-05 04:37:17.755] [info] [stationary.cpp:264] NN: cost=1934.141241, feasible=true, active_stations=1
[2026-10-05 04:37:17.755] [info] [candidate.cpp:199] InstancePrecompute: built 25 candidates
[2026-10-05 04:37:17.755] [info] [stationary.cpp:264] NN: cost=21.603067, feasible=true, active_stations=1
[2026-10-05 04:37:17.755] [info] [candidate.cpp:199] InstancePrecompute: built 25 candidates
[2026-10-05 04:37:17.755] [info] [stationary.cpp:264] NN: cost=112.282607, feasible=true, active_stations=1
[2026-10-05 04:37:17.755] [info] [candidate.cpp:199] InstancePrecompute: built 25 candidates
[2026-10-05 04:37:17.755] [info] [stationary.cpp:264] NN: cost=683.030298, feasible=true, active_stations=1
[2026-10-05 04:37:17.755] [info] [candidate.cpp:199] InstancePrecompute: built 25 candidates
[2026-10-05 04:37:17.755] [info] [stationary.cpp:264] NN: cost=43.739543, feasible=true, active_stations=1
[2026-10-05 04:37:17.755] [info] [candidate.cpp:199] InstancePrecompute: built 25 candidates
[2026-10-05 04:37:17.755] [info] [stationary.cpp:264] NN: cost=73.877154, feasible=true, active_stations=1
[2026-10-05 04:37:17.755] [info] [candidate.cpp:199] InstancePrecompute: built 25 candidates
[2026-10-05 04:37:17.755] [info] [stationary.cpp:264] NN: cost=430.194405, feasible=true, active_stations=1
[2026-10-05 04:37:17.755] [info] [candidate.cpp:199] InstancePrecompute: built 25 candidates
[2026-10-05 04:37:17.755] [info] [stationary.cpp:264] NN: cost=26.137044, feasible=true, active_stations=1
[2026-10-05 04:37:17.755] [info] [candidate.cpp:199] InstancePrecompute: built 25 candidates
[2026-10-05 04:37:17.755] [info] [stationary.cpp:264] NN: cost=166.690330, feasible=true, active_stations=1
[2026-10-05 04:37:17.755] [info] [candidate.cpp:199] InstancePrecompute: built 25 candidates
[2026-10-05 04:37:17.755] [info] [stationary.cpp:264] NN: cost=2.667045, feasible=true, active_stations=1
[2026-10-05 04:37:17.755] [info] [candidate.cpp:199] InstancePrecompute: built 25 candidates
[2026-10-05 04:37:17.755] [info] [stationary.cpp:264] NN: cost=1421.268433, feasible=true, active_stations=1
[2026-10-05 04:37:17.755] [info] [candidate.cpp:199] InstancePrecompute: built 25 candidates
[2026-10-05 04:37:17.755] [info] [stationary.cpp:264] NN: cost=377.920317, feasible=true, active_stations=1
[2026-10-05 04:37:17.755] [info] [candidate.cpp:199] InstancePrecompute: built 25 candidates
[2026-10-05 04:37:17.755] [info] [stationary.cpp:264] NN: cost=1495.678996, feasible=true, active_stations=1
[2026-10-05 04:37:17.755] [info] [candidate.cpp:199] InstancePrecompute: built 25 candidates
[2026-10-05 04:37:17.755] [info] [stationary.cpp:264] NN: cost=1934.141241, feasible=true, active_stations=1
[2026-10-05 04:37:17.755] [info] [candidate.cpp:199] InstancePrecompute: built 50 candidates
[2026-10-05 04:37:17.755] [info] [stationary.cpp:264] NN: cost=112.282607, feasible=true, active_stations=1
[2026-10-05 04:37:17.755] [info] [candidate.cpp:199] InstancePrecompute: built 25 candidates
[2026-10-05 04:37:17.755] [info] [stationary.cpp:264] NN: cost=683.030298, feasible=true, active_stations=1
[2026-10-05 04:37:17.755] [info] [candidate.cpp:199] InstancePrecompute: built 25 candidates
[2026-10-05 04:37:17.755] [info] [stationary.cpp:264] NN: cost=43.739543, feasible=true, active_stations=1
[2026-10-05 04:37:17.755] [info] [candidate.cpp:199] InstancePrecompute: built 25 candidates
[2026-10-05 04:37:17.755] [info] [stationary.cpp:264] NN: cost=73.877154, feasible=true, active_stations=1
[2026-10-05 04:37:17.755] [info] [candidate.cpp:199] InstancePrecompute: built 25 candidates
[2026-10-05 04:37:17.755] [info] [stationary.cpp:264] NN: cost=430.194405, feasible=true, active_stations=1
[2026-10-05 04:37:17.755] [info] [candidate.cpp:199] InstancePrecompute: built 25 candidates
[2026-10-05 04:37:17.755] [info] [stationary.cpp:264] NN: cost=26.137044, feasible=true, active_stations=1
[2026-10-05 04:37:17.755] [info] [candidate.cpp:199] InstancePrecompute: built 25 candidates
[2026-10-05 04:37:17.755] [info] [stationary.cpp:264] NN: cost=166.690330, feasible=true, active_stations=1
[2026-10-05 04:37:17.755] [info] [candidate.cpp:199] InstancePrecompute: built 25 candidates
[2026-10-05 04:37:17.755] [info] [stationary.cpp:264] NN: cost=2.667045, feasible=true, active_stations=1
[2026-10-05 04:37:17.755] [info] [candidate.cpp:199] InstancePrecompute: built 25 candidates
[2026-10-05 04:37:17.755] [info] [stationary.cpp:264] NN: cost=1421.268433, feasible=true, active_stations=1
[2026-10-05 04:37:17.755] [info] [candidate.cpp:199] InstancePrecompute: built 25 candidates
[2026-10-05 04:37:17.755] [info] [stationary.cpp:264] NN: cost=377.920317, feasible=true, active_stations=1
[2026-10-05 04:37:17.755] [info] [candidate.cpp:199] InstancePrecompute: built 25 candidates
[2026-10-05 04:37:17.755] [info] [stationary.cpp:264] NN: cost=1495.678996, feasible=true, active_stations=1
[2026-10-05 04:37:17.755] [info] [candidate.cpp:199] InstancePrecompute: built 25 candidates
[2026-10-05 04:37:17.755] [info] [stationary.cpp:264] NN: cost=1934.141241, feasible=true, active_stations=1
[2026-10-05 04:37:17.755] [info] [candidate.cpp:199] InstancePrecompute: built 50 candidates
[2026-10-05 04:37:17.755] [info] [stationary.cpp:264] NN: cost=112.282607, feasible=true, active_stations=1
[2026-10-05 04:37:17.755] [info] [candidate.cpp:199] InstancePrecompute: built 25 candidates
[2026-10-05 04:37:17.755] [info] [stationary.cpp:264] NN: cost=683.030298, feasible=true, active_stations=1
[2026-10-05 04:37:17.755] [info] [candidate.cpp:199] InstancePrecompute: built 25 candidates
[2026-10-05 04:37:17.755] [info] [stationary.cpp:264] NN: cost=43.739543, feasible=true, active_stations=1
[2026-10-05 04:37:17.755] [info] [candidate.cpp:199] InstancePrecompute: built 25 candidates
[2026-10-05 04:37:17.755] [info] [stationary.cpp:264] NN: cost=73.877154, feasible=true, active_stations=1
[2026-10-05 04:37:17.755] [info] [candidate.cpp:199] InstancePrecompute: built 25 candidates
[2026-10-05 04:37:17.755] [info] [stationary.cpp:264] NN: cost=430.194405, feasible=true, active_stations=1
[2026-10-05 04:37:17.755] [info] [candidate.cpp:199] InstancePrecompute: built 25 candidates
[2026-10-05 04:37:17.755] [info] [stationary.cpp:264] NN: cost=26.137044, feasible=true, active_stations=1
[2026-10-05 04:37:17.755] [info] [candidate.cpp:199] InstancePrecompute: built 25 candidates
[2026-10-05 04:37:17.755] [info] [stationary.cpp:264] NN: cost=166.690330, feasible=true, active_stations=1
[2026-10-05 04:37:17.755] [info] [candidate.cpp:199] InstancePrecompute: built 25 candidates
[2026-10-05 04:37:17.755] [info] [stationary.cpp:264] NN: cost=2.667045, feasible=true, active_stations=1
[2026-10-05 04:37:17.755] [info] [candidate.cpp:199] InstancePrecompute: built 25 candidates
[2026-10-05 04:37:17.755] [info] [stationary.cpp:264] NN: cost=1421.268433, feasible=true, active_stations=1
[2026-10-05 04:37:17.755] [info] [candidate.cpp:199] InstancePrecompute: built 25 candidates
[2026-10-05 04:37:17.755] [info] [stationary.cpp:264] NN: cost=377.920317, feasible=true, active_stations=1
[2026-10-05 04:37:17.755] [info] [candidate.cpp:199] InstancePrecompute: built 25 candidates
[2026-10-05 04:37:17.755] [info] [stationary.cpp:264] NN: cost=1495.678996, feasible=true, active_stations=1
[2026-10-05 04:37:17.755] [info] [candidate.cpp:199] InstancePrecompute: built 25 candidates
[2026-10-05 04:37:17.755] [info] [stationary.cpp:264] NN: cost=1934.141241, feasible=true, active_stations=1
[2026-10-05 04:37:17.755] [info] [candidate.cpp:199] InstancePrecompute: built 50 candidates
[2026-10-05 04:37:17.755] [info] [stationary.cpp:264] NN: cost=112.282607, feasible=true, active_stations=1
[2026-10-05 04:37:17.755] [info] [candidate.cpp:199] InstancePrecompute: built 25 candidates
[2026-10-05 04:37:17.755] [info] [stationary.cpp:264] NN: cost=683.030298, feasible=true, active_stations=1
[2026-10-05 04:37:17.755] [info] [candidate.cpp:199] InstancePrecompute: built 25 candidates
[2026-10-05 04:37:17.755] [info] [stationary.cpp:264] NN: cost=43.739543, feasible=true, active_stations=1
[2026-10-05 04:37:17.755] [info] [candidate.cpp:199] InstancePrecompute: built 25 candidates
[2026-10-05 04:37:17.755] [info] [stationary.cpp:264] NN: cost=73.877154, feasible=true, active_stations=1
[2026-10-05 04:37:17.755] [info] [candidate.cpp:199] InstancePrecompute: built 25 candidates
[2026-10-05 04:37:17.755] [info] [stationary.cpp:264] NN: cost=430.194405, feasible=true, active_stations=1
[2026-10-05 04:37:17.755] [info] [candidate.cpp:199] InstancePrecompute: built 25 candidates
[2026-10-05 04:37:17.755] [info] [stationary.cpp:264] NN: cost=26.137044, feasible=true, active_stations=1
[2026-10-05 04:37:17.755] [info] [candidate.cpp:199] InstancePrecompute: built 50 candidates
[2026-10-05 04:37:17.755] [info] [stationary.cpp:264] NN: cost=166.690330, feasible=true, active_stations=1
[2026-10-05 04:37:17.755] [info] [candidate.cpp:199] InstancePrecompute: built 25 candidates
[2026-10-05 04:37:17.755] [info] [stationary.cpp:264] NN: cost=1421.268433, feasible=true, active_stations=1
[2026-10-05 04:37:17.755] [info] [candidate.cpp:199] InstancePrecompute: built 25 candidates
[2026-10-05 04:37:17.755] [info] [stationary.cpp:264] NN: cost=377.920317, feasible=true, active_stations=1
[2026-10-05 04:37:17.755] [info] [candidate.cpp:199] InstancePrecompute: built 25 candidates
[2026-10-05 04:37:17.755] [info] [stationary.cpp:264] NN: cost=1495.678996, feasible=true, active_stations=1
[2026-10-05 04:37:17.755] [info] [candidate.cpp:199] InstancePrecompute: built 25 candidates
[2026-10-05 04:37:17.755] [info] [stationary.cpp:264] NN: cost=1934.141241, feasible=true, active_stations=1
[2026-10-05 04:37:17.755] [info] [candidate.cpp:199] InstancePrecompute: built 50 candidates
[2026-10-05 04:37:17.755] [info] [stationary.cpp:264] NN: cost=112.282607, feasible=true, active_stations=1
[2026-10-05 04:37:17.755] [info] [candidate.cpp:199] InstancePrecompute: built 25 candidates
[2026-10-05 04:37:17.755] [info] [stationary.cpp:264] NN: cost=683.030298, feasible=true, active_stations=1
[2026-10-05 04:37:17.755] [info] [candidate.cpp:199] InstancePrecompute: built 25 candidates
[2026-10-05 04:37:17.755] [info] [stationary.cpp:264] NN: cost=43.739543, feasible=true, active_stations=1
[2026-10-05 04:37:17.755] [info] [candidate.cpp:199] InstancePrecompute: built 25 candidates
[2026-10-05 04:37:17.755] [info] [stationary.cpp:264] NN: cost=73.877154, feasible=true, active_stations=1
[2026-10-05 04:37:17.755] [info] [candidate.cpp:199] InstancePrecompute: built 25 candidates
[2026-10-05 04:37:17.755] [info] [stationary.cpp:264] NN: cost=430.194405, feasible=true, active_stations=1
[2026-10-05 04:37:17.755] [info] [candidate.cpp:199] InstancePrecompute: built 25 candidates
[2026-10-05 04:37:17.755] [info] [stationary.cpp:264] NN: cost=26.137044, feasible=true, active_stations=1
[2026-10-05 04:37:17.755] [info] [candidate.cpp:199] InstancePrecompute: built 25 candidates
[2026-10-05 04:37:17.755] [info] [stationary.cpp:264] NN: cost=166.690330, feasible=true, active_stations=1
[2026-10-05 04:37:17.755] [info] [candidate.cpp:199] InstancePrecompute: built 25 candidates
[2026-10-05 04:37:17.755] [info] [stationary.cpp:264] NN: cost=2.667045, feasible=true, active_stations=1
[2026-10-05 04:37:17.755] [info] [candidate.cpp:199] InstancePrecompute: built 25 candidates
[2026-10-05 04:37:17.755] [info] [stationary.cpp:264] NN: cost=1421.268433, feasible=true, active_stations=1
[2026-10-05 04:37:17.755] [info] [candidate.cpp:199] InstancePrecompute: built 25 candidates
[2026-10-05 04:37:17.755] [info] [stationary.cpp:264] NN: cost=377.920317, feasible=true, active_stations=1
[2026-10-05 04:37:17.755] [info] [candidate.cpp:199] InstancePrecompute: built 25 candidates
[2026-10-05 04:37:17.755] [info] [stationary.cpp:264] NN: cost=1495.678996, feasible=true, active_stations=1
[2026-10-05 04:37:17.755] [info] [candidate.cpp:199] InstancePrecompute: built 25 candidates
[2026-10-05 04:37:17.755] [info] [stationary.cpp:264] NN: cost=1934.141241, feasible=true, active_stations=1
[2026-10-05 04:37:17.755] [info] [candidate.cpp:199] InstancePrecompute: built 50 candidates
[2026-10-05 04:37:17.755] [info] [stationary.cpp:264] NN: cost=112.282607, feasible=true, active_stations=1
[2026-10-05 04:37:17.755] [info] [candidate.cpp:199] InstancePrecompute: built 25 candidates
[2026-10-05 04:37:17.755] [info] [stationary.cpp:264] NN: cost=683.030298, feasible=true, active_stations=1
[2026-10-05 04:37:17.755] [info] [candidate.cpp:199] InstancePrecompute: built 25 candidates
[2026-10-05 04:37:17.755] [info] [stationary.cpp:264] NN: cost=43.739543, feasible=true, active_stations=1
[2026-10-05 04:37:17.755] [info] [candidate.cpp:199] InstancePrecompute: built 25 candidates
[2026-10-05 04:37:17.755] [info] [stationary.cpp:264] NN: cost=430.194405, feasible=true, active_stations=1
[2026-10-05 04:37:17.755] [info] [candidate.cpp:199] InstancePrecompute: built 25 candidates
[2026-10-05 04:37:17.755] [info] [stationary.cpp:264] NN: cost=73.877154, feasible=true, active_stations=1
[2026-10-05 04:37:17.755] [info] [candidate.cpp:199] InstancePrecompute: built 25 candidates
[2026-10-05 04:37:17.755] [info] [stationary.cpp:264] NN: cost=166.690330, feasible=true, active_stations=1
[2026-10-05 04:37:17.755] [info] [candidate.cpp:199] InstancePrecompute: built 50 candidates
[2026-10-05 04:37:17.755] [info] [stationary.cpp:264] NN: cost=26.137044, feasible=true, active_stations=1
[2026-10-05 04:37:17.755] [info] [candidate.cpp:199] InstancePrecompute: built 25 candidates
[2026-10-05 04:37:17.755] [info] [stationary.cpp:264] NN: cost=1421.268433, feasible=true, active_stations=1
[2026-10-05 04:37:17.755] [info] [candidate.cpp:199] InstancePrecompute: built 25 candidates
[2026-10-05 04:37:17.755] [info] [stationary.cpp:264] NN: cost=377.920317, feasible=true, active_stations=1
[2026-10-05 04:37:17.755] [info] [candidate.cpp:199] InstancePrecompute: built 25 candidates
[2026-10-05 04:37:17.755] [info] [stationary.cpp:264] NN: cost=1495.678996, feasible=true, active_stations=1
[2026-10-05 04:37:17.755] [info] [candidate.cpp:199] InstancePrecompute: built 25 candidates
[2026-10-05 04:37:17.755] [info] [stationary.cpp:264] NN: cost=1934.141241, feasible=true, active_stations=1
[2026-10-05 04:37:17.755] [info] [candidate.cpp:199] InstancePrecompute: built 50 candidates
[2026-10-05 04:37:17.755] [info] [stationary.cpp:264] NN: cost=112.282607, feasible=true, active_stations=1
[2026-10-05 04:37:17.755] [info] [candidate.cpp:199] InstancePrecompute: built 25 candidates
[2026-10-05 04:37:17.755] [info] [stationary.cpp:264] NN: cost=683.030298, feasible=true, active_stations=1
[2026-10-05 04:37:17.755] [info] [candidate.cpp:199] InstancePrecompute: built 25 candidates
[2026-10-05 04:37:17.755] [info] [stationary.cpp:264] NN: cost=43.739543, feasible=true, active_stations=1
[2026-10-05 04:37:17.755] [info] [candidate.cpp:199] InstancePrecompute: built 25 candidates
[2026-10-05 04:37:17.755] [info] [stationary.cpp:264] NN: cost=430.194405, feasible=true, active_stations=1
[2026-10-05 04:37:17.755] [info] [candidate.cpp:199] InstancePrecompute: built 25 candidates
[2026-10-05 04:37:17.755] [info] [stationary.cpp:264] NN: cost=73.877154, feasible=true, active_stations=1
[2026-10-05 04:37:17.755] [info] [candidate.cpp:199] InstancePrecompute: built 25 candidates
[2026-10-05 04:37:17.755] [info] [stationary.cpp:264] NN: cost=166.690330, feasible=true, active_stations=1
[2026-10-05 04:37:17.755] [info] [candidate.cpp:199] InstancePrecompute: built 50 candidates
[2026-10-05 04:37:17.755] [info] [stationary.cpp:264] NN: cost=26.137044, feasible=true, active_stations=1
[2026-10-05 04:37:17.755] [info] [candidate.cpp:199] InstancePrecompute: built 25 candidates
[2026-10-05 04:37:17.755] [info] [stationary.cpp:264] NN: cost=1421.268433, feasible=true, active_stations=1
[2026-10-05 04:37:17.755] [info] [candidate.cpp:199] InstancePrecompute: built 25 candidates
[2026-10-05 04:37:17.755] [info] [stationary.cpp:264] NN: cost=377.920317, feasible=true, active_stations=1
[2026-10-05 04:37:17.755] [info] [candidate.cpp:199] InstancePrecompute: built 25 candidates
[2026-10-05 04:37:17.755] [info] [stationary.cpp:264] NN: cost=1495.678996, feasible=true, active_stations=1
[2026-10-05 04:37:17.755] [info] [candidate.cpp:199] InstancePrecompute: built 25 candidates
[2026-10-05 04:37:17.755] [info] [stationary.cpp:264] NN: cost=1934.141241, feasible=true, active_stations=1
[2026-10-05 04:37:17.755] [info] [candidate.cpp:199] InstancePrecompute: built 50 candidates
[2026-10-05 04:37:17.755] [info] [stationary.cpp:264] NN: cost=112.282607, feasible=true, active_stations=1
[2026-10-05 04:37:17.755] [info] [candidate.cpp:199] InstancePrecompute: built 25 candidates
[2026-10-05 04:37:17.755] [info] [stationary.cpp:264] NN: cost=683.030298, feasible=true, active_stations=1
[2026-10-05 04:37:17.755] [info] [candidate.cpp:199] InstancePrecompute: built 25 candidates
[2026-10-05 04:37:17.755] [info] [stationary.cpp:264] NN: cost=43.739543, feasible=true, active_stations=1
[2026-10-05 04:37:17.755] [info] [candidate.cpp:199] InstancePrecompute: built 25 candidates
[2026-10-05 04:37:17.755] [info] [stationary.cpp:264] NN: cost=430.194405, feasible=true, active_stations=1
[2026-10-05 04:37:17.755] [info] [candidate.cpp:199] InstancePrecompute: built 25 candidates
[2026-10-05 04:37:17.755] [info] [stationary.cpp:264] NN: cost=73.877154, feasible=true, active_stations=1
[2026-10-05 04:37:17.755] [info] [candidate.cpp:199] InstancePrecompute: built 25 candidates
[2026-10-05 04:37:17.755] [info] [stationary.cpp:264] NN: cost=166.690330, feasible=true, active_stations=1
[2026-10-05 04:37:17.755] [info] [candidate.cpp:199] InstancePrecompute: built 50 candidates
[2026-10-05 04:37:17.755] [info] [stationary.cpp:264] NN: cost=26.137044, feasible=true, active_stations=1
[2026-10-05 04:37:17.755] [info] [candidate.cpp:199] InstancePrecompute: built 25 candidates
[2026-10-05 04:37:17.755] [info] [stationary.cpp:264] NN: cost=1421.268433, feasible=true, active_stations=1
[2026-10-05 04:37:17.755] [info] [candidate.cpp:199] InstancePrecompute: built 25 candidates
[2026-10-05 04:37:17.755] [info] [stationary.cpp:264] NN: cost=377.920317, feasible=true, active_stations=1
[2026-10-05 04:37:17.755] [info] [candidate.cpp:199] InstancePrecompute: built 25 candidates
[2026-10-05 04:37:17.755] [info] [stationary.cpp:264] NN: cost=1495.678996, feasible=true, active_stations=1
[2026-10-05 04:37:17.755] [info] [candidate.cpp:199] InstancePrecompute: built 25 candidates
[2026-10-05 04:37:17.755] [info] [stationary.cpp:264] NN: cost=1934.141241, feasible=true, active_stations=1
[2026-10-05 04:37:17.755] [info] [candidate.cpp:199] InstancePrecompute: built 25 candidates
[2026-10-05 04:37:17.755] [info] [stationary.cpp:264] NN: cost=21.603067, feasible=true, active_stations=1
[2026-10-05 04:37:17.755] [info] [candidate.cpp:199] InstancePrecompute: built 25 candidates
[2026-10-05 04:37:17.755] [info] [stationary.cpp:264] NN: cost=112.282607, feasible=true, active_stations=1
[2026-10-05 04:37:17.755] [info] [candidate.cpp:199] InstancePrecompute: built 25 candidates
[2026-10-05 04:37:17.755] [info] [stationary.cpp:264] NN: cost=683.030298, feasible=true, active_stations=1
[2026-10-05 04:37:17.755] [info] [candidate.cpp:199] InstancePrecompute: built 25 candidates
[2026-10-05 04:37:17.755] [info] [stationary.cpp:264] NN: cost=43.739543, feasible=true, active_stations=1
[2026-10-05 04:37:17.755] [info] [candidate.cpp:199] InstancePrecompute: built 25 candidates
[2026-10-05 04:37:17.755] [info] [stationary.cpp:264] NN: cost=430.194405, feasible=true, active_stations=1
[2026-10-05 04:37:17.755] [info] [candidate.cpp:199] InstancePrecompute: built 25 candidates
[2026-10-05 04:37:17.755] [info] [stationary.cpp:264] NN: cost=73.877154, feasible=true, active_stations=1
[2026-10-05 04:37:17.755] [info] [candidate.cpp:199] InstancePrecompute: built 25 candidates
[2026-10-05 04:37:17.755] [info] [stationary.cpp:264] NN: cost=166.690330, feasible=true, active_stations=1
[2026-10-05 04:37:17.755] [info] [candidate.cpp:199] InstancePrecompute: built 50 candidates
[2026-10-05 04:37:17.755] [info] [stationary.cpp:264] NN: cost=26.137044, feasible=true, active_stations=1
[2026-10-05 04:37:17.755] [info] [candidate.cpp:199] InstancePrecompute: built 25 candidates
[2026-10-05 04:37:17.755] [info] [stationary.cpp:264] NN: cost=1421.268433, feasible=true, active_stations=1
[2026-10-05 04:37:17.755] [info] [candidate.cpp:199] InstancePrecompute: built 25 candidates
[2026-10-05 04:37:17.755] [info] [stationary.cpp:264] NN: cost=377.920317, feasible=true, active_stations=1
[2026-10-05 04:37:17.755] [info] [candidate.cpp:199] InstancePrecompute: built 25 candidates
[2026-10-05 04:37:17.755] [info] [stationary.cpp:264] NN: cost=1495.678996, feasible=true, active_stations=1
[2026-10-05 04:37:17.755] [info] [candidate.cpp:199] InstancePrecompute: built 25 candidates
[2026-10-05 04:37:17.755] [info] [stationary.cpp:264] NN: cost=1934.141241, feasible=true, active_stations=1
[2026-10-05 04:37:17.755] [info] [candidate.cpp:199] InstancePrecompute: built 50 candidates
[2026-10-05 04:37:17.755] [info] [stationary.cpp:264] NN: cost=112.282607, feasible=true, active_stations=1
[2026-10-05 04:37:17.755] [info] [candidate.cpp:199] InstancePrecompute: built 25 candidates
[2026-10-05 04:37:17.755] [info] [stationary.cpp:264] NN: cost=683.030298, feasible=true, active_stations=1
[2026-10-05 04:37:17.755] [info] [candidate.cpp:199] InstancePrecompute: built 25 candidates
[2026-10-05 04:37:17.755] [info] [stationary.cpp:264] NN: cost=43.739543, feasible=true, active_stations=1
[2026-10-05 04:37:17.755] [info] [candidate.cpp:199] InstancePrecompute: built 25 candidates
[2026-10-05 04:37:17.755] [info] [stationary.cpp:264] NN: cost=430.194405, feasible=true, active_stations=1
[2026-10-05 04:37:17.755] [info] [candidate.cpp:199] InstancePrecompute: built 25 candidates
[2026-10-05 04:37:17.755] [info] [stationary.cpp:264] NN: cost=73.877154, feasible=true, active_stations=1
[2026-10-05 04:37:17.755] [info] [candidate.cpp:199] InstancePrecompute: built 25 candidates
[2026-10-05 04:37:17.755] [info] [stationary.cpp:264] NN: cost=166.690330, feasible=true, active_stations=1
[2026-10-05 04:37:17.755] [info] [candidate.cpp:199] InstancePrecompute: built 50 candidates
[2026-10-05 04:37:17.755] [info] [stationary.cpp:264] NN: cost=26.137044, feasible=true, active_stations=1
[2026-10-05 04:37:17.755] [info] [candidate.cpp:199] InstancePrecompute: built 25 candidates
[2026-10-05 04:37:17.755] [info] [stationary.cpp:264] NN: cost=1421.268433, feasible=true, active_stations=1
[2026-10-05 04:37:17.755] [info] [candidate.cpp:199] InstancePrecompute: built 25 candidates
[2026-10-05 04:37:17.755] [info] [stationary.cpp:264] NN: cost=377.920317, feasible=true, active_stations=1
[2026-10-05 04:37:17.755] [info] [candidate.cpp:199] InstancePrecompute: built 25 candidates
[2026-10-05 04:37:17.755] [info] [stationary.cpp:264] NN: cost=1495.678996, feasible=true, active_stations=1
[2026-10-05 04:37:17.755] [info] [candidate.cpp:199] InstancePrecompute: built 25 candidates
[2026-10-05 04:37:17.755] [info] [stationary.cpp:264] NN: cost=1934.141241, feasible=true, active_stations=1
[2026-10-05 04:37:17.755] [info] [candidate.cpp:199] InstancePrecompute: built 50 candidates
[2026-10-05 04:37:17.755] [info] [stationary.cpp:264] NN: cost=112.282607, feasible=true, active_stations=1
[2026-10-05 04:37:17.755] [info] [candidate.cpp:199] InstancePrecompute: built 25 candidates
[2026-10-05 04:37:17.755] [info] [stationary.cpp:264] NN: cost=683.030298, feasible=true, active_stations=1
[2026-10-05 04:37:17.755] [info] [candidate.cpp:199] InstancePrecompute: built 25 candidates
[2026-10-05 04:37:17.755] [info] [stationary.cpp:264] NN: cost=43.739543, feasible=true, active_stations=1
[2026-10-05 04:37:17.755] [info] [candidate.cpp:199] InstancePrecompute: built 25 candidates
[2026-10-05 04:37:17.755] [info] [stationary.cpp:264] NN: cost=430.194405, feasible=true, active_stations=1
[2026-10-05 04:37:17.755] [info] [candidate.cpp:199] InstancePrecompute: built 25 candidates
[2026-10-05 04:37:17.755] [info] [stationary.cpp:264] NN: cost=73.877154, feasible=true, active_stations=1
[2026-10-05 04:37:17.755] [info] [candidate.cpp:199] InstancePrecompute: built 25 candidates
[2026-10-05 04:37:17.755] [info] [stationary.cpp:264] NN: cost=166.690330, feasible=true, active_stations=1
[2026-10-05 04:37:17.755] [info] [candidate.cpp:199] InstancePrecompute: built 25 candidates
[2026-10-05 04:37:17.755] [info] [stationary.cpp:264] NN: cost=2.667045, feasible=true, active_stations=1
[2026-10-05 04:37:17.755] [info] [candidate.cpp:199] InstancePrecompute: built 25 candidates
[2026-10-05 04:37:17.755] [info] [stationary.cpp:264] NN: cost=26.137044, feasible=true, active_stations=1
[2026-10-05 04:37:17.755] [info] [candidate.cpp:199] InstancePrecompute: built 25 candidates
[2026-10-05 04:37:17.755] [info] [stationary.cpp:264] NN: cost=1421.268433, feasible=true, active_stations=1
[2026-10-05 04:37:17.755] [info] [candidate.cpp:199] InstancePrecompute: built 25 candidates
[2026-10-05 04:37:17.755] [info] [stationary.cpp:264] NN: cost=377.920317, feasible=true, active_stations=1
[2026-10-05 04:37:17.755] [info] [candidate.cpp:199] InstancePrecompute: built 25 candidates
[2026-10-05 04:37:17.755] [info] [stationary.cpp:264] NN: cost=1495.678996, feasible=true, active_stations=1
[2026-10-05 04:37:17.755] [info] [candidate.cpp:199] InstancePrecompute: built 25 candidates
[2026-10-05 04:37:17.755] [info] [stationary.cpp:264] NN: cost=1934.141241, feasible=true, active_stations=1
[2026-10-05 04:37:17.755] [info] [candidate.cpp:199] InstancePrecompute: built 50 candidates
[2026-10-05 04:37:17.755] [info] [stationary.cpp:264] NN: cost=112.282607, feasible=true, active_stations=1
[2026-10-05 04:37:17.755] [info] [candidate.cpp:199] InstancePrecompute: built 25 candidates
[2026-10-05 04:37:17.755] [info] [stationary.cpp:264] NN: cost=683.030298, feasible=true, active_stations=1
[2026-10-05 04:37:17.755] [info] [candidate.cpp:199] InstancePrecompute: built 25 candidates
[2026-10-05 04:37:17.755] [info] [stationary.cpp:264] NN: cost=43.739543, feasible=true, active_stations=1
[2026-10-05 04:37:17.755] [info] [candidate.cpp:199] InstancePrecompute: built 25 candidates
[2026-10-05 04:37:17.755] [info] [stationary.cpp:264] NN: cost=430.194405, feasible=true, active_stations=1
[2026-10-05 04:37:17.755] [info] [candidate.cpp:199] InstancePrecompute: built 25 candidates
[2026-10-05 04:37:17.755] [info] [stationary.cpp:264] NN: cost=73.877154, feasible=true, active_stations=1
[2026-10-05 04:37:17.755] [info] [candidate.cpp:199] InstancePrecompute: built 50 candidates
[2026-10-05 04:37:17.755] [info] [stationary.cpp:264] NN: cost=166.690330, feasible=true, active_stations=1
[2026-10-05 04:37:17.755] [info] [candidate.cpp:199] InstancePrecompute: built 25 candidates
[2026-10-05 04:37:17.755] [info] [stationary.cpp:264] NN: cost=26.137044, feasible=true, active_stations=1
[2026-10-05 04:37:17.755] [info] [candidate.cpp:199] InstancePrecompute: built 25 candidates
[2026-10-05 04:37:17.755] [info] [stationary.cpp:264] NN: cost=1421.268433, feasible=true, active_stations=1
[2026-10-05 04:37:17.755] [info] [candidate.cpp:199] InstancePrecompute: built 25 candidates
[2026-10-05 04:37:17.755] [info] [stationary.cpp:264] NN: cost=377.920317, feasible=true, active_stations=1
[2026-10-05 04:37:17.755] [info] [candidate.cpp:199] InstancePrecompute: built 25 candidates
[2026-10-05 04:37:17.755] [info] [stationary.cpp:264] NN: cost=1495.678996, feasible=true, active_stations=1
[2026-10-05 04:37:17.755] [info] [candidate.cpp:199] InstancePrecompute: built 25 candidates
[2026-10-05 04:37:17.755] [info] [stationary.cpp:264] NN: cost=1934.141241, feasible=true, active_stations=1
[2026-10-05 04:37:17.755] [info] [candidate.cpp:199] InstancePrecompute: built 50 candidates
[2026-10-05 04:37:17.755] [info] [stationary.cpp:264] NN: cost=112.282607, feasible=true, active_stations=1
[2026-10-05 04:37:17.755] [info] [candidate.cpp:199] InstancePrecompute: built 25 candidates
[2026-10-05 04:37:17.755] [info] [stationary.cpp:264] NN: cost=683.030298, feasible=true, active_stations=1
[2026-10-05 04:37:17.755] [info] [candidate.cpp:199] InstancePrecompute: built 25 candidates
[2026-10-05 04:37:17.755] [info] [stationary.cpp:264] NN: cost=43.739543, feasible=true, active_stations=1
[2026-10-05 04:37:17.755] [info] [candidate.cpp:199] InstancePrecompute: built 25 candidates
[2026-10-05 04:37:17.755] [info] [stationary.cpp:264] NN: cost=430.194405, feasible=true, active_stations=1
[2026-10-05 04:37:17.756] [info] [candidate.cpp:199] InstancePrecompute: built 25 candidates
[2026-10-05 04:37:17.756] [info] [stationary.cpp:264] NN: cost=73.877154, feasible=true, active_stations=1
[2026-10-05 04:37:17.756] [info] [candidate.cpp:199] InstancePrecompute: built 25 candidates
[2026-10-05 04:37:17.756] [info] [stationary.cpp:264] NN: cost=166.690330, feasible=true, active_stations=1
[2026-10-05 04:37:17.756] [info] [candidate.cpp:199] InstancePrecompute: built 50 candidates
[2026-10-05 04:37:17.756] [info] [stationary.cpp:264] NN: cost=26.137044, feasible=true, active_stations=1
[2026-10-05 04:37:17.756] [info] [candidate.cpp:199] InstancePrecompute: built 25 candidates
[2026-10-05 04:37:17.756] [info] [stationary.cpp:264] NN: cost=1421.268433, feasible=true, active_stations=1
[2026-10-05 04:37:17.756] [info] [candidate.cpp:199] InstancePrecompute: built 25 candidates
[2026-10-05 04:37:17.756] [info] [stationary.cpp:264] NN: cost=377.920317, feasible=true, active_stations=1
[2026-10-05 04:37:17.756] [info] [candidate.cpp:199] InstancePrecompute: built 25 candidates
[2026-10-05 04:37:17.756] [info] [stationary.cpp:264] NN: cost=1495.678996, feasible=true, active_stations=1
[2026-10-05 04:37:17.756] [info] [candidate.cpp:199] InstancePrecompute: built 25 candidates
[2026-10-05 04:37:17.756] [info] [stationary.cpp:264] NN: cost=1934.141241, feasible=true, active_stations=1
[2026-10-05 04:37:17.756] [info] [candidate.cpp:199] InstancePrecompute: built 50 candidates
[2026-10-05 04:37:17.756] [info] [stationary.cpp:264] NN: cost=112.282607, feasible=true, active_stations=1
[2026-10-05 04:37:17.756] [info] [candidate.cpp:199] InstancePrecompute: built 25 candidates
[2026-10-05 04:37:17.756] [info] [stationary.cpp:264] NN: cost=683.030298, feasible=true, active_stations=1
[2026-10-05 04:37:17.756] [info] [candidate.cpp:199] InstancePrecompute: built 25 candidates
[2026-10-05 04:37:17.756] [info] [stationary.cpp:264] NN: cost=43.739543, feasible=true, active_stations=1
[2026-10-05 04:37:17.756] [info] [candidate.cpp:199] InstancePrecompute: built 25 candidates
[2026-10-05 04:37:17.756] [info] [stationary.cpp:264] NN: cost=430.194405, feasible=true, active_stations=1
[2026-10-05 04:37:17.756] [info] [candidate.cpp:199] InstancePrecompute: built 25 candidates
[2026-10-05 04:37:17.756] [info] [stationary.cpp:264] NN: cost=73.877154, feasible=true, active_stations=1
[2026-10-05 04:37:17.756] [info] [candidate.cpp:199] InstancePrecompute: built 25 candidates
[2026-10-05 04:37:17.756] [info] [stationary.cpp:264] NN: cost=166.690330, feasible=true, active_stations=1
[2026-10-05 04:37:17.756] [info] [candidate.cpp:199] InstancePrecompute: built 50 candidates
[2026-10-05 04:37:17.756] [info] [stationary.cpp:264] NN: cost=26.137044, feasible=true, active_stations=1
[2026-10-05 04:37:17.756] [info] [candidate.cpp:199] InstancePrecompute: built 25 candidates
[2026-10-05 04:37:17.756] [info] [stationary.cpp:264] NN: cost=1421.268433, feasible=true, active_stations=1
[2026-10-05 04:37:17.756] [info] [candidate.cpp:199] InstancePrecompute: built 25 candidates
[2026-10-05 04:37:17.756] [info] [stationary.cpp:264] NN: cost=377.920317, feasible=true, active_stations=1
[2026-10-05 04:37:17.756] [info] [candidate.cpp:199] InstancePrecompute: built 25 candidates
[2026-10-05 04:37:17.756] [info] [stationary.cpp:264] NN: cost=1495.678996, feasible=true, active_stations=1
[2026-10-05 04:37:17.756] [info] [candidate.cpp:199] InstancePrecompute: built 25 candidates
[2026-10-05 04:37:17.756] [info] [stationary.cpp:264] NN: cost=1934.141241, feasible=true, active_stations=1
[2026-10-05 04:37:17.756] [info] [candidate.cpp:199] InstancePrecompute: built 50 candidates
[2026-10-05 04:37:17.756] [info] [stationary.cpp:264] NN: cost=112.282607, feasible=true, active_stations=1
[2026-10-05 04:37:17.756] [info] [candidate.cpp:199] InstancePrecompute: built 25 candidates
[2026-10-05 04:37:17.756] [info] [stationary.cpp:264] NN: cost=683.030298, feasible=true, active_stations=1
[2026-10-05 04:37:17.756] [info] [candidate.cpp:199] InstancePrecompute: built 25 candidates
[2026-10-05 04:37:17.756] [info] [stationary.cpp:264] NN: cost=43.739543, feasible=true, active_stations=1
[2026-10-05 04:37:17.756] [info] [candidate.cpp:199] InstancePrecompute: built 25 candidates
[2026-10-05 04:37:17.756] [info] [stationary.cpp:264] NN: cost=430.194405, feasible=true, active_stations=1
[2026-10-05 04:37:17.756] [info] [candidate.cpp:199] InstancePrecompute: built 25 candidates
[2026-10-05 04:37:17.756] [info] [stationary.cpp:264] NN: cost=73.877154, feasible=true, active_stations=1
[2026-10-05 04:37:17.756] [info] [candidate.cpp:199] InstancePrecompute: built 25 candidates
[2026-10-05 04:37:17.756] [info] [stationary.cpp:264] NN: cost=166.690330, feasible=true, active_stations=1
[2026-10-05 04:37:17.756] [info] [candidate.cpp:199] InstancePrecompute: built 50 candidates
[2026-10-05 04:37:17.756] [info] [stationary.cpp:264] NN: cost=26.137044, feasible=true, active_stations=1
[2026-10-05 04:37:17.756] [info] [candidate.cpp:199] InstancePrecompute: built 25 candidates
[2026-10-05 04:37:17.756] [info] [stationary.cpp:264] NN: cost=1421.268433, feasible=true, active_stations=1
[2026-10-05 04:37:17.756] [info] [candidate.cpp:199] InstancePrecompute: built 25 candidates
[2026-10-05 04:37:17.756] [info] [stationary.cpp:264] NN: cost=377.920317, feasible=true, active_stations=1
[2026-10-05 04:37:17.756] [info] [candidate.cpp:199] InstancePrecompute: built 25 candidates
[2026-10-05 04:37:17.756] [info] [stationary.cpp:264] NN: cost=1495.678996, feasible=true, active_stations=1
[2026-10-05 04:37:17.756] [info] [candidate.cpp:199] InstancePrecompute: built 25 candidates
[2026-10-05 04:37:17.756] [info] [stationary.cpp:264] NN: cost=1934.141241, feasible=true, active_stations=1
[2026-10-05 04:37:17.756] [info] [candidate.cpp:199] InstancePrecompute: built 50 candidates
[2026-10-05 04:37:17.756] [info] [stationary.cpp:264] NN: cost=112.282607, feasible=true, active_stations=1
[2026-10-05 04:37:17.756] [info] [candidate.cpp:199] InstancePrecompute: built 25 candidates
[2026-10-05 04:37:17.756] [info] [stationary.cpp:264] NN: cost=683.030298, feasible=true, active_stations=1
[2026-10-05 04:37:17.756] [info] [candidate.cpp:199] InstancePrecompute: built 25 candidates
[2026-10-05 04:37:17.756] [info] [stationary.cpp:264] NN: cost=43.739543, feasible=true, active_stations=1
[2026-10-05 04:37:17.756] [info] [candidate.cpp:199] InstancePrecompute: built 25 candidates
[2026-10-05 04:37:17.756] [info] [stationary.cpp:264] NN: cost=430.194405, feasible=true, active_stations=1
[2026-10-05 04:37:17.756] [info] [candidate.cpp:199] InstancePrecompute: built 25 candidates
[2026-10-05 04:37:17.756] [info] [stationary.cpp:264] NN: cost=73.877154, feasible=true, active_stations=1
[2026-10-05 04:37:17.756] [info] [candidate.cpp:199] InstancePrecompute: built 25 candidates
[2026-10-05 04:37:17.756] [info] [stationary.cpp:264] NN: cost=166.690330, feasible=true, active_stations=1
[2026-10-05 04:37:17.756] [info] [candidate.cpp:199] InstancePrecompute: built 50 candidates
[2026-10-05 04:37:17.756] [info] [stationary.cpp:264] NN: cost=26.137044, feasible=true, active_stations=1
[2026-10-05 04:37:17.756] [info] [candidate.cpp:199] InstancePrecompute: built 25 candidates
[2026-10-05 04:37:17.756] [info] [stationary.cpp:264] NN: cost=1421.268433, feasible=true, active_stations=1
[2026-10-05 04:37:17.756] [info] [candidate.cpp:199] InstancePrecompute: built 25 candidates
[2026-10-05 04:37:17.756] [info] [stationary.cpp:264] NN: cost=377.920317, feasible=true, active_stations=1
[2026-10-05 04:37:17.756] [info] [candidate.cpp:199] InstancePrecompute: built 25 candidates
[2026-10-05 04:37:17.756] [info] [stationary.cpp:264] NN: cost=1495.678996, feasible=true, active_stations=1
[2026-10-05 04:37:17.756] [info] [candidate.cpp:199] InstancePrecompute: built 25 candidates
[2026-10-05 04:37:17.756] [info] [stationary.cpp:264] NN: cost=1934.141241, feasible=true, active_stations=1
[2026-10-05 04:37:17.756] [info] [candidate.cpp:199] InstancePrecompute: built 25 candidates
[2026-10-05 04:37:17.756] [info] [stationary.cpp:264] NN: cost=21.603067, feasible=true, active_stations=1
[2026-10-05 04:37:17.756] [info] [candidate.cpp:199] InstancePrecompute: built 25 candidates
[2026-10-05 04:37:17.756] [info] [stationary.cpp:264] NN: cost=112.282607, feasible=true, active_stations=1
[2026-10-05 04:37:17.756] [info] [candidate.cpp:199] InstancePrecompute: built 25 candidates
[2026-10-05 04:37:17.756] [info] [stationary.cpp:264] NN: cost=683.030298, feasible=true, active_stations=1
[2026-10-05 04:37:17.756] [info] [candidate.cpp:199] InstancePrecompute: built 25 candidates
[2026-10-05 04:37:17.756] [info] [stationary.cpp:264] NN: cost=43.739543, feasible=true, active_stations=1
[2026-10-05 04:37:17.756] [info] [candidate.cpp:199] InstancePrecompute: built 25 candidates
[2026-10-05 04:37:17.756] [info] [stationary.cpp:264] NN: cost=430.194405, feasible=true, active_stations=1
[2026-10-05 04:37:17.756] [info] [candidate.cpp:199] InstancePrecompute: built 25 candidates
[2026-10-05 04:37:17.756] [info] [stationary.cpp:264] NN: cost=73.877154, feasible=true, active_stations=1
[2026-10-05 04:37:17.756] [info] [candidate.cpp:199] InstancePrecompute: built 25 candidates
[2026-10-05 04:37:17.756] [info] [stationary.cpp:264] NN: cost=166.690330, feasible=true, active_stations=1
[2026-10-05 04:37:17.756] [info] [candidate.cpp:199] InstancePrecompute: built 50 candidates
[2026-10-05 04:37:17.756] [info] [stationary.cpp:264] NN: cost=26.137044, feasible=true, active_stations=1
[2026-10-05 04:37:17.756] [info] [candidate.cpp:199] InstancePrecompute: built 25 candidates
[2026-10-05 04:37:17.756] [info] [stationary.cpp:264] NN: cost=1421.268433, feasible=true, active_stations=1
[2026-10-05 04:37:17.756] [info] [candidate.cpp:199] InstancePrecompute: built 25 candidates
[2026-10-05 04:37:17.756] [info] [stationary.cpp:264] NN: cost=377.920317, feasible=true, active_stations=1
[2026-10-05 04:37:17.756] [info] [candidate.cpp:199] InstancePrecompute: built 25 candidates
[2026-10-05 04:37:17.756] [info] [stationary.cpp:264] NN: cost=1495.678996, feasible=true, active_stations=1
[2026-10-05 04:37:17.756] [info] [candidate.cpp:199] InstancePrecompute: built 25 candidates
[2026-10-05 04:37:17.756] [info] [stationary.cpp:264] NN: cost=1934.141241, feasible=true, active_stations=1
[2026-10-05 04:37:17.756] [info] [candidate.cpp:199] InstancePrecompute: built 50 candidates
[2026-10-05 04:37:17.756] [info] [stationary.cpp:264] NN: cost=112.282607, feasible=true, active_stations=1
[2026-10-05 04:37:17.756] [info] [candidate.cpp:199] InstancePrecompute: built 25 candidates
[2026-10-05 04:37:17.756] [info] [stationary.cpp:264] NN: cost=683.030298, feasible=true, active_stations=1
[2026-10-05 04:37:17.756] [info] [candidate.cpp:199] InstancePrecompute: built 25 candidates
[2026-10-05 04:37:17.756] [info] [stationary.cpp:264] NN: cost=43.739543, feasible=true, active_stations=1
[2026-10-05 04:37:17.756] [info] [candidate.cpp:199] InstancePrecompute: built 25 candidates
[2026-10-05 04:37:17.756] [info] [stationary.cpp:264] NN: cost=430.194405, feasible=true, active_stations=1
[2026-10-05 04:37:17.756] [info] [candidate.cpp:199] InstancePrecompute: built 25 candidates
[2026-10-05 04:37:17.756] [info] [stationary.cpp:264] NN: cost=73.877154, feasible=true, active_stations=1
[2026-10-05 04:37:17.756] [info] [candidate.cpp:199] InstancePrecompute: built 25 candidates
[2026-10-05 04:37:17.756] [info] [stationary.cpp:264] NN: cost=166.690330, feasible=true, active_stations=1
[2026-10-05 04:37:17.756] [info] [candidate.cpp:199] InstancePrecompute: built 50 candidates
[2026-10-05 04:37:17.756] [info] [stationary.cpp:264] NN: cost=26.137044, feasible=true, active_stations=1
[2026-10-05 04:37:17.756] [info] [candidate.cpp:199] InstancePrecompute: built 25 candidates
[2026-10-05 04:37:17.756] [info] [stationary.cpp:264] NN: cost=1421.268433, feasible=true, active_stations=1
[2026-10-05 04:37:17.756] [info] [candidate.cpp:199] InstancePrecompute: built 25 candidates
[2026-10-05 04:37:17.756] [info] [stationary.cpp:264] NN: cost=377.920317, feasible=true, active_stations=1
[2026-10-05 04:37:17.756] [info] [candidate.cpp:199] InstancePrecompute: built 25 candidates
[2026-10-05 04:37:17.756] [info] [stationary.cpp:264] NN: cost=1495.678996, feasible=true, active_stations=1
[2026-10-05 04:37:17.756] [info] [candidate.cpp:199] InstancePrecompute: built 25 candidates
[2026-10-05 04:37:17.756] [info] [stationary.cpp:264] NN: cost=1934.141241, feasible=true, active_stations=1
[2026-10-05 04:37:17.756] [info] [candidate.cpp:199] InstancePrecompute: built 50 candidates
[2026-10-05 04:37:17.756] [info] [stationary.cpp:264] NN: cost=112.282607, feasible=true, active_stations=1
[2026-10-05 04:37:17.756] [info] [candidate.cpp:199] InstancePrecompute: built 25 candidates
[2026-10-05 04:37:17.756] [info] [stationary.cpp:264] NN: cost=683.030298, feasible=true, active_stations=1
[2026-10-05 04:37:17.756] [info] [candidate.cpp:199] InstancePrecompute: built 25 candidates
[2026-10-05 04:37:17.756] [info] [stationary.cpp:264] NN: cost=43.739543, feasible=true, active_stations=1
[2026-10-05 04:37:17.756] [info] [candidate.cpp:199] InstancePrecompute: built 25 candidates
[2026-10-05 04:37:17.756] [info] [stationary.cpp:264] NN: cost=430.194405, feasible=true, active_stations=1
[2026-10-05 04:37:17.756] [info] [candidate.cpp:199] InstancePrecompute: built 25 candidates
[2026-10-05 04:37:17.756] [info] [stationary.cpp:264] NN: cost=73.877154, feasible=true, active_stations=1
[2026-10-05 04:37:17.756] [info] [candidate.cpp:199] InstancePrecompute: built 25 candidates
[2026-10-05 04:37:17.756] [info] [stationary.cpp:264] NN: cost=166.690330, feasible=true, active_stations=1
[2026-10-05 04:37:17.756] [info] [candidate.cpp:199] InstancePrecompute: built 25 candidates
[2026-10-05 04:37:17.756] [info] [stationary.cpp:264] NN: cost=2.667045, feasible=true, active_stations=1
[2026-10-05 04:37:17.756] [info] [candidate.cpp:199] InstancePrecompute: built 25 candidates
[2026-10-05 04:37:17.756] [info] [stationary.cpp:264] NN: cost=26.137044, feasible=true, active_stations=1
[2026-10-05 04:37:17.756] [info] [candidate.cpp:199] InstancePrecompute: built 25 candidates
[2026-10-05 04:37:17.756] [info] [stationary.cpp:264] NN: cost=1421.268433, feasible=true, active_stations=1
[2026-10-05 04:37:17.756] [info] [candidate.cpp:199] InstancePrecompute: built 25 candidates
[2026-10-05 04:37:17.756] [info] [stationary.cpp:264] NN: cost=377.920317, feasible=true, active_stations=1
[2026-10-05 04:37:17.756] [info] [candidate.cpp:199] InstancePrecompute: built 25 candidates
[2026-10-05 04:37:17.756] [info] [stationary.cpp:264] NN: cost=1495.678996, feasible=true, active_stations=1
[2026-10-05 04:37:17.756] [info] [candidate.cpp:199] InstancePrecompute: built 25 candidates
[2026-10-05 04:37:17.756] [info] [stationary.cpp:264] NN: cost=1934.141241, feasible=true, active_stations=1
[2026-10-05 04:37:17.756] [info] [candidate.cpp:199] InstancePrecompute: built 50 candidates
[2026-10-05 04:37:17.756] [info] [stationary.cpp:264] NN: cost=112.282607, feasible=true, active_stations=1
[2026-10-05 04:37:17.756] [info] [candidate.cpp:199] InstancePrecompute: built 25 candidates
[2026-10-05 04:37:17.756] [info] [stationary.cpp:264] NN: cost=683.030298, feasible=true, active_stations=1
[2026-10-05 04:37:17.756] [info] [candidate.cpp:199] InstancePrecompute: built 25 candidates
[2026-10-05 04:37:17.756] [info] [stationary.cpp:264] NN: cost=43.739543, feasible=true, active_stations=1
[2026-10-05 04:37:17.756] [info] [candidate.cpp:199] InstancePrecompute: built 25 candidates
[2026-10-05 04:37:17.756] [info] [stationary.cpp:264] NN: cost=430.194405, feasible=true, active_stations=1
[2026-10-05 04:37:17.756] [info] [candidate.cpp:199] InstancePrecompute: built 25 candidates
[2026-10-05 04:37:17.756] [info] [stationary.cpp:264] NN: cost=73.877154, feasible=true, active_stations=1
[2026-10-05 04:37:17.756] [info] [candidate.cpp:199] InstancePrecompute: built 50 candidates
[2026-10-05 04:37:17.756] [info] [stationary.cpp:264] NN: cost=166.690330, feasible=true, active_stations=1
[2026-10-05 04:37:17.756] [info] [candidate.cpp:199] InstancePrecompute: built 25 candidates
[2026-10-05 04:37:17.756] [info] [stationary.cpp:264] NN: cost=26.137044, feasible=true, active_stations=1
[2026-10-05 04:37:17.756] [info] [candidate.cpp:199] InstancePrecompute: built 25 candidates
[2026-10-05 04:37:17.756] [info] [stationary.cpp:264] NN: cost=1421.268433, feasible=true, active_stations=1
[2026-10-05 04:37:17.756] [info] [candidate.cpp:199] InstancePrecompute: built 25 candidates
[2026-10-05 04:37:17.756] [info] [stationary.cpp:264] NN: cost=377.920317, feasible=true, active_stations=1
[2026-10-05 04:37:17.756] [info] [candidate.cpp:199] InstancePrecompute: built 25 candidates
[2026-10-05 04:37:17.756] [info] [stationary.cpp:264] NN: cost=1495.678996, feasible=true, active_stations=1
[2026-10-05 04:37:17.756] [info] [candidate.cpp:199] InstancePrecompute: built 25 candidates
[2026-10-05 04:37:17.756] [info] [stationary.cpp:264] NN: cost=1934.141241, feasible=true, active_stations=1
[2026-10-05 04:37:17.756] [info] [candidate.cpp:199] InstancePrecompute: built 50 candidates
[2026-10-05 04:37:17.756] [info] [stationary.cpp:264] NN: cost=112.282607, feasible=true, active_stations=1
[2026-10-05 04:37:17.756] [info] [candidate.cpp:199] InstancePrecompute: built 25 candidates
[2026-10-05 04:37:17.756] [info] [stationary.cpp:264] NN: cost=683.030298, feasible=true, active_stations=1
[2026-10-05 04:37:17.756] [info] [candidate.cpp:199] InstancePrecompute: built 25 candidates
[2026-10-05 04:37:17.756] [info] [stationary.cpp:264] NN: cost=43.739543, feasible=true, active_stations=1
[2026-10-05 04:37:17.756] [info] [candidate.cpp:199] InstancePrecompute: built 25 candidates
[2026-10-05 04:37:17.756] [info] [stationary.cpp:264] NN: cost=430.194405, feasible=true, active_stations=1
[2026-10-05 04:37:17.756] [info] [candidate.cpp:199] InstancePrecompute: built 25 candidates
[2026-10-05 04:37:17.756] [info] [stationary.cpp:264] NN: cost=73.877154, feasible=true, active_stations=1
[2026-10-05 04:37:17.756] [info] [candidate.cpp:199] InstancePrecompute: built 25 candidates
[2026-10-05 04:37:17.756] [info] [stationary.cpp:264] NN: cost=166.690330, feasible=true, active_stations=1
[2026-10-05 04:37:17.756] [info] [candidate.cpp:199] InstancePrecompute: built 50 candidates
[2026-10-05 04:37:17.756] [info] [stationary.cpp:264] NN: cost=26.137044, feasible=true, active_stations=1
[2026-10-05 04:37:17.756] [info] [candidate.cpp:199] InstancePrecompute: built 25 candidates
[2026-10-05 04:37:17.756] [info] [stationary.cpp:264] NN: cost=1421.268433, feasible=true, active_stations=1
[2026-10-05 04:37:17.756] [info] [candidate.cpp:199] InstancePrecompute: built 25 candidates
[2026-10-05 04:37:17.756] [info] [stationary.cpp:264] NN: cost=377.920317, feasible=true, active_stations=1
[2026-10-05 04:37:17.756] [info] [candidate.cpp:199] InstancePrecompute: built 25 candidates
[2026-10-05 04:37:17.756] [info] [stationary.cpp:264] NN: cost=1495.678996, feasible=true, active_stations=1
[2026-10-05 04:37:17.756] [info] [candidate.cpp:199] InstancePrecompute: built 25 candidates
[2026-10-05 04:37:17.756] [info] [stationary.cpp:264] NN: cost=1934.141241, feasible=true, active_stations=1
[2026-10-05 04:37:17.756] [info] [candidate.cpp:199] InstancePrecompute: built 25 candidates
[2026-10-05 04:37:17.756] [info] [stationary.cpp:264] NN: cost=21.603067, feasible=true, active_stations=1
[2026-10-05 04:37:17.756] [info] [candidate.cpp:199] InstancePrecompute: built 25 candidates
[2026-10-05 04:37:17.756] [info] [stationary.cpp:264] NN: cost=112.282607, feasible=true, active_stations=1
[2026-10-05 04:37:17.756] [info] [candidate.cpp:199] InstancePrecompute: built 25 candidates
[2026-10-05 04:37:17.756] [info] [stationary.cpp:264] NN: cost=683.030298, feasible=true, active_stations=1
[2026-10-05 04:37:17.756] [info] [candidate.cpp:199] InstancePrecompute: built 25 candidates
[2026-10-05 04:37:17.756] [info] [stationary.cpp:264] NN: cost=43.739543, feasible=true, active_stations=1
[2026-10-05 04:37:17.756] [info] [candidate.cpp:199] InstancePrecompute: built 25 candidates
[2026-10-05 04:37:17.756] [info] [stationary.cpp:264] NN: cost=430.194405, feasible=true, active_stations=1
[2026-10-05 04:37:17.756] [info] [candidate.cpp:199] InstancePrecompute: built 25 candidates
[2026-10-05 04:37:17.756] [info] [stationary.cpp:264] NN: cost=73.877154, feasible=true, active_stations=1
[2026-10-05 04:37:17.756] [info] [candidate.cpp:199] InstancePrecompute: built 25 candidates
[2026-10-05 04:37:17.756] [info] [stationary.cpp:264] NN: cost=166.690330, feasible=true, active_stations=1
[2026-10-05 04:37:17.756] [info] [candidate.cpp:199] InstancePrecompute: built 50 candidates
[2026-10-05 04:37:17.756] [info] [stationary.cpp:264] NN: cost=26.137044, feasible=true, active_stations=1
[2026-10-05 04:37:17.756] [info] [candidate.cpp:199] InstancePrecompute: built 25 candidates
[2026-10-05 04:37:17.756] [info] [stationary.cpp:264] NN: cost=1421.268433, feasible=true, active_stations=1
[2026-10-05 04:37:17.756] [info] [candidate.cpp:199] InstancePrecompute: built 25 candidates
[2026-10-05 04:37:17.756] [info] [stationary.cpp:264] NN: cost=377.920317, feasible=true, active_stations=1
[2026-10-05 04:37:17.756] [info] [candidate.cpp:199] InstancePrecompute: built 25 candidates
[2026-10-05 04:37:17.756] [info] [stationary.cpp:264] NN: cost=1495.678996, feasible=true, active_stations=1
[2026-10-05 04:37:17.756] [info] [candidate.cpp:199] InstancePrecompute: built 25 candidates
[2026-10-05 04:37:17.756] [info] [stationary.cpp:264] NN: cost=1934.141241, feasible=true, active_stations=1
[2026-10-05 04:37:17.756] [info] [candidate.cpp:199] InstancePrecompute: built 25 candidates
[2026-10-05 04:37:17.756] [info] [stationary.cpp:264] NN: cost=21.603067, feasible=true, active_stations=1
[2026-10-05 04:37:17.756] [info] [candidate.cpp:199] InstancePrecompute: built 25 candidates
[2026-10-05 04:37:17.756] [info] [stationary.cpp:264] NN: cost=112.282607, feasible=true, active_stations=1
[2026-10-05 04:37:17.756] [info] [candidate.cpp:199] InstancePrecompute: built 25 candidates
[2026-10-05 04:37:17.756] [info] [stationary.cpp:264] NN: cost=683.030298, feasible=true, active_stations=1
[2026-10-05 04:37:17.756] [info] [candidate.cpp:199] InstancePrecompute: built 25 candidates
[2026-10-05 04:37:17.756] [info] [stationary.cpp:264] NN: cost=43.739543, feasible=true, active_stations=1
[2026-10-05 04:37:17.756] [info] [candidate.cpp:199] InstancePrecompute: built 25 candidates
[2026-10-05 04:37:17.756] [info] [stationary.cpp:264] NN: cost=430.194405, feasible=true, active_stations=1
[2026-10-05 04:37:17.756] [info] [candidate.cpp:199] InstancePrecompute: built 25 candidates
[2026-10-05 04:37:17.756] [info] [stationary.cpp:264] NN: cost=73.877154, feasible=true, active_stations=1
[2026-10-05 04:37:17.756] [info] [candidate.cpp:199] InstancePrecompute: built 25 candidates
[2026-10-05 04:37:17.756] [info] [stationary.cpp:264] NN: cost=166.690330, feasible=true, active_stations=1
[2026-10-05 04:37:17.756] [info] [candidate.cpp:199] InstancePrecompute: built 50 candidates
[2026-10-05 04:37:17.756] [info] [stationary.cpp:264] NN: cost=26.137044, feasible=true, active_stations=1
[2026-10-05 04:37:17.756] [info] [candidate.cpp:199] InstancePrecompute: built 25 candidates
[2026-10-05 04:37:17.756] [info] [stationary.cpp:264] NN: cost=1421.268433, feasible=true, active_stations=1
[2026-10-05 04:37:17.756] [info] [candidate.cpp:199] InstancePrecompute: built 25 candidates
[2026-10-05 04:37:17.756] [info] [stationary.cpp:264] NN: cost=377.920317, feasible=true, active_stations=1
[2026-10-05 04:37:17.756] [info] [candidate.cpp:199] InstancePrecompute: built 25 candidates
[2026-10-05 04:37:17.756] [info] [stationary.cpp:264] NN: cost=1495.678996, feasible=true, active_stations=1
[2026-10-05 04:37:17.756] [info] [candidate.cpp:199] InstancePrecompute: built 25 candidates
[2026-10-05 04:37:17.756] [info] [stationary.cpp:264] NN: cost=1934.141241, feasible=true, active_stations=1
[2026-10-05 04:37:17.756] [info] [candidate.cpp:199] InstancePrecompute: built 25 candidates
[2026-10-05 04:37:17.756] [info] [stationary.cpp:264] NN: cost=21.603067, feasible=true, active_stations=1
[2026-10-05 04:37:17.756] [info] [candidate.cpp:199] InstancePrecompute: built 25 candidates
[2026-10-05 04:37:17.756] [info] [stationary.cpp:264] NN: cost=112.282607, feasible=true, active_stations=1
[2026-10-05 04:37:17.756] [info] [candidate.cpp:199] InstancePrecompute: built 25 candidates
[2026-10-05 04:37:17.756] [info] [stationary.cpp:264] NN: cost=683.030298, feasible=true, active_stations=1
[2026-10-05 04:37:17.756] [info] [candidate.cpp:199] InstancePrecompute: built 25 candidates
[2026-10-05 04:37:17.756] [info] [stationary.cpp:264] NN: cost=43.739543, feasible=true, active_stations=1
[2026-10-05 04:37:17.756] [info] [candidate.cpp:199] InstancePrecompute: built 25 candidates
[2026-10-05 04:37:17.756] [info] [stationary.cpp:264] NN: cost=430.194405, feasible=true, active_stations=1
[2026-10-05 04:37:17.756] [info] [candidate.cpp:199] InstancePrecompute: built 25 candidates
[2026-10-05 04:37:17.756] [info] [stationary.cpp:264] NN: cost=73.877154, feasible=true, active_stations=1
[2026-10-05 04:37:17.756] [info] [candidate.cpp:199] InstancePrecompute: built 25 candidates
[2026-10-05 04:37:17.756] [info] [stationary.cpp:264] NN: cost=166.690330, feasible=true, active_stations=1
[2026-10-05 04:37:17.756] [info] [candidate.cpp:199] InstancePrecompute: built 50 candidates
[2026-10-05 04:37:17.756] [info] [stationary.cpp:264] NN: cost=26.137044, feasible=true, active_stations=1
[2026-10-05 04:37:17.756] [info] [candidate.cpp:199] InstancePrecompute: built 25 candidates
[2026-10-05 04:37:17.756] [info] [stationary.cpp:264] NN: cost=1421.268433, feasible=true, active_stations=1
[2026-10-05 04:37:17.756] [info] [candidate.cpp:199] InstancePrecompute: built 25 candidates
[2026-10-05 04:37:17.756] [info] [stationary.cpp:264] NN: cost=377.920317, feasible=true, active_stations=1
[2026-10-05 04:37:17.756] [info] [candidate.cpp:199] InstancePrecompute: built 25 candidates
[2026-10-05 04:37:17.756] [info] [stationary.cpp:264] NN: cost=1495.678996, feasible=true, active_stations=1
[2026-10-05 04:37:17.756] [info] [candidate.cpp:199] InstancePrecompute: built 25 candidates
[2026-10-05 04:37:17.756] [info] [stationary.cpp:264] NN: cost=1934.141241, feasible=true, active_stations=1
[2026-10-05 04:37:17.756] [info] [candidate.cpp:199] InstancePrecompute: built 25 candidates
[2026-10-05 04:37:17.756] [info] [stationary.cpp:264] NN: cost=21.603067, feasible=true, active_stations=1
[2026-10-05 04:37:17.756] [info] [candidate.cpp:199] InstancePrecompute: built 25 candidates
[2026-10-05 04:37:17.756] [info] [stationary.cpp:264] NN: cost=112.282607, feasible=true, active_stations=1
[2026-10-05 04:37:17.756] [info] [candidate.cpp:199] InstancePrecompute: built 25 candidates
[2026-10-05 04:37:17.756] [info] [stationary.cpp:264] NN: cost=683.030298, feasible=true, active_stations=1
[2026-10-05 04:37:17.756] [info] [candidate.cpp:199] InstancePrecompute: built 25 candidates
[2026-10-05 04:37:17.756] [info] [stationary.cpp:264] NN: cost=43.739543, feasible=true, active_stations=1
[2026-10-05 04:37:17.756] [info] [candidate.cpp:199] InstancePrecompute: built 25 candidates
[2026-10-05 04:37:17.756] [info] [stationary.cpp:264] NN: cost=430.194405, feasible=true, active_stations=1
[2026-10-05 04:37:17.756] [info] [candidate.cpp:199] InstancePrecompute: built 25 candidates
[2026-10-05 04:37:17.756] [info] [stationary.cpp:264] NN: cost=73.877154, feasible=true, active_stations=1
[2026-10-05 04:37:17.756] [info] [candidate.cpp:199] InstancePrecompute: built 25 candidates
[2026-10-05 04:37:17.756] [info] [stationary.cpp:264] NN: cost=166.690330, feasible=true, active_stations=1
[2026-10-05 04:37:17.756] [info] [candidate.cpp:199] InstancePrecompute: built 50 candidates
[2026-10-05 04:37:17.756] [info] [stationary.cpp:264] NN: cost=26.137044, feasible=true, active_stations=1
[2026-10-05 04:37:17.756] [info] [candidate.cpp:199] InstancePrecompute: built 25 candidates
[2026-10-05 04:37:17.756] [info] [stationary.cpp:264] NN: cost=1421.268433, feasible=true, active_stations=1
[2026-10-05 04:37:17.756] [info] [candidate.cpp:199] InstancePrecompute: built 25 candidates
[2026-10-05 04:37:17.756] [info] [stationary.cpp:264] NN: cost=377.920317, feasible=true, active_stations=1
[2026-10-05 04:37:17.756] [info] [candidate.cpp:199] InstancePrecompute: built 25 candidates
[2026-10-05 04:37:17.756] [info] [stationary.cpp:264] NN: cost=1495.678996, feasible=true, active_stations=1
[2026-10-05 04:37:17.756] [info] [candidate.cpp:199] InstancePrecompute: built 25 candidates
[2026-10-05 04:37:17.757] [info] [stationary.cpp:264] NN: cost=1934.141241, feasible=true, active_stations=1
[2026-10-05 04:37:17.757] [info] [candidate.cpp:199] InstancePrecompute: built 25 candidates
[2026-10-05 04:37:17.757] [info] [stationary.cpp:264] NN: cost=21.603067, feasible=true, active_stations=1
[2026-10-05 04:37:17.757] [info] [candidate.cpp:199] InstancePrecompute: built 25 candidates
[2026-10-05 04:37:17.757] [info] [stationary.cpp:264] NN: cost=112.282607, feasible=true, active_stations=1
[2026-10-05 04:37:17.757] [info] [candidate.cpp:199] InstancePrecompute: built 25 candidates
[2026-10-05 04:37:17.757] [info] [stationary.cpp:264] NN: cost=683.030298, feasible=true, active_stations=1
[2026-10-05 04:37:17.757] [info] [candidate.cpp:199] InstancePrecompute: built 25 candidates
[2026-10-05 04:37:17.757] [info] [stationary.cpp:264] NN: cost=43.739543, feasible=true, active_stations=1
[2026-10-05 04:37:17.757] [info] [candidate.cpp:199] InstancePrecompute: built 25 candidates
[2026-10-05 04:37:17.757] [info] [stationary.cpp:264] NN: cost=430.194405, feasible=true, active_stations=1
[2026-10-05 04:37:17.757] [info] [candidate.cpp:199] InstancePrecompute: built 25 candidates
[2026-10-05 04:37:17.757] [info] [stationary.cpp:264] NN: cost=73.877154, feasible=true, active_stations=1
[2026-10-05 04:37:17.757] [info] [candidate.cpp:199] InstancePrecompute: built 25 candidates
[2026-10-05 04:37:17.757] [info] [stationary.cpp:264] NN: cost=166.690330, feasible=true, active_stations=1
[2026-10-05 04:37:17.757] [info] [candidate.cpp:199] InstancePrecompute: built 50 candidates
[2026-10-05 04:37:17.757] [info] [stationary.cpp:264] NN: cost=26.137044, feasible=true, active_stations=1
[2026-10-05 04:37:17.757] [info] [candidate.cpp:199] InstancePrecompute: built 25 candidates
[2026-10-05 04:37:17.757] [info] [stationary.cpp:264] NN: cost=1421.268433, feasible=true, active_stations=1
[2026-10-05 04:37:17.757] [info] [candidate.cpp:199] InstancePrecompute: built 25 candidates
[2026-10-05 04:37:17.757] [info] [stationary.cpp:264] NN: cost=377.920317, feasible=true, active_stations=1
[2026-10-05 04:37:17.757] [info] [candidate.cpp:199] InstancePrecompute: built 25 candidates
[2026-10-05 04:37:17.757] [info] [stationary.cpp:264] NN: cost=1495.678996, feasible=true, active_stations=1
[2026-10-05 04:37:17.757] [info] [candidate.cpp:199] InstancePrecompute: built 25 candidates
[2026-10-05 04:37:17.757] [info] [stationary.cpp:264] NN: cost=1934.141241, feasible=true, active_stations=1
[2026-10-05 04:37:17.757] [info] [candidate.cpp:199] InstancePrecompute: built 25 candidates
[2026-10-05 04:37:17.757] [info] [stationary.cpp:264] NN: cost=21.603067, feasible=true, active_stations=1
[2026-10-05 04:37:17.757] [info] [candidate.cpp:199] InstancePrecompute: built 25 candidates
[2026-10-05 04:37:17.757] [info] [stationary.cpp:264] NN: cost=112.282607, feasible=true, active_stations=1
[2026-10-05 04:37:17.757] [info] [candidate.cpp:199] InstancePrecompute: built 25 candidates
[2026-10-05 04:37:17.757] [info] [stationary.cpp:264] NN: cost=683.030298, feasible=true, active_stations=1
[2026-10-05 04:37:17.757] [info] [candidate.cpp:199] InstancePrecompute: built 25 candidates
[2026-10-05 04:37:17.757] [info] [stationary.cpp:264] NN: cost=43.739543, feasible=true, active_stations=1
[2026-10-05 04:37:17.757] [info] [candidate.cpp:199] InstancePrecompute: built 25 candidates
[2026-10-05 04:37:17.757] [info] [stationary.cpp:264] NN: cost=430.194405, feasible=true, active_stations=1
[2026-10-05 04:37:17.757] [info] [candidate.cpp:199] InstancePrecompute: built 25 candidates
[2026-10-05 04:37:17.757] [info] [stationary.cpp:264] NN: cost=73.877154, feasible=true, active_stations=1
[2026-10-05 04:37:17.757] [info] [candidate.cpp:199] InstancePrecompute: built 25 candidates
[2026-10-05 04:37:17.757] [info] [stationary.cpp:264] NN: cost=166.690330, feasible=true, active_stations=1
[2026-10-05 04:37:17.757] [info] [candidate.cpp:199] InstancePrecompute: built 25 candidates
[2026-10-05 04:37:17.757] [info] [stationary.cpp:264] NN: cost=2.667045, feasible=true, active_stations=1
[2026-10-05 04:37:17.757] [info] [candidate.cpp:199] InstancePrecompute: built 25 candidates
[2026-10-05 04:37:17.757] [info] [stationary.cpp:264] NN: cost=26.137044, feasible=true, active_stations=1
[2026-10-05 04:37:17.757] [info] [candidate.cpp:199] InstancePrecompute: built 25 candidates
[2026-10-05 04:37:17.757] [info] [stationary.cpp:264] NN: cost=1421.268433, feasible=true, active_stations=1
[2026-10-05 04:37:17.757] [info] [candidate.cpp:199] InstancePrecompute: built 25 candidates
[2026-10-05 04:37:17.757] [info] [stationary.cpp:264] NN: cost=377.920317, feasible=true, active_stations=1
[2026-10-05 04:37:17.757] [info] [candidate.cpp:199] InstancePrecompute: built 25 candidates
[2026-10-05 04:37:17.757] [info] [stationary.cpp:264] NN: cost=1495.678996, feasible=true, active_stations=1
[2026-10-05 04:37:17.757] [info] [candidate.cpp:199] InstancePrecompute: built 25 candidates
[2026-10-05 04:37:17.757] [info] [stationary.cpp:264] NN: cost=1934.141241, feasible=true, active_stations=1
[2026-10-05 04:37:17.757] [info] [candidate.cpp:199] InstancePrecompute: built 25 candidates
[2026-10-05 04:37:17.757] [info] [stationary.cpp:264] NN: cost=21.603067, feasible=true, active_stations=1
[2026-10-05 04:37:17.757] [info] [candidate.cpp:199] InstancePrecompute: built 25 candidates
[2026-10-05 04:37:17.757] [info] [stationary.cpp:264] NN: cost=112.282607, feasible=true, active_stations=1
[2026-10-05 04:37:17.757] [info] [candidate.cpp:199] InstancePrecompute: built 25 candidates
[2026-10-05 04:37:17.757] [info] [stationary.cpp:264] NN: cost=683.030298, feasible=true, active_stations=1
[2026-10-05 04:37:17.757] [info] [candidate.cpp:199] InstancePrecompute: built 25 candidates
[2026-10-05 04:37:17.757] [info] [stationary.cpp:264] NN: cost=43.739543, feasible=true, active_stations=1
[2026-10-05 04:37:17.757] [info] [candidate.cpp:199] InstancePrecompute: built 25 candidates
[2026-10-05 04:37:17.757] [info] [stationary.cpp:264] NN: cost=430.194405, feasible=true, active_stations=1
[2026-10-05 04:37:17.757] [info] [candidate.cpp:199] InstancePrecompute: built 25 candidates
[2026-10-05 04:37:17.757] [info] [stationary.cpp:264] NN: cost=73.877154, feasible=true, active_stations=1
[2026-10-05 04:37:17.757] [info] [candidate.cpp:199] InstancePrecompute: built 50 candidates
[2026-10-05 04:37:17.757] [info] [stationary.cpp:264] NN: cost=166.690330, feasible=true, active_stations=1
[2026-10-05 04:37:17.757] [info] [candidate.cpp:199] InstancePrecompute: built 25 candidates
[2026-10-05 04:37:17.757] [info] [stationary.cpp:264] NN: cost=26.137044, feasible=true, active_stations=1
[2026-10-05 04:37:17.757] [info] [candidate.cpp:199] InstancePrecompute: built 25 candidates
[2026-10-05 04:37:17.757] [info] [stationary.cpp:264] NN: cost=1421.268433, feasible=true, active_stations=1
[2026-10-05 04:37:17.757] [info] [candidate.cpp:199] InstancePrecompute: built 25 candidates
[2026-10-05 04:37:17.757] [info] [stationary.cpp:264] NN: cost=377.920317, feasible=true, active_stations=1
[2026-10-05 04:37:17.757] [info] [candidate.cpp:199] InstancePrecompute: built 25 candidates
[2026-10-05 04:37:17.757] [info] [stationary.cpp:264] NN: cost=1495.678996, feasible=true, active_stations=1
[2026-10-05 04:37:17.757] [info] [candidate.cpp:199] InstancePrecompute: built 25 candidates
[2026-10-05 04:37:17.757] [info] [stationary.cpp:264] NN: cost=1934.141241, feasible=true, active_stations=1
[2026-10-05 04:37:17.757] [info] [candidate.cpp:199] InstancePrecompute: built 25 candidates
[2026-10-05 04:37:17.757] [info] [stationary.cpp:264] NN: cost=21.603067, feasible=true, active_stations=1
[2026-10-05 04:37:17.757] [info] [candidate.cpp:199] InstancePrecompute: built 25 candidates
[2026-10-05 04:37:17.757] [info] [stationary.cpp:264] NN: cost=112.282607, feasible=true, active_stations=1
[2026-10-05 04:37:17.757] [info] [candidate.cpp:199] InstancePrecompute: built 25 candidates
[2026-10-05 04:37:17.757] [info] [stationary.cpp:264] NN: cost=683.030298, feasible=true, active_stations=1
[2026-10-05 04:37:17.757] [info] [candidate.cpp:199] InstancePrecompute: built 25 candidates
[2026-10-05 04:37:17.757] [info] [stationary.cpp:264] NN: cost=43.739543, feasible=true, active_stations=1
[2026-10-05 04:37:17.757] [info] [candidate.cpp:199] InstancePrecompute: built 25 candidates
[2026-10-05 04:37:17.757] [info] [stationary.cpp:264] NN: cost=430.194405, feasible=true, active_stations=1
[2026-10-05 04:37:17.757] [info] [candidate.cpp:199] InstancePrecompute: built 25 candidates
[2026-10-05 04:37:17.757] [info] [stationary.cpp:264] NN: cost=73.877154, feasible=true, active_stations=1
[2026-10-05 04:37:17.757] [info] [candidate.cpp:199] InstancePrecompute: built 25 candidates
[2026-10-05 04:37:17.757] [info] [stationary.cpp:264] NN: cost=166.690330, feasible=true, active_stations=1
[2026-10-05 04:37:17.757] [info] [candidate.cpp:199] InstancePrecompute: built 50 candidates
[2026-10-05 04:37:17.757] [info] [stationary.cpp:264] NN: cost=26.137044, feasible=true, active_stations=1
[2026-10-05 04:37:17.757] [info] [candidate.cpp:199] InstancePrecompute: built 25 candidates
[2026-10-05 04:37:17.757] [info] [stationary.cpp:264] NN: cost=1421.268433, feasible=true, active_stations=1
[2026-10-05 04:37:17.757] [info] [candidate.cpp:199] InstancePrecompute: built 25 candidates
[2026-10-05 04:37:17.757] [info] [stationary.cpp:264] NN: cost=377.920317, feasible=true, active_stations=1
[2026-10-05 04:37:17.757] [info] [candidate.cpp:199] InstancePrecompute: built 25 candidates
[2026-10-05 04:37:17.757] [info] [stationary.cpp:264] NN: cost=1495.678996, feasible=true, active_stations=1
[2026-10-05 04:37:17.757] [info] [candidate.cpp:199] InstancePrecompute: built 25 candidates
[2026-10-05 04:37:17.757] [info] [stationary.cpp:264] NN: cost=1934.141241, feasible=true, active_stations=1
[2026-10-05 04:37:17.757] [info] [candidate.cpp:199] InstancePrecompute: built 25 candidates
[2026-10-05 04:37:17.757] [info] [stationary.cpp:264] NN: cost=21.603067, feasible=true, active_stations=1
[2026-10-05 04:37:17.757] [info] [candidate.cpp:199] InstancePrecompute: built 25 candidates
[2026-10-05 04:37:17.757] [info] [stationary.cpp:264] NN: cost=112.282607, feasible=true, active_stations=1
[2026-10-05 04:37:17.757] [info] [candidate.cpp:199] InstancePrecompute: built 25 candidates
[2026-10-05 04:37:17.757] [info] [stationary.cpp:264] NN: cost=683.030298, feasible=true, active_stations=1
[2026-10-05 04:37:17.757] [info] [candidate.cpp:199] InstancePrecompute: built 25 candidates
[2026-10-05 04:37:17.757] [info] [stationary.cpp:264] NN: cost=43.739543, feasible=true, active_stations=1
[2026-10-05 04:37:17.757] [info] [candidate.cpp:199] InstancePrecompute: built 25 candidates
[2026-10-05 04:37:17.757] [info] [stationary.cpp:264] NN: cost=430.194405, feasible=true, active_stations=1
[2026-10-05 04:37:17.757] [info] [candidate.cpp:199] InstancePrecompute: built 25 candidates
[2026-10-05 04:37:17.757] [info] [stationary.cpp:264] NN: cost=73.877154, feasible=true, active_stations=1
[2026-10-05 04:37:17.757] [info] [candidate.cpp:199] InstancePrecompute: built 25 candidates
[2026-10-05 04:37:17.757] [info] [stationary.cpp:264] NN: cost=166.690330, feasible=true, active_stations=1
[2026-10-05 04:37:17.757] [info] [candidate.cpp:199] InstancePrecompute: built 50 candidates
[2026-10-05 04:37:17.757] [info] [stationary.cpp:264] NN: cost=26.137044, feasible=true, active_stations=1
[2026-10-05 04:37:17.757] [info] [candidate.cpp:199] InstancePrecompute: built 25 candidates
[2026-10-05 04:37:17.757] [info] [stationary.cpp:264] NN: cost=1421.268433, feasible=true, active_stations=1
[2026-10-05 04:37:17.757] [info] [candidate.cpp:199] InstancePrecompute: built 25 candidates
[2026-10-05 04:37:17.757] [info] [stationary.cpp:264] NN: cost=1495.678996, feasible=true, active_stations=1
[2026-10-05 04:37:17.757] [info] [candidate.cpp:199] InstancePrecompute: built 25 candidates
[2026-10-05 04:37:17.757] [info] [stationary.cpp:264] NN: cost=377.920317, feasible=true, active_stations=1
[2026-10-05 04:37:17.757] [info] [candidate.cpp:199] InstancePrecompute: built 25 candidates
[2026-10-05 04:37:17.757] [info] [stationary.cpp:264] NN: cost=1934.141241, feasible=true, active_stations=1
[2026-10-05 04:37:17.757] [info] [candidate.cpp:199] InstancePrecompute: built 25 candidates
[2026-10-05 04:37:17.757] [info] [stationary.cpp:264] NN: cost=21.603067, feasible=true, active_stations=1
[2026-10-05 04:37:17.757] [info] [candidate.cpp:199] InstancePrecompute: built 25 candidates
[2026-10-05 04:37:17.757] [info] [stationary.cpp:264] NN: cost=112.282607, feasible=true, active_stations=1
[2026-10-05 04:37:17.757] [info] [candidate.cpp:199] InstancePrecompute: built 25 candidates
[2026-10-05 04:37:17.757] [info] [stationary.cpp:264] NN: cost=683.030298, feasible=true, active_stations=1
[2026-10-05 04:37:17.757] [info] [candidate.cpp:199] InstancePrecompute: built 25 candidates
[2026-10-05 04:37:17.757] [info] [stationary.cpp:264] NN: cost=43.739543, feasible=true, active_stations=1
[2026-10-05 04:37:17.757] [info] [candidate.cpp:199] InstancePrecompute: built 25 candidates
[2026-10-05 04:37:17.757] [info] [stationary.cpp:264] NN: cost=430.194405, feasible=true, active_stations=1
[2026-10-05 04:37:17.757] [info] [candidate.cpp:199] InstancePrecompute: built 25 candidates
[2026-10-05 04:37:17.757] [info] [stationary.cpp:264] NN: cost=73.877154, feasible=true, active_stations=1
[2026-10-05 04:37:17.757] [info] [candidate.cpp:199] InstancePrecompute: built 25 candidates
[2026-10-05 04:37:17.757] [info] [stationary.cpp:264] NN: cost=166.690330, feasible=true, active_stations=1
[2026-10-05 04:37:17.757] [info] [candidate.cpp:199] InstancePrecompute: built 50 candidates
[2026-10-05 04:37:17.757] [info] [stationary.cpp:264] NN: cost=26.137044, feasible=true, active_stations=1
[2026-10-05 04:37:17.757] [info] [candidate.cpp:199] InstancePrecompute: built 25 candidates
[2026-10-05 04:37:17.757] [info] [stationary.cpp:264] NN: cost=1421.268433, feasible=true, active_stations=1
[2026-10-05 04:37:17.757] [info] [candidate.cpp:199] InstancePrecompute: built 25 candidates
[2026-10-05 04:37:17.757] [info] [stationary.cpp:264] NN: cost=1495.678996, feasible=true, active_stations=1
[2026-10-05 04:37:17.757] [info] [candidate.cpp:199] InstancePrecompute: built 25 candidates
[2026-10-05 04:37:17.757] [info] [stationary.cpp:264] NN: cost=377.920317, feasible=true, active_stations=1
[2026-10-05 04:37:17.757] [info] [candidate.cpp:199] InstancePrecompute: built 25 candidates
[2026-10-05 04:37:17.757] [info] [stationary.cpp:264] NN: cost=1934.141241, feasible=true, active_stations=1
[2026-10-05 04:37:17.757] [info] [candidate.cpp:199] InstancePrecompute: built 25 candidates
[2026-10-05 04:37:17.757] [info] [stationary.cpp:264] NN: cost=21.603067, feasible=true, active_stations=1
[2026-10-05 04:37:17.757] [info] [candidate.cpp:199] InstancePrecompute: built 25 candidates
[2026-10-05 04:37:17.757] [info] [stationary.cpp:264] NN: cost=112.282607, feasible=true, active_stations=1
[2026-10-05 04:37:17.757] [info] [candidate.cpp:199] InstancePrecompute: built 25 candidates
[2026-10-05 04:37:17.757] [info] [stationary.cpp:264] NN: cost=683.030298, feasible=true, active_stations=1
[2026-10-05 04:37:17.757] [info] [candidate.cpp:199] InstancePrecompute: built 25 candidates
[2026-10-05 04:37:17.757] [info] [stationary.cpp:264] NN: cost=43.739543, feasible=true, active_stations=1
[2026-10-05 04:37:17.757] [info] [candidate.cpp:199] InstancePrecompute: built 25 candidates
[2026-10-05 04:37:17.757] [info] [stationary.cpp:264] NN: cost=430.194405, feasible=true, active_stations=1
[2026-10-05 04:37:17.757] [info] [candidate.cpp:199] InstancePrecompute: built 25 candidates
[2026-10-05 04:37:17.757] [info] [stationary.cpp:264] NN: cost=73.877154, feasible=true, active_stations=1
[2026-10-05 04:37:17.757] [info] [candidate.cpp:199] InstancePrecompute: built 25 candidates
[2026-10-05 04:37:17.757] [info] [stationary.cpp:264] NN: cost=166.690330, feasible=true, active_stations=1
[2026-10-05 04:37:17.757] [info] [candidate.cpp:199] InstancePrecompute: built 50 candidates
[2026-10-05 04:37:17.757] [info] [stationary.cpp:264] NN: cost=26.137044, feasible=true, active_stations=1
[2026-10-05 04:37:17.757] [info] [candidate.cpp:199] InstancePrecompute: built 25 candidates
[2026-10-05 04:37:17.757] [info] [stationary.cpp:264] NN: cost=1421.268433, feasible=true, active_stations=1
[2026-10-05 04:37:17.757] [info] [candidate.cpp:199] InstancePrecompute: built 25 candidates
[2026-10-05 04:37:17.757] [info] [stationary.cpp:264] NN: cost=1495.678996, feasible=true, active_stations=1
[2026-10-05 04:37:17.757] [info] [candidate.cpp:199] InstancePrecompute: built 25 candidates
[2026-10-05 04:37:17.757] [info] [stationary.cpp:264] NN: cost=377.920317, feasible=true, active_stations=1
[2026-10-05 04:37:17.757] [info] [candidate.cpp:199] InstancePrecompute: built 25 candidates
[2026-10-05 04:37:17.757] [info] [stationary.cpp:264] NN: cost=1934.141241, feasible=true, active_stations=1
[2026-10-05 04:37:17.757] [info] [candidate.cpp:199] InstancePrecompute: built 25 candidates
[2026-10-05 04:37:17.757] [info] [stationary.cpp:264] NN: cost=21.603067, feasible=true, active_stations=1
[2026-10-05 04:37:17.757] [info] [candidate.cpp:199] InstancePrecompute: built 25 candidates
[2026-10-05 04:37:17.757] [info] [stationary.cpp:264] NN: cost=112.282607, feasible=true, active_stations=1
[2026-10-05 04:37:17.757] [info] [candidate.cpp:199] InstancePrecompute: built 25 candidates
[2026-10-05 04:37:17.757] [info] [stationary.cpp:264] NN: cost=683.030298, feasible=true, active_stations=1
[2026-10-05 04:37:17.757] [info] [candidate.cpp:199] InstancePrecompute: built 25 candidates
[2026-10-05 04:37:17.757] [info] [stationary.cpp:264] NN: cost=43.739543, feasible=true, active_stations=1
[2026-10-05 04:37:17.757] [info] [candidate.cpp:199] InstancePrecompute: built 25 candidates
[2026-10-05 04:37:17.757] [info] [stationary.cpp:264] NN: cost=430.194405, feasible=true, active_stations=1
[2026-10-05 04:37:17.757] [info] [candidate.cpp:199] InstancePrecompute: built 25 candidates
[2026-10-05 04:37:17.757] [info] [stationary.cpp:264] NN: cost=73.877154, feasible=true, active_stations=1
[2026-10-05 04:37:17.757] [info] [candidate.cpp:199] InstancePrecompute: built 25 candidates
[2026-10-05 04:37:17.757] [info] [stationary.cpp:264] NN: cost=166.690330, feasible=true, active_stations=1
[2026-10-05 04:37:17.757] [info] [candidate.cpp:199] InstancePrecompute: built 50 candidates
[2026-10-05 04:37:17.757] [info] [stationary.cpp:264] NN: cost=26.137044, feasible=true, active_stations=1
[2026-10-05 04:37:17.757] [info] [candidate.cpp:199] InstancePrecompute: built 25 candidates
[2026-10-05 04:37:17.757] [info] [stationary.cpp:264] NN: cost=1421.268433, feasible=true, active_stations=1
[2026-10-05 04:37:17.757] [info] [candidate.cpp:199] InstancePrecompute: built 25 candidates
[2026-10-05 04:37:17.757] [info] [stationary.cpp:264] NN: cost=1495.678996, feasible=true, active_stations=1
[2026-10-05 04:37:17.757] [info] [candidate.cpp:199] InstancePrecompute: built 25 candidates
[2026-10-05 04:37:17.757] [info] [stationary.cpp:264] NN: cost=377.920317, feasible=true, active_stations=1
[2026-10-05 04:37:17.757] [info] [candidate.cpp:199] InstancePrecompute: built 25 candidates
[2026-10-05 04:37:17.757] [info] [stationary.cpp:264] NN: cost=1934.141241, feasible=true, active_stations=1
[2026-10-05 04:37:17.757] [info] [candidate.cpp:199] InstancePrecompute: built 25 candidates
[2026-10-05 04:37:17.757] [info] [stationary.cpp:264] NN: cost=21.603067, feasible=true, active_stations=1
[2026-10-05 04:37:17.757] [info] [candidate.cpp:199] InstancePrecompute: built 25 candidates
[2026-10-05 04:37:17.757] [info] [stationary.cpp:264] NN: cost=112.282607, feasible=true, active_stations=1
[2026-10-05 04:37:17.757] [info] [candidate.cpp:199] InstancePrecompute: built 25 candidates
[2026-10-05 04:37:17.757] [info] [stationary.cpp:264] NN: cost=683.030298, feasible=true, active_stations=1
[2026-10-05 04:37:17.757] [info] [candidate.cpp:199] InstancePrecompute: built 25 candidates
[2026-10-05 04:37:17.757] [info] [stationary.cpp:264] NN: cost=43.739543, feasible=true, active_stations=1
[2026-10-05 04:37:17.757] [info] [candidate.cpp:199] InstancePrecompute: built 25 candidates
[2026-10-05 04:37:17.757] [info] [stationary.cpp:264] NN: cost=430.194405, feasible=true, active_stations=1
[2026-10-05 04:37:17.757] [info] [candidate.cpp:199] InstancePrecompute: built 25 candidates
[2026-10-05 04:37:17.757] [info] [stationary.cpp:264] NN: cost=73.877154, feasible=true, active_stations=1
[2026-10-05 04:37:17.757] [info] [candidate.cpp:199] InstancePrecompute: built 25 candidates
[2026-10-05 04:37:17.757] [info] [stationary.cpp:264] NN: cost=166.690330, feasible=true, active_stations=1
[2026-10-05 04:37:17.757] [info] [candidate.cpp:199] InstancePrecompute: built 50 candidates
[2026-10-05 04:37:17.757] [info] [stationary.cpp:264] NN: cost=26.137044, feasible=true, active_stations=1
[2026-10-05 04:37:17.757] [info] [candidate.cpp:199] InstancePrecompute: built 25 candidates
[2026-10-05 04:37:17.757] [info] [stationary.cpp:264] NN: cost=1421.268433, feasible=true, active_stations=1
[2026-10-05 04:37:17.757] [info] [candidate.cpp:199] InstancePrecompute: built 25 candidates
[2026-10-05 04:37:17.757] [info] [stationary.cpp:264] NN: cost=1495.678996, feasible=true, active_stations=1
[2026-10-05 04:37:17.757] [info] [candidate.cpp:199] InstancePrecompute: built 25 candidates
[2026-10-05 04:37:17.757] [info] [stationary.cpp:264] NN: cost=377.920317, feasible=true, active_stations=1
[2026-10-05 04:37:17.757] [info] [candidate.cpp:199] InstancePrecompute: built 25 candidates
[2026-10-05 04:37:17.757] [info] [stationary.cpp:264] NN: cost=1934.141241, feasible=true, active_stations=1
[2026-10-05 04:37:17.757] [info] [candidate.cpp:199] InstancePrecompute: built 25 candidates
[2026-10-05 04:37:17.757] [info] [stationary.cpp:264] NN: cost=21.603067, feasible=true, active_stations=1
[2026-10-05 04:37:17.757] [info] [candidate.cpp:199] InstancePrecompute: built 25 candidates
[2026-10-05 04:37:17.757] [info] [stationary.cpp:264] NN: cost=112.282607, feasible=true, active_stations=1
[2026-10-05 04:37:17.757] [info] [candidate.cpp:199] InstancePrecompute: built 25 candidates
[2026-10-05 04:37:17.757] [info] [stationary.cpp:264] NN: cost=683.030298, feasible=true, active_stations=1
[2026-10-05 04:37:17.757] [info] [candidate.cpp:199] InstancePrecompute: built 25 candidates
[2026-10-05 04:37:17.757] [info] [stationary.cpp:264] NN: cost=43.739543, feasible=true, active_stations=1
[2026-10-05 04:37:17.757] [info] [candidate.cpp:199] InstancePrecompute: built 25 candidates
[2026-10-05 04:37:17.757] [info] [stationary.cpp:264] NN: cost=430.194405, feasible=true, active_stations=1
[2026-10-05 04:37:17.757] [info] [candidate.cpp:199] InstancePrecompute: built 25 candidates
[2026-10-05 04:37:17.757] [info] [stationary.cpp:264] NN: cost=73.877154, feasible=true, active_stations=1
[2026-10-05 04:37:17.757] [info] [candidate.cpp:199] InstancePrecompute: built 25 candidates
[2026-10-05 04:37:17.757] [info] [stationary.cpp:264] NN: cost=166.690330, feasible=true, active_stations=1
[2026-10-05 04:37:17.757] [info] [candidate.cpp:199] InstancePrecompute: built 25 candidates
[2026-10-05 04:37:17.757] [info] [stationary.cpp:264] NN: cost=2.667045, feasible=true, active_stations=1
[2026-10-05 04:37:17.757] [info] [candidate.cpp:199] InstancePrecompute: built 25 candidates
[2026-10-05 04:37:17.757] [info] [stationary.cpp:264] NN: cost=26.137044, feasible=true, active_stations=1
[2026-10-05 04:37:17.757] [info] [candidate.cpp:199] InstancePrecompute: built 25 candidates
[2026-10-05 04:37:17.757] [info] [stationary.cpp:264] NN: cost=1421.268433, feasible=true, active_stations=1
[2026-10-05 04:37:17.757] [info] [candidate.cpp:199] InstancePrecompute: built 25 candidates
[2026-10-05 04:37:17.757] [info] [stationary.cpp:264] NN: cost=1495.678996, feasible=true, active_stations=1
[2026-10-05 04:37:17.757] [info] [candidate.cpp:199] InstancePrecompute: built 25 candidates
[2026-10-05 04:37:17.757] [info] [stationary.cpp:264] NN: cost=377.920317, feasible=true, active_stations=1
[2026-10-05 04:37:17.757] [info] [candidate.cpp:199] InstancePrecompute: built 25 candidates
[2026-10-05 04:37:17.757] [info] [stationary.cpp:264] NN: cost=1934.141241, feasible=true, active_stations=1
[2026-10-05 04:37:17.757] [info] [candidate.cpp:199] InstancePrecompute: built 25 candidates
[2026-10-05 04:37:17.757] [info] [stationary.cpp:264] NN: cost=21.603067, feasible=true, active_stations=1
[2026-10-05 04:37:17.757] [info] [candidate.cpp:199] InstancePrecompute: built 25 candidates
[2026-10-05 04:37:17.757] [info] [stationary.cpp:264] NN: cost=112.282607, feasible=true, active_stations=1
[2026-10-05 04:37:17.757] [info] [candidate.cpp:199] InstancePrecompute: built 25 candidates
[2026-10-05 04:37:17.757] [info] [stationary.cpp:264] NN: cost=683.030298, feasible=true, active_stations=1
[2026-10-05 04:37:17.757] [info] [candidate.cpp:199] InstancePrecompute: built 25 candidates
[2026-10-05 04:37:17.757] [info] [stationary.cpp:264] NN: cost=43.739543, feasible=true, active_stations=1
[2026-10-05 04:37:17.757] [info] [candidate.cpp:199] InstancePrecompute: built 25 candidates
[2026-10-05 04:37:17.757] [info] [stationary.cpp:264] NN: cost=430.194405, feasible=true, active_stations=1
[2026-10-05 04:37:17.757] [info] [candidate.cpp:199] InstancePrecompute: built 25 candidates
[2026-10-05 04:37:17.758] [info] [stationary.cpp:264] NN: cost=73.877154, feasible=true, active_stations=1
[2026-10-05 04:37:17.758] [info] [candidate.cpp:199] InstancePrecompute: built 50 candidates
[2026-10-05 04:37:17.758] [info] [stationary.cpp:264] NN: cost=166.690330, feasible=true, active_stations=1
[2026-10-05 04:37:17.758] [info] [candidate.cpp:199] InstancePrecompute: built 25 candidates
[2026-10-05 04:37:17.758] [info] [stationary.cpp:264] NN: cost=26.137044, feasible=true, active_stations=1
[2026-10-05 04:37:17.758] [info] [candidate.cpp:199] InstancePrecompute: built 25 candidates
[2026-10-05 04:37:17.758] [info] [stationary.cpp:264] NN: cost=1421.268433, feasible=true, active_stations=1
[2026-10-05 04:37:17.758] [info] [candidate.cpp:199] InstancePrecompute: built 25 candidates
[2026-10-05 04:37:17.758] [info] [stationary.cpp:264] NN: cost=1495.678996, feasible=true, active_stations=1
[2026-10-05 04:37:17.758] [info] [candidate.cpp:199] InstancePrecompute: built 25 candidates
[2026-10-05 04:37:17.758] [info] [stationary.cpp:264] NN: cost=377.920317, feasible=true, active_stations=1
[2026-10-05 04:37:17.758] [info] [candidate.cpp:199] InstancePrecompute: built 25 candidates
[2026-10-05 04:37:17.758] [info] [stationary.cpp:264] NN: cost=1934.141241, feasible=true, active_stations=1
[2026-10-05 04:37:17.758] [info] [candidate.cpp:199] InstancePrecompute: built 25 candidates
[2026-10-05 04:37:17.758] [info] [stationary.cpp:264] NN: cost=21.603067, feasible=true, active_stations=1
[2026-10-05 04:37:17.758] [info] [candidate.cpp:199] InstancePrecompute: built 25 candidates
[2026-10-05 04:37:17.758] [info] [stationary.cpp:264] NN: cost=112.282607, feasible=true, active_stations=1
[2026-10-05 04:37:17.758] [info] [candidate.cpp:199] InstancePrecompute: built 25 candidates
[2026-10-05 04:37:17.758] [info] [stationary.cpp:264] NN: cost=683.030298, feasible=true, active_stations=1
[2026-10-05 04:37:17.758] [info] [candidate.cpp:199] InstancePrecompute: built 25 candidates
[2026-10-05 04:37:17.758] [info] [stationary.cpp:264] NN: cost=43.739543, feasible=true, active_stations=1
[2026-10-05 04:37:17.758] [info] [candidate.cpp:199] InstancePrecompute: built 25 candidates
[2026-10-05 04:37:17.758] [info] [stationary.cpp:264] NN: cost=430.194405, feasible=true, active_stations=1
[2026-10-05 04:37:17.758] [info] [candidate.cpp:199] InstancePrecompute: built 25 candidates
[2026-10-05 04:37:17.758] [info] [stationary.cpp:264] NN: cost=73.877154, feasible=true, active_stations=1
[2026-10-05 04:37:17.758] [info] [candidate.cpp:199] InstancePrecompute: built 25 candidates
[2026-10-05 04:37:17.758] [info] [stationary.cpp:264] NN: cost=166.690330, feasible=true, active_stations=1
[2026-10-05 04:37:17.758] [info] [candidate.cpp:199] InstancePrecompute: built 50 candidates
[2026-10-05 04:37:17.758] [info] [stationary.cpp:264] NN: cost=26.137044, feasible=true, active_stations=1
[2026-10-05 04:37:17.758] [info] [candidate.cpp:199] InstancePrecompute: built 25 candidates
[2026-10-05 04:37:17.758] [info] [stationary.cpp:264] NN: cost=1421.268433, feasible=true, active_stations=1
[2026-10-05 04:37:17.758] [info] [candidate.cpp:199] InstancePrecompute: built 25 candidates
[2026-10-05 04:37:17.758] [info] [stationary.cpp:264] NN: cost=1495.678996, feasible=true, active_stations=1
[2026-10-05 04:37:17.758] [info] [candidate.cpp:199] InstancePrecompute: built 25 candidates
[2026-10-05 04:37:17.758] [info] [stationary.cpp:264] NN: cost=377.920317, feasible=true, active_stations=1
[2026-10-05 04:37:17.758] [info] [candidate.cpp:199] InstancePrecompute: built 25 candidates
[2026-10-05 04:37:17.758] [info] [stationary.cpp:264] NN: cost=1934.141241, feasible=true, active_stations=1
[2026-10-05 04:37:17.758] [info] [shifting_strategy_solver.cpp:266] Shifting: cost=5076.453997133 LB=1934.141241316 ratio=2.6247 l=8
[2026-10-05 04:37:17.758] [info] [solution.cpp:527] extend: 0 intervals over [1, 1]
[2026-10-05 04:37:17.759] [info] [solution.cpp:527] extend: 18 intervals over [0, 1]
[2026-10-05 04:37:17.759] [info] [solution.cpp:598] combine: 17 intervals
[2026-10-05 04:37:17.759] [info] [verify.cpp:992] Verifier: starting certified continuous check on 17 intervals
[2026-10-05 04:37:17.761] [info] [verify.cpp:1072] Verifier: kind=certified_continuous, coverage_ok=true, supporting_points_ok=true, cost_consistent_ok=true, integral_consistent_ok=true, assignment_consistent_ok=true
[2026-10-05 04:37:17.761] [info] [minmax.cpp:307] MinMax: combined solution did not improve peak, stopping
[2026-10-05 04:37:17.761] [info] [verify.cpp:992] Verifier: starting certified continuous check on 17 intervals
[2026-10-05 04:37:17.763] [info] [verify.cpp:1072] Verifier: kind=certified_continuous, coverage_ok=true, supporting_points_ok=true, cost_consistent_ok=true, integral_consistent_ok=true, assignment_consistent_ok=true
[2026-10-05 04:37:17.763] [info] [minmax.cpp:373] MinMax: done. peak=16693.036444, LB=1934.141241, gap=7.6307, iters=1, t=0.036s
[2026-10-05 04:37:17.763] [info] [trace.cpp:72] TraceWriter: wrote 1 rows to /Users/amirpartovi/.copilot/repos/copilot-worktrees/KineticDiskCover/amirhpartovi-vigilant-spork/results/experiments/algorithm-smoke-20261005-complete/runs/run_20261005T010717Z__shifting__minmax__berlin52-6ce5d7089a__r00__c8724523af70/execution/solver/runs/berlin52/shifting/minmax/trace.csv
[2026-10-05 04:37:17.763] [info] [solution_serializer.cpp:122] SolutionSerializer: wrote 18273 bytes to /Users/amirpartovi/.copilot/repos/copilot-worktrees/KineticDiskCover/amirhpartovi-vigilant-spork/results/experiments/algorithm-smoke-20261005-complete/runs/run_20261005T010717Z__shifting__minmax__berlin52-6ce5d7089a__r00__c8724523af70/execution/solver/runs/berlin52/shifting/minmax/solution.json
[2026-10-05 04:37:17.763] [info] [batch_runner.cpp:1066] BatchRunner: berlin52 / shifting / minmax cost=16693.036444 t=0.040s verified=true
[2026-10-05 04:37:17.764] [info] [batch_runner.cpp:811] BatchRunner: 1 runs completed
