actual_backend,actual_threads,algorithm_category,algorithm_name,bound_status,build_type,candidate_count,certified_gap,certified_lower_bound,compiler,configuration,coverage_nnz,cpu_time_sec,dataset_profile,empirical_ratio_to_exact,error_message,exact_solver,experiment_id,experiment_label,external_timeout,failed,failed_native_solve_count,fallback_solve_count,fallback_used,feasible,gap,git_commit,global_time_limit_sec,handovers_enabled,heuristic_lower_bound,instance_id,instance_name,integral_cost,kont_version,lower_bound,m,minsum_refinement_policy,n,native_kont,native_solve_count,num_ip_solves,num_iterations,num_static_solves,objective,objective_value,optimality_status,peak_cost,peak_memory_mb,per_static_time_limit_sec,ratio_to_incumbent,refinement_policy,repeat,requested_backend,result_json_path,run_id,run_key,run_status,schema_version,seed,selected_backend,serialization_time_sec,solution_json_path,solve_time_sec,solver_name,solver_runtime_sec,thread_count,time_limit_per_ip_sec,time_limited,timeout,total_wall_time_sec,trace_csv_path,trace_jsonl_path,upper_bound,verification_kind,verification_time_sec,verified,verify_after,verify_each_iteration,wall_time_sec,wrapper_wall_time_sec
branch-and-bound,1,exact_reference,branch-and-bound,CERTIFIED,Release,275,2.9555608901007844,1978.3798184619154,Apple LLVM 17.0.0 (clang-1700.6.3.2),"{""algorithm"":""branch-and-bound"",""cache_policy"":""auto"",""global_time_limit_sec"":10.0,""handovers_enabled"":true,""minsum_refinement_policy"":""CERTIFIED_BOUND"",""objective"":""minmax"",""per_static_time_limit_sec"":2.0,""profile"":""DEBUG"",""repeat"":0,""seed"":3344469903,""verify_after"":true,""verify_each_iteration"":true}",,0.008582,smoke10,,,True,algorithm-smoke-20261005-complete,smoke / development validation,False,False,0,0,False,True,2.9555608901007844,88c683f46e83540a43aaab82d355020b429b6a26,10.0,True,0.0,att48-5196644df6,att48,4483.330763876055,not-applicable,1978.3798184619154,25,HEURISTIC_ADAPTIVE,11,False,0,2,1,2,minmax,7825.601835672643,FEASIBLE,7825.601835672643,17.90625,2.0,1.0,HEURISTIC_ADAPTIVE,0,auto,runs/run_20261005T010716Z__branch-and-bound__minmax__att48-5196644df6__r00__2f3665a51c0a/result/result.json,run_20261005T010716Z__branch-and-bound__minmax__att48-5196644df6__r00__2f3665a51c0a,fcfc870bc8df482ef3f28c0bed71cd2cefa4cef00ea486ee84daa7fb32461c17,COMPLETED,3,42,branch-and-bound,0.000504749,runs/run_20261005T010716Z__branch-and-bound__minmax__att48-5196644df6__r00__2f3665a51c0a/result/solution.json,0.004862666999999999,branch-and-bound,0.004862666999999999,1,2.0,False,False,0.008404791,runs/run_20261005T010716Z__branch-and-bound__minmax__att48-5196644df6__r00__2f3665a51c0a/result/trace.csv,runs/run_20261005T010716Z__branch-and-bound__minmax__att48-5196644df6__r00__2f3665a51c0a/result/trace.jsonl,7825.601835672643,CERTIFIED_CONTINUOUS,0.003020334,True,True,True,0.008404791,0.02673104200000001
genetic,1,heuristic,genetic,CERTIFIED,Release,275,,1175.9254528394042,Apple LLVM 17.0.0 (clang-1700.6.3.2),"{""algorithm"":""genetic"",""cache_policy"":""auto"",""global_time_limit_sec"":5.0,""handovers_enabled"":true,""minsum_refinement_policy"":""CERTIFIED_BOUND"",""objective"":""minmax"",""per_static_time_limit_sec"":2.0,""profile"":""DEBUG"",""repeat"":0,""seed"":4006625911,""verify_after"":true,""verify_each_iteration"":true}",,0.04037,smoke10,,,False,algorithm-smoke-20261005-complete,smoke / development validation,False,False,0,0,False,True,5.654845183235763,88c683f46e83540a43aaab82d355020b429b6a26,5.0,True,0.0,att48-5196644df6,att48,4483.330763876055,not-applicable,1175.9254528394042,25,HEURISTIC_ADAPTIVE,11,False,0,2,1,2,minmax,7825.601835672643,FEASIBLE,7825.601835672643,17.4375,2.0,1.0,HEURISTIC_ADAPTIVE,0,auto,runs/run_20261005T010716Z__genetic__minmax__att48-5196644df6__r00__687d979c4b69/result/result.json,run_20261005T010716Z__genetic__minmax__att48-5196644df6__r00__687d979c4b69,36f7e2fc9ff024f93d9b33c84efe328a6b8e3395ccca3fdcded3ad4ddc3a6f67,COMPLETED,3,42,genetic,0.000487083,runs/run_20261005T010716Z__genetic__minmax__att48-5196644df6__r00__687d979c4b69/result/solution.json,0.036665041999999995,genetic,0.036665041999999995,1,2.0,False,False,0.040189917,runs/run_20261005T010716Z__genetic__minmax__att48-5196644df6__r00__687d979c4b69/result/trace.csv,runs/run_20261005T010716Z__genetic__minmax__att48-5196644df6__r00__687d979c4b69/result/trace.jsonl,7825.601835672643,CERTIFIED_CONTINUOUS,0.003016624,True,True,True,0.040189917,0.058650916
greedy,1,heuristic,greedy,CERTIFIED,Release,275,,1175.9254528394044,Apple LLVM 17.0.0 (clang-1700.6.3.2),"{""algorithm"":""greedy"",""cache_policy"":""auto"",""global_time_limit_sec"":5.0,""handovers_enabled"":true,""minsum_refinement_policy"":""CERTIFIED_BOUND"",""objective"":""minmax"",""per_static_time_limit_sec"":2.0,""profile"":""DEBUG"",""repeat"":0,""seed"":3154337670,""verify_after"":true,""verify_each_iteration"":true}",,0.004664,smoke10,,,False,algorithm-smoke-20261005-complete,smoke / development validation,False,False,0,0,False,True,7.219248549412029,88c683f46e83540a43aaab82d355020b429b6a26,5.0,True,0.0,att48-5196644df6,att48,3895.0984577756235,not-applicable,1175.9254528394044,25,HEURISTIC_ADAPTIVE,11,False,0,2,1,2,minmax,9665.223572466959,FEASIBLE,9665.223572466959,17.328125,2.0,1.0,HEURISTIC_ADAPTIVE,0,auto,runs/run_20261005T010716Z__greedy__minmax__att48-5196644df6__r00__3a8d465e875e/result/result.json,run_20261005T010716Z__greedy__minmax__att48-5196644df6__r00__3a8d465e875e,1483ac13687be709f278078ff767841b78bd6931f02fd85872f0b5ec3735eff7,COMPLETED,3,42,greedy,0.00036324999999999997,runs/run_20261005T010716Z__greedy__minmax__att48-5196644df6__r00__3a8d465e875e/result/solution.json,0.001509334,greedy,0.001509334,1,2.0,False,False,0.0044691670000000005,runs/run_20261005T010716Z__greedy__minmax__att48-5196644df6__r00__3a8d465e875e/result/trace.csv,runs/run_20261005T010716Z__greedy__minmax__att48-5196644df6__r00__3a8d465e875e/result/trace.jsonl,9665.223572466959,CERTIFIED_CONTINUOUS,0.002578958,True,True,True,0.0044691670000000005,0.018085041999999996
local-search,1,heuristic,local-search,CERTIFIED,Release,275,,1175.9254528394042,Apple LLVM 17.0.0 (clang-1700.6.3.2),"{""algorithm"":""local-search"",""cache_policy"":""auto"",""global_time_limit_sec"":5.0,""handovers_enabled"":true,""minsum_refinement_policy"":""CERTIFIED_BOUND"",""objective"":""minmax"",""per_static_time_limit_sec"":2.0,""profile"":""DEBUG"",""repeat"":0,""seed"":3232874496,""verify_after"":true,""verify_each_iteration"":true}",,0.005343,smoke10,,,False,algorithm-smoke-20261005-complete,smoke / development validation,False,False,0,0,False,True,5.654845183235763,88c683f46e83540a43aaab82d355020b429b6a26,5.0,True,0.0,att48-5196644df6,att48,4483.330763876055,not-applicable,1175.9254528394042,25,HEURISTIC_ADAPTIVE,11,False,0,2,1,2,minmax,7825.601835672643,FEASIBLE,7825.601835672643,17.453125,2.0,1.0,HEURISTIC_ADAPTIVE,0,auto,runs/run_20261005T010716Z__local-search__minmax__att48-5196644df6__r00__e90accae173a/result/result.json,run_20261005T010716Z__local-search__minmax__att48-5196644df6__r00__e90accae173a,5b07e60e2d71e8d889a3d15e2e61cad70524bc9ad78323bdac1a443c112f0664,COMPLETED,3,42,local-search,0.000366041,runs/run_20261005T010716Z__local-search__minmax__att48-5196644df6__r00__e90accae173a/result/solution.json,0.001898543,local-search,0.001898543,1,2.0,False,False,0.005138541,runs/run_20261005T010716Z__local-search__minmax__att48-5196644df6__r00__e90accae173a/result/trace.csv,runs/run_20261005T010716Z__local-search__minmax__att48-5196644df6__r00__e90accae173a/result/trace.jsonl,7825.601835672643,CERTIFIED_CONTINUOUS,0.002855874,True,True,True,0.005138541,0.018327999999999955
lp-rounding,1,heuristic,lp-rounding,CERTIFIED,Release,275,,1978.3798184619118,Apple LLVM 17.0.0 (clang-1700.6.3.2),"{""algorithm"":""lp-rounding"",""cache_policy"":""auto"",""global_time_limit_sec"":5.0,""handovers_enabled"":true,""minsum_refinement_policy"":""CERTIFIED_BOUND"",""objective"":""minmax"",""per_static_time_limit_sec"":2.0,""profile"":""DEBUG"",""repeat"":0,""seed"":4254673663,""verify_after"":true,""verify_each_iteration"":true}",,0.009185,smoke10,,,False,algorithm-smoke-20261005-complete,smoke / development validation,False,False,0,2,False,True,2.955560890100792,88c683f46e83540a43aaab82d355020b429b6a26,5.0,True,0.0,att48-5196644df6,att48,4483.330763876055,not-applicable,1978.3798184619118,25,HEURISTIC_ADAPTIVE,11,False,0,2,1,2,minmax,7825.601835672643,FEASIBLE,7825.601835672643,19.171875,2.0,1.0,HEURISTIC_ADAPTIVE,0,auto,runs/run_20261005T010716Z__lp-rounding__minmax__att48-5196644df6__r00__afe6d7ff6313/result/result.json,run_20261005T010716Z__lp-rounding__minmax__att48-5196644df6__r00__afe6d7ff6313,f4f291f8f360ab455953e78afd6f899097479c9865da47613858bbc4e7370e32,COMPLETED,3,42,lp-rounding,0.0006585,runs/run_20261005T010716Z__lp-rounding__minmax__att48-5196644df6__r00__afe6d7ff6313/result/solution.json,0.005346583,lp-rounding,0.005346583,1,2.0,False,False,0.009021584000000001,runs/run_20261005T010716Z__lp-rounding__minmax__att48-5196644df6__r00__afe6d7ff6313/result/trace.csv,runs/run_20261005T010716Z__lp-rounding__minmax__att48-5196644df6__r00__afe6d7ff6313/result/trace.jsonl,7825.601835672643,CERTIFIED_CONTINUOUS,0.002992875,True,True,True,0.009021584000000001,0.02512366699999996
nn,1,heuristic,nn,CERTIFIED,Release,275,,0.0,Apple LLVM 17.0.0 (clang-1700.6.3.2),"{""algorithm"":""nn"",""cache_policy"":""auto"",""global_time_limit_sec"":5.0,""handovers_enabled"":true,""minsum_refinement_policy"":""CERTIFIED_BOUND"",""objective"":""minmax"",""per_static_time_limit_sec"":2.0,""profile"":""DEBUG"",""repeat"":0,""seed"":3674871738,""verify_after"":true,""verify_each_iteration"":true}",,0.003176,smoke10,,,False,algorithm-smoke-20261005-complete,smoke / development validation,False,False,0,0,False,True,7388.436059335082,88c683f46e83540a43aaab82d355020b429b6a26,5.0,True,0.0,att48-5196644df6,att48,4286.451910736054,not-applicable,0.0,25,HEURISTIC_ADAPTIVE,11,False,0,2,1,2,minmax,7388.436059335082,FEASIBLE,7388.436059335082,17.28125,2.0,1.0,HEURISTIC_ADAPTIVE,0,auto,runs/run_20261005T010716Z__nn__minmax__att48-5196644df6__r00__f0ca3c8ad947/result/result.json,run_20261005T010716Z__nn__minmax__att48-5196644df6__r00__f0ca3c8ad947,3b2cd525833bea2615a39b87f0a53355a90c5ae448b9f0e255f8f90f799743af,COMPLETED,3,42,nn,0.000422166,runs/run_20261005T010716Z__nn__minmax__att48-5196644df6__r00__f0ca3c8ad947/result/solution.json,0.001295458,nn,0.001295458,1,2.0,False,False,0.003047499,runs/run_20261005T010716Z__nn__minmax__att48-5196644df6__r00__f0ca3c8ad947/result/trace.csv,runs/run_20261005T010716Z__nn__minmax__att48-5196644df6__r00__f0ca3c8ad947/result/trace.jsonl,7388.436059335082,CERTIFIED_CONTINUOUS,0.001309917,True,True,True,0.003047499,0.018640041999999968
primal-dual,1,heuristic,primal-dual,CERTIFIED,Release,275,,0.0,Apple LLVM 17.0.0 (clang-1700.6.3.2),"{""algorithm"":""primal-dual"",""cache_policy"":""auto"",""global_time_limit_sec"":5.0,""handovers_enabled"":true,""minsum_refinement_policy"":""CERTIFIED_BOUND"",""objective"":""minmax"",""per_static_time_limit_sec"":2.0,""profile"":""DEBUG"",""repeat"":0,""seed"":1552707318,""verify_after"":true,""verify_each_iteration"":true}",,0.005853,smoke10,,,False,algorithm-smoke-20261005-complete,smoke / development validation,False,False,0,0,False,True,97.95212952519726,88c683f46e83540a43aaab82d355020b429b6a26,5.0,True,76.02411544923106,att48-5196644df6,att48,4422.961725850992,not-applicable,0.0,25,HEURISTIC_ADAPTIVE,11,False,0,2,1,2,minmax,7522.748118970863,FEASIBLE,7522.748118970863,17.359375,2.0,1.0,HEURISTIC_ADAPTIVE,0,auto,runs/run_20261005T010716Z__primal-dual__minmax__att48-5196644df6__r00__e5b3bb72863a/result/result.json,run_20261005T010716Z__primal-dual__minmax__att48-5196644df6__r00__e5b3bb72863a,bc127dec4a30cab04bda280f5b2a89fae3f0a8fe3b747d43f80c4224be2af594,COMPLETED,3,42,primal-dual,0.000417125,runs/run_20261005T010716Z__primal-dual__minmax__att48-5196644df6__r00__e5b3bb72863a/result/solution.json,0.002326999,primal-dual,0.002326999,1,2.0,False,False,0.005591542,runs/run_20261005T010716Z__primal-dual__minmax__att48-5196644df6__r00__e5b3bb72863a/result/trace.csv,runs/run_20261005T010716Z__primal-dual__minmax__att48-5196644df6__r00__e5b3bb72863a/result/trace.jsonl,7522.748118970863,CERTIFIED_CONTINUOUS,0.0028283759999999996,True,True,True,0.005591542,0.019581041999999993
sa,1,heuristic,sa,CERTIFIED,Release,275,,1175.9254528394042,Apple LLVM 17.0.0 (clang-1700.6.3.2),"{""algorithm"":""sa"",""cache_policy"":""auto"",""global_time_limit_sec"":5.0,""handovers_enabled"":true,""minsum_refinement_policy"":""CERTIFIED_BOUND"",""objective"":""minmax"",""per_static_time_limit_sec"":2.0,""profile"":""DEBUG"",""repeat"":0,""seed"":3050079746,""verify_after"":true,""verify_each_iteration"":true}",,0.016047,smoke10,,,False,algorithm-smoke-20261005-complete,smoke / development validation,False,False,0,0,False,True,5.654845183235763,88c683f46e83540a43aaab82d355020b429b6a26,5.0,True,0.0,att48-5196644df6,att48,4483.330763876055,not-applicable,1175.9254528394042,25,HEURISTIC_ADAPTIVE,11,False,0,2,1,2,minmax,7825.601835672643,FEASIBLE,7825.601835672643,17.453125,2.0,1.0,HEURISTIC_ADAPTIVE,0,auto,runs/run_20261005T010716Z__sa__minmax__att48-5196644df6__r00__6fb903242033/result/result.json,run_20261005T010716Z__sa__minmax__att48-5196644df6__r00__6fb903242033,31bd6bc90c8b7fbc7d8ef82fad43449296b7b0e6a93398deeaa65483b11ad793,COMPLETED,3,42,sa,0.000458708,runs/run_20261005T010716Z__sa__minmax__att48-5196644df6__r00__6fb903242033/result/solution.json,0.012410292,sa,0.012410292,1,2.0,False,False,0.015802833,runs/run_20261005T010716Z__sa__minmax__att48-5196644df6__r00__6fb903242033/result/trace.csv,runs/run_20261005T010716Z__sa__minmax__att48-5196644df6__r00__6fb903242033/result/trace.jsonl,7825.601835672643,CERTIFIED_CONTINUOUS,0.002913667,True,True,True,0.015802833,0.029837749999999996
shifting,1,heuristic,shifting,CERTIFIED,Release,275,,1175.9254528394042,Apple LLVM 17.0.0 (clang-1700.6.3.2),"{""algorithm"":""shifting"",""cache_policy"":""auto"",""global_time_limit_sec"":5.0,""handovers_enabled"":true,""minsum_refinement_policy"":""CERTIFIED_BOUND"",""objective"":""minmax"",""per_static_time_limit_sec"":2.0,""profile"":""DEBUG"",""repeat"":0,""seed"":3858361630,""verify_after"":true,""verify_each_iteration"":true}",,0.060387,smoke10,,,False,algorithm-smoke-20261005-complete,smoke / development validation,False,False,0,0,False,True,5.283082011274501,88c683f46e83540a43aaab82d355020b429b6a26,5.0,True,0.0,att48-5196644df6,att48,4286.451910736054,not-applicable,1175.9254528394042,25,HEURISTIC_ADAPTIVE,11,False,0,2,1,2,minmax,7388.436059335082,FEASIBLE,7388.436059335082,17.609375,2.0,1.0,HEURISTIC_ADAPTIVE,0,auto,runs/run_20261005T010716Z__shifting__minmax__att48-5196644df6__r00__91b5d617ec20/result/result.json,run_20261005T010716Z__shifting__minmax__att48-5196644df6__r00__91b5d617ec20,ce1251f34966b1cd098fc5e908224880dc3d5083dc0112c1d35c70089177b04c,COMPLETED,3,42,shifting,0.000387084,runs/run_20261005T010716Z__shifting__minmax__att48-5196644df6__r00__91b5d617ec20/result/solution.json,0.029371875,shifting,0.029371875,1,2.0,False,False,0.030971709,runs/run_20261005T010716Z__shifting__minmax__att48-5196644df6__r00__91b5d617ec20/result/trace.csv,runs/run_20261005T010716Z__shifting__minmax__att48-5196644df6__r00__91b5d617ec20/result/trace.jsonl,7388.436059335082,CERTIFIED_CONTINUOUS,0.001196375,True,True,True,0.030971709,0.04635704099999999
branch-and-bound,1,exact_reference,branch-and-bound,CERTIFIED,Release,275,,0.0,Apple LLVM 17.0.0 (clang-1700.6.3.2),"{""algorithm"":""branch-and-bound"",""cache_policy"":""auto"",""global_time_limit_sec"":10.0,""handovers_enabled"":true,""minsum_refinement_policy"":""CERTIFIED_BOUND"",""objective"":""minsum"",""per_static_time_limit_sec"":2.0,""profile"":""DEBUG"",""repeat"":0,""seed"":3634109164,""verify_after"":true,""verify_each_iteration"":true}",,0.190551,smoke10,,,True,algorithm-smoke-20261005-complete,smoke / development validation,False,False,0,0,False,True,0.0056079275144746595,88c683f46e83540a43aaab82d355020b429b6a26,10.0,True,1276.3849832840876,att48-5196644df6,att48,1283.5428577509088,not-applicable,0.0,25,CERTIFIED_BOUND,11,False,0,17,12,17,minsum,1283.5428577509088,FEASIBLE,2545.339837598225,19.890625,2.0,1.0,CERTIFIED_BOUND,0,auto,runs/run_20261005T010716Z__branch-and-bound__minsum__att48-5196644df6__r00__ef025791cd7b/result/result.json,run_20261005T010716Z__branch-and-bound__minsum__att48-5196644df6__r00__ef025791cd7b,678460fcfa0f8ae20156cfcb98bdd0a886b523b430473e69d0578467572b1482,COMPLETED,3,42,branch-and-bound,0.000631624,runs/run_20261005T010716Z__branch-and-bound__minsum__att48-5196644df6__r00__ef025791cd7b/result/solution.json,0.12815470900000003,branch-and-bound,0.12815470900000003,1,2.0,False,False,0.189386833,runs/run_20261005T010716Z__branch-and-bound__minsum__att48-5196644df6__r00__ef025791cd7b/result/trace.csv,runs/run_20261005T010716Z__branch-and-bound__minsum__att48-5196644df6__r00__ef025791cd7b/result/trace.jsonl,1283.5428577509088,CERTIFIED_CONTINUOUS,0.06057437399999999,True,True,True,0.189386833,0.20470566700000004
genetic,1,heuristic,genetic,CERTIFIED,Release,275,,0.0,Apple LLVM 17.0.0 (clang-1700.6.3.2),"{""algorithm"":""genetic"",""cache_policy"":""auto"",""global_time_limit_sec"":5.0,""handovers_enabled"":true,""minsum_refinement_policy"":""CERTIFIED_BOUND"",""objective"":""minsum"",""per_static_time_limit_sec"":2.0,""profile"":""DEBUG"",""repeat"":0,""seed"":4003021860,""verify_after"":true,""verify_each_iteration"":true}",,0.28861,smoke10,,,False,algorithm-smoke-20261005-complete,smoke / development validation,False,False,0,0,False,True,1.9589852330030981,88c683f46e83540a43aaab82d355020b429b6a26,5.0,True,483.0679797162224,att48-5196644df6,att48,1429.3910185169423,not-applicable,0.0,25,CERTIFIED_BOUND,11,False,0,14,8,14,minsum,1429.3910185169423,FEASIBLE,2929.002091311904,17.8125,2.0,1.0,CERTIFIED_BOUND,0,auto,runs/run_20261005T010716Z__genetic__minsum__att48-5196644df6__r00__e2952a340e75/result/result.json,run_20261005T010716Z__genetic__minsum__att48-5196644df6__r00__e2952a340e75,b704acc65f578496522c0974c3fa5b408aff803a5830d958d181eaf463b82e94,COMPLETED,3,42,genetic,0.00043591599999999995,runs/run_20261005T010716Z__genetic__minsum__att48-5196644df6__r00__e2952a340e75/result/solution.json,0.263434542,genetic,0.263434542,1,2.0,False,False,0.289353042,runs/run_20261005T010716Z__genetic__minsum__att48-5196644df6__r00__e2952a340e75/result/trace.csv,runs/run_20261005T010716Z__genetic__minsum__att48-5196644df6__r00__e2952a340e75/result/trace.jsonl,1429.3910185169423,CERTIFIED_CONTINUOUS,0.025460082999999998,True,True,True,0.289353042,0.30335650000000003
greedy,1,heuristic,greedy,CERTIFIED,Release,275,,0.0,Apple LLVM 17.0.0 (clang-1700.6.3.2),"{""algorithm"":""greedy"",""cache_policy"":""auto"",""global_time_limit_sec"":5.0,""handovers_enabled"":true,""minsum_refinement_policy"":""CERTIFIED_BOUND"",""objective"":""minsum"",""per_static_time_limit_sec"":2.0,""profile"":""DEBUG"",""repeat"":0,""seed"":3020789133,""verify_after"":true,""verify_each_iteration"":true}",,0.033482,smoke10,,,False,algorithm-smoke-20261005-complete,smoke / development validation,False,False,0,0,False,True,3.636831849855865,88c683f46e83540a43aaab82d355020b429b6a26,5.0,True,489.3688986945904,att48-5196644df6,att48,2269.121295795965,not-applicable,0.0,25,CERTIFIED_BOUND,11,False,0,10,4,10,minsum,2269.121295795965,FEASIBLE,4051.0398342078856,17.625,2.0,1.0,CERTIFIED_BOUND,0,auto,runs/run_20261005T010716Z__greedy__minsum__att48-5196644df6__r00__81c47e47432b/result/result.json,run_20261005T010716Z__greedy__minsum__att48-5196644df6__r00__81c47e47432b,a66cc7ea567e947b8ff562ace141516ee68c81b6d469f0401bf6ac41e96d16ff,COMPLETED,3,42,greedy,0.000517916,runs/run_20261005T010716Z__greedy__minsum__att48-5196644df6__r00__81c47e47432b/result/solution.json,0.027360459,greedy,0.027360459,1,2.0,False,False,0.033106916,runs/run_20261005T010716Z__greedy__minsum__att48-5196644df6__r00__81c47e47432b/result/trace.csv,runs/run_20261005T010716Z__greedy__minsum__att48-5196644df6__r00__81c47e47432b/result/trace.jsonl,2269.121295795965,CERTIFIED_CONTINUOUS,0.005194707,True,True,True,0.033106916,0.04712737499999997
local-search,1,heuristic,local-search,CERTIFIED,Release,275,,0.0,Apple LLVM 17.0.0 (clang-1700.6.3.2),"{""algorithm"":""local-search"",""cache_policy"":""auto"",""global_time_limit_sec"":5.0,""handovers_enabled"":true,""minsum_refinement_policy"":""CERTIFIED_BOUND"",""objective"":""minsum"",""per_static_time_limit_sec"":2.0,""profile"":""DEBUG"",""repeat"":0,""seed"":2295527851,""verify_after"":true,""verify_each_iteration"":true}",,0.026747,smoke10,,,False,algorithm-smoke-20261005-complete,smoke / development validation,False,False,0,0,False,True,2.181636305653297,88c683f46e83540a43aaab82d355020b429b6a26,5.0,True,483.0679797162224,att48-5196644df6,att48,1536.9466223637237,not-applicable,0.0,25,CERTIFIED_BOUND,11,False,0,12,6,12,minsum,1536.9466223637237,FEASIBLE,2739.5551262630015,17.625,2.0,1.0,CERTIFIED_BOUND,0,auto,runs/run_20261005T010717Z__local-search__minsum__att48-5196644df6__r00__2140dc5e37ed/result/result.json,run_20261005T010717Z__local-search__minsum__att48-5196644df6__r00__2140dc5e37ed,89384e5043d80c91c837d010dc7b331444a8a8dbe24827f876ce3217e570bbb8,COMPLETED,3,42,local-search,0.00041975,runs/run_20261005T010717Z__local-search__minsum__att48-5196644df6__r00__2140dc5e37ed/result/solution.json,0.011828918,local-search,0.011828918,1,2.0,False,False,0.026186834,runs/run_20261005T010717Z__local-search__minsum__att48-5196644df6__r00__2140dc5e37ed/result/trace.csv,runs/run_20261005T010717Z__local-search__minsum__att48-5196644df6__r00__2140dc5e37ed/result/trace.jsonl,1536.9466223637237,CERTIFIED_CONTINUOUS,0.01391329,True,True,True,0.026186834,0.03947533400000003
lp-rounding,1,heuristic,lp-rounding,CERTIFIED,Release,275,,0.0,Apple LLVM 17.0.0 (clang-1700.6.3.2),"{""algorithm"":""lp-rounding"",""cache_policy"":""auto"",""global_time_limit_sec"":5.0,""handovers_enabled"":true,""minsum_refinement_policy"":""CERTIFIED_BOUND"",""objective"":""minsum"",""per_static_time_limit_sec"":2.0,""profile"":""DEBUG"",""repeat"":0,""seed"":2221790076,""verify_after"":true,""verify_each_iteration"":true}",,0.148451,smoke10,,,False,algorithm-smoke-20261005-complete,smoke / development validation,False,False,0,17,False,True,0.005607927514475196,88c683f46e83540a43aaab82d355020b429b6a26,5.0,True,1276.384983284087,att48-5196644df6,att48,1283.5428577509088,not-applicable,0.0,25,CERTIFIED_BOUND,11,False,0,17,12,17,minsum,1283.5428577509088,FEASIBLE,2545.339837598225,19.609375,2.0,1.0,CERTIFIED_BOUND,0,auto,runs/run_20261005T010717Z__lp-rounding__minsum__att48-5196644df6__r00__25e5d3e4977a/result/result.json,run_20261005T010717Z__lp-rounding__minsum__att48-5196644df6__r00__25e5d3e4977a,dee517f93744374082cf7b6662848d13bcee5dc3232340f61bb77b82a446981d,COMPLETED,3,42,lp-rounding,0.0006089579999999999,runs/run_20261005T010717Z__lp-rounding__minsum__att48-5196644df6__r00__25e5d3e4977a/result/solution.json,0.088159456,lp-rounding,0.088159456,1,2.0,False,False,0.14780629199999998,runs/run_20261005T010717Z__lp-rounding__minsum__att48-5196644df6__r00__25e5d3e4977a/result/trace.csv,runs/run_20261005T010717Z__lp-rounding__minsum__att48-5196644df6__r00__25e5d3e4977a/result/trace.jsonl,1283.5428577509088,CERTIFIED_CONTINUOUS,0.059009044000000004,True,True,True,0.14780629199999998,0.16986779100000005
nn,1,heuristic,nn,CERTIFIED,Release,275,,0.0,Apple LLVM 17.0.0 (clang-1700.6.3.2),"{""algorithm"":""nn"",""cache_policy"":""auto"",""global_time_limit_sec"":5.0,""handovers_enabled"":true,""minsum_refinement_policy"":""CERTIFIED_BOUND"",""objective"":""minsum"",""per_static_time_limit_sec"":2.0,""profile"":""DEBUG"",""repeat"":0,""seed"":116560921,""verify_after"":true,""verify_each_iteration"":true}",,0.029708,smoke10,,,False,algorithm-smoke-20261005-complete,smoke / development validation,False,False,0,0,False,True,1583.1124997588954,88c683f46e83540a43aaab82d355020b429b6a26,5.0,True,0.0,att48-5196644df6,att48,1583.1124997588954,not-applicable,0.0,25,CERTIFIED_BOUND,11,False,0,12,6,12,minsum,1583.1124997588954,FEASIBLE,3071.0700208903527,17.546875,2.0,1.0,CERTIFIED_BOUND,0,auto,runs/run_20261005T010717Z__nn__minsum__att48-5196644df6__r00__33ed4dfffe61/result/result.json,run_20261005T010717Z__nn__minsum__att48-5196644df6__r00__33ed4dfffe61,7b69e80ff13568e8ecdbb1cf3243eb7ac5076db2c5b5e15588bc39463239369d,COMPLETED,3,42,nn,0.000524875,runs/run_20261005T010717Z__nn__minsum__att48-5196644df6__r00__33ed4dfffe61/result/solution.json,0.015016375,nn,0.015016375,1,2.0,False,False,0.029420666,runs/run_20261005T010717Z__nn__minsum__att48-5196644df6__r00__33ed4dfffe61/result/trace.csv,runs/run_20261005T010717Z__nn__minsum__att48-5196644df6__r00__33ed4dfffe61/result/trace.jsonl,1583.1124997588954,CERTIFIED_CONTINUOUS,0.013862292,True,True,True,0.029420666,0.04378800000000005
primal-dual,1,heuristic,primal-dual,CERTIFIED,Release,275,,0.0,Apple LLVM 17.0.0 (clang-1700.6.3.2),"{""algorithm"":""primal-dual"",""cache_policy"":""auto"",""global_time_limit_sec"":5.0,""handovers_enabled"":true,""minsum_refinement_policy"":""CERTIFIED_BOUND"",""objective"":""minsum"",""per_static_time_limit_sec"":2.0,""profile"":""DEBUG"",""repeat"":0,""seed"":239660957,""verify_after"":true,""verify_each_iteration"":true}",,0.068115,smoke10,,,False,algorithm-smoke-20261005-complete,smoke / development validation,False,False,0,0,False,True,27.77780407653334,88c683f46e83540a43aaab82d355020b429b6a26,5.0,True,50.549413447095986,att48-5196644df6,att48,1454.701116364208,not-applicable,0.0,25,CERTIFIED_BOUND,11,False,0,15,9,15,minsum,1454.701116364208,FEASIBLE,2549.1972965434834,17.96875,2.0,1.0,CERTIFIED_BOUND,0,auto,runs/run_20261005T010717Z__primal-dual__minsum__att48-5196644df6__r00__4277c7a96d17/result/result.json,run_20261005T010717Z__primal-dual__minsum__att48-5196644df6__r00__4277c7a96d17,588c9e97a745ed0ef2ebc26d4e9c9b922db4d435225c099f4f9fefd1c702e637,COMPLETED,3,42,primal-dual,0.000509084,runs/run_20261005T010717Z__primal-dual__minsum__att48-5196644df6__r00__4277c7a96d17/result/solution.json,0.028265834000000004,primal-dual,0.028265834000000004,1,2.0,False,False,0.0671505,runs/run_20261005T010717Z__primal-dual__minsum__att48-5196644df6__r00__4277c7a96d17/result/trace.csv,runs/run_20261005T010717Z__primal-dual__minsum__att48-5196644df6__r00__4277c7a96d17/result/trace.jsonl,1454.701116364208,CERTIFIED_CONTINUOUS,0.038347583,True,True,True,0.0671505,0.08178937500000005
sa,1,heuristic,sa,CERTIFIED,Release,275,,0.0,Apple LLVM 17.0.0 (clang-1700.6.3.2),"{""algorithm"":""sa"",""cache_policy"":""auto"",""global_time_limit_sec"":5.0,""handovers_enabled"":true,""minsum_refinement_policy"":""CERTIFIED_BOUND"",""objective"":""minsum"",""per_static_time_limit_sec"":2.0,""profile"":""DEBUG"",""repeat"":0,""seed"":1989458193,""verify_after"":true,""verify_each_iteration"":true}",,0.092811,smoke10,,,False,algorithm-smoke-20261005-complete,smoke / development validation,False,False,0,0,False,True,2.184418623819605,88c683f46e83540a43aaab82d355020b429b6a26,5.0,True,483.0679797162224,att48-5196644df6,att48,1538.2906711792498,not-applicable,0.0,25,CERTIFIED_BOUND,11,False,0,12,6,12,minsum,1538.2906711792498,FEASIBLE,2739.5551262630015,17.546875,2.0,1.0,CERTIFIED_BOUND,0,auto,runs/run_20261005T010717Z__sa__minsum__att48-5196644df6__r00__d32eba22d594/result/result.json,run_20261005T010717Z__sa__minsum__att48-5196644df6__r00__d32eba22d594,808a09038d45eec3a5228b26085670b2327038528f006cc721dd185450d426a1,COMPLETED,3,42,sa,0.000497833,runs/run_20261005T010717Z__sa__minsum__att48-5196644df6__r00__d32eba22d594/result/solution.json,0.075344416,sa,0.075344416,1,2.0,False,False,0.090971,runs/run_20261005T010717Z__sa__minsum__att48-5196644df6__r00__d32eba22d594/result/trace.csv,runs/run_20261005T010717Z__sa__minsum__att48-5196644df6__r00__d32eba22d594/result/trace.jsonl,1538.2906711792498,CERTIFIED_CONTINUOUS,0.0151085,True,True,True,0.090971,0.10530391700000008
shifting,1,heuristic,shifting,CERTIFIED,Release,275,,0.0,Apple LLVM 17.0.0 (clang-1700.6.3.2),"{""algorithm"":""shifting"",""cache_policy"":""auto"",""global_time_limit_sec"":5.0,""handovers_enabled"":true,""minsum_refinement_policy"":""CERTIFIED_BOUND"",""objective"":""minsum"",""per_static_time_limit_sec"":2.0,""profile"":""DEBUG"",""repeat"":0,""seed"":11002325,""verify_after"":true,""verify_each_iteration"":true}",,0.310311,smoke10,,,False,algorithm-smoke-20261005-complete,smoke / development validation,False,False,0,0,False,True,2.70624317322404,88c683f46e83540a43aaab82d355020b429b6a26,5.0,True,486.3097711262326,att48-5196644df6,att48,1802.382269308745,not-applicable,0.0,25,CERTIFIED_BOUND,11,False,0,11,5,11,minsum,1802.382269308745,FEASIBLE,3034.4057084750166,18.046875,2.0,1.0,CERTIFIED_BOUND,0,auto,runs/run_20261005T010717Z__shifting__minsum__att48-5196644df6__r00__7bd354551f49/result/result.json,run_20261005T010717Z__shifting__minsum__att48-5196644df6__r00__7bd354551f49,f9dc9d7c831ae850e7cbb32178c1abd4884ede38e7e077ed1cb3beda73083a7c,COMPLETED,3,42,shifting,0.00040954100000000003,runs/run_20261005T010717Z__shifting__minsum__att48-5196644df6__r00__7bd354551f49/result/solution.json,0.155569542,shifting,0.155569542,1,2.0,False,False,0.16535266599999998,runs/run_20261005T010717Z__shifting__minsum__att48-5196644df6__r00__7bd354551f49/result/trace.csv,runs/run_20261005T010717Z__shifting__minsum__att48-5196644df6__r00__7bd354551f49/result/trace.jsonl,1802.382269308745,CERTIFIED_CONTINUOUS,0.009356875,True,True,True,0.16535266599999998,0.18065304100000001
branch-and-bound,1,exact_reference,branch-and-bound,CERTIFIED,Release,325,3.0274222781971964,4318.091400442408,Apple LLVM 17.0.0 (clang-1700.6.3.2),"{""algorithm"":""branch-and-bound"",""cache_policy"":""auto"",""global_time_limit_sec"":10.0,""handovers_enabled"":true,""minsum_refinement_policy"":""CERTIFIED_BOUND"",""objective"":""minmax"",""per_static_time_limit_sec"":2.0,""profile"":""DEBUG"",""repeat"":0,""seed"":4189032685,""verify_after"":true,""verify_each_iteration"":true}",,0.015922,smoke10,,,True,algorithm-smoke-20261005-complete,smoke / development validation,False,False,0,0,False,True,3.0274222781971964,88c683f46e83540a43aaab82d355020b429b6a26,10.0,True,0.0,berlin52-6ce5d7089a,berlin52,4320.063014199138,not-applicable,4318.091400442408,25,HEURISTIC_ADAPTIVE,13,False,0,2,1,2,minmax,17390.777505433485,FEASIBLE,17390.777505433485,17.984375,2.0,1.0,HEURISTIC_ADAPTIVE,0,auto,runs/run_20261005T010717Z__branch-and-bound__minmax__berlin52-6ce5d7089a__r00__d99f6041aeb4/result/result.json,run_20261005T010717Z__branch-and-bound__minmax__berlin52-6ce5d7089a__r00__d99f6041aeb4,2011f52c631874cc9856f4cb473f71395f157845b67835195f5b8b96732cce6e,COMPLETED,3,42,branch-and-bound,0.000740876,runs/run_20261005T010717Z__branch-and-bound__minmax__berlin52-6ce5d7089a__r00__d99f6041aeb4/result/solution.json,0.012063958999999999,branch-and-bound,0.012063958999999999,1,2.0,False,False,0.016400542,runs/run_20261005T010717Z__branch-and-bound__minmax__berlin52-6ce5d7089a__r00__d99f6041aeb4/result/trace.csv,runs/run_20261005T010717Z__branch-and-bound__minmax__berlin52-6ce5d7089a__r00__d99f6041aeb4/result/trace.jsonl,17390.777505433485,CERTIFIED_CONTINUOUS,0.003572834,True,True,True,0.016400542,0.03167166600000004
genetic,1,heuristic,genetic,CERTIFIED,Release,325,,1934.1412413159692,Apple LLVM 17.0.0 (clang-1700.6.3.2),"{""algorithm"":""genetic"",""cache_policy"":""auto"",""global_time_limit_sec"":5.0,""handovers_enabled"":true,""minsum_refinement_policy"":""CERTIFIED_BOUND"",""objective"":""minmax"",""per_static_time_limit_sec"":2.0,""profile"":""DEBUG"",""repeat"":0,""seed"":1272172053,""verify_after"":true,""verify_each_iteration"":true}",,0.040037,smoke10,,,False,algorithm-smoke-20261005-complete,smoke / development validation,False,False,0,0,False,True,7.303502482073904,88c683f46e83540a43aaab82d355020b429b6a26,5.0,True,0.0,berlin52-6ce5d7089a,berlin52,5157.378372791387,not-applicable,1934.1412413159692,25,HEURISTIC_ADAPTIVE,13,False,0,2,1,2,minmax,16060.146597948651,FEASIBLE,16060.146597948651,17.40625,2.0,1.0,HEURISTIC_ADAPTIVE,0,auto,runs/run_20261005T010717Z__genetic__minmax__berlin52-6ce5d7089a__r00__0ef72cbf85e7/result/result.json,run_20261005T010717Z__genetic__minmax__berlin52-6ce5d7089a__r00__0ef72cbf85e7,7a07e9e72613e09738a3ee973904f44ba742737961f96e7b3abc93f3c245bcf8,COMPLETED,3,42,genetic,0.000424,runs/run_20261005T010717Z__genetic__minmax__berlin52-6ce5d7089a__r00__0ef72cbf85e7/result/solution.json,0.040176790999999996,genetic,0.040176790999999996,1,2.0,False,False,0.042681042,runs/run_20261005T010717Z__genetic__minmax__berlin52-6ce5d7089a__r00__0ef72cbf85e7/result/trace.csv,runs/run_20261005T010717Z__genetic__minmax__berlin52-6ce5d7089a__r00__0ef72cbf85e7/result/trace.jsonl,16060.146597948651,CERTIFIED_CONTINUOUS,0.002061709,True,True,True,0.042681042,0.05680920900000008
greedy,1,heuristic,greedy,CERTIFIED,Release,325,,1934.1412413159694,Apple LLVM 17.0.0 (clang-1700.6.3.2),"{""algorithm"":""greedy"",""cache_policy"":""auto"",""global_time_limit_sec"":5.0,""handovers_enabled"":true,""minsum_refinement_policy"":""CERTIFIED_BOUND"",""objective"":""minmax"",""per_static_time_limit_sec"":2.0,""profile"":""DEBUG"",""repeat"":0,""seed"":20054924,""verify_after"":true,""verify_each_iteration"":true}",,0.00724,smoke10,,,False,algorithm-smoke-20261005-complete,smoke / development validation,False,False,0,0,False,True,7.630722559293983,88c683f46e83540a43aaab82d355020b429b6a26,5.0,True,0.0,berlin52-6ce5d7089a,berlin52,4654.332184711012,not-applicable,1934.1412413159694,25,HEURISTIC_ADAPTIVE,13,False,0,2,1,2,minmax,16693.036444286605,FEASIBLE,16693.036444286605,17.34375,2.0,1.0,HEURISTIC_ADAPTIVE,0,auto,runs/run_20261005T010717Z__greedy__minmax__berlin52-6ce5d7089a__r00__7f6e03072cc8/result/result.json,run_20261005T010717Z__greedy__minmax__berlin52-6ce5d7089a__r00__7f6e03072cc8,5fe4cb1b1148f3f3bd64c976055ffc7aa60330a71896f1cdeb0e63bc90fd60da,COMPLETED,3,42,greedy,0.00058675,runs/run_20261005T010717Z__greedy__minmax__berlin52-6ce5d7089a__r00__7f6e03072cc8/result/solution.json,0.0024389159999999997,greedy,0.0024389159999999997,1,2.0,False,False,0.007170791,runs/run_20261005T010717Z__greedy__minmax__berlin52-6ce5d7089a__r00__7f6e03072cc8/result/trace.csv,runs/run_20261005T010717Z__greedy__minmax__berlin52-6ce5d7089a__r00__7f6e03072cc8/result/trace.jsonl,16693.036444286605,CERTIFIED_CONTINUOUS,0.004123125,True,True,True,0.007170791,0.030149750000000086
local-search,1,heuristic,local-search,CERTIFIED,Release,325,,1934.1412413159692,Apple LLVM 17.0.0 (clang-1700.6.3.2),"{""algorithm"":""local-search"",""cache_policy"":""auto"",""global_time_limit_sec"":5.0,""handovers_enabled"":true,""minsum_refinement_policy"":""CERTIFIED_BOUND"",""objective"":""minmax"",""per_static_time_limit_sec"":2.0,""profile"":""DEBUG"",""repeat"":0,""seed"":973860074,""verify_after"":true,""verify_each_iteration"":true}",,0.00465,smoke10,,,False,algorithm-smoke-20261005-complete,smoke / development validation,False,False,0,0,False,True,7.303502482073904,88c683f46e83540a43aaab82d355020b429b6a26,5.0,True,0.0,berlin52-6ce5d7089a,berlin52,5157.378372791387,not-applicable,1934.1412413159692,25,HEURISTIC_ADAPTIVE,13,False,0,2,1,2,minmax,16060.146597948651,FEASIBLE,16060.146597948651,17.390625,2.0,1.0,HEURISTIC_ADAPTIVE,0,auto,runs/run_20261005T010717Z__local-search__minmax__berlin52-6ce5d7089a__r00__47f65c4850ba/result/result.json,run_20261005T010717Z__local-search__minmax__berlin52-6ce5d7089a__r00__47f65c4850ba,dffe050f7246a673ac108e51be00a705db1f28e6ea4fbcc8342e64ded48fc12e,COMPLETED,3,42,local-search,0.000391792,runs/run_20261005T010717Z__local-search__minmax__berlin52-6ce5d7089a__r00__47f65c4850ba/result/solution.json,0.0018864170000000003,local-search,0.0018864170000000003,1,2.0,False,False,0.004438915999999999,runs/run_20261005T010717Z__local-search__minmax__berlin52-6ce5d7089a__r00__47f65c4850ba/result/trace.csv,runs/run_20261005T010717Z__local-search__minmax__berlin52-6ce5d7089a__r00__47f65c4850ba/result/trace.jsonl,16060.146597948651,CERTIFIED_CONTINUOUS,0.002137333,True,True,True,0.004438915999999999,0.018726124999999927
lp-rounding,1,heuristic,lp-rounding,CERTIFIED,Release,325,,4322.215806631677,Apple LLVM 17.0.0 (clang-1700.6.3.2),"{""algorithm"":""lp-rounding"",""cache_policy"":""auto"",""global_time_limit_sec"":5.0,""handovers_enabled"":true,""minsum_refinement_policy"":""CERTIFIED_BOUND"",""objective"":""minmax"",""per_static_time_limit_sec"":2.0,""profile"":""DEBUG"",""repeat"":0,""seed"":4035454989,""verify_after"":true,""verify_each_iteration"":true}",,0.008257,smoke10,,,False,algorithm-smoke-20261005-complete,smoke / development validation,False,False,0,2,False,True,3.02357917407789,88c683f46e83540a43aaab82d355020b429b6a26,5.0,True,0.0,berlin52-6ce5d7089a,berlin52,4320.063014199138,not-applicable,4322.215806631677,25,HEURISTIC_ADAPTIVE,13,False,0,2,1,2,minmax,17390.777505433485,FEASIBLE,17390.777505433485,19.75,2.0,1.0,HEURISTIC_ADAPTIVE,0,auto,runs/run_20261005T010717Z__lp-rounding__minmax__berlin52-6ce5d7089a__r00__9a13e6cf3c96/result/result.json,run_20261005T010717Z__lp-rounding__minmax__berlin52-6ce5d7089a__r00__9a13e6cf3c96,f483b829717515c15244548349d15e98e6f30b0537eda88e42a2427969b5254d,COMPLETED,3,42,lp-rounding,0.000415332,runs/run_20261005T010717Z__lp-rounding__minmax__berlin52-6ce5d7089a__r00__9a13e6cf3c96/result/solution.json,0.005230167,lp-rounding,0.005230167,1,2.0,False,False,0.007932166000000001,runs/run_20261005T010717Z__lp-rounding__minmax__berlin52-6ce5d7089a__r00__9a13e6cf3c96/result/trace.csv,runs/run_20261005T010717Z__lp-rounding__minmax__berlin52-6ce5d7089a__r00__9a13e6cf3c96/result/trace.jsonl,17390.777505433485,CERTIFIED_CONTINUOUS,0.002267,True,True,True,0.007932166000000001,0.02125749999999993
nn,1,heuristic,nn,CERTIFIED,Release,325,,0.0,Apple LLVM 17.0.0 (clang-1700.6.3.2),"{""algorithm"":""nn"",""cache_policy"":""auto"",""global_time_limit_sec"":5.0,""handovers_enabled"":true,""minsum_refinement_policy"":""CERTIFIED_BOUND"",""objective"":""minmax"",""per_static_time_limit_sec"":2.0,""profile"":""DEBUG"",""repeat"":0,""seed"":1780566336,""verify_after"":true,""verify_each_iteration"":true}",,0.006733,smoke10,,,False,algorithm-smoke-20261005-complete,smoke / development validation,False,False,0,0,False,True,16543.41520374906,88c683f46e83540a43aaab82d355020b429b6a26,5.0,True,0.0,berlin52-6ce5d7089a,berlin52,5007.496892206946,not-applicable,0.0,25,HEURISTIC_ADAPTIVE,13,False,0,2,1,2,minmax,16543.41520374906,FEASIBLE,16543.41520374906,17.453125,2.0,1.0,HEURISTIC_ADAPTIVE,0,auto,runs/run_20261005T010717Z__nn__minmax__berlin52-6ce5d7089a__r00__22d41ac68e34/result/result.json,run_20261005T010717Z__nn__minmax__berlin52-6ce5d7089a__r00__22d41ac68e34,f5326479ab8d2672341bb3547225769d8ebf37b9f8f6ee9bb67a8cdf45f127be,COMPLETED,3,42,nn,0.000479875,runs/run_20261005T010717Z__nn__minmax__berlin52-6ce5d7089a__r00__22d41ac68e34/result/solution.json,0.002184583,nn,0.002184583,1,2.0,False,False,0.006578,runs/run_20261005T010717Z__nn__minmax__berlin52-6ce5d7089a__r00__22d41ac68e34/result/trace.csv,runs/run_20261005T010717Z__nn__minmax__berlin52-6ce5d7089a__r00__22d41ac68e34/result/trace.jsonl,16543.41520374906,CERTIFIED_CONTINUOUS,0.003892334,True,True,True,0.006578,0.021062625000000113
primal-dual,1,heuristic,primal-dual,CERTIFIED,Release,325,,0.0,Apple LLVM 17.0.0 (clang-1700.6.3.2),"{""algorithm"":""primal-dual"",""cache_policy"":""auto"",""global_time_limit_sec"":5.0,""handovers_enabled"":true,""minsum_refinement_policy"":""CERTIFIED_BOUND"",""objective"":""minmax"",""per_static_time_limit_sec"":2.0,""profile"":""DEBUG"",""repeat"":0,""seed"":3096801188,""verify_after"":true,""verify_each_iteration"":true}",,0.004906,smoke10,,,False,algorithm-smoke-20261005-complete,smoke / development validation,False,False,0,0,False,True,99.58947935194719,88c683f46e83540a43aaab82d355020b429b6a26,5.0,True,172.88863226526718,berlin52-6ce5d7089a,berlin52,4320.063014199138,not-applicable,0.0,25,HEURISTIC_ADAPTIVE,13,False,0,2,1,2,minmax,17390.777505433485,FEASIBLE,17390.777505433485,17.453125,2.0,1.0,HEURISTIC_ADAPTIVE,0,auto,runs/run_20261005T010717Z__primal-dual__minmax__berlin52-6ce5d7089a__r00__ea946355810b/result/result.json,run_20261005T010717Z__primal-dual__minmax__berlin52-6ce5d7089a__r00__ea946355810b,0781d379bda5ba5a801d8415537593be779c60cbb9e42ec26762dbefad4d0ac5,COMPLETED,3,42,primal-dual,0.00041825,runs/run_20261005T010717Z__primal-dual__minmax__berlin52-6ce5d7089a__r00__ea946355810b/result/solution.json,0.002072666,primal-dual,0.002072666,1,2.0,False,False,0.004631584,runs/run_20261005T010717Z__primal-dual__minmax__berlin52-6ce5d7089a__r00__ea946355810b/result/trace.csv,runs/run_20261005T010717Z__primal-dual__minmax__berlin52-6ce5d7089a__r00__ea946355810b/result/trace.jsonl,17390.777505433485,CERTIFIED_CONTINUOUS,0.002122376,True,True,True,0.004631584,0.018676707999999875
sa,1,heuristic,sa,CERTIFIED,Release,325,,1813.4202839588438,Apple LLVM 17.0.0 (clang-1700.6.3.2),"{""algorithm"":""sa"",""cache_policy"":""auto"",""global_time_limit_sec"":5.0,""handovers_enabled"":true,""minsum_refinement_policy"":""CERTIFIED_BOUND"",""objective"":""minmax"",""per_static_time_limit_sec"":2.0,""profile"":""DEBUG"",""repeat"":0,""seed"":1909359164,""verify_after"":true,""verify_each_iteration"":true}",,0.014183,smoke10,,,False,algorithm-smoke-20261005-complete,smoke / development validation,False,False,0,0,False,True,8.590042451421137,88c683f46e83540a43aaab82d355020b429b6a26,5.0,True,0.0,berlin52-6ce5d7089a,berlin52,4320.063014199138,not-applicable,1813.4202839588438,25,HEURISTIC_ADAPTIVE,13,False,0,2,1,2,minmax,17390.777505433485,FEASIBLE,17390.777505433485,17.390625,2.0,1.0,HEURISTIC_ADAPTIVE,0,auto,runs/run_20261005T010717Z__sa__minmax__berlin52-6ce5d7089a__r00__bc31f4493905/result/result.json,run_20261005T010717Z__sa__minmax__berlin52-6ce5d7089a__r00__bc31f4493905,67f924ca169bb844a07512a0e8e63d58f615c0f5c6aaeb4c5e67cacf12d67f9a,COMPLETED,3,42,sa,0.000434542,runs/run_20261005T010717Z__sa__minmax__berlin52-6ce5d7089a__r00__bc31f4493905/result/solution.json,0.011315625999999999,sa,0.011315625999999999,1,2.0,False,False,0.013947709,runs/run_20261005T010717Z__sa__minmax__berlin52-6ce5d7089a__r00__bc31f4493905/result/trace.csv,runs/run_20261005T010717Z__sa__minmax__berlin52-6ce5d7089a__r00__bc31f4493905/result/trace.jsonl,17390.777505433485,CERTIFIED_CONTINUOUS,0.002179499,True,True,True,0.013947709,0.028847832999999934
shifting,1,heuristic,shifting,CERTIFIED,Release,325,,1934.1412413159692,Apple LLVM 17.0.0 (clang-1700.6.3.2),"{""algorithm"":""shifting"",""cache_policy"":""auto"",""global_time_limit_sec"":5.0,""handovers_enabled"":true,""minsum_refinement_policy"":""CERTIFIED_BOUND"",""objective"":""minmax"",""per_static_time_limit_sec"":2.0,""profile"":""DEBUG"",""repeat"":0,""seed"":2646462228,""verify_after"":true,""verify_each_iteration"":true}",,0.074144,smoke10,,,False,algorithm-smoke-20261005-complete,smoke / development validation,False,False,0,0,False,True,7.630722559293984,88c683f46e83540a43aaab82d355020b429b6a26,5.0,True,0.0,berlin52-6ce5d7089a,berlin52,5182.0902878094585,not-applicable,1934.1412413159692,25,HEURISTIC_ADAPTIVE,13,False,0,2,1,2,minmax,16693.036444286605,FEASIBLE,16693.036444286605,17.625,2.0,1.0,HEURISTIC_ADAPTIVE,0,auto,runs/run_20261005T010717Z__shifting__minmax__berlin52-6ce5d7089a__r00__c8724523af70/result/result.json,run_20261005T010717Z__shifting__minmax__berlin52-6ce5d7089a__r00__c8724523af70,a2eeba35f2c2b36fd3b0344aee97072a54f49d9ab0c26a4624d16cb2dc6d42f9,COMPLETED,3,42,shifting,0.00048004199999999997,runs/run_20261005T010717Z__shifting__minmax__berlin52-6ce5d7089a__r00__c8724523af70/result/solution.json,0.035956125,shifting,0.035956125,1,2.0,False,False,0.040018125,runs/run_20261005T010717Z__shifting__minmax__berlin52-6ce5d7089a__r00__c8724523af70/result/trace.csv,runs/run_20261005T010717Z__shifting__minmax__berlin52-6ce5d7089a__r00__c8724523af70/result/trace.jsonl,16693.036444286605,CERTIFIED_CONTINUOUS,0.003561458,True,True,True,0.040018125,0.05444604199999992
branch-and-bound,1,exact_reference,branch-and-bound,CERTIFIED,Release,325,,0.0,Apple LLVM 17.0.0 (clang-1700.6.3.2),"{""algorithm"":""branch-and-bound"",""cache_policy"":""auto"",""global_time_limit_sec"":10.0,""handovers_enabled"":true,""minsum_refinement_policy"":""CERTIFIED_BOUND"",""objective"":""minsum"",""per_static_time_limit_sec"":2.0,""profile"":""DEBUG"",""repeat"":0,""seed"":2196182222,""verify_after"":true,""verify_each_iteration"":true}",,0.074781,smoke10,,,True,algorithm-smoke-20261005-complete,smoke / development validation,False,False,0,0,False,True,0.0,88c683f46e83540a43aaab82d355020b429b6a26,10.0,True,2261.986014255355,berlin52-6ce5d7089a,berlin52,2261.986014255355,not-applicable,0.0,25,CERTIFIED_BOUND,13,False,0,11,6,11,minsum,2261.986014255355,FEASIBLE,4698.533680124574,18.625,2.0,1.0,CERTIFIED_BOUND,0,auto,runs/run_20261005T010717Z__branch-and-bound__minsum__berlin52-6ce5d7089a__r00__f8aaf50400f3/result/result.json,run_20261005T010717Z__branch-and-bound__minsum__berlin52-6ce5d7089a__r00__f8aaf50400f3,ab9e08ee384dad4ecee73c1568d336b4660dccbbf69ebdca1107e56858a7c99f,COMPLETED,3,42,branch-and-bound,0.000527125,runs/run_20261005T010717Z__branch-and-bound__minsum__berlin52-6ce5d7089a__r00__f8aaf50400f3/result/solution.json,0.05284512400000001,branch-and-bound,0.05284512400000001,1,2.0,False,False,0.073886958,runs/run_20261005T010717Z__branch-and-bound__minsum__berlin52-6ce5d7089a__r00__f8aaf50400f3/result/trace.csv,runs/run_20261005T010717Z__branch-and-bound__minsum__berlin52-6ce5d7089a__r00__f8aaf50400f3/result/trace.jsonl,2261.986014255355,CERTIFIED_CONTINUOUS,0.020495501,True,True,True,0.073886958,0.0885534160000001
genetic,1,heuristic,genetic,CERTIFIED,Release,325,,0.0,Apple LLVM 17.0.0 (clang-1700.6.3.2),"{""algorithm"":""genetic"",""cache_policy"":""auto"",""global_time_limit_sec"":5.0,""handovers_enabled"":true,""minsum_refinement_policy"":""CERTIFIED_BOUND"",""objective"":""minsum"",""per_static_time_limit_sec"":2.0,""profile"":""DEBUG"",""repeat"":0,""seed"":2543590182,""verify_after"":true,""verify_each_iteration"":true}",,0.314183,smoke10,,,False,algorithm-smoke-20261005-complete,smoke / development validation,False,False,0,0,False,True,1.1568510595241075,88c683f46e83540a43aaab82d355020b429b6a26,5.0,True,1095.6805450527495,berlin52-6ce5d7089a,berlin52,2363.2197444969743,not-applicable,0.0,25,CERTIFIED_BOUND,13,False,0,15,9,15,minsum,2363.2197444969743,FEASIBLE,4698.533680124574,17.78125,2.0,1.0,CERTIFIED_BOUND,0,auto,runs/run_20261005T010717Z__genetic__minsum__berlin52-6ce5d7089a__r00__2ecb41154337/result/result.json,run_20261005T010717Z__genetic__minsum__berlin52-6ce5d7089a__r00__2ecb41154337,0c94900588ddde07529028b12cc3b2b97fa099391f520ee8982470e7581fe0b5,COMPLETED,3,42,genetic,0.000492666,runs/run_20261005T010717Z__genetic__minsum__berlin52-6ce5d7089a__r00__2ecb41154337/result/solution.json,0.287506417,genetic,0.287506417,1,2.0,False,False,0.31575724899999996,runs/run_20261005T010717Z__genetic__minsum__berlin52-6ce5d7089a__r00__2ecb41154337/result/trace.csv,runs/run_20261005T010717Z__genetic__minsum__berlin52-6ce5d7089a__r00__2ecb41154337/result/trace.jsonl,2363.2197444969743,CERTIFIED_CONTINUOUS,0.027733999,True,True,True,0.31575724899999996,0.3306289170000001
greedy,1,heuristic,greedy,CERTIFIED,Release,325,,0.0,Apple LLVM 17.0.0 (clang-1700.6.3.2),"{""algorithm"":""greedy"",""cache_policy"":""auto"",""global_time_limit_sec"":5.0,""handovers_enabled"":true,""minsum_refinement_policy"":""CERTIFIED_BOUND"",""objective"":""minsum"",""per_static_time_limit_sec"":2.0,""profile"":""DEBUG"",""repeat"":0,""seed"":3414773871,""verify_after"":true,""verify_each_iteration"":true}",,0.052493,smoke10,,,False,algorithm-smoke-20261005-complete,smoke / development validation,False,False,0,0,False,True,2.620566316601362,88c683f46e83540a43aaab82d355020b429b6a26,5.0,True,1095.6805450527495,berlin52-6ce5d7089a,berlin52,3966.984075173406,not-applicable,0.0,25,CERTIFIED_BOUND,13,False,0,10,4,10,minsum,3966.984075173406,FEASIBLE,5518.4100439044605,17.65625,2.0,1.0,CERTIFIED_BOUND,0,auto,runs/run_20261005T010717Z__greedy__minsum__berlin52-6ce5d7089a__r00__cb47880e530f/result/result.json,run_20261005T010717Z__greedy__minsum__berlin52-6ce5d7089a__r00__cb47880e530f,6eee28d22c5e5a8b8c3fbf3d8b276c037cbbe69107cfb40b3ce44ca526d2b543,COMPLETED,3,42,greedy,0.000462999,runs/run_20261005T010717Z__greedy__minsum__berlin52-6ce5d7089a__r00__cb47880e530f/result/solution.json,0.03714779,greedy,0.03714779,1,2.0,False,False,0.052377624000000005,runs/run_20261005T010717Z__greedy__minsum__berlin52-6ce5d7089a__r00__cb47880e530f/result/trace.csv,runs/run_20261005T010717Z__greedy__minsum__berlin52-6ce5d7089a__r00__cb47880e530f/result/trace.jsonl,3966.984075173406,CERTIFIED_CONTINUOUS,0.014746918,True,True,True,0.052377624000000005,0.06676679199999991
local-search,1,heuristic,local-search,CERTIFIED,Release,325,,0.0,Apple LLVM 17.0.0 (clang-1700.6.3.2),"{""algorithm"":""local-search"",""cache_policy"":""auto"",""global_time_limit_sec"":5.0,""handovers_enabled"":true,""minsum_refinement_policy"":""CERTIFIED_BOUND"",""objective"":""minsum"",""per_static_time_limit_sec"":2.0,""profile"":""DEBUG"",""repeat"":0,""seed"":2013888169,""verify_after"":true,""verify_each_iteration"":true}",,0.057428,smoke10,,,False,algorithm-smoke-20261005-complete,smoke / development validation,False,False,0,0,False,True,1.1568510595241075,88c683f46e83540a43aaab82d355020b429b6a26,5.0,True,1095.6805450527495,berlin52-6ce5d7089a,berlin52,2363.2197444969743,not-applicable,0.0,25,CERTIFIED_BOUND,13,False,0,15,9,15,minsum,2363.2197444969743,FEASIBLE,4698.533680124574,17.671875,2.0,1.0,CERTIFIED_BOUND,0,auto,runs/run_20261005T010717Z__local-search__minsum__berlin52-6ce5d7089a__r00__266c83046abb/result/result.json,run_20261005T010717Z__local-search__minsum__berlin52-6ce5d7089a__r00__266c83046abb,dfd0e9e7729f69cf752a2ab837b29f5b2bbf1d96f46aae953cb9979c9de9e647,COMPLETED,3,42,local-search,0.000518583,runs/run_20261005T010717Z__local-search__minsum__berlin52-6ce5d7089a__r00__266c83046abb/result/solution.json,0.028358832,local-search,0.028358832,1,2.0,False,False,0.056551083,runs/run_20261005T010717Z__local-search__minsum__berlin52-6ce5d7089a__r00__266c83046abb/result/trace.csv,runs/run_20261005T010717Z__local-search__minsum__berlin52-6ce5d7089a__r00__266c83046abb/result/trace.jsonl,2363.2197444969743,CERTIFIED_CONTINUOUS,0.027646626,True,True,True,0.056551083,0.070825959
lp-rounding,1,heuristic,lp-rounding,CERTIFIED,Release,325,,0.0,Apple LLVM 17.0.0 (clang-1700.6.3.2),"{""algorithm"":""lp-rounding"",""cache_policy"":""auto"",""global_time_limit_sec"":5.0,""handovers_enabled"":true,""minsum_refinement_policy"":""CERTIFIED_BOUND"",""objective"":""minsum"",""per_static_time_limit_sec"":2.0,""profile"":""DEBUG"",""repeat"":0,""seed"":4273198062,""verify_after"":true,""verify_each_iteration"":true}",,0.070541,smoke10,,,False,algorithm-smoke-20261005-complete,smoke / development validation,False,False,0,11,False,True,0.0,88c683f46e83540a43aaab82d355020b429b6a26,5.0,True,2261.986014255355,berlin52-6ce5d7089a,berlin52,2261.986014255355,not-applicable,0.0,25,CERTIFIED_BOUND,13,False,0,11,6,11,minsum,2261.986014255355,FEASIBLE,4698.533680124574,20.109375,2.0,1.0,CERTIFIED_BOUND,0,auto,runs/run_20261005T010718Z__lp-rounding__minsum__berlin52-6ce5d7089a__r00__9e13462268e2/result/result.json,run_20261005T010718Z__lp-rounding__minsum__berlin52-6ce5d7089a__r00__9e13462268e2,d826f458dec0cc7ed777ea841ecc821ee11ebd65c795ba7da07ea55a3d81730c,COMPLETED,3,42,lp-rounding,0.000474876,runs/run_20261005T010718Z__lp-rounding__minsum__berlin52-6ce5d7089a__r00__9e13462268e2/result/solution.json,0.049128001000000004,lp-rounding,0.049128001000000004,1,2.0,False,False,0.070059709,runs/run_20261005T010718Z__lp-rounding__minsum__berlin52-6ce5d7089a__r00__9e13462268e2/result/trace.csv,runs/run_20261005T010718Z__lp-rounding__minsum__berlin52-6ce5d7089a__r00__9e13462268e2/result/trace.jsonl,2261.986014255355,CERTIFIED_CONTINUOUS,0.020431875000000002,True,True,True,0.070059709,0.084593417
nn,1,heuristic,nn,CERTIFIED,Release,325,,0.0,Apple LLVM 17.0.0 (clang-1700.6.3.2),"{""algorithm"":""nn"",""cache_policy"":""auto"",""global_time_limit_sec"":5.0,""handovers_enabled"":true,""minsum_refinement_policy"":""CERTIFIED_BOUND"",""objective"":""minsum"",""per_static_time_limit_sec"":2.0,""profile"":""DEBUG"",""repeat"":0,""seed"":203459051,""verify_after"":true,""verify_each_iteration"":true}",,0.033734,smoke10,,,False,algorithm-smoke-20261005-complete,smoke / development validation,False,False,0,0,False,True,2931.494918077598,88c683f46e83540a43aaab82d355020b429b6a26,5.0,True,0.0,berlin52-6ce5d7089a,berlin52,2931.494918077598,not-applicable,0.0,25,CERTIFIED_BOUND,13,False,0,12,6,12,minsum,2931.494918077598,FEASIBLE,5590.126919192313,17.609375,2.0,1.0,CERTIFIED_BOUND,0,auto,runs/run_20261005T010718Z__nn__minsum__berlin52-6ce5d7089a__r00__b5e1813cee9b/result/result.json,run_20261005T010718Z__nn__minsum__berlin52-6ce5d7089a__r00__b5e1813cee9b,70965e5ee8ce07c36e876943db043a69a1b6904634492ce727a2496d9ea0fed4,COMPLETED,3,42,nn,0.00047975100000000005,runs/run_20261005T010718Z__nn__minsum__berlin52-6ce5d7089a__r00__b5e1813cee9b/result/solution.json,0.018328251000000004,nn,0.018328251000000004,1,2.0,False,False,0.033897334,runs/run_20261005T010718Z__nn__minsum__berlin52-6ce5d7089a__r00__b5e1813cee9b/result/trace.csv,runs/run_20261005T010718Z__nn__minsum__berlin52-6ce5d7089a__r00__b5e1813cee9b/result/trace.jsonl,2931.494918077598,CERTIFIED_CONTINUOUS,0.015074748999999998,True,True,True,0.033897334,0.0478409580000001
primal-dual,1,heuristic,primal-dual,CERTIFIED,Release,325,,0.0,Apple LLVM 17.0.0 (clang-1700.6.3.2),"{""algorithm"":""primal-dual"",""cache_policy"":""auto"",""global_time_limit_sec"":5.0,""handovers_enabled"":true,""minsum_refinement_policy"":""CERTIFIED_BOUND"",""objective"":""minsum"",""per_static_time_limit_sec"":2.0,""profile"":""DEBUG"",""repeat"":0,""seed"":2166746519,""verify_after"":true,""verify_each_iteration"":true}",,0.039258,smoke10,,,False,algorithm-smoke-20261005-complete,smoke / development validation,False,False,0,0,False,True,26.779133039732972,88c683f46e83540a43aaab82d355020b429b6a26,5.0,True,91.4350690642628,berlin52-6ce5d7089a,berlin52,2539.986948033329,not-applicable,0.0,25,CERTIFIED_BOUND,13,False,0,13,7,13,minsum,2539.986948033329,FEASIBLE,4698.533680124574,17.65625,2.0,1.0,CERTIFIED_BOUND,0,auto,runs/run_20261005T010718Z__primal-dual__minsum__berlin52-6ce5d7089a__r00__dc6e60cc6b5c/result/result.json,run_20261005T010718Z__primal-dual__minsum__berlin52-6ce5d7089a__r00__dc6e60cc6b5c,f6b425d9cf54fc2c3137a80d9c52979d6991f7a3ccf23a7d66e89dc1461dae72,COMPLETED,3,42,primal-dual,0.00043679200000000003,runs/run_20261005T010718Z__primal-dual__minsum__berlin52-6ce5d7089a__r00__dc6e60cc6b5c/result/solution.json,0.021278709,primal-dual,0.021278709,1,2.0,False,False,0.038687,runs/run_20261005T010718Z__primal-dual__minsum__berlin52-6ce5d7089a__r00__dc6e60cc6b5c/result/trace.csv,runs/run_20261005T010718Z__primal-dual__minsum__berlin52-6ce5d7089a__r00__dc6e60cc6b5c/result/trace.jsonl,2539.986948033329,CERTIFIED_CONTINUOUS,0.016951624000000002,True,True,True,0.038687,0.0536897919999999
sa,1,heuristic,sa,CERTIFIED,Release,325,,0.0,Apple LLVM 17.0.0 (clang-1700.6.3.2),"{""algorithm"":""sa"",""cache_policy"":""auto"",""global_time_limit_sec"":5.0,""handovers_enabled"":true,""minsum_refinement_policy"":""CERTIFIED_BOUND"",""objective"":""minsum"",""per_static_time_limit_sec"":2.0,""profile"":""DEBUG"",""repeat"":0,""seed"":4158704127,""verify_after"":true,""verify_each_iteration"":true}",,0.149341,smoke10,,,False,algorithm-smoke-20261005-complete,smoke / development validation,False,False,0,0,False,True,1.0884342039908712,88c683f46e83540a43aaab82d355020b429b6a26,5.0,True,1095.6805450527495,berlin52-6ce5d7089a,berlin52,2288.2567269355227,not-applicable,0.0,25,CERTIFIED_BOUND,13,False,0,16,10,16,minsum,2288.2567269355227,FEASIBLE,4698.533680124574,17.828125,2.0,1.0,CERTIFIED_BOUND,0,auto,runs/run_20261005T010718Z__sa__minsum__berlin52-6ce5d7089a__r00__97adae38bf5a/result/result.json,run_20261005T010718Z__sa__minsum__berlin52-6ce5d7089a__r00__97adae38bf5a,8c14bd475cd36eb0bdbdcf7e486d16138ee11b4df082d37441586a616f62aceb,COMPLETED,3,42,sa,0.000519708,runs/run_20261005T010718Z__sa__minsum__berlin52-6ce5d7089a__r00__97adae38bf5a/result/solution.json,0.116898707,sa,0.116898707,1,2.0,False,False,0.149729166,runs/run_20261005T010718Z__sa__minsum__berlin52-6ce5d7089a__r00__97adae38bf5a/result/trace.csv,runs/run_20261005T010718Z__sa__minsum__berlin52-6ce5d7089a__r00__97adae38bf5a/result/trace.jsonl,2288.2567269355227,CERTIFIED_CONTINUOUS,0.032280876,True,True,True,0.149729166,0.16382624999999984
shifting,1,heuristic,shifting,CERTIFIED,Release,325,,0.0,Apple LLVM 17.0.0 (clang-1700.6.3.2),"{""algorithm"":""shifting"",""cache_policy"":""auto"",""global_time_limit_sec"":5.0,""handovers_enabled"":true,""minsum_refinement_policy"":""CERTIFIED_BOUND"",""objective"":""minsum"",""per_static_time_limit_sec"":2.0,""profile"":""DEBUG"",""repeat"":0,""seed"":2665139623,""verify_after"":true,""verify_each_iteration"":true}",,0.380036,smoke10,,,False,algorithm-smoke-20261005-complete,smoke / development validation,False,False,0,0,False,True,2.419838782309527,88c683f46e83540a43aaab82d355020b429b6a26,5.0,True,1100.0383216252378,berlin52-6ce5d7089a,berlin52,3761.9537143206694,not-applicable,0.0,25,CERTIFIED_BOUND,13,False,0,11,5,11,minsum,3761.9537143206694,FEASIBLE,5467.176131513508,18.1875,2.0,1.0,CERTIFIED_BOUND,0,auto,runs/run_20261005T010718Z__shifting__minsum__berlin52-6ce5d7089a__r00__b17d84552354/result/result.json,run_20261005T010718Z__shifting__minsum__berlin52-6ce5d7089a__r00__b17d84552354,45775495eeaee544d80d082aa8a5ad4202f4dc3c242179cb2a22c4ac0d8e87df,COMPLETED,3,42,shifting,0.00041554200000000003,runs/run_20261005T010718Z__shifting__minsum__berlin52-6ce5d7089a__r00__b17d84552354/result/solution.json,0.20857337399999998,shifting,0.20857337399999998,1,2.0,False,False,0.218846958,runs/run_20261005T010718Z__shifting__minsum__berlin52-6ce5d7089a__r00__b17d84552354/result/trace.csv,runs/run_20261005T010718Z__shifting__minsum__berlin52-6ce5d7089a__r00__b17d84552354/result/trace.jsonl,3761.9537143206694,CERTIFIED_CONTINUOUS,0.009839126,True,True,True,0.218846958,0.23435733300000017
branch-and-bound,1,exact_reference,branch-and-bound,CERTIFIED,Release,325,7.411764705882353,3204.570168941995,Apple LLVM 17.0.0 (clang-1700.6.3.2),"{""algorithm"":""branch-and-bound"",""cache_policy"":""auto"",""global_time_limit_sec"":10.0,""handovers_enabled"":true,""minsum_refinement_policy"":""CERTIFIED_BOUND"",""objective"":""minmax"",""per_static_time_limit_sec"":2.0,""profile"":""DEBUG"",""repeat"":0,""seed"":287619358,""verify_after"":true,""verify_each_iteration"":true}",,0.014997,smoke10,,,True,algorithm-smoke-20261005-complete,smoke / development validation,False,False,0,0,False,True,7.411764705882353,88c683f46e83540a43aaab82d355020b429b6a26,10.0,True,0.0,eil51-e956423838,eil51,11798.038797095796,not-applicable,3204.570168941995,25,HEURISTIC_ADAPTIVE,13,False,0,2,1,2,minmax,26956.090244629722,FEASIBLE,26956.090244629722,17.78125,2.0,1.0,HEURISTIC_ADAPTIVE,0,auto,runs/run_20261005T010718Z__branch-and-bound__minmax__eil51-e956423838__r00__e533bc7e86f2/result/result.json,run_20261005T010718Z__branch-and-bound__minmax__eil51-e956423838__r00__e533bc7e86f2,c8635ad3c2d03bf61e39f10777abac07480a4680f8f9510ac37420d61ab1780c,COMPLETED,3,42,branch-and-bound,0.00038125,runs/run_20261005T010718Z__branch-and-bound__minmax__eil51-e956423838__r00__e533bc7e86f2/result/solution.json,0.011479082,branch-and-bound,0.011479082,1,2.0,False,False,0.014775957999999999,runs/run_20261005T010718Z__branch-and-bound__minmax__eil51-e956423838__r00__e533bc7e86f2/result/trace.csv,runs/run_20261005T010718Z__branch-and-bound__minmax__eil51-e956423838__r00__e533bc7e86f2/result/trace.jsonl,26956.090244629722,CERTIFIED_CONTINUOUS,0.0028976260000000004,True,True,True,0.014775957999999999,0.028548999999999936
genetic,1,heuristic,genetic,CERTIFIED,Release,325,,728.3114020322719,Apple LLVM 17.0.0 (clang-1700.6.3.2),"{""algorithm"":""genetic"",""cache_policy"":""auto"",""global_time_limit_sec"":5.0,""handovers_enabled"":true,""minsum_refinement_policy"":""CERTIFIED_BOUND"",""objective"":""minmax"",""per_static_time_limit_sec"":2.0,""profile"":""DEBUG"",""repeat"":0,""seed"":176008848,""verify_after"":true,""verify_each_iteration"":true}",,0.039814,smoke10,,,False,algorithm-smoke-20261005-complete,smoke / development validation,False,False,0,0,False,True,36.011764705882335,88c683f46e83540a43aaab82d355020b429b6a26,5.0,True,0.0,eil51-e956423838,eil51,10951.35475079874,not-applicable,728.3114020322719,25,HEURISTIC_ADAPTIVE,13,False,0,2,1,2,minmax,26956.090244629722,FEASIBLE,26956.090244629722,17.515625,2.0,1.0,HEURISTIC_ADAPTIVE,0,auto,runs/run_20261005T010718Z__genetic__minmax__eil51-e956423838__r00__97fa61dc8d9b/result/result.json,run_20261005T010718Z__genetic__minmax__eil51-e956423838__r00__97fa61dc8d9b,4e3b6783d726e66bfaf3013b148710e8f34ebe418c2c7101fa7445072431fb32,COMPLETED,3,42,genetic,0.00045929200000000003,runs/run_20261005T010718Z__genetic__minmax__eil51-e956423838__r00__97fa61dc8d9b/result/solution.json,0.036371584,genetic,0.036371584,1,2.0,False,False,0.039614125,runs/run_20261005T010718Z__genetic__minmax__eil51-e956423838__r00__97fa61dc8d9b/result/trace.csv,runs/run_20261005T010718Z__genetic__minmax__eil51-e956423838__r00__97fa61dc8d9b/result/trace.jsonl,26956.090244629722,CERTIFIED_CONTINUOUS,0.002762583,True,True,True,0.039614125,0.053788167
greedy,1,heuristic,greedy,CERTIFIED,Release,325,,728.3114020322719,Apple LLVM 17.0.0 (clang-1700.6.3.2),"{""algorithm"":""greedy"",""cache_policy"":""auto"",""global_time_limit_sec"":5.0,""handovers_enabled"":true,""minsum_refinement_policy"":""CERTIFIED_BOUND"",""objective"":""minmax"",""per_static_time_limit_sec"":2.0,""profile"":""DEBUG"",""repeat"":0,""seed"":45092783,""verify_after"":true,""verify_each_iteration"":true}",,0.00503,smoke10,,,False,algorithm-smoke-20261005-complete,smoke / development validation,False,False,0,0,False,True,36.011764705882335,88c683f46e83540a43aaab82d355020b429b6a26,5.0,True,0.0,eil51-e956423838,eil51,10118.558123564988,not-applicable,728.3114020322719,25,HEURISTIC_ADAPTIVE,13,False,0,2,1,2,minmax,26956.090244629722,FEASIBLE,26956.090244629722,17.4375,2.0,1.0,HEURISTIC_ADAPTIVE,0,auto,runs/run_20261005T010718Z__greedy__minmax__eil51-e956423838__r00__cee7a137bc78/result/result.json,run_20261005T010718Z__greedy__minmax__eil51-e956423838__r00__cee7a137bc78,c2d66cd4f6a2905f32096e81baa00b9fe9c89f450bc049ccbc13c72f4ffc78c3,COMPLETED,3,42,greedy,0.000567166,runs/run_20261005T010718Z__greedy__minmax__eil51-e956423838__r00__cee7a137bc78/result/solution.json,0.0018741250000000001,greedy,0.0018741250000000001,1,2.0,False,False,0.005035416,runs/run_20261005T010718Z__greedy__minmax__eil51-e956423838__r00__cee7a137bc78/result/trace.csv,runs/run_20261005T010718Z__greedy__minmax__eil51-e956423838__r00__cee7a137bc78/result/trace.jsonl,26956.090244629722,CERTIFIED_CONTINUOUS,0.002577083,True,True,True,0.005035416,0.01967395900000035
local-search,1,heuristic,local-search,CERTIFIED,Release,325,,728.3114020322719,Apple LLVM 17.0.0 (clang-1700.6.3.2),"{""algorithm"":""local-search"",""cache_policy"":""auto"",""global_time_limit_sec"":5.0,""handovers_enabled"":true,""minsum_refinement_policy"":""CERTIFIED_BOUND"",""objective"":""minmax"",""per_static_time_limit_sec"":2.0,""profile"":""DEBUG"",""repeat"":0,""seed"":1140324077,""verify_after"":true,""verify_each_iteration"":true}",,0.005896,smoke10,,,False,algorithm-smoke-20261005-complete,smoke / development validation,False,False,0,0,False,True,36.011764705882335,88c683f46e83540a43aaab82d355020b429b6a26,5.0,True,0.0,eil51-e956423838,eil51,10951.35475079874,not-applicable,728.3114020322719,25,HEURISTIC_ADAPTIVE,13,False,0,2,1,2,minmax,26956.090244629722,FEASIBLE,26956.090244629722,17.359375,2.0,1.0,HEURISTIC_ADAPTIVE,0,auto,runs/run_20261005T010718Z__local-search__minmax__eil51-e956423838__r00__0d4fa7bbd379/result/result.json,run_20261005T010718Z__local-search__minmax__eil51-e956423838__r00__0d4fa7bbd379,eb48902bfe26a03e2311b51f14fe92e94e6365c744a0715ea69c243567b6f854,COMPLETED,3,42,local-search,0.00038329300000000005,runs/run_20261005T010718Z__local-search__minmax__eil51-e956423838__r00__0d4fa7bbd379/result/solution.json,0.0021403330000000003,local-search,0.0021403330000000003,1,2.0,False,False,0.005778292,runs/run_20261005T010718Z__local-search__minmax__eil51-e956423838__r00__0d4fa7bbd379/result/trace.csv,runs/run_20261005T010718Z__local-search__minmax__eil51-e956423838__r00__0d4fa7bbd379/result/trace.jsonl,26956.090244629722,CERTIFIED_CONTINUOUS,0.0032328749999999996,True,True,True,0.005778292,0.019877208000000035
lp-rounding,1,heuristic,lp-rounding,CERTIFIED,Release,325,,3196.0017995063226,Apple LLVM 17.0.0 (clang-1700.6.3.2),"{""algorithm"":""lp-rounding"",""cache_policy"":""auto"",""global_time_limit_sec"":5.0,""handovers_enabled"":true,""minsum_refinement_policy"":""CERTIFIED_BOUND"",""objective"":""minmax"",""per_static_time_limit_sec"":2.0,""profile"":""DEBUG"",""repeat"":0,""seed"":235120736,""verify_after"":true,""verify_each_iteration"":true}",,0.011865,smoke10,,,False,algorithm-smoke-20261005-complete,smoke / development validation,False,False,0,2,False,True,7.434316353887396,88c683f46e83540a43aaab82d355020b429b6a26,5.0,True,0.0,eil51-e956423838,eil51,11798.038797095796,not-applicable,3196.0017995063226,25,HEURISTIC_ADAPTIVE,13,False,0,2,1,2,minmax,26956.090244629722,FEASIBLE,26956.090244629722,19.890625,2.0,1.0,HEURISTIC_ADAPTIVE,0,auto,runs/run_20261005T010718Z__lp-rounding__minmax__eil51-e956423838__r00__81f5155900af/result/result.json,run_20261005T010718Z__lp-rounding__minmax__eil51-e956423838__r00__81f5155900af,4bc814b0bab4f08c8710a83650f80b4d0950fbd0a9dbef2825cbd992f0fd2a6c,COMPLETED,3,42,lp-rounding,0.000920541,runs/run_20261005T010718Z__lp-rounding__minmax__eil51-e956423838__r00__81f5155900af/result/solution.json,0.008467,lp-rounding,0.008467,1,2.0,False,False,0.014219833,runs/run_20261005T010718Z__lp-rounding__minmax__eil51-e956423838__r00__81f5155900af/result/trace.csv,runs/run_20261005T010718Z__lp-rounding__minmax__eil51-e956423838__r00__81f5155900af/result/trace.jsonl,26956.090244629722,CERTIFIED_CONTINUOUS,0.004807333,True,True,True,0.014219833,0.029991792000000128
nn,1,heuristic,nn,CERTIFIED,Release,325,,0.0,Apple LLVM 17.0.0 (clang-1700.6.3.2),"{""algorithm"":""nn"",""cache_policy"":""auto"",""global_time_limit_sec"":5.0,""handovers_enabled"":true,""minsum_refinement_policy"":""CERTIFIED_BOUND"",""objective"":""minmax"",""per_static_time_limit_sec"":2.0,""profile"":""DEBUG"",""repeat"":0,""seed"":3434223059,""verify_after"":true,""verify_each_iteration"":true}",,0.004521,smoke10,,,False,algorithm-smoke-20261005-complete,smoke / development validation,False,False,0,0,False,True,51710.10954429128,88c683f46e83540a43aaab82d355020b429b6a26,5.0,True,0.0,eil51-e956423838,eil51,16669.998585102316,not-applicable,0.0,25,HEURISTIC_ADAPTIVE,13,False,0,2,1,2,minmax,51710.10954429128,FEASIBLE,51710.10954429128,17.28125,2.0,1.0,HEURISTIC_ADAPTIVE,0,auto,runs/run_20261005T010718Z__nn__minmax__eil51-e956423838__r00__ca6b74c99f95/result/result.json,run_20261005T010718Z__nn__minmax__eil51-e956423838__r00__ca6b74c99f95,482b2cbfda212b3163dd7c2f8db77e4f83b0d7b39e60170ff5aebd20da71e1b5,COMPLETED,3,42,nn,0.000582291,runs/run_20261005T010718Z__nn__minmax__eil51-e956423838__r00__ca6b74c99f95/result/solution.json,0.001033375,nn,0.001033375,1,2.0,False,False,0.004302,runs/run_20261005T010718Z__nn__minmax__eil51-e956423838__r00__ca6b74c99f95/result/trace.csv,runs/run_20261005T010718Z__nn__minmax__eil51-e956423838__r00__ca6b74c99f95/result/trace.jsonl,51710.10954429128,CERTIFIED_CONTINUOUS,0.002668333,True,True,True,0.004302,0.020520249999999685
primal-dual,1,heuristic,primal-dual,CERTIFIED,Release,325,,0.0,Apple LLVM 17.0.0 (clang-1700.6.3.2),"{""algorithm"":""primal-dual"",""cache_policy"":""auto"",""global_time_limit_sec"":5.0,""handovers_enabled"":true,""minsum_refinement_policy"":""CERTIFIED_BOUND"",""objective"":""minmax"",""per_static_time_limit_sec"":2.0,""profile"":""DEBUG"",""repeat"":0,""seed"":2681172733,""verify_after"":true,""verify_each_iteration"":true}",,0.006436,smoke10,,,False,algorithm-smoke-20261005-complete,smoke / development validation,False,False,0,0,False,True,212.72282608695653,88c683f46e83540a43aaab82d355020b429b6a26,5.0,True,126.12639809311808,eil51-e956423838,eil51,10328.669209123076,not-applicable,0.0,25,HEURISTIC_ADAPTIVE,13,False,0,2,1,2,minmax,26956.090244629722,FEASIBLE,26956.090244629722,17.40625,2.0,1.0,HEURISTIC_ADAPTIVE,0,auto,runs/run_20261005T010718Z__primal-dual__minmax__eil51-e956423838__r00__3727e203c255/result/result.json,run_20261005T010718Z__primal-dual__minmax__eil51-e956423838__r00__3727e203c255,a2397c3a0a8e1e63e554fb6b84d9abd4d9e312ef270511f7a5e95e455bb08f5b,COMPLETED,3,42,primal-dual,0.000555791,runs/run_20261005T010718Z__primal-dual__minmax__eil51-e956423838__r00__3727e203c255/result/solution.json,0.002405208,primal-dual,0.002405208,1,2.0,False,False,0.006064623999999999,runs/run_20261005T010718Z__primal-dual__minmax__eil51-e956423838__r00__3727e203c255/result/trace.csv,runs/run_20261005T010718Z__primal-dual__minmax__eil51-e956423838__r00__3727e203c255/result/trace.jsonl,26956.090244629722,CERTIFIED_CONTINUOUS,0.003080251,True,True,True,0.006064623999999999,0.024259124999999937
sa,1,heuristic,sa,CERTIFIED,Release,325,,728.3114020322719,Apple LLVM 17.0.0 (clang-1700.6.3.2),"{""algorithm"":""sa"",""cache_policy"":""auto"",""global_time_limit_sec"":5.0,""handovers_enabled"":true,""minsum_refinement_policy"":""CERTIFIED_BOUND"",""objective"":""minmax"",""per_static_time_limit_sec"":2.0,""profile"":""DEBUG"",""repeat"":0,""seed"":241167483,""verify_after"":true,""verify_each_iteration"":true}",,0.015249,smoke10,,,False,algorithm-smoke-20261005-complete,smoke / development validation,False,False,0,0,False,True,36.011764705882335,88c683f46e83540a43aaab82d355020b429b6a26,5.0,True,0.0,eil51-e956423838,eil51,11798.038797095796,not-applicable,728.3114020322719,25,HEURISTIC_ADAPTIVE,13,False,0,2,1,2,minmax,26956.090244629722,FEASIBLE,26956.090244629722,17.34375,2.0,1.0,HEURISTIC_ADAPTIVE,0,auto,runs/run_20261005T010718Z__sa__minmax__eil51-e956423838__r00__3c760f12232c/result/result.json,run_20261005T010718Z__sa__minmax__eil51-e956423838__r00__3c760f12232c,ba8fb68d43bf65bd9c161d57a7274812094167fd95b76807c25ca170e9d28baf,COMPLETED,3,42,sa,0.00046699999999999997,runs/run_20261005T010718Z__sa__minmax__eil51-e956423838__r00__3c760f12232c/result/solution.json,0.011640208999999999,sa,0.011640208999999999,1,2.0,False,False,0.015023292,runs/run_20261005T010718Z__sa__minmax__eil51-e956423838__r00__3c760f12232c/result/trace.csv,runs/run_20261005T010718Z__sa__minmax__eil51-e956423838__r00__3c760f12232c/result/trace.jsonl,26956.090244629722,CERTIFIED_CONTINUOUS,0.002896999,True,True,True,0.015023292,0.02999266700000014
shifting,1,heuristic,shifting,CERTIFIED,Release,325,,728.3114020322719,Apple LLVM 17.0.0 (clang-1700.6.3.2),"{""algorithm"":""shifting"",""cache_policy"":""auto"",""global_time_limit_sec"":5.0,""handovers_enabled"":true,""minsum_refinement_policy"":""CERTIFIED_BOUND"",""objective"":""minmax"",""per_static_time_limit_sec"":2.0,""profile"":""DEBUG"",""repeat"":0,""seed"":2141038907,""verify_after"":true,""verify_each_iteration"":true}",,0.073993,smoke10,,,False,algorithm-smoke-20261005-complete,smoke / development validation,False,False,0,0,False,True,69.99999999999997,88c683f46e83540a43aaab82d355020b429b6a26,5.0,True,0.0,eil51-e956423838,eil51,16669.998585102316,not-applicable,728.3114020322719,25,HEURISTIC_ADAPTIVE,13,False,0,2,1,2,minmax,51710.10954429128,FEASIBLE,51710.10954429128,17.609375,2.0,1.0,HEURISTIC_ADAPTIVE,0,auto,runs/run_20261005T010718Z__shifting__minmax__eil51-e956423838__r00__7d45900602e6/result/result.json,run_20261005T010718Z__shifting__minmax__eil51-e956423838__r00__7d45900602e6,530143c0a04f51e1a2ee3a28d4782686f3ff6570e31950a8a02fd43b22de57f7,COMPLETED,3,42,shifting,0.000517334,runs/run_20261005T010718Z__shifting__minmax__eil51-e956423838__r00__7d45900602e6/result/solution.json,0.034872374,shifting,0.034872374,1,2.0,False,False,0.037945167,runs/run_20261005T010718Z__shifting__minmax__eil51-e956423838__r00__7d45900602e6/result/trace.csv,runs/run_20261005T010718Z__shifting__minmax__eil51-e956423838__r00__7d45900602e6/result/trace.jsonl,51710.10954429128,CERTIFIED_CONTINUOUS,0.002536917,True,True,True,0.037945167,0.05498700000000012
branch-and-bound,1,exact_reference,branch-and-bound,CERTIFIED,Release,325,,0.0,Apple LLVM 17.0.0 (clang-1700.6.3.2),"{""algorithm"":""branch-and-bound"",""cache_policy"":""auto"",""global_time_limit_sec"":10.0,""handovers_enabled"":true,""minsum_refinement_policy"":""CERTIFIED_BOUND"",""objective"":""minsum"",""per_static_time_limit_sec"":2.0,""profile"":""DEBUG"",""repeat"":0,""seed"":735227349,""verify_after"":true,""verify_each_iteration"":true}",,0.212712,smoke10,,,True,algorithm-smoke-20261005-complete,smoke / development validation,False,False,0,0,False,True,0.006343074829299518,88c683f46e83540a43aaab82d355020b429b6a26,10.0,True,1798.3534756982513,eil51-e956423838,eil51,1809.7605663641361,not-applicable,0.0,25,CERTIFIED_BOUND,13,False,0,15,10,15,minsum,1809.7605663641361,FEASIBLE,3354.516634066291,19.65625,2.0,1.0,CERTIFIED_BOUND,0,auto,runs/run_20261005T010718Z__branch-and-bound__minsum__eil51-e956423838__r00__32fdd8a72a60/result/result.json,run_20261005T010718Z__branch-and-bound__minsum__eil51-e956423838__r00__32fdd8a72a60,fb448b4905583e3cabdb531f342281b55fe5ceeb21c7edae5ae6bc2b451800ca,COMPLETED,3,42,branch-and-bound,0.0005700410000000001,runs/run_20261005T010718Z__branch-and-bound__minsum__eil51-e956423838__r00__32fdd8a72a60/result/solution.json,0.15589512499999997,branch-and-bound,0.15589512499999997,1,2.0,False,False,0.211747957,runs/run_20261005T010718Z__branch-and-bound__minsum__eil51-e956423838__r00__32fdd8a72a60/result/trace.csv,runs/run_20261005T010718Z__branch-and-bound__minsum__eil51-e956423838__r00__32fdd8a72a60/result/trace.jsonl,1809.7605663641361,CERTIFIED_CONTINUOUS,0.05526154100000001,True,True,True,0.211747957,0.22681541700000007
genetic,1,heuristic,genetic,CERTIFIED,Release,325,,0.0,Apple LLVM 17.0.0 (clang-1700.6.3.2),"{""algorithm"":""genetic"",""cache_policy"":""auto"",""global_time_limit_sec"":5.0,""handovers_enabled"":true,""minsum_refinement_policy"":""CERTIFIED_BOUND"",""objective"":""minsum"",""per_static_time_limit_sec"":2.0,""profile"":""DEBUG"",""repeat"":0,""seed"":1505423067,""verify_after"":true,""verify_each_iteration"":true}",,0.369633,smoke10,,,False,algorithm-smoke-20261005-complete,smoke / development validation,False,False,0,0,False,True,3.04478035349688,88c683f46e83540a43aaab82d355020b429b6a26,5.0,True,491.2940620108782,eil51-e956423838,eil51,1987.176569811278,not-applicable,0.0,25,CERTIFIED_BOUND,13,False,0,16,10,16,minsum,1987.176569811278,FEASIBLE,3474.4738061657335,17.921875,2.0,1.0,CERTIFIED_BOUND,0,auto,runs/run_20261005T010718Z__genetic__minsum__eil51-e956423838__r00__6d30dbc9c230/result/result.json,run_20261005T010718Z__genetic__minsum__eil51-e956423838__r00__6d30dbc9c230,add94755181acd7ab00ecb0fe2a12d67a3d2536f2b09590c7260c75c0c628423,COMPLETED,3,42,genetic,0.00040875,runs/run_20261005T010718Z__genetic__minsum__eil51-e956423838__r00__6d30dbc9c230/result/solution.json,0.330396665,genetic,0.330396665,1,2.0,False,False,0.3696055,runs/run_20261005T010718Z__genetic__minsum__eil51-e956423838__r00__6d30dbc9c230/result/trace.csv,runs/run_20261005T010718Z__genetic__minsum__eil51-e956423838__r00__6d30dbc9c230/result/trace.jsonl,1987.176569811278,CERTIFIED_CONTINUOUS,0.03877921,True,True,True,0.3696055,0.38548712500000004
greedy,1,heuristic,greedy,CERTIFIED,Release,325,,0.0,Apple LLVM 17.0.0 (clang-1700.6.3.2),"{""algorithm"":""greedy"",""cache_policy"":""auto"",""global_time_limit_sec"":5.0,""handovers_enabled"":true,""minsum_refinement_policy"":""CERTIFIED_BOUND"",""objective"":""minsum"",""per_static_time_limit_sec"":2.0,""profile"":""DEBUG"",""repeat"":0,""seed"":1843886476,""verify_after"":true,""verify_each_iteration"":true}",,0.129517,smoke10,,,False,algorithm-smoke-20261005-complete,smoke / development validation,False,False,0,0,False,True,2.7989386688872675,88c683f46e83540a43aaab82d355020b429b6a26,5.0,True,491.2940620108782,eil51-e956423838,eil51,1866.3960099678243,not-applicable,0.0,25,CERTIFIED_BOUND,13,False,0,18,12,18,minsum,1866.3960099678243,FEASIBLE,3354.516634066291,17.765625,2.0,1.0,CERTIFIED_BOUND,0,auto,runs/run_20261005T010718Z__greedy__minsum__eil51-e956423838__r00__9e7387b85599/result/result.json,run_20261005T010718Z__greedy__minsum__eil51-e956423838__r00__9e7387b85599,a126cd9dfec1419898fc1b49d57ae150c0febf9050b0c3394faea2c384f10e20,COMPLETED,3,42,greedy,0.000523625,runs/run_20261005T010718Z__greedy__minsum__eil51-e956423838__r00__9e7387b85599/result/solution.json,0.07795766400000001,greedy,0.07795766400000001,1,2.0,False,False,0.129078917,runs/run_20261005T010718Z__greedy__minsum__eil51-e956423838__r00__9e7387b85599/result/trace.csv,runs/run_20261005T010718Z__greedy__minsum__eil51-e956423838__r00__9e7387b85599/result/trace.jsonl,1866.3960099678243,CERTIFIED_CONTINUOUS,0.050572753,True,True,True,0.129078917,0.14345495799999997
local-search,1,heuristic,local-search,CERTIFIED,Release,325,,0.0,Apple LLVM 17.0.0 (clang-1700.6.3.2),"{""algorithm"":""local-search"",""cache_policy"":""auto"",""global_time_limit_sec"":5.0,""handovers_enabled"":true,""minsum_refinement_policy"":""CERTIFIED_BOUND"",""objective"":""minsum"",""per_static_time_limit_sec"":2.0,""profile"":""DEBUG"",""repeat"":0,""seed"":3442440910,""verify_after"":true,""verify_each_iteration"":true}",,0.101369,smoke10,,,False,algorithm-smoke-20261005-complete,smoke / development validation,False,False,0,0,False,True,3.035799760127026,88c683f46e83540a43aaab82d355020b429b6a26,5.0,True,491.2940620108782,eil51-e956423838,eil51,1982.7644576153345,not-applicable,0.0,25,CERTIFIED_BOUND,13,False,0,16,10,16,minsum,1982.7644576153345,FEASIBLE,3354.516634066291,17.796875,2.0,1.0,CERTIFIED_BOUND,0,auto,runs/run_20261005T010719Z__local-search__minsum__eil51-e956423838__r00__2bd3e1f541a5/result/result.json,run_20261005T010719Z__local-search__minsum__eil51-e956423838__r00__2bd3e1f541a5,fb4a39ff6a6c44894eb4ab9d9278c5498f13bf0a1f172036a8813d65614f5796,COMPLETED,3,42,local-search,0.0005955,runs/run_20261005T010719Z__local-search__minsum__eil51-e956423838__r00__2bd3e1f541a5/result/solution.json,0.06269170800000001,local-search,0.06269170800000001,1,2.0,False,False,0.102819625,runs/run_20261005T010719Z__local-search__minsum__eil51-e956423838__r00__2bd3e1f541a5/result/trace.csv,runs/run_20261005T010719Z__local-search__minsum__eil51-e956423838__r00__2bd3e1f541a5/result/trace.jsonl,1982.7644576153345,CERTIFIED_CONTINUOUS,0.03950808399999999,True,True,True,0.102819625,0.11651512499999983
lp-rounding,1,heuristic,lp-rounding,CERTIFIED,Release,325,,0.0,Apple LLVM 17.0.0 (clang-1700.6.3.2),"{""algorithm"":""lp-rounding"",""cache_policy"":""auto"",""global_time_limit_sec"":5.0,""handovers_enabled"":true,""minsum_refinement_policy"":""CERTIFIED_BOUND"",""objective"":""minsum"",""per_static_time_limit_sec"":2.0,""profile"":""DEBUG"",""repeat"":0,""seed"":1361941515,""verify_after"":true,""verify_each_iteration"":true}",,0.186676,smoke10,,,False,algorithm-smoke-20261005-complete,smoke / development validation,False,False,0,15,False,True,0.006792786850226548,88c683f46e83540a43aaab82d355020b429b6a26,5.0,True,1797.5501910636567,eil51-e956423838,eil51,1809.7605663641361,not-applicable,0.0,25,CERTIFIED_BOUND,13,False,0,15,10,15,minsum,1809.7605663641361,FEASIBLE,3354.516634066291,20.390625,2.0,1.0,CERTIFIED_BOUND,0,auto,runs/run_20261005T010719Z__lp-rounding__minsum__eil51-e956423838__r00__1767800f683d/result/result.json,run_20261005T010719Z__lp-rounding__minsum__eil51-e956423838__r00__1767800f683d,f4a6e477890e21bb5d2123d073e9bf610889c0099c9fcbe7c187e48d87d11007,COMPLETED,3,42,lp-rounding,0.000618334,runs/run_20261005T010719Z__lp-rounding__minsum__eil51-e956423838__r00__1767800f683d/result/solution.json,0.129832665,lp-rounding,0.129832665,1,2.0,False,False,0.186125542,runs/run_20261005T010719Z__lp-rounding__minsum__eil51-e956423838__r00__1767800f683d/result/trace.csv,runs/run_20261005T010719Z__lp-rounding__minsum__eil51-e956423838__r00__1767800f683d/result/trace.jsonl,1809.7605663641361,CERTIFIED_CONTINUOUS,0.05565129299999999,True,True,True,0.186125542,0.2020042080000004
nn,1,heuristic,nn,CERTIFIED,Release,325,,0.0,Apple LLVM 17.0.0 (clang-1700.6.3.2),"{""algorithm"":""nn"",""cache_policy"":""auto"",""global_time_limit_sec"":5.0,""handovers_enabled"":true,""minsum_refinement_policy"":""CERTIFIED_BOUND"",""objective"":""minsum"",""per_static_time_limit_sec"":2.0,""profile"":""DEBUG"",""repeat"":0,""seed"":3064547720,""verify_after"":true,""verify_each_iteration"":true}",,0.026119,smoke10,,,False,algorithm-smoke-20261005-complete,smoke / development validation,False,False,0,0,False,True,2212.1082887595603,88c683f46e83540a43aaab82d355020b429b6a26,5.0,True,0.0,eil51-e956423838,eil51,2212.1082887595603,not-applicable,0.0,25,CERTIFIED_BOUND,13,False,0,12,6,12,minsum,2212.1082887595603,FEASIBLE,4294.812054158343,17.46875,2.0,1.0,CERTIFIED_BOUND,0,auto,runs/run_20261005T010719Z__nn__minsum__eil51-e956423838__r00__dd6757e68806/result/result.json,run_20261005T010719Z__nn__minsum__eil51-e956423838__r00__dd6757e68806,424dff534e84691c5fc0abfeeec261cf1c822fabcbddf73483e3adf0d5aad5f3,COMPLETED,3,42,nn,0.000494541,runs/run_20261005T010719Z__nn__minsum__eil51-e956423838__r00__dd6757e68806/result/solution.json,0.01230425,nn,0.01230425,1,2.0,False,False,0.025835958,runs/run_20261005T010719Z__nn__minsum__eil51-e956423838__r00__dd6757e68806/result/trace.csv,runs/run_20261005T010719Z__nn__minsum__eil51-e956423838__r00__dd6757e68806/result/trace.jsonl,2212.1082887595603,CERTIFIED_CONTINUOUS,0.013017125,True,True,True,0.025835958,0.039701875
primal-dual,1,heuristic,primal-dual,CERTIFIED,Release,325,,0.0,Apple LLVM 17.0.0 (clang-1700.6.3.2),"{""algorithm"":""primal-dual"",""cache_policy"":""auto"",""global_time_limit_sec"":5.0,""handovers_enabled"":true,""minsum_refinement_policy"":""CERTIFIED_BOUND"",""objective"":""minsum"",""per_static_time_limit_sec"":2.0,""profile"":""DEBUG"",""repeat"":0,""seed"":1207167934,""verify_after"":true,""verify_each_iteration"":true}",,0.03832,smoke10,,,False,algorithm-smoke-20261005-complete,smoke / development validation,False,False,0,0,False,True,31.324417487357998,88c683f46e83540a43aaab82d355020b429b6a26,5.0,True,70.83141341254526,eil51-e956423838,eil51,2289.584178366762,not-applicable,0.0,25,CERTIFIED_BOUND,13,False,0,12,6,12,minsum,2289.584178366762,FEASIBLE,4198.501023480159,17.71875,2.0,1.0,CERTIFIED_BOUND,0,auto,runs/run_20261005T010719Z__primal-dual__minsum__eil51-e956423838__r00__cd4b9d83dbb6/result/result.json,run_20261005T010719Z__primal-dual__minsum__eil51-e956423838__r00__cd4b9d83dbb6,ad1246d0ac57aeb6efc2b5c4f258e855d9eabc71fa87346503dc38f9bcbe81b0,COMPLETED,3,42,primal-dual,0.00041225,runs/run_20261005T010719Z__primal-dual__minsum__eil51-e956423838__r00__cd4b9d83dbb6/result/solution.json,0.021732541,primal-dual,0.021732541,1,2.0,False,False,0.037863875,runs/run_20261005T010719Z__primal-dual__minsum__eil51-e956423838__r00__cd4b9d83dbb6/result/trace.csv,runs/run_20261005T010719Z__primal-dual__minsum__eil51-e956423838__r00__cd4b9d83dbb6/result/trace.jsonl,2289.584178366762,CERTIFIED_CONTINUOUS,0.015700334,True,True,True,0.037863875,0.05154966700000019
sa,1,heuristic,sa,CERTIFIED,Release,325,,0.0,Apple LLVM 17.0.0 (clang-1700.6.3.2),"{""algorithm"":""sa"",""cache_policy"":""auto"",""global_time_limit_sec"":5.0,""handovers_enabled"":true,""minsum_refinement_policy"":""CERTIFIED_BOUND"",""objective"":""minsum"",""per_static_time_limit_sec"":2.0,""profile"":""DEBUG"",""repeat"":0,""seed"":3656117408,""verify_after"":true,""verify_each_iteration"":true}",,0.430522,smoke10,,,False,algorithm-smoke-20261005-complete,smoke / development validation,False,False,0,0,False,True,2.6808580410781193,88c683f46e83540a43aaab82d355020b429b6a26,5.0,True,491.2940620108782,eil51-e956423838,eil51,1808.3836986866731,not-applicable,0.0,25,CERTIFIED_BOUND,13,False,0,25,19,25,minsum,1808.3836986866731,FEASIBLE,3230.2752772490203,18.0625,2.0,1.0,CERTIFIED_BOUND,0,auto,runs/run_20261005T010719Z__sa__minsum__eil51-e956423838__r00__0cfa900edb1f/result/result.json,run_20261005T010719Z__sa__minsum__eil51-e956423838__r00__0cfa900edb1f,a1c4c0566cd23db11e51daeeeb4dfd681ff2879d5d134883fa22313a36b53730,COMPLETED,3,42,sa,0.000556832,runs/run_20261005T010719Z__sa__minsum__eil51-e956423838__r00__0cfa900edb1f/result/solution.json,0.32079216499999996,sa,0.32079216499999996,1,2.0,False,False,0.432308874,runs/run_20261005T010719Z__sa__minsum__eil51-e956423838__r00__0cfa900edb1f/result/trace.csv,runs/run_20261005T010719Z__sa__minsum__eil51-e956423838__r00__0cfa900edb1f/result/trace.jsonl,1808.3836986866731,CERTIFIED_CONTINUOUS,0.11093645900000002,True,True,True,0.432308874,0.4497998329999997
shifting,1,heuristic,shifting,CERTIFIED,Release,325,,0.0,Apple LLVM 17.0.0 (clang-1700.6.3.2),"{""algorithm"":""shifting"",""cache_policy"":""auto"",""global_time_limit_sec"":5.0,""handovers_enabled"":true,""minsum_refinement_policy"":""CERTIFIED_BOUND"",""objective"":""minsum"",""per_static_time_limit_sec"":2.0,""profile"":""DEBUG"",""repeat"":0,""seed"":2749284448,""verify_after"":true,""verify_each_iteration"":true}",,0.400982,smoke10,,,False,algorithm-smoke-20261005-complete,smoke / development validation,False,False,0,0,False,True,3.4153819389866777,88c683f46e83540a43aaab82d355020b429b6a26,5.0,True,501.00043876775817,eil51-e956423838,eil51,2212.1082887595603,not-applicable,0.0,25,CERTIFIED_BOUND,13,False,0,12,6,12,minsum,2212.1082887595603,FEASIBLE,4294.812054158343,18.0,2.0,1.0,CERTIFIED_BOUND,0,auto,runs/run_20261005T010719Z__shifting__minsum__eil51-e956423838__r00__89dabc2c38e1/result/result.json,run_20261005T010719Z__shifting__minsum__eil51-e956423838__r00__89dabc2c38e1,e038b613d5bf92e0f8d8194e1353e36c1fedb26abe4cd3e024ed994329b71fb2,COMPLETED,3,42,shifting,0.0005738329999999999,runs/run_20261005T010719Z__shifting__minsum__eil51-e956423838__r00__89dabc2c38e1/result/solution.json,0.211281791,shifting,0.211281791,1,2.0,False,False,0.226615875,runs/run_20261005T010719Z__shifting__minsum__eil51-e956423838__r00__89dabc2c38e1/result/trace.csv,runs/run_20261005T010719Z__shifting__minsum__eil51-e956423838__r00__89dabc2c38e1/result/trace.jsonl,2212.1082887595603,CERTIFIED_CONTINUOUS,0.014740333999999999,True,True,True,0.226615875,0.24653687499999988
branch-and-bound,1,exact_reference,branch-and-bound,CERTIFIED,Release,50,15.920789937194884,387.86652606491583,Apple LLVM 17.0.0 (clang-1700.6.3.2),"{""algorithm"":""branch-and-bound"",""cache_policy"":""auto"",""global_time_limit_sec"":10.0,""handovers_enabled"":true,""minsum_refinement_policy"":""CERTIFIED_BOUND"",""objective"":""minmax"",""per_static_time_limit_sec"":2.0,""profile"":""DEBUG"",""repeat"":0,""seed"":3819256332,""verify_after"":true,""verify_each_iteration"":true}",,0.000713,smoke10,,,True,algorithm-smoke-20261005-complete,smoke / development validation,False,False,0,0,False,True,15.920789937194884,88c683f46e83540a43aaab82d355020b429b6a26,10.0,True,0.0,euro-night-0000030-164a859873,euro-night-0000030,934.188023649365,not-applicable,387.86652606491583,25,HEURISTIC_ADAPTIVE,2,False,0,2,1,2,minmax,6563.008011213965,FEASIBLE,6563.008011213965,17.125,2.0,1.0,HEURISTIC_ADAPTIVE,0,auto,runs/run_20261005T010719Z__branch-and-bound__minmax__euro-night-0000030-164a859873__r00__6a64e527be13/result/result.json,run_20261005T010719Z__branch-and-bound__minmax__euro-night-0000030-164a859873__r00__6a64e527be13,243f3b0e5355e25e487423eac736d1d2493eb5ff904c4c9b65fb6d47729e1d1c,COMPLETED,3,42,branch-and-bound,0.000318126,runs/run_20261005T010719Z__branch-and-bound__minmax__euro-night-0000030-164a859873__r00__6a64e527be13/result/solution.json,9.4626e-05,branch-and-bound,9.4626e-05,1,2.0,False,False,0.0005099169999999999,runs/run_20261005T010719Z__branch-and-bound__minmax__euro-night-0000030-164a859873__r00__6a64e527be13/result/trace.csv,runs/run_20261005T010719Z__branch-and-bound__minmax__euro-night-0000030-164a859873__r00__6a64e527be13/result/trace.jsonl,6563.008011213965,CERTIFIED_CONTINUOUS,7.7832e-05,True,True,True,0.0005099169999999999,0.017731667000000062
genetic,1,heuristic,genetic,CERTIFIED,Release,50,,311.42578303889684,Apple LLVM 17.0.0 (clang-1700.6.3.2),"{""algorithm"":""genetic"",""cache_policy"":""auto"",""global_time_limit_sec"":5.0,""handovers_enabled"":true,""minsum_refinement_policy"":""CERTIFIED_BOUND"",""objective"":""minmax"",""per_static_time_limit_sec"":2.0,""profile"":""DEBUG"",""repeat"":0,""seed"":4268132678,""verify_after"":true,""verify_each_iteration"":true}",,0.026913,smoke10,,,False,algorithm-smoke-20261005-complete,smoke / development validation,False,False,0,0,False,True,20.074067622699854,88c683f46e83540a43aaab82d355020b429b6a26,5.0,True,0.0,euro-night-0000030-164a859873,euro-night-0000030,934.188023649365,not-applicable,311.42578303889684,25,HEURISTIC_ADAPTIVE,2,False,0,2,1,2,minmax,6563.008011213965,FEASIBLE,6563.008011213965,17.234375,2.0,1.0,HEURISTIC_ADAPTIVE,0,auto,runs/run_20261005T010719Z__genetic__minmax__euro-night-0000030-164a859873__r00__b34c696ac79c/result/result.json,run_20261005T010719Z__genetic__minmax__euro-night-0000030-164a859873__r00__b34c696ac79c,bcbf8b256a8dce56dd5950eafab46c775df0ae98fd4bd5ef13dab6552d00c7f1,COMPLETED,3,42,genetic,0.0005280829999999999,runs/run_20261005T010719Z__genetic__minmax__euro-night-0000030-164a859873__r00__b34c696ac79c/result/solution.json,0.025961541,genetic,0.025961541,1,2.0,False,False,0.026585750000000002,runs/run_20261005T010719Z__genetic__minmax__euro-night-0000030-164a859873__r00__b34c696ac79c/result/trace.csv,runs/run_20261005T010719Z__genetic__minmax__euro-night-0000030-164a859873__r00__b34c696ac79c/result/trace.jsonl,6563.008011213965,CERTIFIED_CONTINUOUS,7.6376e-05,True,True,True,0.026585750000000002,0.04313108399999965
greedy,1,heuristic,greedy,CERTIFIED,Release,50,,311.42578303889684,Apple LLVM 17.0.0 (clang-1700.6.3.2),"{""algorithm"":""greedy"",""cache_policy"":""auto"",""global_time_limit_sec"":5.0,""handovers_enabled"":true,""minsum_refinement_policy"":""CERTIFIED_BOUND"",""objective"":""minmax"",""per_static_time_limit_sec"":2.0,""profile"":""DEBUG"",""repeat"":0,""seed"":4233354333,""verify_after"":true,""verify_each_iteration"":true}",,0.00063,smoke10,,,False,algorithm-smoke-20261005-complete,smoke / development validation,False,False,0,0,False,True,20.074067622699854,88c683f46e83540a43aaab82d355020b429b6a26,5.0,True,0.0,euro-night-0000030-164a859873,euro-night-0000030,934.188023649365,not-applicable,311.42578303889684,25,HEURISTIC_ADAPTIVE,2,False,0,2,1,2,minmax,6563.008011213965,FEASIBLE,6563.008011213965,17.0,2.0,1.0,HEURISTIC_ADAPTIVE,0,auto,runs/run_20261005T010719Z__greedy__minmax__euro-night-0000030-164a859873__r00__7aa2e8a8ac33/result/result.json,run_20261005T010719Z__greedy__minmax__euro-night-0000030-164a859873__r00__7aa2e8a8ac33,39aeac0e0deba809ccf7a62f10e1ad5a0d4f49f6e31811f2633c665ce00eaebe,COMPLETED,3,42,greedy,0.000298249,runs/run_20261005T010719Z__greedy__minmax__euro-night-0000030-164a859873__r00__7aa2e8a8ac33/result/solution.json,6.787500000000001e-05,greedy,6.787500000000001e-05,1,2.0,False,False,0.000458125,runs/run_20261005T010719Z__greedy__minmax__euro-night-0000030-164a859873__r00__7aa2e8a8ac33/result/trace.csv,runs/run_20261005T010719Z__greedy__minmax__euro-night-0000030-164a859873__r00__7aa2e8a8ac33/result/trace.jsonl,6563.008011213965,CERTIFIED_CONTINUOUS,7.6291e-05,True,True,True,0.000458125,0.01535004200000012
local-search,1,heuristic,local-search,CERTIFIED,Release,50,,311.42578303889684,Apple LLVM 17.0.0 (clang-1700.6.3.2),"{""algorithm"":""local-search"",""cache_policy"":""auto"",""global_time_limit_sec"":5.0,""handovers_enabled"":true,""minsum_refinement_policy"":""CERTIFIED_BOUND"",""objective"":""minmax"",""per_static_time_limit_sec"":2.0,""profile"":""DEBUG"",""repeat"":0,""seed"":1468486119,""verify_after"":true,""verify_each_iteration"":true}",,0.000635,smoke10,,,False,algorithm-smoke-20261005-complete,smoke / development validation,False,False,0,0,False,True,20.074067622699854,88c683f46e83540a43aaab82d355020b429b6a26,5.0,True,0.0,euro-night-0000030-164a859873,euro-night-0000030,934.188023649365,not-applicable,311.42578303889684,25,HEURISTIC_ADAPTIVE,2,False,0,2,1,2,minmax,6563.008011213965,FEASIBLE,6563.008011213965,17.171875,2.0,1.0,HEURISTIC_ADAPTIVE,0,auto,runs/run_20261005T010719Z__local-search__minmax__euro-night-0000030-164a859873__r00__6fa4c399bd45/result/result.json,run_20261005T010719Z__local-search__minmax__euro-night-0000030-164a859873__r00__6fa4c399bd45,e32ed851bb0c306ec8c9005c06a4a5adca65965fefb56cdc6c640e461af3d69d,COMPLETED,3,42,local-search,0.000294208,runs/run_20261005T010719Z__local-search__minmax__euro-night-0000030-164a859873__r00__6fa4c399bd45/result/solution.json,0.000105458,local-search,0.000105458,1,2.0,False,False,0.000495417,runs/run_20261005T010719Z__local-search__minmax__euro-night-0000030-164a859873__r00__6fa4c399bd45/result/trace.csv,runs/run_20261005T010719Z__local-search__minmax__euro-night-0000030-164a859873__r00__6fa4c399bd45/result/trace.jsonl,6563.008011213965,CERTIFIED_CONTINUOUS,7.666699999999999e-05,True,True,True,0.000495417,0.016932999999999865
lp-rounding,1,heuristic,lp-rounding,CERTIFIED,Release,50,,387.86652606491583,Apple LLVM 17.0.0 (clang-1700.6.3.2),"{""algorithm"":""lp-rounding"",""cache_policy"":""auto"",""global_time_limit_sec"":5.0,""handovers_enabled"":true,""minsum_refinement_policy"":""CERTIFIED_BOUND"",""objective"":""minmax"",""per_static_time_limit_sec"":2.0,""profile"":""DEBUG"",""repeat"":0,""seed"":4232407646,""verify_after"":true,""verify_each_iteration"":true}",,0.000778,smoke10,,,False,algorithm-smoke-20261005-complete,smoke / development validation,False,False,0,2,False,True,15.920789937194884,88c683f46e83540a43aaab82d355020b429b6a26,5.0,True,0.0,euro-night-0000030-164a859873,euro-night-0000030,934.188023649365,not-applicable,387.86652606491583,25,HEURISTIC_ADAPTIVE,2,False,0,2,1,2,minmax,6563.008011213965,FEASIBLE,6563.008011213965,17.15625,2.0,1.0,HEURISTIC_ADAPTIVE,0,auto,runs/run_20261005T010719Z__lp-rounding__minmax__euro-night-0000030-164a859873__r00__b6fe10dded74/result/result.json,run_20261005T010719Z__lp-rounding__minmax__euro-night-0000030-164a859873__r00__b6fe10dded74,261e3c02cdbf2f4997af0673d0cd8f8a9666eac3a6b13bbdd5c1f52c210210ec,COMPLETED,3,42,lp-rounding,0.000337792,runs/run_20261005T010719Z__lp-rounding__minmax__euro-night-0000030-164a859873__r00__b6fe10dded74/result/solution.json,0.000200249,lp-rounding,0.000200249,1,2.0,False,False,0.000631167,runs/run_20261005T010719Z__lp-rounding__minmax__euro-night-0000030-164a859873__r00__b6fe10dded74/result/trace.csv,runs/run_20261005T010719Z__lp-rounding__minmax__euro-night-0000030-164a859873__r00__b6fe10dded74/result/trace.jsonl,6563.008011213965,CERTIFIED_CONTINUOUS,7.5917e-05,True,True,True,0.000631167,0.015218165999999922
nn,1,heuristic,nn,CERTIFIED,Release,50,,0.0,Apple LLVM 17.0.0 (clang-1700.6.3.2),"{""algorithm"":""nn"",""cache_policy"":""auto"",""global_time_limit_sec"":5.0,""handovers_enabled"":true,""minsum_refinement_policy"":""CERTIFIED_BOUND"",""objective"":""minmax"",""per_static_time_limit_sec"":2.0,""profile"":""DEBUG"",""repeat"":0,""seed"":1614960993,""verify_after"":true,""verify_each_iteration"":true}",,0.000545,smoke10,,,False,algorithm-smoke-20261005-complete,smoke / development validation,False,False,0,0,False,True,6563.008011213965,88c683f46e83540a43aaab82d355020b429b6a26,5.0,True,0.0,euro-night-0000030-164a859873,euro-night-0000030,934.188023649365,not-applicable,0.0,25,HEURISTIC_ADAPTIVE,2,False,0,2,1,2,minmax,6563.008011213965,FEASIBLE,6563.008011213965,17.0,2.0,1.0,HEURISTIC_ADAPTIVE,0,auto,runs/run_20261005T010719Z__nn__minmax__euro-night-0000030-164a859873__r00__92ed34c2c7b6/result/result.json,run_20261005T010719Z__nn__minmax__euro-night-0000030-164a859873__r00__92ed34c2c7b6,e52efb54ee486e21e42e33d0e642fd3295a44e09f16df46003a5a6f2325aacd2,COMPLETED,3,42,nn,0.00031775,runs/run_20261005T010719Z__nn__minmax__euro-night-0000030-164a859873__r00__92ed34c2c7b6/result/solution.json,6.6041e-05,nn,6.6041e-05,1,2.0,False,False,0.000470625,runs/run_20261005T010719Z__nn__minmax__euro-night-0000030-164a859873__r00__92ed34c2c7b6/result/trace.csv,runs/run_20261005T010719Z__nn__minmax__euro-night-0000030-164a859873__r00__92ed34c2c7b6/result/trace.jsonl,6563.008011213965,CERTIFIED_CONTINUOUS,7.2375e-05,True,True,True,0.000470625,0.01664708299999962
primal-dual,1,heuristic,primal-dual,CERTIFIED,Release,50,,0.0,Apple LLVM 17.0.0 (clang-1700.6.3.2),"{""algorithm"":""primal-dual"",""cache_policy"":""auto"",""global_time_limit_sec"":5.0,""handovers_enabled"":true,""minsum_refinement_policy"":""CERTIFIED_BOUND"",""objective"":""minmax"",""per_static_time_limit_sec"":2.0,""profile"":""DEBUG"",""repeat"":0,""seed"":2340930963,""verify_after"":true,""verify_each_iteration"":true}",,0.000653,smoke10,,,False,algorithm-smoke-20261005-complete,smoke / development validation,False,False,0,0,False,True,422.0197484298721,88c683f46e83540a43aaab82d355020b429b6a26,5.0,True,15.514661042596634,euro-night-0000030-164a859873,euro-night-0000030,934.188023649365,not-applicable,0.0,25,HEURISTIC_ADAPTIVE,2,False,0,2,1,2,minmax,6563.008011213965,FEASIBLE,6563.008011213965,17.0,2.0,1.0,HEURISTIC_ADAPTIVE,0,auto,runs/run_20261005T010719Z__primal-dual__minmax__euro-night-0000030-164a859873__r00__a149dedacacb/result/result.json,run_20261005T010719Z__primal-dual__minmax__euro-night-0000030-164a859873__r00__a149dedacacb,b78c0a7fd5fba1d16525b88a9e1a7ea0c9d7434cc02d3c6612252a946930c569,COMPLETED,3,42,primal-dual,0.000320668,runs/run_20261005T010719Z__primal-dual__minmax__euro-night-0000030-164a859873__r00__a149dedacacb/result/solution.json,0.00010087599999999999,primal-dual,0.00010087599999999999,1,2.0,False,False,0.000519459,runs/run_20261005T010719Z__primal-dual__minmax__euro-night-0000030-164a859873__r00__a149dedacacb/result/trace.csv,runs/run_20261005T010719Z__primal-dual__minmax__euro-night-0000030-164a859873__r00__a149dedacacb/result/trace.jsonl,6563.008011213965,CERTIFIED_CONTINUOUS,7.979100000000001e-05,True,True,True,0.000519459,0.015520708999999577
sa,1,heuristic,sa,CERTIFIED,Release,50,,311.42578303889684,Apple LLVM 17.0.0 (clang-1700.6.3.2),"{""algorithm"":""sa"",""cache_policy"":""auto"",""global_time_limit_sec"":5.0,""handovers_enabled"":true,""minsum_refinement_policy"":""CERTIFIED_BOUND"",""objective"":""minmax"",""per_static_time_limit_sec"":2.0,""profile"":""DEBUG"",""repeat"":0,""seed"":1494764349,""verify_after"":true,""verify_each_iteration"":true}",,0.007446,smoke10,,,False,algorithm-smoke-20261005-complete,smoke / development validation,False,False,0,0,False,True,20.074067622699854,88c683f46e83540a43aaab82d355020b429b6a26,5.0,True,0.0,euro-night-0000030-164a859873,euro-night-0000030,934.188023649365,not-applicable,311.42578303889684,25,HEURISTIC_ADAPTIVE,2,False,0,2,1,2,minmax,6563.008011213965,FEASIBLE,6563.008011213965,17.0625,2.0,1.0,HEURISTIC_ADAPTIVE,0,auto,runs/run_20261005T010719Z__sa__minmax__euro-night-0000030-164a859873__r00__fffc6d7ea16a/result/result.json,run_20261005T010719Z__sa__minmax__euro-night-0000030-164a859873__r00__fffc6d7ea16a,aaaff5efca864e5007f7d3115d1cb379e0c57019b4c82262c285e5db3d1caf10,COMPLETED,3,42,sa,0.000307084,runs/run_20261005T010719Z__sa__minmax__euro-night-0000030-164a859873__r00__fffc6d7ea16a/result/solution.json,0.006875916,sa,0.006875916,1,2.0,False,False,0.007281334,runs/run_20261005T010719Z__sa__minmax__euro-night-0000030-164a859873__r00__fffc6d7ea16a/result/trace.csv,runs/run_20261005T010719Z__sa__minmax__euro-night-0000030-164a859873__r00__fffc6d7ea16a/result/trace.jsonl,6563.008011213965,CERTIFIED_CONTINUOUS,8.0334e-05,True,True,True,0.007281334,0.021317916999999742
shifting,1,heuristic,shifting,CERTIFIED,Release,50,,311.42578303889684,Apple LLVM 17.0.0 (clang-1700.6.3.2),"{""algorithm"":""shifting"",""cache_policy"":""auto"",""global_time_limit_sec"":5.0,""handovers_enabled"":true,""minsum_refinement_policy"":""CERTIFIED_BOUND"",""objective"":""minmax"",""per_static_time_limit_sec"":2.0,""profile"":""DEBUG"",""repeat"":0,""seed"":3801338249,""verify_after"":true,""verify_each_iteration"":true}",,0.011638,smoke10,,,False,algorithm-smoke-20261005-complete,smoke / development validation,False,False,0,0,False,True,20.074067622699854,88c683f46e83540a43aaab82d355020b429b6a26,5.0,True,0.0,euro-night-0000030-164a859873,euro-night-0000030,934.188023649365,not-applicable,311.42578303889684,25,HEURISTIC_ADAPTIVE,2,False,0,2,1,2,minmax,6563.008011213965,FEASIBLE,6563.008011213965,17.171875,2.0,1.0,HEURISTIC_ADAPTIVE,0,auto,runs/run_20261005T010719Z__shifting__minmax__euro-night-0000030-164a859873__r00__db06896cf43d/result/result.json,run_20261005T010719Z__shifting__minmax__euro-night-0000030-164a859873__r00__db06896cf43d,e105875c1962334069bd3ec60f5833029700155b3672f4722996e6b7dee88168,COMPLETED,3,42,shifting,0.000365042,runs/run_20261005T010719Z__shifting__minmax__euro-night-0000030-164a859873__r00__db06896cf43d/result/solution.json,0.005764625,shifting,0.005764625,1,2.0,False,False,0.006220125,runs/run_20261005T010719Z__shifting__minmax__euro-night-0000030-164a859873__r00__db06896cf43d/result/trace.csv,runs/run_20261005T010719Z__shifting__minmax__euro-night-0000030-164a859873__r00__db06896cf43d/result/trace.jsonl,6563.008011213965,CERTIFIED_CONTINUOUS,7.3958e-05,True,True,True,0.006220125,0.022672000000000025
branch-and-bound,1,exact_reference,branch-and-bound,CERTIFIED,Release,50,,0.0,Apple LLVM 17.0.0 (clang-1700.6.3.2),"{""algorithm"":""branch-and-bound"",""cache_policy"":""auto"",""global_time_limit_sec"":10.0,""handovers_enabled"":true,""minsum_refinement_policy"":""CERTIFIED_BOUND"",""objective"":""minsum"",""per_static_time_limit_sec"":2.0,""profile"":""DEBUG"",""repeat"":0,""seed"":2070299375,""verify_after"":true,""verify_each_iteration"":true}",,0.002072,smoke10,,,True,algorithm-smoke-20261005-complete,smoke / development validation,False,False,0,0,False,True,0.0,88c683f46e83540a43aaab82d355020b429b6a26,10.0,True,160.02046323157865,euro-night-0000030-164a859873,euro-night-0000030,160.02046323157865,not-applicable,0.0,25,CERTIFIED_BOUND,2,False,0,9,4,9,minsum,160.02046323157865,FEASIBLE,480.2582403500878,17.34375,2.0,1.0,CERTIFIED_BOUND,0,auto,runs/run_20261005T010720Z__branch-and-bound__minsum__euro-night-0000030-164a859873__r00__403ffee7ab5c/result/result.json,run_20261005T010720Z__branch-and-bound__minsum__euro-night-0000030-164a859873__r00__403ffee7ab5c,71f8f23a6ef6e6915ddf4a3f22d30b190e47017147ac45afc4bd74cd68ed32f2,COMPLETED,3,42,branch-and-bound,0.000365833,runs/run_20261005T010720Z__branch-and-bound__minsum__euro-night-0000030-164a859873__r00__403ffee7ab5c/result/solution.json,0.00039083299999999994,branch-and-bound,0.00039083299999999994,1,2.0,False,False,0.001474292,runs/run_20261005T010720Z__branch-and-bound__minsum__euro-night-0000030-164a859873__r00__403ffee7ab5c/result/trace.csv,runs/run_20261005T010720Z__branch-and-bound__minsum__euro-night-0000030-164a859873__r00__403ffee7ab5c/result/trace.jsonl,160.02046323157865,CERTIFIED_CONTINUOUS,0.000702584,True,True,True,0.001474292,0.016129250000000095
genetic,1,heuristic,genetic,CERTIFIED,Release,50,,0.0,Apple LLVM 17.0.0 (clang-1700.6.3.2),"{""algorithm"":""genetic"",""cache_policy"":""auto"",""global_time_limit_sec"":5.0,""handovers_enabled"":true,""minsum_refinement_policy"":""CERTIFIED_BOUND"",""objective"":""minsum"",""per_static_time_limit_sec"":2.0,""profile"":""DEBUG"",""repeat"":0,""seed"":2646114893,""verify_after"":true,""verify_each_iteration"":true}",,0.164338,smoke10,,,False,algorithm-smoke-20261005-complete,smoke / development validation,False,False,0,0,False,True,0.20425900954163356,88c683f46e83540a43aaab82d355020b429b6a26,5.0,True,120.97849727259445,euro-night-0000030-164a859873,euro-night-0000030,145.6894453013298,not-applicable,0.0,25,CERTIFIED_BOUND,2,False,0,13,7,13,minsum,145.6894453013298,FEASIBLE,480.2582403500878,17.421875,2.0,1.0,CERTIFIED_BOUND,0,auto,runs/run_20261005T010720Z__genetic__minsum__euro-night-0000030-164a859873__r00__018fd3d1efe1/result/result.json,run_20261005T010720Z__genetic__minsum__euro-night-0000030-164a859873__r00__018fd3d1efe1,c3e8ecf1ec87d37b464e748f0afea7962055f440773aaa4c2c9eb8d9db209417,COMPLETED,3,42,genetic,0.000434876,runs/run_20261005T010720Z__genetic__minsum__euro-night-0000030-164a859873__r00__018fd3d1efe1/result/solution.json,0.162602123,genetic,0.162602123,1,2.0,False,False,0.164162751,runs/run_20261005T010720Z__genetic__minsum__euro-night-0000030-164a859873__r00__018fd3d1efe1/result/trace.csv,runs/run_20261005T010720Z__genetic__minsum__euro-night-0000030-164a859873__r00__018fd3d1efe1/result/trace.jsonl,145.6894453013298,CERTIFIED_CONTINUOUS,0.001105168,True,True,True,0.164162751,0.17890804100000013
greedy,1,heuristic,greedy,CERTIFIED,Release,50,,0.0,Apple LLVM 17.0.0 (clang-1700.6.3.2),"{""algorithm"":""greedy"",""cache_policy"":""auto"",""global_time_limit_sec"":5.0,""handovers_enabled"":true,""minsum_refinement_policy"":""CERTIFIED_BOUND"",""objective"":""minsum"",""per_static_time_limit_sec"":2.0,""profile"":""DEBUG"",""repeat"":0,""seed"":4268710302,""verify_after"":true,""verify_each_iteration"":true}",,0.002248,smoke10,,,False,algorithm-smoke-20261005-complete,smoke / development validation,False,False,0,0,False,True,0.20425900954163342,88c683f46e83540a43aaab82d355020b429b6a26,5.0,True,120.97849727259447,euro-night-0000030-164a859873,euro-night-0000030,145.6894453013298,not-applicable,0.0,25,CERTIFIED_BOUND,2,False,0,13,7,13,minsum,145.6894453013298,FEASIBLE,480.2582403500878,17.28125,2.0,1.0,CERTIFIED_BOUND,0,auto,runs/run_20261005T010720Z__greedy__minsum__euro-night-0000030-164a859873__r00__30eefa2f1c12/result/result.json,run_20261005T010720Z__greedy__minsum__euro-night-0000030-164a859873__r00__30eefa2f1c12,c1d342fcd363a83b97c6051bd74b6a7bbef4e065c5a4ed6159ec224272e6f320,COMPLETED,3,42,greedy,0.000374333,runs/run_20261005T010720Z__greedy__minsum__euro-night-0000030-164a859873__r00__30eefa2f1c12/result/solution.json,0.00046275000000000027,greedy,0.00046275000000000027,1,2.0,False,False,0.00195625,runs/run_20261005T010720Z__greedy__minsum__euro-night-0000030-164a859873__r00__30eefa2f1c12/result/trace.csv,runs/run_20261005T010720Z__greedy__minsum__euro-night-0000030-164a859873__r00__30eefa2f1c12/result/trace.jsonl,145.6894453013298,CERTIFIED_CONTINUOUS,0.0011047919999999998,True,True,True,0.00195625,0.016182083999999985
local-search,1,heuristic,local-search,CERTIFIED,Release,50,,0.0,Apple LLVM 17.0.0 (clang-1700.6.3.2),"{""algorithm"":""local-search"",""cache_policy"":""auto"",""global_time_limit_sec"":5.0,""handovers_enabled"":true,""minsum_refinement_policy"":""CERTIFIED_BOUND"",""objective"":""minsum"",""per_static_time_limit_sec"":2.0,""profile"":""DEBUG"",""repeat"":0,""seed"":3932931700,""verify_after"":true,""verify_each_iteration"":true}",,0.002543,smoke10,,,False,algorithm-smoke-20261005-complete,smoke / development validation,False,False,0,0,False,True,0.20425900954163356,88c683f46e83540a43aaab82d355020b429b6a26,5.0,True,120.97849727259445,euro-night-0000030-164a859873,euro-night-0000030,145.6894453013298,not-applicable,0.0,25,CERTIFIED_BOUND,2,False,0,13,7,13,minsum,145.6894453013298,FEASIBLE,480.2582403500878,17.34375,2.0,1.0,CERTIFIED_BOUND,0,auto,runs/run_20261005T010720Z__local-search__minsum__euro-night-0000030-164a859873__r00__a17e451ac114/result/result.json,run_20261005T010720Z__local-search__minsum__euro-night-0000030-164a859873__r00__a17e451ac114,1e4ac331f340d739c9289201c7d3efcaeff6978d17ca133f95626f2aed1958af,COMPLETED,3,42,local-search,0.000341459,runs/run_20261005T010720Z__local-search__minsum__euro-night-0000030-164a859873__r00__a17e451ac114/result/solution.json,0.0006393310000000001,local-search,0.0006393310000000001,1,2.0,False,False,0.002096125,runs/run_20261005T010720Z__local-search__minsum__euro-night-0000030-164a859873__r00__a17e451ac114/result/trace.csv,runs/run_20261005T010720Z__local-search__minsum__euro-night-0000030-164a859873__r00__a17e451ac114/result/trace.jsonl,145.6894453013298,CERTIFIED_CONTINUOUS,0.0010989189999999999,True,True,True,0.002096125,0.022192917000000367
lp-rounding,1,heuristic,lp-rounding,CERTIFIED,Release,50,,0.0,Apple LLVM 17.0.0 (clang-1700.6.3.2),"{""algorithm"":""lp-rounding"",""cache_policy"":""auto"",""global_time_limit_sec"":5.0,""handovers_enabled"":true,""minsum_refinement_policy"":""CERTIFIED_BOUND"",""objective"":""minsum"",""per_static_time_limit_sec"":2.0,""profile"":""DEBUG"",""repeat"":0,""seed"":1873311253,""verify_after"":true,""verify_each_iteration"":true}",,0.002077,smoke10,,,False,algorithm-smoke-20261005-complete,smoke / development validation,False,False,0,9,False,True,0.0,88c683f46e83540a43aaab82d355020b429b6a26,5.0,True,160.02046323157865,euro-night-0000030-164a859873,euro-night-0000030,160.02046323157865,not-applicable,0.0,25,CERTIFIED_BOUND,2,False,0,9,4,9,minsum,160.02046323157865,FEASIBLE,480.2582403500878,17.40625,2.0,1.0,CERTIFIED_BOUND,0,auto,runs/run_20261005T010720Z__lp-rounding__minsum__euro-night-0000030-164a859873__r00__f3048428fe7f/result/result.json,run_20261005T010720Z__lp-rounding__minsum__euro-night-0000030-164a859873__r00__f3048428fe7f,5b89203270d4a2b590312c67248dc93d4664892c225ffa00248274b937d1a242,COMPLETED,3,42,lp-rounding,0.000302209,runs/run_20261005T010720Z__lp-rounding__minsum__euro-night-0000030-164a859873__r00__f3048428fe7f/result/solution.json,0.0007861670000000002,lp-rounding,0.0007861670000000002,1,2.0,False,False,0.001814625,runs/run_20261005T010720Z__lp-rounding__minsum__euro-night-0000030-164a859873__r00__f3048428fe7f/result/trace.csv,runs/run_20261005T010720Z__lp-rounding__minsum__euro-night-0000030-164a859873__r00__f3048428fe7f/result/trace.jsonl,160.02046323157865,CERTIFIED_CONTINUOUS,0.0007110829999999999,True,True,True,0.001814625,0.015823959
nn,1,heuristic,nn,CERTIFIED,Release,50,,0.0,Apple LLVM 17.0.0 (clang-1700.6.3.2),"{""algorithm"":""nn"",""cache_policy"":""auto"",""global_time_limit_sec"":5.0,""handovers_enabled"":true,""minsum_refinement_policy"":""CERTIFIED_BOUND"",""objective"":""minsum"",""per_static_time_limit_sec"":2.0,""profile"":""DEBUG"",""repeat"":0,""seed"":789469114,""verify_after"":true,""verify_each_iteration"":true}",,0.001635,smoke10,,,False,algorithm-smoke-20261005-complete,smoke / development validation,False,False,0,0,False,True,160.02046323157865,88c683f46e83540a43aaab82d355020b429b6a26,5.0,True,0.0,euro-night-0000030-164a859873,euro-night-0000030,160.02046323157865,not-applicable,0.0,25,CERTIFIED_BOUND,2,False,0,12,6,12,minsum,160.02046323157865,FEASIBLE,480.2582403500878,17.1875,2.0,1.0,CERTIFIED_BOUND,0,auto,runs/run_20261005T010720Z__nn__minsum__euro-night-0000030-164a859873__r00__8bec7ed1aaad/result/result.json,run_20261005T010720Z__nn__minsum__euro-night-0000030-164a859873__r00__8bec7ed1aaad,a848b8ffc76ada88c16bf33b48287b0035405b6fd537add4d1b2ad730b751bc5,COMPLETED,3,42,nn,0.000283001,runs/run_20261005T010720Z__nn__minsum__euro-night-0000030-164a859873__r00__8bec7ed1aaad/result/solution.json,0.0003636250000000001,nn,0.0003636250000000001,1,2.0,False,False,0.001383292,runs/run_20261005T010720Z__nn__minsum__euro-night-0000030-164a859873__r00__8bec7ed1aaad/result/trace.csv,runs/run_20261005T010720Z__nn__minsum__euro-night-0000030-164a859873__r00__8bec7ed1aaad/result/trace.jsonl,160.02046323157865,CERTIFIED_CONTINUOUS,0.000720291,True,True,True,0.001383292,0.015346582999999914
primal-dual,1,heuristic,primal-dual,CERTIFIED,Release,50,,0.0,Apple LLVM 17.0.0 (clang-1700.6.3.2),"{""algorithm"":""primal-dual"",""cache_policy"":""auto"",""global_time_limit_sec"":5.0,""handovers_enabled"":true,""minsum_refinement_policy"":""CERTIFIED_BOUND"",""objective"":""minsum"",""per_static_time_limit_sec"":2.0,""profile"":""DEBUG"",""repeat"":0,""seed"":380216392,""verify_after"":true,""verify_each_iteration"":true}",,0.002106,smoke10,,,False,algorithm-smoke-20261005-complete,smoke / development validation,False,False,0,0,False,True,23.077367704559105,88c683f46e83540a43aaab82d355020b429b6a26,5.0,True,6.646094589537642,euro-night-0000030-164a859873,euro-night-0000030,160.02046323157865,not-applicable,0.0,25,CERTIFIED_BOUND,2,False,0,12,6,12,minsum,160.02046323157865,FEASIBLE,480.2582403500878,17.265625,2.0,1.0,CERTIFIED_BOUND,0,auto,runs/run_20261005T010720Z__primal-dual__minsum__euro-night-0000030-164a859873__r00__6de0a9948be9/result/result.json,run_20261005T010720Z__primal-dual__minsum__euro-night-0000030-164a859873__r00__6de0a9948be9,aae0aa90c11b6a1f6d770b493fd577d9ed717efc3f5edc3f527998ef44fff445,COMPLETED,3,42,primal-dual,0.000334792,runs/run_20261005T010720Z__primal-dual__minsum__euro-night-0000030-164a859873__r00__6de0a9948be9/result/solution.json,0.000502083,primal-dual,0.000502083,1,2.0,False,False,0.001582083,runs/run_20261005T010720Z__primal-dual__minsum__euro-night-0000030-164a859873__r00__6de0a9948be9/result/trace.csv,runs/run_20261005T010720Z__primal-dual__minsum__euro-night-0000030-164a859873__r00__6de0a9948be9/result/trace.jsonl,160.02046323157865,CERTIFIED_CONTINUOUS,0.000730293,True,True,True,0.001582083,0.015284625000000052
sa,1,heuristic,sa,CERTIFIED,Release,50,,0.0,Apple LLVM 17.0.0 (clang-1700.6.3.2),"{""algorithm"":""sa"",""cache_policy"":""auto"",""global_time_limit_sec"":5.0,""handovers_enabled"":true,""minsum_refinement_policy"":""CERTIFIED_BOUND"",""objective"":""minsum"",""per_static_time_limit_sec"":2.0,""profile"":""DEBUG"",""repeat"":0,""seed"":20759550,""verify_after"":true,""verify_each_iteration"":true}",,0.051848,smoke10,,,False,algorithm-smoke-20261005-complete,smoke / development validation,False,False,0,0,False,True,0.20425900954163356,88c683f46e83540a43aaab82d355020b429b6a26,5.0,True,120.97849727259445,euro-night-0000030-164a859873,euro-night-0000030,145.6894453013298,not-applicable,0.0,25,CERTIFIED_BOUND,2,False,0,13,7,13,minsum,145.6894453013298,FEASIBLE,480.2582403500878,17.375,2.0,1.0,CERTIFIED_BOUND,0,auto,runs/run_20261005T010720Z__sa__minsum__euro-night-0000030-164a859873__r00__12fa7f6ab298/result/result.json,run_20261005T010720Z__sa__minsum__euro-night-0000030-164a859873__r00__12fa7f6ab298,a220f0a7eacdc7c2eea8d6197c3874b7986eacb134132c0036f9a2de1884da42,COMPLETED,3,42,sa,0.000560292,runs/run_20261005T010720Z__sa__minsum__euro-night-0000030-164a859873__r00__12fa7f6ab298/result/solution.json,0.050418833,sa,0.050418833,1,2.0,False,False,0.052109875,runs/run_20261005T010720Z__sa__minsum__euro-night-0000030-164a859873__r00__12fa7f6ab298/result/trace.csv,runs/run_20261005T010720Z__sa__minsum__euro-night-0000030-164a859873__r00__12fa7f6ab298/result/trace.jsonl,145.6894453013298,CERTIFIED_CONTINUOUS,0.001110668,True,True,True,0.052109875,0.06745974999999982
shifting,1,heuristic,shifting,CERTIFIED,Release,50,,0.0,Apple LLVM 17.0.0 (clang-1700.6.3.2),"{""algorithm"":""shifting"",""cache_policy"":""auto"",""global_time_limit_sec"":5.0,""handovers_enabled"":true,""minsum_refinement_policy"":""CERTIFIED_BOUND"",""objective"":""minsum"",""per_static_time_limit_sec"":2.0,""profile"":""DEBUG"",""repeat"":0,""seed"":1093149298,""verify_after"":true,""verify_each_iteration"":true}",,0.073143,smoke10,,,False,algorithm-smoke-20261005-complete,smoke / development validation,False,False,0,0,False,True,0.20425900954163356,88c683f46e83540a43aaab82d355020b429b6a26,5.0,True,120.97849727259445,euro-night-0000030-164a859873,euro-night-0000030,145.6894453013298,not-applicable,0.0,25,CERTIFIED_BOUND,2,False,0,13,7,13,minsum,145.6894453013298,FEASIBLE,480.2582403500878,17.296875,2.0,1.0,CERTIFIED_BOUND,0,auto,runs/run_20261005T010720Z__shifting__minsum__euro-night-0000030-164a859873__r00__17fd81322244/result/result.json,run_20261005T010720Z__shifting__minsum__euro-night-0000030-164a859873__r00__17fd81322244,b7e1fbcc3d733475a47c917d7f3271b6f194403b1d950082afba9fcc11962a16,COMPLETED,3,42,shifting,0.0005256659999999999,runs/run_20261005T010720Z__shifting__minsum__euro-night-0000030-164a859873__r00__17fd81322244/result/solution.json,0.044890835000000004,shifting,0.044890835000000004,1,2.0,False,False,0.047157874,runs/run_20261005T010720Z__shifting__minsum__euro-night-0000030-164a859873__r00__17fd81322244/result/trace.csv,runs/run_20261005T010720Z__shifting__minsum__euro-night-0000030-164a859873__r00__17fd81322244/result/trace.jsonl,145.6894453013298,CERTIFIED_CONTINUOUS,0.001722624,True,True,True,0.047157874,0.07262754200000021
branch-and-bound,1,exact_reference,branch-and-bound,CERTIFIED,Release,50,5.929330786780216,945.5870702780646,Apple LLVM 17.0.0 (clang-1700.6.3.2),"{""algorithm"":""branch-and-bound"",""cache_policy"":""auto"",""global_time_limit_sec"":10.0,""handovers_enabled"":true,""minsum_refinement_policy"":""CERTIFIED_BOUND"",""objective"":""minmax"",""per_static_time_limit_sec"":2.0,""profile"":""DEBUG"",""repeat"":0,""seed"":2925654449,""verify_after"":true,""verify_each_iteration"":true}",,0.000746,smoke10,,,True,algorithm-smoke-20261005-complete,smoke / development validation,False,False,0,0,False,True,5.929330786780216,88c683f46e83540a43aaab82d355020b429b6a26,10.0,True,0.0,london-0000030.instance-3bd5c0ea09,london-0000030.instance,2044.2770219967983,not-applicable,945.5870702780646,25,HEURISTIC_ADAPTIVE,2,False,0,2,1,2,minmax,6552.285597659102,FEASIBLE,6552.285597659102,17.0625,2.0,1.0,HEURISTIC_ADAPTIVE,0,auto,runs/run_20261005T010720Z__branch-and-bound__minmax__london-0000030.instance-3bd5c0ea09__r00__d6da8d38a960/result/result.json,run_20261005T010720Z__branch-and-bound__minmax__london-0000030.instance-3bd5c0ea09__r00__d6da8d38a960,62474a238020f5868e185d839c417b079a679845b8d713489c06b2367ff50a41,COMPLETED,3,42,branch-and-bound,0.00044804100000000004,runs/run_20261005T010720Z__branch-and-bound__minmax__london-0000030.instance-3bd5c0ea09__r00__d6da8d38a960/result/solution.json,9.025e-05,branch-and-bound,9.025e-05,1,2.0,False,False,0.000576791,runs/run_20261005T010720Z__branch-and-bound__minmax__london-0000030.instance-3bd5c0ea09__r00__d6da8d38a960/result/trace.csv,runs/run_20261005T010720Z__branch-and-bound__minmax__london-0000030.instance-3bd5c0ea09__r00__d6da8d38a960/result/trace.jsonl,6552.285597659102,CERTIFIED_CONTINUOUS,2.1541e-05,True,True,True,0.000576791,0.016689249999999767
genetic,1,heuristic,genetic,CERTIFIED,Release,50,,505.59438354670465,Apple LLVM 17.0.0 (clang-1700.6.3.2),"{""algorithm"":""genetic"",""cache_policy"":""auto"",""global_time_limit_sec"":5.0,""handovers_enabled"":true,""minsum_refinement_policy"":""CERTIFIED_BOUND"",""objective"":""minmax"",""per_static_time_limit_sec"":2.0,""profile"":""DEBUG"",""repeat"":0,""seed"":978780465,""verify_after"":true,""verify_each_iteration"":true}",,0.026195,smoke10,,,False,algorithm-smoke-20261005-complete,smoke / development validation,False,False,0,0,False,True,11.9595695895499,88c683f46e83540a43aaab82d355020b429b6a26,5.0,True,0.0,london-0000030.instance-3bd5c0ea09,london-0000030.instance,2044.2770219967983,not-applicable,505.59438354670465,25,HEURISTIC_ADAPTIVE,2,False,0,2,1,2,minmax,6552.285597659102,FEASIBLE,6552.285597659102,17.25,2.0,1.0,HEURISTIC_ADAPTIVE,0,auto,runs/run_20261005T010720Z__genetic__minmax__london-0000030.instance-3bd5c0ea09__r00__f2cf79971f85/result/result.json,run_20261005T010720Z__genetic__minmax__london-0000030.instance-3bd5c0ea09__r00__f2cf79971f85,7496617d6c0fee12ee62bf2e11a01a2029400cfb2118e580cf8598b51abecf20,COMPLETED,3,42,genetic,0.000302999,runs/run_20261005T010720Z__genetic__minmax__london-0000030.instance-3bd5c0ea09__r00__f2cf79971f85/result/solution.json,0.025755667,genetic,0.025755667,1,2.0,False,False,0.026097833,runs/run_20261005T010720Z__genetic__minmax__london-0000030.instance-3bd5c0ea09__r00__f2cf79971f85/result/trace.csv,runs/run_20261005T010720Z__genetic__minmax__london-0000030.instance-3bd5c0ea09__r00__f2cf79971f85/result/trace.jsonl,6552.285597659102,CERTIFIED_CONTINUOUS,1.9584e-05,True,True,True,0.026097833,0.04245558300000063
greedy,1,heuristic,greedy,CERTIFIED,Release,50,,505.5943835467047,Apple LLVM 17.0.0 (clang-1700.6.3.2),"{""algorithm"":""greedy"",""cache_policy"":""auto"",""global_time_limit_sec"":5.0,""handovers_enabled"":true,""minsum_refinement_policy"":""CERTIFIED_BOUND"",""objective"":""minmax"",""per_static_time_limit_sec"":2.0,""profile"":""DEBUG"",""repeat"":0,""seed"":4179867736,""verify_after"":true,""verify_each_iteration"":true}",,0.000468,smoke10,,,False,algorithm-smoke-20261005-complete,smoke / development validation,False,False,0,0,False,True,11.959569589549897,88c683f46e83540a43aaab82d355020b429b6a26,5.0,True,0.0,london-0000030.instance-3bd5c0ea09,london-0000030.instance,2044.2770219967983,not-applicable,505.5943835467047,25,HEURISTIC_ADAPTIVE,2,False,0,2,1,2,minmax,6552.285597659102,FEASIBLE,6552.285597659102,17.078125,2.0,1.0,HEURISTIC_ADAPTIVE,0,auto,runs/run_20261005T010720Z__greedy__minmax__london-0000030.instance-3bd5c0ea09__r00__d496e2bed1d5/result/result.json,run_20261005T010720Z__greedy__minmax__london-0000030.instance-3bd5c0ea09__r00__d496e2bed1d5,20f1d50fd245e4f4bd80c67bb7005d23dcf7fa1d35b27cf7c847936d2f462270,COMPLETED,3,42,greedy,0.00028325,runs/run_20261005T010720Z__greedy__minmax__london-0000030.instance-3bd5c0ea09__r00__d496e2bed1d5/result/solution.json,6.2667e-05,greedy,6.2667e-05,1,2.0,False,False,0.00038991599999999997,runs/run_20261005T010720Z__greedy__minmax__london-0000030.instance-3bd5c0ea09__r00__d496e2bed1d5/result/trace.csv,runs/run_20261005T010720Z__greedy__minmax__london-0000030.instance-3bd5c0ea09__r00__d496e2bed1d5/result/trace.jsonl,6552.285597659102,CERTIFIED_CONTINUOUS,2.5833e-05,True,True,True,0.00038991599999999997,0.015310541999999927
local-search,1,heuristic,local-search,CERTIFIED,Release,50,,505.59438354670465,Apple LLVM 17.0.0 (clang-1700.6.3.2),"{""algorithm"":""local-search"",""cache_policy"":""auto"",""global_time_limit_sec"":5.0,""handovers_enabled"":true,""minsum_refinement_policy"":""CERTIFIED_BOUND"",""objective"":""minmax"",""per_static_time_limit_sec"":2.0,""profile"":""DEBUG"",""repeat"":0,""seed"":3600692926,""verify_after"":true,""verify_each_iteration"":true}",,0.000564,smoke10,,,False,algorithm-smoke-20261005-complete,smoke / development validation,False,False,0,0,False,True,11.9595695895499,88c683f46e83540a43aaab82d355020b429b6a26,5.0,True,0.0,london-0000030.instance-3bd5c0ea09,london-0000030.instance,2044.2770219967983,not-applicable,505.59438354670465,25,HEURISTIC_ADAPTIVE,2,False,0,2,1,2,minmax,6552.285597659102,FEASIBLE,6552.285597659102,17.109375,2.0,1.0,HEURISTIC_ADAPTIVE,0,auto,runs/run_20261005T010720Z__local-search__minmax__london-0000030.instance-3bd5c0ea09__r00__42338f2400ef/result/result.json,run_20261005T010720Z__local-search__minmax__london-0000030.instance-3bd5c0ea09__r00__42338f2400ef,591db3f765542a14b65b47f3a7ff9fe622974230e118bb75d30e659dc570b4a3,COMPLETED,3,42,local-search,0.000278333,runs/run_20261005T010720Z__local-search__minmax__london-0000030.instance-3bd5c0ea09__r00__42338f2400ef/result/solution.json,9.6375e-05,local-search,9.6375e-05,1,2.0,False,False,0.000418458,runs/run_20261005T010720Z__local-search__minmax__london-0000030.instance-3bd5c0ea09__r00__42338f2400ef/result/trace.csv,runs/run_20261005T010720Z__local-search__minmax__london-0000030.instance-3bd5c0ea09__r00__42338f2400ef/result/trace.jsonl,6552.285597659102,CERTIFIED_CONTINUOUS,2.4625e-05,True,True,True,0.000418458,0.01510020800000067
lp-rounding,1,heuristic,lp-rounding,CERTIFIED,Release,50,,945.5870702780646,Apple LLVM 17.0.0 (clang-1700.6.3.2),"{""algorithm"":""lp-rounding"",""cache_policy"":""auto"",""global_time_limit_sec"":5.0,""handovers_enabled"":true,""minsum_refinement_policy"":""CERTIFIED_BOUND"",""objective"":""minmax"",""per_static_time_limit_sec"":2.0,""profile"":""DEBUG"",""repeat"":0,""seed"":3667053473,""verify_after"":true,""verify_each_iteration"":true}",,0.000539,smoke10,,,False,algorithm-smoke-20261005-complete,smoke / development validation,False,False,0,2,False,True,5.929330786780216,88c683f46e83540a43aaab82d355020b429b6a26,5.0,True,0.0,london-0000030.instance-3bd5c0ea09,london-0000030.instance,2044.2770219967983,not-applicable,945.5870702780646,25,HEURISTIC_ADAPTIVE,2,False,0,2,1,2,minmax,6552.285597659102,FEASIBLE,6552.285597659102,17.265625,2.0,1.0,HEURISTIC_ADAPTIVE,0,auto,runs/run_20261005T010720Z__lp-rounding__minmax__london-0000030.instance-3bd5c0ea09__r00__d808409ecac0/result/result.json,run_20261005T010720Z__lp-rounding__minmax__london-0000030.instance-3bd5c0ea09__r00__d808409ecac0,48fc92d1b6a88e8cf417c9a3836bfc37a756bf931ff05e1c4e0aff773e5e39ac,COMPLETED,3,42,lp-rounding,0.000237541,runs/run_20261005T010720Z__lp-rounding__minmax__london-0000030.instance-3bd5c0ea09__r00__d808409ecac0/result/solution.json,0.000188958,lp-rounding,0.000188958,1,2.0,False,False,0.000466375,runs/run_20261005T010720Z__lp-rounding__minmax__london-0000030.instance-3bd5c0ea09__r00__d808409ecac0/result/trace.csv,runs/run_20261005T010720Z__lp-rounding__minmax__london-0000030.instance-3bd5c0ea09__r00__d808409ecac0/result/trace.jsonl,6552.285597659102,CERTIFIED_CONTINUOUS,2.225e-05,True,True,True,0.000466375,0.014954540999999821
nn,1,heuristic,nn,CERTIFIED,Release,50,,0.0,Apple LLVM 17.0.0 (clang-1700.6.3.2),"{""algorithm"":""nn"",""cache_policy"":""auto"",""global_time_limit_sec"":5.0,""handovers_enabled"":true,""minsum_refinement_policy"":""CERTIFIED_BOUND"",""objective"":""minmax"",""per_static_time_limit_sec"":2.0,""profile"":""DEBUG"",""repeat"":0,""seed"":2838626924,""verify_after"":true,""verify_each_iteration"":true}",,0.000414,smoke10,,,False,algorithm-smoke-20261005-complete,smoke / development validation,False,False,0,0,False,True,6552.285597659102,88c683f46e83540a43aaab82d355020b429b6a26,5.0,True,0.0,london-0000030.instance-3bd5c0ea09,london-0000030.instance,2044.2770219967983,not-applicable,0.0,25,HEURISTIC_ADAPTIVE,2,False,0,2,1,2,minmax,6552.285597659102,FEASIBLE,6552.285597659102,17.03125,2.0,1.0,HEURISTIC_ADAPTIVE,0,auto,runs/run_20261005T010720Z__nn__minmax__london-0000030.instance-3bd5c0ea09__r00__98357c4a4b6a/result/result.json,run_20261005T010720Z__nn__minmax__london-0000030.instance-3bd5c0ea09__r00__98357c4a4b6a,81f7409baea6807d8585010bf1f9566f796cf8f71dc34a2040705998d1f56408,COMPLETED,3,42,nn,0.000433834,runs/run_20261005T010720Z__nn__minmax__london-0000030.instance-3bd5c0ea09__r00__98357c4a4b6a/result/solution.json,6.6125e-05,nn,6.6125e-05,1,2.0,False,False,0.0005377499999999999,runs/run_20261005T010720Z__nn__minmax__london-0000030.instance-3bd5c0ea09__r00__98357c4a4b6a/result/trace.csv,runs/run_20261005T010720Z__nn__minmax__london-0000030.instance-3bd5c0ea09__r00__98357c4a4b6a/result/trace.jsonl,6552.285597659102,CERTIFIED_CONTINUOUS,2.1917e-05,True,True,True,0.0005377499999999999,0.01683866700000003
primal-dual,1,heuristic,primal-dual,CERTIFIED,Release,50,,0.0,Apple LLVM 17.0.0 (clang-1700.6.3.2),"{""algorithm"":""primal-dual"",""cache_policy"":""auto"",""global_time_limit_sec"":5.0,""handovers_enabled"":true,""minsum_refinement_policy"":""CERTIFIED_BOUND"",""objective"":""minmax"",""per_static_time_limit_sec"":2.0,""profile"":""DEBUG"",""repeat"":0,""seed"":952595592,""verify_after"":true,""verify_each_iteration"":true}",,0.000573,smoke10,,,False,algorithm-smoke-20261005-complete,smoke / development validation,False,False,0,0,False,True,172.2332696695054,88c683f46e83540a43aaab82d355020b429b6a26,5.0,True,37.82348281112259,london-0000030.instance-3bd5c0ea09,london-0000030.instance,2044.2770219967983,not-applicable,0.0,25,HEURISTIC_ADAPTIVE,2,False,0,2,1,2,minmax,6552.285597659102,FEASIBLE,6552.285597659102,17.0625,2.0,1.0,HEURISTIC_ADAPTIVE,0,auto,runs/run_20261005T010720Z__primal-dual__minmax__london-0000030.instance-3bd5c0ea09__r00__86f7e1c3a196/result/result.json,run_20261005T010720Z__primal-dual__minmax__london-0000030.instance-3bd5c0ea09__r00__86f7e1c3a196,6f27484eb022809d6fbaa86e1eca9cabadb8a8464dce66942e07f0166183ca3d,COMPLETED,3,42,primal-dual,0.00027387500000000003,runs/run_20261005T010720Z__primal-dual__minmax__london-0000030.instance-3bd5c0ea09__r00__86f7e1c3a196/result/solution.json,0.000101875,primal-dual,0.000101875,1,2.0,False,False,0.000418959,runs/run_20261005T010720Z__primal-dual__minmax__london-0000030.instance-3bd5c0ea09__r00__86f7e1c3a196/result/trace.csv,runs/run_20261005T010720Z__primal-dual__minmax__london-0000030.instance-3bd5c0ea09__r00__86f7e1c3a196/result/trace.jsonl,6552.285597659102,CERTIFIED_CONTINUOUS,2.4667e-05,True,True,True,0.000418959,0.015058749999999677
sa,1,heuristic,sa,CERTIFIED,Release,50,,505.59438354670465,Apple LLVM 17.0.0 (clang-1700.6.3.2),"{""algorithm"":""sa"",""cache_policy"":""auto"",""global_time_limit_sec"":5.0,""handovers_enabled"":true,""minsum_refinement_policy"":""CERTIFIED_BOUND"",""objective"":""minmax"",""per_static_time_limit_sec"":2.0,""profile"":""DEBUG"",""repeat"":0,""seed"":2459693800,""verify_after"":true,""verify_each_iteration"":true}",,0.007668,smoke10,,,False,algorithm-smoke-20261005-complete,smoke / development validation,False,False,0,0,False,True,11.9595695895499,88c683f46e83540a43aaab82d355020b429b6a26,5.0,True,0.0,london-0000030.instance-3bd5c0ea09,london-0000030.instance,2044.2770219967983,not-applicable,505.59438354670465,25,HEURISTIC_ADAPTIVE,2,False,0,2,1,2,minmax,6552.285597659102,FEASIBLE,6552.285597659102,16.984375,2.0,1.0,HEURISTIC_ADAPTIVE,0,auto,runs/run_20261005T010720Z__sa__minmax__london-0000030.instance-3bd5c0ea09__r00__1c1e162c516a/result/result.json,run_20261005T010720Z__sa__minmax__london-0000030.instance-3bd5c0ea09__r00__1c1e162c516a,e75eda70ba4cf8a6f3232e21834b94cf0d1b4d4ecea5086008e82b7a76476a25,COMPLETED,3,42,sa,0.000365625,runs/run_20261005T010720Z__sa__minmax__london-0000030.instance-3bd5c0ea09__r00__1c1e162c516a/result/solution.json,0.007091417,sa,0.007091417,1,2.0,False,False,0.007499499999999999,runs/run_20261005T010720Z__sa__minmax__london-0000030.instance-3bd5c0ea09__r00__1c1e162c516a/result/trace.csv,runs/run_20261005T010720Z__sa__minmax__london-0000030.instance-3bd5c0ea09__r00__1c1e162c516a/result/trace.jsonl,6552.285597659102,CERTIFIED_CONTINUOUS,2.1792e-05,True,True,True,0.007499499999999999,0.02525408399999929
shifting,1,heuristic,shifting,CERTIFIED,Release,50,,505.59438354670465,Apple LLVM 17.0.0 (clang-1700.6.3.2),"{""algorithm"":""shifting"",""cache_policy"":""auto"",""global_time_limit_sec"":5.0,""handovers_enabled"":true,""minsum_refinement_policy"":""CERTIFIED_BOUND"",""objective"":""minmax"",""per_static_time_limit_sec"":2.0,""profile"":""DEBUG"",""repeat"":0,""seed"":1638662432,""verify_after"":true,""verify_each_iteration"":true}",,0.010811,smoke10,,,False,algorithm-smoke-20261005-complete,smoke / development validation,False,False,0,0,False,True,11.9595695895499,88c683f46e83540a43aaab82d355020b429b6a26,5.0,True,0.0,london-0000030.instance-3bd5c0ea09,london-0000030.instance,2044.2770219967983,not-applicable,505.59438354670465,25,HEURISTIC_ADAPTIVE,2,False,0,2,1,2,minmax,6552.285597659102,FEASIBLE,6552.285597659102,17.25,2.0,1.0,HEURISTIC_ADAPTIVE,0,auto,runs/run_20261005T010720Z__shifting__minmax__london-0000030.instance-3bd5c0ea09__r00__47c75ee2c58f/result/result.json,run_20261005T010720Z__shifting__minmax__london-0000030.instance-3bd5c0ea09__r00__47c75ee2c58f,26a4187e077d9d50814c2b3163fbda1374a68d2f92b38ff67ef81bec69582752,COMPLETED,3,42,shifting,0.000314292,runs/run_20261005T010720Z__shifting__minmax__london-0000030.instance-3bd5c0ea09__r00__47c75ee2c58f/result/solution.json,0.005779125,shifting,0.005779125,1,2.0,False,False,0.006134,runs/run_20261005T010720Z__shifting__minmax__london-0000030.instance-3bd5c0ea09__r00__47c75ee2c58f/result/trace.csv,runs/run_20261005T010720Z__shifting__minmax__london-0000030.instance-3bd5c0ea09__r00__47c75ee2c58f/result/trace.jsonl,6552.285597659102,CERTIFIED_CONTINUOUS,2.4417e-05,True,True,True,0.006134,0.024299416999999934
branch-and-bound,1,exact_reference,branch-and-bound,CERTIFIED,Release,50,,0.0,Apple LLVM 17.0.0 (clang-1700.6.3.2),"{""algorithm"":""branch-and-bound"",""cache_policy"":""auto"",""global_time_limit_sec"":10.0,""handovers_enabled"":true,""minsum_refinement_policy"":""CERTIFIED_BOUND"",""objective"":""minsum"",""per_static_time_limit_sec"":2.0,""profile"":""DEBUG"",""repeat"":0,""seed"":1019597674,""verify_after"":true,""verify_each_iteration"":true}",,0.002732,smoke10,,,True,algorithm-smoke-20261005-complete,smoke / development validation,False,False,0,0,False,True,0.0,88c683f46e83540a43aaab82d355020b429b6a26,10.0,True,440.5953666189001,london-0000030.instance-3bd5c0ea09,london-0000030.instance,440.5953666189001,not-applicable,0.0,25,CERTIFIED_BOUND,2,False,0,10,5,10,minsum,440.5953666189001,FEASIBLE,1037.1800242816225,17.28125,2.0,1.0,CERTIFIED_BOUND,0,auto,runs/run_20261005T010720Z__branch-and-bound__minsum__london-0000030.instance-3bd5c0ea09__r00__2de04a65e8a1/result/result.json,run_20261005T010720Z__branch-and-bound__minsum__london-0000030.instance-3bd5c0ea09__r00__2de04a65e8a1,cde1208be4fb6a9a67ca306fbd5e00fd8e26bf330494c62b6b423959140e661e,COMPLETED,3,42,branch-and-bound,0.00037191700000000004,runs/run_20261005T010720Z__branch-and-bound__minsum__london-0000030.instance-3bd5c0ea09__r00__2de04a65e8a1/result/solution.json,0.0006026240000000002,branch-and-bound,0.0006026240000000002,1,2.0,False,False,0.0023649590000000002,runs/run_20261005T010720Z__branch-and-bound__minsum__london-0000030.instance-3bd5c0ea09__r00__2de04a65e8a1/result/trace.csv,runs/run_20261005T010720Z__branch-and-bound__minsum__london-0000030.instance-3bd5c0ea09__r00__2de04a65e8a1/result/trace.jsonl,440.5953666189001,CERTIFIED_CONTINUOUS,0.001376376,True,True,True,0.0023649590000000002,0.018527249999999995
genetic,1,heuristic,genetic,CERTIFIED,Release,50,,0.0,Apple LLVM 17.0.0 (clang-1700.6.3.2),"{""algorithm"":""genetic"",""cache_policy"":""auto"",""global_time_limit_sec"":5.0,""handovers_enabled"":true,""minsum_refinement_policy"":""CERTIFIED_BOUND"",""objective"":""minsum"",""per_static_time_limit_sec"":2.0,""profile"":""DEBUG"",""repeat"":0,""seed"":3367690986,""verify_after"":true,""verify_each_iteration"":true}",,0.1508,smoke10,,,False,algorithm-smoke-20261005-complete,smoke / development validation,False,False,0,0,False,True,0.3477760541851755,88c683f46e83540a43aaab82d355020b429b6a26,5.0,True,344.52213708744694,london-0000030.instance-3bd5c0ea09,london-0000030.instance,464.33868650316333,not-applicable,0.0,25,CERTIFIED_BOUND,2,False,0,12,6,12,minsum,464.33868650316333,FEASIBLE,1037.1800242816225,17.328125,2.0,1.0,CERTIFIED_BOUND,0,auto,runs/run_20261005T010720Z__genetic__minsum__london-0000030.instance-3bd5c0ea09__r00__ffeb1eddd8ac/result/result.json,run_20261005T010720Z__genetic__minsum__london-0000030.instance-3bd5c0ea09__r00__ffeb1eddd8ac,f290a3db36cd24f6cd9857b2bffc7660f873f276111657e3d6a070211bf45df4,COMPLETED,3,42,genetic,0.000372542,runs/run_20261005T010720Z__genetic__minsum__london-0000030.instance-3bd5c0ea09__r00__ffeb1eddd8ac/result/solution.json,0.149442958,genetic,0.149442958,1,2.0,False,False,0.150727459,runs/run_20261005T010720Z__genetic__minsum__london-0000030.instance-3bd5c0ea09__r00__ffeb1eddd8ac/result/trace.csv,runs/run_20261005T010720Z__genetic__minsum__london-0000030.instance-3bd5c0ea09__r00__ffeb1eddd8ac/result/trace.jsonl,464.33868650316333,CERTIFIED_CONTINUOUS,0.0008944160000000001,True,True,True,0.150727459,0.16538125000000026
greedy,1,heuristic,greedy,CERTIFIED,Release,50,,0.0,Apple LLVM 17.0.0 (clang-1700.6.3.2),"{""algorithm"":""greedy"",""cache_policy"":""auto"",""global_time_limit_sec"":5.0,""handovers_enabled"":true,""minsum_refinement_policy"":""CERTIFIED_BOUND"",""objective"":""minsum"",""per_static_time_limit_sec"":2.0,""profile"":""DEBUG"",""repeat"":0,""seed"":2212920723,""verify_after"":true,""verify_each_iteration"":true}",,0.002136,smoke10,,,False,algorithm-smoke-20261005-complete,smoke / development validation,False,False,0,0,False,True,0.3000142510424357,88c683f46e83540a43aaab82d355020b429b6a26,5.0,True,344.522137087447,london-0000030.instance-3bd5c0ea09,london-0000030.instance,447.88368801327675,not-applicable,0.0,25,CERTIFIED_BOUND,2,False,0,13,7,13,minsum,447.88368801327675,FEASIBLE,945.587070278064,17.375,2.0,1.0,CERTIFIED_BOUND,0,auto,runs/run_20261005T010720Z__greedy__minsum__london-0000030.instance-3bd5c0ea09__r00__d76a5e3d0e75/result/result.json,run_20261005T010720Z__greedy__minsum__london-0000030.instance-3bd5c0ea09__r00__d76a5e3d0e75,f583dad7e589199bcd6da47d1fd099a7dd54e4c7a3c77834f5133107fa8a7dd3,COMPLETED,3,42,greedy,0.000285292,runs/run_20261005T010720Z__greedy__minsum__london-0000030.instance-3bd5c0ea09__r00__d76a5e3d0e75/result/solution.json,0.000500251,greedy,0.000500251,1,2.0,False,False,0.001839584,runs/run_20261005T010720Z__greedy__minsum__london-0000030.instance-3bd5c0ea09__r00__d76a5e3d0e75/result/trace.csv,runs/run_20261005T010720Z__greedy__minsum__london-0000030.instance-3bd5c0ea09__r00__d76a5e3d0e75/result/trace.jsonl,447.88368801327675,CERTIFIED_CONTINUOUS,0.0010390829999999999,True,True,True,0.001839584,0.016158458000000486
local-search,1,heuristic,local-search,CERTIFIED,Release,50,,0.0,Apple LLVM 17.0.0 (clang-1700.6.3.2),"{""algorithm"":""local-search"",""cache_policy"":""auto"",""global_time_limit_sec"":5.0,""handovers_enabled"":true,""minsum_refinement_policy"":""CERTIFIED_BOUND"",""objective"":""minsum"",""per_static_time_limit_sec"":2.0,""profile"":""DEBUG"",""repeat"":0,""seed"":4068986101,""verify_after"":true,""verify_each_iteration"":true}",,0.002685,smoke10,,,False,algorithm-smoke-20261005-complete,smoke / development validation,False,False,0,0,False,True,0.3000142510424359,88c683f46e83540a43aaab82d355020b429b6a26,5.0,True,344.52213708744694,london-0000030.instance-3bd5c0ea09,london-0000030.instance,447.88368801327675,not-applicable,0.0,25,CERTIFIED_BOUND,2,False,0,13,7,13,minsum,447.88368801327675,FEASIBLE,945.587070278064,17.28125,2.0,1.0,CERTIFIED_BOUND,0,auto,runs/run_20261005T010720Z__local-search__minsum__london-0000030.instance-3bd5c0ea09__r00__2fcc858e8292/result/result.json,run_20261005T010720Z__local-search__minsum__london-0000030.instance-3bd5c0ea09__r00__2fcc858e8292,b6908495e2fac5bb3c97409cd9612a61c12b183733f188a0d464a87bccb25d53,COMPLETED,3,42,local-search,0.00032625000000000004,runs/run_20261005T010720Z__local-search__minsum__london-0000030.instance-3bd5c0ea09__r00__2fcc858e8292/result/solution.json,0.0007890419999999998,local-search,0.0007890419999999998,1,2.0,False,False,0.002209042,runs/run_20261005T010720Z__local-search__minsum__london-0000030.instance-3bd5c0ea09__r00__2fcc858e8292/result/trace.csv,runs/run_20261005T010720Z__local-search__minsum__london-0000030.instance-3bd5c0ea09__r00__2fcc858e8292/result/trace.jsonl,447.88368801327675,CERTIFIED_CONTINUOUS,0.001078125,True,True,True,0.002209042,0.016426167000000547
lp-rounding,1,heuristic,lp-rounding,CERTIFIED,Release,50,,0.0,Apple LLVM 17.0.0 (clang-1700.6.3.2),"{""algorithm"":""lp-rounding"",""cache_policy"":""auto"",""global_time_limit_sec"":5.0,""handovers_enabled"":true,""minsum_refinement_policy"":""CERTIFIED_BOUND"",""objective"":""minsum"",""per_static_time_limit_sec"":2.0,""profile"":""DEBUG"",""repeat"":0,""seed"":3481115898,""verify_after"":true,""verify_each_iteration"":true}",,0.003214,smoke10,,,False,algorithm-smoke-20261005-complete,smoke / development validation,False,False,0,10,False,True,0.0,88c683f46e83540a43aaab82d355020b429b6a26,5.0,True,440.5953666189001,london-0000030.instance-3bd5c0ea09,london-0000030.instance,440.5953666189001,not-applicable,0.0,25,CERTIFIED_BOUND,2,False,0,10,5,10,minsum,440.5953666189001,FEASIBLE,1037.1800242816225,17.390625,2.0,1.0,CERTIFIED_BOUND,0,auto,runs/run_20261005T010720Z__lp-rounding__minsum__london-0000030.instance-3bd5c0ea09__r00__105612b1da2d/result/result.json,run_20261005T010720Z__lp-rounding__minsum__london-0000030.instance-3bd5c0ea09__r00__105612b1da2d,c0b1d0064552ff806581b50408aef0729e73c68d736ef118b3824b86dc6e9ec8,COMPLETED,3,42,lp-rounding,0.000343541,runs/run_20261005T010720Z__lp-rounding__minsum__london-0000030.instance-3bd5c0ea09__r00__105612b1da2d/result/solution.json,0.0010347499999999999,lp-rounding,0.0010347499999999999,1,2.0,False,False,0.002796333,runs/run_20261005T010720Z__lp-rounding__minsum__london-0000030.instance-3bd5c0ea09__r00__105612b1da2d/result/trace.csv,runs/run_20261005T010720Z__lp-rounding__minsum__london-0000030.instance-3bd5c0ea09__r00__105612b1da2d/result/trace.jsonl,440.5953666189001,CERTIFIED_CONTINUOUS,0.001399959,True,True,True,0.002796333,0.01622666699999975
nn,1,heuristic,nn,CERTIFIED,Release,50,,0.0,Apple LLVM 17.0.0 (clang-1700.6.3.2),"{""algorithm"":""nn"",""cache_policy"":""auto"",""global_time_limit_sec"":5.0,""handovers_enabled"":true,""minsum_refinement_policy"":""CERTIFIED_BOUND"",""objective"":""minsum"",""per_static_time_limit_sec"":2.0,""profile"":""DEBUG"",""repeat"":0,""seed"":1110355151,""verify_after"":true,""verify_each_iteration"":true}",,0.00237,smoke10,,,False,algorithm-smoke-20261005-complete,smoke / development validation,False,False,0,0,False,True,447.88368801327675,88c683f46e83540a43aaab82d355020b429b6a26,5.0,True,0.0,london-0000030.instance-3bd5c0ea09,london-0000030.instance,447.88368801327675,not-applicable,0.0,25,CERTIFIED_BOUND,2,False,0,13,7,13,minsum,447.88368801327675,FEASIBLE,945.587070278064,17.296875,2.0,1.0,CERTIFIED_BOUND,0,auto,runs/run_20261005T010720Z__nn__minsum__london-0000030.instance-3bd5c0ea09__r00__0622cda5bf92/result/result.json,run_20261005T010720Z__nn__minsum__london-0000030.instance-3bd5c0ea09__r00__0622cda5bf92,facd7cb4d736c1bb42fe99198248ce6f9b60f5249da57acb22be404f9c6f04fb,COMPLETED,3,42,nn,0.00069025,runs/run_20261005T010720Z__nn__minsum__london-0000030.instance-3bd5c0ea09__r00__0622cda5bf92/result/solution.json,0.0005065400000000002,nn,0.0005065400000000002,1,2.0,False,False,0.00231175,runs/run_20261005T010720Z__nn__minsum__london-0000030.instance-3bd5c0ea09__r00__0622cda5bf92/result/trace.csv,runs/run_20261005T010720Z__nn__minsum__london-0000030.instance-3bd5c0ea09__r00__0622cda5bf92/result/trace.jsonl,447.88368801327675,CERTIFIED_CONTINUOUS,0.00110346,True,True,True,0.00231175,0.01633749999999967
primal-dual,1,heuristic,primal-dual,CERTIFIED,Release,50,,0.0,Apple LLVM 17.0.0 (clang-1700.6.3.2),"{""algorithm"":""primal-dual"",""cache_policy"":""auto"",""global_time_limit_sec"":5.0,""handovers_enabled"":true,""minsum_refinement_policy"":""CERTIFIED_BOUND"",""objective"":""minsum"",""per_static_time_limit_sec"":2.0,""profile"":""DEBUG"",""repeat"":0,""seed"":3847050723,""verify_after"":true,""verify_each_iteration"":true}",,0.002766,smoke10,,,False,algorithm-smoke-20261005-complete,smoke / development validation,False,False,0,0,False,True,25.359732967573297,88c683f46e83540a43aaab82d355020b429b6a26,5.0,True,17.80542554734005,london-0000030.instance-3bd5c0ea09,london-0000030.instance,469.3462628018914,not-applicable,0.0,25,CERTIFIED_BOUND,2,False,0,13,7,13,minsum,469.3462628018914,FEASIBLE,945.587070278064,17.375,2.0,1.0,CERTIFIED_BOUND,0,auto,runs/run_20261005T010720Z__primal-dual__minsum__london-0000030.instance-3bd5c0ea09__r00__617e9f9193b7/result/result.json,run_20261005T010720Z__primal-dual__minsum__london-0000030.instance-3bd5c0ea09__r00__617e9f9193b7,3565d8d01900aacaff8e98550e945484966fe075868402d2d578a78e66b24ad3,COMPLETED,3,42,primal-dual,0.00030320900000000003,runs/run_20261005T010720Z__primal-dual__minsum__london-0000030.instance-3bd5c0ea09__r00__617e9f9193b7/result/solution.json,0.0006613759999999998,primal-dual,0.0006613759999999998,1,2.0,False,False,0.002370708,runs/run_20261005T010720Z__primal-dual__minsum__london-0000030.instance-3bd5c0ea09__r00__617e9f9193b7/result/trace.csv,runs/run_20261005T010720Z__primal-dual__minsum__london-0000030.instance-3bd5c0ea09__r00__617e9f9193b7/result/trace.jsonl,469.3462628018914,CERTIFIED_CONTINUOUS,0.0013921650000000001,True,True,True,0.002370708,0.01629820800000026
sa,1,heuristic,sa,CERTIFIED,Release,50,,0.0,Apple LLVM 17.0.0 (clang-1700.6.3.2),"{""algorithm"":""sa"",""cache_policy"":""auto"",""global_time_limit_sec"":5.0,""handovers_enabled"":true,""minsum_refinement_policy"":""CERTIFIED_BOUND"",""objective"":""minsum"",""per_static_time_limit_sec"":2.0,""profile"":""DEBUG"",""repeat"":0,""seed"":1038290115,""verify_after"":true,""verify_each_iteration"":true}",,0.050162,smoke10,,,False,algorithm-smoke-20261005-complete,smoke / development validation,False,False,0,0,False,True,0.43179914324170193,88c683f46e83540a43aaab82d355020b429b6a26,5.0,True,327.80174860229056,london-0000030.instance-3bd5c0ea09,london-0000030.instance,469.3462628018914,not-applicable,0.0,25,CERTIFIED_BOUND,2,False,0,13,7,13,minsum,469.3462628018914,FEASIBLE,945.587070278064,17.328125,2.0,1.0,CERTIFIED_BOUND,0,auto,runs/run_20261005T010720Z__sa__minsum__london-0000030.instance-3bd5c0ea09__r00__a9aff2591691/result/result.json,run_20261005T010720Z__sa__minsum__london-0000030.instance-3bd5c0ea09__r00__a9aff2591691,b463cba9975302782bba241676cb2f25360547772f79f161a59fca23eac365e6,COMPLETED,3,42,sa,0.00034633300000000005,runs/run_20261005T010720Z__sa__minsum__london-0000030.instance-3bd5c0ea09__r00__a9aff2591691/result/solution.json,0.047745375,sa,0.047745375,1,2.0,False,False,0.0495615,runs/run_20261005T010720Z__sa__minsum__london-0000030.instance-3bd5c0ea09__r00__a9aff2591691/result/trace.csv,runs/run_20261005T010720Z__sa__minsum__london-0000030.instance-3bd5c0ea09__r00__a9aff2591691/result/trace.jsonl,469.3462628018914,CERTIFIED_CONTINUOUS,0.001452582,True,True,True,0.0495615,0.06341720899999981
shifting,1,heuristic,shifting,CERTIFIED,Release,50,,0.0,Apple LLVM 17.0.0 (clang-1700.6.3.2),"{""algorithm"":""shifting"",""cache_policy"":""auto"",""global_time_limit_sec"":5.0,""handovers_enabled"":true,""minsum_refinement_policy"":""CERTIFIED_BOUND"",""objective"":""minsum"",""per_static_time_limit_sec"":2.0,""profile"":""DEBUG"",""repeat"":0,""seed"":1550230731,""verify_after"":true,""verify_each_iteration"":true}",,0.072022,smoke10,,,False,algorithm-smoke-20261005-complete,smoke / development validation,False,False,0,0,False,True,0.3000142510424359,88c683f46e83540a43aaab82d355020b429b6a26,5.0,True,344.52213708744694,london-0000030.instance-3bd5c0ea09,london-0000030.instance,447.88368801327675,not-applicable,0.0,25,CERTIFIED_BOUND,2,False,0,13,7,13,minsum,447.88368801327675,FEASIBLE,945.587070278064,17.375,2.0,1.0,CERTIFIED_BOUND,0,auto,runs/run_20261005T010720Z__shifting__minsum__london-0000030.instance-3bd5c0ea09__r00__1d7aaaddb95b/result/result.json,run_20261005T010720Z__shifting__minsum__london-0000030.instance-3bd5c0ea09__r00__1d7aaaddb95b,211bb5553d5d0081053acabf0ff9c3948f66870f7b04468e50e58d826bcf1904,COMPLETED,3,42,shifting,0.00036974999999999996,runs/run_20261005T010720Z__shifting__minsum__london-0000030.instance-3bd5c0ea09__r00__1d7aaaddb95b/result/solution.json,0.035416876,shifting,0.035416876,1,2.0,False,False,0.0368625,runs/run_20261005T010720Z__shifting__minsum__london-0000030.instance-3bd5c0ea09__r00__1d7aaaddb95b/result/trace.csv,runs/run_20261005T010720Z__shifting__minsum__london-0000030.instance-3bd5c0ea09__r00__1d7aaaddb95b/result/trace.jsonl,447.88368801327675,CERTIFIED_CONTINUOUS,0.0010597900000000001,True,True,True,0.0368625,0.05144512499999987
branch-and-bound,1,exact_reference,branch-and-bound,CERTIFIED,Release,25,52.593684208720134,159.98208145964492,Apple LLVM 17.0.0 (clang-1700.6.3.2),"{""algorithm"":""branch-and-bound"",""cache_policy"":""auto"",""global_time_limit_sec"":10.0,""handovers_enabled"":true,""minsum_refinement_policy"":""CERTIFIED_BOUND"",""objective"":""minmax"",""per_static_time_limit_sec"":2.0,""profile"":""DEBUG"",""repeat"":0,""seed"":890800462,""verify_after"":true,""verify_each_iteration"":true}",,0.000779,smoke10,,,True,algorithm-smoke-20261005-complete,smoke / development validation,False,False,0,0,False,True,52.593684208720134,88c683f46e83540a43aaab82d355020b429b6a26,10.0,True,0.0,sbgdb-20200507-fpg-poly_0000000030-f90cd72a4c,sbgdb-20200507-fpg-poly_0000000030,1903.3162347245036,not-applicable,159.98208145964492,25,HEURISTIC_ADAPTIVE,1,False,0,2,1,2,minmax,8574.02915280195,FEASIBLE,8574.02915280195,17.0,2.0,1.0,HEURISTIC_ADAPTIVE,0,auto,runs/run_20261005T010720Z__branch-and-bound__minmax__sbgdb-20200507-fpg-poly_0000000030-f90__r00__11ff63ee5e81/result/result.json,run_20261005T010720Z__branch-and-bound__minmax__sbgdb-20200507-fpg-poly_0000000030-f90__r00__11ff63ee5e81,cba331806185b024fd1f78135bf49c0706cd9cd1d4162df62061efa3fa7c7066,COMPLETED,3,42,branch-and-bound,0.000385792,runs/run_20261005T010720Z__branch-and-bound__minmax__sbgdb-20200507-fpg-poly_0000000030-f90__r00__11ff63ee5e81/result/solution.json,7.3833e-05,branch-and-bound,7.3833e-05,1,2.0,False,False,0.000508292,runs/run_20261005T010720Z__branch-and-bound__minmax__sbgdb-20200507-fpg-poly_0000000030-f90__r00__11ff63ee5e81/result/trace.csv,runs/run_20261005T010720Z__branch-and-bound__minmax__sbgdb-20200507-fpg-poly_0000000030-f90__r00__11ff63ee5e81/result/trace.jsonl,8574.02915280195,CERTIFIED_CONTINUOUS,3.2875e-05,True,True,True,0.000508292,0.016893750000000374
genetic,1,heuristic,genetic,CERTIFIED,Release,25,,159.98208145964492,Apple LLVM 17.0.0 (clang-1700.6.3.2),"{""algorithm"":""genetic"",""cache_policy"":""auto"",""global_time_limit_sec"":5.0,""handovers_enabled"":true,""minsum_refinement_policy"":""CERTIFIED_BOUND"",""objective"":""minmax"",""per_static_time_limit_sec"":2.0,""profile"":""DEBUG"",""repeat"":0,""seed"":2000215808,""verify_after"":true,""verify_each_iteration"":true}",,0.026781,smoke10,,,False,algorithm-smoke-20261005-complete,smoke / development validation,False,False,0,0,False,True,52.593684208720134,88c683f46e83540a43aaab82d355020b429b6a26,5.0,True,0.0,sbgdb-20200507-fpg-poly_0000000030-f90cd72a4c,sbgdb-20200507-fpg-poly_0000000030,1903.3162347245036,not-applicable,159.98208145964492,25,HEURISTIC_ADAPTIVE,1,False,0,2,1,2,minmax,8574.02915280195,FEASIBLE,8574.02915280195,17.140625,2.0,1.0,HEURISTIC_ADAPTIVE,0,auto,runs/run_20261005T010720Z__genetic__minmax__sbgdb-20200507-fpg-poly_0000000030-f90__r00__3eef0dd6530b/result/result.json,run_20261005T010720Z__genetic__minmax__sbgdb-20200507-fpg-poly_0000000030-f90__r00__3eef0dd6530b,bdfff4399654f8a4b5fc7da8a4f66c348cfad7a31760c68a07bfa8296213354c,COMPLETED,3,42,genetic,0.000382625,runs/run_20261005T010720Z__genetic__minmax__sbgdb-20200507-fpg-poly_0000000030-f90__r00__3eef0dd6530b/result/solution.json,0.026661625,genetic,0.026661625,1,2.0,False,False,0.027100541,runs/run_20261005T010720Z__genetic__minmax__sbgdb-20200507-fpg-poly_0000000030-f90__r00__3eef0dd6530b/result/trace.csv,runs/run_20261005T010720Z__genetic__minmax__sbgdb-20200507-fpg-poly_0000000030-f90__r00__3eef0dd6530b/result/trace.jsonl,8574.02915280195,CERTIFIED_CONTINUOUS,3.725e-05,True,True,True,0.027100541,0.044037249999999695
greedy,1,heuristic,greedy,CERTIFIED,Release,25,,159.98208145964492,Apple LLVM 17.0.0 (clang-1700.6.3.2),"{""algorithm"":""greedy"",""cache_policy"":""auto"",""global_time_limit_sec"":5.0,""handovers_enabled"":true,""minsum_refinement_policy"":""CERTIFIED_BOUND"",""objective"":""minmax"",""per_static_time_limit_sec"":2.0,""profile"":""DEBUG"",""repeat"":0,""seed"":1787368799,""verify_after"":true,""verify_each_iteration"":true}",,0.000624,smoke10,,,False,algorithm-smoke-20261005-complete,smoke / development validation,False,False,0,0,False,True,52.593684208720134,88c683f46e83540a43aaab82d355020b429b6a26,5.0,True,0.0,sbgdb-20200507-fpg-poly_0000000030-f90cd72a4c,sbgdb-20200507-fpg-poly_0000000030,1903.3162347245036,not-applicable,159.98208145964492,25,HEURISTIC_ADAPTIVE,1,False,0,2,1,2,minmax,8574.02915280195,FEASIBLE,8574.02915280195,17.0625,2.0,1.0,HEURISTIC_ADAPTIVE,0,auto,runs/run_20261005T010720Z__greedy__minmax__sbgdb-20200507-fpg-poly_0000000030-f90__r00__d1b5eff5c936/result/result.json,run_20261005T010720Z__greedy__minmax__sbgdb-20200507-fpg-poly_0000000030-f90__r00__d1b5eff5c936,1109e569d0bd942bad122255faac2e8a9bdf266e93559cfa5ab00bc9d3fbbbab,COMPLETED,3,42,greedy,0.000323041,runs/run_20261005T010720Z__greedy__minmax__sbgdb-20200507-fpg-poly_0000000030-f90__r00__d1b5eff5c936/result/solution.json,5.5417e-05,greedy,5.5417e-05,1,2.0,False,False,0.00043116599999999997,runs/run_20261005T010720Z__greedy__minmax__sbgdb-20200507-fpg-poly_0000000030-f90__r00__d1b5eff5c936/result/trace.csv,runs/run_20261005T010720Z__greedy__minmax__sbgdb-20200507-fpg-poly_0000000030-f90__r00__d1b5eff5c936/result/trace.jsonl,8574.02915280195,CERTIFIED_CONTINUOUS,3.5167e-05,True,True,True,0.00043116599999999997,0.017064332999999543
local-search,1,heuristic,local-search,CERTIFIED,Release,25,,159.98208145964492,Apple LLVM 17.0.0 (clang-1700.6.3.2),"{""algorithm"":""local-search"",""cache_policy"":""auto"",""global_time_limit_sec"":5.0,""handovers_enabled"":true,""minsum_refinement_policy"":""CERTIFIED_BOUND"",""objective"":""minmax"",""per_static_time_limit_sec"":2.0,""profile"":""DEBUG"",""repeat"":0,""seed"":2918332381,""verify_after"":true,""verify_each_iteration"":true}",,0.000649,smoke10,,,False,algorithm-smoke-20261005-complete,smoke / development validation,False,False,0,0,False,True,52.593684208720134,88c683f46e83540a43aaab82d355020b429b6a26,5.0,True,0.0,sbgdb-20200507-fpg-poly_0000000030-f90cd72a4c,sbgdb-20200507-fpg-poly_0000000030,1903.3162347245036,not-applicable,159.98208145964492,25,HEURISTIC_ADAPTIVE,1,False,0,2,1,2,minmax,8574.02915280195,FEASIBLE,8574.02915280195,17.140625,2.0,1.0,HEURISTIC_ADAPTIVE,0,auto,runs/run_20261005T010721Z__local-search__minmax__sbgdb-20200507-fpg-poly_0000000030-f90__r00__663cd5ed60e6/result/result.json,run_20261005T010721Z__local-search__minmax__sbgdb-20200507-fpg-poly_0000000030-f90__r00__663cd5ed60e6,63a6fbaf2e9155faaf81612e1c81ded4b7d3f8222e4d6349bd4984eaab18081b,COMPLETED,3,42,local-search,0.000366833,runs/run_20261005T010721Z__local-search__minmax__sbgdb-20200507-fpg-poly_0000000030-f90__r00__663cd5ed60e6/result/solution.json,9.5751e-05,local-search,9.5751e-05,1,2.0,False,False,0.000517333,runs/run_20261005T010721Z__local-search__minmax__sbgdb-20200507-fpg-poly_0000000030-f90__r00__663cd5ed60e6/result/trace.csv,runs/run_20261005T010721Z__local-search__minmax__sbgdb-20200507-fpg-poly_0000000030-f90__r00__663cd5ed60e6/result/trace.jsonl,8574.02915280195,CERTIFIED_CONTINUOUS,3.575e-05,True,True,True,0.000517333,0.015006582999999907
lp-rounding,1,heuristic,lp-rounding,CERTIFIED,Release,25,,159.98208145964492,Apple LLVM 17.0.0 (clang-1700.6.3.2),"{""algorithm"":""lp-rounding"",""cache_policy"":""auto"",""global_time_limit_sec"":5.0,""handovers_enabled"":true,""minsum_refinement_policy"":""CERTIFIED_BOUND"",""objective"":""minmax"",""per_static_time_limit_sec"":2.0,""profile"":""DEBUG"",""repeat"":0,""seed"":3345786128,""verify_after"":true,""verify_each_iteration"":true}",,0.000509,smoke10,,,False,algorithm-smoke-20261005-complete,smoke / development validation,False,False,0,2,False,True,52.593684208720134,88c683f46e83540a43aaab82d355020b429b6a26,5.0,True,0.0,sbgdb-20200507-fpg-poly_0000000030-f90cd72a4c,sbgdb-20200507-fpg-poly_0000000030,1903.3162347245036,not-applicable,159.98208145964492,25,HEURISTIC_ADAPTIVE,1,False,0,2,1,2,minmax,8574.02915280195,FEASIBLE,8574.02915280195,17.15625,2.0,1.0,HEURISTIC_ADAPTIVE,0,auto,runs/run_20261005T010721Z__lp-rounding__minmax__sbgdb-20200507-fpg-poly_0000000030-f90__r00__6c0061e5c380/result/result.json,run_20261005T010721Z__lp-rounding__minmax__sbgdb-20200507-fpg-poly_0000000030-f90__r00__6c0061e5c380,2e06d4d7ce8c237f826933a2a36d081c2635fd7cb5ab3063a48f68bc5235ac24,COMPLETED,3,42,lp-rounding,0.000241458,runs/run_20261005T010721Z__lp-rounding__minmax__sbgdb-20200507-fpg-poly_0000000030-f90__r00__6c0061e5c380/result/solution.json,0.000124999,lp-rounding,0.000124999,1,2.0,False,False,0.000417791,runs/run_20261005T010721Z__lp-rounding__minmax__sbgdb-20200507-fpg-poly_0000000030-f90__r00__6c0061e5c380/result/trace.csv,runs/run_20261005T010721Z__lp-rounding__minmax__sbgdb-20200507-fpg-poly_0000000030-f90__r00__6c0061e5c380/result/trace.jsonl,8574.02915280195,CERTIFIED_CONTINUOUS,3.4584e-05,True,True,True,0.000417791,0.01529241599999942
nn,1,heuristic,nn,CERTIFIED,Release,25,,0.0,Apple LLVM 17.0.0 (clang-1700.6.3.2),"{""algorithm"":""nn"",""cache_policy"":""auto"",""global_time_limit_sec"":5.0,""handovers_enabled"":true,""minsum_refinement_policy"":""CERTIFIED_BOUND"",""objective"":""minmax"",""per_static_time_limit_sec"":2.0,""profile"":""DEBUG"",""repeat"":0,""seed"":3029038659,""verify_after"":true,""verify_each_iteration"":true}",,0.000547,smoke10,,,False,algorithm-smoke-20261005-complete,smoke / development validation,False,False,0,0,False,True,8574.02915280195,88c683f46e83540a43aaab82d355020b429b6a26,5.0,True,0.0,sbgdb-20200507-fpg-poly_0000000030-f90cd72a4c,sbgdb-20200507-fpg-poly_0000000030,1903.3162347245036,not-applicable,0.0,25,HEURISTIC_ADAPTIVE,1,False,0,2,1,2,minmax,8574.02915280195,FEASIBLE,8574.02915280195,17.0,2.0,1.0,HEURISTIC_ADAPTIVE,0,auto,runs/run_20261005T010721Z__nn__minmax__sbgdb-20200507-fpg-poly_0000000030-f90__r00__209980e03688/result/result.json,run_20261005T010721Z__nn__minmax__sbgdb-20200507-fpg-poly_0000000030-f90__r00__209980e03688,c438f6b5551010776724058c329d394bdf181373f8ecd22097b975f4d75e0b48,COMPLETED,3,42,nn,0.00030816599999999996,runs/run_20261005T010721Z__nn__minmax__sbgdb-20200507-fpg-poly_0000000030-f90__r00__209980e03688/result/solution.json,5.8292000000000004e-05,nn,5.8292000000000004e-05,1,2.0,False,False,0.000418291,runs/run_20261005T010721Z__nn__minmax__sbgdb-20200507-fpg-poly_0000000030-f90__r00__209980e03688/result/trace.csv,runs/run_20261005T010721Z__nn__minmax__sbgdb-20200507-fpg-poly_0000000030-f90__r00__209980e03688/result/trace.jsonl,8574.02915280195,CERTIFIED_CONTINUOUS,3.5917e-05,True,True,True,0.000418291,0.014754833000000467
primal-dual,1,heuristic,primal-dual,CERTIFIED,Release,25,,0.0,Apple LLVM 17.0.0 (clang-1700.6.3.2),"{""algorithm"":""primal-dual"",""cache_policy"":""auto"",""global_time_limit_sec"":5.0,""handovers_enabled"":true,""minsum_refinement_policy"":""CERTIFIED_BOUND"",""objective"":""minmax"",""per_static_time_limit_sec"":2.0,""profile"":""DEBUG"",""repeat"":0,""seed"":4085856685,""verify_after"":true,""verify_each_iteration"":true}",,0.000574,smoke10,,,False,algorithm-smoke-20261005-complete,smoke / development validation,False,False,0,0,False,True,1338.8421052180033,88c683f46e83540a43aaab82d355020b429b6a26,5.0,True,6.399283258385797,sbgdb-20200507-fpg-poly_0000000030-f90cd72a4c,sbgdb-20200507-fpg-poly_0000000030,1903.3162347245036,not-applicable,0.0,25,HEURISTIC_ADAPTIVE,1,False,0,2,1,2,minmax,8574.02915280195,FEASIBLE,8574.02915280195,17.078125,2.0,1.0,HEURISTIC_ADAPTIVE,0,auto,runs/run_20261005T010721Z__primal-dual__minmax__sbgdb-20200507-fpg-poly_0000000030-f90__r00__56fd60ce7389/result/result.json,run_20261005T010721Z__primal-dual__minmax__sbgdb-20200507-fpg-poly_0000000030-f90__r00__56fd60ce7389,ce681c3c3b71d4e5afcac70b44e36ff1ee04362706429c35ce690d27ea59903e,COMPLETED,3,42,primal-dual,0.00039241600000000003,runs/run_20261005T010721Z__primal-dual__minmax__sbgdb-20200507-fpg-poly_0000000030-f90__r00__56fd60ce7389/result/solution.json,6.387600000000001e-05,primal-dual,6.387600000000001e-05,1,2.0,False,False,0.0005060829999999999,runs/run_20261005T010721Z__primal-dual__minmax__sbgdb-20200507-fpg-poly_0000000030-f90__r00__56fd60ce7389/result/trace.csv,runs/run_20261005T010721Z__primal-dual__minmax__sbgdb-20200507-fpg-poly_0000000030-f90__r00__56fd60ce7389/result/trace.jsonl,8574.02915280195,CERTIFIED_CONTINUOUS,3.4083e-05,True,True,True,0.0005060829999999999,0.015634540999999835
sa,1,heuristic,sa,CERTIFIED,Release,25,,159.98208145964492,Apple LLVM 17.0.0 (clang-1700.6.3.2),"{""algorithm"":""sa"",""cache_policy"":""auto"",""global_time_limit_sec"":5.0,""handovers_enabled"":true,""minsum_refinement_policy"":""CERTIFIED_BOUND"",""objective"":""minmax"",""per_static_time_limit_sec"":2.0,""profile"":""DEBUG"",""repeat"":0,""seed"":1152946571,""verify_after"":true,""verify_each_iteration"":true}",,0.006866,smoke10,,,False,algorithm-smoke-20261005-complete,smoke / development validation,False,False,0,0,False,True,52.593684208720134,88c683f46e83540a43aaab82d355020b429b6a26,5.0,True,0.0,sbgdb-20200507-fpg-poly_0000000030-f90cd72a4c,sbgdb-20200507-fpg-poly_0000000030,1903.3162347245036,not-applicable,159.98208145964492,25,HEURISTIC_ADAPTIVE,1,False,0,2,1,2,minmax,8574.02915280195,FEASIBLE,8574.02915280195,17.09375,2.0,1.0,HEURISTIC_ADAPTIVE,0,auto,runs/run_20261005T010721Z__sa__minmax__sbgdb-20200507-fpg-poly_0000000030-f90__r00__e58ee83ad2b7/result/result.json,run_20261005T010721Z__sa__minmax__sbgdb-20200507-fpg-poly_0000000030-f90__r00__e58ee83ad2b7,794648dd3c7f5747d4830d22f68198be8a5b29c8b8a15aca853c0809246f1deb,COMPLETED,3,42,sa,0.000316667,runs/run_20261005T010721Z__sa__minmax__sbgdb-20200507-fpg-poly_0000000030-f90__r00__e58ee83ad2b7/result/solution.json,0.006287584,sa,0.006287584,1,2.0,False,False,0.006656875,runs/run_20261005T010721Z__sa__minmax__sbgdb-20200507-fpg-poly_0000000030-f90__r00__e58ee83ad2b7/result/trace.csv,runs/run_20261005T010721Z__sa__minmax__sbgdb-20200507-fpg-poly_0000000030-f90__r00__e58ee83ad2b7/result/trace.jsonl,8574.02915280195,CERTIFIED_CONTINUOUS,3.4333e-05,True,True,True,0.006656875,0.020506999999999387
shifting,1,heuristic,shifting,CERTIFIED,Release,25,,159.98208145964492,Apple LLVM 17.0.0 (clang-1700.6.3.2),"{""algorithm"":""shifting"",""cache_policy"":""auto"",""global_time_limit_sec"":5.0,""handovers_enabled"":true,""minsum_refinement_policy"":""CERTIFIED_BOUND"",""objective"":""minmax"",""per_static_time_limit_sec"":2.0,""profile"":""DEBUG"",""repeat"":0,""seed"":1349136363,""verify_after"":true,""verify_each_iteration"":true}",,0.005634,smoke10,,,False,algorithm-smoke-20261005-complete,smoke / development validation,False,False,0,0,False,True,52.593684208720134,88c683f46e83540a43aaab82d355020b429b6a26,5.0,True,0.0,sbgdb-20200507-fpg-poly_0000000030-f90cd72a4c,sbgdb-20200507-fpg-poly_0000000030,1903.3162347245036,not-applicable,159.98208145964492,25,HEURISTIC_ADAPTIVE,1,False,0,2,1,2,minmax,8574.02915280195,FEASIBLE,8574.02915280195,17.265625,2.0,1.0,HEURISTIC_ADAPTIVE,0,auto,runs/run_20261005T010721Z__shifting__minmax__sbgdb-20200507-fpg-poly_0000000030-f90__r00__1ff625335f01/result/result.json,run_20261005T010721Z__shifting__minmax__sbgdb-20200507-fpg-poly_0000000030-f90__r00__1ff625335f01,199f4e5907127b95f60261058352f28b45dba97c3f554e5233707c7971fd26ca,COMPLETED,3,42,shifting,0.000304583,runs/run_20261005T010721Z__shifting__minmax__sbgdb-20200507-fpg-poly_0000000030-f90__r00__1ff625335f01/result/solution.json,0.0027192089999999998,shifting,0.0027192089999999998,1,2.0,False,False,0.003070208,runs/run_20261005T010721Z__shifting__minmax__sbgdb-20200507-fpg-poly_0000000030-f90__r00__1ff625335f01/result/trace.csv,runs/run_20261005T010721Z__shifting__minmax__sbgdb-20200507-fpg-poly_0000000030-f90__r00__1ff625335f01/result/trace.jsonl,8574.02915280195,CERTIFIED_CONTINUOUS,3.1624999999999996e-05,True,True,True,0.003070208,0.016983291999999928
branch-and-bound,1,exact_reference,branch-and-bound,CERTIFIED,Release,25,,0.0,Apple LLVM 17.0.0 (clang-1700.6.3.2),"{""algorithm"":""branch-and-bound"",""cache_policy"":""auto"",""global_time_limit_sec"":10.0,""handovers_enabled"":true,""minsum_refinement_policy"":""CERTIFIED_BOUND"",""objective"":""minsum"",""per_static_time_limit_sec"":2.0,""profile"":""DEBUG"",""repeat"":0,""seed"":1020851557,""verify_after"":true,""verify_each_iteration"":true}",,0.000951,smoke10,,,True,algorithm-smoke-20261005-complete,smoke / development validation,False,False,0,0,False,True,0.13735670407421188,88c683f46e83540a43aaab82d355020b429b6a26,10.0,True,338.9293361148363,sbgdb-20200507-fpg-poly_0000000030-f90cd72a4c,sbgdb-20200507-fpg-poly_0000000030,385.48355263763096,not-applicable,0.0,25,CERTIFIED_BOUND,1,False,0,10,4,10,minsum,385.48355263763096,FEASIBLE,1092.124813622804,17.234375,2.0,1.0,CERTIFIED_BOUND,0,auto,runs/run_20261005T010721Z__branch-and-bound__minsum__sbgdb-20200507-fpg-poly_0000000030-f90__r00__e7034cb4426e/result/result.json,run_20261005T010721Z__branch-and-bound__minsum__sbgdb-20200507-fpg-poly_0000000030-f90__r00__e7034cb4426e,d852032221e7c2470c5d8a9497a3d9b3309d70c59063f34f68e6610d79a4d7d1,COMPLETED,3,42,branch-and-bound,0.000333542,runs/run_20261005T010721Z__branch-and-bound__minsum__sbgdb-20200507-fpg-poly_0000000030-f90__r00__e7034cb4426e/result/solution.json,0.00016600099999999998,branch-and-bound,0.00016600099999999998,1,2.0,False,False,0.000657041,runs/run_20261005T010721Z__branch-and-bound__minsum__sbgdb-20200507-fpg-poly_0000000030-f90__r00__e7034cb4426e/result/trace.csv,runs/run_20261005T010721Z__branch-and-bound__minsum__sbgdb-20200507-fpg-poly_0000000030-f90__r00__e7034cb4426e/result/trace.jsonl,385.48355263763096,CERTIFIED_CONTINUOUS,0.00014208300000000002,True,True,True,0.000657041,0.015727917000000424
genetic,1,heuristic,genetic,CERTIFIED,Release,25,,0.0,Apple LLVM 17.0.0 (clang-1700.6.3.2),"{""algorithm"":""genetic"",""cache_policy"":""auto"",""global_time_limit_sec"":5.0,""handovers_enabled"":true,""minsum_refinement_policy"":""CERTIFIED_BOUND"",""objective"":""minsum"",""per_static_time_limit_sec"":2.0,""profile"":""DEBUG"",""repeat"":0,""seed"":1062869163,""verify_after"":true,""verify_each_iteration"":true}",,0.12198,smoke10,,,False,algorithm-smoke-20261005-complete,smoke / development validation,False,False,0,0,False,True,0.13735670407421188,88c683f46e83540a43aaab82d355020b429b6a26,5.0,True,338.9293361148363,sbgdb-20200507-fpg-poly_0000000030-f90cd72a4c,sbgdb-20200507-fpg-poly_0000000030,385.48355263763096,not-applicable,0.0,25,CERTIFIED_BOUND,1,False,0,10,4,10,minsum,385.48355263763096,FEASIBLE,1092.124813622804,17.140625,2.0,1.0,CERTIFIED_BOUND,0,auto,runs/run_20261005T010721Z__genetic__minsum__sbgdb-20200507-fpg-poly_0000000030-f90__r00__88742a117511/result/result.json,run_20261005T010721Z__genetic__minsum__sbgdb-20200507-fpg-poly_0000000030-f90__r00__88742a117511,18179d02b4df4fd282c97ce8cef04828e086f7ab65779498fbd0f903cbff2bce,COMPLETED,3,42,genetic,0.00030425,runs/run_20261005T010721Z__genetic__minsum__sbgdb-20200507-fpg-poly_0000000030-f90__r00__88742a117511/result/solution.json,0.121723293,genetic,0.121723293,1,2.0,False,False,0.122191459,runs/run_20261005T010721Z__genetic__minsum__sbgdb-20200507-fpg-poly_0000000030-f90__r00__88742a117511/result/trace.csv,runs/run_20261005T010721Z__genetic__minsum__sbgdb-20200507-fpg-poly_0000000030-f90__r00__88742a117511/result/trace.jsonl,385.48355263763096,CERTIFIED_CONTINUOUS,0.000144916,True,True,True,0.122191459,0.13641766599999983
greedy,1,heuristic,greedy,CERTIFIED,Release,25,,0.0,Apple LLVM 17.0.0 (clang-1700.6.3.2),"{""algorithm"":""greedy"",""cache_policy"":""auto"",""global_time_limit_sec"":5.0,""handovers_enabled"":true,""minsum_refinement_policy"":""CERTIFIED_BOUND"",""objective"":""minsum"",""per_static_time_limit_sec"":2.0,""profile"":""DEBUG"",""repeat"":0,""seed"":1732959836,""verify_after"":true,""verify_each_iteration"":true}",,0.000704,smoke10,,,False,algorithm-smoke-20261005-complete,smoke / development validation,False,False,0,0,False,True,0.13735670407421188,88c683f46e83540a43aaab82d355020b429b6a26,5.0,True,338.9293361148363,sbgdb-20200507-fpg-poly_0000000030-f90cd72a4c,sbgdb-20200507-fpg-poly_0000000030,385.48355263763096,not-applicable,0.0,25,CERTIFIED_BOUND,1,False,0,10,4,10,minsum,385.48355263763096,FEASIBLE,1092.124813622804,17.140625,2.0,1.0,CERTIFIED_BOUND,0,auto,runs/run_20261005T010721Z__greedy__minsum__sbgdb-20200507-fpg-poly_0000000030-f90__r00__2a4f60a61449/result/result.json,run_20261005T010721Z__greedy__minsum__sbgdb-20200507-fpg-poly_0000000030-f90__r00__2a4f60a61449,7165ce78fdb2f8228d30c5556dff711b4f5a14f7ea84c011ea5b9865a63f3506,COMPLETED,3,42,greedy,0.00025712500000000003,runs/run_20261005T010721Z__greedy__minsum__sbgdb-20200507-fpg-poly_0000000030-f90__r00__2a4f60a61449/result/solution.json,0.00014291699999999997,greedy,0.00014291699999999997,1,2.0,False,False,0.00055425,runs/run_20261005T010721Z__greedy__minsum__sbgdb-20200507-fpg-poly_0000000030-f90__r00__2a4f60a61449/result/trace.csv,runs/run_20261005T010721Z__greedy__minsum__sbgdb-20200507-fpg-poly_0000000030-f90__r00__2a4f60a61449/result/trace.jsonl,385.48355263763096,CERTIFIED_CONTINUOUS,0.000140333,True,True,True,0.00055425,0.014525167000000394
local-search,1,heuristic,local-search,CERTIFIED,Release,25,,0.0,Apple LLVM 17.0.0 (clang-1700.6.3.2),"{""algorithm"":""local-search"",""cache_policy"":""auto"",""global_time_limit_sec"":5.0,""handovers_enabled"":true,""minsum_refinement_policy"":""CERTIFIED_BOUND"",""objective"":""minsum"",""per_static_time_limit_sec"":2.0,""profile"":""DEBUG"",""repeat"":0,""seed"":2953482014,""verify_after"":true,""verify_each_iteration"":true}",,0.000919,smoke10,,,False,algorithm-smoke-20261005-complete,smoke / development validation,False,False,0,0,False,True,0.13735670407421188,88c683f46e83540a43aaab82d355020b429b6a26,5.0,True,338.9293361148363,sbgdb-20200507-fpg-poly_0000000030-f90cd72a4c,sbgdb-20200507-fpg-poly_0000000030,385.48355263763096,not-applicable,0.0,25,CERTIFIED_BOUND,1,False,0,10,4,10,minsum,385.48355263763096,FEASIBLE,1092.124813622804,17.21875,2.0,1.0,CERTIFIED_BOUND,0,auto,runs/run_20261005T010721Z__local-search__minsum__sbgdb-20200507-fpg-poly_0000000030-f90__r00__e857e2a95449/result/result.json,run_20261005T010721Z__local-search__minsum__sbgdb-20200507-fpg-poly_0000000030-f90__r00__e857e2a95449,697636274befae0dba0a1b22366e70cff5bd753d83b133e5be91e07465eb64eb,COMPLETED,3,42,local-search,0.000280625,runs/run_20261005T010721Z__local-search__minsum__sbgdb-20200507-fpg-poly_0000000030-f90__r00__e857e2a95449/result/solution.json,0.000252376,local-search,0.000252376,1,2.0,False,False,0.000689251,runs/run_20261005T010721Z__local-search__minsum__sbgdb-20200507-fpg-poly_0000000030-f90__r00__e857e2a95449/result/trace.csv,runs/run_20261005T010721Z__local-search__minsum__sbgdb-20200507-fpg-poly_0000000030-f90__r00__e857e2a95449/result/trace.jsonl,385.48355263763096,CERTIFIED_CONTINUOUS,0.000140791,True,True,True,0.000689251,0.01410391699999991
lp-rounding,1,heuristic,lp-rounding,CERTIFIED,Release,25,,0.0,Apple LLVM 17.0.0 (clang-1700.6.3.2),"{""algorithm"":""lp-rounding"",""cache_policy"":""auto"",""global_time_limit_sec"":5.0,""handovers_enabled"":true,""minsum_refinement_policy"":""CERTIFIED_BOUND"",""objective"":""minsum"",""per_static_time_limit_sec"":2.0,""profile"":""DEBUG"",""repeat"":0,""seed"":1228941659,""verify_after"":true,""verify_each_iteration"":true}",,0.001098,smoke10,,,False,algorithm-smoke-20261005-complete,smoke / development validation,False,False,0,10,False,True,0.13735670407421224,88c683f46e83540a43aaab82d355020b429b6a26,5.0,True,338.9293361148362,sbgdb-20200507-fpg-poly_0000000030-f90cd72a4c,sbgdb-20200507-fpg-poly_0000000030,385.48355263763096,not-applicable,0.0,25,CERTIFIED_BOUND,1,False,0,10,4,10,minsum,385.48355263763096,FEASIBLE,1092.124813622804,17.25,2.0,1.0,CERTIFIED_BOUND,0,auto,runs/run_20261005T010721Z__lp-rounding__minsum__sbgdb-20200507-fpg-poly_0000000030-f90__r00__5c14d7929dad/result/result.json,run_20261005T010721Z__lp-rounding__minsum__sbgdb-20200507-fpg-poly_0000000030-f90__r00__5c14d7929dad,5eb52d97174442f25e2caf4831cfb748745534499519639e3638508f5618a8b9,COMPLETED,3,42,lp-rounding,0.000287291,runs/run_20261005T010721Z__lp-rounding__minsum__sbgdb-20200507-fpg-poly_0000000030-f90__r00__5c14d7929dad/result/solution.json,0.00041574999999999994,lp-rounding,0.00041574999999999994,1,2.0,False,False,0.000858833,runs/run_20261005T010721Z__lp-rounding__minsum__sbgdb-20200507-fpg-poly_0000000030-f90__r00__5c14d7929dad/result/trace.csv,runs/run_20261005T010721Z__lp-rounding__minsum__sbgdb-20200507-fpg-poly_0000000030-f90__r00__5c14d7929dad/result/trace.jsonl,385.48355263763096,CERTIFIED_CONTINUOUS,0.000140834,True,True,True,0.000858833,0.014167042000000407
nn,1,heuristic,nn,CERTIFIED,Release,25,,0.0,Apple LLVM 17.0.0 (clang-1700.6.3.2),"{""algorithm"":""nn"",""cache_policy"":""auto"",""global_time_limit_sec"":5.0,""handovers_enabled"":true,""minsum_refinement_policy"":""CERTIFIED_BOUND"",""objective"":""minsum"",""per_static_time_limit_sec"":2.0,""profile"":""DEBUG"",""repeat"":0,""seed"":1552299288,""verify_after"":true,""verify_each_iteration"":true}",,0.000715,smoke10,,,False,algorithm-smoke-20261005-complete,smoke / development validation,False,False,0,0,False,True,385.48355263763096,88c683f46e83540a43aaab82d355020b429b6a26,5.0,True,0.0,sbgdb-20200507-fpg-poly_0000000030-f90cd72a4c,sbgdb-20200507-fpg-poly_0000000030,385.48355263763096,not-applicable,0.0,25,CERTIFIED_BOUND,1,False,0,10,4,10,minsum,385.48355263763096,FEASIBLE,1092.124813622804,17.09375,2.0,1.0,CERTIFIED_BOUND,0,auto,runs/run_20261005T010721Z__nn__minsum__sbgdb-20200507-fpg-poly_0000000030-f90__r00__2a17a68bd76d/result/result.json,run_20261005T010721Z__nn__minsum__sbgdb-20200507-fpg-poly_0000000030-f90__r00__2a17a68bd76d,5377edd8ecb350f2f2f7396b8aab76303f18de1f65a3b8deba510785bb2e43b1,COMPLETED,3,42,nn,0.000288668,runs/run_20261005T010721Z__nn__minsum__sbgdb-20200507-fpg-poly_0000000030-f90__r00__2a17a68bd76d/result/solution.json,0.00012795799999999998,nn,0.00012795799999999998,1,2.0,False,False,0.0005686259999999999,runs/run_20261005T010721Z__nn__minsum__sbgdb-20200507-fpg-poly_0000000030-f90__r00__2a17a68bd76d/result/trace.csv,runs/run_20261005T010721Z__nn__minsum__sbgdb-20200507-fpg-poly_0000000030-f90__r00__2a17a68bd76d/result/trace.jsonl,385.48355263763096,CERTIFIED_CONTINUOUS,0.000139458,True,True,True,0.0005686259999999999,0.015131250000000485
primal-dual,1,heuristic,primal-dual,CERTIFIED,Release,25,,0.0,Apple LLVM 17.0.0 (clang-1700.6.3.2),"{""algorithm"":""primal-dual"",""cache_policy"":""auto"",""global_time_limit_sec"":5.0,""handovers_enabled"":true,""minsum_refinement_policy"":""CERTIFIED_BOUND"",""objective"":""minsum"",""per_static_time_limit_sec"":2.0,""profile"":""DEBUG"",""repeat"":0,""seed"":3581475470,""verify_after"":true,""verify_each_iteration"":true}",,0.000853,smoke10,,,False,algorithm-smoke-20261005-complete,smoke / development validation,False,False,0,0,False,True,27.433917601855295,88c683f46e83540a43aaab82d355020b429b6a26,5.0,True,13.557173444593452,sbgdb-20200507-fpg-poly_0000000030-f90cd72a4c,sbgdb-20200507-fpg-poly_0000000030,385.48355263763096,not-applicable,0.0,25,CERTIFIED_BOUND,1,False,0,10,4,10,minsum,385.48355263763096,FEASIBLE,1092.124813622804,17.0625,2.0,1.0,CERTIFIED_BOUND,0,auto,runs/run_20261005T010721Z__primal-dual__minsum__sbgdb-20200507-fpg-poly_0000000030-f90__r00__ca876de47a96/result/result.json,run_20261005T010721Z__primal-dual__minsum__sbgdb-20200507-fpg-poly_0000000030-f90__r00__ca876de47a96,161172e3c2e823f527d51864e02c8850da543b09a6ebc640f955b3feecdd01a0,COMPLETED,3,42,primal-dual,0.000314375,runs/run_20261005T010721Z__primal-dual__minsum__sbgdb-20200507-fpg-poly_0000000030-f90__r00__ca876de47a96/result/solution.json,0.000174292,primal-dual,0.000174292,1,2.0,False,False,0.000638958,runs/run_20261005T010721Z__primal-dual__minsum__sbgdb-20200507-fpg-poly_0000000030-f90__r00__ca876de47a96/result/trace.csv,runs/run_20261005T010721Z__primal-dual__minsum__sbgdb-20200507-fpg-poly_0000000030-f90__r00__ca876de47a96/result/trace.jsonl,385.48355263763096,CERTIFIED_CONTINUOUS,0.000136416,True,True,True,0.000638958,0.014565207999999608
sa,1,heuristic,sa,CERTIFIED,Release,25,,0.0,Apple LLVM 17.0.0 (clang-1700.6.3.2),"{""algorithm"":""sa"",""cache_policy"":""auto"",""global_time_limit_sec"":5.0,""handovers_enabled"":true,""minsum_refinement_policy"":""CERTIFIED_BOUND"",""objective"":""minsum"",""per_static_time_limit_sec"":2.0,""profile"":""DEBUG"",""repeat"":0,""seed"":1478918352,""verify_after"":true,""verify_each_iteration"":true}",,0.030059,smoke10,,,False,algorithm-smoke-20261005-complete,smoke / development validation,False,False,0,0,False,True,0.13735670407421188,88c683f46e83540a43aaab82d355020b429b6a26,5.0,True,338.9293361148363,sbgdb-20200507-fpg-poly_0000000030-f90cd72a4c,sbgdb-20200507-fpg-poly_0000000030,385.48355263763096,not-applicable,0.0,25,CERTIFIED_BOUND,1,False,0,10,4,10,minsum,385.48355263763096,FEASIBLE,1092.124813622804,17.15625,2.0,1.0,CERTIFIED_BOUND,0,auto,runs/run_20261005T010721Z__sa__minsum__sbgdb-20200507-fpg-poly_0000000030-f90__r00__9d452e2d0001/result/result.json,run_20261005T010721Z__sa__minsum__sbgdb-20200507-fpg-poly_0000000030-f90__r00__9d452e2d0001,07e933df930b6b02269dc097a9f26c6dc7b663d795bab04a0561d16a1caeb788,COMPLETED,3,42,sa,0.000329,runs/run_20261005T010721Z__sa__minsum__sbgdb-20200507-fpg-poly_0000000030-f90__r00__9d452e2d0001/result/solution.json,0.028949876,sa,0.028949876,1,2.0,False,False,0.029451042,runs/run_20261005T010721Z__sa__minsum__sbgdb-20200507-fpg-poly_0000000030-f90__r00__9d452e2d0001/result/trace.csv,runs/run_20261005T010721Z__sa__minsum__sbgdb-20200507-fpg-poly_0000000030-f90__r00__9d452e2d0001/result/trace.jsonl,385.48355263763096,CERTIFIED_CONTINUOUS,0.00015708199999999998,True,True,True,0.029451042,0.04318533400000035
shifting,1,heuristic,shifting,CERTIFIED,Release,25,,0.0,Apple LLVM 17.0.0 (clang-1700.6.3.2),"{""algorithm"":""shifting"",""cache_policy"":""auto"",""global_time_limit_sec"":5.0,""handovers_enabled"":true,""minsum_refinement_policy"":""CERTIFIED_BOUND"",""objective"":""minsum"",""per_static_time_limit_sec"":2.0,""profile"":""DEBUG"",""repeat"":0,""seed"":1674901808,""verify_after"":true,""verify_each_iteration"":true}",,0.028471,smoke10,,,False,algorithm-smoke-20261005-complete,smoke / development validation,False,False,0,0,False,True,0.13735670407421188,88c683f46e83540a43aaab82d355020b429b6a26,5.0,True,338.9293361148363,sbgdb-20200507-fpg-poly_0000000030-f90cd72a4c,sbgdb-20200507-fpg-poly_0000000030,385.48355263763096,not-applicable,0.0,25,CERTIFIED_BOUND,1,False,0,10,4,10,minsum,385.48355263763096,FEASIBLE,1092.124813622804,17.234375,2.0,1.0,CERTIFIED_BOUND,0,auto,runs/run_20261005T010721Z__shifting__minsum__sbgdb-20200507-fpg-poly_0000000030-f90__r00__8792d4d1b4bd/result/result.json,run_20261005T010721Z__shifting__minsum__sbgdb-20200507-fpg-poly_0000000030-f90__r00__8792d4d1b4bd,b48d18e8d4924ba6cfdbe68bd0c616d3a49933b38dc367e84b3bc1148a34b065,COMPLETED,3,42,shifting,0.000346292,runs/run_20261005T010721Z__shifting__minsum__sbgdb-20200507-fpg-poly_0000000030-f90__r00__8792d4d1b4bd/result/solution.json,0.01395675,shifting,0.01395675,1,2.0,False,False,0.014458667,runs/run_20261005T010721Z__shifting__minsum__sbgdb-20200507-fpg-poly_0000000030-f90__r00__8792d4d1b4bd/result/trace.csv,runs/run_20261005T010721Z__shifting__minsum__sbgdb-20200507-fpg-poly_0000000030-f90__r00__8792d4d1b4bd/result/trace.jsonl,385.48355263763096,CERTIFIED_CONTINUOUS,0.00013908299999999997,True,True,True,0.014458667,0.028441165999999463
branch-and-bound,1,exact_reference,branch-and-bound,CERTIFIED,Release,25,1.432183576040906,1781.0715122467984,Apple LLVM 17.0.0 (clang-1700.6.3.2),"{""algorithm"":""branch-and-bound"",""cache_policy"":""auto"",""global_time_limit_sec"":10.0,""handovers_enabled"":true,""minsum_refinement_policy"":""CERTIFIED_BOUND"",""objective"":""minmax"",""per_static_time_limit_sec"":2.0,""profile"":""DEBUG"",""repeat"":0,""seed"":1714154586,""verify_after"":true,""verify_each_iteration"":true}",,0.000453,smoke10,,,True,algorithm-smoke-20261005-complete,smoke / development validation,False,False,0,0,False,True,1.432183576040906,88c683f46e83540a43aaab82d355020b429b6a26,10.0,True,0.0,sbgdb-20200507-pntset-0000030-d00c0eac6b,sbgdb-20200507-pntset-0000030,1597.4594271566193,not-applicable,1781.0715122467984,25,HEURISTIC_ADAPTIVE,1,False,0,2,1,2,minmax,4331.8928798410025,FEASIBLE,4331.8928798410025,16.984375,2.0,1.0,HEURISTIC_ADAPTIVE,0,auto,runs/run_20261005T010721Z__branch-and-bound__minmax__sbgdb-20200507-pntset-0000030-d00c0eac__r00__33ddfb6490bc/result/result.json,run_20261005T010721Z__branch-and-bound__minmax__sbgdb-20200507-pntset-0000030-d00c0eac__r00__33ddfb6490bc,c4deb264dd2bcff2611592ed5929b79f49f7bc3b88b8e4d5aeb1efd57bc24dce,COMPLETED,3,42,branch-and-bound,0.000271791,runs/run_20261005T010721Z__branch-and-bound__minmax__sbgdb-20200507-pntset-0000030-d00c0eac__r00__33ddfb6490bc/result/solution.json,6.2917e-05,branch-and-bound,6.2917e-05,1,2.0,False,False,0.000359542,runs/run_20261005T010721Z__branch-and-bound__minmax__sbgdb-20200507-pntset-0000030-d00c0eac__r00__33ddfb6490bc/result/trace.csv,runs/run_20261005T010721Z__branch-and-bound__minmax__sbgdb-20200507-pntset-0000030-d00c0eac__r00__33ddfb6490bc/result/trace.jsonl,4331.8928798410025,CERTIFIED_CONTINUOUS,9.834e-06,True,True,True,0.000359542,0.013875041000000365
genetic,1,heuristic,genetic,CERTIFIED,Release,25,,1781.0715122467984,Apple LLVM 17.0.0 (clang-1700.6.3.2),"{""algorithm"":""genetic"",""cache_policy"":""auto"",""global_time_limit_sec"":5.0,""handovers_enabled"":true,""minsum_refinement_policy"":""CERTIFIED_BOUND"",""objective"":""minmax"",""per_static_time_limit_sec"":2.0,""profile"":""DEBUG"",""repeat"":0,""seed"":1718855572,""verify_after"":true,""verify_each_iteration"":true}",,0.025573,smoke10,,,False,algorithm-smoke-20261005-complete,smoke / development validation,False,False,0,0,False,True,1.432183576040906,88c683f46e83540a43aaab82d355020b429b6a26,5.0,True,0.0,sbgdb-20200507-pntset-0000030-d00c0eac6b,sbgdb-20200507-pntset-0000030,1597.4594271566193,not-applicable,1781.0715122467984,25,HEURISTIC_ADAPTIVE,1,False,0,2,1,2,minmax,4331.8928798410025,FEASIBLE,4331.8928798410025,17.125,2.0,1.0,HEURISTIC_ADAPTIVE,0,auto,runs/run_20261005T010721Z__genetic__minmax__sbgdb-20200507-pntset-0000030-d00c0eac__r00__b4d4b031005f/result/result.json,run_20261005T010721Z__genetic__minmax__sbgdb-20200507-pntset-0000030-d00c0eac__r00__b4d4b031005f,a2fe6b94c38642480904442844aacd36a6a9a5ac0601a1face2983b93fa82e47,COMPLETED,3,42,genetic,0.000380875,runs/run_20261005T010721Z__genetic__minmax__sbgdb-20200507-pntset-0000030-d00c0eac__r00__b4d4b031005f/result/solution.json,0.031852417,genetic,0.031852417,1,2.0,False,False,0.032268749,runs/run_20261005T010721Z__genetic__minmax__sbgdb-20200507-pntset-0000030-d00c0eac__r00__b4d4b031005f/result/trace.csv,runs/run_20261005T010721Z__genetic__minmax__sbgdb-20200507-pntset-0000030-d00c0eac__r00__b4d4b031005f/result/trace.jsonl,4331.8928798410025,CERTIFIED_CONTINUOUS,1.3917e-05,True,True,True,0.032268749,0.04755308399999958
greedy,1,heuristic,greedy,CERTIFIED,Release,25,,1781.0715122467986,Apple LLVM 17.0.0 (clang-1700.6.3.2),"{""algorithm"":""greedy"",""cache_policy"":""auto"",""global_time_limit_sec"":5.0,""handovers_enabled"":true,""minsum_refinement_policy"":""CERTIFIED_BOUND"",""objective"":""minmax"",""per_static_time_limit_sec"":2.0,""profile"":""DEBUG"",""repeat"":0,""seed"":1949925699,""verify_after"":true,""verify_each_iteration"":true}",,0.000436,smoke10,,,False,algorithm-smoke-20261005-complete,smoke / development validation,False,False,0,0,False,True,1.4321835760409056,88c683f46e83540a43aaab82d355020b429b6a26,5.0,True,0.0,sbgdb-20200507-pntset-0000030-d00c0eac6b,sbgdb-20200507-pntset-0000030,1597.4594271566193,not-applicable,1781.0715122467986,25,HEURISTIC_ADAPTIVE,1,False,0,2,1,2,minmax,4331.8928798410025,FEASIBLE,4331.8928798410025,16.984375,2.0,1.0,HEURISTIC_ADAPTIVE,0,auto,runs/run_20261005T010721Z__greedy__minmax__sbgdb-20200507-pntset-0000030-d00c0eac__r00__1f709da5d3b9/result/result.json,run_20261005T010721Z__greedy__minmax__sbgdb-20200507-pntset-0000030-d00c0eac__r00__1f709da5d3b9,72cf8b55a344e4ed1371fb5aeee04271e76f5d588bdb08f36ba93b3de2f5640f,COMPLETED,3,42,greedy,0.000319083,runs/run_20261005T010721Z__greedy__minmax__sbgdb-20200507-pntset-0000030-d00c0eac__r00__1f709da5d3b9/result/solution.json,6.225e-05,greedy,6.225e-05,1,2.0,False,False,0.000412583,runs/run_20261005T010721Z__greedy__minmax__sbgdb-20200507-pntset-0000030-d00c0eac__r00__1f709da5d3b9/result/trace.csv,runs/run_20261005T010721Z__greedy__minmax__sbgdb-20200507-pntset-0000030-d00c0eac__r00__1f709da5d3b9/result/trace.jsonl,4331.8928798410025,CERTIFIED_CONTINUOUS,1.3583e-05,True,True,True,0.000412583,0.018069208000000003
local-search,1,heuristic,local-search,CERTIFIED,Release,25,,1781.0715122467984,Apple LLVM 17.0.0 (clang-1700.6.3.2),"{""algorithm"":""local-search"",""cache_policy"":""auto"",""global_time_limit_sec"":5.0,""handovers_enabled"":true,""minsum_refinement_policy"":""CERTIFIED_BOUND"",""objective"":""minmax"",""per_static_time_limit_sec"":2.0,""profile"":""DEBUG"",""repeat"":0,""seed"":3275271001,""verify_after"":true,""verify_each_iteration"":true}",,0.000311,smoke10,,,False,algorithm-smoke-20261005-complete,smoke / development validation,False,False,0,0,False,True,1.432183576040906,88c683f46e83540a43aaab82d355020b429b6a26,5.0,True,0.0,sbgdb-20200507-pntset-0000030-d00c0eac6b,sbgdb-20200507-pntset-0000030,1597.4594271566193,not-applicable,1781.0715122467984,25,HEURISTIC_ADAPTIVE,1,False,0,2,1,2,minmax,4331.8928798410025,FEASIBLE,4331.8928798410025,17.0625,2.0,1.0,HEURISTIC_ADAPTIVE,0,auto,runs/run_20261005T010721Z__local-search__minmax__sbgdb-20200507-pntset-0000030-d00c0eac__r00__18b2d81b24c8/result/result.json,run_20261005T010721Z__local-search__minmax__sbgdb-20200507-pntset-0000030-d00c0eac__r00__18b2d81b24c8,0864d493f1f593621237aed2d8328af49be02b44ae1efa2f823b2191299653ac,COMPLETED,3,42,local-search,0.000243874,runs/run_20261005T010721Z__local-search__minmax__sbgdb-20200507-pntset-0000030-d00c0eac__r00__18b2d81b24c8/result/solution.json,8.2125e-05,local-search,8.2125e-05,1,2.0,False,False,0.000350625,runs/run_20261005T010721Z__local-search__minmax__sbgdb-20200507-pntset-0000030-d00c0eac__r00__18b2d81b24c8/result/trace.csv,runs/run_20261005T010721Z__local-search__minmax__sbgdb-20200507-pntset-0000030-d00c0eac__r00__18b2d81b24c8/result/trace.jsonl,4331.8928798410025,CERTIFIED_CONTINUOUS,9.625e-06,True,True,True,0.000350625,0.02188612499999998
lp-rounding,1,heuristic,lp-rounding,CERTIFIED,Release,25,,1781.0715122467984,Apple LLVM 17.0.0 (clang-1700.6.3.2),"{""algorithm"":""lp-rounding"",""cache_policy"":""auto"",""global_time_limit_sec"":5.0,""handovers_enabled"":true,""minsum_refinement_policy"":""CERTIFIED_BOUND"",""objective"":""minmax"",""per_static_time_limit_sec"":2.0,""profile"":""DEBUG"",""repeat"":0,""seed"":1998678668,""verify_after"":true,""verify_each_iteration"":true}",,0.000816,smoke10,,,False,algorithm-smoke-20261005-complete,smoke / development validation,False,False,0,2,False,True,1.432183576040906,88c683f46e83540a43aaab82d355020b429b6a26,5.0,True,0.0,sbgdb-20200507-pntset-0000030-d00c0eac6b,sbgdb-20200507-pntset-0000030,1597.4594271566193,not-applicable,1781.0715122467984,25,HEURISTIC_ADAPTIVE,1,False,0,2,1,2,minmax,4331.8928798410025,FEASIBLE,4331.8928798410025,17.140625,2.0,1.0,HEURISTIC_ADAPTIVE,0,auto,runs/run_20261005T010721Z__lp-rounding__minmax__sbgdb-20200507-pntset-0000030-d00c0eac__r00__8057871a3201/result/result.json,run_20261005T010721Z__lp-rounding__minmax__sbgdb-20200507-pntset-0000030-d00c0eac__r00__8057871a3201,9aa7f9dcf07641ae8bfb7f519acd4d2b770500d8e0906d399de4fefa8a1a5d2a,COMPLETED,3,42,lp-rounding,0.001688291,runs/run_20261005T010721Z__lp-rounding__minmax__sbgdb-20200507-pntset-0000030-d00c0eac__r00__8057871a3201/result/solution.json,0.000118417,lp-rounding,0.000118417,1,2.0,False,False,0.001838624,runs/run_20261005T010721Z__lp-rounding__minmax__sbgdb-20200507-pntset-0000030-d00c0eac__r00__8057871a3201/result/trace.csv,runs/run_20261005T010721Z__lp-rounding__minmax__sbgdb-20200507-pntset-0000030-d00c0eac__r00__8057871a3201/result/trace.jsonl,4331.8928798410025,CERTIFIED_CONTINUOUS,1.125e-05,True,True,True,0.001838624,0.021155167000000752
nn,1,heuristic,nn,CERTIFIED,Release,25,,0.0,Apple LLVM 17.0.0 (clang-1700.6.3.2),"{""algorithm"":""nn"",""cache_policy"":""auto"",""global_time_limit_sec"":5.0,""handovers_enabled"":true,""minsum_refinement_policy"":""CERTIFIED_BOUND"",""objective"":""minmax"",""per_static_time_limit_sec"":2.0,""profile"":""DEBUG"",""repeat"":0,""seed"":3566824759,""verify_after"":true,""verify_each_iteration"":true}",,0.000433,smoke10,,,False,algorithm-smoke-20261005-complete,smoke / development validation,False,False,0,0,False,True,4331.8928798410025,88c683f46e83540a43aaab82d355020b429b6a26,5.0,True,0.0,sbgdb-20200507-pntset-0000030-d00c0eac6b,sbgdb-20200507-pntset-0000030,1597.4594271566193,not-applicable,0.0,25,HEURISTIC_ADAPTIVE,1,False,0,2,1,2,minmax,4331.8928798410025,FEASIBLE,4331.8928798410025,17.015625,2.0,1.0,HEURISTIC_ADAPTIVE,0,auto,runs/run_20261005T010721Z__nn__minmax__sbgdb-20200507-pntset-0000030-d00c0eac__r00__57dd8d9daf8d/result/result.json,run_20261005T010721Z__nn__minmax__sbgdb-20200507-pntset-0000030-d00c0eac__r00__57dd8d9daf8d,b9ff32b6c7b0dde06dfc8ba40b0a4bacc68c7f3fb83417f237c64b9a4c0f3b64,COMPLETED,3,42,nn,0.000282084,runs/run_20261005T010721Z__nn__minmax__sbgdb-20200507-pntset-0000030-d00c0eac__r00__57dd8d9daf8d/result/solution.json,5.1667e-05,nn,5.1667e-05,1,2.0,False,False,0.000355375,runs/run_20261005T010721Z__nn__minmax__sbgdb-20200507-pntset-0000030-d00c0eac__r00__57dd8d9daf8d/result/trace.csv,runs/run_20261005T010721Z__nn__minmax__sbgdb-20200507-pntset-0000030-d00c0eac__r00__57dd8d9daf8d/result/trace.jsonl,4331.8928798410025,CERTIFIED_CONTINUOUS,9.667e-06,True,True,True,0.000355375,0.01660191700000002
primal-dual,1,heuristic,primal-dual,CERTIFIED,Release,25,,0.0,Apple LLVM 17.0.0 (clang-1700.6.3.2),"{""algorithm"":""primal-dual"",""cache_policy"":""auto"",""global_time_limit_sec"":5.0,""handovers_enabled"":true,""minsum_refinement_policy"":""CERTIFIED_BOUND"",""objective"":""minmax"",""per_static_time_limit_sec"":2.0,""profile"":""DEBUG"",""repeat"":0,""seed"":214944233,""verify_after"":true,""verify_each_iteration"":true}",,0.000656,smoke10,,,False,algorithm-smoke-20261005-complete,smoke / development validation,False,False,0,0,False,True,59.80458940102264,88c683f46e83540a43aaab82d355020b429b6a26,5.0,True,71.24286048987194,sbgdb-20200507-pntset-0000030-d00c0eac6b,sbgdb-20200507-pntset-0000030,1597.4594271566193,not-applicable,0.0,25,HEURISTIC_ADAPTIVE,1,False,0,2,1,2,minmax,4331.8928798410025,FEASIBLE,4331.8928798410025,17.09375,2.0,1.0,HEURISTIC_ADAPTIVE,0,auto,runs/run_20261005T010721Z__primal-dual__minmax__sbgdb-20200507-pntset-0000030-d00c0eac__r00__9642ab73bd2b/result/result.json,run_20261005T010721Z__primal-dual__minmax__sbgdb-20200507-pntset-0000030-d00c0eac__r00__9642ab73bd2b,2928d111fea2b18ff9a9ab35ca8968f21f44da4b16fb486be74e2cae86427cbc,COMPLETED,3,42,primal-dual,0.000310417,runs/run_20261005T010721Z__primal-dual__minmax__sbgdb-20200507-pntset-0000030-d00c0eac__r00__9642ab73bd2b/result/solution.json,6.3375e-05,primal-dual,6.3375e-05,1,2.0,False,False,0.000402083,runs/run_20261005T010721Z__primal-dual__minmax__sbgdb-20200507-pntset-0000030-d00c0eac__r00__9642ab73bd2b/result/trace.csv,runs/run_20261005T010721Z__primal-dual__minmax__sbgdb-20200507-pntset-0000030-d00c0eac__r00__9642ab73bd2b/result/trace.jsonl,4331.8928798410025,CERTIFIED_CONTINUOUS,1.0083e-05,True,True,True,0.000402083,0.01817950000000046
sa,1,heuristic,sa,CERTIFIED,Release,25,,1781.0715122467984,Apple LLVM 17.0.0 (clang-1700.6.3.2),"{""algorithm"":""sa"",""cache_policy"":""auto"",""global_time_limit_sec"":5.0,""handovers_enabled"":true,""minsum_refinement_policy"":""CERTIFIED_BOUND"",""objective"":""minmax"",""per_static_time_limit_sec"":2.0,""profile"":""DEBUG"",""repeat"":0,""seed"":3501600927,""verify_after"":true,""verify_each_iteration"":true}",,0.006373,smoke10,,,False,algorithm-smoke-20261005-complete,smoke / development validation,False,False,0,0,False,True,1.432183576040906,88c683f46e83540a43aaab82d355020b429b6a26,5.0,True,0.0,sbgdb-20200507-pntset-0000030-d00c0eac6b,sbgdb-20200507-pntset-0000030,1597.4594271566193,not-applicable,1781.0715122467984,25,HEURISTIC_ADAPTIVE,1,False,0,2,1,2,minmax,4331.8928798410025,FEASIBLE,4331.8928798410025,17.109375,2.0,1.0,HEURISTIC_ADAPTIVE,0,auto,runs/run_20261005T010721Z__sa__minmax__sbgdb-20200507-pntset-0000030-d00c0eac__r00__2d70b230431a/result/result.json,run_20261005T010721Z__sa__minmax__sbgdb-20200507-pntset-0000030-d00c0eac__r00__2d70b230431a,66935172fe95bdb89338da9ff8ef39cb32d2899e0d2c0369935e763b4b66a8cc,COMPLETED,3,42,sa,0.000344708,runs/run_20261005T010721Z__sa__minmax__sbgdb-20200507-pntset-0000030-d00c0eac__r00__2d70b230431a/result/solution.json,0.005785,sa,0.005785,1,2.0,False,False,0.006163042,runs/run_20261005T010721Z__sa__minmax__sbgdb-20200507-pntset-0000030-d00c0eac__r00__2d70b230431a/result/trace.csv,runs/run_20261005T010721Z__sa__minmax__sbgdb-20200507-pntset-0000030-d00c0eac__r00__2d70b230431a/result/trace.jsonl,4331.8928798410025,CERTIFIED_CONTINUOUS,1.0917e-05,True,True,True,0.006163042,0.020883833000000074
shifting,1,heuristic,shifting,CERTIFIED,Release,25,,1781.0715122467984,Apple LLVM 17.0.0 (clang-1700.6.3.2),"{""algorithm"":""shifting"",""cache_policy"":""auto"",""global_time_limit_sec"":5.0,""handovers_enabled"":true,""minsum_refinement_policy"":""CERTIFIED_BOUND"",""objective"":""minmax"",""per_static_time_limit_sec"":2.0,""profile"":""DEBUG"",""repeat"":0,""seed"":3651983983,""verify_after"":true,""verify_each_iteration"":true}",,0.006355,smoke10,,,False,algorithm-smoke-20261005-complete,smoke / development validation,False,False,0,0,False,True,1.432183576040906,88c683f46e83540a43aaab82d355020b429b6a26,5.0,True,0.0,sbgdb-20200507-pntset-0000030-d00c0eac6b,sbgdb-20200507-pntset-0000030,1597.4594271566193,not-applicable,1781.0715122467984,25,HEURISTIC_ADAPTIVE,1,False,0,2,1,2,minmax,4331.8928798410025,FEASIBLE,4331.8928798410025,17.203125,2.0,1.0,HEURISTIC_ADAPTIVE,0,auto,runs/run_20261005T010721Z__shifting__minmax__sbgdb-20200507-pntset-0000030-d00c0eac__r00__8a10e4c95db7/result/result.json,run_20261005T010721Z__shifting__minmax__sbgdb-20200507-pntset-0000030-d00c0eac__r00__8a10e4c95db7,cd77b73f9f8514c8ea2f8200e5dabc63123f46afdbe045bdd23178312f5dab6d,COMPLETED,3,42,shifting,0.00034125,runs/run_20261005T010721Z__shifting__minmax__sbgdb-20200507-pntset-0000030-d00c0eac__r00__8a10e4c95db7/result/solution.json,0.002998292,shifting,0.002998292,1,2.0,False,False,0.003371125,runs/run_20261005T010721Z__shifting__minmax__sbgdb-20200507-pntset-0000030-d00c0eac__r00__8a10e4c95db7/result/trace.csv,runs/run_20261005T010721Z__shifting__minmax__sbgdb-20200507-pntset-0000030-d00c0eac__r00__8a10e4c95db7/result/trace.jsonl,4331.8928798410025,CERTIFIED_CONTINUOUS,1.1167e-05,True,True,True,0.003371125,0.018060791999999992
branch-and-bound,1,exact_reference,branch-and-bound,CERTIFIED,Release,25,,0.0,Apple LLVM 17.0.0 (clang-1700.6.3.2),"{""algorithm"":""branch-and-bound"",""cache_policy"":""auto"",""global_time_limit_sec"":10.0,""handovers_enabled"":true,""minsum_refinement_policy"":""CERTIFIED_BOUND"",""objective"":""minsum"",""per_static_time_limit_sec"":2.0,""profile"":""DEBUG"",""repeat"":0,""seed"":2450811065,""verify_after"":true,""verify_each_iteration"":true}",,0.000835,smoke10,,,True,algorithm-smoke-20261005-complete,smoke / development validation,False,False,0,0,False,True,0.0,88c683f46e83540a43aaab82d355020b429b6a26,10.0,True,817.0305947739278,sbgdb-20200507-pntset-0000030-d00c0eac6b,sbgdb-20200507-pntset-0000030,817.0305947739278,not-applicable,0.0,25,CERTIFIED_BOUND,1,False,0,7,2,7,minsum,817.0305947739278,FEASIBLE,1850.8931136227718,17.078125,2.0,1.0,CERTIFIED_BOUND,0,auto,runs/run_20261005T010721Z__branch-and-bound__minsum__sbgdb-20200507-pntset-0000030-d00c0eac__r00__8ed0dd556326/result/result.json,run_20261005T010721Z__branch-and-bound__minsum__sbgdb-20200507-pntset-0000030-d00c0eac__r00__8ed0dd556326,82f2e1458187c024beb4b623fbe78f2f183d4f12207156eed65d74ef95fe78c0,COMPLETED,3,42,branch-and-bound,0.00029012499999999996,runs/run_20261005T010721Z__branch-and-bound__minsum__sbgdb-20200507-pntset-0000030-d00c0eac__r00__8ed0dd556326/result/solution.json,0.00014175,branch-and-bound,0.00014175,1,2.0,False,False,0.000583292,runs/run_20261005T010721Z__branch-and-bound__minsum__sbgdb-20200507-pntset-0000030-d00c0eac__r00__8ed0dd556326/result/trace.csv,runs/run_20261005T010721Z__branch-and-bound__minsum__sbgdb-20200507-pntset-0000030-d00c0eac__r00__8ed0dd556326/result/trace.jsonl,817.0305947739278,CERTIFIED_CONTINUOUS,0.000137709,True,True,True,0.000583292,0.015354458000000015
genetic,1,heuristic,genetic,CERTIFIED,Release,25,,0.0,Apple LLVM 17.0.0 (clang-1700.6.3.2),"{""algorithm"":""genetic"",""cache_policy"":""auto"",""global_time_limit_sec"":5.0,""handovers_enabled"":true,""minsum_refinement_policy"":""CERTIFIED_BOUND"",""objective"":""minsum"",""per_static_time_limit_sec"":2.0,""profile"":""DEBUG"",""repeat"":0,""seed"":1737532967,""verify_after"":true,""verify_each_iteration"":true}",,0.088168,smoke10,,,False,algorithm-smoke-20261005-complete,smoke / development validation,False,False,0,0,False,True,0.0,88c683f46e83540a43aaab82d355020b429b6a26,5.0,True,817.0305947739278,sbgdb-20200507-pntset-0000030-d00c0eac6b,sbgdb-20200507-pntset-0000030,817.0305947739278,not-applicable,0.0,25,CERTIFIED_BOUND,1,False,0,7,2,7,minsum,817.0305947739278,FEASIBLE,1850.8931136227718,17.234375,2.0,1.0,CERTIFIED_BOUND,0,auto,runs/run_20261005T010721Z__genetic__minsum__sbgdb-20200507-pntset-0000030-d00c0eac__r00__eae414fc44d9/result/result.json,run_20261005T010721Z__genetic__minsum__sbgdb-20200507-pntset-0000030-d00c0eac__r00__eae414fc44d9,6575a9ee06771db7fa6b886194527deda516f0afcbe6c56f9c9c88417c91d597,COMPLETED,3,42,genetic,0.000347042,runs/run_20261005T010721Z__genetic__minsum__sbgdb-20200507-pntset-0000030-d00c0eac__r00__eae414fc44d9/result/solution.json,0.087921916,genetic,0.087921916,1,2.0,False,False,0.0884295,runs/run_20261005T010721Z__genetic__minsum__sbgdb-20200507-pntset-0000030-d00c0eac__r00__eae414fc44d9/result/trace.csv,runs/run_20261005T010721Z__genetic__minsum__sbgdb-20200507-pntset-0000030-d00c0eac__r00__eae414fc44d9/result/trace.jsonl,817.0305947739278,CERTIFIED_CONTINUOUS,0.00014295899999999998,True,True,True,0.0884295,0.10305083300000017
greedy,1,heuristic,greedy,CERTIFIED,Release,25,,0.0,Apple LLVM 17.0.0 (clang-1700.6.3.2),"{""algorithm"":""greedy"",""cache_policy"":""auto"",""global_time_limit_sec"":5.0,""handovers_enabled"":true,""minsum_refinement_policy"":""CERTIFIED_BOUND"",""objective"":""minsum"",""per_static_time_limit_sec"":2.0,""profile"":""DEBUG"",""repeat"":0,""seed"":473186328,""verify_after"":true,""verify_each_iteration"":true}",,0.00075,smoke10,,,False,algorithm-smoke-20261005-complete,smoke / development validation,False,False,0,0,False,True,0.0,88c683f46e83540a43aaab82d355020b429b6a26,5.0,True,817.0305947739278,sbgdb-20200507-pntset-0000030-d00c0eac6b,sbgdb-20200507-pntset-0000030,817.0305947739278,not-applicable,0.0,25,CERTIFIED_BOUND,1,False,0,7,2,7,minsum,817.0305947739278,FEASIBLE,1850.8931136227718,17.078125,2.0,1.0,CERTIFIED_BOUND,0,auto,runs/run_20261005T010721Z__greedy__minsum__sbgdb-20200507-pntset-0000030-d00c0eac__r00__cd17eed2dde3/result/result.json,run_20261005T010721Z__greedy__minsum__sbgdb-20200507-pntset-0000030-d00c0eac__r00__cd17eed2dde3,cf1d3c9f7b74ef8b601b076b3a48e4565ac9202a81c2c457d89b60568d5be724,COMPLETED,3,42,greedy,0.00030945800000000003,runs/run_20261005T010721Z__greedy__minsum__sbgdb-20200507-pntset-0000030-d00c0eac__r00__cd17eed2dde3/result/solution.json,0.000123917,greedy,0.000123917,1,2.0,False,False,0.000594292,runs/run_20261005T010721Z__greedy__minsum__sbgdb-20200507-pntset-0000030-d00c0eac__r00__cd17eed2dde3/result/trace.csv,runs/run_20261005T010721Z__greedy__minsum__sbgdb-20200507-pntset-0000030-d00c0eac__r00__cd17eed2dde3/result/trace.jsonl,817.0305947739278,CERTIFIED_CONTINUOUS,0.00014679099999999998,True,True,True,0.000594292,0.015472583000000206
local-search,1,heuristic,local-search,CERTIFIED,Release,25,,0.0,Apple LLVM 17.0.0 (clang-1700.6.3.2),"{""algorithm"":""local-search"",""cache_policy"":""auto"",""global_time_limit_sec"":5.0,""handovers_enabled"":true,""minsum_refinement_policy"":""CERTIFIED_BOUND"",""objective"":""minsum"",""per_static_time_limit_sec"":2.0,""profile"":""DEBUG"",""repeat"":0,""seed"":343803426,""verify_after"":true,""verify_each_iteration"":true}",,0.000863,smoke10,,,False,algorithm-smoke-20261005-complete,smoke / development validation,False,False,0,0,False,True,0.0,88c683f46e83540a43aaab82d355020b429b6a26,5.0,True,817.0305947739278,sbgdb-20200507-pntset-0000030-d00c0eac6b,sbgdb-20200507-pntset-0000030,817.0305947739278,not-applicable,0.0,25,CERTIFIED_BOUND,1,False,0,7,2,7,minsum,817.0305947739278,FEASIBLE,1850.8931136227718,17.09375,2.0,1.0,CERTIFIED_BOUND,0,auto,runs/run_20261005T010721Z__local-search__minsum__sbgdb-20200507-pntset-0000030-d00c0eac__r00__47a7bc78399f/result/result.json,run_20261005T010721Z__local-search__minsum__sbgdb-20200507-pntset-0000030-d00c0eac__r00__47a7bc78399f,83d857619c1ec8f938dfb00d45bfb1cc96235fb1212cd89d904f7ad774b5d6f5,COMPLETED,3,42,local-search,0.0002805,runs/run_20261005T010721Z__local-search__minsum__sbgdb-20200507-pntset-0000030-d00c0eac__r00__47a7bc78399f/result/solution.json,0.00023220800000000002,local-search,0.00023220800000000002,1,2.0,False,False,0.000663626,runs/run_20261005T010721Z__local-search__minsum__sbgdb-20200507-pntset-0000030-d00c0eac__r00__47a7bc78399f/result/trace.csv,runs/run_20261005T010721Z__local-search__minsum__sbgdb-20200507-pntset-0000030-d00c0eac__r00__47a7bc78399f/result/trace.jsonl,817.0305947739278,CERTIFIED_CONTINUOUS,0.000135417,True,True,True,0.000663626,0.014551749999999863
lp-rounding,1,heuristic,lp-rounding,CERTIFIED,Release,25,,0.0,Apple LLVM 17.0.0 (clang-1700.6.3.2),"{""algorithm"":""lp-rounding"",""cache_policy"":""auto"",""global_time_limit_sec"":5.0,""handovers_enabled"":true,""minsum_refinement_policy"":""CERTIFIED_BOUND"",""objective"":""minsum"",""per_static_time_limit_sec"":2.0,""profile"":""DEBUG"",""repeat"":0,""seed"":1098430319,""verify_after"":true,""verify_each_iteration"":true}",,0.001118,smoke10,,,False,algorithm-smoke-20261005-complete,smoke / development validation,False,False,0,7,False,True,0.0,88c683f46e83540a43aaab82d355020b429b6a26,5.0,True,817.0305947739278,sbgdb-20200507-pntset-0000030-d00c0eac6b,sbgdb-20200507-pntset-0000030,817.0305947739278,not-applicable,0.0,25,CERTIFIED_BOUND,1,False,0,7,2,7,minsum,817.0305947739278,FEASIBLE,1850.8931136227718,17.25,2.0,1.0,CERTIFIED_BOUND,0,auto,runs/run_20261005T010721Z__lp-rounding__minsum__sbgdb-20200507-pntset-0000030-d00c0eac__r00__147e77ad6180/result/result.json,run_20261005T010721Z__lp-rounding__minsum__sbgdb-20200507-pntset-0000030-d00c0eac__r00__147e77ad6180,dcdfd3098eeda9f6ec3fc189d5f918158c0a215639fc35a038563884836fcc21,COMPLETED,3,42,lp-rounding,0.000805333,runs/run_20261005T010721Z__lp-rounding__minsum__sbgdb-20200507-pntset-0000030-d00c0eac__r00__147e77ad6180/result/solution.json,0.000347749,lp-rounding,0.000347749,1,2.0,False,False,0.001310749,runs/run_20261005T010721Z__lp-rounding__minsum__sbgdb-20200507-pntset-0000030-d00c0eac__r00__147e77ad6180/result/trace.csv,runs/run_20261005T010721Z__lp-rounding__minsum__sbgdb-20200507-pntset-0000030-d00c0eac__r00__147e77ad6180/result/trace.jsonl,817.0305947739278,CERTIFIED_CONTINUOUS,0.00014183399999999997,True,True,True,0.001310749,0.0177483340000002
nn,1,heuristic,nn,CERTIFIED,Release,25,,0.0,Apple LLVM 17.0.0 (clang-1700.6.3.2),"{""algorithm"":""nn"",""cache_policy"":""auto"",""global_time_limit_sec"":5.0,""handovers_enabled"":true,""minsum_refinement_policy"":""CERTIFIED_BOUND"",""objective"":""minsum"",""per_static_time_limit_sec"":2.0,""profile"":""DEBUG"",""repeat"":0,""seed"":2923460068,""verify_after"":true,""verify_each_iteration"":true}",,0.000801,smoke10,,,False,algorithm-smoke-20261005-complete,smoke / development validation,False,False,0,0,False,True,817.0305947739278,88c683f46e83540a43aaab82d355020b429b6a26,5.0,True,0.0,sbgdb-20200507-pntset-0000030-d00c0eac6b,sbgdb-20200507-pntset-0000030,817.0305947739278,not-applicable,0.0,25,CERTIFIED_BOUND,1,False,0,10,4,10,minsum,817.0305947739278,FEASIBLE,1850.8931136227718,17.0625,2.0,1.0,CERTIFIED_BOUND,0,auto,runs/run_20261005T010721Z__nn__minsum__sbgdb-20200507-pntset-0000030-d00c0eac__r00__de19b235a34d/result/result.json,run_20261005T010721Z__nn__minsum__sbgdb-20200507-pntset-0000030-d00c0eac__r00__de19b235a34d,b0bc9dff3b8a780ee92b5a11e9c6b99abb1daeffe21d30b1db90771bcb72c822,COMPLETED,3,42,nn,0.00030825,runs/run_20261005T010721Z__nn__minsum__sbgdb-20200507-pntset-0000030-d00c0eac__r00__de19b235a34d/result/solution.json,0.00013616700000000003,nn,0.00013616700000000003,1,2.0,False,False,0.000594667,runs/run_20261005T010721Z__nn__minsum__sbgdb-20200507-pntset-0000030-d00c0eac__r00__de19b235a34d/result/trace.csv,runs/run_20261005T010721Z__nn__minsum__sbgdb-20200507-pntset-0000030-d00c0eac__r00__de19b235a34d/result/trace.jsonl,817.0305947739278,CERTIFIED_CONTINUOUS,0.000138,True,True,True,0.000594667,0.016474917000000033
primal-dual,1,heuristic,primal-dual,CERTIFIED,Release,25,,0.0,Apple LLVM 17.0.0 (clang-1700.6.3.2),"{""algorithm"":""primal-dual"",""cache_policy"":""auto"",""global_time_limit_sec"":5.0,""handovers_enabled"":true,""minsum_refinement_policy"":""CERTIFIED_BOUND"",""objective"":""minsum"",""per_static_time_limit_sec"":2.0,""profile"":""DEBUG"",""repeat"":0,""seed"":1059598290,""verify_after"":true,""verify_each_iteration"":true}",,0.00092,smoke10,,,False,algorithm-smoke-20261005-complete,smoke / development validation,False,False,0,0,False,True,23.833990797205384,88c683f46e83540a43aaab82d355020b429b6a26,5.0,True,32.89968984227335,sbgdb-20200507-pntset-0000030-d00c0eac6b,sbgdb-20200507-pntset-0000030,817.0305947739278,not-applicable,0.0,25,CERTIFIED_BOUND,1,False,0,10,4,10,minsum,817.0305947739278,FEASIBLE,1850.8931136227718,17.203125,2.0,1.0,CERTIFIED_BOUND,0,auto,runs/run_20261005T010721Z__primal-dual__minsum__sbgdb-20200507-pntset-0000030-d00c0eac__r00__6f065d7d5a07/result/result.json,run_20261005T010721Z__primal-dual__minsum__sbgdb-20200507-pntset-0000030-d00c0eac__r00__6f065d7d5a07,fc3ee1250e78514e7f4f93573956d50f8e3094c6cadc4ef26cc413c0b6333b12,COMPLETED,3,42,primal-dual,0.000346292,runs/run_20261005T010721Z__primal-dual__minsum__sbgdb-20200507-pntset-0000030-d00c0eac__r00__6f065d7d5a07/result/solution.json,0.0001675,primal-dual,0.0001675,1,2.0,False,False,0.000670375,runs/run_20261005T010721Z__primal-dual__minsum__sbgdb-20200507-pntset-0000030-d00c0eac__r00__6f065d7d5a07/result/trace.csv,runs/run_20261005T010721Z__primal-dual__minsum__sbgdb-20200507-pntset-0000030-d00c0eac__r00__6f065d7d5a07/result/trace.jsonl,817.0305947739278,CERTIFIED_CONTINUOUS,0.000143208,True,True,True,0.000670375,0.016045250000000344
sa,1,heuristic,sa,CERTIFIED,Release,25,,0.0,Apple LLVM 17.0.0 (clang-1700.6.3.2),"{""algorithm"":""sa"",""cache_policy"":""auto"",""global_time_limit_sec"":5.0,""handovers_enabled"":true,""minsum_refinement_policy"":""CERTIFIED_BOUND"",""objective"":""minsum"",""per_static_time_limit_sec"":2.0,""profile"":""DEBUG"",""repeat"":0,""seed"":3553776284,""verify_after"":true,""verify_each_iteration"":true}",,0.021604,smoke10,,,False,algorithm-smoke-20261005-complete,smoke / development validation,False,False,0,0,False,True,0.0,88c683f46e83540a43aaab82d355020b429b6a26,5.0,True,817.0305947739278,sbgdb-20200507-pntset-0000030-d00c0eac6b,sbgdb-20200507-pntset-0000030,817.0305947739278,not-applicable,0.0,25,CERTIFIED_BOUND,1,False,0,7,2,7,minsum,817.0305947739278,FEASIBLE,1850.8931136227718,17.171875,2.0,1.0,CERTIFIED_BOUND,0,auto,runs/run_20261005T010721Z__sa__minsum__sbgdb-20200507-pntset-0000030-d00c0eac__r00__64d1edd4b897/result/result.json,run_20261005T010721Z__sa__minsum__sbgdb-20200507-pntset-0000030-d00c0eac__r00__64d1edd4b897,3301e3e684716eaedd225120eedaee7e48f8f901d293e8cb7e55e9926c662ef1,COMPLETED,3,42,sa,0.000309084,runs/run_20261005T010721Z__sa__minsum__sbgdb-20200507-pntset-0000030-d00c0eac__r00__64d1edd4b897/result/solution.json,0.020712416999999997,sa,0.020712416999999997,1,2.0,False,False,0.021176459,runs/run_20261005T010721Z__sa__minsum__sbgdb-20200507-pntset-0000030-d00c0eac__r00__64d1edd4b897/result/trace.csv,runs/run_20261005T010721Z__sa__minsum__sbgdb-20200507-pntset-0000030-d00c0eac__r00__64d1edd4b897/result/trace.jsonl,817.0305947739278,CERTIFIED_CONTINUOUS,0.000140875,True,True,True,0.021176459,0.03647604200000032
shifting,1,heuristic,shifting,CERTIFIED,Release,25,,0.0,Apple LLVM 17.0.0 (clang-1700.6.3.2),"{""algorithm"":""shifting"",""cache_policy"":""auto"",""global_time_limit_sec"":5.0,""handovers_enabled"":true,""minsum_refinement_policy"":""CERTIFIED_BOUND"",""objective"":""minsum"",""per_static_time_limit_sec"":2.0,""profile"":""DEBUG"",""repeat"":0,""seed"":1155810380,""verify_after"":true,""verify_each_iteration"":true}",,0.020182,smoke10,,,False,algorithm-smoke-20261005-complete,smoke / development validation,False,False,0,0,False,True,0.0,88c683f46e83540a43aaab82d355020b429b6a26,5.0,True,817.0305947739278,sbgdb-20200507-pntset-0000030-d00c0eac6b,sbgdb-20200507-pntset-0000030,817.0305947739278,not-applicable,0.0,25,CERTIFIED_BOUND,1,False,0,7,2,7,minsum,817.0305947739278,FEASIBLE,1850.8931136227718,17.234375,2.0,1.0,CERTIFIED_BOUND,0,auto,runs/run_20261005T010722Z__shifting__minsum__sbgdb-20200507-pntset-0000030-d00c0eac__r00__759e0cf8e104/result/result.json,run_20261005T010722Z__shifting__minsum__sbgdb-20200507-pntset-0000030-d00c0eac__r00__759e0cf8e104,de0c283d24816767caf149bbc134bd9b4a29a40cd47df2320b3c83d89493f458,COMPLETED,3,42,shifting,0.000346374,runs/run_20261005T010722Z__shifting__minsum__sbgdb-20200507-pntset-0000030-d00c0eac__r00__759e0cf8e104/result/solution.json,0.009989708,shifting,0.009989708,1,2.0,False,False,0.01048775,runs/run_20261005T010722Z__shifting__minsum__sbgdb-20200507-pntset-0000030-d00c0eac__r00__759e0cf8e104/result/trace.csv,runs/run_20261005T010722Z__shifting__minsum__sbgdb-20200507-pntset-0000030-d00c0eac__r00__759e0cf8e104/result/trace.jsonl,817.0305947739278,CERTIFIED_CONTINUOUS,0.000136916,True,True,True,0.01048775,0.025654124999999972
branch-and-bound,1,exact_reference,branch-and-bound,CERTIFIED,Release,50,35.613004252827814,356.727868902418,Apple LLVM 17.0.0 (clang-1700.6.3.2),"{""algorithm"":""branch-and-bound"",""cache_policy"":""auto"",""global_time_limit_sec"":10.0,""handovers_enabled"":true,""minsum_refinement_policy"":""CERTIFIED_BOUND"",""objective"":""minmax"",""per_static_time_limit_sec"":2.0,""profile"":""DEBUG"",""repeat"":0,""seed"":843848824,""verify_after"":true,""verify_each_iteration"":true}",,0.000505,smoke10,,,True,algorithm-smoke-20261005-complete,smoke / development validation,False,False,0,0,False,True,35.613004252827814,88c683f46e83540a43aaab82d355020b429b6a26,10.0,True,0.0,stars-0000030.instance-2f24c57225,stars-0000030.instance,4655.919937131325,not-applicable,356.727868902418,25,HEURISTIC_ADAPTIVE,2,False,0,2,1,2,minmax,13060.878981226433,FEASIBLE,13060.878981226433,17.046875,2.0,1.0,HEURISTIC_ADAPTIVE,0,auto,runs/run_20261005T010722Z__branch-and-bound__minmax__stars-0000030.instance-2f24c57225__r00__aa82b08925ba/result/result.json,run_20261005T010722Z__branch-and-bound__minmax__stars-0000030.instance-2f24c57225__r00__aa82b08925ba,5e40e75bc78cbf82e96fc38ff8d478e03531dbb752e54f8ea932cb4d99e3c661,COMPLETED,3,42,branch-and-bound,0.00027300100000000004,runs/run_20261005T010722Z__branch-and-bound__minmax__stars-0000030.instance-2f24c57225__r00__aa82b08925ba/result/solution.json,0.000174542,branch-and-bound,0.000174542,1,2.0,False,False,0.000510668,runs/run_20261005T010722Z__branch-and-bound__minmax__stars-0000030.instance-2f24c57225__r00__aa82b08925ba/result/trace.csv,runs/run_20261005T010722Z__branch-and-bound__minmax__stars-0000030.instance-2f24c57225__r00__aa82b08925ba/result/trace.jsonl,13060.878981226433,CERTIFIED_CONTINUOUS,3.0458e-05,True,True,True,0.000510668,0.017537457999999617
genetic,1,heuristic,genetic,CERTIFIED,Release,50,,261.78364474464456,Apple LLVM 17.0.0 (clang-1700.6.3.2),"{""algorithm"":""genetic"",""cache_policy"":""auto"",""global_time_limit_sec"":5.0,""handovers_enabled"":true,""minsum_refinement_policy"":""CERTIFIED_BOUND"",""objective"":""minmax"",""per_static_time_limit_sec"":2.0,""profile"":""DEBUG"",""repeat"":0,""seed"":69224522,""verify_after"":true,""verify_each_iteration"":true}",,0.026928,smoke10,,,False,algorithm-smoke-20261005-complete,smoke / development validation,False,False,0,0,False,True,48.89188302411557,88c683f46e83540a43aaab82d355020b429b6a26,5.0,True,0.0,stars-0000030.instance-2f24c57225,stars-0000030.instance,4655.919937131325,not-applicable,261.78364474464456,25,HEURISTIC_ADAPTIVE,2,False,0,2,1,2,minmax,13060.878981226433,FEASIBLE,13060.878981226433,17.15625,2.0,1.0,HEURISTIC_ADAPTIVE,0,auto,runs/run_20261005T010722Z__genetic__minmax__stars-0000030.instance-2f24c57225__r00__fbcf7c45fa8a/result/result.json,run_20261005T010722Z__genetic__minmax__stars-0000030.instance-2f24c57225__r00__fbcf7c45fa8a,95f4749543741d1fb5dfd1fc74a35cc7d0dd76e80a9aa171db22073cdb716490,COMPLETED,3,42,genetic,0.0004105,runs/run_20261005T010722Z__genetic__minmax__stars-0000030.instance-2f24c57225__r00__fbcf7c45fa8a/result/solution.json,0.028446833,genetic,0.028446833,1,2.0,False,False,0.028891792,runs/run_20261005T010722Z__genetic__minmax__stars-0000030.instance-2f24c57225__r00__fbcf7c45fa8a/result/trace.csv,runs/run_20261005T010722Z__genetic__minmax__stars-0000030.instance-2f24c57225__r00__fbcf7c45fa8a/result/trace.jsonl,13060.878981226433,CERTIFIED_CONTINUOUS,1.4708e-05,True,True,True,0.028891792,0.051283624999999944
greedy,1,heuristic,greedy,CERTIFIED,Release,50,,261.7836447446445,Apple LLVM 17.0.0 (clang-1700.6.3.2),"{""algorithm"":""greedy"",""cache_policy"":""auto"",""global_time_limit_sec"":5.0,""handovers_enabled"":true,""minsum_refinement_policy"":""CERTIFIED_BOUND"",""objective"":""minmax"",""per_static_time_limit_sec"":2.0,""profile"":""DEBUG"",""repeat"":0,""seed"":840145697,""verify_after"":true,""verify_each_iteration"":true}",,0.000613,smoke10,,,False,algorithm-smoke-20261005-complete,smoke / development validation,False,False,0,0,False,True,48.89188302411558,88c683f46e83540a43aaab82d355020b429b6a26,5.0,True,0.0,stars-0000030.instance-2f24c57225,stars-0000030.instance,4655.919937131325,not-applicable,261.7836447446445,25,HEURISTIC_ADAPTIVE,2,False,0,2,1,2,minmax,13060.878981226433,FEASIBLE,13060.878981226433,16.96875,2.0,1.0,HEURISTIC_ADAPTIVE,0,auto,runs/run_20261005T010722Z__greedy__minmax__stars-0000030.instance-2f24c57225__r00__e548adeb16eb/result/result.json,run_20261005T010722Z__greedy__minmax__stars-0000030.instance-2f24c57225__r00__e548adeb16eb,64ced06e847caf5490487b49d7a2ae30168be45da7262dac6b5b2154c6b18d95,COMPLETED,3,42,greedy,0.0017592089999999999,runs/run_20261005T010722Z__greedy__minmax__stars-0000030.instance-2f24c57225__r00__e548adeb16eb/result/solution.json,0.000142416,greedy,0.000142416,1,2.0,False,False,0.002066042,runs/run_20261005T010722Z__greedy__minmax__stars-0000030.instance-2f24c57225__r00__e548adeb16eb/result/trace.csv,runs/run_20261005T010722Z__greedy__minmax__stars-0000030.instance-2f24c57225__r00__e548adeb16eb/result/trace.jsonl,13060.878981226433,CERTIFIED_CONTINUOUS,1.475e-05,True,True,True,0.002066042,0.021681999999999313
local-search,1,heuristic,local-search,CERTIFIED,Release,50,,261.78364474464456,Apple LLVM 17.0.0 (clang-1700.6.3.2),"{""algorithm"":""local-search"",""cache_policy"":""auto"",""global_time_limit_sec"":5.0,""handovers_enabled"":true,""minsum_refinement_policy"":""CERTIFIED_BOUND"",""objective"":""minmax"",""per_static_time_limit_sec"":2.0,""profile"":""DEBUG"",""repeat"":0,""seed"":4171228691,""verify_after"":true,""verify_each_iteration"":true}",,0.000594,smoke10,,,False,algorithm-smoke-20261005-complete,smoke / development validation,False,False,0,0,False,True,48.89188302411557,88c683f46e83540a43aaab82d355020b429b6a26,5.0,True,0.0,stars-0000030.instance-2f24c57225,stars-0000030.instance,4655.919937131325,not-applicable,261.78364474464456,25,HEURISTIC_ADAPTIVE,2,False,0,2,1,2,minmax,13060.878981226433,FEASIBLE,13060.878981226433,17.09375,2.0,1.0,HEURISTIC_ADAPTIVE,0,auto,runs/run_20261005T010722Z__local-search__minmax__stars-0000030.instance-2f24c57225__r00__ae5af01b76d5/result/result.json,run_20261005T010722Z__local-search__minmax__stars-0000030.instance-2f24c57225__r00__ae5af01b76d5,a81ff94bf07c02aa715e17bc0c4bf694c69aee2c05c3d59894e4840bb91ce399,COMPLETED,3,42,local-search,0.000330124,runs/run_20261005T010722Z__local-search__minmax__stars-0000030.instance-2f24c57225__r00__ae5af01b76d5/result/solution.json,9.875e-05,local-search,9.875e-05,1,2.0,False,False,0.000462416,runs/run_20261005T010722Z__local-search__minmax__stars-0000030.instance-2f24c57225__r00__ae5af01b76d5/result/trace.csv,runs/run_20261005T010722Z__local-search__minmax__stars-0000030.instance-2f24c57225__r00__ae5af01b76d5/result/trace.jsonl,13060.878981226433,CERTIFIED_CONTINUOUS,1.4958e-05,True,True,True,0.000462416,0.015852082999999517
lp-rounding,1,heuristic,lp-rounding,CERTIFIED,Release,50,,356.72786890241787,Apple LLVM 17.0.0 (clang-1700.6.3.2),"{""algorithm"":""lp-rounding"",""cache_policy"":""auto"",""global_time_limit_sec"":5.0,""handovers_enabled"":true,""minsum_refinement_policy"":""CERTIFIED_BOUND"",""objective"":""minmax"",""per_static_time_limit_sec"":2.0,""profile"":""DEBUG"",""repeat"":0,""seed"":205789194,""verify_after"":true,""verify_each_iteration"":true}",,0.00063,smoke10,,,False,algorithm-smoke-20261005-complete,smoke / development validation,False,False,0,2,False,True,35.61300425282783,88c683f46e83540a43aaab82d355020b429b6a26,5.0,True,0.0,stars-0000030.instance-2f24c57225,stars-0000030.instance,4655.919937131325,not-applicable,356.72786890241787,25,HEURISTIC_ADAPTIVE,2,False,0,2,1,2,minmax,13060.878981226433,FEASIBLE,13060.878981226433,17.25,2.0,1.0,HEURISTIC_ADAPTIVE,0,auto,runs/run_20261005T010722Z__lp-rounding__minmax__stars-0000030.instance-2f24c57225__r00__a760d23c959d/result/result.json,run_20261005T010722Z__lp-rounding__minmax__stars-0000030.instance-2f24c57225__r00__a760d23c959d,60c61695d181a3ffd922ba217c802bd39846b08be0fc39b1cfece02769b6b42a,COMPLETED,3,42,lp-rounding,0.000373541,runs/run_20261005T010722Z__lp-rounding__minmax__stars-0000030.instance-2f24c57225__r00__a760d23c959d/result/solution.json,0.000202834,lp-rounding,0.000202834,1,2.0,False,False,0.000669958,runs/run_20261005T010722Z__lp-rounding__minmax__stars-0000030.instance-2f24c57225__r00__a760d23c959d/result/trace.csv,runs/run_20261005T010722Z__lp-rounding__minmax__stars-0000030.instance-2f24c57225__r00__a760d23c959d/result/trace.jsonl,13060.878981226433,CERTIFIED_CONTINUOUS,7e-05,True,True,True,0.000669958,0.01603641699999958
nn,1,heuristic,nn,CERTIFIED,Release,50,,0.0,Apple LLVM 17.0.0 (clang-1700.6.3.2),"{""algorithm"":""nn"",""cache_policy"":""auto"",""global_time_limit_sec"":5.0,""handovers_enabled"":true,""minsum_refinement_policy"":""CERTIFIED_BOUND"",""objective"":""minmax"",""per_static_time_limit_sec"":2.0,""profile"":""DEBUG"",""repeat"":0,""seed"":3837193125,""verify_after"":true,""verify_each_iteration"":true}",,0.000428,smoke10,,,False,algorithm-smoke-20261005-complete,smoke / development validation,False,False,0,0,False,True,13060.878981226433,88c683f46e83540a43aaab82d355020b429b6a26,5.0,True,0.0,stars-0000030.instance-2f24c57225,stars-0000030.instance,4655.919937131325,not-applicable,0.0,25,HEURISTIC_ADAPTIVE,2,False,0,2,1,2,minmax,13060.878981226433,FEASIBLE,13060.878981226433,17.015625,2.0,1.0,HEURISTIC_ADAPTIVE,0,auto,runs/run_20261005T010722Z__nn__minmax__stars-0000030.instance-2f24c57225__r00__230a0c01ee3b/result/result.json,run_20261005T010722Z__nn__minmax__stars-0000030.instance-2f24c57225__r00__230a0c01ee3b,6567688ffce42211d95428d3fdd9b0f8fc492a5f046dcd261063c281ade00bf2,COMPLETED,3,42,nn,0.000246917,runs/run_20261005T010722Z__nn__minmax__stars-0000030.instance-2f24c57225__r00__230a0c01ee3b/result/solution.json,7.0625e-05,nn,7.0625e-05,1,2.0,False,False,0.00034724999999999996,runs/run_20261005T010722Z__nn__minmax__stars-0000030.instance-2f24c57225__r00__230a0c01ee3b/result/trace.csv,runs/run_20261005T010722Z__nn__minmax__stars-0000030.instance-2f24c57225__r00__230a0c01ee3b/result/trace.jsonl,13060.878981226433,CERTIFIED_CONTINUOUS,1.4417e-05,True,True,True,0.00034724999999999996,0.014791208999999306
primal-dual,1,heuristic,primal-dual,CERTIFIED,Release,50,,0.0,Apple LLVM 17.0.0 (clang-1700.6.3.2),"{""algorithm"":""primal-dual"",""cache_policy"":""auto"",""global_time_limit_sec"":5.0,""handovers_enabled"":true,""minsum_refinement_policy"":""CERTIFIED_BOUND"",""objective"":""minmax"",""per_static_time_limit_sec"":2.0,""profile"":""DEBUG"",""repeat"":0,""seed"":197023151,""verify_after"":true,""verify_each_iteration"":true}",,0.000489,smoke10,,,False,algorithm-smoke-20261005-complete,smoke / development validation,False,False,0,0,False,True,914.3251063206956,88c683f46e83540a43aaab82d355020b429b6a26,5.0,True,14.269114756096718,stars-0000030.instance-2f24c57225,stars-0000030.instance,4655.919937131325,not-applicable,0.0,25,HEURISTIC_ADAPTIVE,2,False,0,2,1,2,minmax,13060.878981226433,FEASIBLE,13060.878981226433,17.078125,2.0,1.0,HEURISTIC_ADAPTIVE,0,auto,runs/run_20261005T010722Z__primal-dual__minmax__stars-0000030.instance-2f24c57225__r00__cfbc3c0b01d8/result/result.json,run_20261005T010722Z__primal-dual__minmax__stars-0000030.instance-2f24c57225__r00__cfbc3c0b01d8,793b1d473edce9f0d4227af203fbf333ffea010222d825fdb57d4221baffdc92,COMPLETED,3,42,primal-dual,0.00029,runs/run_20261005T010722Z__primal-dual__minmax__stars-0000030.instance-2f24c57225__r00__cfbc3c0b01d8/result/solution.json,8.8625e-05,primal-dual,8.8625e-05,1,2.0,False,False,0.00041125,runs/run_20261005T010722Z__primal-dual__minmax__stars-0000030.instance-2f24c57225__r00__cfbc3c0b01d8/result/trace.csv,runs/run_20261005T010722Z__primal-dual__minmax__stars-0000030.instance-2f24c57225__r00__cfbc3c0b01d8/result/trace.jsonl,13060.878981226433,CERTIFIED_CONTINUOUS,1.4833e-05,True,True,True,0.00041125,0.015255125000000369
sa,1,heuristic,sa,CERTIFIED,Release,50,,261.78364474464456,Apple LLVM 17.0.0 (clang-1700.6.3.2),"{""algorithm"":""sa"",""cache_policy"":""auto"",""global_time_limit_sec"":5.0,""handovers_enabled"":true,""minsum_refinement_policy"":""CERTIFIED_BOUND"",""objective"":""minmax"",""per_static_time_limit_sec"":2.0,""profile"":""DEBUG"",""repeat"":0,""seed"":100477025,""verify_after"":true,""verify_each_iteration"":true}",,0.007404,smoke10,,,False,algorithm-smoke-20261005-complete,smoke / development validation,False,False,0,0,False,True,48.89188302411557,88c683f46e83540a43aaab82d355020b429b6a26,5.0,True,0.0,stars-0000030.instance-2f24c57225,stars-0000030.instance,4655.919937131325,not-applicable,261.78364474464456,25,HEURISTIC_ADAPTIVE,2,False,0,2,1,2,minmax,13060.878981226433,FEASIBLE,13060.878981226433,17.03125,2.0,1.0,HEURISTIC_ADAPTIVE,0,auto,runs/run_20261005T010722Z__sa__minmax__stars-0000030.instance-2f24c57225__r00__a9f4dcec18e5/result/result.json,run_20261005T010722Z__sa__minmax__stars-0000030.instance-2f24c57225__r00__a9f4dcec18e5,2778bd49b4ff0c141d822884653f490538c039451d17d2b0cc0ac657aca69f7a,COMPLETED,3,42,sa,0.000336666,runs/run_20261005T010722Z__sa__minmax__stars-0000030.instance-2f24c57225__r00__a9f4dcec18e5/result/solution.json,0.0069075,sa,0.0069075,1,2.0,False,False,0.007277166,runs/run_20261005T010722Z__sa__minmax__stars-0000030.instance-2f24c57225__r00__a9f4dcec18e5/result/trace.csv,runs/run_20261005T010722Z__sa__minmax__stars-0000030.instance-2f24c57225__r00__a9f4dcec18e5/result/trace.jsonl,13060.878981226433,CERTIFIED_CONTINUOUS,1.4375e-05,True,True,True,0.007277166,0.02216558300000049
shifting,1,heuristic,shifting,CERTIFIED,Release,50,,261.78364474464456,Apple LLVM 17.0.0 (clang-1700.6.3.2),"{""algorithm"":""shifting"",""cache_policy"":""auto"",""global_time_limit_sec"":5.0,""handovers_enabled"":true,""minsum_refinement_policy"":""CERTIFIED_BOUND"",""objective"":""minmax"",""per_static_time_limit_sec"":2.0,""profile"":""DEBUG"",""repeat"":0,""seed"":2428699021,""verify_after"":true,""verify_each_iteration"":true}",,0.011364,smoke10,,,False,algorithm-smoke-20261005-complete,smoke / development validation,False,False,0,0,False,True,48.89188302411557,88c683f46e83540a43aaab82d355020b429b6a26,5.0,True,0.0,stars-0000030.instance-2f24c57225,stars-0000030.instance,4655.919937131325,not-applicable,261.78364474464456,25,HEURISTIC_ADAPTIVE,2,False,0,2,1,2,minmax,13060.878981226433,FEASIBLE,13060.878981226433,17.203125,2.0,1.0,HEURISTIC_ADAPTIVE,0,auto,runs/run_20261005T010722Z__shifting__minmax__stars-0000030.instance-2f24c57225__r00__c108ca94ec02/result/result.json,run_20261005T010722Z__shifting__minmax__stars-0000030.instance-2f24c57225__r00__c108ca94ec02,162d72efd6ba9c0e2e1b7ecddfe683a759b0f34d630000e96fb925c062ab282b,COMPLETED,3,42,shifting,0.000342084,runs/run_20261005T010722Z__shifting__minmax__stars-0000030.instance-2f24c57225__r00__c108ca94ec02/result/solution.json,0.005868584,shifting,0.005868584,1,2.0,False,False,0.0062411260000000005,runs/run_20261005T010722Z__shifting__minmax__stars-0000030.instance-2f24c57225__r00__c108ca94ec02/result/trace.csv,runs/run_20261005T010722Z__shifting__minmax__stars-0000030.instance-2f24c57225__r00__c108ca94ec02/result/trace.jsonl,13060.878981226433,CERTIFIED_CONTINUOUS,1.6334e-05,True,True,True,0.0062411260000000005,0.021129249999999544
branch-and-bound,1,exact_reference,branch-and-bound,CERTIFIED,Release,50,,0.0,Apple LLVM 17.0.0 (clang-1700.6.3.2),"{""algorithm"":""branch-and-bound"",""cache_policy"":""auto"",""global_time_limit_sec"":10.0,""handovers_enabled"":true,""minsum_refinement_policy"":""CERTIFIED_BOUND"",""objective"":""minsum"",""per_static_time_limit_sec"":2.0,""profile"":""DEBUG"",""repeat"":0,""seed"":3171869107,""verify_after"":true,""verify_each_iteration"":true}",,0.003473,smoke10,,,True,algorithm-smoke-20261005-complete,smoke / development validation,False,False,0,0,False,True,0.014878427484800033,88c683f46e83540a43aaab82d355020b429b6a26,10.0,True,221.94121358581336,stars-0000030.instance-2f24c57225,stars-0000030.instance,225.2433498380384,not-applicable,0.0,25,CERTIFIED_BOUND,2,False,0,14,8,14,minsum,225.2433498380384,FEASIBLE,538.6505082398362,17.3125,2.0,1.0,CERTIFIED_BOUND,0,auto,runs/run_20261005T010722Z__branch-and-bound__minsum__stars-0000030.instance-2f24c57225__r00__032013295380/result/result.json,run_20261005T010722Z__branch-and-bound__minsum__stars-0000030.instance-2f24c57225__r00__032013295380,ad400636049e08035bf54c2fa99abf0f21abc51d40a6624ae1771d8cc4825ad0,COMPLETED,3,42,branch-and-bound,0.00036629100000000003,runs/run_20261005T010722Z__branch-and-bound__minsum__stars-0000030.instance-2f24c57225__r00__032013295380/result/solution.json,0.0007857080000000002,branch-and-bound,0.0007857080000000002,1,2.0,False,False,0.0027560830000000003,runs/run_20261005T010722Z__branch-and-bound__minsum__stars-0000030.instance-2f24c57225__r00__032013295380/result/trace.csv,runs/run_20261005T010722Z__branch-and-bound__minsum__stars-0000030.instance-2f24c57225__r00__032013295380/result/trace.jsonl,225.2433498380384,CERTIFIED_CONTINUOUS,0.0015868339999999999,True,True,True,0.0027560830000000003,0.01793195900000022
genetic,1,heuristic,genetic,CERTIFIED,Release,50,,0.0,Apple LLVM 17.0.0 (clang-1700.6.3.2),"{""algorithm"":""genetic"",""cache_policy"":""auto"",""global_time_limit_sec"":5.0,""handovers_enabled"":true,""minsum_refinement_policy"":""CERTIFIED_BOUND"",""objective"":""minsum"",""per_static_time_limit_sec"":2.0,""profile"":""DEBUG"",""repeat"":0,""seed"":2577036681,""verify_after"":true,""verify_each_iteration"":true}",,0.163354,smoke10,,,False,algorithm-smoke-20261005-complete,smoke / development validation,False,False,0,0,False,True,0.5076690849508088,88c683f46e83540a43aaab82d355020b429b6a26,5.0,True,163.5814738942602,stars-0000030.instance-2f24c57225,stars-0000030.instance,246.62673106106388,not-applicable,0.0,25,CERTIFIED_BOUND,2,False,0,13,7,13,minsum,246.62673106106388,FEASIBLE,771.6170616721125,17.421875,2.0,1.0,CERTIFIED_BOUND,0,auto,runs/run_20261005T010722Z__genetic__minsum__stars-0000030.instance-2f24c57225__r00__f1757b116997/result/result.json,run_20261005T010722Z__genetic__minsum__stars-0000030.instance-2f24c57225__r00__f1757b116997,b271ff0841c91132c89b91c138b38711cdd8be742bdaf98c0bbab8ff60bbfded,COMPLETED,3,42,genetic,0.000456749,runs/run_20261005T010722Z__genetic__minsum__stars-0000030.instance-2f24c57225__r00__f1757b116997/result/solution.json,0.161869,genetic,0.161869,1,2.0,False,False,0.16342062499999999,runs/run_20261005T010722Z__genetic__minsum__stars-0000030.instance-2f24c57225__r00__f1757b116997/result/trace.csv,runs/run_20261005T010722Z__genetic__minsum__stars-0000030.instance-2f24c57225__r00__f1757b116997/result/trace.jsonl,246.62673106106388,CERTIFIED_CONTINUOUS,0.001068416,True,True,True,0.16342062499999999,0.1789387919999994
greedy,1,heuristic,greedy,CERTIFIED,Release,50,,0.0,Apple LLVM 17.0.0 (clang-1700.6.3.2),"{""algorithm"":""greedy"",""cache_policy"":""auto"",""global_time_limit_sec"":5.0,""handovers_enabled"":true,""minsum_refinement_policy"":""CERTIFIED_BOUND"",""objective"":""minsum"",""per_static_time_limit_sec"":2.0,""profile"":""DEBUG"",""repeat"":0,""seed"":654208122,""verify_after"":true,""verify_each_iteration"":true}",,0.002405,smoke10,,,False,algorithm-smoke-20261005-complete,smoke / development validation,False,False,0,0,False,True,0.5076690849508088,88c683f46e83540a43aaab82d355020b429b6a26,5.0,True,163.5814738942602,stars-0000030.instance-2f24c57225,stars-0000030.instance,246.62673106106388,not-applicable,0.0,25,CERTIFIED_BOUND,2,False,0,13,7,13,minsum,246.62673106106388,FEASIBLE,771.6170616721125,17.28125,2.0,1.0,CERTIFIED_BOUND,0,auto,runs/run_20261005T010722Z__greedy__minsum__stars-0000030.instance-2f24c57225__r00__712103b642aa/result/result.json,run_20261005T010722Z__greedy__minsum__stars-0000030.instance-2f24c57225__r00__712103b642aa,30f09dddffda865afdc1e9b2f5cb6c0138ee68f264e3e2ec2752d5917f8d3a69,COMPLETED,3,42,greedy,0.00039825,runs/run_20261005T010722Z__greedy__minsum__stars-0000030.instance-2f24c57225__r00__712103b642aa/result/solution.json,0.0005113339999999998,greedy,0.0005113339999999998,1,2.0,False,False,0.001989791,runs/run_20261005T010722Z__greedy__minsum__stars-0000030.instance-2f24c57225__r00__712103b642aa/result/trace.csv,runs/run_20261005T010722Z__greedy__minsum__stars-0000030.instance-2f24c57225__r00__712103b642aa/result/trace.jsonl,246.62673106106388,CERTIFIED_CONTINUOUS,0.001064541,True,True,True,0.001989791,0.01621074999999994
local-search,1,heuristic,local-search,CERTIFIED,Release,50,,0.0,Apple LLVM 17.0.0 (clang-1700.6.3.2),"{""algorithm"":""local-search"",""cache_policy"":""auto"",""global_time_limit_sec"":5.0,""handovers_enabled"":true,""minsum_refinement_policy"":""CERTIFIED_BOUND"",""objective"":""minsum"",""per_static_time_limit_sec"":2.0,""profile"":""DEBUG"",""repeat"":0,""seed"":3059222728,""verify_after"":true,""verify_each_iteration"":true}",,0.002765,smoke10,,,False,algorithm-smoke-20261005-complete,smoke / development validation,False,False,0,0,False,True,0.5076690849508088,88c683f46e83540a43aaab82d355020b429b6a26,5.0,True,163.5814738942602,stars-0000030.instance-2f24c57225,stars-0000030.instance,246.62673106106388,not-applicable,0.0,25,CERTIFIED_BOUND,2,False,0,13,7,13,minsum,246.62673106106388,FEASIBLE,771.6170616721125,17.359375,2.0,1.0,CERTIFIED_BOUND,0,auto,runs/run_20261005T010722Z__local-search__minsum__stars-0000030.instance-2f24c57225__r00__0aae5dde10dc/result/result.json,run_20261005T010722Z__local-search__minsum__stars-0000030.instance-2f24c57225__r00__0aae5dde10dc,eab8bb83e4b42e4cb4e24fa52d75d192b5d026e61a1835dee5a774c72ac5091e,COMPLETED,3,42,local-search,0.000465834,runs/run_20261005T010722Z__local-search__minsum__stars-0000030.instance-2f24c57225__r00__0aae5dde10dc/result/solution.json,0.0007144590000000002,local-search,0.0007144590000000002,1,2.0,False,False,0.0023405419999999997,runs/run_20261005T010722Z__local-search__minsum__stars-0000030.instance-2f24c57225__r00__0aae5dde10dc/result/trace.csv,runs/run_20261005T010722Z__local-search__minsum__stars-0000030.instance-2f24c57225__r00__0aae5dde10dc/result/trace.jsonl,246.62673106106388,CERTIFIED_CONTINUOUS,0.0011416659999999997,True,True,True,0.0023405419999999997,0.01652070799999983
lp-rounding,1,heuristic,lp-rounding,CERTIFIED,Release,50,,0.0,Apple LLVM 17.0.0 (clang-1700.6.3.2),"{""algorithm"":""lp-rounding"",""cache_policy"":""auto"",""global_time_limit_sec"":5.0,""handovers_enabled"":true,""minsum_refinement_policy"":""CERTIFIED_BOUND"",""objective"":""minsum"",""per_static_time_limit_sec"":2.0,""profile"":""DEBUG"",""repeat"":0,""seed"":376217161,""verify_after"":true,""verify_each_iteration"":true}",,0.003723,smoke10,,,False,algorithm-smoke-20261005-complete,smoke / development validation,False,False,0,14,False,True,0.014878427484801072,88c683f46e83540a43aaab82d355020b429b6a26,5.0,True,221.94121358581313,stars-0000030.instance-2f24c57225,stars-0000030.instance,225.2433498380384,not-applicable,0.0,25,CERTIFIED_BOUND,2,False,0,14,8,14,minsum,225.2433498380384,FEASIBLE,538.6505082398362,17.46875,2.0,1.0,CERTIFIED_BOUND,0,auto,runs/run_20261005T010722Z__lp-rounding__minsum__stars-0000030.instance-2f24c57225__r00__6402ca7777d0/result/result.json,run_20261005T010722Z__lp-rounding__minsum__stars-0000030.instance-2f24c57225__r00__6402ca7777d0,54bbe7ff32b19b51d697122ec7c14f66031c09ab071e9f3579a55cc87f23f290,COMPLETED,3,42,lp-rounding,0.000311667,runs/run_20261005T010722Z__lp-rounding__minsum__stars-0000030.instance-2f24c57225__r00__6402ca7777d0/result/solution.json,0.0013909999999999999,lp-rounding,0.0013909999999999999,1,2.0,False,False,0.003187208,runs/run_20261005T010722Z__lp-rounding__minsum__stars-0000030.instance-2f24c57225__r00__6402ca7777d0/result/trace.csv,runs/run_20261005T010722Z__lp-rounding__minsum__stars-0000030.instance-2f24c57225__r00__6402ca7777d0/result/trace.jsonl,225.2433498380384,CERTIFIED_CONTINUOUS,0.0014682080000000001,True,True,True,0.003187208,0.016678832999999393
nn,1,heuristic,nn,CERTIFIED,Release,50,,0.0,Apple LLVM 17.0.0 (clang-1700.6.3.2),"{""algorithm"":""nn"",""cache_policy"":""auto"",""global_time_limit_sec"":5.0,""handovers_enabled"":true,""minsum_refinement_policy"":""CERTIFIED_BOUND"",""objective"":""minsum"",""per_static_time_limit_sec"":2.0,""profile"":""DEBUG"",""repeat"":0,""seed"":3409383574,""verify_after"":true,""verify_each_iteration"":true}",,0.002088,smoke10,,,False,algorithm-smoke-20261005-complete,smoke / development validation,False,False,0,0,False,True,246.62673106106388,88c683f46e83540a43aaab82d355020b429b6a26,5.0,True,0.0,stars-0000030.instance-2f24c57225,stars-0000030.instance,246.62673106106388,not-applicable,0.0,25,CERTIFIED_BOUND,2,False,0,13,7,13,minsum,246.62673106106388,FEASIBLE,771.6170616721125,17.109375,2.0,1.0,CERTIFIED_BOUND,0,auto,runs/run_20261005T010722Z__nn__minsum__stars-0000030.instance-2f24c57225__r00__135875006040/result/result.json,run_20261005T010722Z__nn__minsum__stars-0000030.instance-2f24c57225__r00__135875006040,03f0ebf93e7e2c5d4b158622f20d569135b8398d2d5f5fb3e4b24668d60a97ff,COMPLETED,3,42,nn,0.000453625,runs/run_20261005T010722Z__nn__minsum__stars-0000030.instance-2f24c57225__r00__135875006040/result/solution.json,0.000452624,nn,0.000452624,1,2.0,False,False,0.001948333,runs/run_20261005T010722Z__nn__minsum__stars-0000030.instance-2f24c57225__r00__135875006040/result/trace.csv,runs/run_20261005T010722Z__nn__minsum__stars-0000030.instance-2f24c57225__r00__135875006040/result/trace.jsonl,246.62673106106388,CERTIFIED_CONTINUOUS,0.001030084,True,True,True,0.001948333,0.015561166000000348
primal-dual,1,heuristic,primal-dual,CERTIFIED,Release,50,,0.0,Apple LLVM 17.0.0 (clang-1700.6.3.2),"{""algorithm"":""primal-dual"",""cache_policy"":""auto"",""global_time_limit_sec"":5.0,""handovers_enabled"":true,""minsum_refinement_policy"":""CERTIFIED_BOUND"",""objective"":""minsum"",""per_static_time_limit_sec"":2.0,""profile"":""DEBUG"",""repeat"":0,""seed"":1995816844,""verify_after"":true,""verify_each_iteration"":true}",,0.00233,smoke10,,,False,algorithm-smoke-20261005-complete,smoke / development validation,False,False,0,0,False,True,26.780636939441834,88c683f46e83540a43aaab82d355020b429b6a26,5.0,True,8.877648543432535,stars-0000030.instance-2f24c57225,stars-0000030.instance,246.62673106106388,not-applicable,0.0,25,CERTIFIED_BOUND,2,False,0,13,7,13,minsum,246.62673106106388,FEASIBLE,771.6170616721125,17.265625,2.0,1.0,CERTIFIED_BOUND,0,auto,runs/run_20261005T010722Z__primal-dual__minsum__stars-0000030.instance-2f24c57225__r00__9088366668a8/result/result.json,run_20261005T010722Z__primal-dual__minsum__stars-0000030.instance-2f24c57225__r00__9088366668a8,db0f049f58dbfb1a1d2483c9b556a83158f4263383a2747bdc464af0d9793916,COMPLETED,3,42,primal-dual,0.000372041,runs/run_20261005T010722Z__primal-dual__minsum__stars-0000030.instance-2f24c57225__r00__9088366668a8/result/solution.json,0.0005957900000000001,primal-dual,0.0005957900000000001,1,2.0,False,False,0.002015875,runs/run_20261005T010722Z__primal-dual__minsum__stars-0000030.instance-2f24c57225__r00__9088366668a8/result/trace.csv,runs/run_20261005T010722Z__primal-dual__minsum__stars-0000030.instance-2f24c57225__r00__9088366668a8/result/trace.jsonl,246.62673106106388,CERTIFIED_CONTINUOUS,0.00103346,True,True,True,0.002015875,0.027476667000000177
sa,1,heuristic,sa,CERTIFIED,Release,50,,0.0,Apple LLVM 17.0.0 (clang-1700.6.3.2),"{""algorithm"":""sa"",""cache_policy"":""auto"",""global_time_limit_sec"":5.0,""handovers_enabled"":true,""minsum_refinement_policy"":""CERTIFIED_BOUND"",""objective"":""minsum"",""per_static_time_limit_sec"":2.0,""profile"":""DEBUG"",""repeat"":0,""seed"":3569952442,""verify_after"":true,""verify_each_iteration"":true}",,0.048232,smoke10,,,False,algorithm-smoke-20261005-complete,smoke / development validation,False,False,0,0,False,True,0.5076690849508088,88c683f46e83540a43aaab82d355020b429b6a26,5.0,True,163.5814738942602,stars-0000030.instance-2f24c57225,stars-0000030.instance,246.62673106106388,not-applicable,0.0,25,CERTIFIED_BOUND,2,False,0,13,7,13,minsum,246.62673106106388,FEASIBLE,771.6170616721125,17.40625,2.0,1.0,CERTIFIED_BOUND,0,auto,runs/run_20261005T010722Z__sa__minsum__stars-0000030.instance-2f24c57225__r00__945f182b50c0/result/result.json,run_20261005T010722Z__sa__minsum__stars-0000030.instance-2f24c57225__r00__945f182b50c0,56b4e900f12d76bf062d558d683ded015794fb775f21d98b861b11e905bf4182,COMPLETED,3,42,sa,0.000453667,runs/run_20261005T010722Z__sa__minsum__stars-0000030.instance-2f24c57225__r00__945f182b50c0/result/solution.json,0.047376582,sa,0.047376582,1,2.0,False,False,0.048910292,runs/run_20261005T010722Z__sa__minsum__stars-0000030.instance-2f24c57225__r00__945f182b50c0/result/trace.csv,runs/run_20261005T010722Z__sa__minsum__stars-0000030.instance-2f24c57225__r00__945f182b50c0/result/trace.jsonl,246.62673106106388,CERTIFIED_CONTINUOUS,0.001063043,True,True,True,0.048910292,0.0733048329999999
shifting,1,heuristic,shifting,CERTIFIED,Release,50,,0.0,Apple LLVM 17.0.0 (clang-1700.6.3.2),"{""algorithm"":""shifting"",""cache_policy"":""auto"",""global_time_limit_sec"":5.0,""handovers_enabled"":true,""minsum_refinement_policy"":""CERTIFIED_BOUND"",""objective"":""minsum"",""per_static_time_limit_sec"":2.0,""profile"":""DEBUG"",""repeat"":0,""seed"":2666648430,""verify_after"":true,""verify_each_iteration"":true}",,0.070447,smoke10,,,False,algorithm-smoke-20261005-complete,smoke / development validation,False,False,0,0,False,True,0.5076690849508088,88c683f46e83540a43aaab82d355020b429b6a26,5.0,True,163.5814738942602,stars-0000030.instance-2f24c57225,stars-0000030.instance,246.62673106106388,not-applicable,0.0,25,CERTIFIED_BOUND,2,False,0,13,7,13,minsum,246.62673106106388,FEASIBLE,771.6170616721125,17.390625,2.0,1.0,CERTIFIED_BOUND,0,auto,runs/run_20261005T010722Z__shifting__minsum__stars-0000030.instance-2f24c57225__r00__e532530a6704/result/result.json,run_20261005T010722Z__shifting__minsum__stars-0000030.instance-2f24c57225__r00__e532530a6704,1523d47964a2191134ec2c389ae2151122a51c922acec582d7bdd03feb3ddd17,COMPLETED,3,42,shifting,0.00043937500000000004,runs/run_20261005T010722Z__shifting__minsum__stars-0000030.instance-2f24c57225__r00__e532530a6704/result/solution.json,0.037753917,shifting,0.037753917,1,2.0,False,False,0.039365458,runs/run_20261005T010722Z__shifting__minsum__stars-0000030.instance-2f24c57225__r00__e532530a6704/result/trace.csv,runs/run_20261005T010722Z__shifting__minsum__stars-0000030.instance-2f24c57225__r00__e532530a6704/result/trace.jsonl,246.62673106106388,CERTIFIED_CONTINUOUS,0.001154208,True,True,True,0.039365458,0.06695820799999996
branch-and-bound,1,exact_reference,branch-and-bound,CERTIFIED,Release,50,10.989916175616234,1248.7429003668701,Apple LLVM 17.0.0 (clang-1700.6.3.2),"{""algorithm"":""branch-and-bound"",""cache_policy"":""auto"",""global_time_limit_sec"":10.0,""handovers_enabled"":true,""minsum_refinement_policy"":""CERTIFIED_BOUND"",""objective"":""minmax"",""per_static_time_limit_sec"":2.0,""profile"":""DEBUG"",""repeat"":0,""seed"":3157189349,""verify_after"":true,""verify_each_iteration"":true}",,0.000652,smoke10,,,True,algorithm-smoke-20261005-complete,smoke / development validation,False,False,0,0,False,True,10.989916175616234,88c683f46e83540a43aaab82d355020b429b6a26,10.0,True,0.0,uniform-0000030-2-ac5ba17054,uniform-0000030-2,5017.494381311986,not-applicable,1248.7429003668701,25,HEURISTIC_ADAPTIVE,2,False,0,2,1,2,minmax,14972.322700294666,FEASIBLE,14972.322700294666,17.09375,2.0,1.0,HEURISTIC_ADAPTIVE,0,auto,runs/run_20261005T010722Z__branch-and-bound__minmax__uniform-0000030-2-ac5ba17054__r00__1db1863db3fb/result/result.json,run_20261005T010722Z__branch-and-bound__minmax__uniform-0000030-2-ac5ba17054__r00__1db1863db3fb,8d027ca11e99bdffb1413bfa88f1db82f3e7166b04a0d70bb8ff827e9bbaf1d1,COMPLETED,3,42,branch-and-bound,0.00032774999999999997,runs/run_20261005T010722Z__branch-and-bound__minmax__uniform-0000030-2-ac5ba17054__r00__1db1863db3fb/result/solution.json,0.00010079200000000002,branch-and-bound,0.00010079200000000002,1,2.0,False,False,0.000521041,runs/run_20261005T010722Z__branch-and-bound__minmax__uniform-0000030-2-ac5ba17054__r00__1db1863db3fb/result/trace.csv,runs/run_20261005T010722Z__branch-and-bound__minmax__uniform-0000030-2-ac5ba17054__r00__1db1863db3fb/result/trace.jsonl,14972.322700294666,CERTIFIED_CONTINUOUS,7.6374e-05,True,True,True,0.000521041,0.015137084000000023
genetic,1,heuristic,genetic,CERTIFIED,Release,50,,677.4344732548797,Apple LLVM 17.0.0 (clang-1700.6.3.2),"{""algorithm"":""genetic"",""cache_policy"":""auto"",""global_time_limit_sec"":5.0,""handovers_enabled"":true,""minsum_refinement_policy"":""CERTIFIED_BOUND"",""objective"":""minmax"",""per_static_time_limit_sec"":2.0,""profile"":""DEBUG"",""repeat"":0,""seed"":1062152397,""verify_after"":true,""verify_each_iteration"":true}",,0.026364,smoke10,,,False,algorithm-smoke-20261005-complete,smoke / development validation,False,False,0,0,False,True,21.10150692266504,88c683f46e83540a43aaab82d355020b429b6a26,5.0,True,0.0,uniform-0000030-2-ac5ba17054,uniform-0000030-2,5017.494381311986,not-applicable,677.4344732548797,25,HEURISTIC_ADAPTIVE,2,False,0,2,1,2,minmax,14972.322700294666,FEASIBLE,14972.322700294666,17.203125,2.0,1.0,HEURISTIC_ADAPTIVE,0,auto,runs/run_20261005T010722Z__genetic__minmax__uniform-0000030-2-ac5ba17054__r00__a362d0cce02a/result/result.json,run_20261005T010722Z__genetic__minmax__uniform-0000030-2-ac5ba17054__r00__a362d0cce02a,efcb4b005e0875372dcc4bcdd0ab6384049d513d5eab5ee7a0734ad8ca38f63a,COMPLETED,3,42,genetic,0.000540667,runs/run_20261005T010722Z__genetic__minmax__uniform-0000030-2-ac5ba17054__r00__a362d0cce02a/result/solution.json,0.025711750000000002,genetic,0.025711750000000002,1,2.0,False,False,0.026343208,runs/run_20261005T010722Z__genetic__minmax__uniform-0000030-2-ac5ba17054__r00__a362d0cce02a/result/trace.csv,runs/run_20261005T010722Z__genetic__minmax__uniform-0000030-2-ac5ba17054__r00__a362d0cce02a/result/trace.jsonl,14972.322700294666,CERTIFIED_CONTINUOUS,7.320800000000001e-05,True,True,True,0.026343208,0.04128912500000048
greedy,1,heuristic,greedy,CERTIFIED,Release,50,,677.4344732548798,Apple LLVM 17.0.0 (clang-1700.6.3.2),"{""algorithm"":""greedy"",""cache_policy"":""auto"",""global_time_limit_sec"":5.0,""handovers_enabled"":true,""minsum_refinement_policy"":""CERTIFIED_BOUND"",""objective"":""minmax"",""per_static_time_limit_sec"":2.0,""profile"":""DEBUG"",""repeat"":0,""seed"":3227575140,""verify_after"":true,""verify_each_iteration"":true}",,0.000495,smoke10,,,False,algorithm-smoke-20261005-complete,smoke / development validation,False,False,0,0,False,True,21.101506922665035,88c683f46e83540a43aaab82d355020b429b6a26,5.0,True,0.0,uniform-0000030-2-ac5ba17054,uniform-0000030-2,5017.494381311986,not-applicable,677.4344732548798,25,HEURISTIC_ADAPTIVE,2,False,0,2,1,2,minmax,14972.322700294666,FEASIBLE,14972.322700294666,17.015625,2.0,1.0,HEURISTIC_ADAPTIVE,0,auto,runs/run_20261005T010722Z__greedy__minmax__uniform-0000030-2-ac5ba17054__r00__2549e77ac62d/result/result.json,run_20261005T010722Z__greedy__minmax__uniform-0000030-2-ac5ba17054__r00__2549e77ac62d,5dadf94b6c26bf8f54b96c9912bfac2cc4c79fe4d493cdb381485badbc0583ee,COMPLETED,3,42,greedy,0.000255666,runs/run_20261005T010722Z__greedy__minmax__uniform-0000030-2-ac5ba17054__r00__2549e77ac62d/result/solution.json,7.033299999999999e-05,greedy,7.033299999999999e-05,1,2.0,False,False,0.000421417,runs/run_20261005T010722Z__greedy__minmax__uniform-0000030-2-ac5ba17054__r00__2549e77ac62d/result/trace.csv,runs/run_20261005T010722Z__greedy__minmax__uniform-0000030-2-ac5ba17054__r00__2549e77ac62d/result/trace.jsonl,14972.322700294666,CERTIFIED_CONTINUOUS,7.9583e-05,True,True,True,0.000421417,0.013354415999999425
local-search,1,heuristic,local-search,CERTIFIED,Release,50,,677.4344732548797,Apple LLVM 17.0.0 (clang-1700.6.3.2),"{""algorithm"":""local-search"",""cache_policy"":""auto"",""global_time_limit_sec"":5.0,""handovers_enabled"":true,""minsum_refinement_policy"":""CERTIFIED_BOUND"",""objective"":""minmax"",""per_static_time_limit_sec"":2.0,""profile"":""DEBUG"",""repeat"":0,""seed"":330713346,""verify_after"":true,""verify_each_iteration"":true}",,0.000655,smoke10,,,False,algorithm-smoke-20261005-complete,smoke / development validation,False,False,0,0,False,True,21.10150692266504,88c683f46e83540a43aaab82d355020b429b6a26,5.0,True,0.0,uniform-0000030-2-ac5ba17054,uniform-0000030-2,5017.494381311986,not-applicable,677.4344732548797,25,HEURISTIC_ADAPTIVE,2,False,0,2,1,2,minmax,14972.322700294666,FEASIBLE,14972.322700294666,17.078125,2.0,1.0,HEURISTIC_ADAPTIVE,0,auto,runs/run_20261005T010722Z__local-search__minmax__uniform-0000030-2-ac5ba17054__r00__86fd4001ca35/result/result.json,run_20261005T010722Z__local-search__minmax__uniform-0000030-2-ac5ba17054__r00__86fd4001ca35,3f1ccfaa43e8784ed7f06caf0986a15a4a53841a722c071bb803f2be45fc69d1,COMPLETED,3,42,local-search,0.00030370799999999997,runs/run_20261005T010722Z__local-search__minmax__uniform-0000030-2-ac5ba17054__r00__86fd4001ca35/result/solution.json,0.000119083,local-search,0.000119083,1,2.0,False,False,0.0005192490000000001,runs/run_20261005T010722Z__local-search__minmax__uniform-0000030-2-ac5ba17054__r00__86fd4001ca35/result/trace.csv,runs/run_20261005T010722Z__local-search__minmax__uniform-0000030-2-ac5ba17054__r00__86fd4001ca35/result/trace.jsonl,14972.322700294666,CERTIFIED_CONTINUOUS,7.8541e-05,True,True,True,0.0005192490000000001,0.015614709000000282
lp-rounding,1,heuristic,lp-rounding,CERTIFIED,Release,50,,1248.7429003668701,Apple LLVM 17.0.0 (clang-1700.6.3.2),"{""algorithm"":""lp-rounding"",""cache_policy"":""auto"",""global_time_limit_sec"":5.0,""handovers_enabled"":true,""minsum_refinement_policy"":""CERTIFIED_BOUND"",""objective"":""minmax"",""per_static_time_limit_sec"":2.0,""profile"":""DEBUG"",""repeat"":0,""seed"":2991925061,""verify_after"":true,""verify_each_iteration"":true}",,0.00084,smoke10,,,False,algorithm-smoke-20261005-complete,smoke / development validation,False,False,0,2,False,True,10.989916175616234,88c683f46e83540a43aaab82d355020b429b6a26,5.0,True,0.0,uniform-0000030-2-ac5ba17054,uniform-0000030-2,5017.494381311986,not-applicable,1248.7429003668701,25,HEURISTIC_ADAPTIVE,2,False,0,2,1,2,minmax,14972.322700294666,FEASIBLE,14972.322700294666,17.15625,2.0,1.0,HEURISTIC_ADAPTIVE,0,auto,runs/run_20261005T010722Z__lp-rounding__minmax__uniform-0000030-2-ac5ba17054__r00__808b1bfd9025/result/result.json,run_20261005T010722Z__lp-rounding__minmax__uniform-0000030-2-ac5ba17054__r00__808b1bfd9025,0ff27ac3f14f9d571f2367437b7e0da5ff3fe414f4e12b4bb16ea44d09c62d0c,COMPLETED,3,42,lp-rounding,0.00031375,runs/run_20261005T010722Z__lp-rounding__minmax__uniform-0000030-2-ac5ba17054__r00__808b1bfd9025/result/solution.json,0.000202584,lp-rounding,0.000202584,1,2.0,False,False,0.00060825,runs/run_20261005T010722Z__lp-rounding__minmax__uniform-0000030-2-ac5ba17054__r00__808b1bfd9025/result/trace.csv,runs/run_20261005T010722Z__lp-rounding__minmax__uniform-0000030-2-ac5ba17054__r00__808b1bfd9025/result/trace.jsonl,14972.322700294666,CERTIFIED_CONTINUOUS,7.3583e-05,True,True,True,0.00060825,0.018273875000000217
nn,1,heuristic,nn,CERTIFIED,Release,50,,0.0,Apple LLVM 17.0.0 (clang-1700.6.3.2),"{""algorithm"":""nn"",""cache_policy"":""auto"",""global_time_limit_sec"":5.0,""handovers_enabled"":true,""minsum_refinement_policy"":""CERTIFIED_BOUND"",""objective"":""minmax"",""per_static_time_limit_sec"":2.0,""profile"":""DEBUG"",""repeat"":0,""seed"":815843144,""verify_after"":true,""verify_each_iteration"":true}",,0.00052,smoke10,,,False,algorithm-smoke-20261005-complete,smoke / development validation,False,False,0,0,False,True,14972.322700294666,88c683f46e83540a43aaab82d355020b429b6a26,5.0,True,0.0,uniform-0000030-2-ac5ba17054,uniform-0000030-2,5017.494381311986,not-applicable,0.0,25,HEURISTIC_ADAPTIVE,2,False,0,2,1,2,minmax,14972.322700294666,FEASIBLE,14972.322700294666,17.046875,2.0,1.0,HEURISTIC_ADAPTIVE,0,auto,runs/run_20261005T010722Z__nn__minmax__uniform-0000030-2-ac5ba17054__r00__5348b1c1bf7a/result/result.json,run_20261005T010722Z__nn__minmax__uniform-0000030-2-ac5ba17054__r00__5348b1c1bf7a,bec414ea01b1c59e014a3c210d638c87d4fc589a5f9aff058243a49115f73648,COMPLETED,3,42,nn,0.000291791,runs/run_20261005T010722Z__nn__minmax__uniform-0000030-2-ac5ba17054__r00__5348b1c1bf7a/result/solution.json,6.7668e-05,nn,6.7668e-05,1,2.0,False,False,0.00044545800000000003,runs/run_20261005T010722Z__nn__minmax__uniform-0000030-2-ac5ba17054__r00__5348b1c1bf7a/result/trace.csv,runs/run_20261005T010722Z__nn__minmax__uniform-0000030-2-ac5ba17054__r00__5348b1c1bf7a/result/trace.jsonl,14972.322700294666,CERTIFIED_CONTINUOUS,7.25e-05,True,True,True,0.00044545800000000003,0.014659374999999919
primal-dual,1,heuristic,primal-dual,CERTIFIED,Release,50,,0.0,Apple LLVM 17.0.0 (clang-1700.6.3.2),"{""algorithm"":""primal-dual"",""cache_policy"":""auto"",""global_time_limit_sec"":5.0,""handovers_enabled"":true,""minsum_refinement_policy"":""CERTIFIED_BOUND"",""objective"":""minmax"",""per_static_time_limit_sec"":2.0,""profile"":""DEBUG"",""repeat"":0,""seed"":1846703372,""verify_after"":true,""verify_each_iteration"":true}",,0.000666,smoke10,,,False,algorithm-smoke-20261005-complete,smoke / development validation,False,False,0,0,False,True,298.74790439040584,88c683f46e83540a43aaab82d355020b429b6a26,5.0,True,49.949716014674806,uniform-0000030-2-ac5ba17054,uniform-0000030-2,5017.494381311986,not-applicable,0.0,25,HEURISTIC_ADAPTIVE,2,False,0,2,1,2,minmax,14972.322700294666,FEASIBLE,14972.322700294666,17.15625,2.0,1.0,HEURISTIC_ADAPTIVE,0,auto,runs/run_20261005T010722Z__primal-dual__minmax__uniform-0000030-2-ac5ba17054__r00__51fd0070ae76/result/result.json,run_20261005T010722Z__primal-dual__minmax__uniform-0000030-2-ac5ba17054__r00__51fd0070ae76,43184037e94c4efe5d1431da7f8d6d16e6a02bae44c7d5a607a0557ee5b0d218,COMPLETED,3,42,primal-dual,0.000321125,runs/run_20261005T010722Z__primal-dual__minmax__uniform-0000030-2-ac5ba17054__r00__51fd0070ae76/result/solution.json,9.925e-05,primal-dual,9.925e-05,1,2.0,False,False,0.000533875,runs/run_20261005T010722Z__primal-dual__minmax__uniform-0000030-2-ac5ba17054__r00__51fd0070ae76/result/trace.csv,runs/run_20261005T010722Z__primal-dual__minmax__uniform-0000030-2-ac5ba17054__r00__51fd0070ae76/result/trace.jsonl,14972.322700294666,CERTIFIED_CONTINUOUS,9.2292e-05,True,True,True,0.000533875,0.014943582999999983
sa,1,heuristic,sa,CERTIFIED,Release,50,,677.4344732548797,Apple LLVM 17.0.0 (clang-1700.6.3.2),"{""algorithm"":""sa"",""cache_policy"":""auto"",""global_time_limit_sec"":5.0,""handovers_enabled"":true,""minsum_refinement_policy"":""CERTIFIED_BOUND"",""objective"":""minmax"",""per_static_time_limit_sec"":2.0,""profile"":""DEBUG"",""repeat"":0,""seed"":3663012772,""verify_after"":true,""verify_each_iteration"":true}",,0.007208,smoke10,,,False,algorithm-smoke-20261005-complete,smoke / development validation,False,False,0,0,False,True,21.10150692266504,88c683f46e83540a43aaab82d355020b429b6a26,5.0,True,0.0,uniform-0000030-2-ac5ba17054,uniform-0000030-2,5017.494381311986,not-applicable,677.4344732548797,25,HEURISTIC_ADAPTIVE,2,False,0,2,1,2,minmax,14972.322700294666,FEASIBLE,14972.322700294666,17.09375,2.0,1.0,HEURISTIC_ADAPTIVE,0,auto,runs/run_20261005T010722Z__sa__minmax__uniform-0000030-2-ac5ba17054__r00__2c4349805216/result/result.json,run_20261005T010722Z__sa__minmax__uniform-0000030-2-ac5ba17054__r00__2c4349805216,8cc7b542f5b4a63c4f3e717e7d53f022e7006096eb90f1938951d39d800418ef,COMPLETED,3,42,sa,0.00029445899999999995,runs/run_20261005T010722Z__sa__minmax__uniform-0000030-2-ac5ba17054__r00__2c4349805216/result/solution.json,0.0066725000000000005,sa,0.0066725000000000005,1,2.0,False,False,0.007060625,runs/run_20261005T010722Z__sa__minmax__uniform-0000030-2-ac5ba17054__r00__2c4349805216/result/trace.csv,runs/run_20261005T010722Z__sa__minmax__uniform-0000030-2-ac5ba17054__r00__2c4349805216/result/trace.jsonl,14972.322700294666,CERTIFIED_CONTINUOUS,7.6792e-05,True,True,True,0.007060625,0.02162833399999986
shifting,1,heuristic,shifting,CERTIFIED,Release,50,,677.4344732548797,Apple LLVM 17.0.0 (clang-1700.6.3.2),"{""algorithm"":""shifting"",""cache_policy"":""auto"",""global_time_limit_sec"":5.0,""handovers_enabled"":true,""minsum_refinement_policy"":""CERTIFIED_BOUND"",""objective"":""minmax"",""per_static_time_limit_sec"":2.0,""profile"":""DEBUG"",""repeat"":0,""seed"":4097323516,""verify_after"":true,""verify_each_iteration"":true}",,0.011924,smoke10,,,False,algorithm-smoke-20261005-complete,smoke / development validation,False,False,0,0,False,True,21.10150692266504,88c683f46e83540a43aaab82d355020b429b6a26,5.0,True,0.0,uniform-0000030-2-ac5ba17054,uniform-0000030-2,5017.494381311986,not-applicable,677.4344732548797,25,HEURISTIC_ADAPTIVE,2,False,0,2,1,2,minmax,14972.322700294666,FEASIBLE,14972.322700294666,17.296875,2.0,1.0,HEURISTIC_ADAPTIVE,0,auto,runs/run_20261005T010722Z__shifting__minmax__uniform-0000030-2-ac5ba17054__r00__40a80c283851/result/result.json,run_20261005T010722Z__shifting__minmax__uniform-0000030-2-ac5ba17054__r00__40a80c283851,d50626d98a344a77a056866e79e50fecdde900003051cbca63766eff37533be6,COMPLETED,3,42,shifting,0.00033137499999999996,runs/run_20261005T010722Z__shifting__minmax__uniform-0000030-2-ac5ba17054__r00__40a80c283851/result/solution.json,0.005643292,shifting,0.005643292,1,2.0,False,False,0.006059999000000001,runs/run_20261005T010722Z__shifting__minmax__uniform-0000030-2-ac5ba17054__r00__40a80c283851/result/trace.csv,runs/run_20261005T010722Z__shifting__minmax__uniform-0000030-2-ac5ba17054__r00__40a80c283851/result/trace.jsonl,14972.322700294666,CERTIFIED_CONTINUOUS,6.6708e-05,True,True,True,0.006059999000000001,0.021121791000000556
branch-and-bound,1,exact_reference,branch-and-bound,CERTIFIED,Release,50,,0.0,Apple LLVM 17.0.0 (clang-1700.6.3.2),"{""algorithm"":""branch-and-bound"",""cache_policy"":""auto"",""global_time_limit_sec"":10.0,""handovers_enabled"":true,""minsum_refinement_policy"":""CERTIFIED_BOUND"",""objective"":""minsum"",""per_static_time_limit_sec"":2.0,""profile"":""DEBUG"",""repeat"":0,""seed"":3471710422,""verify_after"":true,""verify_each_iteration"":true}",,0.00103,smoke10,,,True,algorithm-smoke-20261005-complete,smoke / development validation,False,False,0,0,False,True,0.5651763824082953,88c683f46e83540a43aaab82d355020b429b6a26,10.0,True,920.7344580378757,uniform-0000030-2-ac5ba17054,uniform-0000030-2,1441.1118281903846,not-applicable,0.0,25,CERTIFIED_BOUND,2,False,0,10,4,10,minsum,1441.1118281903846,FEASIBLE,2894.673470277546,17.203125,2.0,1.0,CERTIFIED_BOUND,0,auto,runs/run_20261005T010722Z__branch-and-bound__minsum__uniform-0000030-2-ac5ba17054__r00__dc5b55ae6f84/result/result.json,run_20261005T010722Z__branch-and-bound__minsum__uniform-0000030-2-ac5ba17054__r00__dc5b55ae6f84,ef7cfa423074caed5737a0ebbc7f05c554190eea0a74f7a8c588e35a19d35038,COMPLETED,3,42,branch-and-bound,0.000311167,runs/run_20261005T010722Z__branch-and-bound__minsum__uniform-0000030-2-ac5ba17054__r00__dc5b55ae6f84/result/solution.json,0.00027591599999999997,branch-and-bound,0.00027591599999999997,1,2.0,False,False,0.000775542,runs/run_20261005T010722Z__branch-and-bound__minsum__uniform-0000030-2-ac5ba17054__r00__dc5b55ae6f84/result/trace.csv,runs/run_20261005T010722Z__branch-and-bound__minsum__uniform-0000030-2-ac5ba17054__r00__dc5b55ae6f84/result/trace.jsonl,1441.1118281903846,CERTIFIED_CONTINUOUS,0.000173584,True,True,True,0.000775542,0.01525304199999944
genetic,1,heuristic,genetic,CERTIFIED,Release,50,,0.0,Apple LLVM 17.0.0 (clang-1700.6.3.2),"{""algorithm"":""genetic"",""cache_policy"":""auto"",""global_time_limit_sec"":5.0,""handovers_enabled"":true,""minsum_refinement_policy"":""CERTIFIED_BOUND"",""objective"":""minsum"",""per_static_time_limit_sec"":2.0,""profile"":""DEBUG"",""repeat"":0,""seed"":3364269230,""verify_after"":true,""verify_each_iteration"":true}",,0.123069,smoke10,,,False,algorithm-smoke-20261005-complete,smoke / development validation,False,False,0,0,False,True,0.9793850802294732,88c683f46e83540a43aaab82d355020b429b6a26,5.0,True,728.0603671233665,uniform-0000030-2-ac5ba17054,uniform-0000030-2,1441.1118281903846,not-applicable,0.0,25,CERTIFIED_BOUND,2,False,0,10,4,10,minsum,1441.1118281903846,FEASIBLE,2894.673470277546,17.296875,2.0,1.0,CERTIFIED_BOUND,0,auto,runs/run_20261005T010722Z__genetic__minsum__uniform-0000030-2-ac5ba17054__r00__8cec5c989af0/result/result.json,run_20261005T010722Z__genetic__minsum__uniform-0000030-2-ac5ba17054__r00__8cec5c989af0,f3a43cde318347fa3ebc41bf9e1e7b9921c0744a0e00d05c4e16ba45cae93d72,COMPLETED,3,42,genetic,0.00033137499999999996,runs/run_20261005T010722Z__genetic__minsum__uniform-0000030-2-ac5ba17054__r00__8cec5c989af0/result/solution.json,0.122462583,genetic,0.122462583,1,2.0,False,False,0.122993583,runs/run_20261005T010722Z__genetic__minsum__uniform-0000030-2-ac5ba17054__r00__8cec5c989af0/result/trace.csv,runs/run_20261005T010722Z__genetic__minsum__uniform-0000030-2-ac5ba17054__r00__8cec5c989af0/result/trace.jsonl,1441.1118281903846,CERTIFIED_CONTINUOUS,0.000181292,True,True,True,0.122993583,0.13734999999999964
greedy,1,heuristic,greedy,CERTIFIED,Release,50,,0.0,Apple LLVM 17.0.0 (clang-1700.6.3.2),"{""algorithm"":""greedy"",""cache_policy"":""auto"",""global_time_limit_sec"":5.0,""handovers_enabled"":true,""minsum_refinement_policy"":""CERTIFIED_BOUND"",""objective"":""minsum"",""per_static_time_limit_sec"":2.0,""profile"":""DEBUG"",""repeat"":0,""seed"":3043659095,""verify_after"":true,""verify_each_iteration"":true}",,0.000826,smoke10,,,False,algorithm-smoke-20261005-complete,smoke / development validation,False,False,0,0,False,True,0.9793850802294732,88c683f46e83540a43aaab82d355020b429b6a26,5.0,True,728.0603671233665,uniform-0000030-2-ac5ba17054,uniform-0000030-2,1441.1118281903846,not-applicable,0.0,25,CERTIFIED_BOUND,2,False,0,10,4,10,minsum,1441.1118281903846,FEASIBLE,2894.673470277546,17.15625,2.0,1.0,CERTIFIED_BOUND,0,auto,runs/run_20261005T010722Z__greedy__minsum__uniform-0000030-2-ac5ba17054__r00__5052bea8381c/result/result.json,run_20261005T010722Z__greedy__minsum__uniform-0000030-2-ac5ba17054__r00__5052bea8381c,0cba538d7cdd533648667d7d6c2d3d7bc3ce885b4f4af172f57b24fe0e192de7,COMPLETED,3,42,greedy,0.000272583,runs/run_20261005T010722Z__greedy__minsum__uniform-0000030-2-ac5ba17054__r00__5052bea8381c/result/solution.json,0.00017195799999999997,greedy,0.00017195799999999997,1,2.0,False,False,0.000626583,runs/run_20261005T010722Z__greedy__minsum__uniform-0000030-2-ac5ba17054__r00__5052bea8381c/result/trace.csv,runs/run_20261005T010722Z__greedy__minsum__uniform-0000030-2-ac5ba17054__r00__5052bea8381c/result/trace.jsonl,1441.1118281903846,CERTIFIED_CONTINUOUS,0.00016991600000000002,True,True,True,0.000626583,0.013824125000000187
local-search,1,heuristic,local-search,CERTIFIED,Release,50,,0.0,Apple LLVM 17.0.0 (clang-1700.6.3.2),"{""algorithm"":""local-search"",""cache_policy"":""auto"",""global_time_limit_sec"":5.0,""handovers_enabled"":true,""minsum_refinement_policy"":""CERTIFIED_BOUND"",""objective"":""minsum"",""per_static_time_limit_sec"":2.0,""profile"":""DEBUG"",""repeat"":0,""seed"":3565059089,""verify_after"":true,""verify_each_iteration"":true}",,0.001032,smoke10,,,False,algorithm-smoke-20261005-complete,smoke / development validation,False,False,0,0,False,True,0.9793850802294732,88c683f46e83540a43aaab82d355020b429b6a26,5.0,True,728.0603671233665,uniform-0000030-2-ac5ba17054,uniform-0000030-2,1441.1118281903846,not-applicable,0.0,25,CERTIFIED_BOUND,2,False,0,10,4,10,minsum,1441.1118281903846,FEASIBLE,2894.673470277546,17.25,2.0,1.0,CERTIFIED_BOUND,0,auto,runs/run_20261005T010723Z__local-search__minsum__uniform-0000030-2-ac5ba17054__r00__f7dc62a70598/result/result.json,run_20261005T010723Z__local-search__minsum__uniform-0000030-2-ac5ba17054__r00__f7dc62a70598,04bc7a3d59b635d565e776c5f9402a767683dea2fe8b95c9612513db93cea4ac,COMPLETED,3,42,local-search,0.000261709,runs/run_20261005T010723Z__local-search__minsum__uniform-0000030-2-ac5ba17054__r00__f7dc62a70598/result/solution.json,0.00034670800000000004,local-search,0.00034670800000000004,1,2.0,False,False,0.000796334,runs/run_20261005T010723Z__local-search__minsum__uniform-0000030-2-ac5ba17054__r00__f7dc62a70598/result/trace.csv,runs/run_20261005T010723Z__local-search__minsum__uniform-0000030-2-ac5ba17054__r00__f7dc62a70598/result/trace.jsonl,1441.1118281903846,CERTIFIED_CONTINUOUS,0.00017275,True,True,True,0.000796334,0.01462316700000077
lp-rounding,1,heuristic,lp-rounding,CERTIFIED,Release,50,,0.0,Apple LLVM 17.0.0 (clang-1700.6.3.2),"{""algorithm"":""lp-rounding"",""cache_policy"":""auto"",""global_time_limit_sec"":5.0,""handovers_enabled"":true,""minsum_refinement_policy"":""CERTIFIED_BOUND"",""objective"":""minsum"",""per_static_time_limit_sec"":2.0,""profile"":""DEBUG"",""repeat"":0,""seed"":1054754742,""verify_after"":true,""verify_each_iteration"":true}",,0.001332,smoke10,,,False,algorithm-smoke-20261005-complete,smoke / development validation,False,False,0,10,False,True,0.5651763824082956,88c683f46e83540a43aaab82d355020b429b6a26,5.0,True,920.7344580378755,uniform-0000030-2-ac5ba17054,uniform-0000030-2,1441.1118281903846,not-applicable,0.0,25,CERTIFIED_BOUND,2,False,0,10,4,10,minsum,1441.1118281903846,FEASIBLE,2894.673470277546,17.296875,2.0,1.0,CERTIFIED_BOUND,0,auto,runs/run_20261005T010723Z__lp-rounding__minsum__uniform-0000030-2-ac5ba17054__r00__aa5d27d0122a/result/result.json,run_20261005T010723Z__lp-rounding__minsum__uniform-0000030-2-ac5ba17054__r00__aa5d27d0122a,81db2962ba7eaa2eabe636b19d8ce3c1d98f629ab9d804035bea5514c65df764,COMPLETED,3,42,lp-rounding,0.000240958,runs/run_20261005T010723Z__lp-rounding__minsum__uniform-0000030-2-ac5ba17054__r00__aa5d27d0122a/result/solution.json,0.000714708,lp-rounding,0.000714708,1,2.0,False,False,0.001150499,runs/run_20261005T010723Z__lp-rounding__minsum__uniform-0000030-2-ac5ba17054__r00__aa5d27d0122a/result/trace.csv,runs/run_20261005T010723Z__lp-rounding__minsum__uniform-0000030-2-ac5ba17054__r00__aa5d27d0122a/result/trace.jsonl,1441.1118281903846,CERTIFIED_CONTINUOUS,0.000176542,True,True,True,0.001150499,0.014705790999999913
nn,1,heuristic,nn,CERTIFIED,Release,50,,0.0,Apple LLVM 17.0.0 (clang-1700.6.3.2),"{""algorithm"":""nn"",""cache_policy"":""auto"",""global_time_limit_sec"":5.0,""handovers_enabled"":true,""minsum_refinement_policy"":""CERTIFIED_BOUND"",""objective"":""minsum"",""per_static_time_limit_sec"":2.0,""profile"":""DEBUG"",""repeat"":0,""seed"":1006576547,""verify_after"":true,""verify_each_iteration"":true}",,0.000851,smoke10,,,False,algorithm-smoke-20261005-complete,smoke / development validation,False,False,0,0,False,True,1441.1118281903846,88c683f46e83540a43aaab82d355020b429b6a26,5.0,True,0.0,uniform-0000030-2-ac5ba17054,uniform-0000030-2,1441.1118281903846,not-applicable,0.0,25,CERTIFIED_BOUND,2,False,0,10,4,10,minsum,1441.1118281903846,FEASIBLE,2894.673470277546,17.109375,2.0,1.0,CERTIFIED_BOUND,0,auto,runs/run_20261005T010723Z__nn__minsum__uniform-0000030-2-ac5ba17054__r00__1aea58757c7d/result/result.json,run_20261005T010723Z__nn__minsum__uniform-0000030-2-ac5ba17054__r00__1aea58757c7d,b299477c791ab10c903f7febf3fea87f69651928ea92be0288964318c0263eeb,COMPLETED,3,42,nn,0.000278166,runs/run_20261005T010723Z__nn__minsum__uniform-0000030-2-ac5ba17054__r00__1aea58757c7d/result/solution.json,0.00018708199999999998,nn,0.00018708199999999998,1,2.0,False,False,0.00065125,runs/run_20261005T010723Z__nn__minsum__uniform-0000030-2-ac5ba17054__r00__1aea58757c7d/result/trace.csv,runs/run_20261005T010723Z__nn__minsum__uniform-0000030-2-ac5ba17054__r00__1aea58757c7d/result/trace.jsonl,1441.1118281903846,CERTIFIED_CONTINUOUS,0.000174418,True,True,True,0.00065125,0.01443291599999963
primal-dual,1,heuristic,primal-dual,CERTIFIED,Release,50,,0.0,Apple LLVM 17.0.0 (clang-1700.6.3.2),"{""algorithm"":""primal-dual"",""cache_policy"":""auto"",""global_time_limit_sec"":5.0,""handovers_enabled"":true,""minsum_refinement_policy"":""CERTIFIED_BOUND"",""objective"":""minsum"",""per_static_time_limit_sec"":2.0,""profile"":""DEBUG"",""repeat"":0,""seed"":97746415,""verify_after"":true,""verify_each_iteration"":true}",,0.000734,smoke10,,,False,algorithm-smoke-20261005-complete,smoke / development validation,False,False,0,0,False,True,38.12940956020737,88c683f46e83540a43aaab82d355020b429b6a26,5.0,True,36.82937832151504,uniform-0000030-2-ac5ba17054,uniform-0000030-2,1441.1118281903846,not-applicable,0.0,25,CERTIFIED_BOUND,2,False,0,10,4,10,minsum,1441.1118281903846,FEASIBLE,2894.673470277546,17.296875,2.0,1.0,CERTIFIED_BOUND,0,auto,runs/run_20261005T010723Z__primal-dual__minsum__uniform-0000030-2-ac5ba17054__r00__3238739bc283/result/result.json,run_20261005T010723Z__primal-dual__minsum__uniform-0000030-2-ac5ba17054__r00__3238739bc283,21e422049a2516789c5eaa40d97bab596d054c5565116372e28ca0653784630c,COMPLETED,3,42,primal-dual,0.00030204099999999996,runs/run_20261005T010723Z__primal-dual__minsum__uniform-0000030-2-ac5ba17054__r00__3238739bc283/result/solution.json,0.000284167,primal-dual,0.000284167,1,2.0,False,False,0.000776042,runs/run_20261005T010723Z__primal-dual__minsum__uniform-0000030-2-ac5ba17054__r00__3238739bc283/result/trace.csv,runs/run_20261005T010723Z__primal-dual__minsum__uniform-0000030-2-ac5ba17054__r00__3238739bc283/result/trace.jsonl,1441.1118281903846,CERTIFIED_CONTINUOUS,0.000171583,True,True,True,0.000776042,0.018428416999999975
sa,1,heuristic,sa,CERTIFIED,Release,50,,0.0,Apple LLVM 17.0.0 (clang-1700.6.3.2),"{""algorithm"":""sa"",""cache_policy"":""auto"",""global_time_limit_sec"":5.0,""handovers_enabled"":true,""minsum_refinement_policy"":""CERTIFIED_BOUND"",""objective"":""minsum"",""per_static_time_limit_sec"":2.0,""profile"":""DEBUG"",""repeat"":0,""seed"":2732958103,""verify_after"":true,""verify_each_iteration"":true}",,0.035323,smoke10,,,False,algorithm-smoke-20261005-complete,smoke / development validation,False,False,0,0,False,True,0.9793850802294732,88c683f46e83540a43aaab82d355020b429b6a26,5.0,True,728.0603671233665,uniform-0000030-2-ac5ba17054,uniform-0000030-2,1441.1118281903846,not-applicable,0.0,25,CERTIFIED_BOUND,2,False,0,10,4,10,minsum,1441.1118281903846,FEASIBLE,2894.673470277546,17.203125,2.0,1.0,CERTIFIED_BOUND,0,auto,runs/run_20261005T010723Z__sa__minsum__uniform-0000030-2-ac5ba17054__r00__67ef8511537a/result/result.json,run_20261005T010723Z__sa__minsum__uniform-0000030-2-ac5ba17054__r00__67ef8511537a,101aedb25e1a489bebf20ef2cc0bf9f53b8e8de892facdfab44a7829651b067c,COMPLETED,3,42,sa,0.0020678759999999997,runs/run_20261005T010723Z__sa__minsum__uniform-0000030-2-ac5ba17054__r00__67ef8511537a/result/solution.json,0.034234167,sa,0.034234167,1,2.0,False,False,0.036505084,runs/run_20261005T010723Z__sa__minsum__uniform-0000030-2-ac5ba17054__r00__67ef8511537a/result/trace.csv,runs/run_20261005T010723Z__sa__minsum__uniform-0000030-2-ac5ba17054__r00__67ef8511537a/result/trace.jsonl,1441.1118281903846,CERTIFIED_CONTINUOUS,0.000186666,True,True,True,0.036505084,0.05564375000000066
shifting,1,heuristic,shifting,CERTIFIED,Release,50,,0.0,Apple LLVM 17.0.0 (clang-1700.6.3.2),"{""algorithm"":""shifting"",""cache_policy"":""auto"",""global_time_limit_sec"":5.0,""handovers_enabled"":true,""minsum_refinement_policy"":""CERTIFIED_BOUND"",""objective"":""minsum"",""per_static_time_limit_sec"":2.0,""profile"":""DEBUG"",""repeat"":0,""seed"":1412146879,""verify_after"":true,""verify_each_iteration"":true}",,0.049138,smoke10,,,False,algorithm-smoke-20261005-complete,smoke / development validation,False,False,0,0,False,True,0.9793850802294732,88c683f46e83540a43aaab82d355020b429b6a26,5.0,True,728.0603671233665,uniform-0000030-2-ac5ba17054,uniform-0000030-2,1441.1118281903846,not-applicable,0.0,25,CERTIFIED_BOUND,2,False,0,10,4,10,minsum,1441.1118281903846,FEASIBLE,2894.673470277546,17.328125,2.0,1.0,CERTIFIED_BOUND,0,auto,runs/run_20261005T010723Z__shifting__minsum__uniform-0000030-2-ac5ba17054__r00__b84ea48a8b6f/result/result.json,run_20261005T010723Z__shifting__minsum__uniform-0000030-2-ac5ba17054__r00__b84ea48a8b6f,9fe4d1582aae80dee3763ed083d786a77661c9c0d05235578b768325e0ca5384,COMPLETED,3,42,shifting,0.000390459,runs/run_20261005T010723Z__shifting__minsum__uniform-0000030-2-ac5ba17054__r00__b84ea48a8b6f/result/solution.json,0.027054625,shifting,0.027054625,1,2.0,False,False,0.027638667000000002,runs/run_20261005T010723Z__shifting__minsum__uniform-0000030-2-ac5ba17054__r00__b84ea48a8b6f/result/trace.csv,runs/run_20261005T010723Z__shifting__minsum__uniform-0000030-2-ac5ba17054__r00__b84ea48a8b6f/result/trace.jsonl,1441.1118281903846,CERTIFIED_CONTINUOUS,0.000172583,True,True,True,0.027638667000000002,0.05120833400000002
branch-and-bound,1,exact_reference,branch-and-bound,CERTIFIED,Release,25,4.254990321547438,1072.0043652792735,Apple LLVM 17.0.0 (clang-1700.6.3.2),"{""algorithm"":""branch-and-bound"",""cache_policy"":""auto"",""global_time_limit_sec"":10.0,""handovers_enabled"":true,""minsum_refinement_policy"":""CERTIFIED_BOUND"",""objective"":""minmax"",""per_static_time_limit_sec"":2.0,""profile"":""DEBUG"",""repeat"":0,""seed"":2172475800,""verify_after"":true,""verify_each_iteration"":true}",,0.000679,smoke10,,,True,algorithm-smoke-20261005-complete,smoke / development validation,False,False,0,0,False,True,4.254990321547438,88c683f46e83540a43aaab82d355020b429b6a26,10.0,True,0.0,us-night-0000030.instance-3704ac03dc,us-night-0000030.instance,1121.3048985955477,not-applicable,1072.0043652792735,25,HEURISTIC_ADAPTIVE,1,False,0,2,1,2,minmax,5633.372564199187,FEASIBLE,5633.372564199187,16.96875,2.0,1.0,HEURISTIC_ADAPTIVE,0,auto,runs/run_20261005T010723Z__branch-and-bound__minmax__us-night-0000030.instance-3704ac03dc__r00__480bc38fe5b6/result/result.json,run_20261005T010723Z__branch-and-bound__minmax__us-night-0000030.instance-3704ac03dc__r00__480bc38fe5b6,4e0efd5504ce31cc7b54d47f7ff0203d2fb07a5fb6ac0a64839a25b8d56cb83f,COMPLETED,3,42,branch-and-bound,0.000414834,runs/run_20261005T010723Z__branch-and-bound__minmax__us-night-0000030.instance-3704ac03dc__r00__480bc38fe5b6/result/solution.json,7.0626e-05,branch-and-bound,7.0626e-05,1,2.0,False,False,0.000543917,runs/run_20261005T010723Z__branch-and-bound__minmax__us-night-0000030.instance-3704ac03dc__r00__480bc38fe5b6/result/trace.csv,runs/run_20261005T010723Z__branch-and-bound__minmax__us-night-0000030.instance-3704ac03dc__r00__480bc38fe5b6/result/trace.jsonl,5633.372564199187,CERTIFIED_CONTINUOUS,3.8125000000000005e-05,True,True,True,0.000543917,0.015755208999999937
genetic,1,heuristic,genetic,CERTIFIED,Release,25,,1072.0043652792735,Apple LLVM 17.0.0 (clang-1700.6.3.2),"{""algorithm"":""genetic"",""cache_policy"":""auto"",""global_time_limit_sec"":5.0,""handovers_enabled"":true,""minsum_refinement_policy"":""CERTIFIED_BOUND"",""objective"":""minmax"",""per_static_time_limit_sec"":2.0,""profile"":""DEBUG"",""repeat"":0,""seed"":3986539626,""verify_after"":true,""verify_each_iteration"":true}",,0.026074,smoke10,,,False,algorithm-smoke-20261005-complete,smoke / development validation,False,False,0,0,False,True,4.254990321547438,88c683f46e83540a43aaab82d355020b429b6a26,5.0,True,0.0,us-night-0000030.instance-3704ac03dc,us-night-0000030.instance,1121.3048985955477,not-applicable,1072.0043652792735,25,HEURISTIC_ADAPTIVE,1,False,0,2,1,2,minmax,5633.372564199187,FEASIBLE,5633.372564199187,17.1875,2.0,1.0,HEURISTIC_ADAPTIVE,0,auto,runs/run_20261005T010723Z__genetic__minmax__us-night-0000030.instance-3704ac03dc__r00__a1729896bb24/result/result.json,run_20261005T010723Z__genetic__minmax__us-night-0000030.instance-3704ac03dc__r00__a1729896bb24,5adfd6b6abe43e0f771b7828d01bbf18d6fb263d0960649181df97d661c15ac4,COMPLETED,3,42,genetic,0.000441542,runs/run_20261005T010723Z__genetic__minmax__us-night-0000030.instance-3704ac03dc__r00__a1729896bb24/result/solution.json,0.025436958,genetic,0.025436958,1,2.0,False,False,0.025940167,runs/run_20261005T010723Z__genetic__minmax__us-night-0000030.instance-3704ac03dc__r00__a1729896bb24/result/trace.csv,runs/run_20261005T010723Z__genetic__minmax__us-night-0000030.instance-3704ac03dc__r00__a1729896bb24/result/trace.jsonl,5633.372564199187,CERTIFIED_CONTINUOUS,3.9667e-05,True,True,True,0.025940167,0.04112775000000024
greedy,1,heuristic,greedy,CERTIFIED,Release,25,,1072.0043652792735,Apple LLVM 17.0.0 (clang-1700.6.3.2),"{""algorithm"":""greedy"",""cache_policy"":""auto"",""global_time_limit_sec"":5.0,""handovers_enabled"":true,""minsum_refinement_policy"":""CERTIFIED_BOUND"",""objective"":""minmax"",""per_static_time_limit_sec"":2.0,""profile"":""DEBUG"",""repeat"":0,""seed"":933753537,""verify_after"":true,""verify_each_iteration"":true}",,0.000478,smoke10,,,False,algorithm-smoke-20261005-complete,smoke / development validation,False,False,0,0,False,True,4.254990321547438,88c683f46e83540a43aaab82d355020b429b6a26,5.0,True,0.0,us-night-0000030.instance-3704ac03dc,us-night-0000030.instance,1121.3048985955477,not-applicable,1072.0043652792735,25,HEURISTIC_ADAPTIVE,1,False,0,2,1,2,minmax,5633.372564199187,FEASIBLE,5633.372564199187,17.046875,2.0,1.0,HEURISTIC_ADAPTIVE,0,auto,runs/run_20261005T010723Z__greedy__minmax__us-night-0000030.instance-3704ac03dc__r00__cd07038acabe/result/result.json,run_20261005T010723Z__greedy__minmax__us-night-0000030.instance-3704ac03dc__r00__cd07038acabe,e98e14f08c5d0b948845fd162244024a455ec258da4943f2a6ce478957c4f6f7,COMPLETED,3,42,greedy,0.000272416,runs/run_20261005T010723Z__greedy__minmax__us-night-0000030.instance-3704ac03dc__r00__cd07038acabe/result/solution.json,6.1375e-05,greedy,6.1375e-05,1,2.0,False,False,0.000386708,runs/run_20261005T010723Z__greedy__minmax__us-night-0000030.instance-3704ac03dc__r00__cd07038acabe/result/trace.csv,runs/run_20261005T010723Z__greedy__minmax__us-night-0000030.instance-3704ac03dc__r00__cd07038acabe/result/trace.jsonl,5633.372564199187,CERTIFIED_CONTINUOUS,3.6000999999999996e-05,True,True,True,0.000386708,0.014179207999999832
local-search,1,heuristic,local-search,CERTIFIED,Release,25,,1072.0043652792735,Apple LLVM 17.0.0 (clang-1700.6.3.2),"{""algorithm"":""local-search"",""cache_policy"":""auto"",""global_time_limit_sec"":5.0,""handovers_enabled"":true,""minsum_refinement_policy"":""CERTIFIED_BOUND"",""objective"":""minmax"",""per_static_time_limit_sec"":2.0,""profile"":""DEBUG"",""repeat"":0,""seed"":2731802675,""verify_after"":true,""verify_each_iteration"":true}",,0.000624,smoke10,,,False,algorithm-smoke-20261005-complete,smoke / development validation,False,False,0,0,False,True,4.254990321547438,88c683f46e83540a43aaab82d355020b429b6a26,5.0,True,0.0,us-night-0000030.instance-3704ac03dc,us-night-0000030.instance,1121.3048985955477,not-applicable,1072.0043652792735,25,HEURISTIC_ADAPTIVE,1,False,0,2,1,2,minmax,5633.372564199187,FEASIBLE,5633.372564199187,17.09375,2.0,1.0,HEURISTIC_ADAPTIVE,0,auto,runs/run_20261005T010723Z__local-search__minmax__us-night-0000030.instance-3704ac03dc__r00__8405fcf8cd20/result/result.json,run_20261005T010723Z__local-search__minmax__us-night-0000030.instance-3704ac03dc__r00__8405fcf8cd20,22ed1c5160b4a2061bd3894b747f19dfe5d89192fb612b3634b617357dafee38,COMPLETED,3,42,local-search,0.000298666,runs/run_20261005T010723Z__local-search__minmax__us-night-0000030.instance-3704ac03dc__r00__8405fcf8cd20/result/solution.json,9.5459e-05,local-search,9.5459e-05,1,2.0,False,False,0.000450042,runs/run_20261005T010723Z__local-search__minmax__us-night-0000030.instance-3704ac03dc__r00__8405fcf8cd20/result/trace.csv,runs/run_20261005T010723Z__local-search__minmax__us-night-0000030.instance-3704ac03dc__r00__8405fcf8cd20/result/trace.jsonl,5633.372564199187,CERTIFIED_CONTINUOUS,3.6624e-05,True,True,True,0.000450042,0.014986500000000014
lp-rounding,1,heuristic,lp-rounding,CERTIFIED,Release,25,,1072.0043652792735,Apple LLVM 17.0.0 (clang-1700.6.3.2),"{""algorithm"":""lp-rounding"",""cache_policy"":""auto"",""global_time_limit_sec"":5.0,""handovers_enabled"":true,""minsum_refinement_policy"":""CERTIFIED_BOUND"",""objective"":""minmax"",""per_static_time_limit_sec"":2.0,""profile"":""DEBUG"",""repeat"":0,""seed"":2820757674,""verify_after"":true,""verify_each_iteration"":true}",,0.000594,smoke10,,,False,algorithm-smoke-20261005-complete,smoke / development validation,False,False,0,2,False,True,4.254990321547438,88c683f46e83540a43aaab82d355020b429b6a26,5.0,True,0.0,us-night-0000030.instance-3704ac03dc,us-night-0000030.instance,1121.3048985955477,not-applicable,1072.0043652792735,25,HEURISTIC_ADAPTIVE,1,False,0,2,1,2,minmax,5633.372564199187,FEASIBLE,5633.372564199187,17.046875,2.0,1.0,HEURISTIC_ADAPTIVE,0,auto,runs/run_20261005T010723Z__lp-rounding__minmax__us-night-0000030.instance-3704ac03dc__r00__3b7d58214e62/result/result.json,run_20261005T010723Z__lp-rounding__minmax__us-night-0000030.instance-3704ac03dc__r00__3b7d58214e62,d42b647baea4dc204b3777fddea410762b879f043bc5c3acad8468810f3bb483,COMPLETED,3,42,lp-rounding,0.000267333,runs/run_20261005T010723Z__lp-rounding__minmax__us-night-0000030.instance-3704ac03dc__r00__3b7d58214e62/result/solution.json,0.000123333,lp-rounding,0.000123333,1,2.0,False,False,0.00044583299999999997,runs/run_20261005T010723Z__lp-rounding__minmax__us-night-0000030.instance-3704ac03dc__r00__3b7d58214e62/result/trace.csv,runs/run_20261005T010723Z__lp-rounding__minmax__us-night-0000030.instance-3704ac03dc__r00__3b7d58214e62/result/trace.jsonl,5633.372564199187,CERTIFIED_CONTINUOUS,3.6791999999999996e-05,True,True,True,0.00044583299999999997,0.014700207999999826
nn,1,heuristic,nn,CERTIFIED,Release,25,,0.0,Apple LLVM 17.0.0 (clang-1700.6.3.2),"{""algorithm"":""nn"",""cache_policy"":""auto"",""global_time_limit_sec"":5.0,""handovers_enabled"":true,""minsum_refinement_policy"":""CERTIFIED_BOUND"",""objective"":""minmax"",""per_static_time_limit_sec"":2.0,""profile"":""DEBUG"",""repeat"":0,""seed"":444630469,""verify_after"":true,""verify_each_iteration"":true}",,0.000482,smoke10,,,False,algorithm-smoke-20261005-complete,smoke / development validation,False,False,0,0,False,True,5633.372564199187,88c683f46e83540a43aaab82d355020b429b6a26,5.0,True,0.0,us-night-0000030.instance-3704ac03dc,us-night-0000030.instance,1121.3048985955477,not-applicable,0.0,25,HEURISTIC_ADAPTIVE,1,False,0,2,1,2,minmax,5633.372564199187,FEASIBLE,5633.372564199187,17.03125,2.0,1.0,HEURISTIC_ADAPTIVE,0,auto,runs/run_20261005T010723Z__nn__minmax__us-night-0000030.instance-3704ac03dc__r00__a8c0154fb4e3/result/result.json,run_20261005T010723Z__nn__minmax__us-night-0000030.instance-3704ac03dc__r00__a8c0154fb4e3,a0bc8819ce94e4ed8b1c89cc4a097fc85e63bff2d3c8e7cef6d3c15c925d55d7,COMPLETED,3,42,nn,0.000272375,runs/run_20261005T010723Z__nn__minmax__us-night-0000030.instance-3704ac03dc__r00__a8c0154fb4e3/result/solution.json,5.7541000000000004e-05,nn,5.7541000000000004e-05,1,2.0,False,False,0.000380041,runs/run_20261005T010723Z__nn__minmax__us-night-0000030.instance-3704ac03dc__r00__a8c0154fb4e3/result/trace.csv,runs/run_20261005T010723Z__nn__minmax__us-night-0000030.instance-3704ac03dc__r00__a8c0154fb4e3/result/trace.jsonl,5633.372564199187,CERTIFIED_CONTINUOUS,3.4541999999999996e-05,True,True,True,0.000380041,0.015100458000000039
primal-dual,1,heuristic,primal-dual,CERTIFIED,Release,25,,0.0,Apple LLVM 17.0.0 (clang-1700.6.3.2),"{""algorithm"":""primal-dual"",""cache_policy"":""auto"",""global_time_limit_sec"":5.0,""handovers_enabled"":true,""minsum_refinement_policy"":""CERTIFIED_BOUND"",""objective"":""minmax"",""per_static_time_limit_sec"":2.0,""profile"":""DEBUG"",""repeat"":0,""seed"":3022549071,""verify_after"":true,""verify_each_iteration"":true}",,0.000467,smoke10,,,False,algorithm-smoke-20261005-complete,smoke / development validation,False,False,0,0,False,True,130.37475803868594,88c683f46e83540a43aaab82d355020b429b6a26,5.0,True,42.88017461117094,us-night-0000030.instance-3704ac03dc,us-night-0000030.instance,1121.3048985955477,not-applicable,0.0,25,HEURISTIC_ADAPTIVE,1,False,0,2,1,2,minmax,5633.372564199187,FEASIBLE,5633.372564199187,17.0625,2.0,1.0,HEURISTIC_ADAPTIVE,0,auto,runs/run_20261005T010723Z__primal-dual__minmax__us-night-0000030.instance-3704ac03dc__r00__b44bae667acf/result/result.json,run_20261005T010723Z__primal-dual__minmax__us-night-0000030.instance-3704ac03dc__r00__b44bae667acf,140b1145798df9d0e165f6175326096b015539f863957415ee353857477f8ac8,COMPLETED,3,42,primal-dual,0.000267124,runs/run_20261005T010723Z__primal-dual__minmax__us-night-0000030.instance-3704ac03dc__r00__b44bae667acf/result/solution.json,7.0417e-05,primal-dual,7.0417e-05,1,2.0,False,False,0.00039024999999999997,runs/run_20261005T010723Z__primal-dual__minmax__us-night-0000030.instance-3704ac03dc__r00__b44bae667acf/result/trace.csv,runs/run_20261005T010723Z__primal-dual__minmax__us-night-0000030.instance-3704ac03dc__r00__b44bae667acf/result/trace.jsonl,5633.372564199187,CERTIFIED_CONTINUOUS,3.6584e-05,True,True,True,0.00039024999999999997,0.014761749999999907
sa,1,heuristic,sa,CERTIFIED,Release,25,,1072.0043652792735,Apple LLVM 17.0.0 (clang-1700.6.3.2),"{""algorithm"":""sa"",""cache_policy"":""auto"",""global_time_limit_sec"":5.0,""handovers_enabled"":true,""minsum_refinement_policy"":""CERTIFIED_BOUND"",""objective"":""minmax"",""per_static_time_limit_sec"":2.0,""profile"":""DEBUG"",""repeat"":0,""seed"":3778536961,""verify_after"":true,""verify_each_iteration"":true}",,0.006426,smoke10,,,False,algorithm-smoke-20261005-complete,smoke / development validation,False,False,0,0,False,True,4.254990321547438,88c683f46e83540a43aaab82d355020b429b6a26,5.0,True,0.0,us-night-0000030.instance-3704ac03dc,us-night-0000030.instance,1121.3048985955477,not-applicable,1072.0043652792735,25,HEURISTIC_ADAPTIVE,1,False,0,2,1,2,minmax,5633.372564199187,FEASIBLE,5633.372564199187,17.0625,2.0,1.0,HEURISTIC_ADAPTIVE,0,auto,runs/run_20261005T010723Z__sa__minmax__us-night-0000030.instance-3704ac03dc__r00__f195c2b02b3e/result/result.json,run_20261005T010723Z__sa__minmax__us-night-0000030.instance-3704ac03dc__r00__f195c2b02b3e,da7e6aaea2b7e83e0162591a1a65c2cef3daa0756eb3cb56b820ae6f77775131,COMPLETED,3,42,sa,0.00030920899999999996,runs/run_20261005T010723Z__sa__minmax__us-night-0000030.instance-3704ac03dc__r00__f195c2b02b3e/result/solution.json,0.005893625,sa,0.005893625,1,2.0,False,False,0.006256418000000001,runs/run_20261005T010723Z__sa__minmax__us-night-0000030.instance-3704ac03dc__r00__f195c2b02b3e/result/trace.csv,runs/run_20261005T010723Z__sa__minmax__us-night-0000030.instance-3704ac03dc__r00__f195c2b02b3e/result/trace.jsonl,5633.372564199187,CERTIFIED_CONTINUOUS,3.5708e-05,True,True,True,0.006256418000000001,0.022352624999999904
shifting,1,heuristic,shifting,CERTIFIED,Release,25,,1072.0043652792735,Apple LLVM 17.0.0 (clang-1700.6.3.2),"{""algorithm"":""shifting"",""cache_policy"":""auto"",""global_time_limit_sec"":5.0,""handovers_enabled"":true,""minsum_refinement_policy"":""CERTIFIED_BOUND"",""objective"":""minmax"",""per_static_time_limit_sec"":2.0,""profile"":""DEBUG"",""repeat"":0,""seed"":1091539501,""verify_after"":true,""verify_each_iteration"":true}",,0.00654,smoke10,,,False,algorithm-smoke-20261005-complete,smoke / development validation,False,False,0,0,False,True,4.254990321547438,88c683f46e83540a43aaab82d355020b429b6a26,5.0,True,0.0,us-night-0000030.instance-3704ac03dc,us-night-0000030.instance,1121.3048985955477,not-applicable,1072.0043652792735,25,HEURISTIC_ADAPTIVE,1,False,0,2,1,2,minmax,5633.372564199187,FEASIBLE,5633.372564199187,17.1875,2.0,1.0,HEURISTIC_ADAPTIVE,0,auto,runs/run_20261005T010723Z__shifting__minmax__us-night-0000030.instance-3704ac03dc__r00__3662f56d0eb8/result/result.json,run_20261005T010723Z__shifting__minmax__us-night-0000030.instance-3704ac03dc__r00__3662f56d0eb8,51947f4cc969d0dd8c8072b78bec51cf7e09e5af9bcf234dd4d59a86f4c9cca9,COMPLETED,3,42,shifting,0.000337875,runs/run_20261005T010723Z__shifting__minmax__us-night-0000030.instance-3704ac03dc__r00__3662f56d0eb8/result/solution.json,0.003011791,shifting,0.003011791,1,2.0,False,False,0.003401667,runs/run_20261005T010723Z__shifting__minmax__us-night-0000030.instance-3704ac03dc__r00__3662f56d0eb8/result/trace.csv,runs/run_20261005T010723Z__shifting__minmax__us-night-0000030.instance-3704ac03dc__r00__3662f56d0eb8/result/trace.jsonl,5633.372564199187,CERTIFIED_CONTINUOUS,3.7501e-05,True,True,True,0.003401667,0.021151459000000372
branch-and-bound,1,exact_reference,branch-and-bound,CERTIFIED,Release,25,,0.0,Apple LLVM 17.0.0 (clang-1700.6.3.2),"{""algorithm"":""branch-and-bound"",""cache_policy"":""auto"",""global_time_limit_sec"":10.0,""handovers_enabled"":true,""minsum_refinement_policy"":""CERTIFIED_BOUND"",""objective"":""minsum"",""per_static_time_limit_sec"":2.0,""profile"":""DEBUG"",""repeat"":0,""seed"":205735123,""verify_after"":true,""verify_each_iteration"":true}",,0.000739,smoke10,,,True,algorithm-smoke-20261005-complete,smoke / development validation,False,False,0,0,False,True,0.0,88c683f46e83540a43aaab82d355020b429b6a26,10.0,True,215.120913599749,us-night-0000030.instance-3704ac03dc,us-night-0000030.instance,215.120913599749,not-applicable,0.0,25,CERTIFIED_BOUND,1,False,0,7,2,7,minsum,215.120913599749,FEASIBLE,1072.0043652792724,17.078125,2.0,1.0,CERTIFIED_BOUND,0,auto,runs/run_20261005T010723Z__branch-and-bound__minsum__us-night-0000030.instance-3704ac03dc__r00__6b92b4d550a5/result/result.json,run_20261005T010723Z__branch-and-bound__minsum__us-night-0000030.instance-3704ac03dc__r00__6b92b4d550a5,c4fa889287d63e1807a404678e74868a68319473d8eea0a7e4fd9182ebb06e8c,COMPLETED,3,42,branch-and-bound,0.000283125,runs/run_20261005T010723Z__branch-and-bound__minsum__us-night-0000030.instance-3704ac03dc__r00__6b92b4d550a5/result/solution.json,0.000147458,branch-and-bound,0.000147458,1,2.0,False,False,0.000585625,runs/run_20261005T010723Z__branch-and-bound__minsum__us-night-0000030.instance-3704ac03dc__r00__6b92b4d550a5/result/trace.csv,runs/run_20261005T010723Z__branch-and-bound__minsum__us-night-0000030.instance-3704ac03dc__r00__6b92b4d550a5/result/trace.jsonl,215.120913599749,CERTIFIED_CONTINUOUS,0.000137459,True,True,True,0.000585625,0.015069500000000069
genetic,1,heuristic,genetic,CERTIFIED,Release,25,,0.0,Apple LLVM 17.0.0 (clang-1700.6.3.2),"{""algorithm"":""genetic"",""cache_policy"":""auto"",""global_time_limit_sec"":5.0,""handovers_enabled"":true,""minsum_refinement_policy"":""CERTIFIED_BOUND"",""objective"":""minsum"",""per_static_time_limit_sec"":2.0,""profile"":""DEBUG"",""repeat"":0,""seed"":4177859113,""verify_after"":true,""verify_each_iteration"":true}",,0.087589,smoke10,,,False,algorithm-smoke-20261005-complete,smoke / development validation,False,False,0,0,False,True,0.0,88c683f46e83540a43aaab82d355020b429b6a26,5.0,True,215.120913599749,us-night-0000030.instance-3704ac03dc,us-night-0000030.instance,215.120913599749,not-applicable,0.0,25,CERTIFIED_BOUND,1,False,0,7,2,7,minsum,215.120913599749,FEASIBLE,1072.0043652792724,17.296875,2.0,1.0,CERTIFIED_BOUND,0,auto,runs/run_20261005T010723Z__genetic__minsum__us-night-0000030.instance-3704ac03dc__r00__be8815efe0a8/result/result.json,run_20261005T010723Z__genetic__minsum__us-night-0000030.instance-3704ac03dc__r00__be8815efe0a8,f44e99ac253897cb99d2415984f5771f8b20a8feec5f1347b28de2c39a824c54,COMPLETED,3,42,genetic,0.000336042,runs/run_20261005T010723Z__genetic__minsum__us-night-0000030.instance-3704ac03dc__r00__be8815efe0a8/result/solution.json,0.087166957,genetic,0.087166957,1,2.0,False,False,0.087660959,runs/run_20261005T010723Z__genetic__minsum__us-night-0000030.instance-3704ac03dc__r00__be8815efe0a8/result/trace.csv,runs/run_20261005T010723Z__genetic__minsum__us-night-0000030.instance-3704ac03dc__r00__be8815efe0a8/result/trace.jsonl,215.120913599749,CERTIFIED_CONTINUOUS,0.000141168,True,True,True,0.087660959,0.10416033300000027
greedy,1,heuristic,greedy,CERTIFIED,Release,25,,0.0,Apple LLVM 17.0.0 (clang-1700.6.3.2),"{""algorithm"":""greedy"",""cache_policy"":""auto"",""global_time_limit_sec"":5.0,""handovers_enabled"":true,""minsum_refinement_policy"":""CERTIFIED_BOUND"",""objective"":""minsum"",""per_static_time_limit_sec"":2.0,""profile"":""DEBUG"",""repeat"":0,""seed"":747815962,""verify_after"":true,""verify_each_iteration"":true}",,0.000681,smoke10,,,False,algorithm-smoke-20261005-complete,smoke / development validation,False,False,0,0,False,True,0.0,88c683f46e83540a43aaab82d355020b429b6a26,5.0,True,215.120913599749,us-night-0000030.instance-3704ac03dc,us-night-0000030.instance,215.120913599749,not-applicable,0.0,25,CERTIFIED_BOUND,1,False,0,7,2,7,minsum,215.120913599749,FEASIBLE,1072.0043652792724,17.078125,2.0,1.0,CERTIFIED_BOUND,0,auto,runs/run_20261005T010723Z__greedy__minsum__us-night-0000030.instance-3704ac03dc__r00__2dbbc9169a12/result/result.json,run_20261005T010723Z__greedy__minsum__us-night-0000030.instance-3704ac03dc__r00__2dbbc9169a12,3b29d0a680579975634720ec4c383bd45ebd633eb80283c302360d9586e95ee6,COMPLETED,3,42,greedy,0.000277917,runs/run_20261005T010723Z__greedy__minsum__us-night-0000030.instance-3704ac03dc__r00__2dbbc9169a12/result/solution.json,0.00011045900000000001,greedy,0.00011045900000000001,1,2.0,False,False,0.000536,runs/run_20261005T010723Z__greedy__minsum__us-night-0000030.instance-3704ac03dc__r00__2dbbc9169a12/result/trace.csv,runs/run_20261005T010723Z__greedy__minsum__us-night-0000030.instance-3704ac03dc__r00__2dbbc9169a12/result/trace.jsonl,215.120913599749,CERTIFIED_CONTINUOUS,0.000134875,True,True,True,0.000536,0.01628454200000018
local-search,1,heuristic,local-search,CERTIFIED,Release,25,,0.0,Apple LLVM 17.0.0 (clang-1700.6.3.2),"{""algorithm"":""local-search"",""cache_policy"":""auto"",""global_time_limit_sec"":5.0,""handovers_enabled"":true,""minsum_refinement_policy"":""CERTIFIED_BOUND"",""objective"":""minsum"",""per_static_time_limit_sec"":2.0,""profile"":""DEBUG"",""repeat"":0,""seed"":2362127336,""verify_after"":true,""verify_each_iteration"":true}",,0.001089,smoke10,,,False,algorithm-smoke-20261005-complete,smoke / development validation,False,False,0,0,False,True,0.0,88c683f46e83540a43aaab82d355020b429b6a26,5.0,True,215.120913599749,us-night-0000030.instance-3704ac03dc,us-night-0000030.instance,215.120913599749,not-applicable,0.0,25,CERTIFIED_BOUND,1,False,0,7,2,7,minsum,215.120913599749,FEASIBLE,1072.0043652792724,17.171875,2.0,1.0,CERTIFIED_BOUND,0,auto,runs/run_20261005T010723Z__local-search__minsum__us-night-0000030.instance-3704ac03dc__r00__22a21449f143/result/result.json,run_20261005T010723Z__local-search__minsum__us-night-0000030.instance-3704ac03dc__r00__22a21449f143,7f614daf42609ff83860adb25eee68c6be893a04126dc5313a54a42d19dae5c2,COMPLETED,3,42,local-search,0.000403584,runs/run_20261005T010723Z__local-search__minsum__us-night-0000030.instance-3704ac03dc__r00__22a21449f143/result/solution.json,0.00021379199999999998,local-search,0.00021379199999999998,1,2.0,False,False,0.0007755419999999999,runs/run_20261005T010723Z__local-search__minsum__us-night-0000030.instance-3704ac03dc__r00__22a21449f143/result/trace.csv,runs/run_20261005T010723Z__local-search__minsum__us-night-0000030.instance-3704ac03dc__r00__22a21449f143/result/trace.jsonl,215.120913599749,CERTIFIED_CONTINUOUS,0.000140833,True,True,True,0.0007755419999999999,0.01535954199999967
lp-rounding,1,heuristic,lp-rounding,CERTIFIED,Release,25,,0.0,Apple LLVM 17.0.0 (clang-1700.6.3.2),"{""algorithm"":""lp-rounding"",""cache_policy"":""auto"",""global_time_limit_sec"":5.0,""handovers_enabled"":true,""minsum_refinement_policy"":""CERTIFIED_BOUND"",""objective"":""minsum"",""per_static_time_limit_sec"":2.0,""profile"":""DEBUG"",""repeat"":0,""seed"":205372777,""verify_after"":true,""verify_each_iteration"":true}",,0.000729,smoke10,,,False,algorithm-smoke-20261005-complete,smoke / development validation,False,False,0,7,False,True,0.0,88c683f46e83540a43aaab82d355020b429b6a26,5.0,True,215.120913599749,us-night-0000030.instance-3704ac03dc,us-night-0000030.instance,215.120913599749,not-applicable,0.0,25,CERTIFIED_BOUND,1,False,0,7,2,7,minsum,215.120913599749,FEASIBLE,1072.0043652792724,17.265625,2.0,1.0,CERTIFIED_BOUND,0,auto,runs/run_20261005T010723Z__lp-rounding__minsum__us-night-0000030.instance-3704ac03dc__r00__a7b136e16bc8/result/result.json,run_20261005T010723Z__lp-rounding__minsum__us-night-0000030.instance-3704ac03dc__r00__a7b136e16bc8,319c5f97475c720c40289c6e2af7fbc9a4c987d7fd8fefb77ac711e0d060eaad,COMPLETED,3,42,lp-rounding,0.000326416,runs/run_20261005T010723Z__lp-rounding__minsum__us-night-0000030.instance-3704ac03dc__r00__a7b136e16bc8/result/solution.json,0.00028724999999999996,lp-rounding,0.00028724999999999996,1,2.0,False,False,0.000768542,runs/run_20261005T010723Z__lp-rounding__minsum__us-night-0000030.instance-3704ac03dc__r00__a7b136e16bc8/result/trace.csv,runs/run_20261005T010723Z__lp-rounding__minsum__us-night-0000030.instance-3704ac03dc__r00__a7b136e16bc8/result/trace.jsonl,215.120913599749,CERTIFIED_CONTINUOUS,0.000137376,True,True,True,0.000768542,0.02556262500000006
nn,1,heuristic,nn,CERTIFIED,Release,25,,0.0,Apple LLVM 17.0.0 (clang-1700.6.3.2),"{""algorithm"":""nn"",""cache_policy"":""auto"",""global_time_limit_sec"":5.0,""handovers_enabled"":true,""minsum_refinement_policy"":""CERTIFIED_BOUND"",""objective"":""minsum"",""per_static_time_limit_sec"":2.0,""profile"":""DEBUG"",""repeat"":0,""seed"":1953718838,""verify_after"":true,""verify_each_iteration"":true}",,0.000599,smoke10,,,False,algorithm-smoke-20261005-complete,smoke / development validation,False,False,0,0,False,True,215.120913599749,88c683f46e83540a43aaab82d355020b429b6a26,5.0,True,0.0,us-night-0000030.instance-3704ac03dc,us-night-0000030.instance,215.120913599749,not-applicable,0.0,25,CERTIFIED_BOUND,1,False,0,10,4,10,minsum,215.120913599749,FEASIBLE,1072.0043652792724,17.09375,2.0,1.0,CERTIFIED_BOUND,0,auto,runs/run_20261005T010723Z__nn__minsum__us-night-0000030.instance-3704ac03dc__r00__adf0d0b2fe80/result/result.json,run_20261005T010723Z__nn__minsum__us-night-0000030.instance-3704ac03dc__r00__adf0d0b2fe80,3a8fda7b2bc26c686d126a3a29954d287204bcd5697f308dc795780b8902865a,COMPLETED,3,42,nn,0.00030579100000000003,runs/run_20261005T010723Z__nn__minsum__us-night-0000030.instance-3704ac03dc__r00__adf0d0b2fe80/result/solution.json,0.000136959,nn,0.000136959,1,2.0,False,False,0.0006016250000000001,runs/run_20261005T010723Z__nn__minsum__us-night-0000030.instance-3704ac03dc__r00__adf0d0b2fe80/result/trace.csv,runs/run_20261005T010723Z__nn__minsum__us-night-0000030.instance-3704ac03dc__r00__adf0d0b2fe80/result/trace.jsonl,215.120913599749,CERTIFIED_CONTINUOUS,0.00013774900000000003,True,True,True,0.0006016250000000001,0.018847541999999606
primal-dual,1,heuristic,primal-dual,CERTIFIED,Release,25,,0.0,Apple LLVM 17.0.0 (clang-1700.6.3.2),"{""algorithm"":""primal-dual"",""cache_policy"":""auto"",""global_time_limit_sec"":5.0,""handovers_enabled"":true,""minsum_refinement_policy"":""CERTIFIED_BOUND"",""objective"":""minsum"",""per_static_time_limit_sec"":2.0,""profile"":""DEBUG"",""repeat"":0,""seed"":1354398892,""verify_after"":true,""verify_each_iteration"":true}",,0.00117,smoke10,,,False,algorithm-smoke-20261005-complete,smoke / development validation,False,False,0,0,False,True,23.850342031749616,88c683f46e83540a43aaab82d355020b429b6a26,5.0,True,8.656658058263481,us-night-0000030.instance-3704ac03dc,us-night-0000030.instance,215.120913599749,not-applicable,0.0,25,CERTIFIED_BOUND,1,False,0,10,4,10,minsum,215.120913599749,FEASIBLE,1072.0043652792724,17.109375,2.0,1.0,CERTIFIED_BOUND,0,auto,runs/run_20261005T010723Z__primal-dual__minsum__us-night-0000030.instance-3704ac03dc__r00__167853d1fc45/result/result.json,run_20261005T010723Z__primal-dual__minsum__us-night-0000030.instance-3704ac03dc__r00__167853d1fc45,b113727f3c51f116e09e5c92d5c135eb2fbced70c572c1a1b5c1e1a8b5de3724,COMPLETED,3,42,primal-dual,0.000364958,runs/run_20261005T010723Z__primal-dual__minsum__us-night-0000030.instance-3704ac03dc__r00__167853d1fc45/result/solution.json,0.0001775,primal-dual,0.0001775,1,2.0,False,False,0.000692334,runs/run_20261005T010723Z__primal-dual__minsum__us-night-0000030.instance-3704ac03dc__r00__167853d1fc45/result/trace.csv,runs/run_20261005T010723Z__primal-dual__minsum__us-night-0000030.instance-3704ac03dc__r00__167853d1fc45/result/trace.jsonl,215.120913599749,CERTIFIED_CONTINUOUS,0.000137458,True,True,True,0.000692334,0.01961970900000054
sa,1,heuristic,sa,CERTIFIED,Release,25,,0.0,Apple LLVM 17.0.0 (clang-1700.6.3.2),"{""algorithm"":""sa"",""cache_policy"":""auto"",""global_time_limit_sec"":5.0,""handovers_enabled"":true,""minsum_refinement_policy"":""CERTIFIED_BOUND"",""objective"":""minsum"",""per_static_time_limit_sec"":2.0,""profile"":""DEBUG"",""repeat"":0,""seed"":888877658,""verify_after"":true,""verify_each_iteration"":true}",,0.022575,smoke10,,,False,algorithm-smoke-20261005-complete,smoke / development validation,False,False,0,0,False,True,0.0,88c683f46e83540a43aaab82d355020b429b6a26,5.0,True,215.120913599749,us-night-0000030.instance-3704ac03dc,us-night-0000030.instance,215.120913599749,not-applicable,0.0,25,CERTIFIED_BOUND,1,False,0,7,2,7,minsum,215.120913599749,FEASIBLE,1072.0043652792724,17.0625,2.0,1.0,CERTIFIED_BOUND,0,auto,runs/run_20261005T010723Z__sa__minsum__us-night-0000030.instance-3704ac03dc__r00__94d091dc21c6/result/result.json,run_20261005T010723Z__sa__minsum__us-night-0000030.instance-3704ac03dc__r00__94d091dc21c6,fda988bad20f50b992bc23078b37f307d90528bfa67928f148f38239be29299c,COMPLETED,3,42,sa,0.000388958,runs/run_20261005T010723Z__sa__minsum__us-night-0000030.instance-3704ac03dc__r00__94d091dc21c6/result/solution.json,0.021419375,sa,0.021419375,1,2.0,False,False,0.021973416000000003,runs/run_20261005T010723Z__sa__minsum__us-night-0000030.instance-3704ac03dc__r00__94d091dc21c6/result/trace.csv,runs/run_20261005T010723Z__sa__minsum__us-night-0000030.instance-3704ac03dc__r00__94d091dc21c6/result/trace.jsonl,215.120913599749,CERTIFIED_CONTINUOUS,0.000141749,True,True,True,0.021973416000000003,0.039134083999999625
shifting,1,heuristic,shifting,CERTIFIED,Release,25,,0.0,Apple LLVM 17.0.0 (clang-1700.6.3.2),"{""algorithm"":""shifting"",""cache_policy"":""auto"",""global_time_limit_sec"":5.0,""handovers_enabled"":true,""minsum_refinement_policy"":""CERTIFIED_BOUND"",""objective"":""minsum"",""per_static_time_limit_sec"":2.0,""profile"":""DEBUG"",""repeat"":0,""seed"":587158286,""verify_after"":true,""verify_each_iteration"":true}",,0.018271,smoke10,,,False,algorithm-smoke-20261005-complete,smoke / development validation,False,False,0,0,False,True,0.0,88c683f46e83540a43aaab82d355020b429b6a26,5.0,True,215.120913599749,us-night-0000030.instance-3704ac03dc,us-night-0000030.instance,215.120913599749,not-applicable,0.0,25,CERTIFIED_BOUND,1,False,0,7,2,7,minsum,215.120913599749,FEASIBLE,1072.0043652792724,17.09375,2.0,1.0,CERTIFIED_BOUND,0,auto,runs/run_20261005T010723Z__shifting__minsum__us-night-0000030.instance-3704ac03dc__r00__1b9e70d5f93a/result/result.json,run_20261005T010723Z__shifting__minsum__us-night-0000030.instance-3704ac03dc__r00__1b9e70d5f93a,4ab2333b26bcb09345a0a62b97a84a78eb53f387a20bd7f13b8c145a214628d8,COMPLETED,3,42,shifting,0.001272,runs/run_20261005T010723Z__shifting__minsum__us-night-0000030.instance-3704ac03dc__r00__1b9e70d5f93a/result/solution.json,0.010120417,shifting,0.010120417,1,2.0,False,False,0.01154175,runs/run_20261005T010723Z__shifting__minsum__us-night-0000030.instance-3704ac03dc__r00__1b9e70d5f93a/result/trace.csv,runs/run_20261005T010723Z__shifting__minsum__us-night-0000030.instance-3704ac03dc__r00__1b9e70d5f93a/result/trace.jsonl,215.120913599749,CERTIFIED_CONTINUOUS,0.000137541,True,True,True,0.01154175,0.031601375000000154
