[2026-10-05 04:37:18.687] [info] [batch_runner.cpp:500] BatchRunner: scanning /Users/amirpartovi/.copilot/repos/copilot-worktrees/KineticDiskCover/amirhpartovi-vigilant-spork/results/experiments/algorithm-smoke-20261005-complete/runs/run_20261005T010718Z__shifting__minmax__eil51-e956423838__r00__7d45900602e6/input for instances
2026-10-05 04:37:18 [INFO] checks license for KONT v7.2.4 20250314
2026-10-05 04:37:18 [INFO] uses license in specified folder: /Applications/kont72/bin
2026-10-05 04:37:18 [ERROR] Invalid MAC address of license: 76:74:D1:0F:5A:19

[2026-10-05 04:37:18.692] [warning] [kont_solver.cpp:951] KONT: native initialization failed; generic KontSolver used the built-in fallback
[2026-10-05 04:37:18.692] [info] [kont_solver.cpp:971] KONT: status=OPTIMAL, obj=1.000000, lb=1.000000, gap=0.0000, t=0.000s
[2026-10-05 04:37:18.693] [info] [batch_runner.cpp:538] BatchRunner: exact reference selected 'branch-and-bound' (actual=branch-and-bound, requested=branch-and-bound, manifest=/Users/amirpartovi/.copilot/repos/copilot-worktrees/KineticDiskCover/amirhpartovi-vigilant-spork/results/experiments/algorithm-smoke-20261005-complete/runs/run_20261005T010718Z__shifting__minmax__eil51-e956423838__r00__7d45900602e6/execution/solver/experiment_manifest.json)
[2026-10-05 04:37:18.694] [info] [io.cpp:137] read_json: loaded 13 points, 25 stations from /Users/amirpartovi/.copilot/repos/copilot-worktrees/KineticDiskCover/amirhpartovi-vigilant-spork/results/experiments/algorithm-smoke-20261005-complete/runs/run_20261005T010718Z__shifting__minmax__eil51-e956423838__r00__7d45900602e6/input/instance.json
[2026-10-05 04:37:18.694] [info] [minmax.cpp:110] MinMax: start n=13, m=25, T=1
[2026-10-05 04:37:18.694] [info] [candidate.cpp:199] InstancePrecompute: built 275 candidates
[2026-10-05 04:37:18.694] [info] [stationary.cpp:264] NN: cost=2249.196977, feasible=true, active_stations=9
[2026-10-05 04:37:18.694] [info] [candidate.cpp:199] InstancePrecompute: built 25 candidates
[2026-10-05 04:37:18.694] [info] [stationary.cpp:264] NN: cost=171.367389, feasible=true, active_stations=1
[2026-10-05 04:37:18.694] [info] [candidate.cpp:199] InstancePrecompute: built 25 candidates
[2026-10-05 04:37:18.694] [info] [stationary.cpp:264] NN: cost=222.777605, feasible=true, active_stations=1
[2026-10-05 04:37:18.694] [info] [candidate.cpp:199] InstancePrecompute: built 100 candidates
[2026-10-05 04:37:18.694] [info] [stationary.cpp:264] NN: cost=1096.751288, feasible=true, active_stations=4
[2026-10-05 04:37:18.694] [info] [candidate.cpp:199] InstancePrecompute: built 100 candidates
[2026-10-05 04:37:18.694] [info] [stationary.cpp:264] NN: cost=604.070045, feasible=true, active_stations=2
[2026-10-05 04:37:18.694] [info] [candidate.cpp:199] InstancePrecompute: built 25 candidates
[2026-10-05 04:37:18.694] [info] [stationary.cpp:264] NN: cost=175.651573, feasible=true, active_stations=1
[2026-10-05 04:37:18.694] [info] [candidate.cpp:199] InstancePrecompute: built 50 candidates
[2026-10-05 04:37:18.694] [info] [stationary.cpp:264] NN: cost=372.724070, feasible=true, active_stations=2
[2026-10-05 04:37:18.694] [info] [candidate.cpp:199] InstancePrecompute: built 25 candidates
[2026-10-05 04:37:18.694] [info] [stationary.cpp:264] NN: cost=171.367389, feasible=true, active_stations=1
[2026-10-05 04:37:18.694] [info] [candidate.cpp:199] InstancePrecompute: built 25 candidates
[2026-10-05 04:37:18.694] [info] [stationary.cpp:264] NN: cost=222.777605, feasible=true, active_stations=1
[2026-10-05 04:37:18.694] [info] [candidate.cpp:199] InstancePrecompute: built 25 candidates
[2026-10-05 04:37:18.694] [info] [stationary.cpp:264] NN: cost=312.745484, feasible=true, active_stations=1
[2026-10-05 04:37:18.694] [info] [candidate.cpp:199] InstancePrecompute: built 100 candidates
[2026-10-05 04:37:18.694] [info] [stationary.cpp:264] NN: cost=1165.298243, feasible=true, active_stations=4
[2026-10-05 04:37:18.694] [info] [candidate.cpp:199] InstancePrecompute: built 75 candidates
[2026-10-05 04:37:18.694] [info] [stationary.cpp:264] NN: cost=698.322109, feasible=true, active_stations=3
[2026-10-05 04:37:18.694] [info] [candidate.cpp:199] InstancePrecompute: built 50 candidates
[2026-10-05 04:37:18.694] [info] [stationary.cpp:264] NN: cost=334.166408, feasible=true, active_stations=2
[2026-10-05 04:37:18.694] [info] [candidate.cpp:199] InstancePrecompute: built 50 candidates
[2026-10-05 04:37:18.694] [info] [stationary.cpp:264] NN: cost=385.576625, feasible=true, active_stations=2
[2026-10-05 04:37:18.694] [info] [candidate.cpp:199] InstancePrecompute: built 25 candidates
[2026-10-05 04:37:18.694] [info] [stationary.cpp:264] NN: cost=222.777605, feasible=true, active_stations=1
[2026-10-05 04:37:18.694] [info] [candidate.cpp:199] InstancePrecompute: built 50 candidates
[2026-10-05 04:37:18.694] [info] [stationary.cpp:264] NN: cost=629.775154, feasible=true, active_stations=2
[2026-10-05 04:37:18.694] [info] [candidate.cpp:199] InstancePrecompute: built 50 candidates
[2026-10-05 04:37:18.694] [info] [stationary.cpp:264] NN: cost=381.292440, feasible=true, active_stations=1
[2026-10-05 04:37:18.694] [info] [candidate.cpp:199] InstancePrecompute: built 50 candidates
[2026-10-05 04:37:18.694] [info] [stationary.cpp:264] NN: cost=466.976134, feasible=true, active_stations=2
[2026-10-05 04:37:18.694] [info] [candidate.cpp:199] InstancePrecompute: built 75 candidates
[2026-10-05 04:37:18.694] [info] [stationary.cpp:264] NN: cost=539.807274, feasible=true, active_stations=2
[2026-10-05 04:37:18.694] [info] [candidate.cpp:199] InstancePrecompute: built 25 candidates
[2026-10-05 04:37:18.694] [info] [stationary.cpp:264] NN: cost=171.367389, feasible=true, active_stations=1
[2026-10-05 04:37:18.694] [info] [candidate.cpp:199] InstancePrecompute: built 25 candidates
[2026-10-05 04:37:18.694] [info] [stationary.cpp:264] NN: cost=175.651573, feasible=true, active_stations=1
[2026-10-05 04:37:18.694] [info] [candidate.cpp:199] InstancePrecompute: built 50 candidates
[2026-10-05 04:37:18.694] [info] [stationary.cpp:264] NN: cost=436.986841, feasible=true, active_stations=2
[2026-10-05 04:37:18.694] [info] [candidate.cpp:199] InstancePrecompute: built 75 candidates
[2026-10-05 04:37:18.694] [info] [stationary.cpp:264] NN: cost=1011.067593, feasible=true, active_stations=3
[2026-10-05 04:37:18.694] [info] [candidate.cpp:199] InstancePrecompute: built 25 candidates
[2026-10-05 04:37:18.694] [info] [stationary.cpp:264] NN: cost=158.514835, feasible=true, active_stations=1
[2026-10-05 04:37:18.694] [info] [candidate.cpp:199] InstancePrecompute: built 25 candidates
[2026-10-05 04:37:18.694] [info] [stationary.cpp:264] NN: cost=312.745484, feasible=true, active_stations=1
[2026-10-05 04:37:18.694] [info] [candidate.cpp:199] InstancePrecompute: built 50 candidates
[2026-10-05 04:37:18.694] [info] [stationary.cpp:264] NN: cost=312.745484, feasible=true, active_stations=2
[2026-10-05 04:37:18.694] [info] [candidate.cpp:199] InstancePrecompute: built 75 candidates
[2026-10-05 04:37:18.694] [info] [stationary.cpp:264] NN: cost=711.174663, feasible=true, active_stations=3
[2026-10-05 04:37:18.694] [info] [candidate.cpp:199] InstancePrecompute: built 50 candidates
[2026-10-05 04:37:18.694] [info] [stationary.cpp:264] NN: cost=398.429179, feasible=true, active_stations=2
[2026-10-05 04:37:18.694] [info] [candidate.cpp:199] InstancePrecompute: built 25 candidates
[2026-10-05 04:37:18.694] [info] [stationary.cpp:264] NN: cost=214.209236, feasible=true, active_stations=1
[2026-10-05 04:37:18.694] [info] [candidate.cpp:199] InstancePrecompute: built 50 candidates
[2026-10-05 04:37:18.694] [info] [stationary.cpp:264] NN: cost=694.037924, feasible=true, active_stations=2
[2026-10-05 04:37:18.694] [info] [candidate.cpp:199] InstancePrecompute: built 25 candidates
[2026-10-05 04:37:18.694] [info] [stationary.cpp:264] NN: cost=248.482714, feasible=true, active_stations=1
[2026-10-05 04:37:18.694] [info] [candidate.cpp:199] InstancePrecompute: built 50 candidates
[2026-10-05 04:37:18.694] [info] [stationary.cpp:264] NN: cost=381.292440, feasible=true, active_stations=1
[2026-10-05 04:37:18.694] [info] [candidate.cpp:199] InstancePrecompute: built 50 candidates
[2026-10-05 04:37:18.694] [info] [stationary.cpp:264] NN: cost=312.745484, feasible=true, active_stations=2
[2026-10-05 04:37:18.694] [info] [candidate.cpp:199] InstancePrecompute: built 50 candidates
[2026-10-05 04:37:18.694] [info] [stationary.cpp:264] NN: cost=539.807274, feasible=true, active_stations=2
[2026-10-05 04:37:18.694] [info] [candidate.cpp:199] InstancePrecompute: built 25 candidates
[2026-10-05 04:37:18.694] [info] [stationary.cpp:264] NN: cost=171.367389, feasible=true, active_stations=1
[2026-10-05 04:37:18.694] [info] [candidate.cpp:199] InstancePrecompute: built 25 candidates
[2026-10-05 04:37:18.694] [info] [stationary.cpp:264] NN: cost=175.651573, feasible=true, active_stations=1
[2026-10-05 04:37:18.694] [info] [candidate.cpp:199] InstancePrecompute: built 25 candidates
[2026-10-05 04:37:18.694] [info] [stationary.cpp:264] NN: cost=214.209236, feasible=true, active_stations=1
[2026-10-05 04:37:18.695] [info] [candidate.cpp:199] InstancePrecompute: built 25 candidates
[2026-10-05 04:37:18.695] [info] [stationary.cpp:264] NN: cost=222.777605, feasible=true, active_stations=1
[2026-10-05 04:37:18.695] [info] [candidate.cpp:199] InstancePrecompute: built 25 candidates
[2026-10-05 04:37:18.695] [info] [stationary.cpp:264] NN: cost=312.745484, feasible=true, active_stations=1
[2026-10-05 04:37:18.695] [info] [candidate.cpp:199] InstancePrecompute: built 50 candidates
[2026-10-05 04:37:18.695] [info] [stationary.cpp:264] NN: cost=629.775154, feasible=true, active_stations=2
[2026-10-05 04:37:18.695] [info] [candidate.cpp:199] InstancePrecompute: built 25 candidates
[2026-10-05 04:37:18.695] [info] [stationary.cpp:264] NN: cost=381.292440, feasible=true, active_stations=1
[2026-10-05 04:37:18.695] [info] [candidate.cpp:199] InstancePrecompute: built 25 candidates
[2026-10-05 04:37:18.695] [info] [stationary.cpp:264] NN: cost=158.514835, feasible=true, active_stations=1
[2026-10-05 04:37:18.695] [info] [candidate.cpp:199] InstancePrecompute: built 25 candidates
[2026-10-05 04:37:18.695] [info] [stationary.cpp:264] NN: cost=154.230650, feasible=true, active_stations=1
[2026-10-05 04:37:18.695] [info] [candidate.cpp:199] InstancePrecompute: built 75 candidates
[2026-10-05 04:37:18.695] [info] [stationary.cpp:264] NN: cost=539.807274, feasible=true, active_stations=2
[2026-10-05 04:37:18.695] [info] [candidate.cpp:199] InstancePrecompute: built 25 candidates
[2026-10-05 04:37:18.695] [info] [stationary.cpp:264] NN: cost=171.367389, feasible=true, active_stations=1
[2026-10-05 04:37:18.695] [info] [candidate.cpp:199] InstancePrecompute: built 25 candidates
[2026-10-05 04:37:18.695] [info] [stationary.cpp:264] NN: cost=175.651573, feasible=true, active_stations=1
[2026-10-05 04:37:18.695] [info] [candidate.cpp:199] InstancePrecompute: built 25 candidates
[2026-10-05 04:37:18.695] [info] [stationary.cpp:264] NN: cost=214.209236, feasible=true, active_stations=1
[2026-10-05 04:37:18.695] [info] [candidate.cpp:199] InstancePrecompute: built 25 candidates
[2026-10-05 04:37:18.695] [info] [stationary.cpp:264] NN: cost=222.777605, feasible=true, active_stations=1
[2026-10-05 04:37:18.695] [info] [candidate.cpp:199] InstancePrecompute: built 25 candidates
[2026-10-05 04:37:18.695] [info] [stationary.cpp:264] NN: cost=312.745484, feasible=true, active_stations=1
[2026-10-05 04:37:18.695] [info] [candidate.cpp:199] InstancePrecompute: built 50 candidates
[2026-10-05 04:37:18.695] [info] [stationary.cpp:264] NN: cost=629.775154, feasible=true, active_stations=2
[2026-10-05 04:37:18.695] [info] [candidate.cpp:199] InstancePrecompute: built 25 candidates
[2026-10-05 04:37:18.695] [info] [stationary.cpp:264] NN: cost=381.292440, feasible=true, active_stations=1
[2026-10-05 04:37:18.695] [info] [candidate.cpp:199] InstancePrecompute: built 25 candidates
[2026-10-05 04:37:18.695] [info] [stationary.cpp:264] NN: cost=158.514835, feasible=true, active_stations=1
[2026-10-05 04:37:18.695] [info] [candidate.cpp:199] InstancePrecompute: built 25 candidates
[2026-10-05 04:37:18.695] [info] [stationary.cpp:264] NN: cost=154.230650, feasible=true, active_stations=1
[2026-10-05 04:37:18.695] [info] [candidate.cpp:199] InstancePrecompute: built 50 candidates
[2026-10-05 04:37:18.695] [info] [stationary.cpp:264] NN: cost=317.029669, feasible=true, active_stations=1
[2026-10-05 04:37:18.695] [info] [candidate.cpp:199] InstancePrecompute: built 50 candidates
[2026-10-05 04:37:18.695] [info] [stationary.cpp:264] NN: cost=394.144994, feasible=true, active_stations=2
[2026-10-05 04:37:18.695] [info] [candidate.cpp:199] InstancePrecompute: built 25 candidates
[2026-10-05 04:37:18.695] [info] [stationary.cpp:264] NN: cost=175.651573, feasible=true, active_stations=1
[2026-10-05 04:37:18.695] [info] [candidate.cpp:199] InstancePrecompute: built 25 candidates
[2026-10-05 04:37:18.695] [info] [stationary.cpp:264] NN: cost=214.209236, feasible=true, active_stations=1
[2026-10-05 04:37:18.695] [info] [candidate.cpp:199] InstancePrecompute: built 25 candidates
[2026-10-05 04:37:18.695] [info] [stationary.cpp:264] NN: cost=222.777605, feasible=true, active_stations=1
[2026-10-05 04:37:18.695] [info] [candidate.cpp:199] InstancePrecompute: built 25 candidates
[2026-10-05 04:37:18.695] [info] [stationary.cpp:264] NN: cost=381.292440, feasible=true, active_stations=1
[2026-10-05 04:37:18.695] [info] [candidate.cpp:199] InstancePrecompute: built 25 candidates
[2026-10-05 04:37:18.695] [info] [stationary.cpp:264] NN: cost=381.292440, feasible=true, active_stations=1
[2026-10-05 04:37:18.695] [info] [candidate.cpp:199] InstancePrecompute: built 25 candidates
[2026-10-05 04:37:18.695] [info] [stationary.cpp:264] NN: cost=312.745484, feasible=true, active_stations=1
[2026-10-05 04:37:18.695] [info] [candidate.cpp:199] InstancePrecompute: built 50 candidates
[2026-10-05 04:37:18.695] [info] [stationary.cpp:264] NN: cost=402.713363, feasible=true, active_stations=2
[2026-10-05 04:37:18.695] [info] [candidate.cpp:199] InstancePrecompute: built 75 candidates
[2026-10-05 04:37:18.695] [info] [stationary.cpp:264] NN: cost=698.322109, feasible=true, active_stations=3
[2026-10-05 04:37:18.695] [info] [candidate.cpp:199] InstancePrecompute: built 25 candidates
[2026-10-05 04:37:18.695] [info] [stationary.cpp:264] NN: cost=175.651573, feasible=true, active_stations=1
[2026-10-05 04:37:18.695] [info] [candidate.cpp:199] InstancePrecompute: built 25 candidates
[2026-10-05 04:37:18.695] [info] [stationary.cpp:264] NN: cost=158.514835, feasible=true, active_stations=1
[2026-10-05 04:37:18.695] [info] [candidate.cpp:199] InstancePrecompute: built 25 candidates
[2026-10-05 04:37:18.695] [info] [stationary.cpp:264] NN: cost=171.367389, feasible=true, active_stations=1
[2026-10-05 04:37:18.695] [info] [candidate.cpp:199] InstancePrecompute: built 25 candidates
[2026-10-05 04:37:18.695] [info] [stationary.cpp:264] NN: cost=222.777605, feasible=true, active_stations=1
[2026-10-05 04:37:18.695] [info] [candidate.cpp:199] InstancePrecompute: built 25 candidates
[2026-10-05 04:37:18.695] [info] [stationary.cpp:264] NN: cost=214.209236, feasible=true, active_stations=1
[2026-10-05 04:37:18.695] [info] [candidate.cpp:199] InstancePrecompute: built 25 candidates
[2026-10-05 04:37:18.695] [info] [stationary.cpp:264] NN: cost=381.292440, feasible=true, active_stations=1
[2026-10-05 04:37:18.695] [info] [candidate.cpp:199] InstancePrecompute: built 25 candidates
[2026-10-05 04:37:18.695] [info] [stationary.cpp:264] NN: cost=381.292440, feasible=true, active_stations=1
[2026-10-05 04:37:18.695] [info] [candidate.cpp:199] InstancePrecompute: built 25 candidates
[2026-10-05 04:37:18.695] [info] [stationary.cpp:264] NN: cost=312.745484, feasible=true, active_stations=1
[2026-10-05 04:37:18.695] [info] [candidate.cpp:199] InstancePrecompute: built 50 candidates
[2026-10-05 04:37:18.695] [info] [stationary.cpp:264] NN: cost=402.713363, feasible=true, active_stations=2
[2026-10-05 04:37:18.695] [info] [candidate.cpp:199] InstancePrecompute: built 50 candidates
[2026-10-05 04:37:18.695] [info] [stationary.cpp:264] NN: cost=539.807274, feasible=true, active_stations=2
[2026-10-05 04:37:18.695] [info] [candidate.cpp:199] InstancePrecompute: built 25 candidates
[2026-10-05 04:37:18.695] [info] [stationary.cpp:264] NN: cost=158.514835, feasible=true, active_stations=1
[2026-10-05 04:37:18.695] [info] [candidate.cpp:199] InstancePrecompute: built 25 candidates
[2026-10-05 04:37:18.695] [info] [stationary.cpp:264] NN: cost=175.651573, feasible=true, active_stations=1
[2026-10-05 04:37:18.695] [info] [candidate.cpp:199] InstancePrecompute: built 25 candidates
[2026-10-05 04:37:18.695] [info] [stationary.cpp:264] NN: cost=158.514835, feasible=true, active_stations=1
[2026-10-05 04:37:18.695] [info] [candidate.cpp:199] InstancePrecompute: built 25 candidates
[2026-10-05 04:37:18.695] [info] [stationary.cpp:264] NN: cost=171.367389, feasible=true, active_stations=1
[2026-10-05 04:37:18.695] [info] [candidate.cpp:199] InstancePrecompute: built 50 candidates
[2026-10-05 04:37:18.695] [info] [stationary.cpp:264] NN: cost=436.986841, feasible=true, active_stations=2
[2026-10-05 04:37:18.695] [info] [candidate.cpp:199] InstancePrecompute: built 25 candidates
[2026-10-05 04:37:18.695] [info] [stationary.cpp:264] NN: cost=381.292440, feasible=true, active_stations=1
[2026-10-05 04:37:18.695] [info] [candidate.cpp:199] InstancePrecompute: built 25 candidates
[2026-10-05 04:37:18.695] [info] [stationary.cpp:264] NN: cost=381.292440, feasible=true, active_stations=1
[2026-10-05 04:37:18.695] [info] [candidate.cpp:199] InstancePrecompute: built 25 candidates
[2026-10-05 04:37:18.695] [info] [stationary.cpp:264] NN: cost=312.745484, feasible=true, active_stations=1
[2026-10-05 04:37:18.695] [info] [candidate.cpp:199] InstancePrecompute: built 50 candidates
[2026-10-05 04:37:18.695] [info] [stationary.cpp:264] NN: cost=402.713363, feasible=true, active_stations=2
[2026-10-05 04:37:18.695] [info] [candidate.cpp:199] InstancePrecompute: built 25 candidates
[2026-10-05 04:37:18.695] [info] [stationary.cpp:264] NN: cost=317.029669, feasible=true, active_stations=1
[2026-10-05 04:37:18.695] [info] [candidate.cpp:199] InstancePrecompute: built 50 candidates
[2026-10-05 04:37:18.695] [info] [stationary.cpp:264] NN: cost=381.292440, feasible=true, active_stations=2
[2026-10-05 04:37:18.695] [info] [candidate.cpp:199] InstancePrecompute: built 25 candidates
[2026-10-05 04:37:18.695] [info] [stationary.cpp:264] NN: cost=175.651573, feasible=true, active_stations=1
[2026-10-05 04:37:18.695] [info] [candidate.cpp:199] InstancePrecompute: built 25 candidates
[2026-10-05 04:37:18.695] [info] [stationary.cpp:264] NN: cost=158.514835, feasible=true, active_stations=1
[2026-10-05 04:37:18.695] [info] [candidate.cpp:199] InstancePrecompute: built 25 candidates
[2026-10-05 04:37:18.695] [info] [stationary.cpp:264] NN: cost=171.367389, feasible=true, active_stations=1
[2026-10-05 04:37:18.695] [info] [candidate.cpp:199] InstancePrecompute: built 25 candidates
[2026-10-05 04:37:18.695] [info] [stationary.cpp:264] NN: cost=222.777605, feasible=true, active_stations=1
[2026-10-05 04:37:18.695] [info] [candidate.cpp:199] InstancePrecompute: built 25 candidates
[2026-10-05 04:37:18.695] [info] [stationary.cpp:264] NN: cost=214.209236, feasible=true, active_stations=1
[2026-10-05 04:37:18.695] [info] [candidate.cpp:199] InstancePrecompute: built 25 candidates
[2026-10-05 04:37:18.695] [info] [stationary.cpp:264] NN: cost=381.292440, feasible=true, active_stations=1
[2026-10-05 04:37:18.695] [info] [candidate.cpp:199] InstancePrecompute: built 25 candidates
[2026-10-05 04:37:18.695] [info] [stationary.cpp:264] NN: cost=381.292440, feasible=true, active_stations=1
[2026-10-05 04:37:18.695] [info] [candidate.cpp:199] InstancePrecompute: built 25 candidates
[2026-10-05 04:37:18.695] [info] [stationary.cpp:264] NN: cost=312.745484, feasible=true, active_stations=1
[2026-10-05 04:37:18.695] [info] [candidate.cpp:199] InstancePrecompute: built 50 candidates
[2026-10-05 04:37:18.695] [info] [stationary.cpp:264] NN: cost=402.713363, feasible=true, active_stations=2
[2026-10-05 04:37:18.695] [info] [candidate.cpp:199] InstancePrecompute: built 50 candidates
[2026-10-05 04:37:18.695] [info] [stationary.cpp:264] NN: cost=475.544504, feasible=true, active_stations=2
[2026-10-05 04:37:18.695] [info] [candidate.cpp:199] InstancePrecompute: built 25 candidates
[2026-10-05 04:37:18.695] [info] [stationary.cpp:264] NN: cost=158.514835, feasible=true, active_stations=1
[2026-10-05 04:37:18.695] [info] [candidate.cpp:199] InstancePrecompute: built 25 candidates
[2026-10-05 04:37:18.695] [info] [stationary.cpp:264] NN: cost=222.777605, feasible=true, active_stations=1
[2026-10-05 04:37:18.695] [info] [candidate.cpp:199] InstancePrecompute: built 25 candidates
[2026-10-05 04:37:18.695] [info] [stationary.cpp:264] NN: cost=171.367389, feasible=true, active_stations=1
[2026-10-05 04:37:18.695] [info] [candidate.cpp:199] InstancePrecompute: built 25 candidates
[2026-10-05 04:37:18.695] [info] [stationary.cpp:264] NN: cost=175.651573, feasible=true, active_stations=1
[2026-10-05 04:37:18.695] [info] [candidate.cpp:199] InstancePrecompute: built 25 candidates
[2026-10-05 04:37:18.695] [info] [stationary.cpp:264] NN: cost=222.777605, feasible=true, active_stations=1
[2026-10-05 04:37:18.695] [info] [candidate.cpp:199] InstancePrecompute: built 25 candidates
[2026-10-05 04:37:18.695] [info] [stationary.cpp:264] NN: cost=214.209236, feasible=true, active_stations=1
[2026-10-05 04:37:18.695] [info] [candidate.cpp:199] InstancePrecompute: built 25 candidates
[2026-10-05 04:37:18.695] [info] [stationary.cpp:264] NN: cost=381.292440, feasible=true, active_stations=1
[2026-10-05 04:37:18.695] [info] [candidate.cpp:199] InstancePrecompute: built 25 candidates
[2026-10-05 04:37:18.695] [info] [stationary.cpp:264] NN: cost=381.292440, feasible=true, active_stations=1
[2026-10-05 04:37:18.695] [info] [candidate.cpp:199] InstancePrecompute: built 25 candidates
[2026-10-05 04:37:18.695] [info] [stationary.cpp:264] NN: cost=312.745484, feasible=true, active_stations=1
[2026-10-05 04:37:18.695] [info] [candidate.cpp:199] InstancePrecompute: built 50 candidates
[2026-10-05 04:37:18.695] [info] [stationary.cpp:264] NN: cost=402.713363, feasible=true, active_stations=2
[2026-10-05 04:37:18.695] [info] [candidate.cpp:199] InstancePrecompute: built 25 candidates
[2026-10-05 04:37:18.695] [info] [stationary.cpp:264] NN: cost=317.029669, feasible=true, active_stations=1
[2026-10-05 04:37:18.695] [info] [candidate.cpp:199] InstancePrecompute: built 25 candidates
[2026-10-05 04:37:18.695] [info] [stationary.cpp:264] NN: cost=158.514835, feasible=true, active_stations=1
[2026-10-05 04:37:18.695] [info] [candidate.cpp:199] InstancePrecompute: built 50 candidates
[2026-10-05 04:37:18.695] [info] [stationary.cpp:264] NN: cost=381.292440, feasible=true, active_stations=2
[2026-10-05 04:37:18.695] [info] [candidate.cpp:199] InstancePrecompute: built 25 candidates
[2026-10-05 04:37:18.695] [info] [stationary.cpp:264] NN: cost=171.367389, feasible=true, active_stations=1
[2026-10-05 04:37:18.695] [info] [candidate.cpp:199] InstancePrecompute: built 25 candidates
[2026-10-05 04:37:18.695] [info] [stationary.cpp:264] NN: cost=175.651573, feasible=true, active_stations=1
[2026-10-05 04:37:18.695] [info] [candidate.cpp:199] InstancePrecompute: built 50 candidates
[2026-10-05 04:37:18.695] [info] [stationary.cpp:264] NN: cost=436.986841, feasible=true, active_stations=2
[2026-10-05 04:37:18.695] [info] [candidate.cpp:199] InstancePrecompute: built 25 candidates
[2026-10-05 04:37:18.695] [info] [stationary.cpp:264] NN: cost=381.292440, feasible=true, active_stations=1
[2026-10-05 04:37:18.695] [info] [candidate.cpp:199] InstancePrecompute: built 25 candidates
[2026-10-05 04:37:18.695] [info] [stationary.cpp:264] NN: cost=381.292440, feasible=true, active_stations=1
[2026-10-05 04:37:18.695] [info] [candidate.cpp:199] InstancePrecompute: built 25 candidates
[2026-10-05 04:37:18.695] [info] [stationary.cpp:264] NN: cost=312.745484, feasible=true, active_stations=1
[2026-10-05 04:37:18.695] [info] [candidate.cpp:199] InstancePrecompute: built 50 candidates
[2026-10-05 04:37:18.695] [info] [stationary.cpp:264] NN: cost=402.713363, feasible=true, active_stations=2
[2026-10-05 04:37:18.695] [info] [candidate.cpp:199] InstancePrecompute: built 25 candidates
[2026-10-05 04:37:18.695] [info] [stationary.cpp:264] NN: cost=317.029669, feasible=true, active_stations=1
[2026-10-05 04:37:18.695] [info] [candidate.cpp:199] InstancePrecompute: built 25 candidates
[2026-10-05 04:37:18.695] [info] [stationary.cpp:264] NN: cost=158.514835, feasible=true, active_stations=1
[2026-10-05 04:37:18.695] [info] [candidate.cpp:199] InstancePrecompute: built 25 candidates
[2026-10-05 04:37:18.695] [info] [stationary.cpp:264] NN: cost=158.514835, feasible=true, active_stations=1
[2026-10-05 04:37:18.695] [info] [candidate.cpp:199] InstancePrecompute: built 50 candidates
[2026-10-05 04:37:18.695] [info] [stationary.cpp:264] NN: cost=394.144994, feasible=true, active_stations=2
[2026-10-05 04:37:18.695] [info] [candidate.cpp:199] InstancePrecompute: built 25 candidates
[2026-10-05 04:37:18.695] [info] [stationary.cpp:264] NN: cost=175.651573, feasible=true, active_stations=1
[2026-10-05 04:37:18.695] [info] [candidate.cpp:199] InstancePrecompute: built 25 candidates
[2026-10-05 04:37:18.695] [info] [stationary.cpp:264] NN: cost=222.777605, feasible=true, active_stations=1
[2026-10-05 04:37:18.695] [info] [candidate.cpp:199] InstancePrecompute: built 25 candidates
[2026-10-05 04:37:18.695] [info] [stationary.cpp:264] NN: cost=214.209236, feasible=true, active_stations=1
[2026-10-05 04:37:18.695] [info] [candidate.cpp:199] InstancePrecompute: built 50 candidates
[2026-10-05 04:37:18.695] [info] [stationary.cpp:264] NN: cost=629.775154, feasible=true, active_stations=2
[2026-10-05 04:37:18.695] [info] [candidate.cpp:199] InstancePrecompute: built 25 candidates
[2026-10-05 04:37:18.695] [info] [stationary.cpp:264] NN: cost=381.292440, feasible=true, active_stations=1
[2026-10-05 04:37:18.695] [info] [candidate.cpp:199] InstancePrecompute: built 25 candidates
[2026-10-05 04:37:18.695] [info] [stationary.cpp:264] NN: cost=158.514835, feasible=true, active_stations=1
[2026-10-05 04:37:18.695] [info] [candidate.cpp:199] InstancePrecompute: built 25 candidates
[2026-10-05 04:37:18.695] [info] [stationary.cpp:264] NN: cost=312.745484, feasible=true, active_stations=1
[2026-10-05 04:37:18.695] [info] [candidate.cpp:199] InstancePrecompute: built 25 candidates
[2026-10-05 04:37:18.695] [info] [stationary.cpp:264] NN: cost=154.230650, feasible=true, active_stations=1
[2026-10-05 04:37:18.695] [info] [candidate.cpp:199] InstancePrecompute: built 50 candidates
[2026-10-05 04:37:18.695] [info] [stationary.cpp:264] NN: cost=539.807274, feasible=true, active_stations=2
[2026-10-05 04:37:18.695] [info] [candidate.cpp:199] InstancePrecompute: built 25 candidates
[2026-10-05 04:37:18.695] [info] [stationary.cpp:264] NN: cost=158.514835, feasible=true, active_stations=1
[2026-10-05 04:37:18.695] [info] [candidate.cpp:199] InstancePrecompute: built 25 candidates
[2026-10-05 04:37:18.695] [info] [stationary.cpp:264] NN: cost=171.367389, feasible=true, active_stations=1
[2026-10-05 04:37:18.695] [info] [candidate.cpp:199] InstancePrecompute: built 25 candidates
[2026-10-05 04:37:18.695] [info] [stationary.cpp:264] NN: cost=175.651573, feasible=true, active_stations=1
[2026-10-05 04:37:18.695] [info] [candidate.cpp:199] InstancePrecompute: built 25 candidates
[2026-10-05 04:37:18.695] [info] [stationary.cpp:264] NN: cost=214.209236, feasible=true, active_stations=1
[2026-10-05 04:37:18.695] [info] [candidate.cpp:199] InstancePrecompute: built 25 candidates
[2026-10-05 04:37:18.695] [info] [stationary.cpp:264] NN: cost=222.777605, feasible=true, active_stations=1
[2026-10-05 04:37:18.695] [info] [candidate.cpp:199] InstancePrecompute: built 50 candidates
[2026-10-05 04:37:18.695] [info] [stationary.cpp:264] NN: cost=629.775154, feasible=true, active_stations=2
[2026-10-05 04:37:18.695] [info] [candidate.cpp:199] InstancePrecompute: built 50 candidates
[2026-10-05 04:37:18.695] [info] [stationary.cpp:264] NN: cost=381.292440, feasible=true, active_stations=1
[2026-10-05 04:37:18.695] [info] [candidate.cpp:199] InstancePrecompute: built 25 candidates
[2026-10-05 04:37:18.695] [info] [stationary.cpp:264] NN: cost=312.745484, feasible=true, active_stations=1
[2026-10-05 04:37:18.695] [info] [candidate.cpp:199] InstancePrecompute: built 25 candidates
[2026-10-05 04:37:18.695] [info] [stationary.cpp:264] NN: cost=154.230650, feasible=true, active_stations=1
[2026-10-05 04:37:18.695] [info] [candidate.cpp:199] InstancePrecompute: built 50 candidates
[2026-10-05 04:37:18.695] [info] [stationary.cpp:264] NN: cost=539.807274, feasible=true, active_stations=2
[2026-10-05 04:37:18.695] [info] [candidate.cpp:199] InstancePrecompute: built 25 candidates
[2026-10-05 04:37:18.695] [info] [stationary.cpp:264] NN: cost=158.514835, feasible=true, active_stations=1
[2026-10-05 04:37:18.695] [info] [candidate.cpp:199] InstancePrecompute: built 25 candidates
[2026-10-05 04:37:18.695] [info] [stationary.cpp:264] NN: cost=171.367389, feasible=true, active_stations=1
[2026-10-05 04:37:18.695] [info] [candidate.cpp:199] InstancePrecompute: built 25 candidates
[2026-10-05 04:37:18.695] [info] [stationary.cpp:264] NN: cost=175.651573, feasible=true, active_stations=1
[2026-10-05 04:37:18.695] [info] [candidate.cpp:199] InstancePrecompute: built 25 candidates
[2026-10-05 04:37:18.695] [info] [stationary.cpp:264] NN: cost=214.209236, feasible=true, active_stations=1
[2026-10-05 04:37:18.695] [info] [candidate.cpp:199] InstancePrecompute: built 25 candidates
[2026-10-05 04:37:18.695] [info] [stationary.cpp:264] NN: cost=222.777605, feasible=true, active_stations=1
[2026-10-05 04:37:18.695] [info] [candidate.cpp:199] InstancePrecompute: built 25 candidates
[2026-10-05 04:37:18.695] [info] [stationary.cpp:264] NN: cost=381.292440, feasible=true, active_stations=1
[2026-10-05 04:37:18.695] [info] [candidate.cpp:199] InstancePrecompute: built 25 candidates
[2026-10-05 04:37:18.695] [info] [stationary.cpp:264] NN: cost=248.482714, feasible=true, active_stations=1
[2026-10-05 04:37:18.695] [info] [candidate.cpp:199] InstancePrecompute: built 25 candidates
[2026-10-05 04:37:18.695] [info] [stationary.cpp:264] NN: cost=381.292440, feasible=true, active_stations=1
[2026-10-05 04:37:18.695] [info] [candidate.cpp:199] InstancePrecompute: built 25 candidates
[2026-10-05 04:37:18.695] [info] [stationary.cpp:264] NN: cost=158.514835, feasible=true, active_stations=1
[2026-10-05 04:37:18.695] [info] [candidate.cpp:199] InstancePrecompute: built 25 candidates
[2026-10-05 04:37:18.695] [info] [stationary.cpp:264] NN: cost=312.745484, feasible=true, active_stations=1
[2026-10-05 04:37:18.695] [info] [candidate.cpp:199] InstancePrecompute: built 25 candidates
[2026-10-05 04:37:18.695] [info] [stationary.cpp:264] NN: cost=154.230650, feasible=true, active_stations=1
[2026-10-05 04:37:18.695] [info] [candidate.cpp:199] InstancePrecompute: built 25 candidates
[2026-10-05 04:37:18.695] [info] [stationary.cpp:264] NN: cost=317.029669, feasible=true, active_stations=1
[2026-10-05 04:37:18.695] [info] [candidate.cpp:199] InstancePrecompute: built 25 candidates
[2026-10-05 04:37:18.695] [info] [stationary.cpp:264] NN: cost=222.777605, feasible=true, active_stations=1
[2026-10-05 04:37:18.695] [info] [candidate.cpp:199] InstancePrecompute: built 25 candidates
[2026-10-05 04:37:18.695] [info] [stationary.cpp:264] NN: cost=158.514835, feasible=true, active_stations=1
[2026-10-05 04:37:18.695] [info] [candidate.cpp:199] InstancePrecompute: built 25 candidates
[2026-10-05 04:37:18.695] [info] [stationary.cpp:264] NN: cost=171.367389, feasible=true, active_stations=1
[2026-10-05 04:37:18.695] [info] [candidate.cpp:199] InstancePrecompute: built 25 candidates
[2026-10-05 04:37:18.695] [info] [stationary.cpp:264] NN: cost=175.651573, feasible=true, active_stations=1
[2026-10-05 04:37:18.695] [info] [candidate.cpp:199] InstancePrecompute: built 25 candidates
[2026-10-05 04:37:18.695] [info] [stationary.cpp:264] NN: cost=214.209236, feasible=true, active_stations=1
[2026-10-05 04:37:18.695] [info] [candidate.cpp:199] InstancePrecompute: built 25 candidates
[2026-10-05 04:37:18.695] [info] [stationary.cpp:264] NN: cost=222.777605, feasible=true, active_stations=1
[2026-10-05 04:37:18.695] [info] [candidate.cpp:199] InstancePrecompute: built 25 candidates
[2026-10-05 04:37:18.695] [info] [stationary.cpp:264] NN: cost=381.292440, feasible=true, active_stations=1
[2026-10-05 04:37:18.695] [info] [candidate.cpp:199] InstancePrecompute: built 25 candidates
[2026-10-05 04:37:18.695] [info] [stationary.cpp:264] NN: cost=248.482714, feasible=true, active_stations=1
[2026-10-05 04:37:18.695] [info] [candidate.cpp:199] InstancePrecompute: built 25 candidates
[2026-10-05 04:37:18.695] [info] [stationary.cpp:264] NN: cost=381.292440, feasible=true, active_stations=1
[2026-10-05 04:37:18.695] [info] [candidate.cpp:199] InstancePrecompute: built 25 candidates
[2026-10-05 04:37:18.695] [info] [stationary.cpp:264] NN: cost=158.514835, feasible=true, active_stations=1
[2026-10-05 04:37:18.695] [info] [candidate.cpp:199] InstancePrecompute: built 25 candidates
[2026-10-05 04:37:18.695] [info] [stationary.cpp:264] NN: cost=312.745484, feasible=true, active_stations=1
[2026-10-05 04:37:18.695] [info] [candidate.cpp:199] InstancePrecompute: built 25 candidates
[2026-10-05 04:37:18.695] [info] [stationary.cpp:264] NN: cost=154.230650, feasible=true, active_stations=1
[2026-10-05 04:37:18.695] [info] [candidate.cpp:199] InstancePrecompute: built 25 candidates
[2026-10-05 04:37:18.695] [info] [stationary.cpp:264] NN: cost=317.029669, feasible=true, active_stations=1
[2026-10-05 04:37:18.695] [info] [candidate.cpp:199] InstancePrecompute: built 25 candidates
[2026-10-05 04:37:18.695] [info] [stationary.cpp:264] NN: cost=222.777605, feasible=true, active_stations=1
[2026-10-05 04:37:18.695] [info] [candidate.cpp:199] InstancePrecompute: built 25 candidates
[2026-10-05 04:37:18.695] [info] [stationary.cpp:264] NN: cost=158.514835, feasible=true, active_stations=1
[2026-10-05 04:37:18.695] [info] [candidate.cpp:199] InstancePrecompute: built 25 candidates
[2026-10-05 04:37:18.695] [info] [stationary.cpp:264] NN: cost=171.367389, feasible=true, active_stations=1
[2026-10-05 04:37:18.695] [info] [candidate.cpp:199] InstancePrecompute: built 25 candidates
[2026-10-05 04:37:18.695] [info] [stationary.cpp:264] NN: cost=175.651573, feasible=true, active_stations=1
[2026-10-05 04:37:18.695] [info] [candidate.cpp:199] InstancePrecompute: built 25 candidates
[2026-10-05 04:37:18.695] [info] [stationary.cpp:264] NN: cost=214.209236, feasible=true, active_stations=1
[2026-10-05 04:37:18.695] [info] [candidate.cpp:199] InstancePrecompute: built 25 candidates
[2026-10-05 04:37:18.695] [info] [stationary.cpp:264] NN: cost=222.777605, feasible=true, active_stations=1
[2026-10-05 04:37:18.695] [info] [candidate.cpp:199] InstancePrecompute: built 25 candidates
[2026-10-05 04:37:18.695] [info] [stationary.cpp:264] NN: cost=381.292440, feasible=true, active_stations=1
[2026-10-05 04:37:18.695] [info] [candidate.cpp:199] InstancePrecompute: built 25 candidates
[2026-10-05 04:37:18.695] [info] [stationary.cpp:264] NN: cost=381.292440, feasible=true, active_stations=1
[2026-10-05 04:37:18.695] [info] [candidate.cpp:199] InstancePrecompute: built 25 candidates
[2026-10-05 04:37:18.695] [info] [stationary.cpp:264] NN: cost=312.745484, feasible=true, active_stations=1
[2026-10-05 04:37:18.695] [info] [candidate.cpp:199] InstancePrecompute: built 50 candidates
[2026-10-05 04:37:18.696] [info] [stationary.cpp:264] NN: cost=402.713363, feasible=true, active_stations=2
[2026-10-05 04:37:18.696] [info] [candidate.cpp:199] InstancePrecompute: built 50 candidates
[2026-10-05 04:37:18.696] [info] [stationary.cpp:264] NN: cost=475.544504, feasible=true, active_stations=2
[2026-10-05 04:37:18.696] [info] [candidate.cpp:199] InstancePrecompute: built 25 candidates
[2026-10-05 04:37:18.696] [info] [stationary.cpp:264] NN: cost=158.514835, feasible=true, active_stations=1
[2026-10-05 04:37:18.696] [info] [candidate.cpp:199] InstancePrecompute: built 25 candidates
[2026-10-05 04:37:18.696] [info] [stationary.cpp:264] NN: cost=222.777605, feasible=true, active_stations=1
[2026-10-05 04:37:18.696] [info] [candidate.cpp:199] InstancePrecompute: built 25 candidates
[2026-10-05 04:37:18.696] [info] [stationary.cpp:264] NN: cost=171.367389, feasible=true, active_stations=1
[2026-10-05 04:37:18.696] [info] [candidate.cpp:199] InstancePrecompute: built 25 candidates
[2026-10-05 04:37:18.696] [info] [stationary.cpp:264] NN: cost=175.651573, feasible=true, active_stations=1
[2026-10-05 04:37:18.696] [info] [candidate.cpp:199] InstancePrecompute: built 25 candidates
[2026-10-05 04:37:18.696] [info] [stationary.cpp:264] NN: cost=222.777605, feasible=true, active_stations=1
[2026-10-05 04:37:18.696] [info] [candidate.cpp:199] InstancePrecompute: built 25 candidates
[2026-10-05 04:37:18.696] [info] [stationary.cpp:264] NN: cost=214.209236, feasible=true, active_stations=1
[2026-10-05 04:37:18.696] [info] [candidate.cpp:199] InstancePrecompute: built 25 candidates
[2026-10-05 04:37:18.696] [info] [stationary.cpp:264] NN: cost=381.292440, feasible=true, active_stations=1
[2026-10-05 04:37:18.696] [info] [candidate.cpp:199] InstancePrecompute: built 25 candidates
[2026-10-05 04:37:18.696] [info] [stationary.cpp:264] NN: cost=381.292440, feasible=true, active_stations=1
[2026-10-05 04:37:18.696] [info] [candidate.cpp:199] InstancePrecompute: built 25 candidates
[2026-10-05 04:37:18.696] [info] [stationary.cpp:264] NN: cost=312.745484, feasible=true, active_stations=1
[2026-10-05 04:37:18.696] [info] [candidate.cpp:199] InstancePrecompute: built 50 candidates
[2026-10-05 04:37:18.696] [info] [stationary.cpp:264] NN: cost=402.713363, feasible=true, active_stations=2
[2026-10-05 04:37:18.696] [info] [candidate.cpp:199] InstancePrecompute: built 50 candidates
[2026-10-05 04:37:18.696] [info] [stationary.cpp:264] NN: cost=475.544504, feasible=true, active_stations=2
[2026-10-05 04:37:18.696] [info] [candidate.cpp:199] InstancePrecompute: built 25 candidates
[2026-10-05 04:37:18.696] [info] [stationary.cpp:264] NN: cost=158.514835, feasible=true, active_stations=1
[2026-10-05 04:37:18.696] [info] [candidate.cpp:199] InstancePrecompute: built 25 candidates
[2026-10-05 04:37:18.696] [info] [stationary.cpp:264] NN: cost=222.777605, feasible=true, active_stations=1
[2026-10-05 04:37:18.696] [info] [candidate.cpp:199] InstancePrecompute: built 25 candidates
[2026-10-05 04:37:18.696] [info] [stationary.cpp:264] NN: cost=171.367389, feasible=true, active_stations=1
[2026-10-05 04:37:18.696] [info] [candidate.cpp:199] InstancePrecompute: built 25 candidates
[2026-10-05 04:37:18.696] [info] [stationary.cpp:264] NN: cost=175.651573, feasible=true, active_stations=1
[2026-10-05 04:37:18.696] [info] [candidate.cpp:199] InstancePrecompute: built 25 candidates
[2026-10-05 04:37:18.696] [info] [stationary.cpp:264] NN: cost=222.777605, feasible=true, active_stations=1
[2026-10-05 04:37:18.696] [info] [candidate.cpp:199] InstancePrecompute: built 25 candidates
[2026-10-05 04:37:18.696] [info] [stationary.cpp:264] NN: cost=214.209236, feasible=true, active_stations=1
[2026-10-05 04:37:18.696] [info] [candidate.cpp:199] InstancePrecompute: built 25 candidates
[2026-10-05 04:37:18.696] [info] [stationary.cpp:264] NN: cost=381.292440, feasible=true, active_stations=1
[2026-10-05 04:37:18.696] [info] [candidate.cpp:199] InstancePrecompute: built 25 candidates
[2026-10-05 04:37:18.696] [info] [stationary.cpp:264] NN: cost=381.292440, feasible=true, active_stations=1
[2026-10-05 04:37:18.696] [info] [candidate.cpp:199] InstancePrecompute: built 25 candidates
[2026-10-05 04:37:18.696] [info] [stationary.cpp:264] NN: cost=312.745484, feasible=true, active_stations=1
[2026-10-05 04:37:18.696] [info] [candidate.cpp:199] InstancePrecompute: built 25 candidates
[2026-10-05 04:37:18.696] [info] [stationary.cpp:264] NN: cost=154.230650, feasible=true, active_stations=1
[2026-10-05 04:37:18.696] [info] [candidate.cpp:199] InstancePrecompute: built 25 candidates
[2026-10-05 04:37:18.696] [info] [stationary.cpp:264] NN: cost=248.482714, feasible=true, active_stations=1
[2026-10-05 04:37:18.696] [info] [candidate.cpp:199] InstancePrecompute: built 25 candidates
[2026-10-05 04:37:18.696] [info] [stationary.cpp:264] NN: cost=317.029669, feasible=true, active_stations=1
[2026-10-05 04:37:18.696] [info] [candidate.cpp:199] InstancePrecompute: built 25 candidates
[2026-10-05 04:37:18.696] [info] [stationary.cpp:264] NN: cost=158.514835, feasible=true, active_stations=1
[2026-10-05 04:37:18.696] [info] [candidate.cpp:199] InstancePrecompute: built 25 candidates
[2026-10-05 04:37:18.696] [info] [stationary.cpp:264] NN: cost=158.514835, feasible=true, active_stations=1
[2026-10-05 04:37:18.696] [info] [candidate.cpp:199] InstancePrecompute: built 50 candidates
[2026-10-05 04:37:18.696] [info] [stationary.cpp:264] NN: cost=394.144994, feasible=true, active_stations=2
[2026-10-05 04:37:18.696] [info] [candidate.cpp:199] InstancePrecompute: built 25 candidates
[2026-10-05 04:37:18.696] [info] [stationary.cpp:264] NN: cost=175.651573, feasible=true, active_stations=1
[2026-10-05 04:37:18.696] [info] [candidate.cpp:199] InstancePrecompute: built 50 candidates
[2026-10-05 04:37:18.696] [info] [stationary.cpp:264] NN: cost=436.986841, feasible=true, active_stations=2
[2026-10-05 04:37:18.696] [info] [candidate.cpp:199] InstancePrecompute: built 25 candidates
[2026-10-05 04:37:18.696] [info] [stationary.cpp:264] NN: cost=381.292440, feasible=true, active_stations=1
[2026-10-05 04:37:18.696] [info] [candidate.cpp:199] InstancePrecompute: built 25 candidates
[2026-10-05 04:37:18.696] [info] [stationary.cpp:264] NN: cost=381.292440, feasible=true, active_stations=1
[2026-10-05 04:37:18.696] [info] [candidate.cpp:199] InstancePrecompute: built 25 candidates
[2026-10-05 04:37:18.696] [info] [stationary.cpp:264] NN: cost=312.745484, feasible=true, active_stations=1
[2026-10-05 04:37:18.696] [info] [candidate.cpp:199] InstancePrecompute: built 50 candidates
[2026-10-05 04:37:18.696] [info] [stationary.cpp:264] NN: cost=402.713363, feasible=true, active_stations=2
[2026-10-05 04:37:18.696] [info] [candidate.cpp:199] InstancePrecompute: built 25 candidates
[2026-10-05 04:37:18.696] [info] [stationary.cpp:264] NN: cost=317.029669, feasible=true, active_stations=1
[2026-10-05 04:37:18.696] [info] [candidate.cpp:199] InstancePrecompute: built 25 candidates
[2026-10-05 04:37:18.696] [info] [stationary.cpp:264] NN: cost=158.514835, feasible=true, active_stations=1
[2026-10-05 04:37:18.696] [info] [candidate.cpp:199] InstancePrecompute: built 25 candidates
[2026-10-05 04:37:18.696] [info] [stationary.cpp:264] NN: cost=158.514835, feasible=true, active_stations=1
[2026-10-05 04:37:18.696] [info] [candidate.cpp:199] InstancePrecompute: built 50 candidates
[2026-10-05 04:37:18.696] [info] [stationary.cpp:264] NN: cost=394.144994, feasible=true, active_stations=2
[2026-10-05 04:37:18.696] [info] [candidate.cpp:199] InstancePrecompute: built 25 candidates
[2026-10-05 04:37:18.696] [info] [stationary.cpp:264] NN: cost=175.651573, feasible=true, active_stations=1
[2026-10-05 04:37:18.696] [info] [candidate.cpp:199] InstancePrecompute: built 25 candidates
[2026-10-05 04:37:18.696] [info] [stationary.cpp:264] NN: cost=222.777605, feasible=true, active_stations=1
[2026-10-05 04:37:18.696] [info] [candidate.cpp:199] InstancePrecompute: built 25 candidates
[2026-10-05 04:37:18.696] [info] [stationary.cpp:264] NN: cost=214.209236, feasible=true, active_stations=1
[2026-10-05 04:37:18.696] [info] [candidate.cpp:199] InstancePrecompute: built 25 candidates
[2026-10-05 04:37:18.696] [info] [stationary.cpp:264] NN: cost=381.292440, feasible=true, active_stations=1
[2026-10-05 04:37:18.696] [info] [candidate.cpp:199] InstancePrecompute: built 25 candidates
[2026-10-05 04:37:18.696] [info] [stationary.cpp:264] NN: cost=381.292440, feasible=true, active_stations=1
[2026-10-05 04:37:18.696] [info] [candidate.cpp:199] InstancePrecompute: built 25 candidates
[2026-10-05 04:37:18.696] [info] [stationary.cpp:264] NN: cost=312.745484, feasible=true, active_stations=1
[2026-10-05 04:37:18.696] [info] [candidate.cpp:199] InstancePrecompute: built 25 candidates
[2026-10-05 04:37:18.696] [info] [stationary.cpp:264] NN: cost=248.482714, feasible=true, active_stations=1
[2026-10-05 04:37:18.696] [info] [candidate.cpp:199] InstancePrecompute: built 25 candidates
[2026-10-05 04:37:18.696] [info] [stationary.cpp:264] NN: cost=158.514835, feasible=true, active_stations=1
[2026-10-05 04:37:18.696] [info] [candidate.cpp:199] InstancePrecompute: built 25 candidates
[2026-10-05 04:37:18.696] [info] [stationary.cpp:264] NN: cost=154.230650, feasible=true, active_stations=1
[2026-10-05 04:37:18.696] [info] [candidate.cpp:199] InstancePrecompute: built 25 candidates
[2026-10-05 04:37:18.696] [info] [stationary.cpp:264] NN: cost=158.514835, feasible=true, active_stations=1
[2026-10-05 04:37:18.696] [info] [candidate.cpp:199] InstancePrecompute: built 50 candidates
[2026-10-05 04:37:18.696] [info] [stationary.cpp:264] NN: cost=539.807274, feasible=true, active_stations=2
[2026-10-05 04:37:18.696] [info] [candidate.cpp:199] InstancePrecompute: built 25 candidates
[2026-10-05 04:37:18.696] [info] [stationary.cpp:264] NN: cost=171.367389, feasible=true, active_stations=1
[2026-10-05 04:37:18.696] [info] [candidate.cpp:199] InstancePrecompute: built 25 candidates
[2026-10-05 04:37:18.696] [info] [stationary.cpp:264] NN: cost=175.651573, feasible=true, active_stations=1
[2026-10-05 04:37:18.696] [info] [candidate.cpp:199] InstancePrecompute: built 25 candidates
[2026-10-05 04:37:18.696] [info] [stationary.cpp:264] NN: cost=222.777605, feasible=true, active_stations=1
[2026-10-05 04:37:18.696] [info] [candidate.cpp:199] InstancePrecompute: built 25 candidates
[2026-10-05 04:37:18.696] [info] [stationary.cpp:264] NN: cost=214.209236, feasible=true, active_stations=1
[2026-10-05 04:37:18.696] [info] [candidate.cpp:199] InstancePrecompute: built 25 candidates
[2026-10-05 04:37:18.696] [info] [stationary.cpp:264] NN: cost=381.292440, feasible=true, active_stations=1
[2026-10-05 04:37:18.696] [info] [candidate.cpp:199] InstancePrecompute: built 25 candidates
[2026-10-05 04:37:18.696] [info] [stationary.cpp:264] NN: cost=381.292440, feasible=true, active_stations=1
[2026-10-05 04:37:18.696] [info] [candidate.cpp:199] InstancePrecompute: built 25 candidates
[2026-10-05 04:37:18.696] [info] [stationary.cpp:264] NN: cost=312.745484, feasible=true, active_stations=1
[2026-10-05 04:37:18.696] [info] [candidate.cpp:199] InstancePrecompute: built 25 candidates
[2026-10-05 04:37:18.696] [info] [stationary.cpp:264] NN: cost=248.482714, feasible=true, active_stations=1
[2026-10-05 04:37:18.696] [info] [candidate.cpp:199] InstancePrecompute: built 25 candidates
[2026-10-05 04:37:18.696] [info] [stationary.cpp:264] NN: cost=158.514835, feasible=true, active_stations=1
[2026-10-05 04:37:18.696] [info] [candidate.cpp:199] InstancePrecompute: built 25 candidates
[2026-10-05 04:37:18.696] [info] [stationary.cpp:264] NN: cost=154.230650, feasible=true, active_stations=1
[2026-10-05 04:37:18.696] [info] [candidate.cpp:199] InstancePrecompute: built 25 candidates
[2026-10-05 04:37:18.696] [info] [stationary.cpp:264] NN: cost=158.514835, feasible=true, active_stations=1
[2026-10-05 04:37:18.696] [info] [candidate.cpp:199] InstancePrecompute: built 50 candidates
[2026-10-05 04:37:18.696] [info] [stationary.cpp:264] NN: cost=539.807274, feasible=true, active_stations=2
[2026-10-05 04:37:18.696] [info] [candidate.cpp:199] InstancePrecompute: built 25 candidates
[2026-10-05 04:37:18.696] [info] [stationary.cpp:264] NN: cost=171.367389, feasible=true, active_stations=1
[2026-10-05 04:37:18.696] [info] [candidate.cpp:199] InstancePrecompute: built 25 candidates
[2026-10-05 04:37:18.696] [info] [stationary.cpp:264] NN: cost=175.651573, feasible=true, active_stations=1
[2026-10-05 04:37:18.696] [info] [candidate.cpp:199] InstancePrecompute: built 25 candidates
[2026-10-05 04:37:18.696] [info] [stationary.cpp:264] NN: cost=222.777605, feasible=true, active_stations=1
[2026-10-05 04:37:18.696] [info] [candidate.cpp:199] InstancePrecompute: built 25 candidates
[2026-10-05 04:37:18.696] [info] [stationary.cpp:264] NN: cost=214.209236, feasible=true, active_stations=1
[2026-10-05 04:37:18.696] [info] [candidate.cpp:199] InstancePrecompute: built 25 candidates
[2026-10-05 04:37:18.696] [info] [stationary.cpp:264] NN: cost=381.292440, feasible=true, active_stations=1
[2026-10-05 04:37:18.696] [info] [candidate.cpp:199] InstancePrecompute: built 25 candidates
[2026-10-05 04:37:18.696] [info] [stationary.cpp:264] NN: cost=381.292440, feasible=true, active_stations=1
[2026-10-05 04:37:18.696] [info] [candidate.cpp:199] InstancePrecompute: built 25 candidates
[2026-10-05 04:37:18.696] [info] [stationary.cpp:264] NN: cost=312.745484, feasible=true, active_stations=1
[2026-10-05 04:37:18.696] [info] [candidate.cpp:199] InstancePrecompute: built 25 candidates
[2026-10-05 04:37:18.696] [info] [stationary.cpp:264] NN: cost=248.482714, feasible=true, active_stations=1
[2026-10-05 04:37:18.696] [info] [candidate.cpp:199] InstancePrecompute: built 25 candidates
[2026-10-05 04:37:18.696] [info] [stationary.cpp:264] NN: cost=158.514835, feasible=true, active_stations=1
[2026-10-05 04:37:18.696] [info] [candidate.cpp:199] InstancePrecompute: built 25 candidates
[2026-10-05 04:37:18.696] [info] [stationary.cpp:264] NN: cost=154.230650, feasible=true, active_stations=1
[2026-10-05 04:37:18.696] [info] [candidate.cpp:199] InstancePrecompute: built 25 candidates
[2026-10-05 04:37:18.696] [info] [stationary.cpp:264] NN: cost=158.514835, feasible=true, active_stations=1
[2026-10-05 04:37:18.696] [info] [candidate.cpp:199] InstancePrecompute: built 25 candidates
[2026-10-05 04:37:18.696] [info] [stationary.cpp:264] NN: cost=317.029669, feasible=true, active_stations=1
[2026-10-05 04:37:18.696] [info] [candidate.cpp:199] InstancePrecompute: built 50 candidates
[2026-10-05 04:37:18.696] [info] [stationary.cpp:264] NN: cost=394.144994, feasible=true, active_stations=2
[2026-10-05 04:37:18.696] [info] [candidate.cpp:199] InstancePrecompute: built 25 candidates
[2026-10-05 04:37:18.696] [info] [stationary.cpp:264] NN: cost=175.651573, feasible=true, active_stations=1
[2026-10-05 04:37:18.696] [info] [candidate.cpp:199] InstancePrecompute: built 50 candidates
[2026-10-05 04:37:18.696] [info] [stationary.cpp:264] NN: cost=436.986841, feasible=true, active_stations=2
[2026-10-05 04:37:18.696] [info] [candidate.cpp:199] InstancePrecompute: built 25 candidates
[2026-10-05 04:37:18.696] [info] [stationary.cpp:264] NN: cost=381.292440, feasible=true, active_stations=1
[2026-10-05 04:37:18.696] [info] [candidate.cpp:199] InstancePrecompute: built 25 candidates
[2026-10-05 04:37:18.696] [info] [stationary.cpp:264] NN: cost=381.292440, feasible=true, active_stations=1
[2026-10-05 04:37:18.696] [info] [candidate.cpp:199] InstancePrecompute: built 25 candidates
[2026-10-05 04:37:18.696] [info] [stationary.cpp:264] NN: cost=312.745484, feasible=true, active_stations=1
[2026-10-05 04:37:18.696] [info] [candidate.cpp:199] InstancePrecompute: built 25 candidates
[2026-10-05 04:37:18.696] [info] [stationary.cpp:264] NN: cost=248.482714, feasible=true, active_stations=1
[2026-10-05 04:37:18.696] [info] [candidate.cpp:199] InstancePrecompute: built 25 candidates
[2026-10-05 04:37:18.696] [info] [stationary.cpp:264] NN: cost=158.514835, feasible=true, active_stations=1
[2026-10-05 04:37:18.696] [info] [candidate.cpp:199] InstancePrecompute: built 25 candidates
[2026-10-05 04:37:18.696] [info] [stationary.cpp:264] NN: cost=154.230650, feasible=true, active_stations=1
[2026-10-05 04:37:18.696] [info] [candidate.cpp:199] InstancePrecompute: built 50 candidates
[2026-10-05 04:37:18.696] [info] [stationary.cpp:264] NN: cost=317.029669, feasible=true, active_stations=1
[2026-10-05 04:37:18.696] [info] [candidate.cpp:199] InstancePrecompute: built 50 candidates
[2026-10-05 04:37:18.696] [info] [stationary.cpp:264] NN: cost=394.144994, feasible=true, active_stations=2
[2026-10-05 04:37:18.696] [info] [candidate.cpp:199] InstancePrecompute: built 25 candidates
[2026-10-05 04:37:18.696] [info] [stationary.cpp:264] NN: cost=175.651573, feasible=true, active_stations=1
[2026-10-05 04:37:18.696] [info] [candidate.cpp:199] InstancePrecompute: built 25 candidates
[2026-10-05 04:37:18.696] [info] [stationary.cpp:264] NN: cost=222.777605, feasible=true, active_stations=1
[2026-10-05 04:37:18.696] [info] [candidate.cpp:199] InstancePrecompute: built 25 candidates
[2026-10-05 04:37:18.696] [info] [stationary.cpp:264] NN: cost=214.209236, feasible=true, active_stations=1
[2026-10-05 04:37:18.696] [info] [candidate.cpp:199] InstancePrecompute: built 25 candidates
[2026-10-05 04:37:18.696] [info] [stationary.cpp:264] NN: cost=381.292440, feasible=true, active_stations=1
[2026-10-05 04:37:18.696] [info] [candidate.cpp:199] InstancePrecompute: built 25 candidates
[2026-10-05 04:37:18.696] [info] [stationary.cpp:264] NN: cost=381.292440, feasible=true, active_stations=1
[2026-10-05 04:37:18.696] [info] [candidate.cpp:199] InstancePrecompute: built 25 candidates
[2026-10-05 04:37:18.696] [info] [stationary.cpp:264] NN: cost=312.745484, feasible=true, active_stations=1
[2026-10-05 04:37:18.696] [info] [candidate.cpp:199] InstancePrecompute: built 25 candidates
[2026-10-05 04:37:18.696] [info] [stationary.cpp:264] NN: cost=248.482714, feasible=true, active_stations=1
[2026-10-05 04:37:18.696] [info] [candidate.cpp:199] InstancePrecompute: built 25 candidates
[2026-10-05 04:37:18.696] [info] [stationary.cpp:264] NN: cost=158.514835, feasible=true, active_stations=1
[2026-10-05 04:37:18.696] [info] [candidate.cpp:199] InstancePrecompute: built 25 candidates
[2026-10-05 04:37:18.696] [info] [stationary.cpp:264] NN: cost=154.230650, feasible=true, active_stations=1
[2026-10-05 04:37:18.696] [info] [candidate.cpp:199] InstancePrecompute: built 50 candidates
[2026-10-05 04:37:18.696] [info] [stationary.cpp:264] NN: cost=539.807274, feasible=true, active_stations=2
[2026-10-05 04:37:18.696] [info] [candidate.cpp:199] InstancePrecompute: built 25 candidates
[2026-10-05 04:37:18.696] [info] [stationary.cpp:264] NN: cost=175.651573, feasible=true, active_stations=1
[2026-10-05 04:37:18.696] [info] [candidate.cpp:199] InstancePrecompute: built 25 candidates
[2026-10-05 04:37:18.696] [info] [stationary.cpp:264] NN: cost=158.514835, feasible=true, active_stations=1
[2026-10-05 04:37:18.696] [info] [candidate.cpp:199] InstancePrecompute: built 25 candidates
[2026-10-05 04:37:18.696] [info] [stationary.cpp:264] NN: cost=171.367389, feasible=true, active_stations=1
[2026-10-05 04:37:18.696] [info] [candidate.cpp:199] InstancePrecompute: built 25 candidates
[2026-10-05 04:37:18.696] [info] [stationary.cpp:264] NN: cost=222.777605, feasible=true, active_stations=1
[2026-10-05 04:37:18.696] [info] [candidate.cpp:199] InstancePrecompute: built 25 candidates
[2026-10-05 04:37:18.696] [info] [stationary.cpp:264] NN: cost=214.209236, feasible=true, active_stations=1
[2026-10-05 04:37:18.696] [info] [candidate.cpp:199] InstancePrecompute: built 25 candidates
[2026-10-05 04:37:18.696] [info] [stationary.cpp:264] NN: cost=381.292440, feasible=true, active_stations=1
[2026-10-05 04:37:18.696] [info] [candidate.cpp:199] InstancePrecompute: built 25 candidates
[2026-10-05 04:37:18.696] [info] [stationary.cpp:264] NN: cost=381.292440, feasible=true, active_stations=1
[2026-10-05 04:37:18.696] [info] [candidate.cpp:199] InstancePrecompute: built 25 candidates
[2026-10-05 04:37:18.696] [info] [stationary.cpp:264] NN: cost=312.745484, feasible=true, active_stations=1
[2026-10-05 04:37:18.696] [info] [candidate.cpp:199] InstancePrecompute: built 25 candidates
[2026-10-05 04:37:18.696] [info] [stationary.cpp:264] NN: cost=248.482714, feasible=true, active_stations=1
[2026-10-05 04:37:18.696] [info] [candidate.cpp:199] InstancePrecompute: built 25 candidates
[2026-10-05 04:37:18.696] [info] [stationary.cpp:264] NN: cost=158.514835, feasible=true, active_stations=1
[2026-10-05 04:37:18.696] [info] [candidate.cpp:199] InstancePrecompute: built 25 candidates
[2026-10-05 04:37:18.696] [info] [stationary.cpp:264] NN: cost=154.230650, feasible=true, active_stations=1
[2026-10-05 04:37:18.696] [info] [candidate.cpp:199] InstancePrecompute: built 50 candidates
[2026-10-05 04:37:18.696] [info] [stationary.cpp:264] NN: cost=539.807274, feasible=true, active_stations=2
[2026-10-05 04:37:18.696] [info] [candidate.cpp:199] InstancePrecompute: built 25 candidates
[2026-10-05 04:37:18.696] [info] [stationary.cpp:264] NN: cost=175.651573, feasible=true, active_stations=1
[2026-10-05 04:37:18.696] [info] [candidate.cpp:199] InstancePrecompute: built 25 candidates
[2026-10-05 04:37:18.696] [info] [stationary.cpp:264] NN: cost=158.514835, feasible=true, active_stations=1
[2026-10-05 04:37:18.696] [info] [candidate.cpp:199] InstancePrecompute: built 25 candidates
[2026-10-05 04:37:18.696] [info] [stationary.cpp:264] NN: cost=171.367389, feasible=true, active_stations=1
[2026-10-05 04:37:18.696] [info] [candidate.cpp:199] InstancePrecompute: built 25 candidates
[2026-10-05 04:37:18.696] [info] [stationary.cpp:264] NN: cost=222.777605, feasible=true, active_stations=1
[2026-10-05 04:37:18.696] [info] [candidate.cpp:199] InstancePrecompute: built 25 candidates
[2026-10-05 04:37:18.696] [info] [stationary.cpp:264] NN: cost=214.209236, feasible=true, active_stations=1
[2026-10-05 04:37:18.696] [info] [candidate.cpp:199] InstancePrecompute: built 25 candidates
[2026-10-05 04:37:18.696] [info] [stationary.cpp:264] NN: cost=381.292440, feasible=true, active_stations=1
[2026-10-05 04:37:18.696] [info] [candidate.cpp:199] InstancePrecompute: built 25 candidates
[2026-10-05 04:37:18.696] [info] [stationary.cpp:264] NN: cost=381.292440, feasible=true, active_stations=1
[2026-10-05 04:37:18.696] [info] [candidate.cpp:199] InstancePrecompute: built 25 candidates
[2026-10-05 04:37:18.696] [info] [stationary.cpp:264] NN: cost=312.745484, feasible=true, active_stations=1
[2026-10-05 04:37:18.696] [info] [candidate.cpp:199] InstancePrecompute: built 25 candidates
[2026-10-05 04:37:18.696] [info] [stationary.cpp:264] NN: cost=248.482714, feasible=true, active_stations=1
[2026-10-05 04:37:18.696] [info] [candidate.cpp:199] InstancePrecompute: built 25 candidates
[2026-10-05 04:37:18.696] [info] [stationary.cpp:264] NN: cost=158.514835, feasible=true, active_stations=1
[2026-10-05 04:37:18.696] [info] [candidate.cpp:199] InstancePrecompute: built 25 candidates
[2026-10-05 04:37:18.696] [info] [stationary.cpp:264] NN: cost=154.230650, feasible=true, active_stations=1
[2026-10-05 04:37:18.696] [info] [candidate.cpp:199] InstancePrecompute: built 25 candidates
[2026-10-05 04:37:18.696] [info] [stationary.cpp:264] NN: cost=317.029669, feasible=true, active_stations=1
[2026-10-05 04:37:18.696] [info] [candidate.cpp:199] InstancePrecompute: built 25 candidates
[2026-10-05 04:37:18.696] [info] [stationary.cpp:264] NN: cost=222.777605, feasible=true, active_stations=1
[2026-10-05 04:37:18.696] [info] [candidate.cpp:199] InstancePrecompute: built 25 candidates
[2026-10-05 04:37:18.696] [info] [stationary.cpp:264] NN: cost=175.651573, feasible=true, active_stations=1
[2026-10-05 04:37:18.696] [info] [candidate.cpp:199] InstancePrecompute: built 25 candidates
[2026-10-05 04:37:18.696] [info] [stationary.cpp:264] NN: cost=158.514835, feasible=true, active_stations=1
[2026-10-05 04:37:18.696] [info] [candidate.cpp:199] InstancePrecompute: built 25 candidates
[2026-10-05 04:37:18.696] [info] [stationary.cpp:264] NN: cost=171.367389, feasible=true, active_stations=1
[2026-10-05 04:37:18.696] [info] [candidate.cpp:199] InstancePrecompute: built 50 candidates
[2026-10-05 04:37:18.696] [info] [stationary.cpp:264] NN: cost=436.986841, feasible=true, active_stations=2
[2026-10-05 04:37:18.696] [info] [candidate.cpp:199] InstancePrecompute: built 25 candidates
[2026-10-05 04:37:18.696] [info] [stationary.cpp:264] NN: cost=381.292440, feasible=true, active_stations=1
[2026-10-05 04:37:18.696] [info] [candidate.cpp:199] InstancePrecompute: built 25 candidates
[2026-10-05 04:37:18.696] [info] [stationary.cpp:264] NN: cost=381.292440, feasible=true, active_stations=1
[2026-10-05 04:37:18.696] [info] [candidate.cpp:199] InstancePrecompute: built 25 candidates
[2026-10-05 04:37:18.696] [info] [stationary.cpp:264] NN: cost=312.745484, feasible=true, active_stations=1
[2026-10-05 04:37:18.696] [info] [candidate.cpp:199] InstancePrecompute: built 25 candidates
[2026-10-05 04:37:18.696] [info] [stationary.cpp:264] NN: cost=248.482714, feasible=true, active_stations=1
[2026-10-05 04:37:18.696] [info] [candidate.cpp:199] InstancePrecompute: built 25 candidates
[2026-10-05 04:37:18.696] [info] [stationary.cpp:264] NN: cost=158.514835, feasible=true, active_stations=1
[2026-10-05 04:37:18.696] [info] [candidate.cpp:199] InstancePrecompute: built 25 candidates
[2026-10-05 04:37:18.696] [info] [stationary.cpp:264] NN: cost=154.230650, feasible=true, active_stations=1
[2026-10-05 04:37:18.696] [info] [candidate.cpp:199] InstancePrecompute: built 25 candidates
[2026-10-05 04:37:18.696] [info] [stationary.cpp:264] NN: cost=317.029669, feasible=true, active_stations=1
[2026-10-05 04:37:18.696] [info] [candidate.cpp:199] InstancePrecompute: built 25 candidates
[2026-10-05 04:37:18.696] [info] [stationary.cpp:264] NN: cost=222.777605, feasible=true, active_stations=1
[2026-10-05 04:37:18.696] [info] [candidate.cpp:199] InstancePrecompute: built 25 candidates
[2026-10-05 04:37:18.696] [info] [stationary.cpp:264] NN: cost=175.651573, feasible=true, active_stations=1
[2026-10-05 04:37:18.696] [info] [candidate.cpp:199] InstancePrecompute: built 25 candidates
[2026-10-05 04:37:18.696] [info] [stationary.cpp:264] NN: cost=158.514835, feasible=true, active_stations=1
[2026-10-05 04:37:18.696] [info] [candidate.cpp:199] InstancePrecompute: built 25 candidates
[2026-10-05 04:37:18.696] [info] [stationary.cpp:264] NN: cost=171.367389, feasible=true, active_stations=1
[2026-10-05 04:37:18.696] [info] [candidate.cpp:199] InstancePrecompute: built 25 candidates
[2026-10-05 04:37:18.696] [info] [stationary.cpp:264] NN: cost=222.777605, feasible=true, active_stations=1
[2026-10-05 04:37:18.696] [info] [candidate.cpp:199] InstancePrecompute: built 25 candidates
[2026-10-05 04:37:18.696] [info] [stationary.cpp:264] NN: cost=214.209236, feasible=true, active_stations=1
[2026-10-05 04:37:18.696] [info] [candidate.cpp:199] InstancePrecompute: built 25 candidates
[2026-10-05 04:37:18.696] [info] [stationary.cpp:264] NN: cost=381.292440, feasible=true, active_stations=1
[2026-10-05 04:37:18.696] [info] [candidate.cpp:199] InstancePrecompute: built 25 candidates
[2026-10-05 04:37:18.696] [info] [stationary.cpp:264] NN: cost=381.292440, feasible=true, active_stations=1
[2026-10-05 04:37:18.697] [info] [candidate.cpp:199] InstancePrecompute: built 25 candidates
[2026-10-05 04:37:18.697] [info] [stationary.cpp:264] NN: cost=312.745484, feasible=true, active_stations=1
[2026-10-05 04:37:18.697] [info] [candidate.cpp:199] InstancePrecompute: built 50 candidates
[2026-10-05 04:37:18.697] [info] [stationary.cpp:264] NN: cost=402.713363, feasible=true, active_stations=2
[2026-10-05 04:37:18.697] [info] [candidate.cpp:199] InstancePrecompute: built 25 candidates
[2026-10-05 04:37:18.697] [info] [stationary.cpp:264] NN: cost=317.029669, feasible=true, active_stations=1
[2026-10-05 04:37:18.697] [info] [candidate.cpp:199] InstancePrecompute: built 25 candidates
[2026-10-05 04:37:18.697] [info] [stationary.cpp:264] NN: cost=158.514835, feasible=true, active_stations=1
[2026-10-05 04:37:18.697] [info] [candidate.cpp:199] InstancePrecompute: built 25 candidates
[2026-10-05 04:37:18.697] [info] [stationary.cpp:264] NN: cost=222.777605, feasible=true, active_stations=1
[2026-10-05 04:37:18.697] [info] [candidate.cpp:199] InstancePrecompute: built 25 candidates
[2026-10-05 04:37:18.697] [info] [stationary.cpp:264] NN: cost=158.514835, feasible=true, active_stations=1
[2026-10-05 04:37:18.697] [info] [candidate.cpp:199] InstancePrecompute: built 25 candidates
[2026-10-05 04:37:18.697] [info] [stationary.cpp:264] NN: cost=171.367389, feasible=true, active_stations=1
[2026-10-05 04:37:18.697] [info] [candidate.cpp:199] InstancePrecompute: built 25 candidates
[2026-10-05 04:37:18.697] [info] [stationary.cpp:264] NN: cost=175.651573, feasible=true, active_stations=1
[2026-10-05 04:37:18.697] [info] [candidate.cpp:199] InstancePrecompute: built 25 candidates
[2026-10-05 04:37:18.697] [info] [stationary.cpp:264] NN: cost=214.209236, feasible=true, active_stations=1
[2026-10-05 04:37:18.697] [info] [candidate.cpp:199] InstancePrecompute: built 25 candidates
[2026-10-05 04:37:18.697] [info] [stationary.cpp:264] NN: cost=222.777605, feasible=true, active_stations=1
[2026-10-05 04:37:18.697] [info] [candidate.cpp:199] InstancePrecompute: built 25 candidates
[2026-10-05 04:37:18.697] [info] [stationary.cpp:264] NN: cost=381.292440, feasible=true, active_stations=1
[2026-10-05 04:37:18.697] [info] [candidate.cpp:199] InstancePrecompute: built 25 candidates
[2026-10-05 04:37:18.697] [info] [stationary.cpp:264] NN: cost=381.292440, feasible=true, active_stations=1
[2026-10-05 04:37:18.697] [info] [candidate.cpp:199] InstancePrecompute: built 25 candidates
[2026-10-05 04:37:18.697] [info] [stationary.cpp:264] NN: cost=312.745484, feasible=true, active_stations=1
[2026-10-05 04:37:18.697] [info] [candidate.cpp:199] InstancePrecompute: built 50 candidates
[2026-10-05 04:37:18.697] [info] [stationary.cpp:264] NN: cost=402.713363, feasible=true, active_stations=2
[2026-10-05 04:37:18.697] [info] [candidate.cpp:199] InstancePrecompute: built 50 candidates
[2026-10-05 04:37:18.697] [info] [stationary.cpp:264] NN: cost=475.544504, feasible=true, active_stations=2
[2026-10-05 04:37:18.697] [info] [candidate.cpp:199] InstancePrecompute: built 25 candidates
[2026-10-05 04:37:18.697] [info] [stationary.cpp:264] NN: cost=222.777605, feasible=true, active_stations=1
[2026-10-05 04:37:18.697] [info] [candidate.cpp:199] InstancePrecompute: built 25 candidates
[2026-10-05 04:37:18.697] [info] [stationary.cpp:264] NN: cost=158.514835, feasible=true, active_stations=1
[2026-10-05 04:37:18.697] [info] [candidate.cpp:199] InstancePrecompute: built 25 candidates
[2026-10-05 04:37:18.697] [info] [stationary.cpp:264] NN: cost=171.367389, feasible=true, active_stations=1
[2026-10-05 04:37:18.697] [info] [candidate.cpp:199] InstancePrecompute: built 25 candidates
[2026-10-05 04:37:18.697] [info] [stationary.cpp:264] NN: cost=175.651573, feasible=true, active_stations=1
[2026-10-05 04:37:18.697] [info] [candidate.cpp:199] InstancePrecompute: built 25 candidates
[2026-10-05 04:37:18.697] [info] [stationary.cpp:264] NN: cost=214.209236, feasible=true, active_stations=1
[2026-10-05 04:37:18.697] [info] [candidate.cpp:199] InstancePrecompute: built 25 candidates
[2026-10-05 04:37:18.697] [info] [stationary.cpp:264] NN: cost=222.777605, feasible=true, active_stations=1
[2026-10-05 04:37:18.697] [info] [candidate.cpp:199] InstancePrecompute: built 25 candidates
[2026-10-05 04:37:18.697] [info] [stationary.cpp:264] NN: cost=381.292440, feasible=true, active_stations=1
[2026-10-05 04:37:18.697] [info] [candidate.cpp:199] InstancePrecompute: built 25 candidates
[2026-10-05 04:37:18.697] [info] [stationary.cpp:264] NN: cost=381.292440, feasible=true, active_stations=1
[2026-10-05 04:37:18.697] [info] [candidate.cpp:199] InstancePrecompute: built 25 candidates
[2026-10-05 04:37:18.697] [info] [stationary.cpp:264] NN: cost=312.745484, feasible=true, active_stations=1
[2026-10-05 04:37:18.697] [info] [candidate.cpp:199] InstancePrecompute: built 50 candidates
[2026-10-05 04:37:18.697] [info] [stationary.cpp:264] NN: cost=402.713363, feasible=true, active_stations=2
[2026-10-05 04:37:18.697] [info] [candidate.cpp:199] InstancePrecompute: built 50 candidates
[2026-10-05 04:37:18.697] [info] [stationary.cpp:264] NN: cost=475.544504, feasible=true, active_stations=2
[2026-10-05 04:37:18.697] [info] [candidate.cpp:199] InstancePrecompute: built 25 candidates
[2026-10-05 04:37:18.697] [info] [stationary.cpp:264] NN: cost=222.777605, feasible=true, active_stations=1
[2026-10-05 04:37:18.697] [info] [candidate.cpp:199] InstancePrecompute: built 25 candidates
[2026-10-05 04:37:18.697] [info] [stationary.cpp:264] NN: cost=158.514835, feasible=true, active_stations=1
[2026-10-05 04:37:18.697] [info] [candidate.cpp:199] InstancePrecompute: built 25 candidates
[2026-10-05 04:37:18.697] [info] [stationary.cpp:264] NN: cost=171.367389, feasible=true, active_stations=1
[2026-10-05 04:37:18.697] [info] [candidate.cpp:199] InstancePrecompute: built 25 candidates
[2026-10-05 04:37:18.697] [info] [stationary.cpp:264] NN: cost=175.651573, feasible=true, active_stations=1
[2026-10-05 04:37:18.697] [info] [candidate.cpp:199] InstancePrecompute: built 25 candidates
[2026-10-05 04:37:18.697] [info] [stationary.cpp:264] NN: cost=214.209236, feasible=true, active_stations=1
[2026-10-05 04:37:18.697] [info] [candidate.cpp:199] InstancePrecompute: built 25 candidates
[2026-10-05 04:37:18.697] [info] [stationary.cpp:264] NN: cost=222.777605, feasible=true, active_stations=1
[2026-10-05 04:37:18.697] [info] [candidate.cpp:199] InstancePrecompute: built 25 candidates
[2026-10-05 04:37:18.697] [info] [stationary.cpp:264] NN: cost=381.292440, feasible=true, active_stations=1
[2026-10-05 04:37:18.697] [info] [candidate.cpp:199] InstancePrecompute: built 25 candidates
[2026-10-05 04:37:18.697] [info] [stationary.cpp:264] NN: cost=381.292440, feasible=true, active_stations=1
[2026-10-05 04:37:18.697] [info] [candidate.cpp:199] InstancePrecompute: built 25 candidates
[2026-10-05 04:37:18.697] [info] [stationary.cpp:264] NN: cost=312.745484, feasible=true, active_stations=1
[2026-10-05 04:37:18.697] [info] [candidate.cpp:199] InstancePrecompute: built 50 candidates
[2026-10-05 04:37:18.697] [info] [stationary.cpp:264] NN: cost=402.713363, feasible=true, active_stations=2
[2026-10-05 04:37:18.697] [info] [candidate.cpp:199] InstancePrecompute: built 25 candidates
[2026-10-05 04:37:18.697] [info] [stationary.cpp:264] NN: cost=317.029669, feasible=true, active_stations=1
[2026-10-05 04:37:18.697] [info] [candidate.cpp:199] InstancePrecompute: built 25 candidates
[2026-10-05 04:37:18.697] [info] [stationary.cpp:264] NN: cost=158.514835, feasible=true, active_stations=1
[2026-10-05 04:37:18.697] [info] [candidate.cpp:199] InstancePrecompute: built 25 candidates
[2026-10-05 04:37:18.697] [info] [stationary.cpp:264] NN: cost=222.777605, feasible=true, active_stations=1
[2026-10-05 04:37:18.697] [info] [candidate.cpp:199] InstancePrecompute: built 25 candidates
[2026-10-05 04:37:18.697] [info] [stationary.cpp:264] NN: cost=158.514835, feasible=true, active_stations=1
[2026-10-05 04:37:18.697] [info] [candidate.cpp:199] InstancePrecompute: built 25 candidates
[2026-10-05 04:37:18.697] [info] [stationary.cpp:264] NN: cost=171.367389, feasible=true, active_stations=1
[2026-10-05 04:37:18.697] [info] [candidate.cpp:199] InstancePrecompute: built 25 candidates
[2026-10-05 04:37:18.697] [info] [stationary.cpp:264] NN: cost=175.651573, feasible=true, active_stations=1
[2026-10-05 04:37:18.697] [info] [candidate.cpp:199] InstancePrecompute: built 25 candidates
[2026-10-05 04:37:18.697] [info] [stationary.cpp:264] NN: cost=214.209236, feasible=true, active_stations=1
[2026-10-05 04:37:18.697] [info] [candidate.cpp:199] InstancePrecompute: built 25 candidates
[2026-10-05 04:37:18.697] [info] [stationary.cpp:264] NN: cost=222.777605, feasible=true, active_stations=1
[2026-10-05 04:37:18.697] [info] [candidate.cpp:199] InstancePrecompute: built 25 candidates
[2026-10-05 04:37:18.697] [info] [stationary.cpp:264] NN: cost=381.292440, feasible=true, active_stations=1
[2026-10-05 04:37:18.697] [info] [candidate.cpp:199] InstancePrecompute: built 25 candidates
[2026-10-05 04:37:18.697] [info] [stationary.cpp:264] NN: cost=381.292440, feasible=true, active_stations=1
[2026-10-05 04:37:18.697] [info] [candidate.cpp:199] InstancePrecompute: built 25 candidates
[2026-10-05 04:37:18.697] [info] [stationary.cpp:264] NN: cost=312.745484, feasible=true, active_stations=1
[2026-10-05 04:37:18.697] [info] [candidate.cpp:199] InstancePrecompute: built 50 candidates
[2026-10-05 04:37:18.697] [info] [stationary.cpp:264] NN: cost=402.713363, feasible=true, active_stations=2
[2026-10-05 04:37:18.697] [info] [candidate.cpp:199] InstancePrecompute: built 25 candidates
[2026-10-05 04:37:18.697] [info] [stationary.cpp:264] NN: cost=317.029669, feasible=true, active_stations=1
[2026-10-05 04:37:18.697] [info] [candidate.cpp:199] InstancePrecompute: built 25 candidates
[2026-10-05 04:37:18.697] [info] [stationary.cpp:264] NN: cost=158.514835, feasible=true, active_stations=1
[2026-10-05 04:37:18.697] [info] [candidate.cpp:199] InstancePrecompute: built 25 candidates
[2026-10-05 04:37:18.697] [info] [stationary.cpp:264] NN: cost=222.777605, feasible=true, active_stations=1
[2026-10-05 04:37:18.697] [info] [candidate.cpp:199] InstancePrecompute: built 25 candidates
[2026-10-05 04:37:18.697] [info] [stationary.cpp:264] NN: cost=158.514835, feasible=true, active_stations=1
[2026-10-05 04:37:18.697] [info] [candidate.cpp:199] InstancePrecompute: built 25 candidates
[2026-10-05 04:37:18.697] [info] [stationary.cpp:264] NN: cost=171.367389, feasible=true, active_stations=1
[2026-10-05 04:37:18.697] [info] [candidate.cpp:199] InstancePrecompute: built 25 candidates
[2026-10-05 04:37:18.697] [info] [stationary.cpp:264] NN: cost=175.651573, feasible=true, active_stations=1
[2026-10-05 04:37:18.697] [info] [candidate.cpp:199] InstancePrecompute: built 25 candidates
[2026-10-05 04:37:18.697] [info] [stationary.cpp:264] NN: cost=214.209236, feasible=true, active_stations=1
[2026-10-05 04:37:18.697] [info] [candidate.cpp:199] InstancePrecompute: built 25 candidates
[2026-10-05 04:37:18.697] [info] [stationary.cpp:264] NN: cost=222.777605, feasible=true, active_stations=1
[2026-10-05 04:37:18.697] [info] [candidate.cpp:199] InstancePrecompute: built 25 candidates
[2026-10-05 04:37:18.697] [info] [stationary.cpp:264] NN: cost=381.292440, feasible=true, active_stations=1
[2026-10-05 04:37:18.697] [info] [candidate.cpp:199] InstancePrecompute: built 25 candidates
[2026-10-05 04:37:18.697] [info] [stationary.cpp:264] NN: cost=381.292440, feasible=true, active_stations=1
[2026-10-05 04:37:18.697] [info] [candidate.cpp:199] InstancePrecompute: built 25 candidates
[2026-10-05 04:37:18.697] [info] [stationary.cpp:264] NN: cost=312.745484, feasible=true, active_stations=1
[2026-10-05 04:37:18.697] [info] [candidate.cpp:199] InstancePrecompute: built 25 candidates
[2026-10-05 04:37:18.697] [info] [stationary.cpp:264] NN: cost=248.482714, feasible=true, active_stations=1
[2026-10-05 04:37:18.697] [info] [candidate.cpp:199] InstancePrecompute: built 25 candidates
[2026-10-05 04:37:18.697] [info] [stationary.cpp:264] NN: cost=158.514835, feasible=true, active_stations=1
[2026-10-05 04:37:18.697] [info] [candidate.cpp:199] InstancePrecompute: built 25 candidates
[2026-10-05 04:37:18.697] [info] [stationary.cpp:264] NN: cost=154.230650, feasible=true, active_stations=1
[2026-10-05 04:37:18.697] [info] [candidate.cpp:199] InstancePrecompute: built 25 candidates
[2026-10-05 04:37:18.697] [info] [stationary.cpp:264] NN: cost=317.029669, feasible=true, active_stations=1
[2026-10-05 04:37:18.697] [info] [candidate.cpp:199] InstancePrecompute: built 25 candidates
[2026-10-05 04:37:18.697] [info] [stationary.cpp:264] NN: cost=222.777605, feasible=true, active_stations=1
[2026-10-05 04:37:18.697] [info] [candidate.cpp:199] InstancePrecompute: built 25 candidates
[2026-10-05 04:37:18.697] [info] [stationary.cpp:264] NN: cost=158.514835, feasible=true, active_stations=1
[2026-10-05 04:37:18.697] [info] [candidate.cpp:199] InstancePrecompute: built 25 candidates
[2026-10-05 04:37:18.697] [info] [stationary.cpp:264] NN: cost=171.367389, feasible=true, active_stations=1
[2026-10-05 04:37:18.697] [info] [candidate.cpp:199] InstancePrecompute: built 25 candidates
[2026-10-05 04:37:18.697] [info] [stationary.cpp:264] NN: cost=175.651573, feasible=true, active_stations=1
[2026-10-05 04:37:18.697] [info] [candidate.cpp:199] InstancePrecompute: built 25 candidates
[2026-10-05 04:37:18.697] [info] [stationary.cpp:264] NN: cost=222.777605, feasible=true, active_stations=1
[2026-10-05 04:37:18.697] [info] [candidate.cpp:199] InstancePrecompute: built 25 candidates
[2026-10-05 04:37:18.697] [info] [stationary.cpp:264] NN: cost=214.209236, feasible=true, active_stations=1
[2026-10-05 04:37:18.697] [info] [candidate.cpp:199] InstancePrecompute: built 25 candidates
[2026-10-05 04:37:18.697] [info] [stationary.cpp:264] NN: cost=381.292440, feasible=true, active_stations=1
[2026-10-05 04:37:18.697] [info] [candidate.cpp:199] InstancePrecompute: built 25 candidates
[2026-10-05 04:37:18.697] [info] [stationary.cpp:264] NN: cost=381.292440, feasible=true, active_stations=1
[2026-10-05 04:37:18.697] [info] [candidate.cpp:199] InstancePrecompute: built 25 candidates
[2026-10-05 04:37:18.697] [info] [stationary.cpp:264] NN: cost=312.745484, feasible=true, active_stations=1
[2026-10-05 04:37:18.697] [info] [candidate.cpp:199] InstancePrecompute: built 25 candidates
[2026-10-05 04:37:18.697] [info] [stationary.cpp:264] NN: cost=248.482714, feasible=true, active_stations=1
[2026-10-05 04:37:18.697] [info] [candidate.cpp:199] InstancePrecompute: built 25 candidates
[2026-10-05 04:37:18.697] [info] [stationary.cpp:264] NN: cost=158.514835, feasible=true, active_stations=1
[2026-10-05 04:37:18.697] [info] [candidate.cpp:199] InstancePrecompute: built 25 candidates
[2026-10-05 04:37:18.697] [info] [stationary.cpp:264] NN: cost=154.230650, feasible=true, active_stations=1
[2026-10-05 04:37:18.697] [info] [candidate.cpp:199] InstancePrecompute: built 50 candidates
[2026-10-05 04:37:18.697] [info] [stationary.cpp:264] NN: cost=539.807274, feasible=true, active_stations=2
[2026-10-05 04:37:18.697] [info] [candidate.cpp:199] InstancePrecompute: built 25 candidates
[2026-10-05 04:37:18.697] [info] [stationary.cpp:264] NN: cost=158.514835, feasible=true, active_stations=1
[2026-10-05 04:37:18.697] [info] [candidate.cpp:199] InstancePrecompute: built 25 candidates
[2026-10-05 04:37:18.697] [info] [stationary.cpp:264] NN: cost=171.367389, feasible=true, active_stations=1
[2026-10-05 04:37:18.697] [info] [candidate.cpp:199] InstancePrecompute: built 25 candidates
[2026-10-05 04:37:18.697] [info] [stationary.cpp:264] NN: cost=175.651573, feasible=true, active_stations=1
[2026-10-05 04:37:18.697] [info] [candidate.cpp:199] InstancePrecompute: built 25 candidates
[2026-10-05 04:37:18.697] [info] [stationary.cpp:264] NN: cost=222.777605, feasible=true, active_stations=1
[2026-10-05 04:37:18.697] [info] [candidate.cpp:199] InstancePrecompute: built 25 candidates
[2026-10-05 04:37:18.697] [info] [stationary.cpp:264] NN: cost=214.209236, feasible=true, active_stations=1
[2026-10-05 04:37:18.697] [info] [candidate.cpp:199] InstancePrecompute: built 25 candidates
[2026-10-05 04:37:18.697] [info] [stationary.cpp:264] NN: cost=381.292440, feasible=true, active_stations=1
[2026-10-05 04:37:18.697] [info] [candidate.cpp:199] InstancePrecompute: built 25 candidates
[2026-10-05 04:37:18.697] [info] [stationary.cpp:264] NN: cost=381.292440, feasible=true, active_stations=1
[2026-10-05 04:37:18.697] [info] [candidate.cpp:199] InstancePrecompute: built 25 candidates
[2026-10-05 04:37:18.697] [info] [stationary.cpp:264] NN: cost=312.745484, feasible=true, active_stations=1
[2026-10-05 04:37:18.697] [info] [candidate.cpp:199] InstancePrecompute: built 25 candidates
[2026-10-05 04:37:18.697] [info] [stationary.cpp:264] NN: cost=248.482714, feasible=true, active_stations=1
[2026-10-05 04:37:18.697] [info] [candidate.cpp:199] InstancePrecompute: built 25 candidates
[2026-10-05 04:37:18.697] [info] [stationary.cpp:264] NN: cost=158.514835, feasible=true, active_stations=1
[2026-10-05 04:37:18.697] [info] [candidate.cpp:199] InstancePrecompute: built 25 candidates
[2026-10-05 04:37:18.697] [info] [stationary.cpp:264] NN: cost=154.230650, feasible=true, active_stations=1
[2026-10-05 04:37:18.697] [info] [candidate.cpp:199] InstancePrecompute: built 50 candidates
[2026-10-05 04:37:18.697] [info] [stationary.cpp:264] NN: cost=539.807274, feasible=true, active_stations=2
[2026-10-05 04:37:18.697] [info] [candidate.cpp:199] InstancePrecompute: built 25 candidates
[2026-10-05 04:37:18.697] [info] [stationary.cpp:264] NN: cost=158.514835, feasible=true, active_stations=1
[2026-10-05 04:37:18.697] [info] [candidate.cpp:199] InstancePrecompute: built 25 candidates
[2026-10-05 04:37:18.697] [info] [stationary.cpp:264] NN: cost=171.367389, feasible=true, active_stations=1
[2026-10-05 04:37:18.697] [info] [candidate.cpp:199] InstancePrecompute: built 25 candidates
[2026-10-05 04:37:18.697] [info] [stationary.cpp:264] NN: cost=175.651573, feasible=true, active_stations=1
[2026-10-05 04:37:18.697] [info] [candidate.cpp:199] InstancePrecompute: built 25 candidates
[2026-10-05 04:37:18.697] [info] [stationary.cpp:264] NN: cost=222.777605, feasible=true, active_stations=1
[2026-10-05 04:37:18.697] [info] [candidate.cpp:199] InstancePrecompute: built 25 candidates
[2026-10-05 04:37:18.697] [info] [stationary.cpp:264] NN: cost=214.209236, feasible=true, active_stations=1
[2026-10-05 04:37:18.697] [info] [candidate.cpp:199] InstancePrecompute: built 25 candidates
[2026-10-05 04:37:18.697] [info] [stationary.cpp:264] NN: cost=381.292440, feasible=true, active_stations=1
[2026-10-05 04:37:18.697] [info] [candidate.cpp:199] InstancePrecompute: built 25 candidates
[2026-10-05 04:37:18.697] [info] [stationary.cpp:264] NN: cost=381.292440, feasible=true, active_stations=1
[2026-10-05 04:37:18.697] [info] [candidate.cpp:199] InstancePrecompute: built 25 candidates
[2026-10-05 04:37:18.697] [info] [stationary.cpp:264] NN: cost=312.745484, feasible=true, active_stations=1
[2026-10-05 04:37:18.697] [info] [candidate.cpp:199] InstancePrecompute: built 25 candidates
[2026-10-05 04:37:18.697] [info] [stationary.cpp:264] NN: cost=248.482714, feasible=true, active_stations=1
[2026-10-05 04:37:18.697] [info] [candidate.cpp:199] InstancePrecompute: built 25 candidates
[2026-10-05 04:37:18.697] [info] [stationary.cpp:264] NN: cost=158.514835, feasible=true, active_stations=1
[2026-10-05 04:37:18.697] [info] [candidate.cpp:199] InstancePrecompute: built 25 candidates
[2026-10-05 04:37:18.697] [info] [stationary.cpp:264] NN: cost=154.230650, feasible=true, active_stations=1
[2026-10-05 04:37:18.697] [info] [candidate.cpp:199] InstancePrecompute: built 25 candidates
[2026-10-05 04:37:18.697] [info] [stationary.cpp:264] NN: cost=317.029669, feasible=true, active_stations=1
[2026-10-05 04:37:18.697] [info] [candidate.cpp:199] InstancePrecompute: built 25 candidates
[2026-10-05 04:37:18.697] [info] [stationary.cpp:264] NN: cost=222.777605, feasible=true, active_stations=1
[2026-10-05 04:37:18.697] [info] [candidate.cpp:199] InstancePrecompute: built 25 candidates
[2026-10-05 04:37:18.697] [info] [stationary.cpp:264] NN: cost=158.514835, feasible=true, active_stations=1
[2026-10-05 04:37:18.697] [info] [candidate.cpp:199] InstancePrecompute: built 25 candidates
[2026-10-05 04:37:18.697] [info] [stationary.cpp:264] NN: cost=171.367389, feasible=true, active_stations=1
[2026-10-05 04:37:18.697] [info] [candidate.cpp:199] InstancePrecompute: built 25 candidates
[2026-10-05 04:37:18.697] [info] [stationary.cpp:264] NN: cost=175.651573, feasible=true, active_stations=1
[2026-10-05 04:37:18.697] [info] [candidate.cpp:199] InstancePrecompute: built 25 candidates
[2026-10-05 04:37:18.697] [info] [stationary.cpp:264] NN: cost=222.777605, feasible=true, active_stations=1
[2026-10-05 04:37:18.697] [info] [candidate.cpp:199] InstancePrecompute: built 25 candidates
[2026-10-05 04:37:18.697] [info] [stationary.cpp:264] NN: cost=214.209236, feasible=true, active_stations=1
[2026-10-05 04:37:18.697] [info] [candidate.cpp:199] InstancePrecompute: built 25 candidates
[2026-10-05 04:37:18.697] [info] [stationary.cpp:264] NN: cost=381.292440, feasible=true, active_stations=1
[2026-10-05 04:37:18.697] [info] [candidate.cpp:199] InstancePrecompute: built 25 candidates
[2026-10-05 04:37:18.697] [info] [stationary.cpp:264] NN: cost=381.292440, feasible=true, active_stations=1
[2026-10-05 04:37:18.697] [info] [candidate.cpp:199] InstancePrecompute: built 25 candidates
[2026-10-05 04:37:18.697] [info] [stationary.cpp:264] NN: cost=312.745484, feasible=true, active_stations=1
[2026-10-05 04:37:18.697] [info] [candidate.cpp:199] InstancePrecompute: built 25 candidates
[2026-10-05 04:37:18.697] [info] [stationary.cpp:264] NN: cost=248.482714, feasible=true, active_stations=1
[2026-10-05 04:37:18.697] [info] [candidate.cpp:199] InstancePrecompute: built 25 candidates
[2026-10-05 04:37:18.697] [info] [stationary.cpp:264] NN: cost=158.514835, feasible=true, active_stations=1
[2026-10-05 04:37:18.697] [info] [candidate.cpp:199] InstancePrecompute: built 25 candidates
[2026-10-05 04:37:18.697] [info] [stationary.cpp:264] NN: cost=154.230650, feasible=true, active_stations=1
[2026-10-05 04:37:18.697] [info] [candidate.cpp:199] InstancePrecompute: built 25 candidates
[2026-10-05 04:37:18.697] [info] [stationary.cpp:264] NN: cost=317.029669, feasible=true, active_stations=1
[2026-10-05 04:37:18.697] [info] [candidate.cpp:199] InstancePrecompute: built 25 candidates
[2026-10-05 04:37:18.697] [info] [stationary.cpp:264] NN: cost=222.777605, feasible=true, active_stations=1
[2026-10-05 04:37:18.697] [info] [candidate.cpp:199] InstancePrecompute: built 25 candidates
[2026-10-05 04:37:18.697] [info] [stationary.cpp:264] NN: cost=158.514835, feasible=true, active_stations=1
[2026-10-05 04:37:18.697] [info] [candidate.cpp:199] InstancePrecompute: built 25 candidates
[2026-10-05 04:37:18.697] [info] [stationary.cpp:264] NN: cost=171.367389, feasible=true, active_stations=1
[2026-10-05 04:37:18.697] [info] [candidate.cpp:199] InstancePrecompute: built 25 candidates
[2026-10-05 04:37:18.697] [info] [stationary.cpp:264] NN: cost=175.651573, feasible=true, active_stations=1
[2026-10-05 04:37:18.697] [info] [candidate.cpp:199] InstancePrecompute: built 50 candidates
[2026-10-05 04:37:18.697] [info] [stationary.cpp:264] NN: cost=436.986841, feasible=true, active_stations=2
[2026-10-05 04:37:18.697] [info] [candidate.cpp:199] InstancePrecompute: built 25 candidates
[2026-10-05 04:37:18.697] [info] [stationary.cpp:264] NN: cost=381.292440, feasible=true, active_stations=1
[2026-10-05 04:37:18.697] [info] [candidate.cpp:199] InstancePrecompute: built 25 candidates
[2026-10-05 04:37:18.697] [info] [stationary.cpp:264] NN: cost=381.292440, feasible=true, active_stations=1
[2026-10-05 04:37:18.697] [info] [candidate.cpp:199] InstancePrecompute: built 25 candidates
[2026-10-05 04:37:18.697] [info] [stationary.cpp:264] NN: cost=312.745484, feasible=true, active_stations=1
[2026-10-05 04:37:18.697] [info] [candidate.cpp:199] InstancePrecompute: built 25 candidates
[2026-10-05 04:37:18.697] [info] [stationary.cpp:264] NN: cost=248.482714, feasible=true, active_stations=1
[2026-10-05 04:37:18.697] [info] [candidate.cpp:199] InstancePrecompute: built 25 candidates
[2026-10-05 04:37:18.697] [info] [stationary.cpp:264] NN: cost=158.514835, feasible=true, active_stations=1
[2026-10-05 04:37:18.697] [info] [candidate.cpp:199] InstancePrecompute: built 25 candidates
[2026-10-05 04:37:18.697] [info] [stationary.cpp:264] NN: cost=154.230650, feasible=true, active_stations=1
[2026-10-05 04:37:18.697] [info] [candidate.cpp:199] InstancePrecompute: built 25 candidates
[2026-10-05 04:37:18.697] [info] [stationary.cpp:264] NN: cost=317.029669, feasible=true, active_stations=1
[2026-10-05 04:37:18.697] [info] [candidate.cpp:199] InstancePrecompute: built 25 candidates
[2026-10-05 04:37:18.697] [info] [stationary.cpp:264] NN: cost=222.777605, feasible=true, active_stations=1
[2026-10-05 04:37:18.697] [info] [candidate.cpp:199] InstancePrecompute: built 25 candidates
[2026-10-05 04:37:18.697] [info] [stationary.cpp:264] NN: cost=158.514835, feasible=true, active_stations=1
[2026-10-05 04:37:18.697] [info] [candidate.cpp:199] InstancePrecompute: built 25 candidates
[2026-10-05 04:37:18.697] [info] [stationary.cpp:264] NN: cost=171.367389, feasible=true, active_stations=1
[2026-10-05 04:37:18.697] [info] [candidate.cpp:199] InstancePrecompute: built 25 candidates
[2026-10-05 04:37:18.697] [info] [stationary.cpp:264] NN: cost=175.651573, feasible=true, active_stations=1
[2026-10-05 04:37:18.697] [info] [candidate.cpp:199] InstancePrecompute: built 25 candidates
[2026-10-05 04:37:18.697] [info] [stationary.cpp:264] NN: cost=222.777605, feasible=true, active_stations=1
[2026-10-05 04:37:18.697] [info] [candidate.cpp:199] InstancePrecompute: built 25 candidates
[2026-10-05 04:37:18.697] [info] [stationary.cpp:264] NN: cost=214.209236, feasible=true, active_stations=1
[2026-10-05 04:37:18.697] [info] [candidate.cpp:199] InstancePrecompute: built 25 candidates
[2026-10-05 04:37:18.697] [info] [stationary.cpp:264] NN: cost=381.292440, feasible=true, active_stations=1
[2026-10-05 04:37:18.697] [info] [candidate.cpp:199] InstancePrecompute: built 25 candidates
[2026-10-05 04:37:18.697] [info] [stationary.cpp:264] NN: cost=381.292440, feasible=true, active_stations=1
[2026-10-05 04:37:18.697] [info] [candidate.cpp:199] InstancePrecompute: built 25 candidates
[2026-10-05 04:37:18.697] [info] [stationary.cpp:264] NN: cost=312.745484, feasible=true, active_stations=1
[2026-10-05 04:37:18.697] [info] [candidate.cpp:199] InstancePrecompute: built 25 candidates
[2026-10-05 04:37:18.697] [info] [stationary.cpp:264] NN: cost=248.482714, feasible=true, active_stations=1
[2026-10-05 04:37:18.697] [info] [candidate.cpp:199] InstancePrecompute: built 25 candidates
[2026-10-05 04:37:18.697] [info] [stationary.cpp:264] NN: cost=158.514835, feasible=true, active_stations=1
[2026-10-05 04:37:18.697] [info] [candidate.cpp:199] InstancePrecompute: built 25 candidates
[2026-10-05 04:37:18.697] [info] [stationary.cpp:264] NN: cost=154.230650, feasible=true, active_stations=1
[2026-10-05 04:37:18.697] [info] [candidate.cpp:199] InstancePrecompute: built 50 candidates
[2026-10-05 04:37:18.697] [info] [stationary.cpp:264] NN: cost=539.807274, feasible=true, active_stations=2
[2026-10-05 04:37:18.697] [info] [candidate.cpp:199] InstancePrecompute: built 25 candidates
[2026-10-05 04:37:18.697] [info] [stationary.cpp:264] NN: cost=158.514835, feasible=true, active_stations=1
[2026-10-05 04:37:18.697] [info] [candidate.cpp:199] InstancePrecompute: built 25 candidates
[2026-10-05 04:37:18.697] [info] [stationary.cpp:264] NN: cost=171.367389, feasible=true, active_stations=1
[2026-10-05 04:37:18.697] [info] [candidate.cpp:199] InstancePrecompute: built 25 candidates
[2026-10-05 04:37:18.697] [info] [stationary.cpp:264] NN: cost=175.651573, feasible=true, active_stations=1
[2026-10-05 04:37:18.697] [info] [candidate.cpp:199] InstancePrecompute: built 25 candidates
[2026-10-05 04:37:18.697] [info] [stationary.cpp:264] NN: cost=222.777605, feasible=true, active_stations=1
[2026-10-05 04:37:18.697] [info] [candidate.cpp:199] InstancePrecompute: built 25 candidates
[2026-10-05 04:37:18.697] [info] [stationary.cpp:264] NN: cost=214.209236, feasible=true, active_stations=1
[2026-10-05 04:37:18.697] [info] [candidate.cpp:199] InstancePrecompute: built 25 candidates
[2026-10-05 04:37:18.697] [info] [stationary.cpp:264] NN: cost=381.292440, feasible=true, active_stations=1
[2026-10-05 04:37:18.697] [info] [candidate.cpp:199] InstancePrecompute: built 25 candidates
[2026-10-05 04:37:18.697] [info] [stationary.cpp:264] NN: cost=381.292440, feasible=true, active_stations=1
[2026-10-05 04:37:18.697] [info] [candidate.cpp:199] InstancePrecompute: built 25 candidates
[2026-10-05 04:37:18.697] [info] [stationary.cpp:264] NN: cost=312.745484, feasible=true, active_stations=1
[2026-10-05 04:37:18.697] [info] [candidate.cpp:199] InstancePrecompute: built 25 candidates
[2026-10-05 04:37:18.697] [info] [stationary.cpp:264] NN: cost=248.482714, feasible=true, active_stations=1
[2026-10-05 04:37:18.697] [info] [candidate.cpp:199] InstancePrecompute: built 25 candidates
[2026-10-05 04:37:18.698] [info] [stationary.cpp:264] NN: cost=158.514835, feasible=true, active_stations=1
[2026-10-05 04:37:18.698] [info] [candidate.cpp:199] InstancePrecompute: built 25 candidates
[2026-10-05 04:37:18.698] [info] [stationary.cpp:264] NN: cost=154.230650, feasible=true, active_stations=1
[2026-10-05 04:37:18.698] [info] [candidate.cpp:199] InstancePrecompute: built 50 candidates
[2026-10-05 04:37:18.698] [info] [stationary.cpp:264] NN: cost=539.807274, feasible=true, active_stations=2
[2026-10-05 04:37:18.698] [info] [candidate.cpp:199] InstancePrecompute: built 25 candidates
[2026-10-05 04:37:18.698] [info] [stationary.cpp:264] NN: cost=158.514835, feasible=true, active_stations=1
[2026-10-05 04:37:18.698] [info] [candidate.cpp:199] InstancePrecompute: built 25 candidates
[2026-10-05 04:37:18.698] [info] [stationary.cpp:264] NN: cost=171.367389, feasible=true, active_stations=1
[2026-10-05 04:37:18.698] [info] [candidate.cpp:199] InstancePrecompute: built 25 candidates
[2026-10-05 04:37:18.698] [info] [stationary.cpp:264] NN: cost=175.651573, feasible=true, active_stations=1
[2026-10-05 04:37:18.698] [info] [candidate.cpp:199] InstancePrecompute: built 25 candidates
[2026-10-05 04:37:18.698] [info] [stationary.cpp:264] NN: cost=222.777605, feasible=true, active_stations=1
[2026-10-05 04:37:18.698] [info] [candidate.cpp:199] InstancePrecompute: built 25 candidates
[2026-10-05 04:37:18.698] [info] [stationary.cpp:264] NN: cost=214.209236, feasible=true, active_stations=1
[2026-10-05 04:37:18.698] [info] [candidate.cpp:199] InstancePrecompute: built 25 candidates
[2026-10-05 04:37:18.698] [info] [stationary.cpp:264] NN: cost=381.292440, feasible=true, active_stations=1
[2026-10-05 04:37:18.698] [info] [candidate.cpp:199] InstancePrecompute: built 25 candidates
[2026-10-05 04:37:18.698] [info] [stationary.cpp:264] NN: cost=381.292440, feasible=true, active_stations=1
[2026-10-05 04:37:18.698] [info] [candidate.cpp:199] InstancePrecompute: built 25 candidates
[2026-10-05 04:37:18.698] [info] [stationary.cpp:264] NN: cost=312.745484, feasible=true, active_stations=1
[2026-10-05 04:37:18.698] [info] [candidate.cpp:199] InstancePrecompute: built 25 candidates
[2026-10-05 04:37:18.698] [info] [stationary.cpp:264] NN: cost=248.482714, feasible=true, active_stations=1
[2026-10-05 04:37:18.698] [info] [candidate.cpp:199] InstancePrecompute: built 25 candidates
[2026-10-05 04:37:18.698] [info] [stationary.cpp:264] NN: cost=158.514835, feasible=true, active_stations=1
[2026-10-05 04:37:18.698] [info] [candidate.cpp:199] InstancePrecompute: built 25 candidates
[2026-10-05 04:37:18.698] [info] [stationary.cpp:264] NN: cost=154.230650, feasible=true, active_stations=1
[2026-10-05 04:37:18.698] [info] [candidate.cpp:199] InstancePrecompute: built 25 candidates
[2026-10-05 04:37:18.698] [info] [stationary.cpp:264] NN: cost=317.029669, feasible=true, active_stations=1
[2026-10-05 04:37:18.698] [info] [candidate.cpp:199] InstancePrecompute: built 25 candidates
[2026-10-05 04:37:18.698] [info] [stationary.cpp:264] NN: cost=222.777605, feasible=true, active_stations=1
[2026-10-05 04:37:18.698] [info] [candidate.cpp:199] InstancePrecompute: built 25 candidates
[2026-10-05 04:37:18.698] [info] [stationary.cpp:264] NN: cost=158.514835, feasible=true, active_stations=1
[2026-10-05 04:37:18.698] [info] [candidate.cpp:199] InstancePrecompute: built 25 candidates
[2026-10-05 04:37:18.698] [info] [stationary.cpp:264] NN: cost=171.367389, feasible=true, active_stations=1
[2026-10-05 04:37:18.698] [info] [candidate.cpp:199] InstancePrecompute: built 25 candidates
[2026-10-05 04:37:18.698] [info] [stationary.cpp:264] NN: cost=175.651573, feasible=true, active_stations=1
[2026-10-05 04:37:18.698] [info] [candidate.cpp:199] InstancePrecompute: built 25 candidates
[2026-10-05 04:37:18.698] [info] [stationary.cpp:264] NN: cost=222.777605, feasible=true, active_stations=1
[2026-10-05 04:37:18.698] [info] [candidate.cpp:199] InstancePrecompute: built 25 candidates
[2026-10-05 04:37:18.698] [info] [stationary.cpp:264] NN: cost=214.209236, feasible=true, active_stations=1
[2026-10-05 04:37:18.698] [info] [candidate.cpp:199] InstancePrecompute: built 25 candidates
[2026-10-05 04:37:18.698] [info] [stationary.cpp:264] NN: cost=381.292440, feasible=true, active_stations=1
[2026-10-05 04:37:18.698] [info] [candidate.cpp:199] InstancePrecompute: built 25 candidates
[2026-10-05 04:37:18.698] [info] [stationary.cpp:264] NN: cost=381.292440, feasible=true, active_stations=1
[2026-10-05 04:37:18.698] [info] [candidate.cpp:199] InstancePrecompute: built 25 candidates
[2026-10-05 04:37:18.698] [info] [stationary.cpp:264] NN: cost=312.745484, feasible=true, active_stations=1
[2026-10-05 04:37:18.698] [info] [candidate.cpp:199] InstancePrecompute: built 25 candidates
[2026-10-05 04:37:18.698] [info] [stationary.cpp:264] NN: cost=248.482714, feasible=true, active_stations=1
[2026-10-05 04:37:18.698] [info] [candidate.cpp:199] InstancePrecompute: built 25 candidates
[2026-10-05 04:37:18.698] [info] [stationary.cpp:264] NN: cost=158.514835, feasible=true, active_stations=1
[2026-10-05 04:37:18.698] [info] [candidate.cpp:199] InstancePrecompute: built 25 candidates
[2026-10-05 04:37:18.698] [info] [stationary.cpp:264] NN: cost=154.230650, feasible=true, active_stations=1
[2026-10-05 04:37:18.698] [info] [candidate.cpp:199] InstancePrecompute: built 25 candidates
[2026-10-05 04:37:18.698] [info] [stationary.cpp:264] NN: cost=317.029669, feasible=true, active_stations=1
[2026-10-05 04:37:18.698] [info] [candidate.cpp:199] InstancePrecompute: built 25 candidates
[2026-10-05 04:37:18.698] [info] [stationary.cpp:264] NN: cost=222.777605, feasible=true, active_stations=1
[2026-10-05 04:37:18.698] [info] [candidate.cpp:199] InstancePrecompute: built 25 candidates
[2026-10-05 04:37:18.698] [info] [stationary.cpp:264] NN: cost=158.514835, feasible=true, active_stations=1
[2026-10-05 04:37:18.698] [info] [candidate.cpp:199] InstancePrecompute: built 25 candidates
[2026-10-05 04:37:18.698] [info] [stationary.cpp:264] NN: cost=171.367389, feasible=true, active_stations=1
[2026-10-05 04:37:18.698] [info] [candidate.cpp:199] InstancePrecompute: built 25 candidates
[2026-10-05 04:37:18.698] [info] [stationary.cpp:264] NN: cost=175.651573, feasible=true, active_stations=1
[2026-10-05 04:37:18.698] [info] [candidate.cpp:199] InstancePrecompute: built 50 candidates
[2026-10-05 04:37:18.698] [info] [stationary.cpp:264] NN: cost=436.986841, feasible=true, active_stations=2
[2026-10-05 04:37:18.698] [info] [candidate.cpp:199] InstancePrecompute: built 25 candidates
[2026-10-05 04:37:18.698] [info] [stationary.cpp:264] NN: cost=381.292440, feasible=true, active_stations=1
[2026-10-05 04:37:18.698] [info] [candidate.cpp:199] InstancePrecompute: built 25 candidates
[2026-10-05 04:37:18.698] [info] [stationary.cpp:264] NN: cost=381.292440, feasible=true, active_stations=1
[2026-10-05 04:37:18.698] [info] [candidate.cpp:199] InstancePrecompute: built 25 candidates
[2026-10-05 04:37:18.698] [info] [stationary.cpp:264] NN: cost=248.482714, feasible=true, active_stations=1
[2026-10-05 04:37:18.698] [info] [candidate.cpp:199] InstancePrecompute: built 25 candidates
[2026-10-05 04:37:18.698] [info] [stationary.cpp:264] NN: cost=158.514835, feasible=true, active_stations=1
[2026-10-05 04:37:18.698] [info] [candidate.cpp:199] InstancePrecompute: built 25 candidates
[2026-10-05 04:37:18.698] [info] [stationary.cpp:264] NN: cost=312.745484, feasible=true, active_stations=1
[2026-10-05 04:37:18.698] [info] [candidate.cpp:199] InstancePrecompute: built 25 candidates
[2026-10-05 04:37:18.698] [info] [stationary.cpp:264] NN: cost=154.230650, feasible=true, active_stations=1
[2026-10-05 04:37:18.698] [info] [candidate.cpp:199] InstancePrecompute: built 25 candidates
[2026-10-05 04:37:18.698] [info] [stationary.cpp:264] NN: cost=317.029669, feasible=true, active_stations=1
[2026-10-05 04:37:18.698] [info] [candidate.cpp:199] InstancePrecompute: built 25 candidates
[2026-10-05 04:37:18.698] [info] [stationary.cpp:264] NN: cost=158.514835, feasible=true, active_stations=1
[2026-10-05 04:37:18.698] [info] [candidate.cpp:199] InstancePrecompute: built 25 candidates
[2026-10-05 04:37:18.698] [info] [stationary.cpp:264] NN: cost=222.777605, feasible=true, active_stations=1
[2026-10-05 04:37:18.698] [info] [candidate.cpp:199] InstancePrecompute: built 25 candidates
[2026-10-05 04:37:18.698] [info] [stationary.cpp:264] NN: cost=171.367389, feasible=true, active_stations=1
[2026-10-05 04:37:18.698] [info] [candidate.cpp:199] InstancePrecompute: built 25 candidates
[2026-10-05 04:37:18.698] [info] [stationary.cpp:264] NN: cost=175.651573, feasible=true, active_stations=1
[2026-10-05 04:37:18.698] [info] [candidate.cpp:199] InstancePrecompute: built 25 candidates
[2026-10-05 04:37:18.698] [info] [stationary.cpp:264] NN: cost=222.777605, feasible=true, active_stations=1
[2026-10-05 04:37:18.698] [info] [candidate.cpp:199] InstancePrecompute: built 25 candidates
[2026-10-05 04:37:18.698] [info] [stationary.cpp:264] NN: cost=214.209236, feasible=true, active_stations=1
[2026-10-05 04:37:18.698] [info] [candidate.cpp:199] InstancePrecompute: built 25 candidates
[2026-10-05 04:37:18.698] [info] [stationary.cpp:264] NN: cost=381.292440, feasible=true, active_stations=1
[2026-10-05 04:37:18.698] [info] [candidate.cpp:199] InstancePrecompute: built 25 candidates
[2026-10-05 04:37:18.698] [info] [stationary.cpp:264] NN: cost=381.292440, feasible=true, active_stations=1
[2026-10-05 04:37:18.698] [info] [candidate.cpp:199] InstancePrecompute: built 25 candidates
[2026-10-05 04:37:18.698] [info] [stationary.cpp:264] NN: cost=248.482714, feasible=true, active_stations=1
[2026-10-05 04:37:18.698] [info] [candidate.cpp:199] InstancePrecompute: built 25 candidates
[2026-10-05 04:37:18.698] [info] [stationary.cpp:264] NN: cost=158.514835, feasible=true, active_stations=1
[2026-10-05 04:37:18.698] [info] [candidate.cpp:199] InstancePrecompute: built 25 candidates
[2026-10-05 04:37:18.698] [info] [stationary.cpp:264] NN: cost=312.745484, feasible=true, active_stations=1
[2026-10-05 04:37:18.698] [info] [candidate.cpp:199] InstancePrecompute: built 25 candidates
[2026-10-05 04:37:18.698] [info] [stationary.cpp:264] NN: cost=154.230650, feasible=true, active_stations=1
[2026-10-05 04:37:18.698] [info] [candidate.cpp:199] InstancePrecompute: built 25 candidates
[2026-10-05 04:37:18.698] [info] [stationary.cpp:264] NN: cost=317.029669, feasible=true, active_stations=1
[2026-10-05 04:37:18.698] [info] [candidate.cpp:199] InstancePrecompute: built 25 candidates
[2026-10-05 04:37:18.698] [info] [stationary.cpp:264] NN: cost=158.514835, feasible=true, active_stations=1
[2026-10-05 04:37:18.698] [info] [candidate.cpp:199] InstancePrecompute: built 25 candidates
[2026-10-05 04:37:18.698] [info] [stationary.cpp:264] NN: cost=222.777605, feasible=true, active_stations=1
[2026-10-05 04:37:18.698] [info] [candidate.cpp:199] InstancePrecompute: built 25 candidates
[2026-10-05 04:37:18.698] [info] [stationary.cpp:264] NN: cost=171.367389, feasible=true, active_stations=1
[2026-10-05 04:37:18.698] [info] [candidate.cpp:199] InstancePrecompute: built 25 candidates
[2026-10-05 04:37:18.698] [info] [stationary.cpp:264] NN: cost=175.651573, feasible=true, active_stations=1
[2026-10-05 04:37:18.698] [info] [candidate.cpp:199] InstancePrecompute: built 25 candidates
[2026-10-05 04:37:18.698] [info] [stationary.cpp:264] NN: cost=222.777605, feasible=true, active_stations=1
[2026-10-05 04:37:18.698] [info] [candidate.cpp:199] InstancePrecompute: built 25 candidates
[2026-10-05 04:37:18.698] [info] [stationary.cpp:264] NN: cost=214.209236, feasible=true, active_stations=1
[2026-10-05 04:37:18.698] [info] [candidate.cpp:199] InstancePrecompute: built 25 candidates
[2026-10-05 04:37:18.698] [info] [stationary.cpp:264] NN: cost=381.292440, feasible=true, active_stations=1
[2026-10-05 04:37:18.698] [info] [candidate.cpp:199] InstancePrecompute: built 25 candidates
[2026-10-05 04:37:18.698] [info] [stationary.cpp:264] NN: cost=381.292440, feasible=true, active_stations=1
[2026-10-05 04:37:18.698] [info] [candidate.cpp:199] InstancePrecompute: built 25 candidates
[2026-10-05 04:37:18.698] [info] [stationary.cpp:264] NN: cost=248.482714, feasible=true, active_stations=1
[2026-10-05 04:37:18.698] [info] [candidate.cpp:199] InstancePrecompute: built 25 candidates
[2026-10-05 04:37:18.698] [info] [stationary.cpp:264] NN: cost=158.514835, feasible=true, active_stations=1
[2026-10-05 04:37:18.698] [info] [candidate.cpp:199] InstancePrecompute: built 25 candidates
[2026-10-05 04:37:18.698] [info] [stationary.cpp:264] NN: cost=312.745484, feasible=true, active_stations=1
[2026-10-05 04:37:18.698] [info] [candidate.cpp:199] InstancePrecompute: built 25 candidates
[2026-10-05 04:37:18.698] [info] [stationary.cpp:264] NN: cost=154.230650, feasible=true, active_stations=1
[2026-10-05 04:37:18.698] [info] [candidate.cpp:199] InstancePrecompute: built 25 candidates
[2026-10-05 04:37:18.698] [info] [stationary.cpp:264] NN: cost=317.029669, feasible=true, active_stations=1
[2026-10-05 04:37:18.698] [info] [candidate.cpp:199] InstancePrecompute: built 25 candidates
[2026-10-05 04:37:18.698] [info] [stationary.cpp:264] NN: cost=158.514835, feasible=true, active_stations=1
[2026-10-05 04:37:18.698] [info] [candidate.cpp:199] InstancePrecompute: built 25 candidates
[2026-10-05 04:37:18.698] [info] [stationary.cpp:264] NN: cost=222.777605, feasible=true, active_stations=1
[2026-10-05 04:37:18.698] [info] [candidate.cpp:199] InstancePrecompute: built 25 candidates
[2026-10-05 04:37:18.698] [info] [stationary.cpp:264] NN: cost=171.367389, feasible=true, active_stations=1
[2026-10-05 04:37:18.698] [info] [candidate.cpp:199] InstancePrecompute: built 25 candidates
[2026-10-05 04:37:18.698] [info] [stationary.cpp:264] NN: cost=175.651573, feasible=true, active_stations=1
[2026-10-05 04:37:18.698] [info] [candidate.cpp:199] InstancePrecompute: built 25 candidates
[2026-10-05 04:37:18.698] [info] [stationary.cpp:264] NN: cost=222.777605, feasible=true, active_stations=1
[2026-10-05 04:37:18.698] [info] [candidate.cpp:199] InstancePrecompute: built 25 candidates
[2026-10-05 04:37:18.698] [info] [stationary.cpp:264] NN: cost=214.209236, feasible=true, active_stations=1
[2026-10-05 04:37:18.698] [info] [candidate.cpp:199] InstancePrecompute: built 25 candidates
[2026-10-05 04:37:18.698] [info] [stationary.cpp:264] NN: cost=381.292440, feasible=true, active_stations=1
[2026-10-05 04:37:18.698] [info] [candidate.cpp:199] InstancePrecompute: built 25 candidates
[2026-10-05 04:37:18.698] [info] [stationary.cpp:264] NN: cost=381.292440, feasible=true, active_stations=1
[2026-10-05 04:37:18.698] [info] [candidate.cpp:199] InstancePrecompute: built 25 candidates
[2026-10-05 04:37:18.698] [info] [stationary.cpp:264] NN: cost=248.482714, feasible=true, active_stations=1
[2026-10-05 04:37:18.698] [info] [candidate.cpp:199] InstancePrecompute: built 25 candidates
[2026-10-05 04:37:18.698] [info] [stationary.cpp:264] NN: cost=158.514835, feasible=true, active_stations=1
[2026-10-05 04:37:18.698] [info] [candidate.cpp:199] InstancePrecompute: built 25 candidates
[2026-10-05 04:37:18.698] [info] [stationary.cpp:264] NN: cost=312.745484, feasible=true, active_stations=1
[2026-10-05 04:37:18.698] [info] [candidate.cpp:199] InstancePrecompute: built 25 candidates
[2026-10-05 04:37:18.698] [info] [stationary.cpp:264] NN: cost=154.230650, feasible=true, active_stations=1
[2026-10-05 04:37:18.698] [info] [candidate.cpp:199] InstancePrecompute: built 25 candidates
[2026-10-05 04:37:18.698] [info] [stationary.cpp:264] NN: cost=317.029669, feasible=true, active_stations=1
[2026-10-05 04:37:18.698] [info] [candidate.cpp:199] InstancePrecompute: built 25 candidates
[2026-10-05 04:37:18.698] [info] [stationary.cpp:264] NN: cost=158.514835, feasible=true, active_stations=1
[2026-10-05 04:37:18.698] [info] [candidate.cpp:199] InstancePrecompute: built 50 candidates
[2026-10-05 04:37:18.698] [info] [stationary.cpp:264] NN: cost=394.144994, feasible=true, active_stations=2
[2026-10-05 04:37:18.698] [info] [candidate.cpp:199] InstancePrecompute: built 25 candidates
[2026-10-05 04:37:18.698] [info] [stationary.cpp:264] NN: cost=175.651573, feasible=true, active_stations=1
[2026-10-05 04:37:18.698] [info] [candidate.cpp:199] InstancePrecompute: built 25 candidates
[2026-10-05 04:37:18.698] [info] [stationary.cpp:264] NN: cost=222.777605, feasible=true, active_stations=1
[2026-10-05 04:37:18.698] [info] [candidate.cpp:199] InstancePrecompute: built 25 candidates
[2026-10-05 04:37:18.698] [info] [stationary.cpp:264] NN: cost=214.209236, feasible=true, active_stations=1
[2026-10-05 04:37:18.698] [info] [candidate.cpp:199] InstancePrecompute: built 25 candidates
[2026-10-05 04:37:18.698] [info] [stationary.cpp:264] NN: cost=381.292440, feasible=true, active_stations=1
[2026-10-05 04:37:18.698] [info] [candidate.cpp:199] InstancePrecompute: built 25 candidates
[2026-10-05 04:37:18.698] [info] [stationary.cpp:264] NN: cost=381.292440, feasible=true, active_stations=1
[2026-10-05 04:37:18.698] [info] [candidate.cpp:199] InstancePrecompute: built 25 candidates
[2026-10-05 04:37:18.698] [info] [stationary.cpp:264] NN: cost=248.482714, feasible=true, active_stations=1
[2026-10-05 04:37:18.698] [info] [candidate.cpp:199] InstancePrecompute: built 25 candidates
[2026-10-05 04:37:18.698] [info] [stationary.cpp:264] NN: cost=158.514835, feasible=true, active_stations=1
[2026-10-05 04:37:18.698] [info] [candidate.cpp:199] InstancePrecompute: built 25 candidates
[2026-10-05 04:37:18.698] [info] [stationary.cpp:264] NN: cost=312.745484, feasible=true, active_stations=1
[2026-10-05 04:37:18.698] [info] [candidate.cpp:199] InstancePrecompute: built 25 candidates
[2026-10-05 04:37:18.698] [info] [stationary.cpp:264] NN: cost=154.230650, feasible=true, active_stations=1
[2026-10-05 04:37:18.698] [info] [candidate.cpp:199] InstancePrecompute: built 25 candidates
[2026-10-05 04:37:18.698] [info] [stationary.cpp:264] NN: cost=317.029669, feasible=true, active_stations=1
[2026-10-05 04:37:18.698] [info] [candidate.cpp:199] InstancePrecompute: built 25 candidates
[2026-10-05 04:37:18.698] [info] [stationary.cpp:264] NN: cost=158.514835, feasible=true, active_stations=1
[2026-10-05 04:37:18.698] [info] [candidate.cpp:199] InstancePrecompute: built 50 candidates
[2026-10-05 04:37:18.698] [info] [stationary.cpp:264] NN: cost=394.144994, feasible=true, active_stations=2
[2026-10-05 04:37:18.698] [info] [candidate.cpp:199] InstancePrecompute: built 25 candidates
[2026-10-05 04:37:18.698] [info] [stationary.cpp:264] NN: cost=175.651573, feasible=true, active_stations=1
[2026-10-05 04:37:18.698] [info] [candidate.cpp:199] InstancePrecompute: built 50 candidates
[2026-10-05 04:37:18.698] [info] [stationary.cpp:264] NN: cost=436.986841, feasible=true, active_stations=2
[2026-10-05 04:37:18.698] [info] [candidate.cpp:199] InstancePrecompute: built 25 candidates
[2026-10-05 04:37:18.698] [info] [stationary.cpp:264] NN: cost=381.292440, feasible=true, active_stations=1
[2026-10-05 04:37:18.698] [info] [candidate.cpp:199] InstancePrecompute: built 25 candidates
[2026-10-05 04:37:18.698] [info] [stationary.cpp:264] NN: cost=248.482714, feasible=true, active_stations=1
[2026-10-05 04:37:18.698] [info] [candidate.cpp:199] InstancePrecompute: built 25 candidates
[2026-10-05 04:37:18.698] [info] [stationary.cpp:264] NN: cost=381.292440, feasible=true, active_stations=1
[2026-10-05 04:37:18.698] [info] [candidate.cpp:199] InstancePrecompute: built 25 candidates
[2026-10-05 04:37:18.698] [info] [stationary.cpp:264] NN: cost=158.514835, feasible=true, active_stations=1
[2026-10-05 04:37:18.698] [info] [candidate.cpp:199] InstancePrecompute: built 25 candidates
[2026-10-05 04:37:18.698] [info] [stationary.cpp:264] NN: cost=312.745484, feasible=true, active_stations=1
[2026-10-05 04:37:18.698] [info] [candidate.cpp:199] InstancePrecompute: built 25 candidates
[2026-10-05 04:37:18.698] [info] [stationary.cpp:264] NN: cost=154.230650, feasible=true, active_stations=1
[2026-10-05 04:37:18.698] [info] [candidate.cpp:199] InstancePrecompute: built 25 candidates
[2026-10-05 04:37:18.698] [info] [stationary.cpp:264] NN: cost=317.029669, feasible=true, active_stations=1
[2026-10-05 04:37:18.698] [info] [candidate.cpp:199] InstancePrecompute: built 25 candidates
[2026-10-05 04:37:18.698] [info] [stationary.cpp:264] NN: cost=158.514835, feasible=true, active_stations=1
[2026-10-05 04:37:18.698] [info] [candidate.cpp:199] InstancePrecompute: built 25 candidates
[2026-10-05 04:37:18.698] [info] [stationary.cpp:264] NN: cost=222.777605, feasible=true, active_stations=1
[2026-10-05 04:37:18.698] [info] [candidate.cpp:199] InstancePrecompute: built 25 candidates
[2026-10-05 04:37:18.698] [info] [stationary.cpp:264] NN: cost=171.367389, feasible=true, active_stations=1
[2026-10-05 04:37:18.698] [info] [candidate.cpp:199] InstancePrecompute: built 25 candidates
[2026-10-05 04:37:18.698] [info] [stationary.cpp:264] NN: cost=175.651573, feasible=true, active_stations=1
[2026-10-05 04:37:18.698] [info] [candidate.cpp:199] InstancePrecompute: built 25 candidates
[2026-10-05 04:37:18.698] [info] [stationary.cpp:264] NN: cost=222.777605, feasible=true, active_stations=1
[2026-10-05 04:37:18.698] [info] [candidate.cpp:199] InstancePrecompute: built 25 candidates
[2026-10-05 04:37:18.698] [info] [stationary.cpp:264] NN: cost=214.209236, feasible=true, active_stations=1
[2026-10-05 04:37:18.698] [info] [candidate.cpp:199] InstancePrecompute: built 25 candidates
[2026-10-05 04:37:18.698] [info] [stationary.cpp:264] NN: cost=381.292440, feasible=true, active_stations=1
[2026-10-05 04:37:18.698] [info] [candidate.cpp:199] InstancePrecompute: built 25 candidates
[2026-10-05 04:37:18.698] [info] [stationary.cpp:264] NN: cost=248.482714, feasible=true, active_stations=1
[2026-10-05 04:37:18.698] [info] [candidate.cpp:199] InstancePrecompute: built 25 candidates
[2026-10-05 04:37:18.698] [info] [stationary.cpp:264] NN: cost=381.292440, feasible=true, active_stations=1
[2026-10-05 04:37:18.698] [info] [candidate.cpp:199] InstancePrecompute: built 25 candidates
[2026-10-05 04:37:18.698] [info] [stationary.cpp:264] NN: cost=158.514835, feasible=true, active_stations=1
[2026-10-05 04:37:18.698] [info] [candidate.cpp:199] InstancePrecompute: built 25 candidates
[2026-10-05 04:37:18.698] [info] [stationary.cpp:264] NN: cost=312.745484, feasible=true, active_stations=1
[2026-10-05 04:37:18.698] [info] [candidate.cpp:199] InstancePrecompute: built 25 candidates
[2026-10-05 04:37:18.698] [info] [stationary.cpp:264] NN: cost=154.230650, feasible=true, active_stations=1
[2026-10-05 04:37:18.698] [info] [candidate.cpp:199] InstancePrecompute: built 25 candidates
[2026-10-05 04:37:18.698] [info] [stationary.cpp:264] NN: cost=317.029669, feasible=true, active_stations=1
[2026-10-05 04:37:18.698] [info] [candidate.cpp:199] InstancePrecompute: built 25 candidates
[2026-10-05 04:37:18.698] [info] [stationary.cpp:264] NN: cost=158.514835, feasible=true, active_stations=1
[2026-10-05 04:37:18.698] [info] [candidate.cpp:199] InstancePrecompute: built 25 candidates
[2026-10-05 04:37:18.698] [info] [stationary.cpp:264] NN: cost=222.777605, feasible=true, active_stations=1
[2026-10-05 04:37:18.698] [info] [candidate.cpp:199] InstancePrecompute: built 25 candidates
[2026-10-05 04:37:18.698] [info] [stationary.cpp:264] NN: cost=171.367389, feasible=true, active_stations=1
[2026-10-05 04:37:18.698] [info] [candidate.cpp:199] InstancePrecompute: built 25 candidates
[2026-10-05 04:37:18.698] [info] [stationary.cpp:264] NN: cost=175.651573, feasible=true, active_stations=1
[2026-10-05 04:37:18.698] [info] [candidate.cpp:199] InstancePrecompute: built 25 candidates
[2026-10-05 04:37:18.698] [info] [stationary.cpp:264] NN: cost=222.777605, feasible=true, active_stations=1
[2026-10-05 04:37:18.698] [info] [candidate.cpp:199] InstancePrecompute: built 25 candidates
[2026-10-05 04:37:18.698] [info] [stationary.cpp:264] NN: cost=214.209236, feasible=true, active_stations=1
[2026-10-05 04:37:18.698] [info] [candidate.cpp:199] InstancePrecompute: built 25 candidates
[2026-10-05 04:37:18.698] [info] [stationary.cpp:264] NN: cost=381.292440, feasible=true, active_stations=1
[2026-10-05 04:37:18.698] [info] [candidate.cpp:199] InstancePrecompute: built 25 candidates
[2026-10-05 04:37:18.698] [info] [stationary.cpp:264] NN: cost=248.482714, feasible=true, active_stations=1
[2026-10-05 04:37:18.698] [info] [candidate.cpp:199] InstancePrecompute: built 25 candidates
[2026-10-05 04:37:18.698] [info] [stationary.cpp:264] NN: cost=381.292440, feasible=true, active_stations=1
[2026-10-05 04:37:18.698] [info] [candidate.cpp:199] InstancePrecompute: built 25 candidates
[2026-10-05 04:37:18.698] [info] [stationary.cpp:264] NN: cost=158.514835, feasible=true, active_stations=1
[2026-10-05 04:37:18.698] [info] [candidate.cpp:199] InstancePrecompute: built 25 candidates
[2026-10-05 04:37:18.698] [info] [stationary.cpp:264] NN: cost=312.745484, feasible=true, active_stations=1
[2026-10-05 04:37:18.698] [info] [candidate.cpp:199] InstancePrecompute: built 25 candidates
[2026-10-05 04:37:18.698] [info] [stationary.cpp:264] NN: cost=154.230650, feasible=true, active_stations=1
[2026-10-05 04:37:18.698] [info] [candidate.cpp:199] InstancePrecompute: built 25 candidates
[2026-10-05 04:37:18.698] [info] [stationary.cpp:264] NN: cost=317.029669, feasible=true, active_stations=1
[2026-10-05 04:37:18.698] [info] [candidate.cpp:199] InstancePrecompute: built 25 candidates
[2026-10-05 04:37:18.698] [info] [stationary.cpp:264] NN: cost=158.514835, feasible=true, active_stations=1
[2026-10-05 04:37:18.698] [info] [candidate.cpp:199] InstancePrecompute: built 25 candidates
[2026-10-05 04:37:18.698] [info] [stationary.cpp:264] NN: cost=222.777605, feasible=true, active_stations=1
[2026-10-05 04:37:18.698] [info] [candidate.cpp:199] InstancePrecompute: built 25 candidates
[2026-10-05 04:37:18.698] [info] [stationary.cpp:264] NN: cost=171.367389, feasible=true, active_stations=1
[2026-10-05 04:37:18.698] [info] [candidate.cpp:199] InstancePrecompute: built 25 candidates
[2026-10-05 04:37:18.698] [info] [stationary.cpp:264] NN: cost=175.651573, feasible=true, active_stations=1
[2026-10-05 04:37:18.698] [info] [candidate.cpp:199] InstancePrecompute: built 25 candidates
[2026-10-05 04:37:18.698] [info] [stationary.cpp:264] NN: cost=222.777605, feasible=true, active_stations=1
[2026-10-05 04:37:18.698] [info] [candidate.cpp:199] InstancePrecompute: built 25 candidates
[2026-10-05 04:37:18.698] [info] [stationary.cpp:264] NN: cost=214.209236, feasible=true, active_stations=1
[2026-10-05 04:37:18.698] [info] [candidate.cpp:199] InstancePrecompute: built 25 candidates
[2026-10-05 04:37:18.698] [info] [stationary.cpp:264] NN: cost=381.292440, feasible=true, active_stations=1
[2026-10-05 04:37:18.698] [info] [candidate.cpp:199] InstancePrecompute: built 25 candidates
[2026-10-05 04:37:18.698] [info] [stationary.cpp:264] NN: cost=248.482714, feasible=true, active_stations=1
[2026-10-05 04:37:18.698] [info] [candidate.cpp:199] InstancePrecompute: built 25 candidates
[2026-10-05 04:37:18.698] [info] [stationary.cpp:264] NN: cost=381.292440, feasible=true, active_stations=1
[2026-10-05 04:37:18.698] [info] [candidate.cpp:199] InstancePrecompute: built 25 candidates
[2026-10-05 04:37:18.698] [info] [stationary.cpp:264] NN: cost=158.514835, feasible=true, active_stations=1
[2026-10-05 04:37:18.698] [info] [candidate.cpp:199] InstancePrecompute: built 25 candidates
[2026-10-05 04:37:18.698] [info] [stationary.cpp:264] NN: cost=312.745484, feasible=true, active_stations=1
[2026-10-05 04:37:18.698] [info] [candidate.cpp:199] InstancePrecompute: built 25 candidates
[2026-10-05 04:37:18.698] [info] [stationary.cpp:264] NN: cost=154.230650, feasible=true, active_stations=1
[2026-10-05 04:37:18.698] [info] [candidate.cpp:199] InstancePrecompute: built 25 candidates
[2026-10-05 04:37:18.698] [info] [stationary.cpp:264] NN: cost=317.029669, feasible=true, active_stations=1
[2026-10-05 04:37:18.698] [info] [candidate.cpp:199] InstancePrecompute: built 25 candidates
[2026-10-05 04:37:18.698] [info] [stationary.cpp:264] NN: cost=158.514835, feasible=true, active_stations=1
[2026-10-05 04:37:18.698] [info] [candidate.cpp:199] InstancePrecompute: built 50 candidates
[2026-10-05 04:37:18.698] [info] [stationary.cpp:264] NN: cost=394.144994, feasible=true, active_stations=2
[2026-10-05 04:37:18.698] [info] [candidate.cpp:199] InstancePrecompute: built 25 candidates
[2026-10-05 04:37:18.698] [info] [stationary.cpp:264] NN: cost=175.651573, feasible=true, active_stations=1
[2026-10-05 04:37:18.698] [info] [candidate.cpp:199] InstancePrecompute: built 25 candidates
[2026-10-05 04:37:18.698] [info] [stationary.cpp:264] NN: cost=222.777605, feasible=true, active_stations=1
[2026-10-05 04:37:18.698] [info] [candidate.cpp:199] InstancePrecompute: built 25 candidates
[2026-10-05 04:37:18.699] [info] [stationary.cpp:264] NN: cost=214.209236, feasible=true, active_stations=1
[2026-10-05 04:37:18.699] [info] [candidate.cpp:199] InstancePrecompute: built 25 candidates
[2026-10-05 04:37:18.699] [info] [stationary.cpp:264] NN: cost=381.292440, feasible=true, active_stations=1
[2026-10-05 04:37:18.699] [info] [candidate.cpp:199] InstancePrecompute: built 25 candidates
[2026-10-05 04:37:18.699] [info] [stationary.cpp:264] NN: cost=248.482714, feasible=true, active_stations=1
[2026-10-05 04:37:18.699] [info] [candidate.cpp:199] InstancePrecompute: built 25 candidates
[2026-10-05 04:37:18.699] [info] [stationary.cpp:264] NN: cost=381.292440, feasible=true, active_stations=1
[2026-10-05 04:37:18.699] [info] [candidate.cpp:199] InstancePrecompute: built 25 candidates
[2026-10-05 04:37:18.699] [info] [stationary.cpp:264] NN: cost=158.514835, feasible=true, active_stations=1
[2026-10-05 04:37:18.699] [info] [candidate.cpp:199] InstancePrecompute: built 25 candidates
[2026-10-05 04:37:18.699] [info] [stationary.cpp:264] NN: cost=312.745484, feasible=true, active_stations=1
[2026-10-05 04:37:18.699] [info] [candidate.cpp:199] InstancePrecompute: built 25 candidates
[2026-10-05 04:37:18.699] [info] [stationary.cpp:264] NN: cost=154.230650, feasible=true, active_stations=1
[2026-10-05 04:37:18.699] [info] [candidate.cpp:199] InstancePrecompute: built 25 candidates
[2026-10-05 04:37:18.699] [info] [stationary.cpp:264] NN: cost=317.029669, feasible=true, active_stations=1
[2026-10-05 04:37:18.699] [info] [candidate.cpp:199] InstancePrecompute: built 25 candidates
[2026-10-05 04:37:18.699] [info] [stationary.cpp:264] NN: cost=158.514835, feasible=true, active_stations=1
[2026-10-05 04:37:18.699] [info] [candidate.cpp:199] InstancePrecompute: built 50 candidates
[2026-10-05 04:37:18.699] [info] [stationary.cpp:264] NN: cost=394.144994, feasible=true, active_stations=2
[2026-10-05 04:37:18.699] [info] [candidate.cpp:199] InstancePrecompute: built 25 candidates
[2026-10-05 04:37:18.699] [info] [stationary.cpp:264] NN: cost=175.651573, feasible=true, active_stations=1
[2026-10-05 04:37:18.699] [info] [candidate.cpp:199] InstancePrecompute: built 50 candidates
[2026-10-05 04:37:18.699] [info] [stationary.cpp:264] NN: cost=436.986841, feasible=true, active_stations=2
[2026-10-05 04:37:18.699] [info] [candidate.cpp:199] InstancePrecompute: built 25 candidates
[2026-10-05 04:37:18.699] [info] [stationary.cpp:264] NN: cost=381.292440, feasible=true, active_stations=1
[2026-10-05 04:37:18.699] [info] [candidate.cpp:199] InstancePrecompute: built 25 candidates
[2026-10-05 04:37:18.699] [info] [stationary.cpp:264] NN: cost=381.292440, feasible=true, active_stations=1
[2026-10-05 04:37:18.699] [info] [candidate.cpp:199] InstancePrecompute: built 25 candidates
[2026-10-05 04:37:18.699] [info] [stationary.cpp:264] NN: cost=312.745484, feasible=true, active_stations=1
[2026-10-05 04:37:18.699] [info] [candidate.cpp:199] InstancePrecompute: built 25 candidates
[2026-10-05 04:37:18.699] [info] [stationary.cpp:264] NN: cost=248.482714, feasible=true, active_stations=1
[2026-10-05 04:37:18.699] [info] [candidate.cpp:199] InstancePrecompute: built 25 candidates
[2026-10-05 04:37:18.699] [info] [stationary.cpp:264] NN: cost=158.514835, feasible=true, active_stations=1
[2026-10-05 04:37:18.699] [info] [candidate.cpp:199] InstancePrecompute: built 25 candidates
[2026-10-05 04:37:18.699] [info] [stationary.cpp:264] NN: cost=154.230650, feasible=true, active_stations=1
[2026-10-05 04:37:18.699] [info] [candidate.cpp:199] InstancePrecompute: built 25 candidates
[2026-10-05 04:37:18.699] [info] [stationary.cpp:264] NN: cost=317.029669, feasible=true, active_stations=1
[2026-10-05 04:37:18.699] [info] [candidate.cpp:199] InstancePrecompute: built 25 candidates
[2026-10-05 04:37:18.699] [info] [stationary.cpp:264] NN: cost=222.777605, feasible=true, active_stations=1
[2026-10-05 04:37:18.699] [info] [candidate.cpp:199] InstancePrecompute: built 25 candidates
[2026-10-05 04:37:18.699] [info] [stationary.cpp:264] NN: cost=158.514835, feasible=true, active_stations=1
[2026-10-05 04:37:18.699] [info] [candidate.cpp:199] InstancePrecompute: built 25 candidates
[2026-10-05 04:37:18.699] [info] [stationary.cpp:264] NN: cost=171.367389, feasible=true, active_stations=1
[2026-10-05 04:37:18.699] [info] [candidate.cpp:199] InstancePrecompute: built 25 candidates
[2026-10-05 04:37:18.699] [info] [stationary.cpp:264] NN: cost=175.651573, feasible=true, active_stations=1
[2026-10-05 04:37:18.699] [info] [candidate.cpp:199] InstancePrecompute: built 25 candidates
[2026-10-05 04:37:18.699] [info] [stationary.cpp:264] NN: cost=214.209236, feasible=true, active_stations=1
[2026-10-05 04:37:18.699] [info] [candidate.cpp:199] InstancePrecompute: built 25 candidates
[2026-10-05 04:37:18.699] [info] [stationary.cpp:264] NN: cost=222.777605, feasible=true, active_stations=1
[2026-10-05 04:37:18.699] [info] [candidate.cpp:199] InstancePrecompute: built 25 candidates
[2026-10-05 04:37:18.699] [info] [stationary.cpp:264] NN: cost=381.292440, feasible=true, active_stations=1
[2026-10-05 04:37:18.699] [info] [candidate.cpp:199] InstancePrecompute: built 25 candidates
[2026-10-05 04:37:18.699] [info] [stationary.cpp:264] NN: cost=381.292440, feasible=true, active_stations=1
[2026-10-05 04:37:18.699] [info] [candidate.cpp:199] InstancePrecompute: built 25 candidates
[2026-10-05 04:37:18.699] [info] [stationary.cpp:264] NN: cost=312.745484, feasible=true, active_stations=1
[2026-10-05 04:37:18.699] [info] [candidate.cpp:199] InstancePrecompute: built 25 candidates
[2026-10-05 04:37:18.699] [info] [stationary.cpp:264] NN: cost=248.482714, feasible=true, active_stations=1
[2026-10-05 04:37:18.699] [info] [candidate.cpp:199] InstancePrecompute: built 25 candidates
[2026-10-05 04:37:18.699] [info] [stationary.cpp:264] NN: cost=158.514835, feasible=true, active_stations=1
[2026-10-05 04:37:18.699] [info] [candidate.cpp:199] InstancePrecompute: built 25 candidates
[2026-10-05 04:37:18.699] [info] [stationary.cpp:264] NN: cost=154.230650, feasible=true, active_stations=1
[2026-10-05 04:37:18.699] [info] [candidate.cpp:199] InstancePrecompute: built 25 candidates
[2026-10-05 04:37:18.699] [info] [stationary.cpp:264] NN: cost=317.029669, feasible=true, active_stations=1
[2026-10-05 04:37:18.699] [info] [candidate.cpp:199] InstancePrecompute: built 25 candidates
[2026-10-05 04:37:18.699] [info] [stationary.cpp:264] NN: cost=222.777605, feasible=true, active_stations=1
[2026-10-05 04:37:18.699] [info] [candidate.cpp:199] InstancePrecompute: built 25 candidates
[2026-10-05 04:37:18.699] [info] [stationary.cpp:264] NN: cost=158.514835, feasible=true, active_stations=1
[2026-10-05 04:37:18.699] [info] [candidate.cpp:199] InstancePrecompute: built 25 candidates
[2026-10-05 04:37:18.699] [info] [stationary.cpp:264] NN: cost=171.367389, feasible=true, active_stations=1
[2026-10-05 04:37:18.699] [info] [candidate.cpp:199] InstancePrecompute: built 25 candidates
[2026-10-05 04:37:18.699] [info] [stationary.cpp:264] NN: cost=175.651573, feasible=true, active_stations=1
[2026-10-05 04:37:18.699] [info] [candidate.cpp:199] InstancePrecompute: built 25 candidates
[2026-10-05 04:37:18.699] [info] [stationary.cpp:264] NN: cost=214.209236, feasible=true, active_stations=1
[2026-10-05 04:37:18.699] [info] [candidate.cpp:199] InstancePrecompute: built 25 candidates
[2026-10-05 04:37:18.699] [info] [stationary.cpp:264] NN: cost=222.777605, feasible=true, active_stations=1
[2026-10-05 04:37:18.699] [info] [candidate.cpp:199] InstancePrecompute: built 25 candidates
[2026-10-05 04:37:18.699] [info] [stationary.cpp:264] NN: cost=381.292440, feasible=true, active_stations=1
[2026-10-05 04:37:18.699] [info] [candidate.cpp:199] InstancePrecompute: built 25 candidates
[2026-10-05 04:37:18.699] [info] [stationary.cpp:264] NN: cost=381.292440, feasible=true, active_stations=1
[2026-10-05 04:37:18.699] [info] [candidate.cpp:199] InstancePrecompute: built 25 candidates
[2026-10-05 04:37:18.699] [info] [stationary.cpp:264] NN: cost=312.745484, feasible=true, active_stations=1
[2026-10-05 04:37:18.699] [info] [candidate.cpp:199] InstancePrecompute: built 25 candidates
[2026-10-05 04:37:18.699] [info] [stationary.cpp:264] NN: cost=248.482714, feasible=true, active_stations=1
[2026-10-05 04:37:18.699] [info] [candidate.cpp:199] InstancePrecompute: built 25 candidates
[2026-10-05 04:37:18.699] [info] [stationary.cpp:264] NN: cost=158.514835, feasible=true, active_stations=1
[2026-10-05 04:37:18.699] [info] [candidate.cpp:199] InstancePrecompute: built 25 candidates
[2026-10-05 04:37:18.699] [info] [stationary.cpp:264] NN: cost=154.230650, feasible=true, active_stations=1
[2026-10-05 04:37:18.699] [info] [candidate.cpp:199] InstancePrecompute: built 25 candidates
[2026-10-05 04:37:18.699] [info] [stationary.cpp:264] NN: cost=317.029669, feasible=true, active_stations=1
[2026-10-05 04:37:18.699] [info] [candidate.cpp:199] InstancePrecompute: built 25 candidates
[2026-10-05 04:37:18.699] [info] [stationary.cpp:264] NN: cost=222.777605, feasible=true, active_stations=1
[2026-10-05 04:37:18.699] [info] [candidate.cpp:199] InstancePrecompute: built 25 candidates
[2026-10-05 04:37:18.699] [info] [stationary.cpp:264] NN: cost=158.514835, feasible=true, active_stations=1
[2026-10-05 04:37:18.699] [info] [candidate.cpp:199] InstancePrecompute: built 25 candidates
[2026-10-05 04:37:18.699] [info] [stationary.cpp:264] NN: cost=171.367389, feasible=true, active_stations=1
[2026-10-05 04:37:18.699] [info] [candidate.cpp:199] InstancePrecompute: built 25 candidates
[2026-10-05 04:37:18.699] [info] [stationary.cpp:264] NN: cost=175.651573, feasible=true, active_stations=1
[2026-10-05 04:37:18.699] [info] [candidate.cpp:199] InstancePrecompute: built 25 candidates
[2026-10-05 04:37:18.699] [info] [stationary.cpp:264] NN: cost=214.209236, feasible=true, active_stations=1
[2026-10-05 04:37:18.699] [info] [candidate.cpp:199] InstancePrecompute: built 25 candidates
[2026-10-05 04:37:18.699] [info] [stationary.cpp:264] NN: cost=222.777605, feasible=true, active_stations=1
[2026-10-05 04:37:18.699] [info] [candidate.cpp:199] InstancePrecompute: built 25 candidates
[2026-10-05 04:37:18.699] [info] [stationary.cpp:264] NN: cost=381.292440, feasible=true, active_stations=1
[2026-10-05 04:37:18.699] [info] [candidate.cpp:199] InstancePrecompute: built 25 candidates
[2026-10-05 04:37:18.699] [info] [stationary.cpp:264] NN: cost=381.292440, feasible=true, active_stations=1
[2026-10-05 04:37:18.699] [info] [candidate.cpp:199] InstancePrecompute: built 25 candidates
[2026-10-05 04:37:18.699] [info] [stationary.cpp:264] NN: cost=312.745484, feasible=true, active_stations=1
[2026-10-05 04:37:18.699] [info] [candidate.cpp:199] InstancePrecompute: built 25 candidates
[2026-10-05 04:37:18.699] [info] [stationary.cpp:264] NN: cost=248.482714, feasible=true, active_stations=1
[2026-10-05 04:37:18.699] [info] [candidate.cpp:199] InstancePrecompute: built 25 candidates
[2026-10-05 04:37:18.699] [info] [stationary.cpp:264] NN: cost=158.514835, feasible=true, active_stations=1
[2026-10-05 04:37:18.699] [info] [candidate.cpp:199] InstancePrecompute: built 25 candidates
[2026-10-05 04:37:18.699] [info] [stationary.cpp:264] NN: cost=154.230650, feasible=true, active_stations=1
[2026-10-05 04:37:18.699] [info] [candidate.cpp:199] InstancePrecompute: built 50 candidates
[2026-10-05 04:37:18.699] [info] [stationary.cpp:264] NN: cost=539.807274, feasible=true, active_stations=2
[2026-10-05 04:37:18.699] [info] [candidate.cpp:199] InstancePrecompute: built 25 candidates
[2026-10-05 04:37:18.699] [info] [stationary.cpp:264] NN: cost=158.514835, feasible=true, active_stations=1
[2026-10-05 04:37:18.699] [info] [candidate.cpp:199] InstancePrecompute: built 25 candidates
[2026-10-05 04:37:18.699] [info] [stationary.cpp:264] NN: cost=171.367389, feasible=true, active_stations=1
[2026-10-05 04:37:18.699] [info] [candidate.cpp:199] InstancePrecompute: built 25 candidates
[2026-10-05 04:37:18.699] [info] [stationary.cpp:264] NN: cost=175.651573, feasible=true, active_stations=1
[2026-10-05 04:37:18.699] [info] [candidate.cpp:199] InstancePrecompute: built 25 candidates
[2026-10-05 04:37:18.699] [info] [stationary.cpp:264] NN: cost=214.209236, feasible=true, active_stations=1
[2026-10-05 04:37:18.699] [info] [candidate.cpp:199] InstancePrecompute: built 25 candidates
[2026-10-05 04:37:18.699] [info] [stationary.cpp:264] NN: cost=222.777605, feasible=true, active_stations=1
[2026-10-05 04:37:18.699] [info] [candidate.cpp:199] InstancePrecompute: built 25 candidates
[2026-10-05 04:37:18.699] [info] [stationary.cpp:264] NN: cost=381.292440, feasible=true, active_stations=1
[2026-10-05 04:37:18.699] [info] [candidate.cpp:199] InstancePrecompute: built 25 candidates
[2026-10-05 04:37:18.699] [info] [stationary.cpp:264] NN: cost=381.292440, feasible=true, active_stations=1
[2026-10-05 04:37:18.699] [info] [candidate.cpp:199] InstancePrecompute: built 25 candidates
[2026-10-05 04:37:18.699] [info] [stationary.cpp:264] NN: cost=312.745484, feasible=true, active_stations=1
[2026-10-05 04:37:18.699] [info] [candidate.cpp:199] InstancePrecompute: built 25 candidates
[2026-10-05 04:37:18.699] [info] [stationary.cpp:264] NN: cost=248.482714, feasible=true, active_stations=1
[2026-10-05 04:37:18.699] [info] [candidate.cpp:199] InstancePrecompute: built 25 candidates
[2026-10-05 04:37:18.699] [info] [stationary.cpp:264] NN: cost=158.514835, feasible=true, active_stations=1
[2026-10-05 04:37:18.699] [info] [candidate.cpp:199] InstancePrecompute: built 25 candidates
[2026-10-05 04:37:18.699] [info] [stationary.cpp:264] NN: cost=154.230650, feasible=true, active_stations=1
[2026-10-05 04:37:18.699] [info] [candidate.cpp:199] InstancePrecompute: built 50 candidates
[2026-10-05 04:37:18.699] [info] [stationary.cpp:264] NN: cost=539.807274, feasible=true, active_stations=2
[2026-10-05 04:37:18.699] [info] [candidate.cpp:199] InstancePrecompute: built 25 candidates
[2026-10-05 04:37:18.699] [info] [stationary.cpp:264] NN: cost=158.514835, feasible=true, active_stations=1
[2026-10-05 04:37:18.699] [info] [candidate.cpp:199] InstancePrecompute: built 25 candidates
[2026-10-05 04:37:18.699] [info] [stationary.cpp:264] NN: cost=171.367389, feasible=true, active_stations=1
[2026-10-05 04:37:18.699] [info] [candidate.cpp:199] InstancePrecompute: built 25 candidates
[2026-10-05 04:37:18.699] [info] [stationary.cpp:264] NN: cost=175.651573, feasible=true, active_stations=1
[2026-10-05 04:37:18.699] [info] [candidate.cpp:199] InstancePrecompute: built 25 candidates
[2026-10-05 04:37:18.699] [info] [stationary.cpp:264] NN: cost=214.209236, feasible=true, active_stations=1
[2026-10-05 04:37:18.699] [info] [candidate.cpp:199] InstancePrecompute: built 25 candidates
[2026-10-05 04:37:18.699] [info] [stationary.cpp:264] NN: cost=222.777605, feasible=true, active_stations=1
[2026-10-05 04:37:18.699] [info] [candidate.cpp:199] InstancePrecompute: built 25 candidates
[2026-10-05 04:37:18.699] [info] [stationary.cpp:264] NN: cost=381.292440, feasible=true, active_stations=1
[2026-10-05 04:37:18.699] [info] [candidate.cpp:199] InstancePrecompute: built 25 candidates
[2026-10-05 04:37:18.699] [info] [stationary.cpp:264] NN: cost=381.292440, feasible=true, active_stations=1
[2026-10-05 04:37:18.699] [info] [candidate.cpp:199] InstancePrecompute: built 25 candidates
[2026-10-05 04:37:18.699] [info] [stationary.cpp:264] NN: cost=312.745484, feasible=true, active_stations=1
[2026-10-05 04:37:18.699] [info] [candidate.cpp:199] InstancePrecompute: built 25 candidates
[2026-10-05 04:37:18.699] [info] [stationary.cpp:264] NN: cost=248.482714, feasible=true, active_stations=1
[2026-10-05 04:37:18.699] [info] [candidate.cpp:199] InstancePrecompute: built 25 candidates
[2026-10-05 04:37:18.699] [info] [stationary.cpp:264] NN: cost=158.514835, feasible=true, active_stations=1
[2026-10-05 04:37:18.699] [info] [candidate.cpp:199] InstancePrecompute: built 25 candidates
[2026-10-05 04:37:18.699] [info] [stationary.cpp:264] NN: cost=154.230650, feasible=true, active_stations=1
[2026-10-05 04:37:18.699] [info] [candidate.cpp:199] InstancePrecompute: built 25 candidates
[2026-10-05 04:37:18.699] [info] [stationary.cpp:264] NN: cost=317.029669, feasible=true, active_stations=1
[2026-10-05 04:37:18.699] [info] [candidate.cpp:199] InstancePrecompute: built 25 candidates
[2026-10-05 04:37:18.699] [info] [stationary.cpp:264] NN: cost=222.777605, feasible=true, active_stations=1
[2026-10-05 04:37:18.699] [info] [candidate.cpp:199] InstancePrecompute: built 25 candidates
[2026-10-05 04:37:18.699] [info] [stationary.cpp:264] NN: cost=158.514835, feasible=true, active_stations=1
[2026-10-05 04:37:18.699] [info] [candidate.cpp:199] InstancePrecompute: built 25 candidates
[2026-10-05 04:37:18.699] [info] [stationary.cpp:264] NN: cost=171.367389, feasible=true, active_stations=1
[2026-10-05 04:37:18.699] [info] [candidate.cpp:199] InstancePrecompute: built 25 candidates
[2026-10-05 04:37:18.699] [info] [stationary.cpp:264] NN: cost=175.651573, feasible=true, active_stations=1
[2026-10-05 04:37:18.699] [info] [candidate.cpp:199] InstancePrecompute: built 25 candidates
[2026-10-05 04:37:18.699] [info] [stationary.cpp:264] NN: cost=214.209236, feasible=true, active_stations=1
[2026-10-05 04:37:18.699] [info] [candidate.cpp:199] InstancePrecompute: built 25 candidates
[2026-10-05 04:37:18.699] [info] [stationary.cpp:264] NN: cost=222.777605, feasible=true, active_stations=1
[2026-10-05 04:37:18.699] [info] [candidate.cpp:199] InstancePrecompute: built 25 candidates
[2026-10-05 04:37:18.699] [info] [stationary.cpp:264] NN: cost=381.292440, feasible=true, active_stations=1
[2026-10-05 04:37:18.699] [info] [candidate.cpp:199] InstancePrecompute: built 25 candidates
[2026-10-05 04:37:18.699] [info] [stationary.cpp:264] NN: cost=381.292440, feasible=true, active_stations=1
[2026-10-05 04:37:18.699] [info] [candidate.cpp:199] InstancePrecompute: built 25 candidates
[2026-10-05 04:37:18.699] [info] [stationary.cpp:264] NN: cost=312.745484, feasible=true, active_stations=1
[2026-10-05 04:37:18.699] [info] [candidate.cpp:199] InstancePrecompute: built 25 candidates
[2026-10-05 04:37:18.699] [info] [stationary.cpp:264] NN: cost=248.482714, feasible=true, active_stations=1
[2026-10-05 04:37:18.699] [info] [candidate.cpp:199] InstancePrecompute: built 25 candidates
[2026-10-05 04:37:18.699] [info] [stationary.cpp:264] NN: cost=158.514835, feasible=true, active_stations=1
[2026-10-05 04:37:18.699] [info] [candidate.cpp:199] InstancePrecompute: built 25 candidates
[2026-10-05 04:37:18.699] [info] [stationary.cpp:264] NN: cost=154.230650, feasible=true, active_stations=1
[2026-10-05 04:37:18.699] [info] [candidate.cpp:199] InstancePrecompute: built 25 candidates
[2026-10-05 04:37:18.699] [info] [stationary.cpp:264] NN: cost=317.029669, feasible=true, active_stations=1
[2026-10-05 04:37:18.699] [info] [candidate.cpp:199] InstancePrecompute: built 25 candidates
[2026-10-05 04:37:18.699] [info] [stationary.cpp:264] NN: cost=158.514835, feasible=true, active_stations=1
[2026-10-05 04:37:18.699] [info] [candidate.cpp:199] InstancePrecompute: built 25 candidates
[2026-10-05 04:37:18.699] [info] [stationary.cpp:264] NN: cost=222.777605, feasible=true, active_stations=1
[2026-10-05 04:37:18.699] [info] [candidate.cpp:199] InstancePrecompute: built 25 candidates
[2026-10-05 04:37:18.699] [info] [stationary.cpp:264] NN: cost=171.367389, feasible=true, active_stations=1
[2026-10-05 04:37:18.699] [info] [candidate.cpp:199] InstancePrecompute: built 25 candidates
[2026-10-05 04:37:18.699] [info] [stationary.cpp:264] NN: cost=175.651573, feasible=true, active_stations=1
[2026-10-05 04:37:18.699] [info] [candidate.cpp:199] InstancePrecompute: built 25 candidates
[2026-10-05 04:37:18.699] [info] [stationary.cpp:264] NN: cost=222.777605, feasible=true, active_stations=1
[2026-10-05 04:37:18.699] [info] [candidate.cpp:199] InstancePrecompute: built 25 candidates
[2026-10-05 04:37:18.699] [info] [stationary.cpp:264] NN: cost=214.209236, feasible=true, active_stations=1
[2026-10-05 04:37:18.699] [info] [candidate.cpp:199] InstancePrecompute: built 25 candidates
[2026-10-05 04:37:18.699] [info] [stationary.cpp:264] NN: cost=381.292440, feasible=true, active_stations=1
[2026-10-05 04:37:18.699] [info] [candidate.cpp:199] InstancePrecompute: built 25 candidates
[2026-10-05 04:37:18.699] [info] [stationary.cpp:264] NN: cost=381.292440, feasible=true, active_stations=1
[2026-10-05 04:37:18.699] [info] [candidate.cpp:199] InstancePrecompute: built 25 candidates
[2026-10-05 04:37:18.699] [info] [stationary.cpp:264] NN: cost=312.745484, feasible=true, active_stations=1
[2026-10-05 04:37:18.699] [info] [candidate.cpp:199] InstancePrecompute: built 25 candidates
[2026-10-05 04:37:18.699] [info] [stationary.cpp:264] NN: cost=248.482714, feasible=true, active_stations=1
[2026-10-05 04:37:18.699] [info] [candidate.cpp:199] InstancePrecompute: built 25 candidates
[2026-10-05 04:37:18.699] [info] [stationary.cpp:264] NN: cost=158.514835, feasible=true, active_stations=1
[2026-10-05 04:37:18.699] [info] [candidate.cpp:199] InstancePrecompute: built 25 candidates
[2026-10-05 04:37:18.699] [info] [stationary.cpp:264] NN: cost=154.230650, feasible=true, active_stations=1
[2026-10-05 04:37:18.699] [info] [candidate.cpp:199] InstancePrecompute: built 25 candidates
[2026-10-05 04:37:18.699] [info] [stationary.cpp:264] NN: cost=317.029669, feasible=true, active_stations=1
[2026-10-05 04:37:18.699] [info] [candidate.cpp:199] InstancePrecompute: built 25 candidates
[2026-10-05 04:37:18.699] [info] [stationary.cpp:264] NN: cost=158.514835, feasible=true, active_stations=1
[2026-10-05 04:37:18.699] [info] [candidate.cpp:199] InstancePrecompute: built 25 candidates
[2026-10-05 04:37:18.699] [info] [stationary.cpp:264] NN: cost=222.777605, feasible=true, active_stations=1
[2026-10-05 04:37:18.699] [info] [candidate.cpp:199] InstancePrecompute: built 25 candidates
[2026-10-05 04:37:18.699] [info] [stationary.cpp:264] NN: cost=171.367389, feasible=true, active_stations=1
[2026-10-05 04:37:18.699] [info] [candidate.cpp:199] InstancePrecompute: built 25 candidates
[2026-10-05 04:37:18.699] [info] [stationary.cpp:264] NN: cost=175.651573, feasible=true, active_stations=1
[2026-10-05 04:37:18.699] [info] [candidate.cpp:199] InstancePrecompute: built 25 candidates
[2026-10-05 04:37:18.699] [info] [stationary.cpp:264] NN: cost=222.777605, feasible=true, active_stations=1
[2026-10-05 04:37:18.699] [info] [candidate.cpp:199] InstancePrecompute: built 25 candidates
[2026-10-05 04:37:18.699] [info] [stationary.cpp:264] NN: cost=214.209236, feasible=true, active_stations=1
[2026-10-05 04:37:18.699] [info] [candidate.cpp:199] InstancePrecompute: built 25 candidates
[2026-10-05 04:37:18.699] [info] [stationary.cpp:264] NN: cost=381.292440, feasible=true, active_stations=1
[2026-10-05 04:37:18.699] [info] [candidate.cpp:199] InstancePrecompute: built 25 candidates
[2026-10-05 04:37:18.699] [info] [stationary.cpp:264] NN: cost=381.292440, feasible=true, active_stations=1
[2026-10-05 04:37:18.699] [info] [candidate.cpp:199] InstancePrecompute: built 25 candidates
[2026-10-05 04:37:18.699] [info] [stationary.cpp:264] NN: cost=312.745484, feasible=true, active_stations=1
[2026-10-05 04:37:18.699] [info] [candidate.cpp:199] InstancePrecompute: built 25 candidates
[2026-10-05 04:37:18.699] [info] [stationary.cpp:264] NN: cost=248.482714, feasible=true, active_stations=1
[2026-10-05 04:37:18.699] [info] [candidate.cpp:199] InstancePrecompute: built 25 candidates
[2026-10-05 04:37:18.699] [info] [stationary.cpp:264] NN: cost=158.514835, feasible=true, active_stations=1
[2026-10-05 04:37:18.699] [info] [candidate.cpp:199] InstancePrecompute: built 25 candidates
[2026-10-05 04:37:18.699] [info] [stationary.cpp:264] NN: cost=154.230650, feasible=true, active_stations=1
[2026-10-05 04:37:18.699] [info] [candidate.cpp:199] InstancePrecompute: built 25 candidates
[2026-10-05 04:37:18.699] [info] [stationary.cpp:264] NN: cost=317.029669, feasible=true, active_stations=1
[2026-10-05 04:37:18.699] [info] [candidate.cpp:199] InstancePrecompute: built 25 candidates
[2026-10-05 04:37:18.699] [info] [stationary.cpp:264] NN: cost=158.514835, feasible=true, active_stations=1
[2026-10-05 04:37:18.699] [info] [candidate.cpp:199] InstancePrecompute: built 25 candidates
[2026-10-05 04:37:18.699] [info] [stationary.cpp:264] NN: cost=222.777605, feasible=true, active_stations=1
[2026-10-05 04:37:18.699] [info] [candidate.cpp:199] InstancePrecompute: built 25 candidates
[2026-10-05 04:37:18.699] [info] [stationary.cpp:264] NN: cost=171.367389, feasible=true, active_stations=1
[2026-10-05 04:37:18.699] [info] [candidate.cpp:199] InstancePrecompute: built 25 candidates
[2026-10-05 04:37:18.699] [info] [stationary.cpp:264] NN: cost=175.651573, feasible=true, active_stations=1
[2026-10-05 04:37:18.699] [info] [candidate.cpp:199] InstancePrecompute: built 25 candidates
[2026-10-05 04:37:18.699] [info] [stationary.cpp:264] NN: cost=222.777605, feasible=true, active_stations=1
[2026-10-05 04:37:18.699] [info] [candidate.cpp:199] InstancePrecompute: built 25 candidates
[2026-10-05 04:37:18.699] [info] [stationary.cpp:264] NN: cost=214.209236, feasible=true, active_stations=1
[2026-10-05 04:37:18.699] [info] [candidate.cpp:199] InstancePrecompute: built 25 candidates
[2026-10-05 04:37:18.699] [info] [stationary.cpp:264] NN: cost=381.292440, feasible=true, active_stations=1
[2026-10-05 04:37:18.699] [info] [candidate.cpp:199] InstancePrecompute: built 25 candidates
[2026-10-05 04:37:18.699] [info] [stationary.cpp:264] NN: cost=381.292440, feasible=true, active_stations=1
[2026-10-05 04:37:18.699] [info] [candidate.cpp:199] InstancePrecompute: built 25 candidates
[2026-10-05 04:37:18.699] [info] [stationary.cpp:264] NN: cost=312.745484, feasible=true, active_stations=1
[2026-10-05 04:37:18.699] [info] [candidate.cpp:199] InstancePrecompute: built 25 candidates
[2026-10-05 04:37:18.699] [info] [stationary.cpp:264] NN: cost=248.482714, feasible=true, active_stations=1
[2026-10-05 04:37:18.699] [info] [candidate.cpp:199] InstancePrecompute: built 25 candidates
[2026-10-05 04:37:18.699] [info] [stationary.cpp:264] NN: cost=158.514835, feasible=true, active_stations=1
[2026-10-05 04:37:18.699] [info] [candidate.cpp:199] InstancePrecompute: built 25 candidates
[2026-10-05 04:37:18.699] [info] [stationary.cpp:264] NN: cost=154.230650, feasible=true, active_stations=1
[2026-10-05 04:37:18.699] [info] [candidate.cpp:199] InstancePrecompute: built 25 candidates
[2026-10-05 04:37:18.699] [info] [stationary.cpp:264] NN: cost=317.029669, feasible=true, active_stations=1
[2026-10-05 04:37:18.699] [info] [candidate.cpp:199] InstancePrecompute: built 25 candidates
[2026-10-05 04:37:18.699] [info] [stationary.cpp:264] NN: cost=158.514835, feasible=true, active_stations=1
[2026-10-05 04:37:18.699] [info] [candidate.cpp:199] InstancePrecompute: built 25 candidates
[2026-10-05 04:37:18.699] [info] [stationary.cpp:264] NN: cost=222.777605, feasible=true, active_stations=1
[2026-10-05 04:37:18.699] [info] [candidate.cpp:199] InstancePrecompute: built 25 candidates
[2026-10-05 04:37:18.699] [info] [stationary.cpp:264] NN: cost=171.367389, feasible=true, active_stations=1
[2026-10-05 04:37:18.699] [info] [candidate.cpp:199] InstancePrecompute: built 25 candidates
[2026-10-05 04:37:18.699] [info] [stationary.cpp:264] NN: cost=175.651573, feasible=true, active_stations=1
[2026-10-05 04:37:18.699] [info] [candidate.cpp:199] InstancePrecompute: built 25 candidates
[2026-10-05 04:37:18.699] [info] [stationary.cpp:264] NN: cost=222.777605, feasible=true, active_stations=1
[2026-10-05 04:37:18.699] [info] [candidate.cpp:199] InstancePrecompute: built 25 candidates
[2026-10-05 04:37:18.699] [info] [stationary.cpp:264] NN: cost=214.209236, feasible=true, active_stations=1
[2026-10-05 04:37:18.699] [info] [candidate.cpp:199] InstancePrecompute: built 25 candidates
[2026-10-05 04:37:18.699] [info] [stationary.cpp:264] NN: cost=381.292440, feasible=true, active_stations=1
[2026-10-05 04:37:18.699] [info] [candidate.cpp:199] InstancePrecompute: built 25 candidates
[2026-10-05 04:37:18.699] [info] [stationary.cpp:264] NN: cost=381.292440, feasible=true, active_stations=1
[2026-10-05 04:37:18.699] [info] [candidate.cpp:199] InstancePrecompute: built 25 candidates
[2026-10-05 04:37:18.699] [info] [stationary.cpp:264] NN: cost=312.745484, feasible=true, active_stations=1
[2026-10-05 04:37:18.699] [info] [candidate.cpp:199] InstancePrecompute: built 25 candidates
[2026-10-05 04:37:18.699] [info] [stationary.cpp:264] NN: cost=248.482714, feasible=true, active_stations=1
[2026-10-05 04:37:18.699] [info] [candidate.cpp:199] InstancePrecompute: built 25 candidates
[2026-10-05 04:37:18.699] [info] [stationary.cpp:264] NN: cost=158.514835, feasible=true, active_stations=1
[2026-10-05 04:37:18.699] [info] [candidate.cpp:199] InstancePrecompute: built 25 candidates
[2026-10-05 04:37:18.699] [info] [stationary.cpp:264] NN: cost=154.230650, feasible=true, active_stations=1
[2026-10-05 04:37:18.699] [info] [candidate.cpp:199] InstancePrecompute: built 25 candidates
[2026-10-05 04:37:18.699] [info] [stationary.cpp:264] NN: cost=317.029669, feasible=true, active_stations=1
[2026-10-05 04:37:18.699] [info] [candidate.cpp:199] InstancePrecompute: built 25 candidates
[2026-10-05 04:37:18.699] [info] [stationary.cpp:264] NN: cost=158.514835, feasible=true, active_stations=1
[2026-10-05 04:37:18.699] [info] [candidate.cpp:199] InstancePrecompute: built 25 candidates
[2026-10-05 04:37:18.699] [info] [stationary.cpp:264] NN: cost=222.777605, feasible=true, active_stations=1
[2026-10-05 04:37:18.699] [info] [candidate.cpp:199] InstancePrecompute: built 25 candidates
[2026-10-05 04:37:18.700] [info] [stationary.cpp:264] NN: cost=171.367389, feasible=true, active_stations=1
[2026-10-05 04:37:18.700] [info] [candidate.cpp:199] InstancePrecompute: built 25 candidates
[2026-10-05 04:37:18.700] [info] [stationary.cpp:264] NN: cost=175.651573, feasible=true, active_stations=1
[2026-10-05 04:37:18.700] [info] [candidate.cpp:199] InstancePrecompute: built 25 candidates
[2026-10-05 04:37:18.700] [info] [stationary.cpp:264] NN: cost=222.777605, feasible=true, active_stations=1
[2026-10-05 04:37:18.700] [info] [candidate.cpp:199] InstancePrecompute: built 25 candidates
[2026-10-05 04:37:18.700] [info] [stationary.cpp:264] NN: cost=214.209236, feasible=true, active_stations=1
[2026-10-05 04:37:18.700] [info] [candidate.cpp:199] InstancePrecompute: built 25 candidates
[2026-10-05 04:37:18.700] [info] [stationary.cpp:264] NN: cost=381.292440, feasible=true, active_stations=1
[2026-10-05 04:37:18.700] [info] [candidate.cpp:199] InstancePrecompute: built 25 candidates
[2026-10-05 04:37:18.700] [info] [stationary.cpp:264] NN: cost=381.292440, feasible=true, active_stations=1
[2026-10-05 04:37:18.700] [info] [candidate.cpp:199] InstancePrecompute: built 25 candidates
[2026-10-05 04:37:18.700] [info] [stationary.cpp:264] NN: cost=312.745484, feasible=true, active_stations=1
[2026-10-05 04:37:18.700] [info] [candidate.cpp:199] InstancePrecompute: built 25 candidates
[2026-10-05 04:37:18.700] [info] [stationary.cpp:264] NN: cost=248.482714, feasible=true, active_stations=1
[2026-10-05 04:37:18.700] [info] [candidate.cpp:199] InstancePrecompute: built 25 candidates
[2026-10-05 04:37:18.700] [info] [stationary.cpp:264] NN: cost=158.514835, feasible=true, active_stations=1
[2026-10-05 04:37:18.700] [info] [candidate.cpp:199] InstancePrecompute: built 25 candidates
[2026-10-05 04:37:18.700] [info] [stationary.cpp:264] NN: cost=154.230650, feasible=true, active_stations=1
[2026-10-05 04:37:18.700] [info] [candidate.cpp:199] InstancePrecompute: built 25 candidates
[2026-10-05 04:37:18.700] [info] [stationary.cpp:264] NN: cost=317.029669, feasible=true, active_stations=1
[2026-10-05 04:37:18.700] [info] [candidate.cpp:199] InstancePrecompute: built 25 candidates
[2026-10-05 04:37:18.700] [info] [stationary.cpp:264] NN: cost=158.514835, feasible=true, active_stations=1
[2026-10-05 04:37:18.700] [info] [candidate.cpp:199] InstancePrecompute: built 50 candidates
[2026-10-05 04:37:18.700] [info] [stationary.cpp:264] NN: cost=394.144994, feasible=true, active_stations=2
[2026-10-05 04:37:18.700] [info] [candidate.cpp:199] InstancePrecompute: built 25 candidates
[2026-10-05 04:37:18.700] [info] [stationary.cpp:264] NN: cost=175.651573, feasible=true, active_stations=1
[2026-10-05 04:37:18.700] [info] [candidate.cpp:199] InstancePrecompute: built 25 candidates
[2026-10-05 04:37:18.700] [info] [stationary.cpp:264] NN: cost=222.777605, feasible=true, active_stations=1
[2026-10-05 04:37:18.700] [info] [candidate.cpp:199] InstancePrecompute: built 25 candidates
[2026-10-05 04:37:18.700] [info] [stationary.cpp:264] NN: cost=214.209236, feasible=true, active_stations=1
[2026-10-05 04:37:18.700] [info] [candidate.cpp:199] InstancePrecompute: built 25 candidates
[2026-10-05 04:37:18.700] [info] [stationary.cpp:264] NN: cost=381.292440, feasible=true, active_stations=1
[2026-10-05 04:37:18.700] [info] [candidate.cpp:199] InstancePrecompute: built 25 candidates
[2026-10-05 04:37:18.700] [info] [stationary.cpp:264] NN: cost=381.292440, feasible=true, active_stations=1
[2026-10-05 04:37:18.700] [info] [candidate.cpp:199] InstancePrecompute: built 25 candidates
[2026-10-05 04:37:18.700] [info] [stationary.cpp:264] NN: cost=248.482714, feasible=true, active_stations=1
[2026-10-05 04:37:18.700] [info] [candidate.cpp:199] InstancePrecompute: built 25 candidates
[2026-10-05 04:37:18.700] [info] [stationary.cpp:264] NN: cost=158.514835, feasible=true, active_stations=1
[2026-10-05 04:37:18.700] [info] [candidate.cpp:199] InstancePrecompute: built 25 candidates
[2026-10-05 04:37:18.700] [info] [stationary.cpp:264] NN: cost=312.745484, feasible=true, active_stations=1
[2026-10-05 04:37:18.700] [info] [candidate.cpp:199] InstancePrecompute: built 25 candidates
[2026-10-05 04:37:18.700] [info] [stationary.cpp:264] NN: cost=154.230650, feasible=true, active_stations=1
[2026-10-05 04:37:18.700] [info] [candidate.cpp:199] InstancePrecompute: built 25 candidates
[2026-10-05 04:37:18.700] [info] [stationary.cpp:264] NN: cost=317.029669, feasible=true, active_stations=1
[2026-10-05 04:37:18.700] [info] [candidate.cpp:199] InstancePrecompute: built 25 candidates
[2026-10-05 04:37:18.700] [info] [stationary.cpp:264] NN: cost=222.777605, feasible=true, active_stations=1
[2026-10-05 04:37:18.700] [info] [candidate.cpp:199] InstancePrecompute: built 25 candidates
[2026-10-05 04:37:18.700] [info] [stationary.cpp:264] NN: cost=171.367389, feasible=true, active_stations=1
[2026-10-05 04:37:18.700] [info] [candidate.cpp:199] InstancePrecompute: built 25 candidates
[2026-10-05 04:37:18.700] [info] [stationary.cpp:264] NN: cost=158.514835, feasible=true, active_stations=1
[2026-10-05 04:37:18.700] [info] [candidate.cpp:199] InstancePrecompute: built 25 candidates
[2026-10-05 04:37:18.700] [info] [stationary.cpp:264] NN: cost=175.651573, feasible=true, active_stations=1
[2026-10-05 04:37:18.700] [info] [candidate.cpp:199] InstancePrecompute: built 25 candidates
[2026-10-05 04:37:18.700] [info] [stationary.cpp:264] NN: cost=222.777605, feasible=true, active_stations=1
[2026-10-05 04:37:18.700] [info] [candidate.cpp:199] InstancePrecompute: built 25 candidates
[2026-10-05 04:37:18.700] [info] [stationary.cpp:264] NN: cost=214.209236, feasible=true, active_stations=1
[2026-10-05 04:37:18.700] [info] [candidate.cpp:199] InstancePrecompute: built 25 candidates
[2026-10-05 04:37:18.700] [info] [stationary.cpp:264] NN: cost=381.292440, feasible=true, active_stations=1
[2026-10-05 04:37:18.700] [info] [candidate.cpp:199] InstancePrecompute: built 25 candidates
[2026-10-05 04:37:18.700] [info] [stationary.cpp:264] NN: cost=381.292440, feasible=true, active_stations=1
[2026-10-05 04:37:18.700] [info] [candidate.cpp:199] InstancePrecompute: built 25 candidates
[2026-10-05 04:37:18.700] [info] [stationary.cpp:264] NN: cost=248.482714, feasible=true, active_stations=1
[2026-10-05 04:37:18.700] [info] [candidate.cpp:199] InstancePrecompute: built 25 candidates
[2026-10-05 04:37:18.700] [info] [stationary.cpp:264] NN: cost=158.514835, feasible=true, active_stations=1
[2026-10-05 04:37:18.700] [info] [candidate.cpp:199] InstancePrecompute: built 25 candidates
[2026-10-05 04:37:18.700] [info] [stationary.cpp:264] NN: cost=312.745484, feasible=true, active_stations=1
[2026-10-05 04:37:18.700] [info] [candidate.cpp:199] InstancePrecompute: built 25 candidates
[2026-10-05 04:37:18.700] [info] [stationary.cpp:264] NN: cost=154.230650, feasible=true, active_stations=1
[2026-10-05 04:37:18.700] [info] [candidate.cpp:199] InstancePrecompute: built 25 candidates
[2026-10-05 04:37:18.700] [info] [stationary.cpp:264] NN: cost=317.029669, feasible=true, active_stations=1
[2026-10-05 04:37:18.700] [info] [candidate.cpp:199] InstancePrecompute: built 25 candidates
[2026-10-05 04:37:18.700] [info] [stationary.cpp:264] NN: cost=222.777605, feasible=true, active_stations=1
[2026-10-05 04:37:18.700] [info] [candidate.cpp:199] InstancePrecompute: built 25 candidates
[2026-10-05 04:37:18.700] [info] [stationary.cpp:264] NN: cost=171.367389, feasible=true, active_stations=1
[2026-10-05 04:37:18.700] [info] [candidate.cpp:199] InstancePrecompute: built 25 candidates
[2026-10-05 04:37:18.700] [info] [stationary.cpp:264] NN: cost=158.514835, feasible=true, active_stations=1
[2026-10-05 04:37:18.700] [info] [candidate.cpp:199] InstancePrecompute: built 25 candidates
[2026-10-05 04:37:18.700] [info] [stationary.cpp:264] NN: cost=175.651573, feasible=true, active_stations=1
[2026-10-05 04:37:18.700] [info] [candidate.cpp:199] InstancePrecompute: built 25 candidates
[2026-10-05 04:37:18.700] [info] [stationary.cpp:264] NN: cost=222.777605, feasible=true, active_stations=1
[2026-10-05 04:37:18.700] [info] [candidate.cpp:199] InstancePrecompute: built 25 candidates
[2026-10-05 04:37:18.700] [info] [stationary.cpp:264] NN: cost=214.209236, feasible=true, active_stations=1
[2026-10-05 04:37:18.700] [info] [candidate.cpp:199] InstancePrecompute: built 25 candidates
[2026-10-05 04:37:18.700] [info] [stationary.cpp:264] NN: cost=381.292440, feasible=true, active_stations=1
[2026-10-05 04:37:18.700] [info] [candidate.cpp:199] InstancePrecompute: built 25 candidates
[2026-10-05 04:37:18.700] [info] [stationary.cpp:264] NN: cost=381.292440, feasible=true, active_stations=1
[2026-10-05 04:37:18.700] [info] [candidate.cpp:199] InstancePrecompute: built 25 candidates
[2026-10-05 04:37:18.700] [info] [stationary.cpp:264] NN: cost=248.482714, feasible=true, active_stations=1
[2026-10-05 04:37:18.700] [info] [candidate.cpp:199] InstancePrecompute: built 25 candidates
[2026-10-05 04:37:18.700] [info] [stationary.cpp:264] NN: cost=158.514835, feasible=true, active_stations=1
[2026-10-05 04:37:18.700] [info] [candidate.cpp:199] InstancePrecompute: built 25 candidates
[2026-10-05 04:37:18.700] [info] [stationary.cpp:264] NN: cost=312.745484, feasible=true, active_stations=1
[2026-10-05 04:37:18.700] [info] [candidate.cpp:199] InstancePrecompute: built 25 candidates
[2026-10-05 04:37:18.700] [info] [stationary.cpp:264] NN: cost=154.230650, feasible=true, active_stations=1
[2026-10-05 04:37:18.700] [info] [candidate.cpp:199] InstancePrecompute: built 25 candidates
[2026-10-05 04:37:18.700] [info] [stationary.cpp:264] NN: cost=317.029669, feasible=true, active_stations=1
[2026-10-05 04:37:18.700] [info] [candidate.cpp:199] InstancePrecompute: built 25 candidates
[2026-10-05 04:37:18.700] [info] [stationary.cpp:264] NN: cost=222.777605, feasible=true, active_stations=1
[2026-10-05 04:37:18.700] [info] [candidate.cpp:199] InstancePrecompute: built 25 candidates
[2026-10-05 04:37:18.700] [info] [stationary.cpp:264] NN: cost=171.367389, feasible=true, active_stations=1
[2026-10-05 04:37:18.700] [info] [candidate.cpp:199] InstancePrecompute: built 25 candidates
[2026-10-05 04:37:18.700] [info] [stationary.cpp:264] NN: cost=158.514835, feasible=true, active_stations=1
[2026-10-05 04:37:18.700] [info] [candidate.cpp:199] InstancePrecompute: built 25 candidates
[2026-10-05 04:37:18.700] [info] [stationary.cpp:264] NN: cost=175.651573, feasible=true, active_stations=1
[2026-10-05 04:37:18.700] [info] [candidate.cpp:199] InstancePrecompute: built 25 candidates
[2026-10-05 04:37:18.700] [info] [stationary.cpp:264] NN: cost=222.777605, feasible=true, active_stations=1
[2026-10-05 04:37:18.700] [info] [candidate.cpp:199] InstancePrecompute: built 25 candidates
[2026-10-05 04:37:18.700] [info] [stationary.cpp:264] NN: cost=214.209236, feasible=true, active_stations=1
[2026-10-05 04:37:18.700] [info] [candidate.cpp:199] InstancePrecompute: built 25 candidates
[2026-10-05 04:37:18.700] [info] [stationary.cpp:264] NN: cost=381.292440, feasible=true, active_stations=1
[2026-10-05 04:37:18.700] [info] [candidate.cpp:199] InstancePrecompute: built 25 candidates
[2026-10-05 04:37:18.700] [info] [stationary.cpp:264] NN: cost=381.292440, feasible=true, active_stations=1
[2026-10-05 04:37:18.700] [info] [candidate.cpp:199] InstancePrecompute: built 25 candidates
[2026-10-05 04:37:18.700] [info] [stationary.cpp:264] NN: cost=248.482714, feasible=true, active_stations=1
[2026-10-05 04:37:18.700] [info] [candidate.cpp:199] InstancePrecompute: built 25 candidates
[2026-10-05 04:37:18.700] [info] [stationary.cpp:264] NN: cost=158.514835, feasible=true, active_stations=1
[2026-10-05 04:37:18.700] [info] [candidate.cpp:199] InstancePrecompute: built 25 candidates
[2026-10-05 04:37:18.700] [info] [stationary.cpp:264] NN: cost=312.745484, feasible=true, active_stations=1
[2026-10-05 04:37:18.700] [info] [candidate.cpp:199] InstancePrecompute: built 25 candidates
[2026-10-05 04:37:18.700] [info] [stationary.cpp:264] NN: cost=154.230650, feasible=true, active_stations=1
[2026-10-05 04:37:18.700] [info] [candidate.cpp:199] InstancePrecompute: built 25 candidates
[2026-10-05 04:37:18.700] [info] [stationary.cpp:264] NN: cost=317.029669, feasible=true, active_stations=1
[2026-10-05 04:37:18.700] [info] [candidate.cpp:199] InstancePrecompute: built 25 candidates
[2026-10-05 04:37:18.700] [info] [stationary.cpp:264] NN: cost=222.777605, feasible=true, active_stations=1
[2026-10-05 04:37:18.700] [info] [candidate.cpp:199] InstancePrecompute: built 25 candidates
[2026-10-05 04:37:18.700] [info] [stationary.cpp:264] NN: cost=171.367389, feasible=true, active_stations=1
[2026-10-05 04:37:18.700] [info] [candidate.cpp:199] InstancePrecompute: built 25 candidates
[2026-10-05 04:37:18.700] [info] [stationary.cpp:264] NN: cost=158.514835, feasible=true, active_stations=1
[2026-10-05 04:37:18.700] [info] [candidate.cpp:199] InstancePrecompute: built 25 candidates
[2026-10-05 04:37:18.700] [info] [stationary.cpp:264] NN: cost=175.651573, feasible=true, active_stations=1
[2026-10-05 04:37:18.700] [info] [candidate.cpp:199] InstancePrecompute: built 25 candidates
[2026-10-05 04:37:18.700] [info] [stationary.cpp:264] NN: cost=222.777605, feasible=true, active_stations=1
[2026-10-05 04:37:18.700] [info] [candidate.cpp:199] InstancePrecompute: built 25 candidates
[2026-10-05 04:37:18.700] [info] [stationary.cpp:264] NN: cost=214.209236, feasible=true, active_stations=1
[2026-10-05 04:37:18.700] [info] [candidate.cpp:199] InstancePrecompute: built 25 candidates
[2026-10-05 04:37:18.700] [info] [stationary.cpp:264] NN: cost=381.292440, feasible=true, active_stations=1
[2026-10-05 04:37:18.700] [info] [candidate.cpp:199] InstancePrecompute: built 25 candidates
[2026-10-05 04:37:18.700] [info] [stationary.cpp:264] NN: cost=381.292440, feasible=true, active_stations=1
[2026-10-05 04:37:18.700] [info] [candidate.cpp:199] InstancePrecompute: built 25 candidates
[2026-10-05 04:37:18.700] [info] [stationary.cpp:264] NN: cost=248.482714, feasible=true, active_stations=1
[2026-10-05 04:37:18.700] [info] [candidate.cpp:199] InstancePrecompute: built 25 candidates
[2026-10-05 04:37:18.700] [info] [stationary.cpp:264] NN: cost=158.514835, feasible=true, active_stations=1
[2026-10-05 04:37:18.700] [info] [candidate.cpp:199] InstancePrecompute: built 25 candidates
[2026-10-05 04:37:18.700] [info] [stationary.cpp:264] NN: cost=312.745484, feasible=true, active_stations=1
[2026-10-05 04:37:18.700] [info] [candidate.cpp:199] InstancePrecompute: built 25 candidates
[2026-10-05 04:37:18.700] [info] [stationary.cpp:264] NN: cost=154.230650, feasible=true, active_stations=1
[2026-10-05 04:37:18.700] [info] [candidate.cpp:199] InstancePrecompute: built 25 candidates
[2026-10-05 04:37:18.700] [info] [stationary.cpp:264] NN: cost=317.029669, feasible=true, active_stations=1
[2026-10-05 04:37:18.700] [info] [candidate.cpp:199] InstancePrecompute: built 25 candidates
[2026-10-05 04:37:18.700] [info] [stationary.cpp:264] NN: cost=222.777605, feasible=true, active_stations=1
[2026-10-05 04:37:18.700] [info] [candidate.cpp:199] InstancePrecompute: built 25 candidates
[2026-10-05 04:37:18.700] [info] [stationary.cpp:264] NN: cost=171.367389, feasible=true, active_stations=1
[2026-10-05 04:37:18.700] [info] [candidate.cpp:199] InstancePrecompute: built 25 candidates
[2026-10-05 04:37:18.700] [info] [stationary.cpp:264] NN: cost=158.514835, feasible=true, active_stations=1
[2026-10-05 04:37:18.700] [info] [candidate.cpp:199] InstancePrecompute: built 25 candidates
[2026-10-05 04:37:18.700] [info] [stationary.cpp:264] NN: cost=175.651573, feasible=true, active_stations=1
[2026-10-05 04:37:18.700] [info] [candidate.cpp:199] InstancePrecompute: built 25 candidates
[2026-10-05 04:37:18.700] [info] [stationary.cpp:264] NN: cost=222.777605, feasible=true, active_stations=1
[2026-10-05 04:37:18.700] [info] [candidate.cpp:199] InstancePrecompute: built 25 candidates
[2026-10-05 04:37:18.700] [info] [stationary.cpp:264] NN: cost=214.209236, feasible=true, active_stations=1
[2026-10-05 04:37:18.700] [info] [candidate.cpp:199] InstancePrecompute: built 25 candidates
[2026-10-05 04:37:18.700] [info] [stationary.cpp:264] NN: cost=381.292440, feasible=true, active_stations=1
[2026-10-05 04:37:18.700] [info] [candidate.cpp:199] InstancePrecompute: built 25 candidates
[2026-10-05 04:37:18.700] [info] [stationary.cpp:264] NN: cost=381.292440, feasible=true, active_stations=1
[2026-10-05 04:37:18.700] [info] [candidate.cpp:199] InstancePrecompute: built 25 candidates
[2026-10-05 04:37:18.700] [info] [stationary.cpp:264] NN: cost=248.482714, feasible=true, active_stations=1
[2026-10-05 04:37:18.700] [info] [candidate.cpp:199] InstancePrecompute: built 25 candidates
[2026-10-05 04:37:18.700] [info] [stationary.cpp:264] NN: cost=158.514835, feasible=true, active_stations=1
[2026-10-05 04:37:18.700] [info] [candidate.cpp:199] InstancePrecompute: built 25 candidates
[2026-10-05 04:37:18.700] [info] [stationary.cpp:264] NN: cost=312.745484, feasible=true, active_stations=1
[2026-10-05 04:37:18.700] [info] [candidate.cpp:199] InstancePrecompute: built 25 candidates
[2026-10-05 04:37:18.700] [info] [stationary.cpp:264] NN: cost=154.230650, feasible=true, active_stations=1
[2026-10-05 04:37:18.700] [info] [candidate.cpp:199] InstancePrecompute: built 25 candidates
[2026-10-05 04:37:18.700] [info] [stationary.cpp:264] NN: cost=317.029669, feasible=true, active_stations=1
[2026-10-05 04:37:18.700] [info] [candidate.cpp:199] InstancePrecompute: built 50 candidates
[2026-10-05 04:37:18.700] [info] [stationary.cpp:264] NN: cost=394.144994, feasible=true, active_stations=2
[2026-10-05 04:37:18.700] [info] [candidate.cpp:199] InstancePrecompute: built 25 candidates
[2026-10-05 04:37:18.700] [info] [stationary.cpp:264] NN: cost=158.514835, feasible=true, active_stations=1
[2026-10-05 04:37:18.700] [info] [candidate.cpp:199] InstancePrecompute: built 25 candidates
[2026-10-05 04:37:18.700] [info] [stationary.cpp:264] NN: cost=175.651573, feasible=true, active_stations=1
[2026-10-05 04:37:18.700] [info] [candidate.cpp:199] InstancePrecompute: built 25 candidates
[2026-10-05 04:37:18.700] [info] [stationary.cpp:264] NN: cost=222.777605, feasible=true, active_stations=1
[2026-10-05 04:37:18.700] [info] [candidate.cpp:199] InstancePrecompute: built 25 candidates
[2026-10-05 04:37:18.700] [info] [stationary.cpp:264] NN: cost=214.209236, feasible=true, active_stations=1
[2026-10-05 04:37:18.700] [info] [candidate.cpp:199] InstancePrecompute: built 25 candidates
[2026-10-05 04:37:18.700] [info] [stationary.cpp:264] NN: cost=381.292440, feasible=true, active_stations=1
[2026-10-05 04:37:18.700] [info] [candidate.cpp:199] InstancePrecompute: built 25 candidates
[2026-10-05 04:37:18.700] [info] [stationary.cpp:264] NN: cost=381.292440, feasible=true, active_stations=1
[2026-10-05 04:37:18.700] [info] [candidate.cpp:199] InstancePrecompute: built 25 candidates
[2026-10-05 04:37:18.700] [info] [stationary.cpp:264] NN: cost=248.482714, feasible=true, active_stations=1
[2026-10-05 04:37:18.700] [info] [candidate.cpp:199] InstancePrecompute: built 25 candidates
[2026-10-05 04:37:18.700] [info] [stationary.cpp:264] NN: cost=158.514835, feasible=true, active_stations=1
[2026-10-05 04:37:18.700] [info] [candidate.cpp:199] InstancePrecompute: built 25 candidates
[2026-10-05 04:37:18.700] [info] [stationary.cpp:264] NN: cost=312.745484, feasible=true, active_stations=1
[2026-10-05 04:37:18.700] [info] [candidate.cpp:199] InstancePrecompute: built 25 candidates
[2026-10-05 04:37:18.700] [info] [stationary.cpp:264] NN: cost=154.230650, feasible=true, active_stations=1
[2026-10-05 04:37:18.700] [info] [candidate.cpp:199] InstancePrecompute: built 25 candidates
[2026-10-05 04:37:18.700] [info] [stationary.cpp:264] NN: cost=317.029669, feasible=true, active_stations=1
[2026-10-05 04:37:18.700] [info] [candidate.cpp:199] InstancePrecompute: built 25 candidates
[2026-10-05 04:37:18.700] [info] [stationary.cpp:264] NN: cost=222.777605, feasible=true, active_stations=1
[2026-10-05 04:37:18.700] [info] [candidate.cpp:199] InstancePrecompute: built 25 candidates
[2026-10-05 04:37:18.700] [info] [stationary.cpp:264] NN: cost=158.514835, feasible=true, active_stations=1
[2026-10-05 04:37:18.700] [info] [candidate.cpp:199] InstancePrecompute: built 25 candidates
[2026-10-05 04:37:18.700] [info] [stationary.cpp:264] NN: cost=171.367389, feasible=true, active_stations=1
[2026-10-05 04:37:18.700] [info] [candidate.cpp:199] InstancePrecompute: built 25 candidates
[2026-10-05 04:37:18.700] [info] [stationary.cpp:264] NN: cost=175.651573, feasible=true, active_stations=1
[2026-10-05 04:37:18.700] [info] [candidate.cpp:199] InstancePrecompute: built 25 candidates
[2026-10-05 04:37:18.700] [info] [stationary.cpp:264] NN: cost=222.777605, feasible=true, active_stations=1
[2026-10-05 04:37:18.700] [info] [candidate.cpp:199] InstancePrecompute: built 25 candidates
[2026-10-05 04:37:18.700] [info] [stationary.cpp:264] NN: cost=214.209236, feasible=true, active_stations=1
[2026-10-05 04:37:18.700] [info] [candidate.cpp:199] InstancePrecompute: built 25 candidates
[2026-10-05 04:37:18.700] [info] [stationary.cpp:264] NN: cost=381.292440, feasible=true, active_stations=1
[2026-10-05 04:37:18.700] [info] [candidate.cpp:199] InstancePrecompute: built 25 candidates
[2026-10-05 04:37:18.700] [info] [stationary.cpp:264] NN: cost=381.292440, feasible=true, active_stations=1
[2026-10-05 04:37:18.700] [info] [candidate.cpp:199] InstancePrecompute: built 25 candidates
[2026-10-05 04:37:18.700] [info] [stationary.cpp:264] NN: cost=248.482714, feasible=true, active_stations=1
[2026-10-05 04:37:18.700] [info] [candidate.cpp:199] InstancePrecompute: built 25 candidates
[2026-10-05 04:37:18.700] [info] [stationary.cpp:264] NN: cost=158.514835, feasible=true, active_stations=1
[2026-10-05 04:37:18.700] [info] [candidate.cpp:199] InstancePrecompute: built 25 candidates
[2026-10-05 04:37:18.700] [info] [stationary.cpp:264] NN: cost=312.745484, feasible=true, active_stations=1
[2026-10-05 04:37:18.700] [info] [candidate.cpp:199] InstancePrecompute: built 25 candidates
[2026-10-05 04:37:18.700] [info] [stationary.cpp:264] NN: cost=154.230650, feasible=true, active_stations=1
[2026-10-05 04:37:18.700] [info] [candidate.cpp:199] InstancePrecompute: built 25 candidates
[2026-10-05 04:37:18.700] [info] [stationary.cpp:264] NN: cost=317.029669, feasible=true, active_stations=1
[2026-10-05 04:37:18.700] [info] [candidate.cpp:199] InstancePrecompute: built 25 candidates
[2026-10-05 04:37:18.700] [info] [stationary.cpp:264] NN: cost=222.777605, feasible=true, active_stations=1
[2026-10-05 04:37:18.700] [info] [candidate.cpp:199] InstancePrecompute: built 25 candidates
[2026-10-05 04:37:18.700] [info] [stationary.cpp:264] NN: cost=158.514835, feasible=true, active_stations=1
[2026-10-05 04:37:18.700] [info] [candidate.cpp:199] InstancePrecompute: built 25 candidates
[2026-10-05 04:37:18.700] [info] [stationary.cpp:264] NN: cost=171.367389, feasible=true, active_stations=1
[2026-10-05 04:37:18.700] [info] [candidate.cpp:199] InstancePrecompute: built 25 candidates
[2026-10-05 04:37:18.700] [info] [stationary.cpp:264] NN: cost=175.651573, feasible=true, active_stations=1
[2026-10-05 04:37:18.700] [info] [candidate.cpp:199] InstancePrecompute: built 25 candidates
[2026-10-05 04:37:18.700] [info] [stationary.cpp:264] NN: cost=222.777605, feasible=true, active_stations=1
[2026-10-05 04:37:18.700] [info] [candidate.cpp:199] InstancePrecompute: built 25 candidates
[2026-10-05 04:37:18.700] [info] [stationary.cpp:264] NN: cost=214.209236, feasible=true, active_stations=1
[2026-10-05 04:37:18.700] [info] [candidate.cpp:199] InstancePrecompute: built 25 candidates
[2026-10-05 04:37:18.700] [info] [stationary.cpp:264] NN: cost=381.292440, feasible=true, active_stations=1
[2026-10-05 04:37:18.700] [info] [candidate.cpp:199] InstancePrecompute: built 25 candidates
[2026-10-05 04:37:18.700] [info] [stationary.cpp:264] NN: cost=381.292440, feasible=true, active_stations=1
[2026-10-05 04:37:18.700] [info] [candidate.cpp:199] InstancePrecompute: built 25 candidates
[2026-10-05 04:37:18.700] [info] [stationary.cpp:264] NN: cost=248.482714, feasible=true, active_stations=1
[2026-10-05 04:37:18.700] [info] [candidate.cpp:199] InstancePrecompute: built 25 candidates
[2026-10-05 04:37:18.700] [info] [stationary.cpp:264] NN: cost=158.514835, feasible=true, active_stations=1
[2026-10-05 04:37:18.700] [info] [candidate.cpp:199] InstancePrecompute: built 25 candidates
[2026-10-05 04:37:18.700] [info] [stationary.cpp:264] NN: cost=312.745484, feasible=true, active_stations=1
[2026-10-05 04:37:18.700] [info] [candidate.cpp:199] InstancePrecompute: built 25 candidates
[2026-10-05 04:37:18.700] [info] [stationary.cpp:264] NN: cost=154.230650, feasible=true, active_stations=1
[2026-10-05 04:37:18.700] [info] [candidate.cpp:199] InstancePrecompute: built 25 candidates
[2026-10-05 04:37:18.700] [info] [stationary.cpp:264] NN: cost=317.029669, feasible=true, active_stations=1
[2026-10-05 04:37:18.700] [info] [candidate.cpp:199] InstancePrecompute: built 25 candidates
[2026-10-05 04:37:18.700] [info] [stationary.cpp:264] NN: cost=222.777605, feasible=true, active_stations=1
[2026-10-05 04:37:18.700] [info] [candidate.cpp:199] InstancePrecompute: built 25 candidates
[2026-10-05 04:37:18.700] [info] [stationary.cpp:264] NN: cost=158.514835, feasible=true, active_stations=1
[2026-10-05 04:37:18.700] [info] [candidate.cpp:199] InstancePrecompute: built 25 candidates
[2026-10-05 04:37:18.700] [info] [stationary.cpp:264] NN: cost=171.367389, feasible=true, active_stations=1
[2026-10-05 04:37:18.700] [info] [candidate.cpp:199] InstancePrecompute: built 25 candidates
[2026-10-05 04:37:18.700] [info] [stationary.cpp:264] NN: cost=175.651573, feasible=true, active_stations=1
[2026-10-05 04:37:18.700] [info] [candidate.cpp:199] InstancePrecompute: built 25 candidates
[2026-10-05 04:37:18.700] [info] [stationary.cpp:264] NN: cost=222.777605, feasible=true, active_stations=1
[2026-10-05 04:37:18.700] [info] [candidate.cpp:199] InstancePrecompute: built 25 candidates
[2026-10-05 04:37:18.700] [info] [stationary.cpp:264] NN: cost=214.209236, feasible=true, active_stations=1
[2026-10-05 04:37:18.700] [info] [candidate.cpp:199] InstancePrecompute: built 25 candidates
[2026-10-05 04:37:18.700] [info] [stationary.cpp:264] NN: cost=381.292440, feasible=true, active_stations=1
[2026-10-05 04:37:18.700] [info] [candidate.cpp:199] InstancePrecompute: built 25 candidates
[2026-10-05 04:37:18.700] [info] [stationary.cpp:264] NN: cost=381.292440, feasible=true, active_stations=1
[2026-10-05 04:37:18.700] [info] [candidate.cpp:199] InstancePrecompute: built 25 candidates
[2026-10-05 04:37:18.700] [info] [stationary.cpp:264] NN: cost=248.482714, feasible=true, active_stations=1
[2026-10-05 04:37:18.700] [info] [candidate.cpp:199] InstancePrecompute: built 25 candidates
[2026-10-05 04:37:18.700] [info] [stationary.cpp:264] NN: cost=158.514835, feasible=true, active_stations=1
[2026-10-05 04:37:18.700] [info] [candidate.cpp:199] InstancePrecompute: built 25 candidates
[2026-10-05 04:37:18.700] [info] [stationary.cpp:264] NN: cost=312.745484, feasible=true, active_stations=1
[2026-10-05 04:37:18.700] [info] [candidate.cpp:199] InstancePrecompute: built 25 candidates
[2026-10-05 04:37:18.700] [info] [stationary.cpp:264] NN: cost=154.230650, feasible=true, active_stations=1
[2026-10-05 04:37:18.700] [info] [candidate.cpp:199] InstancePrecompute: built 25 candidates
[2026-10-05 04:37:18.700] [info] [stationary.cpp:264] NN: cost=317.029669, feasible=true, active_stations=1
[2026-10-05 04:37:18.700] [info] [candidate.cpp:199] InstancePrecompute: built 25 candidates
[2026-10-05 04:37:18.700] [info] [stationary.cpp:264] NN: cost=222.777605, feasible=true, active_stations=1
[2026-10-05 04:37:18.700] [info] [candidate.cpp:199] InstancePrecompute: built 25 candidates
[2026-10-05 04:37:18.700] [info] [stationary.cpp:264] NN: cost=158.514835, feasible=true, active_stations=1
[2026-10-05 04:37:18.700] [info] [candidate.cpp:199] InstancePrecompute: built 25 candidates
[2026-10-05 04:37:18.700] [info] [stationary.cpp:264] NN: cost=171.367389, feasible=true, active_stations=1
[2026-10-05 04:37:18.700] [info] [candidate.cpp:199] InstancePrecompute: built 25 candidates
[2026-10-05 04:37:18.700] [info] [stationary.cpp:264] NN: cost=175.651573, feasible=true, active_stations=1
[2026-10-05 04:37:18.700] [info] [candidate.cpp:199] InstancePrecompute: built 25 candidates
[2026-10-05 04:37:18.700] [info] [stationary.cpp:264] NN: cost=222.777605, feasible=true, active_stations=1
[2026-10-05 04:37:18.700] [info] [candidate.cpp:199] InstancePrecompute: built 25 candidates
[2026-10-05 04:37:18.700] [info] [stationary.cpp:264] NN: cost=214.209236, feasible=true, active_stations=1
[2026-10-05 04:37:18.700] [info] [candidate.cpp:199] InstancePrecompute: built 25 candidates
[2026-10-05 04:37:18.700] [info] [stationary.cpp:264] NN: cost=381.292440, feasible=true, active_stations=1
[2026-10-05 04:37:18.701] [info] [candidate.cpp:199] InstancePrecompute: built 25 candidates
[2026-10-05 04:37:18.701] [info] [stationary.cpp:264] NN: cost=381.292440, feasible=true, active_stations=1
[2026-10-05 04:37:18.701] [info] [candidate.cpp:199] InstancePrecompute: built 25 candidates
[2026-10-05 04:37:18.701] [info] [stationary.cpp:264] NN: cost=248.482714, feasible=true, active_stations=1
[2026-10-05 04:37:18.701] [info] [candidate.cpp:199] InstancePrecompute: built 25 candidates
[2026-10-05 04:37:18.701] [info] [stationary.cpp:264] NN: cost=158.514835, feasible=true, active_stations=1
[2026-10-05 04:37:18.701] [info] [candidate.cpp:199] InstancePrecompute: built 25 candidates
[2026-10-05 04:37:18.701] [info] [stationary.cpp:264] NN: cost=312.745484, feasible=true, active_stations=1
[2026-10-05 04:37:18.701] [info] [candidate.cpp:199] InstancePrecompute: built 25 candidates
[2026-10-05 04:37:18.701] [info] [stationary.cpp:264] NN: cost=154.230650, feasible=true, active_stations=1
[2026-10-05 04:37:18.701] [info] [candidate.cpp:199] InstancePrecompute: built 25 candidates
[2026-10-05 04:37:18.701] [info] [stationary.cpp:264] NN: cost=317.029669, feasible=true, active_stations=1
[2026-10-05 04:37:18.701] [info] [candidate.cpp:199] InstancePrecompute: built 25 candidates
[2026-10-05 04:37:18.701] [info] [stationary.cpp:264] NN: cost=222.777605, feasible=true, active_stations=1
[2026-10-05 04:37:18.701] [info] [candidate.cpp:199] InstancePrecompute: built 25 candidates
[2026-10-05 04:37:18.701] [info] [stationary.cpp:264] NN: cost=158.514835, feasible=true, active_stations=1
[2026-10-05 04:37:18.701] [info] [candidate.cpp:199] InstancePrecompute: built 25 candidates
[2026-10-05 04:37:18.701] [info] [stationary.cpp:264] NN: cost=171.367389, feasible=true, active_stations=1
[2026-10-05 04:37:18.701] [info] [candidate.cpp:199] InstancePrecompute: built 25 candidates
[2026-10-05 04:37:18.701] [info] [stationary.cpp:264] NN: cost=175.651573, feasible=true, active_stations=1
[2026-10-05 04:37:18.701] [info] [candidate.cpp:199] InstancePrecompute: built 25 candidates
[2026-10-05 04:37:18.701] [info] [stationary.cpp:264] NN: cost=222.777605, feasible=true, active_stations=1
[2026-10-05 04:37:18.701] [info] [candidate.cpp:199] InstancePrecompute: built 25 candidates
[2026-10-05 04:37:18.701] [info] [stationary.cpp:264] NN: cost=214.209236, feasible=true, active_stations=1
[2026-10-05 04:37:18.701] [info] [candidate.cpp:199] InstancePrecompute: built 25 candidates
[2026-10-05 04:37:18.701] [info] [stationary.cpp:264] NN: cost=381.292440, feasible=true, active_stations=1
[2026-10-05 04:37:18.701] [info] [candidate.cpp:199] InstancePrecompute: built 25 candidates
[2026-10-05 04:37:18.701] [info] [stationary.cpp:264] NN: cost=381.292440, feasible=true, active_stations=1
[2026-10-05 04:37:18.701] [info] [candidate.cpp:199] InstancePrecompute: built 25 candidates
[2026-10-05 04:37:18.701] [info] [stationary.cpp:264] NN: cost=248.482714, feasible=true, active_stations=1
[2026-10-05 04:37:18.701] [info] [candidate.cpp:199] InstancePrecompute: built 25 candidates
[2026-10-05 04:37:18.701] [info] [stationary.cpp:264] NN: cost=158.514835, feasible=true, active_stations=1
[2026-10-05 04:37:18.701] [info] [candidate.cpp:199] InstancePrecompute: built 25 candidates
[2026-10-05 04:37:18.701] [info] [stationary.cpp:264] NN: cost=312.745484, feasible=true, active_stations=1
[2026-10-05 04:37:18.701] [info] [candidate.cpp:199] InstancePrecompute: built 25 candidates
[2026-10-05 04:37:18.701] [info] [stationary.cpp:264] NN: cost=154.230650, feasible=true, active_stations=1
[2026-10-05 04:37:18.701] [info] [candidate.cpp:199] InstancePrecompute: built 25 candidates
[2026-10-05 04:37:18.701] [info] [stationary.cpp:264] NN: cost=317.029669, feasible=true, active_stations=1
[2026-10-05 04:37:18.701] [info] [candidate.cpp:199] InstancePrecompute: built 25 candidates
[2026-10-05 04:37:18.701] [info] [stationary.cpp:264] NN: cost=222.777605, feasible=true, active_stations=1
[2026-10-05 04:37:18.701] [info] [candidate.cpp:199] InstancePrecompute: built 25 candidates
[2026-10-05 04:37:18.701] [info] [stationary.cpp:264] NN: cost=158.514835, feasible=true, active_stations=1
[2026-10-05 04:37:18.701] [info] [candidate.cpp:199] InstancePrecompute: built 25 candidates
[2026-10-05 04:37:18.701] [info] [stationary.cpp:264] NN: cost=171.367389, feasible=true, active_stations=1
[2026-10-05 04:37:18.701] [info] [candidate.cpp:199] InstancePrecompute: built 25 candidates
[2026-10-05 04:37:18.701] [info] [stationary.cpp:264] NN: cost=175.651573, feasible=true, active_stations=1
[2026-10-05 04:37:18.701] [info] [candidate.cpp:199] InstancePrecompute: built 25 candidates
[2026-10-05 04:37:18.701] [info] [stationary.cpp:264] NN: cost=222.777605, feasible=true, active_stations=1
[2026-10-05 04:37:18.701] [info] [candidate.cpp:199] InstancePrecompute: built 25 candidates
[2026-10-05 04:37:18.701] [info] [stationary.cpp:264] NN: cost=214.209236, feasible=true, active_stations=1
[2026-10-05 04:37:18.701] [info] [candidate.cpp:199] InstancePrecompute: built 25 candidates
[2026-10-05 04:37:18.701] [info] [stationary.cpp:264] NN: cost=381.292440, feasible=true, active_stations=1
[2026-10-05 04:37:18.701] [info] [candidate.cpp:199] InstancePrecompute: built 25 candidates
[2026-10-05 04:37:18.701] [info] [stationary.cpp:264] NN: cost=381.292440, feasible=true, active_stations=1
[2026-10-05 04:37:18.701] [info] [candidate.cpp:199] InstancePrecompute: built 25 candidates
[2026-10-05 04:37:18.701] [info] [stationary.cpp:264] NN: cost=312.745484, feasible=true, active_stations=1
[2026-10-05 04:37:18.701] [info] [candidate.cpp:199] InstancePrecompute: built 50 candidates
[2026-10-05 04:37:18.701] [info] [stationary.cpp:264] NN: cost=402.713363, feasible=true, active_stations=2
[2026-10-05 04:37:18.701] [info] [candidate.cpp:199] InstancePrecompute: built 25 candidates
[2026-10-05 04:37:18.701] [info] [stationary.cpp:264] NN: cost=317.029669, feasible=true, active_stations=1
[2026-10-05 04:37:18.701] [info] [candidate.cpp:199] InstancePrecompute: built 25 candidates
[2026-10-05 04:37:18.701] [info] [stationary.cpp:264] NN: cost=158.514835, feasible=true, active_stations=1
[2026-10-05 04:37:18.701] [info] [candidate.cpp:199] InstancePrecompute: built 25 candidates
[2026-10-05 04:37:18.701] [info] [stationary.cpp:264] NN: cost=222.777605, feasible=true, active_stations=1
[2026-10-05 04:37:18.701] [info] [candidate.cpp:199] InstancePrecompute: built 25 candidates
[2026-10-05 04:37:18.701] [info] [stationary.cpp:264] NN: cost=158.514835, feasible=true, active_stations=1
[2026-10-05 04:37:18.701] [info] [candidate.cpp:199] InstancePrecompute: built 25 candidates
[2026-10-05 04:37:18.701] [info] [stationary.cpp:264] NN: cost=171.367389, feasible=true, active_stations=1
[2026-10-05 04:37:18.701] [info] [candidate.cpp:199] InstancePrecompute: built 25 candidates
[2026-10-05 04:37:18.701] [info] [stationary.cpp:264] NN: cost=175.651573, feasible=true, active_stations=1
[2026-10-05 04:37:18.701] [info] [candidate.cpp:199] InstancePrecompute: built 25 candidates
[2026-10-05 04:37:18.701] [info] [stationary.cpp:264] NN: cost=222.777605, feasible=true, active_stations=1
[2026-10-05 04:37:18.701] [info] [candidate.cpp:199] InstancePrecompute: built 25 candidates
[2026-10-05 04:37:18.701] [info] [stationary.cpp:264] NN: cost=214.209236, feasible=true, active_stations=1
[2026-10-05 04:37:18.701] [info] [candidate.cpp:199] InstancePrecompute: built 25 candidates
[2026-10-05 04:37:18.701] [info] [stationary.cpp:264] NN: cost=381.292440, feasible=true, active_stations=1
[2026-10-05 04:37:18.701] [info] [candidate.cpp:199] InstancePrecompute: built 25 candidates
[2026-10-05 04:37:18.701] [info] [stationary.cpp:264] NN: cost=381.292440, feasible=true, active_stations=1
[2026-10-05 04:37:18.701] [info] [candidate.cpp:199] InstancePrecompute: built 25 candidates
[2026-10-05 04:37:18.701] [info] [stationary.cpp:264] NN: cost=312.745484, feasible=true, active_stations=1
[2026-10-05 04:37:18.701] [info] [candidate.cpp:199] InstancePrecompute: built 50 candidates
[2026-10-05 04:37:18.701] [info] [stationary.cpp:264] NN: cost=402.713363, feasible=true, active_stations=2
[2026-10-05 04:37:18.701] [info] [candidate.cpp:199] InstancePrecompute: built 25 candidates
[2026-10-05 04:37:18.701] [info] [stationary.cpp:264] NN: cost=317.029669, feasible=true, active_stations=1
[2026-10-05 04:37:18.701] [info] [candidate.cpp:199] InstancePrecompute: built 25 candidates
[2026-10-05 04:37:18.701] [info] [stationary.cpp:264] NN: cost=158.514835, feasible=true, active_stations=1
[2026-10-05 04:37:18.701] [info] [candidate.cpp:199] InstancePrecompute: built 25 candidates
[2026-10-05 04:37:18.701] [info] [stationary.cpp:264] NN: cost=222.777605, feasible=true, active_stations=1
[2026-10-05 04:37:18.701] [info] [candidate.cpp:199] InstancePrecompute: built 25 candidates
[2026-10-05 04:37:18.701] [info] [stationary.cpp:264] NN: cost=158.514835, feasible=true, active_stations=1
[2026-10-05 04:37:18.701] [info] [candidate.cpp:199] InstancePrecompute: built 25 candidates
[2026-10-05 04:37:18.701] [info] [stationary.cpp:264] NN: cost=171.367389, feasible=true, active_stations=1
[2026-10-05 04:37:18.701] [info] [candidate.cpp:199] InstancePrecompute: built 25 candidates
[2026-10-05 04:37:18.701] [info] [stationary.cpp:264] NN: cost=175.651573, feasible=true, active_stations=1
[2026-10-05 04:37:18.701] [info] [candidate.cpp:199] InstancePrecompute: built 25 candidates
[2026-10-05 04:37:18.701] [info] [stationary.cpp:264] NN: cost=222.777605, feasible=true, active_stations=1
[2026-10-05 04:37:18.701] [info] [candidate.cpp:199] InstancePrecompute: built 25 candidates
[2026-10-05 04:37:18.701] [info] [stationary.cpp:264] NN: cost=214.209236, feasible=true, active_stations=1
[2026-10-05 04:37:18.701] [info] [candidate.cpp:199] InstancePrecompute: built 25 candidates
[2026-10-05 04:37:18.701] [info] [stationary.cpp:264] NN: cost=381.292440, feasible=true, active_stations=1
[2026-10-05 04:37:18.701] [info] [candidate.cpp:199] InstancePrecompute: built 25 candidates
[2026-10-05 04:37:18.701] [info] [stationary.cpp:264] NN: cost=381.292440, feasible=true, active_stations=1
[2026-10-05 04:37:18.701] [info] [candidate.cpp:199] InstancePrecompute: built 25 candidates
[2026-10-05 04:37:18.701] [info] [stationary.cpp:264] NN: cost=312.745484, feasible=true, active_stations=1
[2026-10-05 04:37:18.701] [info] [candidate.cpp:199] InstancePrecompute: built 50 candidates
[2026-10-05 04:37:18.701] [info] [stationary.cpp:264] NN: cost=402.713363, feasible=true, active_stations=2
[2026-10-05 04:37:18.701] [info] [candidate.cpp:199] InstancePrecompute: built 25 candidates
[2026-10-05 04:37:18.701] [info] [stationary.cpp:264] NN: cost=317.029669, feasible=true, active_stations=1
[2026-10-05 04:37:18.701] [info] [candidate.cpp:199] InstancePrecompute: built 25 candidates
[2026-10-05 04:37:18.701] [info] [stationary.cpp:264] NN: cost=158.514835, feasible=true, active_stations=1
[2026-10-05 04:37:18.701] [info] [candidate.cpp:199] InstancePrecompute: built 25 candidates
[2026-10-05 04:37:18.701] [info] [stationary.cpp:264] NN: cost=222.777605, feasible=true, active_stations=1
[2026-10-05 04:37:18.701] [info] [candidate.cpp:199] InstancePrecompute: built 25 candidates
[2026-10-05 04:37:18.701] [info] [stationary.cpp:264] NN: cost=158.514835, feasible=true, active_stations=1
[2026-10-05 04:37:18.701] [info] [candidate.cpp:199] InstancePrecompute: built 25 candidates
[2026-10-05 04:37:18.701] [info] [stationary.cpp:264] NN: cost=171.367389, feasible=true, active_stations=1
[2026-10-05 04:37:18.701] [info] [candidate.cpp:199] InstancePrecompute: built 25 candidates
[2026-10-05 04:37:18.701] [info] [stationary.cpp:264] NN: cost=175.651573, feasible=true, active_stations=1
[2026-10-05 04:37:18.701] [info] [candidate.cpp:199] InstancePrecompute: built 25 candidates
[2026-10-05 04:37:18.701] [info] [stationary.cpp:264] NN: cost=222.777605, feasible=true, active_stations=1
[2026-10-05 04:37:18.701] [info] [candidate.cpp:199] InstancePrecompute: built 25 candidates
[2026-10-05 04:37:18.701] [info] [stationary.cpp:264] NN: cost=214.209236, feasible=true, active_stations=1
[2026-10-05 04:37:18.701] [info] [candidate.cpp:199] InstancePrecompute: built 25 candidates
[2026-10-05 04:37:18.701] [info] [stationary.cpp:264] NN: cost=381.292440, feasible=true, active_stations=1
[2026-10-05 04:37:18.701] [info] [candidate.cpp:199] InstancePrecompute: built 25 candidates
[2026-10-05 04:37:18.701] [info] [stationary.cpp:264] NN: cost=381.292440, feasible=true, active_stations=1
[2026-10-05 04:37:18.701] [info] [candidate.cpp:199] InstancePrecompute: built 25 candidates
[2026-10-05 04:37:18.701] [info] [stationary.cpp:264] NN: cost=312.745484, feasible=true, active_stations=1
[2026-10-05 04:37:18.701] [info] [candidate.cpp:199] InstancePrecompute: built 50 candidates
[2026-10-05 04:37:18.701] [info] [stationary.cpp:264] NN: cost=402.713363, feasible=true, active_stations=2
[2026-10-05 04:37:18.701] [info] [candidate.cpp:199] InstancePrecompute: built 50 candidates
[2026-10-05 04:37:18.701] [info] [stationary.cpp:264] NN: cost=475.544504, feasible=true, active_stations=2
[2026-10-05 04:37:18.701] [info] [candidate.cpp:199] InstancePrecompute: built 25 candidates
[2026-10-05 04:37:18.701] [info] [stationary.cpp:264] NN: cost=222.777605, feasible=true, active_stations=1
[2026-10-05 04:37:18.701] [info] [candidate.cpp:199] InstancePrecompute: built 25 candidates
[2026-10-05 04:37:18.701] [info] [stationary.cpp:264] NN: cost=158.514835, feasible=true, active_stations=1
[2026-10-05 04:37:18.701] [info] [candidate.cpp:199] InstancePrecompute: built 25 candidates
[2026-10-05 04:37:18.701] [info] [stationary.cpp:264] NN: cost=171.367389, feasible=true, active_stations=1
[2026-10-05 04:37:18.701] [info] [candidate.cpp:199] InstancePrecompute: built 25 candidates
[2026-10-05 04:37:18.701] [info] [stationary.cpp:264] NN: cost=175.651573, feasible=true, active_stations=1
[2026-10-05 04:37:18.701] [info] [candidate.cpp:199] InstancePrecompute: built 25 candidates
[2026-10-05 04:37:18.701] [info] [stationary.cpp:264] NN: cost=222.777605, feasible=true, active_stations=1
[2026-10-05 04:37:18.701] [info] [candidate.cpp:199] InstancePrecompute: built 25 candidates
[2026-10-05 04:37:18.701] [info] [stationary.cpp:264] NN: cost=214.209236, feasible=true, active_stations=1
[2026-10-05 04:37:18.701] [info] [candidate.cpp:199] InstancePrecompute: built 25 candidates
[2026-10-05 04:37:18.701] [info] [stationary.cpp:264] NN: cost=381.292440, feasible=true, active_stations=1
[2026-10-05 04:37:18.701] [info] [candidate.cpp:199] InstancePrecompute: built 25 candidates
[2026-10-05 04:37:18.701] [info] [stationary.cpp:264] NN: cost=381.292440, feasible=true, active_stations=1
[2026-10-05 04:37:18.701] [info] [candidate.cpp:199] InstancePrecompute: built 25 candidates
[2026-10-05 04:37:18.701] [info] [stationary.cpp:264] NN: cost=312.745484, feasible=true, active_stations=1
[2026-10-05 04:37:18.701] [info] [candidate.cpp:199] InstancePrecompute: built 25 candidates
[2026-10-05 04:37:18.701] [info] [stationary.cpp:264] NN: cost=154.230650, feasible=true, active_stations=1
[2026-10-05 04:37:18.701] [info] [candidate.cpp:199] InstancePrecompute: built 25 candidates
[2026-10-05 04:37:18.701] [info] [stationary.cpp:264] NN: cost=248.482714, feasible=true, active_stations=1
[2026-10-05 04:37:18.701] [info] [candidate.cpp:199] InstancePrecompute: built 25 candidates
[2026-10-05 04:37:18.701] [info] [stationary.cpp:264] NN: cost=317.029669, feasible=true, active_stations=1
[2026-10-05 04:37:18.701] [info] [candidate.cpp:199] InstancePrecompute: built 25 candidates
[2026-10-05 04:37:18.701] [info] [stationary.cpp:264] NN: cost=158.514835, feasible=true, active_stations=1
[2026-10-05 04:37:18.701] [info] [candidate.cpp:199] InstancePrecompute: built 25 candidates
[2026-10-05 04:37:18.701] [info] [stationary.cpp:264] NN: cost=222.777605, feasible=true, active_stations=1
[2026-10-05 04:37:18.701] [info] [candidate.cpp:199] InstancePrecompute: built 25 candidates
[2026-10-05 04:37:18.701] [info] [stationary.cpp:264] NN: cost=158.514835, feasible=true, active_stations=1
[2026-10-05 04:37:18.701] [info] [candidate.cpp:199] InstancePrecompute: built 25 candidates
[2026-10-05 04:37:18.701] [info] [stationary.cpp:264] NN: cost=171.367389, feasible=true, active_stations=1
[2026-10-05 04:37:18.701] [info] [candidate.cpp:199] InstancePrecompute: built 25 candidates
[2026-10-05 04:37:18.701] [info] [stationary.cpp:264] NN: cost=175.651573, feasible=true, active_stations=1
[2026-10-05 04:37:18.701] [info] [candidate.cpp:199] InstancePrecompute: built 25 candidates
[2026-10-05 04:37:18.701] [info] [stationary.cpp:264] NN: cost=222.777605, feasible=true, active_stations=1
[2026-10-05 04:37:18.701] [info] [candidate.cpp:199] InstancePrecompute: built 25 candidates
[2026-10-05 04:37:18.701] [info] [stationary.cpp:264] NN: cost=214.209236, feasible=true, active_stations=1
[2026-10-05 04:37:18.701] [info] [candidate.cpp:199] InstancePrecompute: built 25 candidates
[2026-10-05 04:37:18.701] [info] [stationary.cpp:264] NN: cost=381.292440, feasible=true, active_stations=1
[2026-10-05 04:37:18.701] [info] [candidate.cpp:199] InstancePrecompute: built 25 candidates
[2026-10-05 04:37:18.701] [info] [stationary.cpp:264] NN: cost=381.292440, feasible=true, active_stations=1
[2026-10-05 04:37:18.701] [info] [candidate.cpp:199] InstancePrecompute: built 25 candidates
[2026-10-05 04:37:18.701] [info] [stationary.cpp:264] NN: cost=312.745484, feasible=true, active_stations=1
[2026-10-05 04:37:18.701] [info] [candidate.cpp:199] InstancePrecompute: built 50 candidates
[2026-10-05 04:37:18.701] [info] [stationary.cpp:264] NN: cost=402.713363, feasible=true, active_stations=2
[2026-10-05 04:37:18.701] [info] [candidate.cpp:199] InstancePrecompute: built 25 candidates
[2026-10-05 04:37:18.701] [info] [stationary.cpp:264] NN: cost=317.029669, feasible=true, active_stations=1
[2026-10-05 04:37:18.701] [info] [candidate.cpp:199] InstancePrecompute: built 25 candidates
[2026-10-05 04:37:18.701] [info] [stationary.cpp:264] NN: cost=158.514835, feasible=true, active_stations=1
[2026-10-05 04:37:18.701] [info] [candidate.cpp:199] InstancePrecompute: built 25 candidates
[2026-10-05 04:37:18.701] [info] [stationary.cpp:264] NN: cost=222.777605, feasible=true, active_stations=1
[2026-10-05 04:37:18.701] [info] [candidate.cpp:199] InstancePrecompute: built 25 candidates
[2026-10-05 04:37:18.701] [info] [stationary.cpp:264] NN: cost=158.514835, feasible=true, active_stations=1
[2026-10-05 04:37:18.701] [info] [candidate.cpp:199] InstancePrecompute: built 25 candidates
[2026-10-05 04:37:18.701] [info] [stationary.cpp:264] NN: cost=171.367389, feasible=true, active_stations=1
[2026-10-05 04:37:18.701] [info] [candidate.cpp:199] InstancePrecompute: built 25 candidates
[2026-10-05 04:37:18.701] [info] [stationary.cpp:264] NN: cost=175.651573, feasible=true, active_stations=1
[2026-10-05 04:37:18.701] [info] [candidate.cpp:199] InstancePrecompute: built 25 candidates
[2026-10-05 04:37:18.701] [info] [stationary.cpp:264] NN: cost=222.777605, feasible=true, active_stations=1
[2026-10-05 04:37:18.701] [info] [candidate.cpp:199] InstancePrecompute: built 25 candidates
[2026-10-05 04:37:18.701] [info] [stationary.cpp:264] NN: cost=214.209236, feasible=true, active_stations=1
[2026-10-05 04:37:18.701] [info] [candidate.cpp:199] InstancePrecompute: built 25 candidates
[2026-10-05 04:37:18.701] [info] [stationary.cpp:264] NN: cost=381.292440, feasible=true, active_stations=1
[2026-10-05 04:37:18.701] [info] [candidate.cpp:199] InstancePrecompute: built 25 candidates
[2026-10-05 04:37:18.701] [info] [stationary.cpp:264] NN: cost=381.292440, feasible=true, active_stations=1
[2026-10-05 04:37:18.701] [info] [candidate.cpp:199] InstancePrecompute: built 25 candidates
[2026-10-05 04:37:18.701] [info] [stationary.cpp:264] NN: cost=312.745484, feasible=true, active_stations=1
[2026-10-05 04:37:18.701] [info] [candidate.cpp:199] InstancePrecompute: built 25 candidates
[2026-10-05 04:37:18.701] [info] [stationary.cpp:264] NN: cost=248.482714, feasible=true, active_stations=1
[2026-10-05 04:37:18.701] [info] [candidate.cpp:199] InstancePrecompute: built 25 candidates
[2026-10-05 04:37:18.701] [info] [stationary.cpp:264] NN: cost=158.514835, feasible=true, active_stations=1
[2026-10-05 04:37:18.701] [info] [candidate.cpp:199] InstancePrecompute: built 25 candidates
[2026-10-05 04:37:18.701] [info] [stationary.cpp:264] NN: cost=154.230650, feasible=true, active_stations=1
[2026-10-05 04:37:18.701] [info] [candidate.cpp:199] InstancePrecompute: built 25 candidates
[2026-10-05 04:37:18.701] [info] [stationary.cpp:264] NN: cost=317.029669, feasible=true, active_stations=1
[2026-10-05 04:37:18.701] [info] [candidate.cpp:199] InstancePrecompute: built 25 candidates
[2026-10-05 04:37:18.701] [info] [stationary.cpp:264] NN: cost=222.777605, feasible=true, active_stations=1
[2026-10-05 04:37:18.701] [info] [candidate.cpp:199] InstancePrecompute: built 25 candidates
[2026-10-05 04:37:18.701] [info] [stationary.cpp:264] NN: cost=158.514835, feasible=true, active_stations=1
[2026-10-05 04:37:18.701] [info] [candidate.cpp:199] InstancePrecompute: built 25 candidates
[2026-10-05 04:37:18.701] [info] [stationary.cpp:264] NN: cost=171.367389, feasible=true, active_stations=1
[2026-10-05 04:37:18.701] [info] [candidate.cpp:199] InstancePrecompute: built 25 candidates
[2026-10-05 04:37:18.701] [info] [stationary.cpp:264] NN: cost=175.651573, feasible=true, active_stations=1
[2026-10-05 04:37:18.701] [info] [candidate.cpp:199] InstancePrecompute: built 25 candidates
[2026-10-05 04:37:18.701] [info] [stationary.cpp:264] NN: cost=222.777605, feasible=true, active_stations=1
[2026-10-05 04:37:18.701] [info] [candidate.cpp:199] InstancePrecompute: built 25 candidates
[2026-10-05 04:37:18.701] [info] [stationary.cpp:264] NN: cost=214.209236, feasible=true, active_stations=1
[2026-10-05 04:37:18.701] [info] [candidate.cpp:199] InstancePrecompute: built 25 candidates
[2026-10-05 04:37:18.701] [info] [stationary.cpp:264] NN: cost=381.292440, feasible=true, active_stations=1
[2026-10-05 04:37:18.701] [info] [candidate.cpp:199] InstancePrecompute: built 25 candidates
[2026-10-05 04:37:18.701] [info] [stationary.cpp:264] NN: cost=381.292440, feasible=true, active_stations=1
[2026-10-05 04:37:18.701] [info] [candidate.cpp:199] InstancePrecompute: built 25 candidates
[2026-10-05 04:37:18.701] [info] [stationary.cpp:264] NN: cost=312.745484, feasible=true, active_stations=1
[2026-10-05 04:37:18.701] [info] [candidate.cpp:199] InstancePrecompute: built 25 candidates
[2026-10-05 04:37:18.701] [info] [stationary.cpp:264] NN: cost=248.482714, feasible=true, active_stations=1
[2026-10-05 04:37:18.701] [info] [candidate.cpp:199] InstancePrecompute: built 25 candidates
[2026-10-05 04:37:18.701] [info] [stationary.cpp:264] NN: cost=158.514835, feasible=true, active_stations=1
[2026-10-05 04:37:18.701] [info] [candidate.cpp:199] InstancePrecompute: built 25 candidates
[2026-10-05 04:37:18.701] [info] [stationary.cpp:264] NN: cost=154.230650, feasible=true, active_stations=1
[2026-10-05 04:37:18.701] [info] [candidate.cpp:199] InstancePrecompute: built 25 candidates
[2026-10-05 04:37:18.701] [info] [stationary.cpp:264] NN: cost=317.029669, feasible=true, active_stations=1
[2026-10-05 04:37:18.701] [info] [candidate.cpp:199] InstancePrecompute: built 25 candidates
[2026-10-05 04:37:18.701] [info] [stationary.cpp:264] NN: cost=222.777605, feasible=true, active_stations=1
[2026-10-05 04:37:18.701] [info] [candidate.cpp:199] InstancePrecompute: built 25 candidates
[2026-10-05 04:37:18.701] [info] [stationary.cpp:264] NN: cost=158.514835, feasible=true, active_stations=1
[2026-10-05 04:37:18.701] [info] [candidate.cpp:199] InstancePrecompute: built 25 candidates
[2026-10-05 04:37:18.701] [info] [stationary.cpp:264] NN: cost=171.367389, feasible=true, active_stations=1
[2026-10-05 04:37:18.701] [info] [candidate.cpp:199] InstancePrecompute: built 25 candidates
[2026-10-05 04:37:18.701] [info] [stationary.cpp:264] NN: cost=175.651573, feasible=true, active_stations=1
[2026-10-05 04:37:18.701] [info] [candidate.cpp:199] InstancePrecompute: built 25 candidates
[2026-10-05 04:37:18.701] [info] [stationary.cpp:264] NN: cost=222.777605, feasible=true, active_stations=1
[2026-10-05 04:37:18.701] [info] [candidate.cpp:199] InstancePrecompute: built 25 candidates
[2026-10-05 04:37:18.701] [info] [stationary.cpp:264] NN: cost=214.209236, feasible=true, active_stations=1
[2026-10-05 04:37:18.701] [info] [candidate.cpp:199] InstancePrecompute: built 25 candidates
[2026-10-05 04:37:18.701] [info] [stationary.cpp:264] NN: cost=381.292440, feasible=true, active_stations=1
[2026-10-05 04:37:18.701] [info] [candidate.cpp:199] InstancePrecompute: built 25 candidates
[2026-10-05 04:37:18.701] [info] [stationary.cpp:264] NN: cost=381.292440, feasible=true, active_stations=1
[2026-10-05 04:37:18.701] [info] [candidate.cpp:199] InstancePrecompute: built 25 candidates
[2026-10-05 04:37:18.701] [info] [stationary.cpp:264] NN: cost=312.745484, feasible=true, active_stations=1
[2026-10-05 04:37:18.701] [info] [candidate.cpp:199] InstancePrecompute: built 25 candidates
[2026-10-05 04:37:18.701] [info] [stationary.cpp:264] NN: cost=248.482714, feasible=true, active_stations=1
[2026-10-05 04:37:18.701] [info] [candidate.cpp:199] InstancePrecompute: built 25 candidates
[2026-10-05 04:37:18.701] [info] [stationary.cpp:264] NN: cost=158.514835, feasible=true, active_stations=1
[2026-10-05 04:37:18.701] [info] [candidate.cpp:199] InstancePrecompute: built 25 candidates
[2026-10-05 04:37:18.701] [info] [stationary.cpp:264] NN: cost=154.230650, feasible=true, active_stations=1
[2026-10-05 04:37:18.701] [info] [candidate.cpp:199] InstancePrecompute: built 25 candidates
[2026-10-05 04:37:18.701] [info] [stationary.cpp:264] NN: cost=317.029669, feasible=true, active_stations=1
[2026-10-05 04:37:18.701] [info] [candidate.cpp:199] InstancePrecompute: built 25 candidates
[2026-10-05 04:37:18.701] [info] [stationary.cpp:264] NN: cost=222.777605, feasible=true, active_stations=1
[2026-10-05 04:37:18.701] [info] [candidate.cpp:199] InstancePrecompute: built 25 candidates
[2026-10-05 04:37:18.701] [info] [stationary.cpp:264] NN: cost=158.514835, feasible=true, active_stations=1
[2026-10-05 04:37:18.701] [info] [candidate.cpp:199] InstancePrecompute: built 25 candidates
[2026-10-05 04:37:18.701] [info] [stationary.cpp:264] NN: cost=171.367389, feasible=true, active_stations=1
[2026-10-05 04:37:18.701] [info] [candidate.cpp:199] InstancePrecompute: built 25 candidates
[2026-10-05 04:37:18.701] [info] [stationary.cpp:264] NN: cost=175.651573, feasible=true, active_stations=1
[2026-10-05 04:37:18.701] [info] [candidate.cpp:199] InstancePrecompute: built 25 candidates
[2026-10-05 04:37:18.701] [info] [stationary.cpp:264] NN: cost=222.777605, feasible=true, active_stations=1
[2026-10-05 04:37:18.701] [info] [candidate.cpp:199] InstancePrecompute: built 25 candidates
[2026-10-05 04:37:18.701] [info] [stationary.cpp:264] NN: cost=214.209236, feasible=true, active_stations=1
[2026-10-05 04:37:18.701] [info] [candidate.cpp:199] InstancePrecompute: built 25 candidates
[2026-10-05 04:37:18.701] [info] [stationary.cpp:264] NN: cost=381.292440, feasible=true, active_stations=1
[2026-10-05 04:37:18.701] [info] [candidate.cpp:199] InstancePrecompute: built 25 candidates
[2026-10-05 04:37:18.701] [info] [stationary.cpp:264] NN: cost=381.292440, feasible=true, active_stations=1
[2026-10-05 04:37:18.701] [info] [candidate.cpp:199] InstancePrecompute: built 25 candidates
[2026-10-05 04:37:18.701] [info] [stationary.cpp:264] NN: cost=312.745484, feasible=true, active_stations=1
[2026-10-05 04:37:18.701] [info] [candidate.cpp:199] InstancePrecompute: built 25 candidates
[2026-10-05 04:37:18.701] [info] [stationary.cpp:264] NN: cost=248.482714, feasible=true, active_stations=1
[2026-10-05 04:37:18.701] [info] [candidate.cpp:199] InstancePrecompute: built 25 candidates
[2026-10-05 04:37:18.701] [info] [stationary.cpp:264] NN: cost=158.514835, feasible=true, active_stations=1
[2026-10-05 04:37:18.701] [info] [candidate.cpp:199] InstancePrecompute: built 25 candidates
[2026-10-05 04:37:18.702] [info] [stationary.cpp:264] NN: cost=154.230650, feasible=true, active_stations=1
[2026-10-05 04:37:18.702] [info] [candidate.cpp:199] InstancePrecompute: built 50 candidates
[2026-10-05 04:37:18.702] [info] [stationary.cpp:264] NN: cost=539.807274, feasible=true, active_stations=2
[2026-10-05 04:37:18.702] [info] [candidate.cpp:199] InstancePrecompute: built 25 candidates
[2026-10-05 04:37:18.702] [info] [stationary.cpp:264] NN: cost=158.514835, feasible=true, active_stations=1
[2026-10-05 04:37:18.702] [info] [candidate.cpp:199] InstancePrecompute: built 25 candidates
[2026-10-05 04:37:18.702] [info] [stationary.cpp:264] NN: cost=171.367389, feasible=true, active_stations=1
[2026-10-05 04:37:18.702] [info] [candidate.cpp:199] InstancePrecompute: built 25 candidates
[2026-10-05 04:37:18.702] [info] [stationary.cpp:264] NN: cost=175.651573, feasible=true, active_stations=1
[2026-10-05 04:37:18.702] [info] [candidate.cpp:199] InstancePrecompute: built 25 candidates
[2026-10-05 04:37:18.702] [info] [stationary.cpp:264] NN: cost=222.777605, feasible=true, active_stations=1
[2026-10-05 04:37:18.702] [info] [candidate.cpp:199] InstancePrecompute: built 25 candidates
[2026-10-05 04:37:18.702] [info] [stationary.cpp:264] NN: cost=214.209236, feasible=true, active_stations=1
[2026-10-05 04:37:18.702] [info] [candidate.cpp:199] InstancePrecompute: built 25 candidates
[2026-10-05 04:37:18.702] [info] [stationary.cpp:264] NN: cost=381.292440, feasible=true, active_stations=1
[2026-10-05 04:37:18.702] [info] [candidate.cpp:199] InstancePrecompute: built 25 candidates
[2026-10-05 04:37:18.702] [info] [stationary.cpp:264] NN: cost=381.292440, feasible=true, active_stations=1
[2026-10-05 04:37:18.702] [info] [candidate.cpp:199] InstancePrecompute: built 25 candidates
[2026-10-05 04:37:18.702] [info] [stationary.cpp:264] NN: cost=312.745484, feasible=true, active_stations=1
[2026-10-05 04:37:18.702] [info] [candidate.cpp:199] InstancePrecompute: built 25 candidates
[2026-10-05 04:37:18.702] [info] [stationary.cpp:264] NN: cost=248.482714, feasible=true, active_stations=1
[2026-10-05 04:37:18.702] [info] [candidate.cpp:199] InstancePrecompute: built 25 candidates
[2026-10-05 04:37:18.702] [info] [stationary.cpp:264] NN: cost=158.514835, feasible=true, active_stations=1
[2026-10-05 04:37:18.702] [info] [candidate.cpp:199] InstancePrecompute: built 25 candidates
[2026-10-05 04:37:18.702] [info] [stationary.cpp:264] NN: cost=154.230650, feasible=true, active_stations=1
[2026-10-05 04:37:18.702] [info] [candidate.cpp:199] InstancePrecompute: built 50 candidates
[2026-10-05 04:37:18.702] [info] [stationary.cpp:264] NN: cost=539.807274, feasible=true, active_stations=2
[2026-10-05 04:37:18.702] [info] [candidate.cpp:199] InstancePrecompute: built 25 candidates
[2026-10-05 04:37:18.702] [info] [stationary.cpp:264] NN: cost=158.514835, feasible=true, active_stations=1
[2026-10-05 04:37:18.702] [info] [candidate.cpp:199] InstancePrecompute: built 25 candidates
[2026-10-05 04:37:18.702] [info] [stationary.cpp:264] NN: cost=171.367389, feasible=true, active_stations=1
[2026-10-05 04:37:18.702] [info] [candidate.cpp:199] InstancePrecompute: built 25 candidates
[2026-10-05 04:37:18.702] [info] [stationary.cpp:264] NN: cost=175.651573, feasible=true, active_stations=1
[2026-10-05 04:37:18.702] [info] [candidate.cpp:199] InstancePrecompute: built 25 candidates
[2026-10-05 04:37:18.702] [info] [stationary.cpp:264] NN: cost=222.777605, feasible=true, active_stations=1
[2026-10-05 04:37:18.702] [info] [candidate.cpp:199] InstancePrecompute: built 25 candidates
[2026-10-05 04:37:18.702] [info] [stationary.cpp:264] NN: cost=214.209236, feasible=true, active_stations=1
[2026-10-05 04:37:18.702] [info] [candidate.cpp:199] InstancePrecompute: built 25 candidates
[2026-10-05 04:37:18.702] [info] [stationary.cpp:264] NN: cost=381.292440, feasible=true, active_stations=1
[2026-10-05 04:37:18.702] [info] [candidate.cpp:199] InstancePrecompute: built 25 candidates
[2026-10-05 04:37:18.702] [info] [stationary.cpp:264] NN: cost=381.292440, feasible=true, active_stations=1
[2026-10-05 04:37:18.702] [info] [candidate.cpp:199] InstancePrecompute: built 25 candidates
[2026-10-05 04:37:18.702] [info] [stationary.cpp:264] NN: cost=312.745484, feasible=true, active_stations=1
[2026-10-05 04:37:18.702] [info] [candidate.cpp:199] InstancePrecompute: built 25 candidates
[2026-10-05 04:37:18.702] [info] [stationary.cpp:264] NN: cost=248.482714, feasible=true, active_stations=1
[2026-10-05 04:37:18.702] [info] [candidate.cpp:199] InstancePrecompute: built 25 candidates
[2026-10-05 04:37:18.702] [info] [stationary.cpp:264] NN: cost=158.514835, feasible=true, active_stations=1
[2026-10-05 04:37:18.702] [info] [candidate.cpp:199] InstancePrecompute: built 25 candidates
[2026-10-05 04:37:18.702] [info] [stationary.cpp:264] NN: cost=154.230650, feasible=true, active_stations=1
[2026-10-05 04:37:18.702] [info] [candidate.cpp:199] InstancePrecompute: built 25 candidates
[2026-10-05 04:37:18.702] [info] [stationary.cpp:264] NN: cost=317.029669, feasible=true, active_stations=1
[2026-10-05 04:37:18.702] [info] [candidate.cpp:199] InstancePrecompute: built 25 candidates
[2026-10-05 04:37:18.702] [info] [stationary.cpp:264] NN: cost=222.777605, feasible=true, active_stations=1
[2026-10-05 04:37:18.702] [info] [candidate.cpp:199] InstancePrecompute: built 25 candidates
[2026-10-05 04:37:18.702] [info] [stationary.cpp:264] NN: cost=158.514835, feasible=true, active_stations=1
[2026-10-05 04:37:18.702] [info] [candidate.cpp:199] InstancePrecompute: built 25 candidates
[2026-10-05 04:37:18.702] [info] [stationary.cpp:264] NN: cost=171.367389, feasible=true, active_stations=1
[2026-10-05 04:37:18.702] [info] [candidate.cpp:199] InstancePrecompute: built 25 candidates
[2026-10-05 04:37:18.702] [info] [stationary.cpp:264] NN: cost=175.651573, feasible=true, active_stations=1
[2026-10-05 04:37:18.702] [info] [candidate.cpp:199] InstancePrecompute: built 25 candidates
[2026-10-05 04:37:18.702] [info] [stationary.cpp:264] NN: cost=222.777605, feasible=true, active_stations=1
[2026-10-05 04:37:18.702] [info] [candidate.cpp:199] InstancePrecompute: built 25 candidates
[2026-10-05 04:37:18.702] [info] [stationary.cpp:264] NN: cost=214.209236, feasible=true, active_stations=1
[2026-10-05 04:37:18.702] [info] [candidate.cpp:199] InstancePrecompute: built 25 candidates
[2026-10-05 04:37:18.702] [info] [stationary.cpp:264] NN: cost=381.292440, feasible=true, active_stations=1
[2026-10-05 04:37:18.702] [info] [candidate.cpp:199] InstancePrecompute: built 25 candidates
[2026-10-05 04:37:18.702] [info] [stationary.cpp:264] NN: cost=381.292440, feasible=true, active_stations=1
[2026-10-05 04:37:18.702] [info] [candidate.cpp:199] InstancePrecompute: built 25 candidates
[2026-10-05 04:37:18.702] [info] [stationary.cpp:264] NN: cost=248.482714, feasible=true, active_stations=1
[2026-10-05 04:37:18.702] [info] [candidate.cpp:199] InstancePrecompute: built 25 candidates
[2026-10-05 04:37:18.702] [info] [stationary.cpp:264] NN: cost=158.514835, feasible=true, active_stations=1
[2026-10-05 04:37:18.702] [info] [candidate.cpp:199] InstancePrecompute: built 25 candidates
[2026-10-05 04:37:18.702] [info] [stationary.cpp:264] NN: cost=312.745484, feasible=true, active_stations=1
[2026-10-05 04:37:18.702] [info] [candidate.cpp:199] InstancePrecompute: built 25 candidates
[2026-10-05 04:37:18.702] [info] [stationary.cpp:264] NN: cost=154.230650, feasible=true, active_stations=1
[2026-10-05 04:37:18.702] [info] [candidate.cpp:199] InstancePrecompute: built 25 candidates
[2026-10-05 04:37:18.702] [info] [stationary.cpp:264] NN: cost=317.029669, feasible=true, active_stations=1
[2026-10-05 04:37:18.702] [info] [candidate.cpp:199] InstancePrecompute: built 25 candidates
[2026-10-05 04:37:18.702] [info] [stationary.cpp:264] NN: cost=222.777605, feasible=true, active_stations=1
[2026-10-05 04:37:18.702] [info] [candidate.cpp:199] InstancePrecompute: built 25 candidates
[2026-10-05 04:37:18.702] [info] [stationary.cpp:264] NN: cost=158.514835, feasible=true, active_stations=1
[2026-10-05 04:37:18.702] [info] [candidate.cpp:199] InstancePrecompute: built 25 candidates
[2026-10-05 04:37:18.702] [info] [stationary.cpp:264] NN: cost=171.367389, feasible=true, active_stations=1
[2026-10-05 04:37:18.702] [info] [candidate.cpp:199] InstancePrecompute: built 25 candidates
[2026-10-05 04:37:18.702] [info] [stationary.cpp:264] NN: cost=175.651573, feasible=true, active_stations=1
[2026-10-05 04:37:18.702] [info] [candidate.cpp:199] InstancePrecompute: built 25 candidates
[2026-10-05 04:37:18.702] [info] [stationary.cpp:264] NN: cost=214.209236, feasible=true, active_stations=1
[2026-10-05 04:37:18.702] [info] [candidate.cpp:199] InstancePrecompute: built 25 candidates
[2026-10-05 04:37:18.702] [info] [stationary.cpp:264] NN: cost=222.777605, feasible=true, active_stations=1
[2026-10-05 04:37:18.702] [info] [candidate.cpp:199] InstancePrecompute: built 25 candidates
[2026-10-05 04:37:18.702] [info] [stationary.cpp:264] NN: cost=381.292440, feasible=true, active_stations=1
[2026-10-05 04:37:18.702] [info] [candidate.cpp:199] InstancePrecompute: built 25 candidates
[2026-10-05 04:37:18.702] [info] [stationary.cpp:264] NN: cost=381.292440, feasible=true, active_stations=1
[2026-10-05 04:37:18.702] [info] [candidate.cpp:199] InstancePrecompute: built 25 candidates
[2026-10-05 04:37:18.702] [info] [stationary.cpp:264] NN: cost=248.482714, feasible=true, active_stations=1
[2026-10-05 04:37:18.702] [info] [candidate.cpp:199] InstancePrecompute: built 25 candidates
[2026-10-05 04:37:18.702] [info] [stationary.cpp:264] NN: cost=158.514835, feasible=true, active_stations=1
[2026-10-05 04:37:18.702] [info] [candidate.cpp:199] InstancePrecompute: built 25 candidates
[2026-10-05 04:37:18.702] [info] [stationary.cpp:264] NN: cost=312.745484, feasible=true, active_stations=1
[2026-10-05 04:37:18.702] [info] [candidate.cpp:199] InstancePrecompute: built 25 candidates
[2026-10-05 04:37:18.702] [info] [stationary.cpp:264] NN: cost=154.230650, feasible=true, active_stations=1
[2026-10-05 04:37:18.702] [info] [candidate.cpp:199] InstancePrecompute: built 25 candidates
[2026-10-05 04:37:18.702] [info] [stationary.cpp:264] NN: cost=317.029669, feasible=true, active_stations=1
[2026-10-05 04:37:18.702] [info] [candidate.cpp:199] InstancePrecompute: built 25 candidates
[2026-10-05 04:37:18.702] [info] [stationary.cpp:264] NN: cost=222.777605, feasible=true, active_stations=1
[2026-10-05 04:37:18.702] [info] [candidate.cpp:199] InstancePrecompute: built 25 candidates
[2026-10-05 04:37:18.702] [info] [stationary.cpp:264] NN: cost=158.514835, feasible=true, active_stations=1
[2026-10-05 04:37:18.702] [info] [candidate.cpp:199] InstancePrecompute: built 25 candidates
[2026-10-05 04:37:18.702] [info] [stationary.cpp:264] NN: cost=171.367389, feasible=true, active_stations=1
[2026-10-05 04:37:18.702] [info] [candidate.cpp:199] InstancePrecompute: built 25 candidates
[2026-10-05 04:37:18.702] [info] [stationary.cpp:264] NN: cost=175.651573, feasible=true, active_stations=1
[2026-10-05 04:37:18.702] [info] [candidate.cpp:199] InstancePrecompute: built 25 candidates
[2026-10-05 04:37:18.702] [info] [stationary.cpp:264] NN: cost=214.209236, feasible=true, active_stations=1
[2026-10-05 04:37:18.702] [info] [candidate.cpp:199] InstancePrecompute: built 25 candidates
[2026-10-05 04:37:18.702] [info] [stationary.cpp:264] NN: cost=222.777605, feasible=true, active_stations=1
[2026-10-05 04:37:18.702] [info] [candidate.cpp:199] InstancePrecompute: built 25 candidates
[2026-10-05 04:37:18.702] [info] [stationary.cpp:264] NN: cost=381.292440, feasible=true, active_stations=1
[2026-10-05 04:37:18.702] [info] [candidate.cpp:199] InstancePrecompute: built 25 candidates
[2026-10-05 04:37:18.702] [info] [stationary.cpp:264] NN: cost=381.292440, feasible=true, active_stations=1
[2026-10-05 04:37:18.702] [info] [candidate.cpp:199] InstancePrecompute: built 25 candidates
[2026-10-05 04:37:18.702] [info] [stationary.cpp:264] NN: cost=248.482714, feasible=true, active_stations=1
[2026-10-05 04:37:18.702] [info] [candidate.cpp:199] InstancePrecompute: built 25 candidates
[2026-10-05 04:37:18.702] [info] [stationary.cpp:264] NN: cost=158.514835, feasible=true, active_stations=1
[2026-10-05 04:37:18.702] [info] [candidate.cpp:199] InstancePrecompute: built 25 candidates
[2026-10-05 04:37:18.702] [info] [stationary.cpp:264] NN: cost=312.745484, feasible=true, active_stations=1
[2026-10-05 04:37:18.702] [info] [candidate.cpp:199] InstancePrecompute: built 25 candidates
[2026-10-05 04:37:18.702] [info] [stationary.cpp:264] NN: cost=154.230650, feasible=true, active_stations=1
[2026-10-05 04:37:18.702] [info] [candidate.cpp:199] InstancePrecompute: built 25 candidates
[2026-10-05 04:37:18.702] [info] [stationary.cpp:264] NN: cost=317.029669, feasible=true, active_stations=1
[2026-10-05 04:37:18.702] [info] [candidate.cpp:199] InstancePrecompute: built 25 candidates
[2026-10-05 04:37:18.702] [info] [stationary.cpp:264] NN: cost=222.777605, feasible=true, active_stations=1
[2026-10-05 04:37:18.702] [info] [candidate.cpp:199] InstancePrecompute: built 25 candidates
[2026-10-05 04:37:18.702] [info] [stationary.cpp:264] NN: cost=158.514835, feasible=true, active_stations=1
[2026-10-05 04:37:18.702] [info] [candidate.cpp:199] InstancePrecompute: built 25 candidates
[2026-10-05 04:37:18.702] [info] [stationary.cpp:264] NN: cost=171.367389, feasible=true, active_stations=1
[2026-10-05 04:37:18.702] [info] [candidate.cpp:199] InstancePrecompute: built 25 candidates
[2026-10-05 04:37:18.702] [info] [stationary.cpp:264] NN: cost=175.651573, feasible=true, active_stations=1
[2026-10-05 04:37:18.702] [info] [candidate.cpp:199] InstancePrecompute: built 25 candidates
[2026-10-05 04:37:18.702] [info] [stationary.cpp:264] NN: cost=214.209236, feasible=true, active_stations=1
[2026-10-05 04:37:18.702] [info] [candidate.cpp:199] InstancePrecompute: built 25 candidates
[2026-10-05 04:37:18.702] [info] [stationary.cpp:264] NN: cost=222.777605, feasible=true, active_stations=1
[2026-10-05 04:37:18.702] [info] [candidate.cpp:199] InstancePrecompute: built 25 candidates
[2026-10-05 04:37:18.702] [info] [stationary.cpp:264] NN: cost=381.292440, feasible=true, active_stations=1
[2026-10-05 04:37:18.702] [info] [candidate.cpp:199] InstancePrecompute: built 25 candidates
[2026-10-05 04:37:18.702] [info] [stationary.cpp:264] NN: cost=381.292440, feasible=true, active_stations=1
[2026-10-05 04:37:18.702] [info] [candidate.cpp:199] InstancePrecompute: built 25 candidates
[2026-10-05 04:37:18.702] [info] [stationary.cpp:264] NN: cost=248.482714, feasible=true, active_stations=1
[2026-10-05 04:37:18.702] [info] [candidate.cpp:199] InstancePrecompute: built 25 candidates
[2026-10-05 04:37:18.702] [info] [stationary.cpp:264] NN: cost=158.514835, feasible=true, active_stations=1
[2026-10-05 04:37:18.702] [info] [candidate.cpp:199] InstancePrecompute: built 25 candidates
[2026-10-05 04:37:18.702] [info] [stationary.cpp:264] NN: cost=312.745484, feasible=true, active_stations=1
[2026-10-05 04:37:18.702] [info] [candidate.cpp:199] InstancePrecompute: built 25 candidates
[2026-10-05 04:37:18.702] [info] [stationary.cpp:264] NN: cost=154.230650, feasible=true, active_stations=1
[2026-10-05 04:37:18.702] [info] [candidate.cpp:199] InstancePrecompute: built 25 candidates
[2026-10-05 04:37:18.702] [info] [stationary.cpp:264] NN: cost=317.029669, feasible=true, active_stations=1
[2026-10-05 04:37:18.702] [info] [candidate.cpp:199] InstancePrecompute: built 25 candidates
[2026-10-05 04:37:18.702] [info] [stationary.cpp:264] NN: cost=222.777605, feasible=true, active_stations=1
[2026-10-05 04:37:18.702] [info] [candidate.cpp:199] InstancePrecompute: built 25 candidates
[2026-10-05 04:37:18.702] [info] [stationary.cpp:264] NN: cost=158.514835, feasible=true, active_stations=1
[2026-10-05 04:37:18.702] [info] [candidate.cpp:199] InstancePrecompute: built 25 candidates
[2026-10-05 04:37:18.702] [info] [stationary.cpp:264] NN: cost=171.367389, feasible=true, active_stations=1
[2026-10-05 04:37:18.702] [info] [candidate.cpp:199] InstancePrecompute: built 25 candidates
[2026-10-05 04:37:18.702] [info] [stationary.cpp:264] NN: cost=175.651573, feasible=true, active_stations=1
[2026-10-05 04:37:18.702] [info] [candidate.cpp:199] InstancePrecompute: built 25 candidates
[2026-10-05 04:37:18.702] [info] [stationary.cpp:264] NN: cost=214.209236, feasible=true, active_stations=1
[2026-10-05 04:37:18.702] [info] [candidate.cpp:199] InstancePrecompute: built 25 candidates
[2026-10-05 04:37:18.702] [info] [stationary.cpp:264] NN: cost=222.777605, feasible=true, active_stations=1
[2026-10-05 04:37:18.702] [info] [candidate.cpp:199] InstancePrecompute: built 25 candidates
[2026-10-05 04:37:18.702] [info] [stationary.cpp:264] NN: cost=381.292440, feasible=true, active_stations=1
[2026-10-05 04:37:18.702] [info] [candidate.cpp:199] InstancePrecompute: built 25 candidates
[2026-10-05 04:37:18.702] [info] [stationary.cpp:264] NN: cost=381.292440, feasible=true, active_stations=1
[2026-10-05 04:37:18.702] [info] [candidate.cpp:199] InstancePrecompute: built 25 candidates
[2026-10-05 04:37:18.702] [info] [stationary.cpp:264] NN: cost=248.482714, feasible=true, active_stations=1
[2026-10-05 04:37:18.702] [info] [candidate.cpp:199] InstancePrecompute: built 25 candidates
[2026-10-05 04:37:18.702] [info] [stationary.cpp:264] NN: cost=158.514835, feasible=true, active_stations=1
[2026-10-05 04:37:18.702] [info] [candidate.cpp:199] InstancePrecompute: built 25 candidates
[2026-10-05 04:37:18.702] [info] [stationary.cpp:264] NN: cost=312.745484, feasible=true, active_stations=1
[2026-10-05 04:37:18.702] [info] [candidate.cpp:199] InstancePrecompute: built 25 candidates
[2026-10-05 04:37:18.702] [info] [stationary.cpp:264] NN: cost=154.230650, feasible=true, active_stations=1
[2026-10-05 04:37:18.702] [info] [candidate.cpp:199] InstancePrecompute: built 25 candidates
[2026-10-05 04:37:18.702] [info] [stationary.cpp:264] NN: cost=317.029669, feasible=true, active_stations=1
[2026-10-05 04:37:18.702] [info] [candidate.cpp:199] InstancePrecompute: built 25 candidates
[2026-10-05 04:37:18.702] [info] [stationary.cpp:264] NN: cost=222.777605, feasible=true, active_stations=1
[2026-10-05 04:37:18.702] [info] [candidate.cpp:199] InstancePrecompute: built 25 candidates
[2026-10-05 04:37:18.702] [info] [stationary.cpp:264] NN: cost=158.514835, feasible=true, active_stations=1
[2026-10-05 04:37:18.702] [info] [candidate.cpp:199] InstancePrecompute: built 25 candidates
[2026-10-05 04:37:18.702] [info] [stationary.cpp:264] NN: cost=171.367389, feasible=true, active_stations=1
[2026-10-05 04:37:18.702] [info] [candidate.cpp:199] InstancePrecompute: built 25 candidates
[2026-10-05 04:37:18.702] [info] [stationary.cpp:264] NN: cost=175.651573, feasible=true, active_stations=1
[2026-10-05 04:37:18.702] [info] [candidate.cpp:199] InstancePrecompute: built 25 candidates
[2026-10-05 04:37:18.702] [info] [stationary.cpp:264] NN: cost=214.209236, feasible=true, active_stations=1
[2026-10-05 04:37:18.702] [info] [candidate.cpp:199] InstancePrecompute: built 25 candidates
[2026-10-05 04:37:18.702] [info] [stationary.cpp:264] NN: cost=222.777605, feasible=true, active_stations=1
[2026-10-05 04:37:18.702] [info] [candidate.cpp:199] InstancePrecompute: built 25 candidates
[2026-10-05 04:37:18.702] [info] [stationary.cpp:264] NN: cost=381.292440, feasible=true, active_stations=1
[2026-10-05 04:37:18.702] [info] [candidate.cpp:199] InstancePrecompute: built 25 candidates
[2026-10-05 04:37:18.702] [info] [stationary.cpp:264] NN: cost=381.292440, feasible=true, active_stations=1
[2026-10-05 04:37:18.702] [info] [candidate.cpp:199] InstancePrecompute: built 25 candidates
[2026-10-05 04:37:18.702] [info] [stationary.cpp:264] NN: cost=248.482714, feasible=true, active_stations=1
[2026-10-05 04:37:18.702] [info] [candidate.cpp:199] InstancePrecompute: built 25 candidates
[2026-10-05 04:37:18.702] [info] [stationary.cpp:264] NN: cost=158.514835, feasible=true, active_stations=1
[2026-10-05 04:37:18.702] [info] [candidate.cpp:199] InstancePrecompute: built 25 candidates
[2026-10-05 04:37:18.702] [info] [stationary.cpp:264] NN: cost=312.745484, feasible=true, active_stations=1
[2026-10-05 04:37:18.702] [info] [candidate.cpp:199] InstancePrecompute: built 25 candidates
[2026-10-05 04:37:18.702] [info] [stationary.cpp:264] NN: cost=154.230650, feasible=true, active_stations=1
[2026-10-05 04:37:18.702] [info] [candidate.cpp:199] InstancePrecompute: built 25 candidates
[2026-10-05 04:37:18.702] [info] [stationary.cpp:264] NN: cost=317.029669, feasible=true, active_stations=1
[2026-10-05 04:37:18.702] [info] [candidate.cpp:199] InstancePrecompute: built 25 candidates
[2026-10-05 04:37:18.702] [info] [stationary.cpp:264] NN: cost=222.777605, feasible=true, active_stations=1
[2026-10-05 04:37:18.702] [info] [candidate.cpp:199] InstancePrecompute: built 25 candidates
[2026-10-05 04:37:18.702] [info] [stationary.cpp:264] NN: cost=158.514835, feasible=true, active_stations=1
[2026-10-05 04:37:18.702] [info] [candidate.cpp:199] InstancePrecompute: built 25 candidates
[2026-10-05 04:37:18.702] [info] [stationary.cpp:264] NN: cost=171.367389, feasible=true, active_stations=1
[2026-10-05 04:37:18.702] [info] [candidate.cpp:199] InstancePrecompute: built 25 candidates
[2026-10-05 04:37:18.702] [info] [stationary.cpp:264] NN: cost=175.651573, feasible=true, active_stations=1
[2026-10-05 04:37:18.702] [info] [candidate.cpp:199] InstancePrecompute: built 25 candidates
[2026-10-05 04:37:18.702] [info] [stationary.cpp:264] NN: cost=214.209236, feasible=true, active_stations=1
[2026-10-05 04:37:18.702] [info] [candidate.cpp:199] InstancePrecompute: built 25 candidates
[2026-10-05 04:37:18.702] [info] [stationary.cpp:264] NN: cost=222.777605, feasible=true, active_stations=1
[2026-10-05 04:37:18.702] [info] [candidate.cpp:199] InstancePrecompute: built 25 candidates
[2026-10-05 04:37:18.702] [info] [stationary.cpp:264] NN: cost=381.292440, feasible=true, active_stations=1
[2026-10-05 04:37:18.702] [info] [candidate.cpp:199] InstancePrecompute: built 25 candidates
[2026-10-05 04:37:18.702] [info] [stationary.cpp:264] NN: cost=381.292440, feasible=true, active_stations=1
[2026-10-05 04:37:18.702] [info] [candidate.cpp:199] InstancePrecompute: built 25 candidates
[2026-10-05 04:37:18.702] [info] [stationary.cpp:264] NN: cost=248.482714, feasible=true, active_stations=1
[2026-10-05 04:37:18.702] [info] [candidate.cpp:199] InstancePrecompute: built 25 candidates
[2026-10-05 04:37:18.702] [info] [stationary.cpp:264] NN: cost=158.514835, feasible=true, active_stations=1
[2026-10-05 04:37:18.702] [info] [candidate.cpp:199] InstancePrecompute: built 25 candidates
[2026-10-05 04:37:18.702] [info] [stationary.cpp:264] NN: cost=312.745484, feasible=true, active_stations=1
[2026-10-05 04:37:18.702] [info] [candidate.cpp:199] InstancePrecompute: built 25 candidates
[2026-10-05 04:37:18.702] [info] [stationary.cpp:264] NN: cost=154.230650, feasible=true, active_stations=1
[2026-10-05 04:37:18.702] [info] [candidate.cpp:199] InstancePrecompute: built 25 candidates
[2026-10-05 04:37:18.702] [info] [stationary.cpp:264] NN: cost=317.029669, feasible=true, active_stations=1
[2026-10-05 04:37:18.702] [info] [candidate.cpp:199] InstancePrecompute: built 25 candidates
[2026-10-05 04:37:18.702] [info] [stationary.cpp:264] NN: cost=222.777605, feasible=true, active_stations=1
[2026-10-05 04:37:18.702] [info] [candidate.cpp:199] InstancePrecompute: built 25 candidates
[2026-10-05 04:37:18.702] [info] [stationary.cpp:264] NN: cost=158.514835, feasible=true, active_stations=1
[2026-10-05 04:37:18.702] [info] [candidate.cpp:199] InstancePrecompute: built 25 candidates
[2026-10-05 04:37:18.702] [info] [stationary.cpp:264] NN: cost=171.367389, feasible=true, active_stations=1
[2026-10-05 04:37:18.702] [info] [candidate.cpp:199] InstancePrecompute: built 25 candidates
[2026-10-05 04:37:18.702] [info] [stationary.cpp:264] NN: cost=175.651573, feasible=true, active_stations=1
[2026-10-05 04:37:18.702] [info] [candidate.cpp:199] InstancePrecompute: built 25 candidates
[2026-10-05 04:37:18.702] [info] [stationary.cpp:264] NN: cost=214.209236, feasible=true, active_stations=1
[2026-10-05 04:37:18.702] [info] [candidate.cpp:199] InstancePrecompute: built 25 candidates
[2026-10-05 04:37:18.702] [info] [stationary.cpp:264] NN: cost=222.777605, feasible=true, active_stations=1
[2026-10-05 04:37:18.702] [info] [candidate.cpp:199] InstancePrecompute: built 25 candidates
[2026-10-05 04:37:18.702] [info] [stationary.cpp:264] NN: cost=381.292440, feasible=true, active_stations=1
[2026-10-05 04:37:18.702] [info] [candidate.cpp:199] InstancePrecompute: built 25 candidates
[2026-10-05 04:37:18.702] [info] [stationary.cpp:264] NN: cost=381.292440, feasible=true, active_stations=1
[2026-10-05 04:37:18.702] [info] [candidate.cpp:199] InstancePrecompute: built 25 candidates
[2026-10-05 04:37:18.702] [info] [stationary.cpp:264] NN: cost=248.482714, feasible=true, active_stations=1
[2026-10-05 04:37:18.702] [info] [candidate.cpp:199] InstancePrecompute: built 25 candidates
[2026-10-05 04:37:18.702] [info] [stationary.cpp:264] NN: cost=158.514835, feasible=true, active_stations=1
[2026-10-05 04:37:18.702] [info] [candidate.cpp:199] InstancePrecompute: built 25 candidates
[2026-10-05 04:37:18.702] [info] [stationary.cpp:264] NN: cost=312.745484, feasible=true, active_stations=1
[2026-10-05 04:37:18.702] [info] [candidate.cpp:199] InstancePrecompute: built 25 candidates
[2026-10-05 04:37:18.702] [info] [stationary.cpp:264] NN: cost=154.230650, feasible=true, active_stations=1
[2026-10-05 04:37:18.702] [info] [candidate.cpp:199] InstancePrecompute: built 25 candidates
[2026-10-05 04:37:18.702] [info] [stationary.cpp:264] NN: cost=317.029669, feasible=true, active_stations=1
[2026-10-05 04:37:18.702] [info] [candidate.cpp:199] InstancePrecompute: built 25 candidates
[2026-10-05 04:37:18.702] [info] [stationary.cpp:264] NN: cost=222.777605, feasible=true, active_stations=1
[2026-10-05 04:37:18.702] [info] [candidate.cpp:199] InstancePrecompute: built 25 candidates
[2026-10-05 04:37:18.702] [info] [stationary.cpp:264] NN: cost=158.514835, feasible=true, active_stations=1
[2026-10-05 04:37:18.702] [info] [candidate.cpp:199] InstancePrecompute: built 25 candidates
[2026-10-05 04:37:18.702] [info] [stationary.cpp:264] NN: cost=171.367389, feasible=true, active_stations=1
[2026-10-05 04:37:18.702] [info] [candidate.cpp:199] InstancePrecompute: built 25 candidates
[2026-10-05 04:37:18.702] [info] [stationary.cpp:264] NN: cost=175.651573, feasible=true, active_stations=1
[2026-10-05 04:37:18.702] [info] [candidate.cpp:199] InstancePrecompute: built 25 candidates
[2026-10-05 04:37:18.702] [info] [stationary.cpp:264] NN: cost=222.777605, feasible=true, active_stations=1
[2026-10-05 04:37:18.702] [info] [candidate.cpp:199] InstancePrecompute: built 25 candidates
[2026-10-05 04:37:18.702] [info] [stationary.cpp:264] NN: cost=214.209236, feasible=true, active_stations=1
[2026-10-05 04:37:18.702] [info] [candidate.cpp:199] InstancePrecompute: built 25 candidates
[2026-10-05 04:37:18.702] [info] [stationary.cpp:264] NN: cost=381.292440, feasible=true, active_stations=1
[2026-10-05 04:37:18.702] [info] [candidate.cpp:199] InstancePrecompute: built 25 candidates
[2026-10-05 04:37:18.702] [info] [stationary.cpp:264] NN: cost=381.292440, feasible=true, active_stations=1
[2026-10-05 04:37:18.702] [info] [candidate.cpp:199] InstancePrecompute: built 25 candidates
[2026-10-05 04:37:18.702] [info] [stationary.cpp:264] NN: cost=248.482714, feasible=true, active_stations=1
[2026-10-05 04:37:18.702] [info] [candidate.cpp:199] InstancePrecompute: built 25 candidates
[2026-10-05 04:37:18.702] [info] [stationary.cpp:264] NN: cost=158.514835, feasible=true, active_stations=1
[2026-10-05 04:37:18.702] [info] [candidate.cpp:199] InstancePrecompute: built 25 candidates
[2026-10-05 04:37:18.702] [info] [stationary.cpp:264] NN: cost=312.745484, feasible=true, active_stations=1
[2026-10-05 04:37:18.702] [info] [candidate.cpp:199] InstancePrecompute: built 25 candidates
[2026-10-05 04:37:18.702] [info] [stationary.cpp:264] NN: cost=154.230650, feasible=true, active_stations=1
[2026-10-05 04:37:18.702] [info] [candidate.cpp:199] InstancePrecompute: built 25 candidates
[2026-10-05 04:37:18.702] [info] [stationary.cpp:264] NN: cost=317.029669, feasible=true, active_stations=1
[2026-10-05 04:37:18.702] [info] [candidate.cpp:199] InstancePrecompute: built 25 candidates
[2026-10-05 04:37:18.702] [info] [stationary.cpp:264] NN: cost=222.777605, feasible=true, active_stations=1
[2026-10-05 04:37:18.702] [info] [candidate.cpp:199] InstancePrecompute: built 25 candidates
[2026-10-05 04:37:18.702] [info] [stationary.cpp:264] NN: cost=158.514835, feasible=true, active_stations=1
[2026-10-05 04:37:18.702] [info] [candidate.cpp:199] InstancePrecompute: built 25 candidates
[2026-10-05 04:37:18.702] [info] [stationary.cpp:264] NN: cost=171.367389, feasible=true, active_stations=1
[2026-10-05 04:37:18.702] [info] [candidate.cpp:199] InstancePrecompute: built 25 candidates
[2026-10-05 04:37:18.702] [info] [stationary.cpp:264] NN: cost=175.651573, feasible=true, active_stations=1
[2026-10-05 04:37:18.702] [info] [candidate.cpp:199] InstancePrecompute: built 25 candidates
[2026-10-05 04:37:18.702] [info] [stationary.cpp:264] NN: cost=222.777605, feasible=true, active_stations=1
[2026-10-05 04:37:18.702] [info] [candidate.cpp:199] InstancePrecompute: built 25 candidates
[2026-10-05 04:37:18.702] [info] [stationary.cpp:264] NN: cost=214.209236, feasible=true, active_stations=1
[2026-10-05 04:37:18.702] [info] [candidate.cpp:199] InstancePrecompute: built 25 candidates
[2026-10-05 04:37:18.702] [info] [stationary.cpp:264] NN: cost=381.292440, feasible=true, active_stations=1
[2026-10-05 04:37:18.703] [info] [candidate.cpp:199] InstancePrecompute: built 25 candidates
[2026-10-05 04:37:18.703] [info] [stationary.cpp:264] NN: cost=381.292440, feasible=true, active_stations=1
[2026-10-05 04:37:18.703] [info] [candidate.cpp:199] InstancePrecompute: built 25 candidates
[2026-10-05 04:37:18.703] [info] [stationary.cpp:264] NN: cost=248.482714, feasible=true, active_stations=1
[2026-10-05 04:37:18.703] [info] [candidate.cpp:199] InstancePrecompute: built 25 candidates
[2026-10-05 04:37:18.703] [info] [stationary.cpp:264] NN: cost=158.514835, feasible=true, active_stations=1
[2026-10-05 04:37:18.703] [info] [candidate.cpp:199] InstancePrecompute: built 25 candidates
[2026-10-05 04:37:18.703] [info] [stationary.cpp:264] NN: cost=312.745484, feasible=true, active_stations=1
[2026-10-05 04:37:18.703] [info] [candidate.cpp:199] InstancePrecompute: built 25 candidates
[2026-10-05 04:37:18.703] [info] [stationary.cpp:264] NN: cost=154.230650, feasible=true, active_stations=1
[2026-10-05 04:37:18.703] [info] [candidate.cpp:199] InstancePrecompute: built 25 candidates
[2026-10-05 04:37:18.703] [info] [stationary.cpp:264] NN: cost=317.029669, feasible=true, active_stations=1
[2026-10-05 04:37:18.703] [info] [candidate.cpp:199] InstancePrecompute: built 25 candidates
[2026-10-05 04:37:18.703] [info] [stationary.cpp:264] NN: cost=222.777605, feasible=true, active_stations=1
[2026-10-05 04:37:18.703] [info] [candidate.cpp:199] InstancePrecompute: built 25 candidates
[2026-10-05 04:37:18.703] [info] [stationary.cpp:264] NN: cost=158.514835, feasible=true, active_stations=1
[2026-10-05 04:37:18.703] [info] [candidate.cpp:199] InstancePrecompute: built 25 candidates
[2026-10-05 04:37:18.703] [info] [stationary.cpp:264] NN: cost=171.367389, feasible=true, active_stations=1
[2026-10-05 04:37:18.703] [info] [candidate.cpp:199] InstancePrecompute: built 25 candidates
[2026-10-05 04:37:18.703] [info] [stationary.cpp:264] NN: cost=175.651573, feasible=true, active_stations=1
[2026-10-05 04:37:18.703] [info] [candidate.cpp:199] InstancePrecompute: built 25 candidates
[2026-10-05 04:37:18.703] [info] [stationary.cpp:264] NN: cost=222.777605, feasible=true, active_stations=1
[2026-10-05 04:37:18.703] [info] [candidate.cpp:199] InstancePrecompute: built 25 candidates
[2026-10-05 04:37:18.703] [info] [stationary.cpp:264] NN: cost=214.209236, feasible=true, active_stations=1
[2026-10-05 04:37:18.703] [info] [candidate.cpp:199] InstancePrecompute: built 25 candidates
[2026-10-05 04:37:18.703] [info] [stationary.cpp:264] NN: cost=381.292440, feasible=true, active_stations=1
[2026-10-05 04:37:18.703] [info] [candidate.cpp:199] InstancePrecompute: built 25 candidates
[2026-10-05 04:37:18.703] [info] [stationary.cpp:264] NN: cost=381.292440, feasible=true, active_stations=1
[2026-10-05 04:37:18.703] [info] [candidate.cpp:199] InstancePrecompute: built 25 candidates
[2026-10-05 04:37:18.703] [info] [stationary.cpp:264] NN: cost=248.482714, feasible=true, active_stations=1
[2026-10-05 04:37:18.703] [info] [candidate.cpp:199] InstancePrecompute: built 25 candidates
[2026-10-05 04:37:18.703] [info] [stationary.cpp:264] NN: cost=158.514835, feasible=true, active_stations=1
[2026-10-05 04:37:18.703] [info] [candidate.cpp:199] InstancePrecompute: built 25 candidates
[2026-10-05 04:37:18.703] [info] [stationary.cpp:264] NN: cost=312.745484, feasible=true, active_stations=1
[2026-10-05 04:37:18.703] [info] [candidate.cpp:199] InstancePrecompute: built 25 candidates
[2026-10-05 04:37:18.703] [info] [stationary.cpp:264] NN: cost=154.230650, feasible=true, active_stations=1
[2026-10-05 04:37:18.703] [info] [candidate.cpp:199] InstancePrecompute: built 25 candidates
[2026-10-05 04:37:18.703] [info] [stationary.cpp:264] NN: cost=317.029669, feasible=true, active_stations=1
[2026-10-05 04:37:18.703] [info] [candidate.cpp:199] InstancePrecompute: built 25 candidates
[2026-10-05 04:37:18.703] [info] [stationary.cpp:264] NN: cost=222.777605, feasible=true, active_stations=1
[2026-10-05 04:37:18.703] [info] [candidate.cpp:199] InstancePrecompute: built 25 candidates
[2026-10-05 04:37:18.703] [info] [stationary.cpp:264] NN: cost=158.514835, feasible=true, active_stations=1
[2026-10-05 04:37:18.703] [info] [candidate.cpp:199] InstancePrecompute: built 25 candidates
[2026-10-05 04:37:18.703] [info] [stationary.cpp:264] NN: cost=171.367389, feasible=true, active_stations=1
[2026-10-05 04:37:18.703] [info] [candidate.cpp:199] InstancePrecompute: built 25 candidates
[2026-10-05 04:37:18.703] [info] [stationary.cpp:264] NN: cost=175.651573, feasible=true, active_stations=1
[2026-10-05 04:37:18.703] [info] [candidate.cpp:199] InstancePrecompute: built 25 candidates
[2026-10-05 04:37:18.703] [info] [stationary.cpp:264] NN: cost=222.777605, feasible=true, active_stations=1
[2026-10-05 04:37:18.703] [info] [candidate.cpp:199] InstancePrecompute: built 25 candidates
[2026-10-05 04:37:18.703] [info] [stationary.cpp:264] NN: cost=214.209236, feasible=true, active_stations=1
[2026-10-05 04:37:18.703] [info] [candidate.cpp:199] InstancePrecompute: built 25 candidates
[2026-10-05 04:37:18.703] [info] [stationary.cpp:264] NN: cost=381.292440, feasible=true, active_stations=1
[2026-10-05 04:37:18.703] [info] [candidate.cpp:199] InstancePrecompute: built 25 candidates
[2026-10-05 04:37:18.703] [info] [stationary.cpp:264] NN: cost=381.292440, feasible=true, active_stations=1
[2026-10-05 04:37:18.703] [info] [candidate.cpp:199] InstancePrecompute: built 25 candidates
[2026-10-05 04:37:18.703] [info] [stationary.cpp:264] NN: cost=248.482714, feasible=true, active_stations=1
[2026-10-05 04:37:18.703] [info] [candidate.cpp:199] InstancePrecompute: built 25 candidates
[2026-10-05 04:37:18.703] [info] [stationary.cpp:264] NN: cost=158.514835, feasible=true, active_stations=1
[2026-10-05 04:37:18.703] [info] [candidate.cpp:199] InstancePrecompute: built 25 candidates
[2026-10-05 04:37:18.703] [info] [stationary.cpp:264] NN: cost=312.745484, feasible=true, active_stations=1
[2026-10-05 04:37:18.703] [info] [candidate.cpp:199] InstancePrecompute: built 25 candidates
[2026-10-05 04:37:18.703] [info] [stationary.cpp:264] NN: cost=154.230650, feasible=true, active_stations=1
[2026-10-05 04:37:18.703] [info] [candidate.cpp:199] InstancePrecompute: built 25 candidates
[2026-10-05 04:37:18.703] [info] [stationary.cpp:264] NN: cost=317.029669, feasible=true, active_stations=1
[2026-10-05 04:37:18.703] [info] [candidate.cpp:199] InstancePrecompute: built 25 candidates
[2026-10-05 04:37:18.703] [info] [stationary.cpp:264] NN: cost=222.777605, feasible=true, active_stations=1
[2026-10-05 04:37:18.703] [info] [candidate.cpp:199] InstancePrecompute: built 25 candidates
[2026-10-05 04:37:18.703] [info] [stationary.cpp:264] NN: cost=158.514835, feasible=true, active_stations=1
[2026-10-05 04:37:18.703] [info] [candidate.cpp:199] InstancePrecompute: built 25 candidates
[2026-10-05 04:37:18.703] [info] [stationary.cpp:264] NN: cost=171.367389, feasible=true, active_stations=1
[2026-10-05 04:37:18.703] [info] [candidate.cpp:199] InstancePrecompute: built 25 candidates
[2026-10-05 04:37:18.703] [info] [stationary.cpp:264] NN: cost=175.651573, feasible=true, active_stations=1
[2026-10-05 04:37:18.703] [info] [candidate.cpp:199] InstancePrecompute: built 25 candidates
[2026-10-05 04:37:18.703] [info] [stationary.cpp:264] NN: cost=222.777605, feasible=true, active_stations=1
[2026-10-05 04:37:18.703] [info] [candidate.cpp:199] InstancePrecompute: built 25 candidates
[2026-10-05 04:37:18.703] [info] [stationary.cpp:264] NN: cost=214.209236, feasible=true, active_stations=1
[2026-10-05 04:37:18.703] [info] [candidate.cpp:199] InstancePrecompute: built 25 candidates
[2026-10-05 04:37:18.703] [info] [stationary.cpp:264] NN: cost=381.292440, feasible=true, active_stations=1
[2026-10-05 04:37:18.703] [info] [candidate.cpp:199] InstancePrecompute: built 25 candidates
[2026-10-05 04:37:18.703] [info] [stationary.cpp:264] NN: cost=381.292440, feasible=true, active_stations=1
[2026-10-05 04:37:18.703] [info] [candidate.cpp:199] InstancePrecompute: built 25 candidates
[2026-10-05 04:37:18.703] [info] [stationary.cpp:264] NN: cost=248.482714, feasible=true, active_stations=1
[2026-10-05 04:37:18.703] [info] [candidate.cpp:199] InstancePrecompute: built 25 candidates
[2026-10-05 04:37:18.703] [info] [stationary.cpp:264] NN: cost=158.514835, feasible=true, active_stations=1
[2026-10-05 04:37:18.703] [info] [candidate.cpp:199] InstancePrecompute: built 25 candidates
[2026-10-05 04:37:18.703] [info] [stationary.cpp:264] NN: cost=312.745484, feasible=true, active_stations=1
[2026-10-05 04:37:18.703] [info] [candidate.cpp:199] InstancePrecompute: built 25 candidates
[2026-10-05 04:37:18.703] [info] [stationary.cpp:264] NN: cost=154.230650, feasible=true, active_stations=1
[2026-10-05 04:37:18.703] [info] [candidate.cpp:199] InstancePrecompute: built 25 candidates
[2026-10-05 04:37:18.703] [info] [stationary.cpp:264] NN: cost=317.029669, feasible=true, active_stations=1
[2026-10-05 04:37:18.703] [info] [candidate.cpp:199] InstancePrecompute: built 25 candidates
[2026-10-05 04:37:18.703] [info] [stationary.cpp:264] NN: cost=222.777605, feasible=true, active_stations=1
[2026-10-05 04:37:18.703] [info] [candidate.cpp:199] InstancePrecompute: built 25 candidates
[2026-10-05 04:37:18.703] [info] [stationary.cpp:264] NN: cost=158.514835, feasible=true, active_stations=1
[2026-10-05 04:37:18.703] [info] [candidate.cpp:199] InstancePrecompute: built 25 candidates
[2026-10-05 04:37:18.703] [info] [stationary.cpp:264] NN: cost=171.367389, feasible=true, active_stations=1
[2026-10-05 04:37:18.703] [info] [candidate.cpp:199] InstancePrecompute: built 25 candidates
[2026-10-05 04:37:18.703] [info] [stationary.cpp:264] NN: cost=175.651573, feasible=true, active_stations=1
[2026-10-05 04:37:18.703] [info] [candidate.cpp:199] InstancePrecompute: built 25 candidates
[2026-10-05 04:37:18.703] [info] [stationary.cpp:264] NN: cost=222.777605, feasible=true, active_stations=1
[2026-10-05 04:37:18.703] [info] [candidate.cpp:199] InstancePrecompute: built 25 candidates
[2026-10-05 04:37:18.703] [info] [stationary.cpp:264] NN: cost=214.209236, feasible=true, active_stations=1
[2026-10-05 04:37:18.703] [info] [candidate.cpp:199] InstancePrecompute: built 25 candidates
[2026-10-05 04:37:18.703] [info] [stationary.cpp:264] NN: cost=381.292440, feasible=true, active_stations=1
[2026-10-05 04:37:18.703] [info] [candidate.cpp:199] InstancePrecompute: built 25 candidates
[2026-10-05 04:37:18.703] [info] [stationary.cpp:264] NN: cost=381.292440, feasible=true, active_stations=1
[2026-10-05 04:37:18.703] [info] [candidate.cpp:199] InstancePrecompute: built 25 candidates
[2026-10-05 04:37:18.703] [info] [stationary.cpp:264] NN: cost=248.482714, feasible=true, active_stations=1
[2026-10-05 04:37:18.703] [info] [candidate.cpp:199] InstancePrecompute: built 25 candidates
[2026-10-05 04:37:18.703] [info] [stationary.cpp:264] NN: cost=158.514835, feasible=true, active_stations=1
[2026-10-05 04:37:18.703] [info] [candidate.cpp:199] InstancePrecompute: built 25 candidates
[2026-10-05 04:37:18.703] [info] [stationary.cpp:264] NN: cost=312.745484, feasible=true, active_stations=1
[2026-10-05 04:37:18.703] [info] [candidate.cpp:199] InstancePrecompute: built 25 candidates
[2026-10-05 04:37:18.703] [info] [stationary.cpp:264] NN: cost=154.230650, feasible=true, active_stations=1
[2026-10-05 04:37:18.703] [info] [candidate.cpp:199] InstancePrecompute: built 25 candidates
[2026-10-05 04:37:18.703] [info] [stationary.cpp:264] NN: cost=317.029669, feasible=true, active_stations=1
[2026-10-05 04:37:18.703] [info] [candidate.cpp:199] InstancePrecompute: built 25 candidates
[2026-10-05 04:37:18.703] [info] [stationary.cpp:264] NN: cost=222.777605, feasible=true, active_stations=1
[2026-10-05 04:37:18.703] [info] [candidate.cpp:199] InstancePrecompute: built 25 candidates
[2026-10-05 04:37:18.703] [info] [stationary.cpp:264] NN: cost=158.514835, feasible=true, active_stations=1
[2026-10-05 04:37:18.703] [info] [candidate.cpp:199] InstancePrecompute: built 25 candidates
[2026-10-05 04:37:18.703] [info] [stationary.cpp:264] NN: cost=171.367389, feasible=true, active_stations=1
[2026-10-05 04:37:18.703] [info] [candidate.cpp:199] InstancePrecompute: built 25 candidates
[2026-10-05 04:37:18.703] [info] [stationary.cpp:264] NN: cost=175.651573, feasible=true, active_stations=1
[2026-10-05 04:37:18.703] [info] [candidate.cpp:199] InstancePrecompute: built 25 candidates
[2026-10-05 04:37:18.703] [info] [stationary.cpp:264] NN: cost=222.777605, feasible=true, active_stations=1
[2026-10-05 04:37:18.703] [info] [candidate.cpp:199] InstancePrecompute: built 25 candidates
[2026-10-05 04:37:18.703] [info] [stationary.cpp:264] NN: cost=214.209236, feasible=true, active_stations=1
[2026-10-05 04:37:18.703] [info] [candidate.cpp:199] InstancePrecompute: built 25 candidates
[2026-10-05 04:37:18.703] [info] [stationary.cpp:264] NN: cost=381.292440, feasible=true, active_stations=1
[2026-10-05 04:37:18.703] [info] [candidate.cpp:199] InstancePrecompute: built 25 candidates
[2026-10-05 04:37:18.703] [info] [stationary.cpp:264] NN: cost=381.292440, feasible=true, active_stations=1
[2026-10-05 04:37:18.703] [info] [candidate.cpp:199] InstancePrecompute: built 25 candidates
[2026-10-05 04:37:18.703] [info] [stationary.cpp:264] NN: cost=248.482714, feasible=true, active_stations=1
[2026-10-05 04:37:18.703] [info] [candidate.cpp:199] InstancePrecompute: built 25 candidates
[2026-10-05 04:37:18.703] [info] [stationary.cpp:264] NN: cost=158.514835, feasible=true, active_stations=1
[2026-10-05 04:37:18.703] [info] [candidate.cpp:199] InstancePrecompute: built 25 candidates
[2026-10-05 04:37:18.703] [info] [stationary.cpp:264] NN: cost=312.745484, feasible=true, active_stations=1
[2026-10-05 04:37:18.703] [info] [candidate.cpp:199] InstancePrecompute: built 25 candidates
[2026-10-05 04:37:18.703] [info] [stationary.cpp:264] NN: cost=154.230650, feasible=true, active_stations=1
[2026-10-05 04:37:18.703] [info] [candidate.cpp:199] InstancePrecompute: built 25 candidates
[2026-10-05 04:37:18.703] [info] [stationary.cpp:264] NN: cost=317.029669, feasible=true, active_stations=1
[2026-10-05 04:37:18.703] [info] [candidate.cpp:199] InstancePrecompute: built 25 candidates
[2026-10-05 04:37:18.703] [info] [stationary.cpp:264] NN: cost=222.777605, feasible=true, active_stations=1
[2026-10-05 04:37:18.703] [info] [candidate.cpp:199] InstancePrecompute: built 25 candidates
[2026-10-05 04:37:18.703] [info] [stationary.cpp:264] NN: cost=158.514835, feasible=true, active_stations=1
[2026-10-05 04:37:18.703] [info] [candidate.cpp:199] InstancePrecompute: built 25 candidates
[2026-10-05 04:37:18.703] [info] [stationary.cpp:264] NN: cost=171.367389, feasible=true, active_stations=1
[2026-10-05 04:37:18.703] [info] [candidate.cpp:199] InstancePrecompute: built 25 candidates
[2026-10-05 04:37:18.703] [info] [stationary.cpp:264] NN: cost=175.651573, feasible=true, active_stations=1
[2026-10-05 04:37:18.703] [info] [candidate.cpp:199] InstancePrecompute: built 25 candidates
[2026-10-05 04:37:18.703] [info] [stationary.cpp:264] NN: cost=222.777605, feasible=true, active_stations=1
[2026-10-05 04:37:18.703] [info] [candidate.cpp:199] InstancePrecompute: built 25 candidates
[2026-10-05 04:37:18.703] [info] [stationary.cpp:264] NN: cost=214.209236, feasible=true, active_stations=1
[2026-10-05 04:37:18.703] [info] [candidate.cpp:199] InstancePrecompute: built 25 candidates
[2026-10-05 04:37:18.703] [info] [stationary.cpp:264] NN: cost=381.292440, feasible=true, active_stations=1
[2026-10-05 04:37:18.703] [info] [candidate.cpp:199] InstancePrecompute: built 25 candidates
[2026-10-05 04:37:18.703] [info] [stationary.cpp:264] NN: cost=381.292440, feasible=true, active_stations=1
[2026-10-05 04:37:18.703] [info] [candidate.cpp:199] InstancePrecompute: built 25 candidates
[2026-10-05 04:37:18.703] [info] [stationary.cpp:264] NN: cost=248.482714, feasible=true, active_stations=1
[2026-10-05 04:37:18.703] [info] [candidate.cpp:199] InstancePrecompute: built 25 candidates
[2026-10-05 04:37:18.703] [info] [stationary.cpp:264] NN: cost=158.514835, feasible=true, active_stations=1
[2026-10-05 04:37:18.703] [info] [candidate.cpp:199] InstancePrecompute: built 25 candidates
[2026-10-05 04:37:18.703] [info] [stationary.cpp:264] NN: cost=312.745484, feasible=true, active_stations=1
[2026-10-05 04:37:18.703] [info] [candidate.cpp:199] InstancePrecompute: built 25 candidates
[2026-10-05 04:37:18.703] [info] [stationary.cpp:264] NN: cost=154.230650, feasible=true, active_stations=1
[2026-10-05 04:37:18.703] [info] [candidate.cpp:199] InstancePrecompute: built 25 candidates
[2026-10-05 04:37:18.703] [info] [stationary.cpp:264] NN: cost=317.029669, feasible=true, active_stations=1
[2026-10-05 04:37:18.703] [info] [candidate.cpp:199] InstancePrecompute: built 25 candidates
[2026-10-05 04:37:18.703] [info] [stationary.cpp:264] NN: cost=222.777605, feasible=true, active_stations=1
[2026-10-05 04:37:18.703] [info] [candidate.cpp:199] InstancePrecompute: built 25 candidates
[2026-10-05 04:37:18.703] [info] [stationary.cpp:264] NN: cost=158.514835, feasible=true, active_stations=1
[2026-10-05 04:37:18.703] [info] [candidate.cpp:199] InstancePrecompute: built 25 candidates
[2026-10-05 04:37:18.703] [info] [stationary.cpp:264] NN: cost=171.367389, feasible=true, active_stations=1
[2026-10-05 04:37:18.703] [info] [candidate.cpp:199] InstancePrecompute: built 25 candidates
[2026-10-05 04:37:18.703] [info] [stationary.cpp:264] NN: cost=175.651573, feasible=true, active_stations=1
[2026-10-05 04:37:18.703] [info] [candidate.cpp:199] InstancePrecompute: built 25 candidates
[2026-10-05 04:37:18.703] [info] [stationary.cpp:264] NN: cost=222.777605, feasible=true, active_stations=1
[2026-10-05 04:37:18.703] [info] [candidate.cpp:199] InstancePrecompute: built 25 candidates
[2026-10-05 04:37:18.703] [info] [stationary.cpp:264] NN: cost=214.209236, feasible=true, active_stations=1
[2026-10-05 04:37:18.703] [info] [candidate.cpp:199] InstancePrecompute: built 25 candidates
[2026-10-05 04:37:18.703] [info] [stationary.cpp:264] NN: cost=381.292440, feasible=true, active_stations=1
[2026-10-05 04:37:18.703] [info] [candidate.cpp:199] InstancePrecompute: built 25 candidates
[2026-10-05 04:37:18.703] [info] [stationary.cpp:264] NN: cost=381.292440, feasible=true, active_stations=1
[2026-10-05 04:37:18.703] [info] [candidate.cpp:199] InstancePrecompute: built 25 candidates
[2026-10-05 04:37:18.703] [info] [stationary.cpp:264] NN: cost=248.482714, feasible=true, active_stations=1
[2026-10-05 04:37:18.703] [info] [candidate.cpp:199] InstancePrecompute: built 25 candidates
[2026-10-05 04:37:18.703] [info] [stationary.cpp:264] NN: cost=158.514835, feasible=true, active_stations=1
[2026-10-05 04:37:18.703] [info] [candidate.cpp:199] InstancePrecompute: built 25 candidates
[2026-10-05 04:37:18.703] [info] [stationary.cpp:264] NN: cost=312.745484, feasible=true, active_stations=1
[2026-10-05 04:37:18.703] [info] [candidate.cpp:199] InstancePrecompute: built 25 candidates
[2026-10-05 04:37:18.703] [info] [stationary.cpp:264] NN: cost=154.230650, feasible=true, active_stations=1
[2026-10-05 04:37:18.703] [info] [candidate.cpp:199] InstancePrecompute: built 25 candidates
[2026-10-05 04:37:18.703] [info] [stationary.cpp:264] NN: cost=317.029669, feasible=true, active_stations=1
[2026-10-05 04:37:18.703] [info] [candidate.cpp:199] InstancePrecompute: built 25 candidates
[2026-10-05 04:37:18.703] [info] [stationary.cpp:264] NN: cost=222.777605, feasible=true, active_stations=1
[2026-10-05 04:37:18.703] [info] [candidate.cpp:199] InstancePrecompute: built 25 candidates
[2026-10-05 04:37:18.703] [info] [stationary.cpp:264] NN: cost=158.514835, feasible=true, active_stations=1
[2026-10-05 04:37:18.703] [info] [candidate.cpp:199] InstancePrecompute: built 25 candidates
[2026-10-05 04:37:18.703] [info] [stationary.cpp:264] NN: cost=171.367389, feasible=true, active_stations=1
[2026-10-05 04:37:18.703] [info] [candidate.cpp:199] InstancePrecompute: built 25 candidates
[2026-10-05 04:37:18.703] [info] [stationary.cpp:264] NN: cost=175.651573, feasible=true, active_stations=1
[2026-10-05 04:37:18.703] [info] [candidate.cpp:199] InstancePrecompute: built 25 candidates
[2026-10-05 04:37:18.703] [info] [stationary.cpp:264] NN: cost=222.777605, feasible=true, active_stations=1
[2026-10-05 04:37:18.703] [info] [candidate.cpp:199] InstancePrecompute: built 25 candidates
[2026-10-05 04:37:18.703] [info] [stationary.cpp:264] NN: cost=214.209236, feasible=true, active_stations=1
[2026-10-05 04:37:18.703] [info] [candidate.cpp:199] InstancePrecompute: built 25 candidates
[2026-10-05 04:37:18.703] [info] [stationary.cpp:264] NN: cost=381.292440, feasible=true, active_stations=1
[2026-10-05 04:37:18.703] [info] [candidate.cpp:199] InstancePrecompute: built 25 candidates
[2026-10-05 04:37:18.703] [info] [stationary.cpp:264] NN: cost=381.292440, feasible=true, active_stations=1
[2026-10-05 04:37:18.703] [info] [candidate.cpp:199] InstancePrecompute: built 25 candidates
[2026-10-05 04:37:18.703] [info] [stationary.cpp:264] NN: cost=248.482714, feasible=true, active_stations=1
[2026-10-05 04:37:18.703] [info] [candidate.cpp:199] InstancePrecompute: built 25 candidates
[2026-10-05 04:37:18.703] [info] [stationary.cpp:264] NN: cost=158.514835, feasible=true, active_stations=1
[2026-10-05 04:37:18.703] [info] [candidate.cpp:199] InstancePrecompute: built 25 candidates
[2026-10-05 04:37:18.703] [info] [stationary.cpp:264] NN: cost=312.745484, feasible=true, active_stations=1
[2026-10-05 04:37:18.703] [info] [candidate.cpp:199] InstancePrecompute: built 25 candidates
[2026-10-05 04:37:18.703] [info] [stationary.cpp:264] NN: cost=154.230650, feasible=true, active_stations=1
[2026-10-05 04:37:18.703] [info] [candidate.cpp:199] InstancePrecompute: built 25 candidates
[2026-10-05 04:37:18.703] [info] [stationary.cpp:264] NN: cost=317.029669, feasible=true, active_stations=1
[2026-10-05 04:37:18.703] [info] [candidate.cpp:199] InstancePrecompute: built 25 candidates
[2026-10-05 04:37:18.703] [info] [stationary.cpp:264] NN: cost=222.777605, feasible=true, active_stations=1
[2026-10-05 04:37:18.703] [info] [candidate.cpp:199] InstancePrecompute: built 25 candidates
[2026-10-05 04:37:18.703] [info] [stationary.cpp:264] NN: cost=158.514835, feasible=true, active_stations=1
[2026-10-05 04:37:18.703] [info] [candidate.cpp:199] InstancePrecompute: built 25 candidates
[2026-10-05 04:37:18.703] [info] [stationary.cpp:264] NN: cost=171.367389, feasible=true, active_stations=1
[2026-10-05 04:37:18.703] [info] [candidate.cpp:199] InstancePrecompute: built 25 candidates
[2026-10-05 04:37:18.703] [info] [stationary.cpp:264] NN: cost=175.651573, feasible=true, active_stations=1
[2026-10-05 04:37:18.703] [info] [candidate.cpp:199] InstancePrecompute: built 25 candidates
[2026-10-05 04:37:18.703] [info] [stationary.cpp:264] NN: cost=222.777605, feasible=true, active_stations=1
[2026-10-05 04:37:18.703] [info] [candidate.cpp:199] InstancePrecompute: built 25 candidates
[2026-10-05 04:37:18.703] [info] [stationary.cpp:264] NN: cost=214.209236, feasible=true, active_stations=1
[2026-10-05 04:37:18.703] [info] [candidate.cpp:199] InstancePrecompute: built 25 candidates
[2026-10-05 04:37:18.703] [info] [stationary.cpp:264] NN: cost=381.292440, feasible=true, active_stations=1
[2026-10-05 04:37:18.703] [info] [candidate.cpp:199] InstancePrecompute: built 25 candidates
[2026-10-05 04:37:18.703] [info] [stationary.cpp:264] NN: cost=381.292440, feasible=true, active_stations=1
[2026-10-05 04:37:18.703] [info] [candidate.cpp:199] InstancePrecompute: built 25 candidates
[2026-10-05 04:37:18.703] [info] [stationary.cpp:264] NN: cost=248.482714, feasible=true, active_stations=1
[2026-10-05 04:37:18.703] [info] [candidate.cpp:199] InstancePrecompute: built 25 candidates
[2026-10-05 04:37:18.703] [info] [stationary.cpp:264] NN: cost=158.514835, feasible=true, active_stations=1
[2026-10-05 04:37:18.703] [info] [candidate.cpp:199] InstancePrecompute: built 25 candidates
[2026-10-05 04:37:18.703] [info] [stationary.cpp:264] NN: cost=312.745484, feasible=true, active_stations=1
[2026-10-05 04:37:18.703] [info] [candidate.cpp:199] InstancePrecompute: built 25 candidates
[2026-10-05 04:37:18.703] [info] [stationary.cpp:264] NN: cost=154.230650, feasible=true, active_stations=1
[2026-10-05 04:37:18.703] [info] [candidate.cpp:199] InstancePrecompute: built 25 candidates
[2026-10-05 04:37:18.703] [info] [stationary.cpp:264] NN: cost=317.029669, feasible=true, active_stations=1
[2026-10-05 04:37:18.703] [info] [candidate.cpp:199] InstancePrecompute: built 25 candidates
[2026-10-05 04:37:18.703] [info] [stationary.cpp:264] NN: cost=222.777605, feasible=true, active_stations=1
[2026-10-05 04:37:18.703] [info] [candidate.cpp:199] InstancePrecompute: built 25 candidates
[2026-10-05 04:37:18.703] [info] [stationary.cpp:264] NN: cost=158.514835, feasible=true, active_stations=1
[2026-10-05 04:37:18.703] [info] [candidate.cpp:199] InstancePrecompute: built 25 candidates
[2026-10-05 04:37:18.703] [info] [stationary.cpp:264] NN: cost=171.367389, feasible=true, active_stations=1
[2026-10-05 04:37:18.703] [info] [candidate.cpp:199] InstancePrecompute: built 25 candidates
[2026-10-05 04:37:18.703] [info] [stationary.cpp:264] NN: cost=175.651573, feasible=true, active_stations=1
[2026-10-05 04:37:18.703] [info] [candidate.cpp:199] InstancePrecompute: built 25 candidates
[2026-10-05 04:37:18.703] [info] [stationary.cpp:264] NN: cost=222.777605, feasible=true, active_stations=1
[2026-10-05 04:37:18.703] [info] [candidate.cpp:199] InstancePrecompute: built 25 candidates
[2026-10-05 04:37:18.703] [info] [stationary.cpp:264] NN: cost=214.209236, feasible=true, active_stations=1
[2026-10-05 04:37:18.703] [info] [candidate.cpp:199] InstancePrecompute: built 25 candidates
[2026-10-05 04:37:18.703] [info] [stationary.cpp:264] NN: cost=381.292440, feasible=true, active_stations=1
[2026-10-05 04:37:18.703] [info] [candidate.cpp:199] InstancePrecompute: built 25 candidates
[2026-10-05 04:37:18.703] [info] [stationary.cpp:264] NN: cost=381.292440, feasible=true, active_stations=1
[2026-10-05 04:37:18.703] [info] [candidate.cpp:199] InstancePrecompute: built 25 candidates
[2026-10-05 04:37:18.703] [info] [stationary.cpp:264] NN: cost=248.482714, feasible=true, active_stations=1
[2026-10-05 04:37:18.703] [info] [candidate.cpp:199] InstancePrecompute: built 25 candidates
[2026-10-05 04:37:18.703] [info] [stationary.cpp:264] NN: cost=158.514835, feasible=true, active_stations=1
[2026-10-05 04:37:18.703] [info] [candidate.cpp:199] InstancePrecompute: built 25 candidates
[2026-10-05 04:37:18.703] [info] [stationary.cpp:264] NN: cost=312.745484, feasible=true, active_stations=1
[2026-10-05 04:37:18.703] [info] [candidate.cpp:199] InstancePrecompute: built 25 candidates
[2026-10-05 04:37:18.703] [info] [stationary.cpp:264] NN: cost=154.230650, feasible=true, active_stations=1
[2026-10-05 04:37:18.703] [info] [candidate.cpp:199] InstancePrecompute: built 25 candidates
[2026-10-05 04:37:18.703] [info] [stationary.cpp:264] NN: cost=317.029669, feasible=true, active_stations=1
[2026-10-05 04:37:18.703] [info] [candidate.cpp:199] InstancePrecompute: built 25 candidates
[2026-10-05 04:37:18.703] [info] [stationary.cpp:264] NN: cost=222.777605, feasible=true, active_stations=1
[2026-10-05 04:37:18.703] [info] [candidate.cpp:199] InstancePrecompute: built 25 candidates
[2026-10-05 04:37:18.703] [info] [stationary.cpp:264] NN: cost=158.514835, feasible=true, active_stations=1
[2026-10-05 04:37:18.703] [info] [candidate.cpp:199] InstancePrecompute: built 25 candidates
[2026-10-05 04:37:18.703] [info] [stationary.cpp:264] NN: cost=171.367389, feasible=true, active_stations=1
[2026-10-05 04:37:18.703] [info] [candidate.cpp:199] InstancePrecompute: built 25 candidates
[2026-10-05 04:37:18.703] [info] [stationary.cpp:264] NN: cost=175.651573, feasible=true, active_stations=1
[2026-10-05 04:37:18.703] [info] [candidate.cpp:199] InstancePrecompute: built 25 candidates
[2026-10-05 04:37:18.703] [info] [stationary.cpp:264] NN: cost=222.777605, feasible=true, active_stations=1
[2026-10-05 04:37:18.703] [info] [candidate.cpp:199] InstancePrecompute: built 25 candidates
[2026-10-05 04:37:18.703] [info] [stationary.cpp:264] NN: cost=214.209236, feasible=true, active_stations=1
[2026-10-05 04:37:18.703] [info] [candidate.cpp:199] InstancePrecompute: built 25 candidates
[2026-10-05 04:37:18.703] [info] [stationary.cpp:264] NN: cost=381.292440, feasible=true, active_stations=1
[2026-10-05 04:37:18.703] [info] [candidate.cpp:199] InstancePrecompute: built 25 candidates
[2026-10-05 04:37:18.703] [info] [stationary.cpp:264] NN: cost=381.292440, feasible=true, active_stations=1
[2026-10-05 04:37:18.703] [info] [candidate.cpp:199] InstancePrecompute: built 25 candidates
[2026-10-05 04:37:18.703] [info] [stationary.cpp:264] NN: cost=248.482714, feasible=true, active_stations=1
[2026-10-05 04:37:18.703] [info] [candidate.cpp:199] InstancePrecompute: built 25 candidates
[2026-10-05 04:37:18.703] [info] [stationary.cpp:264] NN: cost=158.514835, feasible=true, active_stations=1
[2026-10-05 04:37:18.703] [info] [candidate.cpp:199] InstancePrecompute: built 25 candidates
[2026-10-05 04:37:18.703] [info] [stationary.cpp:264] NN: cost=312.745484, feasible=true, active_stations=1
[2026-10-05 04:37:18.703] [info] [candidate.cpp:199] InstancePrecompute: built 25 candidates
[2026-10-05 04:37:18.703] [info] [stationary.cpp:264] NN: cost=154.230650, feasible=true, active_stations=1
[2026-10-05 04:37:18.703] [info] [candidate.cpp:199] InstancePrecompute: built 25 candidates
[2026-10-05 04:37:18.703] [info] [stationary.cpp:264] NN: cost=317.029669, feasible=true, active_stations=1
[2026-10-05 04:37:18.703] [info] [candidate.cpp:199] InstancePrecompute: built 25 candidates
[2026-10-05 04:37:18.703] [info] [stationary.cpp:264] NN: cost=222.777605, feasible=true, active_stations=1
[2026-10-05 04:37:18.703] [info] [candidate.cpp:199] InstancePrecompute: built 25 candidates
[2026-10-05 04:37:18.703] [info] [stationary.cpp:264] NN: cost=158.514835, feasible=true, active_stations=1
[2026-10-05 04:37:18.703] [info] [candidate.cpp:199] InstancePrecompute: built 25 candidates
[2026-10-05 04:37:18.703] [info] [stationary.cpp:264] NN: cost=171.367389, feasible=true, active_stations=1
[2026-10-05 04:37:18.703] [info] [candidate.cpp:199] InstancePrecompute: built 25 candidates
[2026-10-05 04:37:18.703] [info] [stationary.cpp:264] NN: cost=175.651573, feasible=true, active_stations=1
[2026-10-05 04:37:18.703] [info] [candidate.cpp:199] InstancePrecompute: built 25 candidates
[2026-10-05 04:37:18.703] [info] [stationary.cpp:264] NN: cost=222.777605, feasible=true, active_stations=1
[2026-10-05 04:37:18.703] [info] [candidate.cpp:199] InstancePrecompute: built 25 candidates
[2026-10-05 04:37:18.703] [info] [stationary.cpp:264] NN: cost=214.209236, feasible=true, active_stations=1
[2026-10-05 04:37:18.703] [info] [candidate.cpp:199] InstancePrecompute: built 25 candidates
[2026-10-05 04:37:18.703] [info] [stationary.cpp:264] NN: cost=381.292440, feasible=true, active_stations=1
[2026-10-05 04:37:18.703] [info] [candidate.cpp:199] InstancePrecompute: built 25 candidates
[2026-10-05 04:37:18.703] [info] [stationary.cpp:264] NN: cost=381.292440, feasible=true, active_stations=1
[2026-10-05 04:37:18.703] [info] [candidate.cpp:199] InstancePrecompute: built 25 candidates
[2026-10-05 04:37:18.703] [info] [stationary.cpp:264] NN: cost=312.745484, feasible=true, active_stations=1
[2026-10-05 04:37:18.703] [info] [candidate.cpp:199] InstancePrecompute: built 25 candidates
[2026-10-05 04:37:18.703] [info] [stationary.cpp:264] NN: cost=248.482714, feasible=true, active_stations=1
[2026-10-05 04:37:18.703] [info] [candidate.cpp:199] InstancePrecompute: built 25 candidates
[2026-10-05 04:37:18.703] [info] [stationary.cpp:264] NN: cost=158.514835, feasible=true, active_stations=1
[2026-10-05 04:37:18.703] [info] [candidate.cpp:199] InstancePrecompute: built 25 candidates
[2026-10-05 04:37:18.704] [info] [stationary.cpp:264] NN: cost=154.230650, feasible=true, active_stations=1
[2026-10-05 04:37:18.704] [info] [candidate.cpp:199] InstancePrecompute: built 25 candidates
[2026-10-05 04:37:18.704] [info] [stationary.cpp:264] NN: cost=317.029669, feasible=true, active_stations=1
[2026-10-05 04:37:18.704] [info] [candidate.cpp:199] InstancePrecompute: built 25 candidates
[2026-10-05 04:37:18.704] [info] [stationary.cpp:264] NN: cost=222.777605, feasible=true, active_stations=1
[2026-10-05 04:37:18.704] [info] [candidate.cpp:199] InstancePrecompute: built 25 candidates
[2026-10-05 04:37:18.704] [info] [stationary.cpp:264] NN: cost=158.514835, feasible=true, active_stations=1
[2026-10-05 04:37:18.704] [info] [candidate.cpp:199] InstancePrecompute: built 25 candidates
[2026-10-05 04:37:18.704] [info] [stationary.cpp:264] NN: cost=171.367389, feasible=true, active_stations=1
[2026-10-05 04:37:18.704] [info] [candidate.cpp:199] InstancePrecompute: built 25 candidates
[2026-10-05 04:37:18.704] [info] [stationary.cpp:264] NN: cost=175.651573, feasible=true, active_stations=1
[2026-10-05 04:37:18.704] [info] [candidate.cpp:199] InstancePrecompute: built 25 candidates
[2026-10-05 04:37:18.704] [info] [stationary.cpp:264] NN: cost=222.777605, feasible=true, active_stations=1
[2026-10-05 04:37:18.704] [info] [candidate.cpp:199] InstancePrecompute: built 25 candidates
[2026-10-05 04:37:18.704] [info] [stationary.cpp:264] NN: cost=214.209236, feasible=true, active_stations=1
[2026-10-05 04:37:18.704] [info] [candidate.cpp:199] InstancePrecompute: built 25 candidates
[2026-10-05 04:37:18.704] [info] [stationary.cpp:264] NN: cost=381.292440, feasible=true, active_stations=1
[2026-10-05 04:37:18.704] [info] [candidate.cpp:199] InstancePrecompute: built 25 candidates
[2026-10-05 04:37:18.704] [info] [stationary.cpp:264] NN: cost=381.292440, feasible=true, active_stations=1
[2026-10-05 04:37:18.704] [info] [candidate.cpp:199] InstancePrecompute: built 25 candidates
[2026-10-05 04:37:18.704] [info] [stationary.cpp:264] NN: cost=312.745484, feasible=true, active_stations=1
[2026-10-05 04:37:18.704] [info] [candidate.cpp:199] InstancePrecompute: built 25 candidates
[2026-10-05 04:37:18.704] [info] [stationary.cpp:264] NN: cost=248.482714, feasible=true, active_stations=1
[2026-10-05 04:37:18.704] [info] [candidate.cpp:199] InstancePrecompute: built 25 candidates
[2026-10-05 04:37:18.704] [info] [stationary.cpp:264] NN: cost=158.514835, feasible=true, active_stations=1
[2026-10-05 04:37:18.704] [info] [candidate.cpp:199] InstancePrecompute: built 25 candidates
[2026-10-05 04:37:18.704] [info] [stationary.cpp:264] NN: cost=154.230650, feasible=true, active_stations=1
[2026-10-05 04:37:18.704] [info] [candidate.cpp:199] InstancePrecompute: built 25 candidates
[2026-10-05 04:37:18.704] [info] [stationary.cpp:264] NN: cost=317.029669, feasible=true, active_stations=1
[2026-10-05 04:37:18.704] [info] [candidate.cpp:199] InstancePrecompute: built 25 candidates
[2026-10-05 04:37:18.704] [info] [stationary.cpp:264] NN: cost=222.777605, feasible=true, active_stations=1
[2026-10-05 04:37:18.704] [info] [candidate.cpp:199] InstancePrecompute: built 25 candidates
[2026-10-05 04:37:18.704] [info] [stationary.cpp:264] NN: cost=158.514835, feasible=true, active_stations=1
[2026-10-05 04:37:18.704] [info] [candidate.cpp:199] InstancePrecompute: built 25 candidates
[2026-10-05 04:37:18.704] [info] [stationary.cpp:264] NN: cost=171.367389, feasible=true, active_stations=1
[2026-10-05 04:37:18.704] [info] [candidate.cpp:199] InstancePrecompute: built 25 candidates
[2026-10-05 04:37:18.704] [info] [stationary.cpp:264] NN: cost=175.651573, feasible=true, active_stations=1
[2026-10-05 04:37:18.704] [info] [candidate.cpp:199] InstancePrecompute: built 25 candidates
[2026-10-05 04:37:18.704] [info] [stationary.cpp:264] NN: cost=222.777605, feasible=true, active_stations=1
[2026-10-05 04:37:18.704] [info] [candidate.cpp:199] InstancePrecompute: built 25 candidates
[2026-10-05 04:37:18.704] [info] [stationary.cpp:264] NN: cost=214.209236, feasible=true, active_stations=1
[2026-10-05 04:37:18.704] [info] [candidate.cpp:199] InstancePrecompute: built 25 candidates
[2026-10-05 04:37:18.704] [info] [stationary.cpp:264] NN: cost=381.292440, feasible=true, active_stations=1
[2026-10-05 04:37:18.704] [info] [candidate.cpp:199] InstancePrecompute: built 25 candidates
[2026-10-05 04:37:18.704] [info] [stationary.cpp:264] NN: cost=381.292440, feasible=true, active_stations=1
[2026-10-05 04:37:18.704] [info] [candidate.cpp:199] InstancePrecompute: built 25 candidates
[2026-10-05 04:37:18.704] [info] [stationary.cpp:264] NN: cost=312.745484, feasible=true, active_stations=1
[2026-10-05 04:37:18.704] [info] [candidate.cpp:199] InstancePrecompute: built 25 candidates
[2026-10-05 04:37:18.704] [info] [stationary.cpp:264] NN: cost=248.482714, feasible=true, active_stations=1
[2026-10-05 04:37:18.704] [info] [candidate.cpp:199] InstancePrecompute: built 25 candidates
[2026-10-05 04:37:18.704] [info] [stationary.cpp:264] NN: cost=158.514835, feasible=true, active_stations=1
[2026-10-05 04:37:18.704] [info] [candidate.cpp:199] InstancePrecompute: built 25 candidates
[2026-10-05 04:37:18.704] [info] [stationary.cpp:264] NN: cost=154.230650, feasible=true, active_stations=1
[2026-10-05 04:37:18.704] [info] [candidate.cpp:199] InstancePrecompute: built 25 candidates
[2026-10-05 04:37:18.704] [info] [stationary.cpp:264] NN: cost=317.029669, feasible=true, active_stations=1
[2026-10-05 04:37:18.704] [info] [candidate.cpp:199] InstancePrecompute: built 25 candidates
[2026-10-05 04:37:18.704] [info] [stationary.cpp:264] NN: cost=222.777605, feasible=true, active_stations=1
[2026-10-05 04:37:18.704] [info] [candidate.cpp:199] InstancePrecompute: built 25 candidates
[2026-10-05 04:37:18.704] [info] [stationary.cpp:264] NN: cost=158.514835, feasible=true, active_stations=1
[2026-10-05 04:37:18.704] [info] [candidate.cpp:199] InstancePrecompute: built 25 candidates
[2026-10-05 04:37:18.704] [info] [stationary.cpp:264] NN: cost=171.367389, feasible=true, active_stations=1
[2026-10-05 04:37:18.704] [info] [candidate.cpp:199] InstancePrecompute: built 25 candidates
[2026-10-05 04:37:18.704] [info] [stationary.cpp:264] NN: cost=175.651573, feasible=true, active_stations=1
[2026-10-05 04:37:18.704] [info] [candidate.cpp:199] InstancePrecompute: built 25 candidates
[2026-10-05 04:37:18.704] [info] [stationary.cpp:264] NN: cost=222.777605, feasible=true, active_stations=1
[2026-10-05 04:37:18.704] [info] [candidate.cpp:199] InstancePrecompute: built 25 candidates
[2026-10-05 04:37:18.704] [info] [stationary.cpp:264] NN: cost=214.209236, feasible=true, active_stations=1
[2026-10-05 04:37:18.704] [info] [candidate.cpp:199] InstancePrecompute: built 25 candidates
[2026-10-05 04:37:18.704] [info] [stationary.cpp:264] NN: cost=381.292440, feasible=true, active_stations=1
[2026-10-05 04:37:18.704] [info] [candidate.cpp:199] InstancePrecompute: built 25 candidates
[2026-10-05 04:37:18.704] [info] [stationary.cpp:264] NN: cost=381.292440, feasible=true, active_stations=1
[2026-10-05 04:37:18.704] [info] [candidate.cpp:199] InstancePrecompute: built 25 candidates
[2026-10-05 04:37:18.704] [info] [stationary.cpp:264] NN: cost=312.745484, feasible=true, active_stations=1
[2026-10-05 04:37:18.704] [info] [candidate.cpp:199] InstancePrecompute: built 25 candidates
[2026-10-05 04:37:18.704] [info] [stationary.cpp:264] NN: cost=248.482714, feasible=true, active_stations=1
[2026-10-05 04:37:18.704] [info] [candidate.cpp:199] InstancePrecompute: built 25 candidates
[2026-10-05 04:37:18.704] [info] [stationary.cpp:264] NN: cost=158.514835, feasible=true, active_stations=1
[2026-10-05 04:37:18.704] [info] [candidate.cpp:199] InstancePrecompute: built 25 candidates
[2026-10-05 04:37:18.704] [info] [stationary.cpp:264] NN: cost=154.230650, feasible=true, active_stations=1
[2026-10-05 04:37:18.704] [info] [candidate.cpp:199] InstancePrecompute: built 25 candidates
[2026-10-05 04:37:18.704] [info] [stationary.cpp:264] NN: cost=317.029669, feasible=true, active_stations=1
[2026-10-05 04:37:18.704] [info] [candidate.cpp:199] InstancePrecompute: built 25 candidates
[2026-10-05 04:37:18.704] [info] [stationary.cpp:264] NN: cost=222.777605, feasible=true, active_stations=1
[2026-10-05 04:37:18.704] [info] [candidate.cpp:199] InstancePrecompute: built 25 candidates
[2026-10-05 04:37:18.704] [info] [stationary.cpp:264] NN: cost=158.514835, feasible=true, active_stations=1
[2026-10-05 04:37:18.704] [info] [candidate.cpp:199] InstancePrecompute: built 25 candidates
[2026-10-05 04:37:18.704] [info] [stationary.cpp:264] NN: cost=171.367389, feasible=true, active_stations=1
[2026-10-05 04:37:18.704] [info] [candidate.cpp:199] InstancePrecompute: built 25 candidates
[2026-10-05 04:37:18.704] [info] [stationary.cpp:264] NN: cost=175.651573, feasible=true, active_stations=1
[2026-10-05 04:37:18.704] [info] [candidate.cpp:199] InstancePrecompute: built 25 candidates
[2026-10-05 04:37:18.704] [info] [stationary.cpp:264] NN: cost=222.777605, feasible=true, active_stations=1
[2026-10-05 04:37:18.704] [info] [candidate.cpp:199] InstancePrecompute: built 25 candidates
[2026-10-05 04:37:18.704] [info] [stationary.cpp:264] NN: cost=214.209236, feasible=true, active_stations=1
[2026-10-05 04:37:18.704] [info] [candidate.cpp:199] InstancePrecompute: built 25 candidates
[2026-10-05 04:37:18.704] [info] [stationary.cpp:264] NN: cost=381.292440, feasible=true, active_stations=1
[2026-10-05 04:37:18.704] [info] [candidate.cpp:199] InstancePrecompute: built 25 candidates
[2026-10-05 04:37:18.704] [info] [stationary.cpp:264] NN: cost=381.292440, feasible=true, active_stations=1
[2026-10-05 04:37:18.704] [info] [candidate.cpp:199] InstancePrecompute: built 25 candidates
[2026-10-05 04:37:18.704] [info] [stationary.cpp:264] NN: cost=312.745484, feasible=true, active_stations=1
[2026-10-05 04:37:18.704] [info] [candidate.cpp:199] InstancePrecompute: built 25 candidates
[2026-10-05 04:37:18.704] [info] [stationary.cpp:264] NN: cost=248.482714, feasible=true, active_stations=1
[2026-10-05 04:37:18.704] [info] [candidate.cpp:199] InstancePrecompute: built 25 candidates
[2026-10-05 04:37:18.704] [info] [stationary.cpp:264] NN: cost=158.514835, feasible=true, active_stations=1
[2026-10-05 04:37:18.704] [info] [candidate.cpp:199] InstancePrecompute: built 25 candidates
[2026-10-05 04:37:18.704] [info] [stationary.cpp:264] NN: cost=154.230650, feasible=true, active_stations=1
[2026-10-05 04:37:18.704] [info] [candidate.cpp:199] InstancePrecompute: built 25 candidates
[2026-10-05 04:37:18.704] [info] [stationary.cpp:264] NN: cost=317.029669, feasible=true, active_stations=1
[2026-10-05 04:37:18.704] [info] [candidate.cpp:199] InstancePrecompute: built 25 candidates
[2026-10-05 04:37:18.704] [info] [stationary.cpp:264] NN: cost=222.777605, feasible=true, active_stations=1
[2026-10-05 04:37:18.704] [info] [candidate.cpp:199] InstancePrecompute: built 25 candidates
[2026-10-05 04:37:18.704] [info] [stationary.cpp:264] NN: cost=158.514835, feasible=true, active_stations=1
[2026-10-05 04:37:18.704] [info] [candidate.cpp:199] InstancePrecompute: built 25 candidates
[2026-10-05 04:37:18.704] [info] [stationary.cpp:264] NN: cost=171.367389, feasible=true, active_stations=1
[2026-10-05 04:37:18.704] [info] [candidate.cpp:199] InstancePrecompute: built 25 candidates
[2026-10-05 04:37:18.704] [info] [stationary.cpp:264] NN: cost=175.651573, feasible=true, active_stations=1
[2026-10-05 04:37:18.704] [info] [candidate.cpp:199] InstancePrecompute: built 25 candidates
[2026-10-05 04:37:18.704] [info] [stationary.cpp:264] NN: cost=222.777605, feasible=true, active_stations=1
[2026-10-05 04:37:18.704] [info] [candidate.cpp:199] InstancePrecompute: built 25 candidates
[2026-10-05 04:37:18.704] [info] [stationary.cpp:264] NN: cost=214.209236, feasible=true, active_stations=1
[2026-10-05 04:37:18.704] [info] [candidate.cpp:199] InstancePrecompute: built 25 candidates
[2026-10-05 04:37:18.704] [info] [stationary.cpp:264] NN: cost=381.292440, feasible=true, active_stations=1
[2026-10-05 04:37:18.704] [info] [candidate.cpp:199] InstancePrecompute: built 25 candidates
[2026-10-05 04:37:18.704] [info] [stationary.cpp:264] NN: cost=381.292440, feasible=true, active_stations=1
[2026-10-05 04:37:18.704] [info] [candidate.cpp:199] InstancePrecompute: built 25 candidates
[2026-10-05 04:37:18.704] [info] [stationary.cpp:264] NN: cost=312.745484, feasible=true, active_stations=1
[2026-10-05 04:37:18.704] [info] [candidate.cpp:199] InstancePrecompute: built 25 candidates
[2026-10-05 04:37:18.704] [info] [stationary.cpp:264] NN: cost=248.482714, feasible=true, active_stations=1
[2026-10-05 04:37:18.704] [info] [candidate.cpp:199] InstancePrecompute: built 25 candidates
[2026-10-05 04:37:18.704] [info] [stationary.cpp:264] NN: cost=158.514835, feasible=true, active_stations=1
[2026-10-05 04:37:18.704] [info] [candidate.cpp:199] InstancePrecompute: built 25 candidates
[2026-10-05 04:37:18.704] [info] [stationary.cpp:264] NN: cost=154.230650, feasible=true, active_stations=1
[2026-10-05 04:37:18.704] [info] [candidate.cpp:199] InstancePrecompute: built 50 candidates
[2026-10-05 04:37:18.704] [info] [stationary.cpp:264] NN: cost=539.807274, feasible=true, active_stations=2
[2026-10-05 04:37:18.704] [info] [candidate.cpp:199] InstancePrecompute: built 25 candidates
[2026-10-05 04:37:18.704] [info] [stationary.cpp:264] NN: cost=158.514835, feasible=true, active_stations=1
[2026-10-05 04:37:18.704] [info] [candidate.cpp:199] InstancePrecompute: built 25 candidates
[2026-10-05 04:37:18.704] [info] [stationary.cpp:264] NN: cost=171.367389, feasible=true, active_stations=1
[2026-10-05 04:37:18.704] [info] [candidate.cpp:199] InstancePrecompute: built 25 candidates
[2026-10-05 04:37:18.704] [info] [stationary.cpp:264] NN: cost=175.651573, feasible=true, active_stations=1
[2026-10-05 04:37:18.704] [info] [candidate.cpp:199] InstancePrecompute: built 25 candidates
[2026-10-05 04:37:18.704] [info] [stationary.cpp:264] NN: cost=222.777605, feasible=true, active_stations=1
[2026-10-05 04:37:18.704] [info] [candidate.cpp:199] InstancePrecompute: built 25 candidates
[2026-10-05 04:37:18.704] [info] [stationary.cpp:264] NN: cost=214.209236, feasible=true, active_stations=1
[2026-10-05 04:37:18.704] [info] [candidate.cpp:199] InstancePrecompute: built 25 candidates
[2026-10-05 04:37:18.704] [info] [stationary.cpp:264] NN: cost=381.292440, feasible=true, active_stations=1
[2026-10-05 04:37:18.704] [info] [candidate.cpp:199] InstancePrecompute: built 25 candidates
[2026-10-05 04:37:18.704] [info] [stationary.cpp:264] NN: cost=381.292440, feasible=true, active_stations=1
[2026-10-05 04:37:18.704] [info] [candidate.cpp:199] InstancePrecompute: built 25 candidates
[2026-10-05 04:37:18.704] [info] [stationary.cpp:264] NN: cost=312.745484, feasible=true, active_stations=1
[2026-10-05 04:37:18.704] [info] [candidate.cpp:199] InstancePrecompute: built 25 candidates
[2026-10-05 04:37:18.704] [info] [stationary.cpp:264] NN: cost=248.482714, feasible=true, active_stations=1
[2026-10-05 04:37:18.704] [info] [candidate.cpp:199] InstancePrecompute: built 25 candidates
[2026-10-05 04:37:18.704] [info] [stationary.cpp:264] NN: cost=158.514835, feasible=true, active_stations=1
[2026-10-05 04:37:18.704] [info] [candidate.cpp:199] InstancePrecompute: built 25 candidates
[2026-10-05 04:37:18.704] [info] [stationary.cpp:264] NN: cost=154.230650, feasible=true, active_stations=1
[2026-10-05 04:37:18.704] [info] [candidate.cpp:199] InstancePrecompute: built 25 candidates
[2026-10-05 04:37:18.704] [info] [stationary.cpp:264] NN: cost=317.029669, feasible=true, active_stations=1
[2026-10-05 04:37:18.704] [info] [candidate.cpp:199] InstancePrecompute: built 25 candidates
[2026-10-05 04:37:18.704] [info] [stationary.cpp:264] NN: cost=222.777605, feasible=true, active_stations=1
[2026-10-05 04:37:18.704] [info] [candidate.cpp:199] InstancePrecompute: built 25 candidates
[2026-10-05 04:37:18.704] [info] [stationary.cpp:264] NN: cost=158.514835, feasible=true, active_stations=1
[2026-10-05 04:37:18.704] [info] [candidate.cpp:199] InstancePrecompute: built 25 candidates
[2026-10-05 04:37:18.704] [info] [stationary.cpp:264] NN: cost=171.367389, feasible=true, active_stations=1
[2026-10-05 04:37:18.704] [info] [candidate.cpp:199] InstancePrecompute: built 25 candidates
[2026-10-05 04:37:18.704] [info] [stationary.cpp:264] NN: cost=175.651573, feasible=true, active_stations=1
[2026-10-05 04:37:18.704] [info] [candidate.cpp:199] InstancePrecompute: built 25 candidates
[2026-10-05 04:37:18.704] [info] [stationary.cpp:264] NN: cost=222.777605, feasible=true, active_stations=1
[2026-10-05 04:37:18.704] [info] [candidate.cpp:199] InstancePrecompute: built 25 candidates
[2026-10-05 04:37:18.704] [info] [stationary.cpp:264] NN: cost=214.209236, feasible=true, active_stations=1
[2026-10-05 04:37:18.704] [info] [candidate.cpp:199] InstancePrecompute: built 25 candidates
[2026-10-05 04:37:18.704] [info] [stationary.cpp:264] NN: cost=381.292440, feasible=true, active_stations=1
[2026-10-05 04:37:18.704] [info] [candidate.cpp:199] InstancePrecompute: built 25 candidates
[2026-10-05 04:37:18.704] [info] [stationary.cpp:264] NN: cost=381.292440, feasible=true, active_stations=1
[2026-10-05 04:37:18.704] [info] [candidate.cpp:199] InstancePrecompute: built 25 candidates
[2026-10-05 04:37:18.704] [info] [stationary.cpp:264] NN: cost=312.745484, feasible=true, active_stations=1
[2026-10-05 04:37:18.704] [info] [candidate.cpp:199] InstancePrecompute: built 25 candidates
[2026-10-05 04:37:18.704] [info] [stationary.cpp:264] NN: cost=248.482714, feasible=true, active_stations=1
[2026-10-05 04:37:18.704] [info] [candidate.cpp:199] InstancePrecompute: built 25 candidates
[2026-10-05 04:37:18.704] [info] [stationary.cpp:264] NN: cost=158.514835, feasible=true, active_stations=1
[2026-10-05 04:37:18.704] [info] [candidate.cpp:199] InstancePrecompute: built 25 candidates
[2026-10-05 04:37:18.704] [info] [stationary.cpp:264] NN: cost=154.230650, feasible=true, active_stations=1
[2026-10-05 04:37:18.704] [info] [candidate.cpp:199] InstancePrecompute: built 25 candidates
[2026-10-05 04:37:18.704] [info] [stationary.cpp:264] NN: cost=317.029669, feasible=true, active_stations=1
[2026-10-05 04:37:18.704] [info] [candidate.cpp:199] InstancePrecompute: built 25 candidates
[2026-10-05 04:37:18.704] [info] [stationary.cpp:264] NN: cost=158.514835, feasible=true, active_stations=1
[2026-10-05 04:37:18.704] [info] [candidate.cpp:199] InstancePrecompute: built 25 candidates
[2026-10-05 04:37:18.704] [info] [stationary.cpp:264] NN: cost=222.777605, feasible=true, active_stations=1
[2026-10-05 04:37:18.704] [info] [candidate.cpp:199] InstancePrecompute: built 25 candidates
[2026-10-05 04:37:18.704] [info] [stationary.cpp:264] NN: cost=171.367389, feasible=true, active_stations=1
[2026-10-05 04:37:18.704] [info] [candidate.cpp:199] InstancePrecompute: built 25 candidates
[2026-10-05 04:37:18.704] [info] [stationary.cpp:264] NN: cost=175.651573, feasible=true, active_stations=1
[2026-10-05 04:37:18.704] [info] [candidate.cpp:199] InstancePrecompute: built 25 candidates
[2026-10-05 04:37:18.704] [info] [stationary.cpp:264] NN: cost=222.777605, feasible=true, active_stations=1
[2026-10-05 04:37:18.704] [info] [candidate.cpp:199] InstancePrecompute: built 25 candidates
[2026-10-05 04:37:18.704] [info] [stationary.cpp:264] NN: cost=214.209236, feasible=true, active_stations=1
[2026-10-05 04:37:18.704] [info] [candidate.cpp:199] InstancePrecompute: built 25 candidates
[2026-10-05 04:37:18.704] [info] [stationary.cpp:264] NN: cost=381.292440, feasible=true, active_stations=1
[2026-10-05 04:37:18.704] [info] [candidate.cpp:199] InstancePrecompute: built 25 candidates
[2026-10-05 04:37:18.704] [info] [stationary.cpp:264] NN: cost=381.292440, feasible=true, active_stations=1
[2026-10-05 04:37:18.704] [info] [candidate.cpp:199] InstancePrecompute: built 25 candidates
[2026-10-05 04:37:18.704] [info] [stationary.cpp:264] NN: cost=312.745484, feasible=true, active_stations=1
[2026-10-05 04:37:18.704] [info] [candidate.cpp:199] InstancePrecompute: built 25 candidates
[2026-10-05 04:37:18.704] [info] [stationary.cpp:264] NN: cost=248.482714, feasible=true, active_stations=1
[2026-10-05 04:37:18.704] [info] [candidate.cpp:199] InstancePrecompute: built 25 candidates
[2026-10-05 04:37:18.704] [info] [stationary.cpp:264] NN: cost=158.514835, feasible=true, active_stations=1
[2026-10-05 04:37:18.704] [info] [candidate.cpp:199] InstancePrecompute: built 25 candidates
[2026-10-05 04:37:18.704] [info] [stationary.cpp:264] NN: cost=154.230650, feasible=true, active_stations=1
[2026-10-05 04:37:18.704] [info] [candidate.cpp:199] InstancePrecompute: built 25 candidates
[2026-10-05 04:37:18.704] [info] [stationary.cpp:264] NN: cost=317.029669, feasible=true, active_stations=1
[2026-10-05 04:37:18.704] [info] [candidate.cpp:199] InstancePrecompute: built 25 candidates
[2026-10-05 04:37:18.704] [info] [stationary.cpp:264] NN: cost=158.514835, feasible=true, active_stations=1
[2026-10-05 04:37:18.704] [info] [candidate.cpp:199] InstancePrecompute: built 25 candidates
[2026-10-05 04:37:18.704] [info] [stationary.cpp:264] NN: cost=222.777605, feasible=true, active_stations=1
[2026-10-05 04:37:18.704] [info] [candidate.cpp:199] InstancePrecompute: built 25 candidates
[2026-10-05 04:37:18.704] [info] [stationary.cpp:264] NN: cost=171.367389, feasible=true, active_stations=1
[2026-10-05 04:37:18.704] [info] [candidate.cpp:199] InstancePrecompute: built 25 candidates
[2026-10-05 04:37:18.704] [info] [stationary.cpp:264] NN: cost=175.651573, feasible=true, active_stations=1
[2026-10-05 04:37:18.704] [info] [candidate.cpp:199] InstancePrecompute: built 25 candidates
[2026-10-05 04:37:18.704] [info] [stationary.cpp:264] NN: cost=222.777605, feasible=true, active_stations=1
[2026-10-05 04:37:18.704] [info] [candidate.cpp:199] InstancePrecompute: built 25 candidates
[2026-10-05 04:37:18.704] [info] [stationary.cpp:264] NN: cost=214.209236, feasible=true, active_stations=1
[2026-10-05 04:37:18.704] [info] [candidate.cpp:199] InstancePrecompute: built 25 candidates
[2026-10-05 04:37:18.704] [info] [stationary.cpp:264] NN: cost=381.292440, feasible=true, active_stations=1
[2026-10-05 04:37:18.704] [info] [candidate.cpp:199] InstancePrecompute: built 25 candidates
[2026-10-05 04:37:18.704] [info] [stationary.cpp:264] NN: cost=381.292440, feasible=true, active_stations=1
[2026-10-05 04:37:18.704] [info] [candidate.cpp:199] InstancePrecompute: built 25 candidates
[2026-10-05 04:37:18.704] [info] [stationary.cpp:264] NN: cost=312.745484, feasible=true, active_stations=1
[2026-10-05 04:37:18.704] [info] [candidate.cpp:199] InstancePrecompute: built 25 candidates
[2026-10-05 04:37:18.704] [info] [stationary.cpp:264] NN: cost=248.482714, feasible=true, active_stations=1
[2026-10-05 04:37:18.704] [info] [candidate.cpp:199] InstancePrecompute: built 25 candidates
[2026-10-05 04:37:18.704] [info] [stationary.cpp:264] NN: cost=158.514835, feasible=true, active_stations=1
[2026-10-05 04:37:18.704] [info] [candidate.cpp:199] InstancePrecompute: built 25 candidates
[2026-10-05 04:37:18.704] [info] [stationary.cpp:264] NN: cost=154.230650, feasible=true, active_stations=1
[2026-10-05 04:37:18.704] [info] [candidate.cpp:199] InstancePrecompute: built 25 candidates
[2026-10-05 04:37:18.704] [info] [stationary.cpp:264] NN: cost=317.029669, feasible=true, active_stations=1
[2026-10-05 04:37:18.704] [info] [candidate.cpp:199] InstancePrecompute: built 25 candidates
[2026-10-05 04:37:18.704] [info] [stationary.cpp:264] NN: cost=158.514835, feasible=true, active_stations=1
[2026-10-05 04:37:18.704] [info] [candidate.cpp:199] InstancePrecompute: built 25 candidates
[2026-10-05 04:37:18.704] [info] [stationary.cpp:264] NN: cost=222.777605, feasible=true, active_stations=1
[2026-10-05 04:37:18.704] [info] [candidate.cpp:199] InstancePrecompute: built 25 candidates
[2026-10-05 04:37:18.704] [info] [stationary.cpp:264] NN: cost=171.367389, feasible=true, active_stations=1
[2026-10-05 04:37:18.704] [info] [candidate.cpp:199] InstancePrecompute: built 25 candidates
[2026-10-05 04:37:18.704] [info] [stationary.cpp:264] NN: cost=175.651573, feasible=true, active_stations=1
[2026-10-05 04:37:18.704] [info] [candidate.cpp:199] InstancePrecompute: built 25 candidates
[2026-10-05 04:37:18.704] [info] [stationary.cpp:264] NN: cost=222.777605, feasible=true, active_stations=1
[2026-10-05 04:37:18.704] [info] [candidate.cpp:199] InstancePrecompute: built 25 candidates
[2026-10-05 04:37:18.704] [info] [stationary.cpp:264] NN: cost=214.209236, feasible=true, active_stations=1
[2026-10-05 04:37:18.704] [info] [candidate.cpp:199] InstancePrecompute: built 25 candidates
[2026-10-05 04:37:18.704] [info] [stationary.cpp:264] NN: cost=381.292440, feasible=true, active_stations=1
[2026-10-05 04:37:18.704] [info] [candidate.cpp:199] InstancePrecompute: built 25 candidates
[2026-10-05 04:37:18.704] [info] [stationary.cpp:264] NN: cost=381.292440, feasible=true, active_stations=1
[2026-10-05 04:37:18.704] [info] [candidate.cpp:199] InstancePrecompute: built 25 candidates
[2026-10-05 04:37:18.704] [info] [stationary.cpp:264] NN: cost=312.745484, feasible=true, active_stations=1
[2026-10-05 04:37:18.704] [info] [candidate.cpp:199] InstancePrecompute: built 25 candidates
[2026-10-05 04:37:18.704] [info] [stationary.cpp:264] NN: cost=248.482714, feasible=true, active_stations=1
[2026-10-05 04:37:18.704] [info] [candidate.cpp:199] InstancePrecompute: built 25 candidates
[2026-10-05 04:37:18.704] [info] [stationary.cpp:264] NN: cost=158.514835, feasible=true, active_stations=1
[2026-10-05 04:37:18.704] [info] [candidate.cpp:199] InstancePrecompute: built 25 candidates
[2026-10-05 04:37:18.704] [info] [stationary.cpp:264] NN: cost=154.230650, feasible=true, active_stations=1
[2026-10-05 04:37:18.704] [info] [candidate.cpp:199] InstancePrecompute: built 25 candidates
[2026-10-05 04:37:18.704] [info] [stationary.cpp:264] NN: cost=317.029669, feasible=true, active_stations=1
[2026-10-05 04:37:18.704] [info] [candidate.cpp:199] InstancePrecompute: built 25 candidates
[2026-10-05 04:37:18.704] [info] [stationary.cpp:264] NN: cost=158.514835, feasible=true, active_stations=1
[2026-10-05 04:37:18.704] [info] [candidate.cpp:199] InstancePrecompute: built 25 candidates
[2026-10-05 04:37:18.704] [info] [stationary.cpp:264] NN: cost=222.777605, feasible=true, active_stations=1
[2026-10-05 04:37:18.704] [info] [candidate.cpp:199] InstancePrecompute: built 25 candidates
[2026-10-05 04:37:18.704] [info] [stationary.cpp:264] NN: cost=171.367389, feasible=true, active_stations=1
[2026-10-05 04:37:18.704] [info] [candidate.cpp:199] InstancePrecompute: built 25 candidates
[2026-10-05 04:37:18.704] [info] [stationary.cpp:264] NN: cost=175.651573, feasible=true, active_stations=1
[2026-10-05 04:37:18.704] [info] [candidate.cpp:199] InstancePrecompute: built 25 candidates
[2026-10-05 04:37:18.704] [info] [stationary.cpp:264] NN: cost=222.777605, feasible=true, active_stations=1
[2026-10-05 04:37:18.704] [info] [candidate.cpp:199] InstancePrecompute: built 25 candidates
[2026-10-05 04:37:18.704] [info] [stationary.cpp:264] NN: cost=214.209236, feasible=true, active_stations=1
[2026-10-05 04:37:18.704] [info] [candidate.cpp:199] InstancePrecompute: built 25 candidates
[2026-10-05 04:37:18.704] [info] [stationary.cpp:264] NN: cost=381.292440, feasible=true, active_stations=1
[2026-10-05 04:37:18.704] [info] [candidate.cpp:199] InstancePrecompute: built 25 candidates
[2026-10-05 04:37:18.704] [info] [stationary.cpp:264] NN: cost=381.292440, feasible=true, active_stations=1
[2026-10-05 04:37:18.704] [info] [candidate.cpp:199] InstancePrecompute: built 25 candidates
[2026-10-05 04:37:18.704] [info] [stationary.cpp:264] NN: cost=312.745484, feasible=true, active_stations=1
[2026-10-05 04:37:18.704] [info] [candidate.cpp:199] InstancePrecompute: built 25 candidates
[2026-10-05 04:37:18.704] [info] [stationary.cpp:264] NN: cost=248.482714, feasible=true, active_stations=1
[2026-10-05 04:37:18.704] [info] [candidate.cpp:199] InstancePrecompute: built 25 candidates
[2026-10-05 04:37:18.704] [info] [stationary.cpp:264] NN: cost=158.514835, feasible=true, active_stations=1
[2026-10-05 04:37:18.704] [info] [candidate.cpp:199] InstancePrecompute: built 25 candidates
[2026-10-05 04:37:18.704] [info] [stationary.cpp:264] NN: cost=154.230650, feasible=true, active_stations=1
[2026-10-05 04:37:18.704] [info] [candidate.cpp:199] InstancePrecompute: built 25 candidates
[2026-10-05 04:37:18.705] [info] [stationary.cpp:264] NN: cost=317.029669, feasible=true, active_stations=1
[2026-10-05 04:37:18.705] [info] [candidate.cpp:199] InstancePrecompute: built 25 candidates
[2026-10-05 04:37:18.705] [info] [stationary.cpp:264] NN: cost=158.514835, feasible=true, active_stations=1
[2026-10-05 04:37:18.705] [info] [candidate.cpp:199] InstancePrecompute: built 25 candidates
[2026-10-05 04:37:18.705] [info] [stationary.cpp:264] NN: cost=222.777605, feasible=true, active_stations=1
[2026-10-05 04:37:18.705] [info] [candidate.cpp:199] InstancePrecompute: built 25 candidates
[2026-10-05 04:37:18.705] [info] [stationary.cpp:264] NN: cost=171.367389, feasible=true, active_stations=1
[2026-10-05 04:37:18.705] [info] [candidate.cpp:199] InstancePrecompute: built 25 candidates
[2026-10-05 04:37:18.705] [info] [stationary.cpp:264] NN: cost=175.651573, feasible=true, active_stations=1
[2026-10-05 04:37:18.705] [info] [candidate.cpp:199] InstancePrecompute: built 25 candidates
[2026-10-05 04:37:18.705] [info] [stationary.cpp:264] NN: cost=222.777605, feasible=true, active_stations=1
[2026-10-05 04:37:18.705] [info] [candidate.cpp:199] InstancePrecompute: built 25 candidates
[2026-10-05 04:37:18.705] [info] [stationary.cpp:264] NN: cost=214.209236, feasible=true, active_stations=1
[2026-10-05 04:37:18.705] [info] [candidate.cpp:199] InstancePrecompute: built 25 candidates
[2026-10-05 04:37:18.705] [info] [stationary.cpp:264] NN: cost=381.292440, feasible=true, active_stations=1
[2026-10-05 04:37:18.705] [info] [candidate.cpp:199] InstancePrecompute: built 25 candidates
[2026-10-05 04:37:18.705] [info] [stationary.cpp:264] NN: cost=381.292440, feasible=true, active_stations=1
[2026-10-05 04:37:18.705] [info] [candidate.cpp:199] InstancePrecompute: built 25 candidates
[2026-10-05 04:37:18.705] [info] [stationary.cpp:264] NN: cost=312.745484, feasible=true, active_stations=1
[2026-10-05 04:37:18.705] [info] [candidate.cpp:199] InstancePrecompute: built 25 candidates
[2026-10-05 04:37:18.705] [info] [stationary.cpp:264] NN: cost=248.482714, feasible=true, active_stations=1
[2026-10-05 04:37:18.705] [info] [candidate.cpp:199] InstancePrecompute: built 25 candidates
[2026-10-05 04:37:18.705] [info] [stationary.cpp:264] NN: cost=158.514835, feasible=true, active_stations=1
[2026-10-05 04:37:18.705] [info] [candidate.cpp:199] InstancePrecompute: built 25 candidates
[2026-10-05 04:37:18.705] [info] [stationary.cpp:264] NN: cost=154.230650, feasible=true, active_stations=1
[2026-10-05 04:37:18.705] [info] [candidate.cpp:199] InstancePrecompute: built 25 candidates
[2026-10-05 04:37:18.705] [info] [stationary.cpp:264] NN: cost=317.029669, feasible=true, active_stations=1
[2026-10-05 04:37:18.705] [info] [candidate.cpp:199] InstancePrecompute: built 25 candidates
[2026-10-05 04:37:18.705] [info] [stationary.cpp:264] NN: cost=158.514835, feasible=true, active_stations=1
[2026-10-05 04:37:18.705] [info] [candidate.cpp:199] InstancePrecompute: built 25 candidates
[2026-10-05 04:37:18.705] [info] [stationary.cpp:264] NN: cost=222.777605, feasible=true, active_stations=1
[2026-10-05 04:37:18.705] [info] [candidate.cpp:199] InstancePrecompute: built 25 candidates
[2026-10-05 04:37:18.705] [info] [stationary.cpp:264] NN: cost=171.367389, feasible=true, active_stations=1
[2026-10-05 04:37:18.705] [info] [candidate.cpp:199] InstancePrecompute: built 25 candidates
[2026-10-05 04:37:18.705] [info] [stationary.cpp:264] NN: cost=175.651573, feasible=true, active_stations=1
[2026-10-05 04:37:18.705] [info] [candidate.cpp:199] InstancePrecompute: built 25 candidates
[2026-10-05 04:37:18.705] [info] [stationary.cpp:264] NN: cost=222.777605, feasible=true, active_stations=1
[2026-10-05 04:37:18.705] [info] [candidate.cpp:199] InstancePrecompute: built 25 candidates
[2026-10-05 04:37:18.705] [info] [stationary.cpp:264] NN: cost=214.209236, feasible=true, active_stations=1
[2026-10-05 04:37:18.705] [info] [candidate.cpp:199] InstancePrecompute: built 25 candidates
[2026-10-05 04:37:18.705] [info] [stationary.cpp:264] NN: cost=381.292440, feasible=true, active_stations=1
[2026-10-05 04:37:18.705] [info] [candidate.cpp:199] InstancePrecompute: built 25 candidates
[2026-10-05 04:37:18.705] [info] [stationary.cpp:264] NN: cost=381.292440, feasible=true, active_stations=1
[2026-10-05 04:37:18.705] [info] [candidate.cpp:199] InstancePrecompute: built 25 candidates
[2026-10-05 04:37:18.705] [info] [stationary.cpp:264] NN: cost=312.745484, feasible=true, active_stations=1
[2026-10-05 04:37:18.705] [info] [candidate.cpp:199] InstancePrecompute: built 25 candidates
[2026-10-05 04:37:18.705] [info] [stationary.cpp:264] NN: cost=248.482714, feasible=true, active_stations=1
[2026-10-05 04:37:18.705] [info] [candidate.cpp:199] InstancePrecompute: built 25 candidates
[2026-10-05 04:37:18.705] [info] [stationary.cpp:264] NN: cost=158.514835, feasible=true, active_stations=1
[2026-10-05 04:37:18.705] [info] [candidate.cpp:199] InstancePrecompute: built 25 candidates
[2026-10-05 04:37:18.705] [info] [stationary.cpp:264] NN: cost=154.230650, feasible=true, active_stations=1
[2026-10-05 04:37:18.705] [info] [candidate.cpp:199] InstancePrecompute: built 25 candidates
[2026-10-05 04:37:18.705] [info] [stationary.cpp:264] NN: cost=317.029669, feasible=true, active_stations=1
[2026-10-05 04:37:18.705] [info] [candidate.cpp:199] InstancePrecompute: built 25 candidates
[2026-10-05 04:37:18.705] [info] [stationary.cpp:264] NN: cost=158.514835, feasible=true, active_stations=1
[2026-10-05 04:37:18.705] [info] [candidate.cpp:199] InstancePrecompute: built 50 candidates
[2026-10-05 04:37:18.705] [info] [stationary.cpp:264] NN: cost=394.144994, feasible=true, active_stations=2
[2026-10-05 04:37:18.705] [info] [candidate.cpp:199] InstancePrecompute: built 25 candidates
[2026-10-05 04:37:18.705] [info] [stationary.cpp:264] NN: cost=175.651573, feasible=true, active_stations=1
[2026-10-05 04:37:18.705] [info] [candidate.cpp:199] InstancePrecompute: built 25 candidates
[2026-10-05 04:37:18.705] [info] [stationary.cpp:264] NN: cost=222.777605, feasible=true, active_stations=1
[2026-10-05 04:37:18.705] [info] [candidate.cpp:199] InstancePrecompute: built 25 candidates
[2026-10-05 04:37:18.705] [info] [stationary.cpp:264] NN: cost=214.209236, feasible=true, active_stations=1
[2026-10-05 04:37:18.705] [info] [candidate.cpp:199] InstancePrecompute: built 25 candidates
[2026-10-05 04:37:18.705] [info] [stationary.cpp:264] NN: cost=381.292440, feasible=true, active_stations=1
[2026-10-05 04:37:18.705] [info] [candidate.cpp:199] InstancePrecompute: built 25 candidates
[2026-10-05 04:37:18.705] [info] [stationary.cpp:264] NN: cost=381.292440, feasible=true, active_stations=1
[2026-10-05 04:37:18.705] [info] [candidate.cpp:199] InstancePrecompute: built 25 candidates
[2026-10-05 04:37:18.705] [info] [stationary.cpp:264] NN: cost=312.745484, feasible=true, active_stations=1
[2026-10-05 04:37:18.705] [info] [candidate.cpp:199] InstancePrecompute: built 25 candidates
[2026-10-05 04:37:18.705] [info] [stationary.cpp:264] NN: cost=248.482714, feasible=true, active_stations=1
[2026-10-05 04:37:18.705] [info] [candidate.cpp:199] InstancePrecompute: built 25 candidates
[2026-10-05 04:37:18.705] [info] [stationary.cpp:264] NN: cost=158.514835, feasible=true, active_stations=1
[2026-10-05 04:37:18.705] [info] [candidate.cpp:199] InstancePrecompute: built 25 candidates
[2026-10-05 04:37:18.705] [info] [stationary.cpp:264] NN: cost=154.230650, feasible=true, active_stations=1
[2026-10-05 04:37:18.705] [info] [candidate.cpp:199] InstancePrecompute: built 25 candidates
[2026-10-05 04:37:18.705] [info] [stationary.cpp:264] NN: cost=317.029669, feasible=true, active_stations=1
[2026-10-05 04:37:18.705] [info] [candidate.cpp:199] InstancePrecompute: built 25 candidates
[2026-10-05 04:37:18.705] [info] [stationary.cpp:264] NN: cost=222.777605, feasible=true, active_stations=1
[2026-10-05 04:37:18.705] [info] [candidate.cpp:199] InstancePrecompute: built 25 candidates
[2026-10-05 04:37:18.705] [info] [stationary.cpp:264] NN: cost=171.367389, feasible=true, active_stations=1
[2026-10-05 04:37:18.705] [info] [candidate.cpp:199] InstancePrecompute: built 25 candidates
[2026-10-05 04:37:18.705] [info] [stationary.cpp:264] NN: cost=158.514835, feasible=true, active_stations=1
[2026-10-05 04:37:18.705] [info] [candidate.cpp:199] InstancePrecompute: built 25 candidates
[2026-10-05 04:37:18.705] [info] [stationary.cpp:264] NN: cost=175.651573, feasible=true, active_stations=1
[2026-10-05 04:37:18.705] [info] [candidate.cpp:199] InstancePrecompute: built 25 candidates
[2026-10-05 04:37:18.705] [info] [stationary.cpp:264] NN: cost=222.777605, feasible=true, active_stations=1
[2026-10-05 04:37:18.705] [info] [candidate.cpp:199] InstancePrecompute: built 25 candidates
[2026-10-05 04:37:18.705] [info] [stationary.cpp:264] NN: cost=214.209236, feasible=true, active_stations=1
[2026-10-05 04:37:18.705] [info] [candidate.cpp:199] InstancePrecompute: built 25 candidates
[2026-10-05 04:37:18.705] [info] [stationary.cpp:264] NN: cost=381.292440, feasible=true, active_stations=1
[2026-10-05 04:37:18.705] [info] [candidate.cpp:199] InstancePrecompute: built 25 candidates
[2026-10-05 04:37:18.705] [info] [stationary.cpp:264] NN: cost=381.292440, feasible=true, active_stations=1
[2026-10-05 04:37:18.705] [info] [candidate.cpp:199] InstancePrecompute: built 25 candidates
[2026-10-05 04:37:18.705] [info] [stationary.cpp:264] NN: cost=312.745484, feasible=true, active_stations=1
[2026-10-05 04:37:18.705] [info] [candidate.cpp:199] InstancePrecompute: built 25 candidates
[2026-10-05 04:37:18.705] [info] [stationary.cpp:264] NN: cost=248.482714, feasible=true, active_stations=1
[2026-10-05 04:37:18.705] [info] [candidate.cpp:199] InstancePrecompute: built 25 candidates
[2026-10-05 04:37:18.705] [info] [stationary.cpp:264] NN: cost=158.514835, feasible=true, active_stations=1
[2026-10-05 04:37:18.705] [info] [candidate.cpp:199] InstancePrecompute: built 25 candidates
[2026-10-05 04:37:18.705] [info] [stationary.cpp:264] NN: cost=154.230650, feasible=true, active_stations=1
[2026-10-05 04:37:18.705] [info] [candidate.cpp:199] InstancePrecompute: built 25 candidates
[2026-10-05 04:37:18.705] [info] [stationary.cpp:264] NN: cost=317.029669, feasible=true, active_stations=1
[2026-10-05 04:37:18.705] [info] [candidate.cpp:199] InstancePrecompute: built 25 candidates
[2026-10-05 04:37:18.705] [info] [stationary.cpp:264] NN: cost=222.777605, feasible=true, active_stations=1
[2026-10-05 04:37:18.705] [info] [candidate.cpp:199] InstancePrecompute: built 25 candidates
[2026-10-05 04:37:18.705] [info] [stationary.cpp:264] NN: cost=171.367389, feasible=true, active_stations=1
[2026-10-05 04:37:18.705] [info] [candidate.cpp:199] InstancePrecompute: built 25 candidates
[2026-10-05 04:37:18.705] [info] [stationary.cpp:264] NN: cost=158.514835, feasible=true, active_stations=1
[2026-10-05 04:37:18.705] [info] [candidate.cpp:199] InstancePrecompute: built 25 candidates
[2026-10-05 04:37:18.705] [info] [stationary.cpp:264] NN: cost=175.651573, feasible=true, active_stations=1
[2026-10-05 04:37:18.705] [info] [candidate.cpp:199] InstancePrecompute: built 25 candidates
[2026-10-05 04:37:18.705] [info] [stationary.cpp:264] NN: cost=222.777605, feasible=true, active_stations=1
[2026-10-05 04:37:18.705] [info] [candidate.cpp:199] InstancePrecompute: built 25 candidates
[2026-10-05 04:37:18.705] [info] [stationary.cpp:264] NN: cost=214.209236, feasible=true, active_stations=1
[2026-10-05 04:37:18.705] [info] [candidate.cpp:199] InstancePrecompute: built 25 candidates
[2026-10-05 04:37:18.705] [info] [stationary.cpp:264] NN: cost=381.292440, feasible=true, active_stations=1
[2026-10-05 04:37:18.705] [info] [candidate.cpp:199] InstancePrecompute: built 25 candidates
[2026-10-05 04:37:18.705] [info] [stationary.cpp:264] NN: cost=381.292440, feasible=true, active_stations=1
[2026-10-05 04:37:18.705] [info] [candidate.cpp:199] InstancePrecompute: built 25 candidates
[2026-10-05 04:37:18.705] [info] [stationary.cpp:264] NN: cost=312.745484, feasible=true, active_stations=1
[2026-10-05 04:37:18.705] [info] [candidate.cpp:199] InstancePrecompute: built 25 candidates
[2026-10-05 04:37:18.705] [info] [stationary.cpp:264] NN: cost=248.482714, feasible=true, active_stations=1
[2026-10-05 04:37:18.705] [info] [candidate.cpp:199] InstancePrecompute: built 25 candidates
[2026-10-05 04:37:18.705] [info] [stationary.cpp:264] NN: cost=158.514835, feasible=true, active_stations=1
[2026-10-05 04:37:18.705] [info] [candidate.cpp:199] InstancePrecompute: built 25 candidates
[2026-10-05 04:37:18.705] [info] [stationary.cpp:264] NN: cost=154.230650, feasible=true, active_stations=1
[2026-10-05 04:37:18.705] [info] [candidate.cpp:199] InstancePrecompute: built 25 candidates
[2026-10-05 04:37:18.705] [info] [stationary.cpp:264] NN: cost=317.029669, feasible=true, active_stations=1
[2026-10-05 04:37:18.705] [info] [candidate.cpp:199] InstancePrecompute: built 25 candidates
[2026-10-05 04:37:18.705] [info] [stationary.cpp:264] NN: cost=222.777605, feasible=true, active_stations=1
[2026-10-05 04:37:18.705] [info] [candidate.cpp:199] InstancePrecompute: built 25 candidates
[2026-10-05 04:37:18.705] [info] [stationary.cpp:264] NN: cost=171.367389, feasible=true, active_stations=1
[2026-10-05 04:37:18.705] [info] [candidate.cpp:199] InstancePrecompute: built 25 candidates
[2026-10-05 04:37:18.705] [info] [stationary.cpp:264] NN: cost=158.514835, feasible=true, active_stations=1
[2026-10-05 04:37:18.705] [info] [candidate.cpp:199] InstancePrecompute: built 25 candidates
[2026-10-05 04:37:18.705] [info] [stationary.cpp:264] NN: cost=175.651573, feasible=true, active_stations=1
[2026-10-05 04:37:18.705] [info] [candidate.cpp:199] InstancePrecompute: built 25 candidates
[2026-10-05 04:37:18.705] [info] [stationary.cpp:264] NN: cost=222.777605, feasible=true, active_stations=1
[2026-10-05 04:37:18.705] [info] [candidate.cpp:199] InstancePrecompute: built 25 candidates
[2026-10-05 04:37:18.705] [info] [stationary.cpp:264] NN: cost=214.209236, feasible=true, active_stations=1
[2026-10-05 04:37:18.705] [info] [candidate.cpp:199] InstancePrecompute: built 25 candidates
[2026-10-05 04:37:18.705] [info] [stationary.cpp:264] NN: cost=381.292440, feasible=true, active_stations=1
[2026-10-05 04:37:18.705] [info] [candidate.cpp:199] InstancePrecompute: built 25 candidates
[2026-10-05 04:37:18.705] [info] [stationary.cpp:264] NN: cost=381.292440, feasible=true, active_stations=1
[2026-10-05 04:37:18.705] [info] [candidate.cpp:199] InstancePrecompute: built 25 candidates
[2026-10-05 04:37:18.705] [info] [stationary.cpp:264] NN: cost=312.745484, feasible=true, active_stations=1
[2026-10-05 04:37:18.705] [info] [candidate.cpp:199] InstancePrecompute: built 25 candidates
[2026-10-05 04:37:18.705] [info] [stationary.cpp:264] NN: cost=248.482714, feasible=true, active_stations=1
[2026-10-05 04:37:18.705] [info] [candidate.cpp:199] InstancePrecompute: built 25 candidates
[2026-10-05 04:37:18.705] [info] [stationary.cpp:264] NN: cost=158.514835, feasible=true, active_stations=1
[2026-10-05 04:37:18.705] [info] [candidate.cpp:199] InstancePrecompute: built 25 candidates
[2026-10-05 04:37:18.705] [info] [stationary.cpp:264] NN: cost=154.230650, feasible=true, active_stations=1
[2026-10-05 04:37:18.705] [info] [candidate.cpp:199] InstancePrecompute: built 25 candidates
[2026-10-05 04:37:18.705] [info] [stationary.cpp:264] NN: cost=317.029669, feasible=true, active_stations=1
[2026-10-05 04:37:18.705] [info] [candidate.cpp:199] InstancePrecompute: built 25 candidates
[2026-10-05 04:37:18.705] [info] [stationary.cpp:264] NN: cost=222.777605, feasible=true, active_stations=1
[2026-10-05 04:37:18.705] [info] [candidate.cpp:199] InstancePrecompute: built 25 candidates
[2026-10-05 04:37:18.705] [info] [stationary.cpp:264] NN: cost=171.367389, feasible=true, active_stations=1
[2026-10-05 04:37:18.705] [info] [candidate.cpp:199] InstancePrecompute: built 25 candidates
[2026-10-05 04:37:18.705] [info] [stationary.cpp:264] NN: cost=158.514835, feasible=true, active_stations=1
[2026-10-05 04:37:18.705] [info] [candidate.cpp:199] InstancePrecompute: built 25 candidates
[2026-10-05 04:37:18.705] [info] [stationary.cpp:264] NN: cost=175.651573, feasible=true, active_stations=1
[2026-10-05 04:37:18.705] [info] [candidate.cpp:199] InstancePrecompute: built 25 candidates
[2026-10-05 04:37:18.705] [info] [stationary.cpp:264] NN: cost=222.777605, feasible=true, active_stations=1
[2026-10-05 04:37:18.705] [info] [candidate.cpp:199] InstancePrecompute: built 25 candidates
[2026-10-05 04:37:18.705] [info] [stationary.cpp:264] NN: cost=214.209236, feasible=true, active_stations=1
[2026-10-05 04:37:18.705] [info] [candidate.cpp:199] InstancePrecompute: built 25 candidates
[2026-10-05 04:37:18.705] [info] [stationary.cpp:264] NN: cost=381.292440, feasible=true, active_stations=1
[2026-10-05 04:37:18.705] [info] [candidate.cpp:199] InstancePrecompute: built 25 candidates
[2026-10-05 04:37:18.705] [info] [stationary.cpp:264] NN: cost=381.292440, feasible=true, active_stations=1
[2026-10-05 04:37:18.705] [info] [candidate.cpp:199] InstancePrecompute: built 25 candidates
[2026-10-05 04:37:18.705] [info] [stationary.cpp:264] NN: cost=312.745484, feasible=true, active_stations=1
[2026-10-05 04:37:18.705] [info] [candidate.cpp:199] InstancePrecompute: built 25 candidates
[2026-10-05 04:37:18.705] [info] [stationary.cpp:264] NN: cost=248.482714, feasible=true, active_stations=1
[2026-10-05 04:37:18.705] [info] [candidate.cpp:199] InstancePrecompute: built 25 candidates
[2026-10-05 04:37:18.705] [info] [stationary.cpp:264] NN: cost=158.514835, feasible=true, active_stations=1
[2026-10-05 04:37:18.705] [info] [candidate.cpp:199] InstancePrecompute: built 25 candidates
[2026-10-05 04:37:18.705] [info] [stationary.cpp:264] NN: cost=154.230650, feasible=true, active_stations=1
[2026-10-05 04:37:18.705] [info] [candidate.cpp:199] InstancePrecompute: built 25 candidates
[2026-10-05 04:37:18.705] [info] [stationary.cpp:264] NN: cost=317.029669, feasible=true, active_stations=1
[2026-10-05 04:37:18.705] [info] [candidate.cpp:199] InstancePrecompute: built 25 candidates
[2026-10-05 04:37:18.705] [info] [stationary.cpp:264] NN: cost=222.777605, feasible=true, active_stations=1
[2026-10-05 04:37:18.705] [info] [candidate.cpp:199] InstancePrecompute: built 25 candidates
[2026-10-05 04:37:18.705] [info] [stationary.cpp:264] NN: cost=171.367389, feasible=true, active_stations=1
[2026-10-05 04:37:18.705] [info] [candidate.cpp:199] InstancePrecompute: built 25 candidates
[2026-10-05 04:37:18.705] [info] [stationary.cpp:264] NN: cost=158.514835, feasible=true, active_stations=1
[2026-10-05 04:37:18.705] [info] [candidate.cpp:199] InstancePrecompute: built 25 candidates
[2026-10-05 04:37:18.705] [info] [stationary.cpp:264] NN: cost=175.651573, feasible=true, active_stations=1
[2026-10-05 04:37:18.705] [info] [candidate.cpp:199] InstancePrecompute: built 25 candidates
[2026-10-05 04:37:18.705] [info] [stationary.cpp:264] NN: cost=222.777605, feasible=true, active_stations=1
[2026-10-05 04:37:18.705] [info] [candidate.cpp:199] InstancePrecompute: built 25 candidates
[2026-10-05 04:37:18.705] [info] [stationary.cpp:264] NN: cost=214.209236, feasible=true, active_stations=1
[2026-10-05 04:37:18.705] [info] [candidate.cpp:199] InstancePrecompute: built 25 candidates
[2026-10-05 04:37:18.705] [info] [stationary.cpp:264] NN: cost=381.292440, feasible=true, active_stations=1
[2026-10-05 04:37:18.705] [info] [candidate.cpp:199] InstancePrecompute: built 25 candidates
[2026-10-05 04:37:18.705] [info] [stationary.cpp:264] NN: cost=381.292440, feasible=true, active_stations=1
[2026-10-05 04:37:18.705] [info] [candidate.cpp:199] InstancePrecompute: built 25 candidates
[2026-10-05 04:37:18.705] [info] [stationary.cpp:264] NN: cost=312.745484, feasible=true, active_stations=1
[2026-10-05 04:37:18.705] [info] [candidate.cpp:199] InstancePrecompute: built 25 candidates
[2026-10-05 04:37:18.705] [info] [stationary.cpp:264] NN: cost=248.482714, feasible=true, active_stations=1
[2026-10-05 04:37:18.705] [info] [candidate.cpp:199] InstancePrecompute: built 25 candidates
[2026-10-05 04:37:18.705] [info] [stationary.cpp:264] NN: cost=158.514835, feasible=true, active_stations=1
[2026-10-05 04:37:18.705] [info] [candidate.cpp:199] InstancePrecompute: built 25 candidates
[2026-10-05 04:37:18.705] [info] [stationary.cpp:264] NN: cost=154.230650, feasible=true, active_stations=1
[2026-10-05 04:37:18.705] [info] [candidate.cpp:199] InstancePrecompute: built 25 candidates
[2026-10-05 04:37:18.705] [info] [stationary.cpp:264] NN: cost=317.029669, feasible=true, active_stations=1
[2026-10-05 04:37:18.705] [info] [candidate.cpp:199] InstancePrecompute: built 25 candidates
[2026-10-05 04:37:18.705] [info] [stationary.cpp:264] NN: cost=222.777605, feasible=true, active_stations=1
[2026-10-05 04:37:18.705] [info] [candidate.cpp:199] InstancePrecompute: built 25 candidates
[2026-10-05 04:37:18.705] [info] [stationary.cpp:264] NN: cost=171.367389, feasible=true, active_stations=1
[2026-10-05 04:37:18.705] [info] [candidate.cpp:199] InstancePrecompute: built 25 candidates
[2026-10-05 04:37:18.705] [info] [stationary.cpp:264] NN: cost=158.514835, feasible=true, active_stations=1
[2026-10-05 04:37:18.705] [info] [candidate.cpp:199] InstancePrecompute: built 25 candidates
[2026-10-05 04:37:18.705] [info] [stationary.cpp:264] NN: cost=175.651573, feasible=true, active_stations=1
[2026-10-05 04:37:18.705] [info] [candidate.cpp:199] InstancePrecompute: built 25 candidates
[2026-10-05 04:37:18.705] [info] [stationary.cpp:264] NN: cost=222.777605, feasible=true, active_stations=1
[2026-10-05 04:37:18.705] [info] [candidate.cpp:199] InstancePrecompute: built 25 candidates
[2026-10-05 04:37:18.705] [info] [stationary.cpp:264] NN: cost=214.209236, feasible=true, active_stations=1
[2026-10-05 04:37:18.705] [info] [candidate.cpp:199] InstancePrecompute: built 25 candidates
[2026-10-05 04:37:18.705] [info] [stationary.cpp:264] NN: cost=381.292440, feasible=true, active_stations=1
[2026-10-05 04:37:18.705] [info] [candidate.cpp:199] InstancePrecompute: built 25 candidates
[2026-10-05 04:37:18.705] [info] [stationary.cpp:264] NN: cost=381.292440, feasible=true, active_stations=1
[2026-10-05 04:37:18.705] [info] [candidate.cpp:199] InstancePrecompute: built 25 candidates
[2026-10-05 04:37:18.705] [info] [stationary.cpp:264] NN: cost=312.745484, feasible=true, active_stations=1
[2026-10-05 04:37:18.705] [info] [candidate.cpp:199] InstancePrecompute: built 25 candidates
[2026-10-05 04:37:18.705] [info] [stationary.cpp:264] NN: cost=248.482714, feasible=true, active_stations=1
[2026-10-05 04:37:18.705] [info] [candidate.cpp:199] InstancePrecompute: built 25 candidates
[2026-10-05 04:37:18.705] [info] [stationary.cpp:264] NN: cost=158.514835, feasible=true, active_stations=1
[2026-10-05 04:37:18.705] [info] [candidate.cpp:199] InstancePrecompute: built 25 candidates
[2026-10-05 04:37:18.705] [info] [stationary.cpp:264] NN: cost=154.230650, feasible=true, active_stations=1
[2026-10-05 04:37:18.705] [info] [candidate.cpp:199] InstancePrecompute: built 25 candidates
[2026-10-05 04:37:18.705] [info] [stationary.cpp:264] NN: cost=317.029669, feasible=true, active_stations=1
[2026-10-05 04:37:18.705] [info] [candidate.cpp:199] InstancePrecompute: built 50 candidates
[2026-10-05 04:37:18.705] [info] [stationary.cpp:264] NN: cost=394.144994, feasible=true, active_stations=2
[2026-10-05 04:37:18.705] [info] [candidate.cpp:199] InstancePrecompute: built 25 candidates
[2026-10-05 04:37:18.705] [info] [stationary.cpp:264] NN: cost=158.514835, feasible=true, active_stations=1
[2026-10-05 04:37:18.705] [info] [candidate.cpp:199] InstancePrecompute: built 25 candidates
[2026-10-05 04:37:18.705] [info] [stationary.cpp:264] NN: cost=175.651573, feasible=true, active_stations=1
[2026-10-05 04:37:18.705] [info] [candidate.cpp:199] InstancePrecompute: built 25 candidates
[2026-10-05 04:37:18.705] [info] [stationary.cpp:264] NN: cost=222.777605, feasible=true, active_stations=1
[2026-10-05 04:37:18.705] [info] [candidate.cpp:199] InstancePrecompute: built 25 candidates
[2026-10-05 04:37:18.705] [info] [stationary.cpp:264] NN: cost=214.209236, feasible=true, active_stations=1
[2026-10-05 04:37:18.705] [info] [candidate.cpp:199] InstancePrecompute: built 25 candidates
[2026-10-05 04:37:18.705] [info] [stationary.cpp:264] NN: cost=381.292440, feasible=true, active_stations=1
[2026-10-05 04:37:18.705] [info] [candidate.cpp:199] InstancePrecompute: built 25 candidates
[2026-10-05 04:37:18.705] [info] [stationary.cpp:264] NN: cost=381.292440, feasible=true, active_stations=1
[2026-10-05 04:37:18.705] [info] [candidate.cpp:199] InstancePrecompute: built 25 candidates
[2026-10-05 04:37:18.705] [info] [stationary.cpp:264] NN: cost=312.745484, feasible=true, active_stations=1
[2026-10-05 04:37:18.705] [info] [candidate.cpp:199] InstancePrecompute: built 25 candidates
[2026-10-05 04:37:18.705] [info] [stationary.cpp:264] NN: cost=248.482714, feasible=true, active_stations=1
[2026-10-05 04:37:18.705] [info] [candidate.cpp:199] InstancePrecompute: built 25 candidates
[2026-10-05 04:37:18.705] [info] [stationary.cpp:264] NN: cost=158.514835, feasible=true, active_stations=1
[2026-10-05 04:37:18.705] [info] [candidate.cpp:199] InstancePrecompute: built 25 candidates
[2026-10-05 04:37:18.705] [info] [stationary.cpp:264] NN: cost=154.230650, feasible=true, active_stations=1
[2026-10-05 04:37:18.705] [info] [candidate.cpp:199] InstancePrecompute: built 25 candidates
[2026-10-05 04:37:18.705] [info] [stationary.cpp:264] NN: cost=317.029669, feasible=true, active_stations=1
[2026-10-05 04:37:18.705] [info] [candidate.cpp:199] InstancePrecompute: built 25 candidates
[2026-10-05 04:37:18.705] [info] [stationary.cpp:264] NN: cost=222.777605, feasible=true, active_stations=1
[2026-10-05 04:37:18.705] [info] [candidate.cpp:199] InstancePrecompute: built 25 candidates
[2026-10-05 04:37:18.705] [info] [stationary.cpp:264] NN: cost=158.514835, feasible=true, active_stations=1
[2026-10-05 04:37:18.705] [info] [candidate.cpp:199] InstancePrecompute: built 25 candidates
[2026-10-05 04:37:18.705] [info] [stationary.cpp:264] NN: cost=171.367389, feasible=true, active_stations=1
[2026-10-05 04:37:18.705] [info] [candidate.cpp:199] InstancePrecompute: built 25 candidates
[2026-10-05 04:37:18.705] [info] [stationary.cpp:264] NN: cost=175.651573, feasible=true, active_stations=1
[2026-10-05 04:37:18.705] [info] [candidate.cpp:199] InstancePrecompute: built 25 candidates
[2026-10-05 04:37:18.705] [info] [stationary.cpp:264] NN: cost=222.777605, feasible=true, active_stations=1
[2026-10-05 04:37:18.705] [info] [candidate.cpp:199] InstancePrecompute: built 25 candidates
[2026-10-05 04:37:18.705] [info] [stationary.cpp:264] NN: cost=214.209236, feasible=true, active_stations=1
[2026-10-05 04:37:18.705] [info] [candidate.cpp:199] InstancePrecompute: built 25 candidates
[2026-10-05 04:37:18.705] [info] [stationary.cpp:264] NN: cost=381.292440, feasible=true, active_stations=1
[2026-10-05 04:37:18.705] [info] [candidate.cpp:199] InstancePrecompute: built 25 candidates
[2026-10-05 04:37:18.705] [info] [stationary.cpp:264] NN: cost=381.292440, feasible=true, active_stations=1
[2026-10-05 04:37:18.705] [info] [candidate.cpp:199] InstancePrecompute: built 25 candidates
[2026-10-05 04:37:18.705] [info] [stationary.cpp:264] NN: cost=312.745484, feasible=true, active_stations=1
[2026-10-05 04:37:18.705] [info] [candidate.cpp:199] InstancePrecompute: built 25 candidates
[2026-10-05 04:37:18.705] [info] [stationary.cpp:264] NN: cost=248.482714, feasible=true, active_stations=1
[2026-10-05 04:37:18.705] [info] [candidate.cpp:199] InstancePrecompute: built 25 candidates
[2026-10-05 04:37:18.705] [info] [stationary.cpp:264] NN: cost=158.514835, feasible=true, active_stations=1
[2026-10-05 04:37:18.705] [info] [candidate.cpp:199] InstancePrecompute: built 25 candidates
[2026-10-05 04:37:18.705] [info] [stationary.cpp:264] NN: cost=154.230650, feasible=true, active_stations=1
[2026-10-05 04:37:18.705] [info] [candidate.cpp:199] InstancePrecompute: built 25 candidates
[2026-10-05 04:37:18.705] [info] [stationary.cpp:264] NN: cost=317.029669, feasible=true, active_stations=1
[2026-10-05 04:37:18.705] [info] [candidate.cpp:199] InstancePrecompute: built 25 candidates
[2026-10-05 04:37:18.705] [info] [stationary.cpp:264] NN: cost=222.777605, feasible=true, active_stations=1
[2026-10-05 04:37:18.705] [info] [candidate.cpp:199] InstancePrecompute: built 25 candidates
[2026-10-05 04:37:18.705] [info] [stationary.cpp:264] NN: cost=158.514835, feasible=true, active_stations=1
[2026-10-05 04:37:18.705] [info] [candidate.cpp:199] InstancePrecompute: built 25 candidates
[2026-10-05 04:37:18.705] [info] [stationary.cpp:264] NN: cost=171.367389, feasible=true, active_stations=1
[2026-10-05 04:37:18.705] [info] [candidate.cpp:199] InstancePrecompute: built 25 candidates
[2026-10-05 04:37:18.705] [info] [stationary.cpp:264] NN: cost=175.651573, feasible=true, active_stations=1
[2026-10-05 04:37:18.705] [info] [candidate.cpp:199] InstancePrecompute: built 25 candidates
[2026-10-05 04:37:18.705] [info] [stationary.cpp:264] NN: cost=222.777605, feasible=true, active_stations=1
[2026-10-05 04:37:18.705] [info] [candidate.cpp:199] InstancePrecompute: built 25 candidates
[2026-10-05 04:37:18.705] [info] [stationary.cpp:264] NN: cost=214.209236, feasible=true, active_stations=1
[2026-10-05 04:37:18.705] [info] [candidate.cpp:199] InstancePrecompute: built 25 candidates
[2026-10-05 04:37:18.705] [info] [stationary.cpp:264] NN: cost=381.292440, feasible=true, active_stations=1
[2026-10-05 04:37:18.705] [info] [candidate.cpp:199] InstancePrecompute: built 25 candidates
[2026-10-05 04:37:18.705] [info] [stationary.cpp:264] NN: cost=381.292440, feasible=true, active_stations=1
[2026-10-05 04:37:18.705] [info] [candidate.cpp:199] InstancePrecompute: built 25 candidates
[2026-10-05 04:37:18.705] [info] [stationary.cpp:264] NN: cost=312.745484, feasible=true, active_stations=1
[2026-10-05 04:37:18.705] [info] [candidate.cpp:199] InstancePrecompute: built 25 candidates
[2026-10-05 04:37:18.705] [info] [stationary.cpp:264] NN: cost=248.482714, feasible=true, active_stations=1
[2026-10-05 04:37:18.705] [info] [candidate.cpp:199] InstancePrecompute: built 25 candidates
[2026-10-05 04:37:18.705] [info] [stationary.cpp:264] NN: cost=158.514835, feasible=true, active_stations=1
[2026-10-05 04:37:18.705] [info] [candidate.cpp:199] InstancePrecompute: built 25 candidates
[2026-10-05 04:37:18.705] [info] [stationary.cpp:264] NN: cost=154.230650, feasible=true, active_stations=1
[2026-10-05 04:37:18.705] [info] [candidate.cpp:199] InstancePrecompute: built 25 candidates
[2026-10-05 04:37:18.705] [info] [stationary.cpp:264] NN: cost=317.029669, feasible=true, active_stations=1
[2026-10-05 04:37:18.705] [info] [candidate.cpp:199] InstancePrecompute: built 25 candidates
[2026-10-05 04:37:18.705] [info] [stationary.cpp:264] NN: cost=222.777605, feasible=true, active_stations=1
[2026-10-05 04:37:18.705] [info] [candidate.cpp:199] InstancePrecompute: built 25 candidates
[2026-10-05 04:37:18.705] [info] [stationary.cpp:264] NN: cost=158.514835, feasible=true, active_stations=1
[2026-10-05 04:37:18.705] [info] [candidate.cpp:199] InstancePrecompute: built 25 candidates
[2026-10-05 04:37:18.705] [info] [stationary.cpp:264] NN: cost=171.367389, feasible=true, active_stations=1
[2026-10-05 04:37:18.705] [info] [candidate.cpp:199] InstancePrecompute: built 25 candidates
[2026-10-05 04:37:18.705] [info] [stationary.cpp:264] NN: cost=175.651573, feasible=true, active_stations=1
[2026-10-05 04:37:18.705] [info] [candidate.cpp:199] InstancePrecompute: built 25 candidates
[2026-10-05 04:37:18.705] [info] [stationary.cpp:264] NN: cost=222.777605, feasible=true, active_stations=1
[2026-10-05 04:37:18.705] [info] [candidate.cpp:199] InstancePrecompute: built 25 candidates
[2026-10-05 04:37:18.705] [info] [stationary.cpp:264] NN: cost=214.209236, feasible=true, active_stations=1
[2026-10-05 04:37:18.706] [info] [candidate.cpp:199] InstancePrecompute: built 25 candidates
[2026-10-05 04:37:18.706] [info] [stationary.cpp:264] NN: cost=381.292440, feasible=true, active_stations=1
[2026-10-05 04:37:18.706] [info] [candidate.cpp:199] InstancePrecompute: built 25 candidates
[2026-10-05 04:37:18.706] [info] [stationary.cpp:264] NN: cost=381.292440, feasible=true, active_stations=1
[2026-10-05 04:37:18.706] [info] [candidate.cpp:199] InstancePrecompute: built 25 candidates
[2026-10-05 04:37:18.706] [info] [stationary.cpp:264] NN: cost=312.745484, feasible=true, active_stations=1
[2026-10-05 04:37:18.706] [info] [candidate.cpp:199] InstancePrecompute: built 25 candidates
[2026-10-05 04:37:18.706] [info] [stationary.cpp:264] NN: cost=248.482714, feasible=true, active_stations=1
[2026-10-05 04:37:18.706] [info] [candidate.cpp:199] InstancePrecompute: built 25 candidates
[2026-10-05 04:37:18.706] [info] [stationary.cpp:264] NN: cost=158.514835, feasible=true, active_stations=1
[2026-10-05 04:37:18.706] [info] [candidate.cpp:199] InstancePrecompute: built 25 candidates
[2026-10-05 04:37:18.706] [info] [stationary.cpp:264] NN: cost=154.230650, feasible=true, active_stations=1
[2026-10-05 04:37:18.706] [info] [candidate.cpp:199] InstancePrecompute: built 25 candidates
[2026-10-05 04:37:18.706] [info] [stationary.cpp:264] NN: cost=317.029669, feasible=true, active_stations=1
[2026-10-05 04:37:18.706] [info] [candidate.cpp:199] InstancePrecompute: built 25 candidates
[2026-10-05 04:37:18.706] [info] [stationary.cpp:264] NN: cost=222.777605, feasible=true, active_stations=1
[2026-10-05 04:37:18.706] [info] [candidate.cpp:199] InstancePrecompute: built 25 candidates
[2026-10-05 04:37:18.706] [info] [stationary.cpp:264] NN: cost=158.514835, feasible=true, active_stations=1
[2026-10-05 04:37:18.706] [info] [candidate.cpp:199] InstancePrecompute: built 25 candidates
[2026-10-05 04:37:18.706] [info] [stationary.cpp:264] NN: cost=171.367389, feasible=true, active_stations=1
[2026-10-05 04:37:18.706] [info] [candidate.cpp:199] InstancePrecompute: built 25 candidates
[2026-10-05 04:37:18.706] [info] [stationary.cpp:264] NN: cost=175.651573, feasible=true, active_stations=1
[2026-10-05 04:37:18.706] [info] [candidate.cpp:199] InstancePrecompute: built 25 candidates
[2026-10-05 04:37:18.706] [info] [stationary.cpp:264] NN: cost=222.777605, feasible=true, active_stations=1
[2026-10-05 04:37:18.706] [info] [candidate.cpp:199] InstancePrecompute: built 25 candidates
[2026-10-05 04:37:18.706] [info] [stationary.cpp:264] NN: cost=214.209236, feasible=true, active_stations=1
[2026-10-05 04:37:18.706] [info] [candidate.cpp:199] InstancePrecompute: built 25 candidates
[2026-10-05 04:37:18.706] [info] [stationary.cpp:264] NN: cost=381.292440, feasible=true, active_stations=1
[2026-10-05 04:37:18.706] [info] [candidate.cpp:199] InstancePrecompute: built 25 candidates
[2026-10-05 04:37:18.706] [info] [stationary.cpp:264] NN: cost=381.292440, feasible=true, active_stations=1
[2026-10-05 04:37:18.706] [info] [candidate.cpp:199] InstancePrecompute: built 25 candidates
[2026-10-05 04:37:18.706] [info] [stationary.cpp:264] NN: cost=312.745484, feasible=true, active_stations=1
[2026-10-05 04:37:18.706] [info] [candidate.cpp:199] InstancePrecompute: built 25 candidates
[2026-10-05 04:37:18.706] [info] [stationary.cpp:264] NN: cost=248.482714, feasible=true, active_stations=1
[2026-10-05 04:37:18.706] [info] [candidate.cpp:199] InstancePrecompute: built 25 candidates
[2026-10-05 04:37:18.706] [info] [stationary.cpp:264] NN: cost=158.514835, feasible=true, active_stations=1
[2026-10-05 04:37:18.706] [info] [candidate.cpp:199] InstancePrecompute: built 25 candidates
[2026-10-05 04:37:18.706] [info] [stationary.cpp:264] NN: cost=154.230650, feasible=true, active_stations=1
[2026-10-05 04:37:18.706] [info] [candidate.cpp:199] InstancePrecompute: built 25 candidates
[2026-10-05 04:37:18.706] [info] [stationary.cpp:264] NN: cost=317.029669, feasible=true, active_stations=1
[2026-10-05 04:37:18.706] [info] [candidate.cpp:199] InstancePrecompute: built 25 candidates
[2026-10-05 04:37:18.706] [info] [stationary.cpp:264] NN: cost=222.777605, feasible=true, active_stations=1
[2026-10-05 04:37:18.706] [info] [candidate.cpp:199] InstancePrecompute: built 25 candidates
[2026-10-05 04:37:18.706] [info] [stationary.cpp:264] NN: cost=158.514835, feasible=true, active_stations=1
[2026-10-05 04:37:18.706] [info] [candidate.cpp:199] InstancePrecompute: built 25 candidates
[2026-10-05 04:37:18.706] [info] [stationary.cpp:264] NN: cost=171.367389, feasible=true, active_stations=1
[2026-10-05 04:37:18.706] [info] [candidate.cpp:199] InstancePrecompute: built 25 candidates
[2026-10-05 04:37:18.706] [info] [stationary.cpp:264] NN: cost=175.651573, feasible=true, active_stations=1
[2026-10-05 04:37:18.706] [info] [candidate.cpp:199] InstancePrecompute: built 25 candidates
[2026-10-05 04:37:18.706] [info] [stationary.cpp:264] NN: cost=222.777605, feasible=true, active_stations=1
[2026-10-05 04:37:18.706] [info] [candidate.cpp:199] InstancePrecompute: built 25 candidates
[2026-10-05 04:37:18.706] [info] [stationary.cpp:264] NN: cost=214.209236, feasible=true, active_stations=1
[2026-10-05 04:37:18.706] [info] [candidate.cpp:199] InstancePrecompute: built 25 candidates
[2026-10-05 04:37:18.706] [info] [stationary.cpp:264] NN: cost=381.292440, feasible=true, active_stations=1
[2026-10-05 04:37:18.706] [info] [candidate.cpp:199] InstancePrecompute: built 25 candidates
[2026-10-05 04:37:18.706] [info] [stationary.cpp:264] NN: cost=381.292440, feasible=true, active_stations=1
[2026-10-05 04:37:18.706] [info] [candidate.cpp:199] InstancePrecompute: built 25 candidates
[2026-10-05 04:37:18.706] [info] [stationary.cpp:264] NN: cost=312.745484, feasible=true, active_stations=1
[2026-10-05 04:37:18.706] [info] [candidate.cpp:199] InstancePrecompute: built 25 candidates
[2026-10-05 04:37:18.706] [info] [stationary.cpp:264] NN: cost=248.482714, feasible=true, active_stations=1
[2026-10-05 04:37:18.706] [info] [candidate.cpp:199] InstancePrecompute: built 25 candidates
[2026-10-05 04:37:18.706] [info] [stationary.cpp:264] NN: cost=158.514835, feasible=true, active_stations=1
[2026-10-05 04:37:18.706] [info] [candidate.cpp:199] InstancePrecompute: built 25 candidates
[2026-10-05 04:37:18.706] [info] [stationary.cpp:264] NN: cost=154.230650, feasible=true, active_stations=1
[2026-10-05 04:37:18.706] [info] [candidate.cpp:199] InstancePrecompute: built 25 candidates
[2026-10-05 04:37:18.706] [info] [stationary.cpp:264] NN: cost=317.029669, feasible=true, active_stations=1
[2026-10-05 04:37:18.706] [info] [candidate.cpp:199] InstancePrecompute: built 25 candidates
[2026-10-05 04:37:18.706] [info] [stationary.cpp:264] NN: cost=222.777605, feasible=true, active_stations=1
[2026-10-05 04:37:18.706] [info] [candidate.cpp:199] InstancePrecompute: built 25 candidates
[2026-10-05 04:37:18.706] [info] [stationary.cpp:264] NN: cost=158.514835, feasible=true, active_stations=1
[2026-10-05 04:37:18.706] [info] [candidate.cpp:199] InstancePrecompute: built 25 candidates
[2026-10-05 04:37:18.706] [info] [stationary.cpp:264] NN: cost=171.367389, feasible=true, active_stations=1
[2026-10-05 04:37:18.706] [info] [candidate.cpp:199] InstancePrecompute: built 25 candidates
[2026-10-05 04:37:18.706] [info] [stationary.cpp:264] NN: cost=175.651573, feasible=true, active_stations=1
[2026-10-05 04:37:18.706] [info] [candidate.cpp:199] InstancePrecompute: built 25 candidates
[2026-10-05 04:37:18.706] [info] [stationary.cpp:264] NN: cost=222.777605, feasible=true, active_stations=1
[2026-10-05 04:37:18.706] [info] [candidate.cpp:199] InstancePrecompute: built 25 candidates
[2026-10-05 04:37:18.706] [info] [stationary.cpp:264] NN: cost=214.209236, feasible=true, active_stations=1
[2026-10-05 04:37:18.706] [info] [candidate.cpp:199] InstancePrecompute: built 25 candidates
[2026-10-05 04:37:18.706] [info] [stationary.cpp:264] NN: cost=381.292440, feasible=true, active_stations=1
[2026-10-05 04:37:18.706] [info] [candidate.cpp:199] InstancePrecompute: built 25 candidates
[2026-10-05 04:37:18.706] [info] [stationary.cpp:264] NN: cost=381.292440, feasible=true, active_stations=1
[2026-10-05 04:37:18.706] [info] [candidate.cpp:199] InstancePrecompute: built 25 candidates
[2026-10-05 04:37:18.706] [info] [stationary.cpp:264] NN: cost=312.745484, feasible=true, active_stations=1
[2026-10-05 04:37:18.706] [info] [candidate.cpp:199] InstancePrecompute: built 25 candidates
[2026-10-05 04:37:18.706] [info] [stationary.cpp:264] NN: cost=248.482714, feasible=true, active_stations=1
[2026-10-05 04:37:18.706] [info] [candidate.cpp:199] InstancePrecompute: built 25 candidates
[2026-10-05 04:37:18.706] [info] [stationary.cpp:264] NN: cost=158.514835, feasible=true, active_stations=1
[2026-10-05 04:37:18.706] [info] [candidate.cpp:199] InstancePrecompute: built 25 candidates
[2026-10-05 04:37:18.706] [info] [stationary.cpp:264] NN: cost=154.230650, feasible=true, active_stations=1
[2026-10-05 04:37:18.706] [info] [candidate.cpp:199] InstancePrecompute: built 25 candidates
[2026-10-05 04:37:18.706] [info] [stationary.cpp:264] NN: cost=317.029669, feasible=true, active_stations=1
[2026-10-05 04:37:18.706] [info] [candidate.cpp:199] InstancePrecompute: built 25 candidates
[2026-10-05 04:37:18.706] [info] [stationary.cpp:264] NN: cost=222.777605, feasible=true, active_stations=1
[2026-10-05 04:37:18.706] [info] [candidate.cpp:199] InstancePrecompute: built 25 candidates
[2026-10-05 04:37:18.706] [info] [stationary.cpp:264] NN: cost=158.514835, feasible=true, active_stations=1
[2026-10-05 04:37:18.706] [info] [candidate.cpp:199] InstancePrecompute: built 25 candidates
[2026-10-05 04:37:18.706] [info] [stationary.cpp:264] NN: cost=171.367389, feasible=true, active_stations=1
[2026-10-05 04:37:18.706] [info] [candidate.cpp:199] InstancePrecompute: built 25 candidates
[2026-10-05 04:37:18.706] [info] [stationary.cpp:264] NN: cost=175.651573, feasible=true, active_stations=1
[2026-10-05 04:37:18.706] [info] [candidate.cpp:199] InstancePrecompute: built 25 candidates
[2026-10-05 04:37:18.706] [info] [stationary.cpp:264] NN: cost=222.777605, feasible=true, active_stations=1
[2026-10-05 04:37:18.706] [info] [candidate.cpp:199] InstancePrecompute: built 25 candidates
[2026-10-05 04:37:18.706] [info] [stationary.cpp:264] NN: cost=214.209236, feasible=true, active_stations=1
[2026-10-05 04:37:18.706] [info] [candidate.cpp:199] InstancePrecompute: built 25 candidates
[2026-10-05 04:37:18.706] [info] [stationary.cpp:264] NN: cost=381.292440, feasible=true, active_stations=1
[2026-10-05 04:37:18.706] [info] [candidate.cpp:199] InstancePrecompute: built 25 candidates
[2026-10-05 04:37:18.706] [info] [stationary.cpp:264] NN: cost=381.292440, feasible=true, active_stations=1
[2026-10-05 04:37:18.706] [info] [candidate.cpp:199] InstancePrecompute: built 25 candidates
[2026-10-05 04:37:18.706] [info] [stationary.cpp:264] NN: cost=248.482714, feasible=true, active_stations=1
[2026-10-05 04:37:18.706] [info] [candidate.cpp:199] InstancePrecompute: built 25 candidates
[2026-10-05 04:37:18.706] [info] [stationary.cpp:264] NN: cost=158.514835, feasible=true, active_stations=1
[2026-10-05 04:37:18.706] [info] [candidate.cpp:199] InstancePrecompute: built 25 candidates
[2026-10-05 04:37:18.706] [info] [stationary.cpp:264] NN: cost=312.745484, feasible=true, active_stations=1
[2026-10-05 04:37:18.706] [info] [candidate.cpp:199] InstancePrecompute: built 25 candidates
[2026-10-05 04:37:18.706] [info] [stationary.cpp:264] NN: cost=154.230650, feasible=true, active_stations=1
[2026-10-05 04:37:18.706] [info] [candidate.cpp:199] InstancePrecompute: built 25 candidates
[2026-10-05 04:37:18.706] [info] [stationary.cpp:264] NN: cost=317.029669, feasible=true, active_stations=1
[2026-10-05 04:37:18.706] [info] [candidate.cpp:199] InstancePrecompute: built 25 candidates
[2026-10-05 04:37:18.706] [info] [stationary.cpp:264] NN: cost=222.777605, feasible=true, active_stations=1
[2026-10-05 04:37:18.706] [info] [candidate.cpp:199] InstancePrecompute: built 25 candidates
[2026-10-05 04:37:18.706] [info] [stationary.cpp:264] NN: cost=158.514835, feasible=true, active_stations=1
[2026-10-05 04:37:18.706] [info] [candidate.cpp:199] InstancePrecompute: built 25 candidates
[2026-10-05 04:37:18.706] [info] [stationary.cpp:264] NN: cost=171.367389, feasible=true, active_stations=1
[2026-10-05 04:37:18.706] [info] [candidate.cpp:199] InstancePrecompute: built 25 candidates
[2026-10-05 04:37:18.706] [info] [stationary.cpp:264] NN: cost=175.651573, feasible=true, active_stations=1
[2026-10-05 04:37:18.706] [info] [candidate.cpp:199] InstancePrecompute: built 25 candidates
[2026-10-05 04:37:18.706] [info] [stationary.cpp:264] NN: cost=214.209236, feasible=true, active_stations=1
[2026-10-05 04:37:18.706] [info] [candidate.cpp:199] InstancePrecompute: built 25 candidates
[2026-10-05 04:37:18.706] [info] [stationary.cpp:264] NN: cost=222.777605, feasible=true, active_stations=1
[2026-10-05 04:37:18.706] [info] [candidate.cpp:199] InstancePrecompute: built 25 candidates
[2026-10-05 04:37:18.706] [info] [stationary.cpp:264] NN: cost=381.292440, feasible=true, active_stations=1
[2026-10-05 04:37:18.706] [info] [candidate.cpp:199] InstancePrecompute: built 25 candidates
[2026-10-05 04:37:18.706] [info] [stationary.cpp:264] NN: cost=381.292440, feasible=true, active_stations=1
[2026-10-05 04:37:18.706] [info] [candidate.cpp:199] InstancePrecompute: built 25 candidates
[2026-10-05 04:37:18.706] [info] [stationary.cpp:264] NN: cost=248.482714, feasible=true, active_stations=1
[2026-10-05 04:37:18.706] [info] [candidate.cpp:199] InstancePrecompute: built 25 candidates
[2026-10-05 04:37:18.706] [info] [stationary.cpp:264] NN: cost=158.514835, feasible=true, active_stations=1
[2026-10-05 04:37:18.706] [info] [candidate.cpp:199] InstancePrecompute: built 25 candidates
[2026-10-05 04:37:18.706] [info] [stationary.cpp:264] NN: cost=312.745484, feasible=true, active_stations=1
[2026-10-05 04:37:18.706] [info] [candidate.cpp:199] InstancePrecompute: built 25 candidates
[2026-10-05 04:37:18.706] [info] [stationary.cpp:264] NN: cost=154.230650, feasible=true, active_stations=1
[2026-10-05 04:37:18.706] [info] [candidate.cpp:199] InstancePrecompute: built 25 candidates
[2026-10-05 04:37:18.706] [info] [stationary.cpp:264] NN: cost=317.029669, feasible=true, active_stations=1
[2026-10-05 04:37:18.706] [info] [candidate.cpp:199] InstancePrecompute: built 25 candidates
[2026-10-05 04:37:18.706] [info] [stationary.cpp:264] NN: cost=222.777605, feasible=true, active_stations=1
[2026-10-05 04:37:18.706] [info] [candidate.cpp:199] InstancePrecompute: built 25 candidates
[2026-10-05 04:37:18.706] [info] [stationary.cpp:264] NN: cost=158.514835, feasible=true, active_stations=1
[2026-10-05 04:37:18.706] [info] [candidate.cpp:199] InstancePrecompute: built 25 candidates
[2026-10-05 04:37:18.706] [info] [stationary.cpp:264] NN: cost=171.367389, feasible=true, active_stations=1
[2026-10-05 04:37:18.706] [info] [candidate.cpp:199] InstancePrecompute: built 25 candidates
[2026-10-05 04:37:18.706] [info] [stationary.cpp:264] NN: cost=175.651573, feasible=true, active_stations=1
[2026-10-05 04:37:18.706] [info] [candidate.cpp:199] InstancePrecompute: built 25 candidates
[2026-10-05 04:37:18.706] [info] [stationary.cpp:264] NN: cost=214.209236, feasible=true, active_stations=1
[2026-10-05 04:37:18.706] [info] [candidate.cpp:199] InstancePrecompute: built 25 candidates
[2026-10-05 04:37:18.706] [info] [stationary.cpp:264] NN: cost=222.777605, feasible=true, active_stations=1
[2026-10-05 04:37:18.706] [info] [candidate.cpp:199] InstancePrecompute: built 25 candidates
[2026-10-05 04:37:18.706] [info] [stationary.cpp:264] NN: cost=381.292440, feasible=true, active_stations=1
[2026-10-05 04:37:18.706] [info] [candidate.cpp:199] InstancePrecompute: built 25 candidates
[2026-10-05 04:37:18.706] [info] [stationary.cpp:264] NN: cost=381.292440, feasible=true, active_stations=1
[2026-10-05 04:37:18.706] [info] [candidate.cpp:199] InstancePrecompute: built 25 candidates
[2026-10-05 04:37:18.706] [info] [stationary.cpp:264] NN: cost=248.482714, feasible=true, active_stations=1
[2026-10-05 04:37:18.706] [info] [candidate.cpp:199] InstancePrecompute: built 25 candidates
[2026-10-05 04:37:18.706] [info] [stationary.cpp:264] NN: cost=158.514835, feasible=true, active_stations=1
[2026-10-05 04:37:18.706] [info] [candidate.cpp:199] InstancePrecompute: built 25 candidates
[2026-10-05 04:37:18.706] [info] [stationary.cpp:264] NN: cost=312.745484, feasible=true, active_stations=1
[2026-10-05 04:37:18.706] [info] [candidate.cpp:199] InstancePrecompute: built 25 candidates
[2026-10-05 04:37:18.706] [info] [stationary.cpp:264] NN: cost=154.230650, feasible=true, active_stations=1
[2026-10-05 04:37:18.706] [info] [candidate.cpp:199] InstancePrecompute: built 25 candidates
[2026-10-05 04:37:18.706] [info] [stationary.cpp:264] NN: cost=317.029669, feasible=true, active_stations=1
[2026-10-05 04:37:18.706] [info] [candidate.cpp:199] InstancePrecompute: built 25 candidates
[2026-10-05 04:37:18.706] [info] [stationary.cpp:264] NN: cost=222.777605, feasible=true, active_stations=1
[2026-10-05 04:37:18.706] [info] [candidate.cpp:199] InstancePrecompute: built 25 candidates
[2026-10-05 04:37:18.706] [info] [stationary.cpp:264] NN: cost=158.514835, feasible=true, active_stations=1
[2026-10-05 04:37:18.706] [info] [candidate.cpp:199] InstancePrecompute: built 25 candidates
[2026-10-05 04:37:18.706] [info] [stationary.cpp:264] NN: cost=171.367389, feasible=true, active_stations=1
[2026-10-05 04:37:18.706] [info] [candidate.cpp:199] InstancePrecompute: built 25 candidates
[2026-10-05 04:37:18.706] [info] [stationary.cpp:264] NN: cost=175.651573, feasible=true, active_stations=1
[2026-10-05 04:37:18.706] [info] [candidate.cpp:199] InstancePrecompute: built 25 candidates
[2026-10-05 04:37:18.706] [info] [stationary.cpp:264] NN: cost=214.209236, feasible=true, active_stations=1
[2026-10-05 04:37:18.706] [info] [candidate.cpp:199] InstancePrecompute: built 25 candidates
[2026-10-05 04:37:18.706] [info] [stationary.cpp:264] NN: cost=222.777605, feasible=true, active_stations=1
[2026-10-05 04:37:18.706] [info] [candidate.cpp:199] InstancePrecompute: built 25 candidates
[2026-10-05 04:37:18.706] [info] [stationary.cpp:264] NN: cost=381.292440, feasible=true, active_stations=1
[2026-10-05 04:37:18.706] [info] [candidate.cpp:199] InstancePrecompute: built 25 candidates
[2026-10-05 04:37:18.706] [info] [stationary.cpp:264] NN: cost=381.292440, feasible=true, active_stations=1
[2026-10-05 04:37:18.706] [info] [candidate.cpp:199] InstancePrecompute: built 25 candidates
[2026-10-05 04:37:18.706] [info] [stationary.cpp:264] NN: cost=248.482714, feasible=true, active_stations=1
[2026-10-05 04:37:18.706] [info] [candidate.cpp:199] InstancePrecompute: built 25 candidates
[2026-10-05 04:37:18.706] [info] [stationary.cpp:264] NN: cost=158.514835, feasible=true, active_stations=1
[2026-10-05 04:37:18.706] [info] [candidate.cpp:199] InstancePrecompute: built 25 candidates
[2026-10-05 04:37:18.706] [info] [stationary.cpp:264] NN: cost=312.745484, feasible=true, active_stations=1
[2026-10-05 04:37:18.706] [info] [candidate.cpp:199] InstancePrecompute: built 25 candidates
[2026-10-05 04:37:18.706] [info] [stationary.cpp:264] NN: cost=154.230650, feasible=true, active_stations=1
[2026-10-05 04:37:18.706] [info] [candidate.cpp:199] InstancePrecompute: built 25 candidates
[2026-10-05 04:37:18.706] [info] [stationary.cpp:264] NN: cost=317.029669, feasible=true, active_stations=1
[2026-10-05 04:37:18.706] [info] [candidate.cpp:199] InstancePrecompute: built 25 candidates
[2026-10-05 04:37:18.706] [info] [stationary.cpp:264] NN: cost=222.777605, feasible=true, active_stations=1
[2026-10-05 04:37:18.706] [info] [candidate.cpp:199] InstancePrecompute: built 25 candidates
[2026-10-05 04:37:18.706] [info] [stationary.cpp:264] NN: cost=158.514835, feasible=true, active_stations=1
[2026-10-05 04:37:18.706] [info] [candidate.cpp:199] InstancePrecompute: built 25 candidates
[2026-10-05 04:37:18.706] [info] [stationary.cpp:264] NN: cost=171.367389, feasible=true, active_stations=1
[2026-10-05 04:37:18.706] [info] [candidate.cpp:199] InstancePrecompute: built 25 candidates
[2026-10-05 04:37:18.706] [info] [stationary.cpp:264] NN: cost=175.651573, feasible=true, active_stations=1
[2026-10-05 04:37:18.706] [info] [candidate.cpp:199] InstancePrecompute: built 25 candidates
[2026-10-05 04:37:18.706] [info] [stationary.cpp:264] NN: cost=214.209236, feasible=true, active_stations=1
[2026-10-05 04:37:18.706] [info] [candidate.cpp:199] InstancePrecompute: built 25 candidates
[2026-10-05 04:37:18.706] [info] [stationary.cpp:264] NN: cost=222.777605, feasible=true, active_stations=1
[2026-10-05 04:37:18.706] [info] [candidate.cpp:199] InstancePrecompute: built 25 candidates
[2026-10-05 04:37:18.706] [info] [stationary.cpp:264] NN: cost=381.292440, feasible=true, active_stations=1
[2026-10-05 04:37:18.706] [info] [candidate.cpp:199] InstancePrecompute: built 25 candidates
[2026-10-05 04:37:18.706] [info] [stationary.cpp:264] NN: cost=381.292440, feasible=true, active_stations=1
[2026-10-05 04:37:18.706] [info] [candidate.cpp:199] InstancePrecompute: built 25 candidates
[2026-10-05 04:37:18.706] [info] [stationary.cpp:264] NN: cost=248.482714, feasible=true, active_stations=1
[2026-10-05 04:37:18.706] [info] [candidate.cpp:199] InstancePrecompute: built 25 candidates
[2026-10-05 04:37:18.706] [info] [stationary.cpp:264] NN: cost=158.514835, feasible=true, active_stations=1
[2026-10-05 04:37:18.706] [info] [candidate.cpp:199] InstancePrecompute: built 25 candidates
[2026-10-05 04:37:18.706] [info] [stationary.cpp:264] NN: cost=312.745484, feasible=true, active_stations=1
[2026-10-05 04:37:18.706] [info] [candidate.cpp:199] InstancePrecompute: built 25 candidates
[2026-10-05 04:37:18.706] [info] [stationary.cpp:264] NN: cost=154.230650, feasible=true, active_stations=1
[2026-10-05 04:37:18.706] [info] [candidate.cpp:199] InstancePrecompute: built 25 candidates
[2026-10-05 04:37:18.706] [info] [stationary.cpp:264] NN: cost=317.029669, feasible=true, active_stations=1
[2026-10-05 04:37:18.706] [info] [candidate.cpp:199] InstancePrecompute: built 25 candidates
[2026-10-05 04:37:18.706] [info] [stationary.cpp:264] NN: cost=222.777605, feasible=true, active_stations=1
[2026-10-05 04:37:18.706] [info] [candidate.cpp:199] InstancePrecompute: built 25 candidates
[2026-10-05 04:37:18.706] [info] [stationary.cpp:264] NN: cost=158.514835, feasible=true, active_stations=1
[2026-10-05 04:37:18.706] [info] [candidate.cpp:199] InstancePrecompute: built 25 candidates
[2026-10-05 04:37:18.706] [info] [stationary.cpp:264] NN: cost=171.367389, feasible=true, active_stations=1
[2026-10-05 04:37:18.706] [info] [candidate.cpp:199] InstancePrecompute: built 25 candidates
[2026-10-05 04:37:18.706] [info] [stationary.cpp:264] NN: cost=175.651573, feasible=true, active_stations=1
[2026-10-05 04:37:18.706] [info] [candidate.cpp:199] InstancePrecompute: built 25 candidates
[2026-10-05 04:37:18.706] [info] [stationary.cpp:264] NN: cost=214.209236, feasible=true, active_stations=1
[2026-10-05 04:37:18.706] [info] [candidate.cpp:199] InstancePrecompute: built 25 candidates
[2026-10-05 04:37:18.706] [info] [stationary.cpp:264] NN: cost=222.777605, feasible=true, active_stations=1
[2026-10-05 04:37:18.706] [info] [candidate.cpp:199] InstancePrecompute: built 25 candidates
[2026-10-05 04:37:18.706] [info] [stationary.cpp:264] NN: cost=381.292440, feasible=true, active_stations=1
[2026-10-05 04:37:18.706] [info] [candidate.cpp:199] InstancePrecompute: built 25 candidates
[2026-10-05 04:37:18.706] [info] [stationary.cpp:264] NN: cost=381.292440, feasible=true, active_stations=1
[2026-10-05 04:37:18.706] [info] [candidate.cpp:199] InstancePrecompute: built 25 candidates
[2026-10-05 04:37:18.706] [info] [stationary.cpp:264] NN: cost=248.482714, feasible=true, active_stations=1
[2026-10-05 04:37:18.706] [info] [candidate.cpp:199] InstancePrecompute: built 25 candidates
[2026-10-05 04:37:18.706] [info] [stationary.cpp:264] NN: cost=158.514835, feasible=true, active_stations=1
[2026-10-05 04:37:18.706] [info] [candidate.cpp:199] InstancePrecompute: built 25 candidates
[2026-10-05 04:37:18.706] [info] [stationary.cpp:264] NN: cost=312.745484, feasible=true, active_stations=1
[2026-10-05 04:37:18.706] [info] [candidate.cpp:199] InstancePrecompute: built 25 candidates
[2026-10-05 04:37:18.706] [info] [stationary.cpp:264] NN: cost=154.230650, feasible=true, active_stations=1
[2026-10-05 04:37:18.706] [info] [candidate.cpp:199] InstancePrecompute: built 25 candidates
[2026-10-05 04:37:18.706] [info] [stationary.cpp:264] NN: cost=317.029669, feasible=true, active_stations=1
[2026-10-05 04:37:18.706] [info] [candidate.cpp:199] InstancePrecompute: built 25 candidates
[2026-10-05 04:37:18.706] [info] [stationary.cpp:264] NN: cost=222.777605, feasible=true, active_stations=1
[2026-10-05 04:37:18.706] [info] [candidate.cpp:199] InstancePrecompute: built 25 candidates
[2026-10-05 04:37:18.706] [info] [stationary.cpp:264] NN: cost=158.514835, feasible=true, active_stations=1
[2026-10-05 04:37:18.706] [info] [candidate.cpp:199] InstancePrecompute: built 25 candidates
[2026-10-05 04:37:18.706] [info] [stationary.cpp:264] NN: cost=171.367389, feasible=true, active_stations=1
[2026-10-05 04:37:18.706] [info] [candidate.cpp:199] InstancePrecompute: built 25 candidates
[2026-10-05 04:37:18.706] [info] [stationary.cpp:264] NN: cost=175.651573, feasible=true, active_stations=1
[2026-10-05 04:37:18.706] [info] [candidate.cpp:199] InstancePrecompute: built 25 candidates
[2026-10-05 04:37:18.706] [info] [stationary.cpp:264] NN: cost=214.209236, feasible=true, active_stations=1
[2026-10-05 04:37:18.706] [info] [candidate.cpp:199] InstancePrecompute: built 25 candidates
[2026-10-05 04:37:18.706] [info] [stationary.cpp:264] NN: cost=222.777605, feasible=true, active_stations=1
[2026-10-05 04:37:18.706] [info] [candidate.cpp:199] InstancePrecompute: built 25 candidates
[2026-10-05 04:37:18.706] [info] [stationary.cpp:264] NN: cost=381.292440, feasible=true, active_stations=1
[2026-10-05 04:37:18.706] [info] [candidate.cpp:199] InstancePrecompute: built 25 candidates
[2026-10-05 04:37:18.706] [info] [stationary.cpp:264] NN: cost=381.292440, feasible=true, active_stations=1
[2026-10-05 04:37:18.706] [info] [candidate.cpp:199] InstancePrecompute: built 25 candidates
[2026-10-05 04:37:18.706] [info] [stationary.cpp:264] NN: cost=248.482714, feasible=true, active_stations=1
[2026-10-05 04:37:18.706] [info] [candidate.cpp:199] InstancePrecompute: built 25 candidates
[2026-10-05 04:37:18.706] [info] [stationary.cpp:264] NN: cost=158.514835, feasible=true, active_stations=1
[2026-10-05 04:37:18.706] [info] [candidate.cpp:199] InstancePrecompute: built 25 candidates
[2026-10-05 04:37:18.706] [info] [stationary.cpp:264] NN: cost=312.745484, feasible=true, active_stations=1
[2026-10-05 04:37:18.706] [info] [candidate.cpp:199] InstancePrecompute: built 25 candidates
[2026-10-05 04:37:18.706] [info] [stationary.cpp:264] NN: cost=154.230650, feasible=true, active_stations=1
[2026-10-05 04:37:18.706] [info] [candidate.cpp:199] InstancePrecompute: built 25 candidates
[2026-10-05 04:37:18.706] [info] [stationary.cpp:264] NN: cost=317.029669, feasible=true, active_stations=1
[2026-10-05 04:37:18.706] [info] [candidate.cpp:199] InstancePrecompute: built 25 candidates
[2026-10-05 04:37:18.706] [info] [stationary.cpp:264] NN: cost=222.777605, feasible=true, active_stations=1
[2026-10-05 04:37:18.706] [info] [candidate.cpp:199] InstancePrecompute: built 25 candidates
[2026-10-05 04:37:18.706] [info] [stationary.cpp:264] NN: cost=158.514835, feasible=true, active_stations=1
[2026-10-05 04:37:18.706] [info] [candidate.cpp:199] InstancePrecompute: built 25 candidates
[2026-10-05 04:37:18.706] [info] [stationary.cpp:264] NN: cost=171.367389, feasible=true, active_stations=1
[2026-10-05 04:37:18.706] [info] [candidate.cpp:199] InstancePrecompute: built 25 candidates
[2026-10-05 04:37:18.706] [info] [stationary.cpp:264] NN: cost=175.651573, feasible=true, active_stations=1
[2026-10-05 04:37:18.706] [info] [candidate.cpp:199] InstancePrecompute: built 25 candidates
[2026-10-05 04:37:18.706] [info] [stationary.cpp:264] NN: cost=214.209236, feasible=true, active_stations=1
[2026-10-05 04:37:18.706] [info] [candidate.cpp:199] InstancePrecompute: built 25 candidates
[2026-10-05 04:37:18.706] [info] [stationary.cpp:264] NN: cost=222.777605, feasible=true, active_stations=1
[2026-10-05 04:37:18.706] [info] [candidate.cpp:199] InstancePrecompute: built 25 candidates
[2026-10-05 04:37:18.706] [info] [stationary.cpp:264] NN: cost=381.292440, feasible=true, active_stations=1
[2026-10-05 04:37:18.706] [info] [candidate.cpp:199] InstancePrecompute: built 25 candidates
[2026-10-05 04:37:18.706] [info] [stationary.cpp:264] NN: cost=381.292440, feasible=true, active_stations=1
[2026-10-05 04:37:18.706] [info] [candidate.cpp:199] InstancePrecompute: built 25 candidates
[2026-10-05 04:37:18.706] [info] [stationary.cpp:264] NN: cost=248.482714, feasible=true, active_stations=1
[2026-10-05 04:37:18.706] [info] [candidate.cpp:199] InstancePrecompute: built 25 candidates
[2026-10-05 04:37:18.706] [info] [stationary.cpp:264] NN: cost=158.514835, feasible=true, active_stations=1
[2026-10-05 04:37:18.706] [info] [candidate.cpp:199] InstancePrecompute: built 25 candidates
[2026-10-05 04:37:18.706] [info] [stationary.cpp:264] NN: cost=312.745484, feasible=true, active_stations=1
[2026-10-05 04:37:18.706] [info] [candidate.cpp:199] InstancePrecompute: built 25 candidates
[2026-10-05 04:37:18.707] [info] [stationary.cpp:264] NN: cost=154.230650, feasible=true, active_stations=1
[2026-10-05 04:37:18.707] [info] [candidate.cpp:199] InstancePrecompute: built 25 candidates
[2026-10-05 04:37:18.707] [info] [stationary.cpp:264] NN: cost=317.029669, feasible=true, active_stations=1
[2026-10-05 04:37:18.707] [info] [candidate.cpp:199] InstancePrecompute: built 25 candidates
[2026-10-05 04:37:18.707] [info] [stationary.cpp:264] NN: cost=222.777605, feasible=true, active_stations=1
[2026-10-05 04:37:18.707] [info] [candidate.cpp:199] InstancePrecompute: built 25 candidates
[2026-10-05 04:37:18.707] [info] [stationary.cpp:264] NN: cost=158.514835, feasible=true, active_stations=1
[2026-10-05 04:37:18.707] [info] [candidate.cpp:199] InstancePrecompute: built 25 candidates
[2026-10-05 04:37:18.707] [info] [stationary.cpp:264] NN: cost=171.367389, feasible=true, active_stations=1
[2026-10-05 04:37:18.707] [info] [candidate.cpp:199] InstancePrecompute: built 25 candidates
[2026-10-05 04:37:18.707] [info] [stationary.cpp:264] NN: cost=175.651573, feasible=true, active_stations=1
[2026-10-05 04:37:18.707] [info] [candidate.cpp:199] InstancePrecompute: built 25 candidates
[2026-10-05 04:37:18.707] [info] [stationary.cpp:264] NN: cost=214.209236, feasible=true, active_stations=1
[2026-10-05 04:37:18.707] [info] [candidate.cpp:199] InstancePrecompute: built 25 candidates
[2026-10-05 04:37:18.707] [info] [stationary.cpp:264] NN: cost=222.777605, feasible=true, active_stations=1
[2026-10-05 04:37:18.707] [info] [candidate.cpp:199] InstancePrecompute: built 25 candidates
[2026-10-05 04:37:18.707] [info] [stationary.cpp:264] NN: cost=381.292440, feasible=true, active_stations=1
[2026-10-05 04:37:18.707] [info] [candidate.cpp:199] InstancePrecompute: built 25 candidates
[2026-10-05 04:37:18.707] [info] [stationary.cpp:264] NN: cost=381.292440, feasible=true, active_stations=1
[2026-10-05 04:37:18.707] [info] [candidate.cpp:199] InstancePrecompute: built 25 candidates
[2026-10-05 04:37:18.707] [info] [stationary.cpp:264] NN: cost=248.482714, feasible=true, active_stations=1
[2026-10-05 04:37:18.707] [info] [candidate.cpp:199] InstancePrecompute: built 25 candidates
[2026-10-05 04:37:18.707] [info] [stationary.cpp:264] NN: cost=158.514835, feasible=true, active_stations=1
[2026-10-05 04:37:18.707] [info] [candidate.cpp:199] InstancePrecompute: built 25 candidates
[2026-10-05 04:37:18.707] [info] [stationary.cpp:264] NN: cost=312.745484, feasible=true, active_stations=1
[2026-10-05 04:37:18.707] [info] [candidate.cpp:199] InstancePrecompute: built 25 candidates
[2026-10-05 04:37:18.707] [info] [stationary.cpp:264] NN: cost=154.230650, feasible=true, active_stations=1
[2026-10-05 04:37:18.707] [info] [candidate.cpp:199] InstancePrecompute: built 25 candidates
[2026-10-05 04:37:18.707] [info] [stationary.cpp:264] NN: cost=317.029669, feasible=true, active_stations=1
[2026-10-05 04:37:18.707] [info] [candidate.cpp:199] InstancePrecompute: built 25 candidates
[2026-10-05 04:37:18.707] [info] [stationary.cpp:264] NN: cost=222.777605, feasible=true, active_stations=1
[2026-10-05 04:37:18.707] [info] [candidate.cpp:199] InstancePrecompute: built 25 candidates
[2026-10-05 04:37:18.707] [info] [stationary.cpp:264] NN: cost=171.367389, feasible=true, active_stations=1
[2026-10-05 04:37:18.707] [info] [candidate.cpp:199] InstancePrecompute: built 25 candidates
[2026-10-05 04:37:18.707] [info] [stationary.cpp:264] NN: cost=158.514835, feasible=true, active_stations=1
[2026-10-05 04:37:18.707] [info] [candidate.cpp:199] InstancePrecompute: built 25 candidates
[2026-10-05 04:37:18.707] [info] [stationary.cpp:264] NN: cost=175.651573, feasible=true, active_stations=1
[2026-10-05 04:37:18.707] [info] [candidate.cpp:199] InstancePrecompute: built 25 candidates
[2026-10-05 04:37:18.707] [info] [stationary.cpp:264] NN: cost=214.209236, feasible=true, active_stations=1
[2026-10-05 04:37:18.707] [info] [candidate.cpp:199] InstancePrecompute: built 25 candidates
[2026-10-05 04:37:18.707] [info] [stationary.cpp:264] NN: cost=222.777605, feasible=true, active_stations=1
[2026-10-05 04:37:18.707] [info] [candidate.cpp:199] InstancePrecompute: built 25 candidates
[2026-10-05 04:37:18.707] [info] [stationary.cpp:264] NN: cost=381.292440, feasible=true, active_stations=1
[2026-10-05 04:37:18.707] [info] [candidate.cpp:199] InstancePrecompute: built 25 candidates
[2026-10-05 04:37:18.707] [info] [stationary.cpp:264] NN: cost=381.292440, feasible=true, active_stations=1
[2026-10-05 04:37:18.707] [info] [candidate.cpp:199] InstancePrecompute: built 25 candidates
[2026-10-05 04:37:18.707] [info] [stationary.cpp:264] NN: cost=248.482714, feasible=true, active_stations=1
[2026-10-05 04:37:18.707] [info] [candidate.cpp:199] InstancePrecompute: built 25 candidates
[2026-10-05 04:37:18.707] [info] [stationary.cpp:264] NN: cost=158.514835, feasible=true, active_stations=1
[2026-10-05 04:37:18.707] [info] [candidate.cpp:199] InstancePrecompute: built 25 candidates
[2026-10-05 04:37:18.707] [info] [stationary.cpp:264] NN: cost=312.745484, feasible=true, active_stations=1
[2026-10-05 04:37:18.707] [info] [candidate.cpp:199] InstancePrecompute: built 25 candidates
[2026-10-05 04:37:18.707] [info] [stationary.cpp:264] NN: cost=154.230650, feasible=true, active_stations=1
[2026-10-05 04:37:18.707] [info] [candidate.cpp:199] InstancePrecompute: built 25 candidates
[2026-10-05 04:37:18.707] [info] [stationary.cpp:264] NN: cost=317.029669, feasible=true, active_stations=1
[2026-10-05 04:37:18.707] [info] [candidate.cpp:199] InstancePrecompute: built 25 candidates
[2026-10-05 04:37:18.707] [info] [stationary.cpp:264] NN: cost=222.777605, feasible=true, active_stations=1
[2026-10-05 04:37:18.707] [info] [candidate.cpp:199] InstancePrecompute: built 25 candidates
[2026-10-05 04:37:18.707] [info] [stationary.cpp:264] NN: cost=171.367389, feasible=true, active_stations=1
[2026-10-05 04:37:18.707] [info] [candidate.cpp:199] InstancePrecompute: built 25 candidates
[2026-10-05 04:37:18.707] [info] [stationary.cpp:264] NN: cost=158.514835, feasible=true, active_stations=1
[2026-10-05 04:37:18.707] [info] [candidate.cpp:199] InstancePrecompute: built 25 candidates
[2026-10-05 04:37:18.707] [info] [stationary.cpp:264] NN: cost=175.651573, feasible=true, active_stations=1
[2026-10-05 04:37:18.707] [info] [candidate.cpp:199] InstancePrecompute: built 25 candidates
[2026-10-05 04:37:18.707] [info] [stationary.cpp:264] NN: cost=214.209236, feasible=true, active_stations=1
[2026-10-05 04:37:18.707] [info] [candidate.cpp:199] InstancePrecompute: built 25 candidates
[2026-10-05 04:37:18.707] [info] [stationary.cpp:264] NN: cost=222.777605, feasible=true, active_stations=1
[2026-10-05 04:37:18.707] [info] [candidate.cpp:199] InstancePrecompute: built 25 candidates
[2026-10-05 04:37:18.707] [info] [stationary.cpp:264] NN: cost=381.292440, feasible=true, active_stations=1
[2026-10-05 04:37:18.707] [info] [candidate.cpp:199] InstancePrecompute: built 25 candidates
[2026-10-05 04:37:18.707] [info] [stationary.cpp:264] NN: cost=381.292440, feasible=true, active_stations=1
[2026-10-05 04:37:18.707] [info] [candidate.cpp:199] InstancePrecompute: built 25 candidates
[2026-10-05 04:37:18.707] [info] [stationary.cpp:264] NN: cost=248.482714, feasible=true, active_stations=1
[2026-10-05 04:37:18.707] [info] [candidate.cpp:199] InstancePrecompute: built 25 candidates
[2026-10-05 04:37:18.707] [info] [stationary.cpp:264] NN: cost=158.514835, feasible=true, active_stations=1
[2026-10-05 04:37:18.707] [info] [candidate.cpp:199] InstancePrecompute: built 25 candidates
[2026-10-05 04:37:18.707] [info] [stationary.cpp:264] NN: cost=312.745484, feasible=true, active_stations=1
[2026-10-05 04:37:18.707] [info] [candidate.cpp:199] InstancePrecompute: built 25 candidates
[2026-10-05 04:37:18.707] [info] [stationary.cpp:264] NN: cost=154.230650, feasible=true, active_stations=1
[2026-10-05 04:37:18.707] [info] [candidate.cpp:199] InstancePrecompute: built 25 candidates
[2026-10-05 04:37:18.707] [info] [stationary.cpp:264] NN: cost=317.029669, feasible=true, active_stations=1
[2026-10-05 04:37:18.707] [info] [candidate.cpp:199] InstancePrecompute: built 25 candidates
[2026-10-05 04:37:18.707] [info] [stationary.cpp:264] NN: cost=222.777605, feasible=true, active_stations=1
[2026-10-05 04:37:18.707] [info] [candidate.cpp:199] InstancePrecompute: built 25 candidates
[2026-10-05 04:37:18.707] [info] [stationary.cpp:264] NN: cost=171.367389, feasible=true, active_stations=1
[2026-10-05 04:37:18.707] [info] [candidate.cpp:199] InstancePrecompute: built 25 candidates
[2026-10-05 04:37:18.707] [info] [stationary.cpp:264] NN: cost=158.514835, feasible=true, active_stations=1
[2026-10-05 04:37:18.707] [info] [candidate.cpp:199] InstancePrecompute: built 25 candidates
[2026-10-05 04:37:18.707] [info] [stationary.cpp:264] NN: cost=175.651573, feasible=true, active_stations=1
[2026-10-05 04:37:18.707] [info] [candidate.cpp:199] InstancePrecompute: built 25 candidates
[2026-10-05 04:37:18.707] [info] [stationary.cpp:264] NN: cost=214.209236, feasible=true, active_stations=1
[2026-10-05 04:37:18.707] [info] [candidate.cpp:199] InstancePrecompute: built 25 candidates
[2026-10-05 04:37:18.707] [info] [stationary.cpp:264] NN: cost=222.777605, feasible=true, active_stations=1
[2026-10-05 04:37:18.707] [info] [candidate.cpp:199] InstancePrecompute: built 25 candidates
[2026-10-05 04:37:18.707] [info] [stationary.cpp:264] NN: cost=381.292440, feasible=true, active_stations=1
[2026-10-05 04:37:18.707] [info] [candidate.cpp:199] InstancePrecompute: built 25 candidates
[2026-10-05 04:37:18.707] [info] [stationary.cpp:264] NN: cost=381.292440, feasible=true, active_stations=1
[2026-10-05 04:37:18.707] [info] [candidate.cpp:199] InstancePrecompute: built 25 candidates
[2026-10-05 04:37:18.707] [info] [stationary.cpp:264] NN: cost=248.482714, feasible=true, active_stations=1
[2026-10-05 04:37:18.707] [info] [candidate.cpp:199] InstancePrecompute: built 25 candidates
[2026-10-05 04:37:18.707] [info] [stationary.cpp:264] NN: cost=158.514835, feasible=true, active_stations=1
[2026-10-05 04:37:18.707] [info] [candidate.cpp:199] InstancePrecompute: built 25 candidates
[2026-10-05 04:37:18.707] [info] [stationary.cpp:264] NN: cost=312.745484, feasible=true, active_stations=1
[2026-10-05 04:37:18.707] [info] [candidate.cpp:199] InstancePrecompute: built 25 candidates
[2026-10-05 04:37:18.707] [info] [stationary.cpp:264] NN: cost=154.230650, feasible=true, active_stations=1
[2026-10-05 04:37:18.707] [info] [candidate.cpp:199] InstancePrecompute: built 25 candidates
[2026-10-05 04:37:18.707] [info] [stationary.cpp:264] NN: cost=317.029669, feasible=true, active_stations=1
[2026-10-05 04:37:18.707] [info] [candidate.cpp:199] InstancePrecompute: built 25 candidates
[2026-10-05 04:37:18.707] [info] [stationary.cpp:264] NN: cost=222.777605, feasible=true, active_stations=1
[2026-10-05 04:37:18.707] [info] [candidate.cpp:199] InstancePrecompute: built 25 candidates
[2026-10-05 04:37:18.707] [info] [stationary.cpp:264] NN: cost=171.367389, feasible=true, active_stations=1
[2026-10-05 04:37:18.707] [info] [candidate.cpp:199] InstancePrecompute: built 25 candidates
[2026-10-05 04:37:18.707] [info] [stationary.cpp:264] NN: cost=158.514835, feasible=true, active_stations=1
[2026-10-05 04:37:18.707] [info] [candidate.cpp:199] InstancePrecompute: built 25 candidates
[2026-10-05 04:37:18.707] [info] [stationary.cpp:264] NN: cost=175.651573, feasible=true, active_stations=1
[2026-10-05 04:37:18.707] [info] [candidate.cpp:199] InstancePrecompute: built 25 candidates
[2026-10-05 04:37:18.707] [info] [stationary.cpp:264] NN: cost=214.209236, feasible=true, active_stations=1
[2026-10-05 04:37:18.707] [info] [candidate.cpp:199] InstancePrecompute: built 25 candidates
[2026-10-05 04:37:18.707] [info] [stationary.cpp:264] NN: cost=222.777605, feasible=true, active_stations=1
[2026-10-05 04:37:18.707] [info] [candidate.cpp:199] InstancePrecompute: built 25 candidates
[2026-10-05 04:37:18.707] [info] [stationary.cpp:264] NN: cost=381.292440, feasible=true, active_stations=1
[2026-10-05 04:37:18.707] [info] [candidate.cpp:199] InstancePrecompute: built 25 candidates
[2026-10-05 04:37:18.707] [info] [stationary.cpp:264] NN: cost=381.292440, feasible=true, active_stations=1
[2026-10-05 04:37:18.707] [info] [candidate.cpp:199] InstancePrecompute: built 25 candidates
[2026-10-05 04:37:18.707] [info] [stationary.cpp:264] NN: cost=248.482714, feasible=true, active_stations=1
[2026-10-05 04:37:18.707] [info] [candidate.cpp:199] InstancePrecompute: built 25 candidates
[2026-10-05 04:37:18.707] [info] [stationary.cpp:264] NN: cost=158.514835, feasible=true, active_stations=1
[2026-10-05 04:37:18.707] [info] [candidate.cpp:199] InstancePrecompute: built 25 candidates
[2026-10-05 04:37:18.707] [info] [stationary.cpp:264] NN: cost=312.745484, feasible=true, active_stations=1
[2026-10-05 04:37:18.707] [info] [candidate.cpp:199] InstancePrecompute: built 25 candidates
[2026-10-05 04:37:18.707] [info] [stationary.cpp:264] NN: cost=154.230650, feasible=true, active_stations=1
[2026-10-05 04:37:18.707] [info] [candidate.cpp:199] InstancePrecompute: built 25 candidates
[2026-10-05 04:37:18.707] [info] [stationary.cpp:264] NN: cost=317.029669, feasible=true, active_stations=1
[2026-10-05 04:37:18.707] [info] [candidate.cpp:199] InstancePrecompute: built 25 candidates
[2026-10-05 04:37:18.707] [info] [stationary.cpp:264] NN: cost=222.777605, feasible=true, active_stations=1
[2026-10-05 04:37:18.707] [info] [candidate.cpp:199] InstancePrecompute: built 25 candidates
[2026-10-05 04:37:18.707] [info] [stationary.cpp:264] NN: cost=171.367389, feasible=true, active_stations=1
[2026-10-05 04:37:18.707] [info] [candidate.cpp:199] InstancePrecompute: built 25 candidates
[2026-10-05 04:37:18.707] [info] [stationary.cpp:264] NN: cost=158.514835, feasible=true, active_stations=1
[2026-10-05 04:37:18.707] [info] [candidate.cpp:199] InstancePrecompute: built 25 candidates
[2026-10-05 04:37:18.707] [info] [stationary.cpp:264] NN: cost=175.651573, feasible=true, active_stations=1
[2026-10-05 04:37:18.707] [info] [candidate.cpp:199] InstancePrecompute: built 25 candidates
[2026-10-05 04:37:18.707] [info] [stationary.cpp:264] NN: cost=214.209236, feasible=true, active_stations=1
[2026-10-05 04:37:18.707] [info] [candidate.cpp:199] InstancePrecompute: built 25 candidates
[2026-10-05 04:37:18.707] [info] [stationary.cpp:264] NN: cost=222.777605, feasible=true, active_stations=1
[2026-10-05 04:37:18.707] [info] [candidate.cpp:199] InstancePrecompute: built 25 candidates
[2026-10-05 04:37:18.707] [info] [stationary.cpp:264] NN: cost=381.292440, feasible=true, active_stations=1
[2026-10-05 04:37:18.707] [info] [candidate.cpp:199] InstancePrecompute: built 25 candidates
[2026-10-05 04:37:18.707] [info] [stationary.cpp:264] NN: cost=381.292440, feasible=true, active_stations=1
[2026-10-05 04:37:18.707] [info] [candidate.cpp:199] InstancePrecompute: built 25 candidates
[2026-10-05 04:37:18.707] [info] [stationary.cpp:264] NN: cost=248.482714, feasible=true, active_stations=1
[2026-10-05 04:37:18.707] [info] [candidate.cpp:199] InstancePrecompute: built 25 candidates
[2026-10-05 04:37:18.707] [info] [stationary.cpp:264] NN: cost=158.514835, feasible=true, active_stations=1
[2026-10-05 04:37:18.707] [info] [candidate.cpp:199] InstancePrecompute: built 25 candidates
[2026-10-05 04:37:18.707] [info] [stationary.cpp:264] NN: cost=312.745484, feasible=true, active_stations=1
[2026-10-05 04:37:18.707] [info] [candidate.cpp:199] InstancePrecompute: built 25 candidates
[2026-10-05 04:37:18.707] [info] [stationary.cpp:264] NN: cost=154.230650, feasible=true, active_stations=1
[2026-10-05 04:37:18.707] [info] [candidate.cpp:199] InstancePrecompute: built 25 candidates
[2026-10-05 04:37:18.707] [info] [stationary.cpp:264] NN: cost=317.029669, feasible=true, active_stations=1
[2026-10-05 04:37:18.707] [info] [candidate.cpp:199] InstancePrecompute: built 25 candidates
[2026-10-05 04:37:18.707] [info] [stationary.cpp:264] NN: cost=222.777605, feasible=true, active_stations=1
[2026-10-05 04:37:18.707] [info] [candidate.cpp:199] InstancePrecompute: built 25 candidates
[2026-10-05 04:37:18.707] [info] [stationary.cpp:264] NN: cost=171.367389, feasible=true, active_stations=1
[2026-10-05 04:37:18.707] [info] [candidate.cpp:199] InstancePrecompute: built 25 candidates
[2026-10-05 04:37:18.707] [info] [stationary.cpp:264] NN: cost=158.514835, feasible=true, active_stations=1
[2026-10-05 04:37:18.707] [info] [candidate.cpp:199] InstancePrecompute: built 25 candidates
[2026-10-05 04:37:18.707] [info] [stationary.cpp:264] NN: cost=175.651573, feasible=true, active_stations=1
[2026-10-05 04:37:18.707] [info] [candidate.cpp:199] InstancePrecompute: built 25 candidates
[2026-10-05 04:37:18.707] [info] [stationary.cpp:264] NN: cost=214.209236, feasible=true, active_stations=1
[2026-10-05 04:37:18.707] [info] [candidate.cpp:199] InstancePrecompute: built 25 candidates
[2026-10-05 04:37:18.707] [info] [stationary.cpp:264] NN: cost=222.777605, feasible=true, active_stations=1
[2026-10-05 04:37:18.707] [info] [candidate.cpp:199] InstancePrecompute: built 25 candidates
[2026-10-05 04:37:18.707] [info] [stationary.cpp:264] NN: cost=381.292440, feasible=true, active_stations=1
[2026-10-05 04:37:18.707] [info] [candidate.cpp:199] InstancePrecompute: built 25 candidates
[2026-10-05 04:37:18.707] [info] [stationary.cpp:264] NN: cost=381.292440, feasible=true, active_stations=1
[2026-10-05 04:37:18.707] [info] [candidate.cpp:199] InstancePrecompute: built 25 candidates
[2026-10-05 04:37:18.707] [info] [stationary.cpp:264] NN: cost=248.482714, feasible=true, active_stations=1
[2026-10-05 04:37:18.707] [info] [candidate.cpp:199] InstancePrecompute: built 25 candidates
[2026-10-05 04:37:18.707] [info] [stationary.cpp:264] NN: cost=158.514835, feasible=true, active_stations=1
[2026-10-05 04:37:18.707] [info] [candidate.cpp:199] InstancePrecompute: built 25 candidates
[2026-10-05 04:37:18.707] [info] [stationary.cpp:264] NN: cost=312.745484, feasible=true, active_stations=1
[2026-10-05 04:37:18.707] [info] [candidate.cpp:199] InstancePrecompute: built 25 candidates
[2026-10-05 04:37:18.707] [info] [stationary.cpp:264] NN: cost=154.230650, feasible=true, active_stations=1
[2026-10-05 04:37:18.707] [info] [candidate.cpp:199] InstancePrecompute: built 25 candidates
[2026-10-05 04:37:18.707] [info] [stationary.cpp:264] NN: cost=317.029669, feasible=true, active_stations=1
[2026-10-05 04:37:18.707] [info] [candidate.cpp:199] InstancePrecompute: built 25 candidates
[2026-10-05 04:37:18.707] [info] [stationary.cpp:264] NN: cost=222.777605, feasible=true, active_stations=1
[2026-10-05 04:37:18.707] [info] [candidate.cpp:199] InstancePrecompute: built 25 candidates
[2026-10-05 04:37:18.707] [info] [stationary.cpp:264] NN: cost=171.367389, feasible=true, active_stations=1
[2026-10-05 04:37:18.707] [info] [candidate.cpp:199] InstancePrecompute: built 25 candidates
[2026-10-05 04:37:18.707] [info] [stationary.cpp:264] NN: cost=158.514835, feasible=true, active_stations=1
[2026-10-05 04:37:18.707] [info] [candidate.cpp:199] InstancePrecompute: built 25 candidates
[2026-10-05 04:37:18.707] [info] [stationary.cpp:264] NN: cost=175.651573, feasible=true, active_stations=1
[2026-10-05 04:37:18.707] [info] [candidate.cpp:199] InstancePrecompute: built 25 candidates
[2026-10-05 04:37:18.707] [info] [stationary.cpp:264] NN: cost=214.209236, feasible=true, active_stations=1
[2026-10-05 04:37:18.707] [info] [candidate.cpp:199] InstancePrecompute: built 25 candidates
[2026-10-05 04:37:18.707] [info] [stationary.cpp:264] NN: cost=222.777605, feasible=true, active_stations=1
[2026-10-05 04:37:18.707] [info] [candidate.cpp:199] InstancePrecompute: built 25 candidates
[2026-10-05 04:37:18.707] [info] [stationary.cpp:264] NN: cost=381.292440, feasible=true, active_stations=1
[2026-10-05 04:37:18.707] [info] [candidate.cpp:199] InstancePrecompute: built 25 candidates
[2026-10-05 04:37:18.707] [info] [stationary.cpp:264] NN: cost=381.292440, feasible=true, active_stations=1
[2026-10-05 04:37:18.707] [info] [candidate.cpp:199] InstancePrecompute: built 25 candidates
[2026-10-05 04:37:18.707] [info] [stationary.cpp:264] NN: cost=248.482714, feasible=true, active_stations=1
[2026-10-05 04:37:18.707] [info] [candidate.cpp:199] InstancePrecompute: built 25 candidates
[2026-10-05 04:37:18.707] [info] [stationary.cpp:264] NN: cost=158.514835, feasible=true, active_stations=1
[2026-10-05 04:37:18.707] [info] [candidate.cpp:199] InstancePrecompute: built 25 candidates
[2026-10-05 04:37:18.707] [info] [stationary.cpp:264] NN: cost=312.745484, feasible=true, active_stations=1
[2026-10-05 04:37:18.707] [info] [candidate.cpp:199] InstancePrecompute: built 25 candidates
[2026-10-05 04:37:18.707] [info] [stationary.cpp:264] NN: cost=154.230650, feasible=true, active_stations=1
[2026-10-05 04:37:18.707] [info] [candidate.cpp:199] InstancePrecompute: built 25 candidates
[2026-10-05 04:37:18.707] [info] [stationary.cpp:264] NN: cost=317.029669, feasible=true, active_stations=1
[2026-10-05 04:37:18.707] [info] [candidate.cpp:199] InstancePrecompute: built 25 candidates
[2026-10-05 04:37:18.707] [info] [stationary.cpp:264] NN: cost=222.777605, feasible=true, active_stations=1
[2026-10-05 04:37:18.707] [info] [candidate.cpp:199] InstancePrecompute: built 25 candidates
[2026-10-05 04:37:18.707] [info] [stationary.cpp:264] NN: cost=171.367389, feasible=true, active_stations=1
[2026-10-05 04:37:18.707] [info] [candidate.cpp:199] InstancePrecompute: built 25 candidates
[2026-10-05 04:37:18.707] [info] [stationary.cpp:264] NN: cost=158.514835, feasible=true, active_stations=1
[2026-10-05 04:37:18.707] [info] [candidate.cpp:199] InstancePrecompute: built 25 candidates
[2026-10-05 04:37:18.707] [info] [stationary.cpp:264] NN: cost=175.651573, feasible=true, active_stations=1
[2026-10-05 04:37:18.707] [info] [candidate.cpp:199] InstancePrecompute: built 25 candidates
[2026-10-05 04:37:18.707] [info] [stationary.cpp:264] NN: cost=214.209236, feasible=true, active_stations=1
[2026-10-05 04:37:18.707] [info] [candidate.cpp:199] InstancePrecompute: built 25 candidates
[2026-10-05 04:37:18.707] [info] [stationary.cpp:264] NN: cost=222.777605, feasible=true, active_stations=1
[2026-10-05 04:37:18.707] [info] [candidate.cpp:199] InstancePrecompute: built 25 candidates
[2026-10-05 04:37:18.707] [info] [stationary.cpp:264] NN: cost=381.292440, feasible=true, active_stations=1
[2026-10-05 04:37:18.707] [info] [candidate.cpp:199] InstancePrecompute: built 25 candidates
[2026-10-05 04:37:18.707] [info] [stationary.cpp:264] NN: cost=381.292440, feasible=true, active_stations=1
[2026-10-05 04:37:18.707] [info] [candidate.cpp:199] InstancePrecompute: built 25 candidates
[2026-10-05 04:37:18.707] [info] [stationary.cpp:264] NN: cost=312.745484, feasible=true, active_stations=1
[2026-10-05 04:37:18.707] [info] [candidate.cpp:199] InstancePrecompute: built 25 candidates
[2026-10-05 04:37:18.707] [info] [stationary.cpp:264] NN: cost=248.482714, feasible=true, active_stations=1
[2026-10-05 04:37:18.707] [info] [candidate.cpp:199] InstancePrecompute: built 25 candidates
[2026-10-05 04:37:18.707] [info] [stationary.cpp:264] NN: cost=158.514835, feasible=true, active_stations=1
[2026-10-05 04:37:18.707] [info] [candidate.cpp:199] InstancePrecompute: built 25 candidates
[2026-10-05 04:37:18.707] [info] [stationary.cpp:264] NN: cost=154.230650, feasible=true, active_stations=1
[2026-10-05 04:37:18.707] [info] [candidate.cpp:199] InstancePrecompute: built 25 candidates
[2026-10-05 04:37:18.707] [info] [stationary.cpp:264] NN: cost=317.029669, feasible=true, active_stations=1
[2026-10-05 04:37:18.707] [info] [candidate.cpp:199] InstancePrecompute: built 25 candidates
[2026-10-05 04:37:18.707] [info] [stationary.cpp:264] NN: cost=222.777605, feasible=true, active_stations=1
[2026-10-05 04:37:18.707] [info] [candidate.cpp:199] InstancePrecompute: built 25 candidates
[2026-10-05 04:37:18.707] [info] [stationary.cpp:264] NN: cost=158.514835, feasible=true, active_stations=1
[2026-10-05 04:37:18.707] [info] [candidate.cpp:199] InstancePrecompute: built 25 candidates
[2026-10-05 04:37:18.707] [info] [stationary.cpp:264] NN: cost=171.367389, feasible=true, active_stations=1
[2026-10-05 04:37:18.707] [info] [candidate.cpp:199] InstancePrecompute: built 25 candidates
[2026-10-05 04:37:18.707] [info] [stationary.cpp:264] NN: cost=175.651573, feasible=true, active_stations=1
[2026-10-05 04:37:18.707] [info] [candidate.cpp:199] InstancePrecompute: built 25 candidates
[2026-10-05 04:37:18.707] [info] [stationary.cpp:264] NN: cost=222.777605, feasible=true, active_stations=1
[2026-10-05 04:37:18.707] [info] [candidate.cpp:199] InstancePrecompute: built 25 candidates
[2026-10-05 04:37:18.707] [info] [stationary.cpp:264] NN: cost=214.209236, feasible=true, active_stations=1
[2026-10-05 04:37:18.707] [info] [candidate.cpp:199] InstancePrecompute: built 25 candidates
[2026-10-05 04:37:18.707] [info] [stationary.cpp:264] NN: cost=381.292440, feasible=true, active_stations=1
[2026-10-05 04:37:18.707] [info] [candidate.cpp:199] InstancePrecompute: built 25 candidates
[2026-10-05 04:37:18.707] [info] [stationary.cpp:264] NN: cost=381.292440, feasible=true, active_stations=1
[2026-10-05 04:37:18.707] [info] [candidate.cpp:199] InstancePrecompute: built 25 candidates
[2026-10-05 04:37:18.707] [info] [stationary.cpp:264] NN: cost=312.745484, feasible=true, active_stations=1
[2026-10-05 04:37:18.707] [info] [candidate.cpp:199] InstancePrecompute: built 25 candidates
[2026-10-05 04:37:18.707] [info] [stationary.cpp:264] NN: cost=248.482714, feasible=true, active_stations=1
[2026-10-05 04:37:18.707] [info] [candidate.cpp:199] InstancePrecompute: built 25 candidates
[2026-10-05 04:37:18.707] [info] [stationary.cpp:264] NN: cost=158.514835, feasible=true, active_stations=1
[2026-10-05 04:37:18.707] [info] [candidate.cpp:199] InstancePrecompute: built 25 candidates
[2026-10-05 04:37:18.707] [info] [stationary.cpp:264] NN: cost=154.230650, feasible=true, active_stations=1
[2026-10-05 04:37:18.707] [info] [candidate.cpp:199] InstancePrecompute: built 25 candidates
[2026-10-05 04:37:18.707] [info] [stationary.cpp:264] NN: cost=317.029669, feasible=true, active_stations=1
[2026-10-05 04:37:18.707] [info] [candidate.cpp:199] InstancePrecompute: built 25 candidates
[2026-10-05 04:37:18.707] [info] [stationary.cpp:264] NN: cost=222.777605, feasible=true, active_stations=1
[2026-10-05 04:37:18.707] [info] [candidate.cpp:199] InstancePrecompute: built 25 candidates
[2026-10-05 04:37:18.707] [info] [stationary.cpp:264] NN: cost=158.514835, feasible=true, active_stations=1
[2026-10-05 04:37:18.707] [info] [candidate.cpp:199] InstancePrecompute: built 25 candidates
[2026-10-05 04:37:18.707] [info] [stationary.cpp:264] NN: cost=171.367389, feasible=true, active_stations=1
[2026-10-05 04:37:18.707] [info] [candidate.cpp:199] InstancePrecompute: built 25 candidates
[2026-10-05 04:37:18.707] [info] [stationary.cpp:264] NN: cost=175.651573, feasible=true, active_stations=1
[2026-10-05 04:37:18.707] [info] [candidate.cpp:199] InstancePrecompute: built 25 candidates
[2026-10-05 04:37:18.707] [info] [stationary.cpp:264] NN: cost=222.777605, feasible=true, active_stations=1
[2026-10-05 04:37:18.707] [info] [candidate.cpp:199] InstancePrecompute: built 25 candidates
[2026-10-05 04:37:18.707] [info] [stationary.cpp:264] NN: cost=214.209236, feasible=true, active_stations=1
[2026-10-05 04:37:18.707] [info] [candidate.cpp:199] InstancePrecompute: built 25 candidates
[2026-10-05 04:37:18.707] [info] [stationary.cpp:264] NN: cost=381.292440, feasible=true, active_stations=1
[2026-10-05 04:37:18.707] [info] [candidate.cpp:199] InstancePrecompute: built 25 candidates
[2026-10-05 04:37:18.707] [info] [stationary.cpp:264] NN: cost=381.292440, feasible=true, active_stations=1
[2026-10-05 04:37:18.707] [info] [candidate.cpp:199] InstancePrecompute: built 25 candidates
[2026-10-05 04:37:18.707] [info] [stationary.cpp:264] NN: cost=312.745484, feasible=true, active_stations=1
[2026-10-05 04:37:18.707] [info] [candidate.cpp:199] InstancePrecompute: built 25 candidates
[2026-10-05 04:37:18.707] [info] [stationary.cpp:264] NN: cost=248.482714, feasible=true, active_stations=1
[2026-10-05 04:37:18.707] [info] [candidate.cpp:199] InstancePrecompute: built 25 candidates
[2026-10-05 04:37:18.707] [info] [stationary.cpp:264] NN: cost=158.514835, feasible=true, active_stations=1
[2026-10-05 04:37:18.707] [info] [candidate.cpp:199] InstancePrecompute: built 25 candidates
[2026-10-05 04:37:18.707] [info] [stationary.cpp:264] NN: cost=154.230650, feasible=true, active_stations=1
[2026-10-05 04:37:18.707] [info] [candidate.cpp:199] InstancePrecompute: built 25 candidates
[2026-10-05 04:37:18.707] [info] [stationary.cpp:264] NN: cost=317.029669, feasible=true, active_stations=1
[2026-10-05 04:37:18.707] [info] [candidate.cpp:199] InstancePrecompute: built 25 candidates
[2026-10-05 04:37:18.707] [info] [stationary.cpp:264] NN: cost=222.777605, feasible=true, active_stations=1
[2026-10-05 04:37:18.707] [info] [candidate.cpp:199] InstancePrecompute: built 25 candidates
[2026-10-05 04:37:18.707] [info] [stationary.cpp:264] NN: cost=158.514835, feasible=true, active_stations=1
[2026-10-05 04:37:18.707] [info] [candidate.cpp:199] InstancePrecompute: built 25 candidates
[2026-10-05 04:37:18.707] [info] [stationary.cpp:264] NN: cost=171.367389, feasible=true, active_stations=1
[2026-10-05 04:37:18.707] [info] [candidate.cpp:199] InstancePrecompute: built 25 candidates
[2026-10-05 04:37:18.707] [info] [stationary.cpp:264] NN: cost=175.651573, feasible=true, active_stations=1
[2026-10-05 04:37:18.707] [info] [candidate.cpp:199] InstancePrecompute: built 25 candidates
[2026-10-05 04:37:18.707] [info] [stationary.cpp:264] NN: cost=222.777605, feasible=true, active_stations=1
[2026-10-05 04:37:18.708] [info] [candidate.cpp:199] InstancePrecompute: built 25 candidates
[2026-10-05 04:37:18.708] [info] [stationary.cpp:264] NN: cost=214.209236, feasible=true, active_stations=1
[2026-10-05 04:37:18.708] [info] [candidate.cpp:199] InstancePrecompute: built 25 candidates
[2026-10-05 04:37:18.708] [info] [stationary.cpp:264] NN: cost=381.292440, feasible=true, active_stations=1
[2026-10-05 04:37:18.708] [info] [candidate.cpp:199] InstancePrecompute: built 25 candidates
[2026-10-05 04:37:18.708] [info] [stationary.cpp:264] NN: cost=381.292440, feasible=true, active_stations=1
[2026-10-05 04:37:18.708] [info] [candidate.cpp:199] InstancePrecompute: built 25 candidates
[2026-10-05 04:37:18.708] [info] [stationary.cpp:264] NN: cost=312.745484, feasible=true, active_stations=1
[2026-10-05 04:37:18.708] [info] [candidate.cpp:199] InstancePrecompute: built 25 candidates
[2026-10-05 04:37:18.708] [info] [stationary.cpp:264] NN: cost=248.482714, feasible=true, active_stations=1
[2026-10-05 04:37:18.708] [info] [candidate.cpp:199] InstancePrecompute: built 25 candidates
[2026-10-05 04:37:18.708] [info] [stationary.cpp:264] NN: cost=158.514835, feasible=true, active_stations=1
[2026-10-05 04:37:18.708] [info] [candidate.cpp:199] InstancePrecompute: built 25 candidates
[2026-10-05 04:37:18.708] [info] [stationary.cpp:264] NN: cost=154.230650, feasible=true, active_stations=1
[2026-10-05 04:37:18.708] [info] [candidate.cpp:199] InstancePrecompute: built 25 candidates
[2026-10-05 04:37:18.708] [info] [stationary.cpp:264] NN: cost=317.029669, feasible=true, active_stations=1
[2026-10-05 04:37:18.708] [info] [candidate.cpp:199] InstancePrecompute: built 25 candidates
[2026-10-05 04:37:18.708] [info] [stationary.cpp:264] NN: cost=222.777605, feasible=true, active_stations=1
[2026-10-05 04:37:18.708] [info] [candidate.cpp:199] InstancePrecompute: built 25 candidates
[2026-10-05 04:37:18.708] [info] [stationary.cpp:264] NN: cost=158.514835, feasible=true, active_stations=1
[2026-10-05 04:37:18.708] [info] [candidate.cpp:199] InstancePrecompute: built 25 candidates
[2026-10-05 04:37:18.708] [info] [stationary.cpp:264] NN: cost=171.367389, feasible=true, active_stations=1
[2026-10-05 04:37:18.708] [info] [candidate.cpp:199] InstancePrecompute: built 25 candidates
[2026-10-05 04:37:18.708] [info] [stationary.cpp:264] NN: cost=175.651573, feasible=true, active_stations=1
[2026-10-05 04:37:18.708] [info] [candidate.cpp:199] InstancePrecompute: built 25 candidates
[2026-10-05 04:37:18.708] [info] [stationary.cpp:264] NN: cost=222.777605, feasible=true, active_stations=1
[2026-10-05 04:37:18.708] [info] [candidate.cpp:199] InstancePrecompute: built 25 candidates
[2026-10-05 04:37:18.708] [info] [stationary.cpp:264] NN: cost=214.209236, feasible=true, active_stations=1
[2026-10-05 04:37:18.708] [info] [candidate.cpp:199] InstancePrecompute: built 25 candidates
[2026-10-05 04:37:18.708] [info] [stationary.cpp:264] NN: cost=381.292440, feasible=true, active_stations=1
[2026-10-05 04:37:18.708] [info] [candidate.cpp:199] InstancePrecompute: built 25 candidates
[2026-10-05 04:37:18.708] [info] [stationary.cpp:264] NN: cost=381.292440, feasible=true, active_stations=1
[2026-10-05 04:37:18.708] [info] [candidate.cpp:199] InstancePrecompute: built 25 candidates
[2026-10-05 04:37:18.708] [info] [stationary.cpp:264] NN: cost=312.745484, feasible=true, active_stations=1
[2026-10-05 04:37:18.708] [info] [candidate.cpp:199] InstancePrecompute: built 25 candidates
[2026-10-05 04:37:18.708] [info] [stationary.cpp:264] NN: cost=248.482714, feasible=true, active_stations=1
[2026-10-05 04:37:18.708] [info] [candidate.cpp:199] InstancePrecompute: built 25 candidates
[2026-10-05 04:37:18.708] [info] [stationary.cpp:264] NN: cost=158.514835, feasible=true, active_stations=1
[2026-10-05 04:37:18.708] [info] [candidate.cpp:199] InstancePrecompute: built 25 candidates
[2026-10-05 04:37:18.708] [info] [stationary.cpp:264] NN: cost=154.230650, feasible=true, active_stations=1
[2026-10-05 04:37:18.708] [info] [candidate.cpp:199] InstancePrecompute: built 25 candidates
[2026-10-05 04:37:18.708] [info] [stationary.cpp:264] NN: cost=317.029669, feasible=true, active_stations=1
[2026-10-05 04:37:18.708] [info] [candidate.cpp:199] InstancePrecompute: built 25 candidates
[2026-10-05 04:37:18.708] [info] [stationary.cpp:264] NN: cost=222.777605, feasible=true, active_stations=1
[2026-10-05 04:37:18.708] [info] [candidate.cpp:199] InstancePrecompute: built 25 candidates
[2026-10-05 04:37:18.708] [info] [stationary.cpp:264] NN: cost=158.514835, feasible=true, active_stations=1
[2026-10-05 04:37:18.708] [info] [candidate.cpp:199] InstancePrecompute: built 25 candidates
[2026-10-05 04:37:18.708] [info] [stationary.cpp:264] NN: cost=171.367389, feasible=true, active_stations=1
[2026-10-05 04:37:18.708] [info] [candidate.cpp:199] InstancePrecompute: built 25 candidates
[2026-10-05 04:37:18.708] [info] [stationary.cpp:264] NN: cost=175.651573, feasible=true, active_stations=1
[2026-10-05 04:37:18.708] [info] [candidate.cpp:199] InstancePrecompute: built 25 candidates
[2026-10-05 04:37:18.708] [info] [stationary.cpp:264] NN: cost=222.777605, feasible=true, active_stations=1
[2026-10-05 04:37:18.708] [info] [candidate.cpp:199] InstancePrecompute: built 25 candidates
[2026-10-05 04:37:18.708] [info] [stationary.cpp:264] NN: cost=214.209236, feasible=true, active_stations=1
[2026-10-05 04:37:18.708] [info] [candidate.cpp:199] InstancePrecompute: built 25 candidates
[2026-10-05 04:37:18.708] [info] [stationary.cpp:264] NN: cost=381.292440, feasible=true, active_stations=1
[2026-10-05 04:37:18.708] [info] [candidate.cpp:199] InstancePrecompute: built 25 candidates
[2026-10-05 04:37:18.708] [info] [stationary.cpp:264] NN: cost=381.292440, feasible=true, active_stations=1
[2026-10-05 04:37:18.708] [info] [candidate.cpp:199] InstancePrecompute: built 25 candidates
[2026-10-05 04:37:18.708] [info] [stationary.cpp:264] NN: cost=312.745484, feasible=true, active_stations=1
[2026-10-05 04:37:18.708] [info] [candidate.cpp:199] InstancePrecompute: built 25 candidates
[2026-10-05 04:37:18.708] [info] [stationary.cpp:264] NN: cost=248.482714, feasible=true, active_stations=1
[2026-10-05 04:37:18.708] [info] [candidate.cpp:199] InstancePrecompute: built 25 candidates
[2026-10-05 04:37:18.708] [info] [stationary.cpp:264] NN: cost=158.514835, feasible=true, active_stations=1
[2026-10-05 04:37:18.708] [info] [candidate.cpp:199] InstancePrecompute: built 25 candidates
[2026-10-05 04:37:18.708] [info] [stationary.cpp:264] NN: cost=154.230650, feasible=true, active_stations=1
[2026-10-05 04:37:18.708] [info] [candidate.cpp:199] InstancePrecompute: built 25 candidates
[2026-10-05 04:37:18.708] [info] [stationary.cpp:264] NN: cost=317.029669, feasible=true, active_stations=1
[2026-10-05 04:37:18.708] [info] [candidate.cpp:199] InstancePrecompute: built 25 candidates
[2026-10-05 04:37:18.708] [info] [stationary.cpp:264] NN: cost=222.777605, feasible=true, active_stations=1
[2026-10-05 04:37:18.708] [info] [candidate.cpp:199] InstancePrecompute: built 25 candidates
[2026-10-05 04:37:18.708] [info] [stationary.cpp:264] NN: cost=158.514835, feasible=true, active_stations=1
[2026-10-05 04:37:18.708] [info] [candidate.cpp:199] InstancePrecompute: built 25 candidates
[2026-10-05 04:37:18.708] [info] [stationary.cpp:264] NN: cost=171.367389, feasible=true, active_stations=1
[2026-10-05 04:37:18.708] [info] [candidate.cpp:199] InstancePrecompute: built 25 candidates
[2026-10-05 04:37:18.708] [info] [stationary.cpp:264] NN: cost=175.651573, feasible=true, active_stations=1
[2026-10-05 04:37:18.708] [info] [candidate.cpp:199] InstancePrecompute: built 25 candidates
[2026-10-05 04:37:18.708] [info] [stationary.cpp:264] NN: cost=222.777605, feasible=true, active_stations=1
[2026-10-05 04:37:18.708] [info] [candidate.cpp:199] InstancePrecompute: built 25 candidates
[2026-10-05 04:37:18.708] [info] [stationary.cpp:264] NN: cost=214.209236, feasible=true, active_stations=1
[2026-10-05 04:37:18.708] [info] [candidate.cpp:199] InstancePrecompute: built 25 candidates
[2026-10-05 04:37:18.708] [info] [stationary.cpp:264] NN: cost=381.292440, feasible=true, active_stations=1
[2026-10-05 04:37:18.708] [info] [candidate.cpp:199] InstancePrecompute: built 25 candidates
[2026-10-05 04:37:18.708] [info] [stationary.cpp:264] NN: cost=381.292440, feasible=true, active_stations=1
[2026-10-05 04:37:18.708] [info] [candidate.cpp:199] InstancePrecompute: built 25 candidates
[2026-10-05 04:37:18.708] [info] [stationary.cpp:264] NN: cost=312.745484, feasible=true, active_stations=1
[2026-10-05 04:37:18.708] [info] [candidate.cpp:199] InstancePrecompute: built 25 candidates
[2026-10-05 04:37:18.708] [info] [stationary.cpp:264] NN: cost=248.482714, feasible=true, active_stations=1
[2026-10-05 04:37:18.708] [info] [candidate.cpp:199] InstancePrecompute: built 25 candidates
[2026-10-05 04:37:18.708] [info] [stationary.cpp:264] NN: cost=158.514835, feasible=true, active_stations=1
[2026-10-05 04:37:18.708] [info] [candidate.cpp:199] InstancePrecompute: built 25 candidates
[2026-10-05 04:37:18.708] [info] [stationary.cpp:264] NN: cost=154.230650, feasible=true, active_stations=1
[2026-10-05 04:37:18.708] [info] [candidate.cpp:199] InstancePrecompute: built 25 candidates
[2026-10-05 04:37:18.708] [info] [stationary.cpp:264] NN: cost=317.029669, feasible=true, active_stations=1
[2026-10-05 04:37:18.708] [info] [candidate.cpp:199] InstancePrecompute: built 25 candidates
[2026-10-05 04:37:18.708] [info] [stationary.cpp:264] NN: cost=222.777605, feasible=true, active_stations=1
[2026-10-05 04:37:18.708] [info] [candidate.cpp:199] InstancePrecompute: built 25 candidates
[2026-10-05 04:37:18.708] [info] [stationary.cpp:264] NN: cost=158.514835, feasible=true, active_stations=1
[2026-10-05 04:37:18.708] [info] [candidate.cpp:199] InstancePrecompute: built 25 candidates
[2026-10-05 04:37:18.708] [info] [stationary.cpp:264] NN: cost=171.367389, feasible=true, active_stations=1
[2026-10-05 04:37:18.708] [info] [candidate.cpp:199] InstancePrecompute: built 25 candidates
[2026-10-05 04:37:18.708] [info] [stationary.cpp:264] NN: cost=175.651573, feasible=true, active_stations=1
[2026-10-05 04:37:18.708] [info] [candidate.cpp:199] InstancePrecompute: built 25 candidates
[2026-10-05 04:37:18.708] [info] [stationary.cpp:264] NN: cost=222.777605, feasible=true, active_stations=1
[2026-10-05 04:37:18.708] [info] [candidate.cpp:199] InstancePrecompute: built 25 candidates
[2026-10-05 04:37:18.708] [info] [stationary.cpp:264] NN: cost=214.209236, feasible=true, active_stations=1
[2026-10-05 04:37:18.708] [info] [candidate.cpp:199] InstancePrecompute: built 25 candidates
[2026-10-05 04:37:18.708] [info] [stationary.cpp:264] NN: cost=381.292440, feasible=true, active_stations=1
[2026-10-05 04:37:18.708] [info] [candidate.cpp:199] InstancePrecompute: built 25 candidates
[2026-10-05 04:37:18.708] [info] [stationary.cpp:264] NN: cost=381.292440, feasible=true, active_stations=1
[2026-10-05 04:37:18.708] [info] [candidate.cpp:199] InstancePrecompute: built 25 candidates
[2026-10-05 04:37:18.708] [info] [stationary.cpp:264] NN: cost=312.745484, feasible=true, active_stations=1
[2026-10-05 04:37:18.708] [info] [candidate.cpp:199] InstancePrecompute: built 25 candidates
[2026-10-05 04:37:18.708] [info] [stationary.cpp:264] NN: cost=248.482714, feasible=true, active_stations=1
[2026-10-05 04:37:18.708] [info] [candidate.cpp:199] InstancePrecompute: built 25 candidates
[2026-10-05 04:37:18.708] [info] [stationary.cpp:264] NN: cost=158.514835, feasible=true, active_stations=1
[2026-10-05 04:37:18.708] [info] [candidate.cpp:199] InstancePrecompute: built 25 candidates
[2026-10-05 04:37:18.708] [info] [stationary.cpp:264] NN: cost=154.230650, feasible=true, active_stations=1
[2026-10-05 04:37:18.708] [info] [candidate.cpp:199] InstancePrecompute: built 25 candidates
[2026-10-05 04:37:18.708] [info] [stationary.cpp:264] NN: cost=317.029669, feasible=true, active_stations=1
[2026-10-05 04:37:18.708] [info] [candidate.cpp:199] InstancePrecompute: built 25 candidates
[2026-10-05 04:37:18.708] [info] [stationary.cpp:264] NN: cost=222.777605, feasible=true, active_stations=1
[2026-10-05 04:37:18.708] [info] [candidate.cpp:199] InstancePrecompute: built 25 candidates
[2026-10-05 04:37:18.708] [info] [stationary.cpp:264] NN: cost=158.514835, feasible=true, active_stations=1
[2026-10-05 04:37:18.708] [info] [candidate.cpp:199] InstancePrecompute: built 25 candidates
[2026-10-05 04:37:18.708] [info] [stationary.cpp:264] NN: cost=171.367389, feasible=true, active_stations=1
[2026-10-05 04:37:18.708] [info] [candidate.cpp:199] InstancePrecompute: built 25 candidates
[2026-10-05 04:37:18.708] [info] [stationary.cpp:264] NN: cost=175.651573, feasible=true, active_stations=1
[2026-10-05 04:37:18.708] [info] [candidate.cpp:199] InstancePrecompute: built 25 candidates
[2026-10-05 04:37:18.708] [info] [stationary.cpp:264] NN: cost=222.777605, feasible=true, active_stations=1
[2026-10-05 04:37:18.708] [info] [candidate.cpp:199] InstancePrecompute: built 25 candidates
[2026-10-05 04:37:18.708] [info] [stationary.cpp:264] NN: cost=214.209236, feasible=true, active_stations=1
[2026-10-05 04:37:18.708] [info] [candidate.cpp:199] InstancePrecompute: built 25 candidates
[2026-10-05 04:37:18.708] [info] [stationary.cpp:264] NN: cost=381.292440, feasible=true, active_stations=1
[2026-10-05 04:37:18.708] [info] [candidate.cpp:199] InstancePrecompute: built 25 candidates
[2026-10-05 04:37:18.708] [info] [stationary.cpp:264] NN: cost=381.292440, feasible=true, active_stations=1
[2026-10-05 04:37:18.708] [info] [candidate.cpp:199] InstancePrecompute: built 25 candidates
[2026-10-05 04:37:18.708] [info] [stationary.cpp:264] NN: cost=312.745484, feasible=true, active_stations=1
[2026-10-05 04:37:18.708] [info] [candidate.cpp:199] InstancePrecompute: built 25 candidates
[2026-10-05 04:37:18.708] [info] [stationary.cpp:264] NN: cost=248.482714, feasible=true, active_stations=1
[2026-10-05 04:37:18.708] [info] [candidate.cpp:199] InstancePrecompute: built 25 candidates
[2026-10-05 04:37:18.708] [info] [stationary.cpp:264] NN: cost=158.514835, feasible=true, active_stations=1
[2026-10-05 04:37:18.708] [info] [candidate.cpp:199] InstancePrecompute: built 25 candidates
[2026-10-05 04:37:18.708] [info] [stationary.cpp:264] NN: cost=154.230650, feasible=true, active_stations=1
[2026-10-05 04:37:18.708] [info] [candidate.cpp:199] InstancePrecompute: built 25 candidates
[2026-10-05 04:37:18.708] [info] [stationary.cpp:264] NN: cost=317.029669, feasible=true, active_stations=1
[2026-10-05 04:37:18.708] [info] [candidate.cpp:199] InstancePrecompute: built 25 candidates
[2026-10-05 04:37:18.708] [info] [stationary.cpp:264] NN: cost=222.777605, feasible=true, active_stations=1
[2026-10-05 04:37:18.708] [info] [candidate.cpp:199] InstancePrecompute: built 25 candidates
[2026-10-05 04:37:18.708] [info] [stationary.cpp:264] NN: cost=158.514835, feasible=true, active_stations=1
[2026-10-05 04:37:18.708] [info] [candidate.cpp:199] InstancePrecompute: built 25 candidates
[2026-10-05 04:37:18.708] [info] [stationary.cpp:264] NN: cost=171.367389, feasible=true, active_stations=1
[2026-10-05 04:37:18.708] [info] [candidate.cpp:199] InstancePrecompute: built 25 candidates
[2026-10-05 04:37:18.708] [info] [stationary.cpp:264] NN: cost=175.651573, feasible=true, active_stations=1
[2026-10-05 04:37:18.708] [info] [candidate.cpp:199] InstancePrecompute: built 25 candidates
[2026-10-05 04:37:18.708] [info] [stationary.cpp:264] NN: cost=222.777605, feasible=true, active_stations=1
[2026-10-05 04:37:18.708] [info] [candidate.cpp:199] InstancePrecompute: built 25 candidates
[2026-10-05 04:37:18.708] [info] [stationary.cpp:264] NN: cost=214.209236, feasible=true, active_stations=1
[2026-10-05 04:37:18.708] [info] [candidate.cpp:199] InstancePrecompute: built 25 candidates
[2026-10-05 04:37:18.708] [info] [stationary.cpp:264] NN: cost=381.292440, feasible=true, active_stations=1
[2026-10-05 04:37:18.708] [info] [candidate.cpp:199] InstancePrecompute: built 25 candidates
[2026-10-05 04:37:18.708] [info] [stationary.cpp:264] NN: cost=381.292440, feasible=true, active_stations=1
[2026-10-05 04:37:18.708] [info] [candidate.cpp:199] InstancePrecompute: built 25 candidates
[2026-10-05 04:37:18.708] [info] [stationary.cpp:264] NN: cost=312.745484, feasible=true, active_stations=1
[2026-10-05 04:37:18.708] [info] [candidate.cpp:199] InstancePrecompute: built 25 candidates
[2026-10-05 04:37:18.708] [info] [stationary.cpp:264] NN: cost=248.482714, feasible=true, active_stations=1
[2026-10-05 04:37:18.708] [info] [candidate.cpp:199] InstancePrecompute: built 25 candidates
[2026-10-05 04:37:18.708] [info] [stationary.cpp:264] NN: cost=158.514835, feasible=true, active_stations=1
[2026-10-05 04:37:18.708] [info] [candidate.cpp:199] InstancePrecompute: built 25 candidates
[2026-10-05 04:37:18.708] [info] [stationary.cpp:264] NN: cost=154.230650, feasible=true, active_stations=1
[2026-10-05 04:37:18.708] [info] [candidate.cpp:199] InstancePrecompute: built 25 candidates
[2026-10-05 04:37:18.708] [info] [stationary.cpp:264] NN: cost=317.029669, feasible=true, active_stations=1
[2026-10-05 04:37:18.708] [info] [candidate.cpp:199] InstancePrecompute: built 25 candidates
[2026-10-05 04:37:18.708] [info] [stationary.cpp:264] NN: cost=222.777605, feasible=true, active_stations=1
[2026-10-05 04:37:18.708] [info] [candidate.cpp:199] InstancePrecompute: built 25 candidates
[2026-10-05 04:37:18.708] [info] [stationary.cpp:264] NN: cost=158.514835, feasible=true, active_stations=1
[2026-10-05 04:37:18.708] [info] [candidate.cpp:199] InstancePrecompute: built 25 candidates
[2026-10-05 04:37:18.708] [info] [stationary.cpp:264] NN: cost=171.367389, feasible=true, active_stations=1
[2026-10-05 04:37:18.708] [info] [candidate.cpp:199] InstancePrecompute: built 25 candidates
[2026-10-05 04:37:18.708] [info] [stationary.cpp:264] NN: cost=175.651573, feasible=true, active_stations=1
[2026-10-05 04:37:18.708] [info] [candidate.cpp:199] InstancePrecompute: built 25 candidates
[2026-10-05 04:37:18.708] [info] [stationary.cpp:264] NN: cost=222.777605, feasible=true, active_stations=1
[2026-10-05 04:37:18.708] [info] [candidate.cpp:199] InstancePrecompute: built 25 candidates
[2026-10-05 04:37:18.708] [info] [stationary.cpp:264] NN: cost=214.209236, feasible=true, active_stations=1
[2026-10-05 04:37:18.708] [info] [candidate.cpp:199] InstancePrecompute: built 25 candidates
[2026-10-05 04:37:18.708] [info] [stationary.cpp:264] NN: cost=381.292440, feasible=true, active_stations=1
[2026-10-05 04:37:18.708] [info] [candidate.cpp:199] InstancePrecompute: built 25 candidates
[2026-10-05 04:37:18.708] [info] [stationary.cpp:264] NN: cost=381.292440, feasible=true, active_stations=1
[2026-10-05 04:37:18.708] [info] [candidate.cpp:199] InstancePrecompute: built 25 candidates
[2026-10-05 04:37:18.708] [info] [stationary.cpp:264] NN: cost=312.745484, feasible=true, active_stations=1
[2026-10-05 04:37:18.708] [info] [candidate.cpp:199] InstancePrecompute: built 25 candidates
[2026-10-05 04:37:18.708] [info] [stationary.cpp:264] NN: cost=248.482714, feasible=true, active_stations=1
[2026-10-05 04:37:18.708] [info] [candidate.cpp:199] InstancePrecompute: built 25 candidates
[2026-10-05 04:37:18.708] [info] [stationary.cpp:264] NN: cost=158.514835, feasible=true, active_stations=1
[2026-10-05 04:37:18.708] [info] [candidate.cpp:199] InstancePrecompute: built 25 candidates
[2026-10-05 04:37:18.708] [info] [stationary.cpp:264] NN: cost=154.230650, feasible=true, active_stations=1
[2026-10-05 04:37:18.708] [info] [candidate.cpp:199] InstancePrecompute: built 25 candidates
[2026-10-05 04:37:18.708] [info] [stationary.cpp:264] NN: cost=317.029669, feasible=true, active_stations=1
[2026-10-05 04:37:18.708] [info] [candidate.cpp:199] InstancePrecompute: built 25 candidates
[2026-10-05 04:37:18.708] [info] [stationary.cpp:264] NN: cost=222.777605, feasible=true, active_stations=1
[2026-10-05 04:37:18.708] [info] [candidate.cpp:199] InstancePrecompute: built 25 candidates
[2026-10-05 04:37:18.708] [info] [stationary.cpp:264] NN: cost=158.514835, feasible=true, active_stations=1
[2026-10-05 04:37:18.708] [info] [candidate.cpp:199] InstancePrecompute: built 25 candidates
[2026-10-05 04:37:18.708] [info] [stationary.cpp:264] NN: cost=171.367389, feasible=true, active_stations=1
[2026-10-05 04:37:18.708] [info] [candidate.cpp:199] InstancePrecompute: built 25 candidates
[2026-10-05 04:37:18.708] [info] [stationary.cpp:264] NN: cost=175.651573, feasible=true, active_stations=1
[2026-10-05 04:37:18.708] [info] [candidate.cpp:199] InstancePrecompute: built 25 candidates
[2026-10-05 04:37:18.708] [info] [stationary.cpp:264] NN: cost=222.777605, feasible=true, active_stations=1
[2026-10-05 04:37:18.708] [info] [candidate.cpp:199] InstancePrecompute: built 25 candidates
[2026-10-05 04:37:18.708] [info] [stationary.cpp:264] NN: cost=214.209236, feasible=true, active_stations=1
[2026-10-05 04:37:18.708] [info] [candidate.cpp:199] InstancePrecompute: built 25 candidates
[2026-10-05 04:37:18.708] [info] [stationary.cpp:264] NN: cost=381.292440, feasible=true, active_stations=1
[2026-10-05 04:37:18.708] [info] [candidate.cpp:199] InstancePrecompute: built 25 candidates
[2026-10-05 04:37:18.708] [info] [stationary.cpp:264] NN: cost=381.292440, feasible=true, active_stations=1
[2026-10-05 04:37:18.708] [info] [candidate.cpp:199] InstancePrecompute: built 25 candidates
[2026-10-05 04:37:18.708] [info] [stationary.cpp:264] NN: cost=312.745484, feasible=true, active_stations=1
[2026-10-05 04:37:18.708] [info] [candidate.cpp:199] InstancePrecompute: built 25 candidates
[2026-10-05 04:37:18.708] [info] [stationary.cpp:264] NN: cost=248.482714, feasible=true, active_stations=1
[2026-10-05 04:37:18.708] [info] [candidate.cpp:199] InstancePrecompute: built 25 candidates
[2026-10-05 04:37:18.708] [info] [stationary.cpp:264] NN: cost=158.514835, feasible=true, active_stations=1
[2026-10-05 04:37:18.708] [info] [candidate.cpp:199] InstancePrecompute: built 25 candidates
[2026-10-05 04:37:18.708] [info] [stationary.cpp:264] NN: cost=154.230650, feasible=true, active_stations=1
[2026-10-05 04:37:18.708] [info] [candidate.cpp:199] InstancePrecompute: built 25 candidates
[2026-10-05 04:37:18.708] [info] [stationary.cpp:264] NN: cost=317.029669, feasible=true, active_stations=1
[2026-10-05 04:37:18.708] [info] [candidate.cpp:199] InstancePrecompute: built 25 candidates
[2026-10-05 04:37:18.708] [info] [stationary.cpp:264] NN: cost=222.777605, feasible=true, active_stations=1
[2026-10-05 04:37:18.708] [info] [candidate.cpp:199] InstancePrecompute: built 25 candidates
[2026-10-05 04:37:18.708] [info] [stationary.cpp:264] NN: cost=158.514835, feasible=true, active_stations=1
[2026-10-05 04:37:18.708] [info] [candidate.cpp:199] InstancePrecompute: built 25 candidates
[2026-10-05 04:37:18.708] [info] [stationary.cpp:264] NN: cost=171.367389, feasible=true, active_stations=1
[2026-10-05 04:37:18.708] [info] [candidate.cpp:199] InstancePrecompute: built 25 candidates
[2026-10-05 04:37:18.708] [info] [stationary.cpp:264] NN: cost=175.651573, feasible=true, active_stations=1
[2026-10-05 04:37:18.708] [info] [candidate.cpp:199] InstancePrecompute: built 25 candidates
[2026-10-05 04:37:18.708] [info] [stationary.cpp:264] NN: cost=222.777605, feasible=true, active_stations=1
[2026-10-05 04:37:18.708] [info] [candidate.cpp:199] InstancePrecompute: built 25 candidates
[2026-10-05 04:37:18.708] [info] [stationary.cpp:264] NN: cost=214.209236, feasible=true, active_stations=1
[2026-10-05 04:37:18.708] [info] [candidate.cpp:199] InstancePrecompute: built 25 candidates
[2026-10-05 04:37:18.708] [info] [stationary.cpp:264] NN: cost=381.292440, feasible=true, active_stations=1
[2026-10-05 04:37:18.708] [info] [candidate.cpp:199] InstancePrecompute: built 25 candidates
[2026-10-05 04:37:18.708] [info] [stationary.cpp:264] NN: cost=381.292440, feasible=true, active_stations=1
[2026-10-05 04:37:18.708] [info] [candidate.cpp:199] InstancePrecompute: built 25 candidates
[2026-10-05 04:37:18.708] [info] [stationary.cpp:264] NN: cost=312.745484, feasible=true, active_stations=1
[2026-10-05 04:37:18.708] [info] [candidate.cpp:199] InstancePrecompute: built 25 candidates
[2026-10-05 04:37:18.708] [info] [stationary.cpp:264] NN: cost=248.482714, feasible=true, active_stations=1
[2026-10-05 04:37:18.708] [info] [candidate.cpp:199] InstancePrecompute: built 25 candidates
[2026-10-05 04:37:18.708] [info] [stationary.cpp:264] NN: cost=158.514835, feasible=true, active_stations=1
[2026-10-05 04:37:18.708] [info] [candidate.cpp:199] InstancePrecompute: built 25 candidates
[2026-10-05 04:37:18.708] [info] [stationary.cpp:264] NN: cost=154.230650, feasible=true, active_stations=1
[2026-10-05 04:37:18.708] [info] [candidate.cpp:199] InstancePrecompute: built 25 candidates
[2026-10-05 04:37:18.708] [info] [stationary.cpp:264] NN: cost=317.029669, feasible=true, active_stations=1
[2026-10-05 04:37:18.708] [info] [candidate.cpp:199] InstancePrecompute: built 25 candidates
[2026-10-05 04:37:18.708] [info] [stationary.cpp:264] NN: cost=222.777605, feasible=true, active_stations=1
[2026-10-05 04:37:18.708] [info] [candidate.cpp:199] InstancePrecompute: built 25 candidates
[2026-10-05 04:37:18.708] [info] [stationary.cpp:264] NN: cost=158.514835, feasible=true, active_stations=1
[2026-10-05 04:37:18.708] [info] [candidate.cpp:199] InstancePrecompute: built 25 candidates
[2026-10-05 04:37:18.708] [info] [stationary.cpp:264] NN: cost=171.367389, feasible=true, active_stations=1
[2026-10-05 04:37:18.708] [info] [candidate.cpp:199] InstancePrecompute: built 25 candidates
[2026-10-05 04:37:18.708] [info] [stationary.cpp:264] NN: cost=175.651573, feasible=true, active_stations=1
[2026-10-05 04:37:18.708] [info] [candidate.cpp:199] InstancePrecompute: built 25 candidates
[2026-10-05 04:37:18.708] [info] [stationary.cpp:264] NN: cost=222.777605, feasible=true, active_stations=1
[2026-10-05 04:37:18.708] [info] [candidate.cpp:199] InstancePrecompute: built 25 candidates
[2026-10-05 04:37:18.708] [info] [stationary.cpp:264] NN: cost=214.209236, feasible=true, active_stations=1
[2026-10-05 04:37:18.708] [info] [candidate.cpp:199] InstancePrecompute: built 25 candidates
[2026-10-05 04:37:18.708] [info] [stationary.cpp:264] NN: cost=381.292440, feasible=true, active_stations=1
[2026-10-05 04:37:18.708] [info] [candidate.cpp:199] InstancePrecompute: built 25 candidates
[2026-10-05 04:37:18.708] [info] [stationary.cpp:264] NN: cost=381.292440, feasible=true, active_stations=1
[2026-10-05 04:37:18.708] [info] [candidate.cpp:199] InstancePrecompute: built 25 candidates
[2026-10-05 04:37:18.708] [info] [stationary.cpp:264] NN: cost=312.745484, feasible=true, active_stations=1
[2026-10-05 04:37:18.708] [info] [candidate.cpp:199] InstancePrecompute: built 25 candidates
[2026-10-05 04:37:18.708] [info] [stationary.cpp:264] NN: cost=248.482714, feasible=true, active_stations=1
[2026-10-05 04:37:18.708] [info] [candidate.cpp:199] InstancePrecompute: built 25 candidates
[2026-10-05 04:37:18.708] [info] [stationary.cpp:264] NN: cost=158.514835, feasible=true, active_stations=1
[2026-10-05 04:37:18.708] [info] [candidate.cpp:199] InstancePrecompute: built 25 candidates
[2026-10-05 04:37:18.708] [info] [stationary.cpp:264] NN: cost=154.230650, feasible=true, active_stations=1
[2026-10-05 04:37:18.708] [info] [candidate.cpp:199] InstancePrecompute: built 25 candidates
[2026-10-05 04:37:18.708] [info] [stationary.cpp:264] NN: cost=317.029669, feasible=true, active_stations=1
[2026-10-05 04:37:18.708] [info] [candidate.cpp:199] InstancePrecompute: built 25 candidates
[2026-10-05 04:37:18.708] [info] [stationary.cpp:264] NN: cost=222.777605, feasible=true, active_stations=1
[2026-10-05 04:37:18.708] [info] [candidate.cpp:199] InstancePrecompute: built 25 candidates
[2026-10-05 04:37:18.708] [info] [stationary.cpp:264] NN: cost=158.514835, feasible=true, active_stations=1
[2026-10-05 04:37:18.708] [info] [candidate.cpp:199] InstancePrecompute: built 25 candidates
[2026-10-05 04:37:18.708] [info] [stationary.cpp:264] NN: cost=171.367389, feasible=true, active_stations=1
[2026-10-05 04:37:18.708] [info] [candidate.cpp:199] InstancePrecompute: built 25 candidates
[2026-10-05 04:37:18.708] [info] [stationary.cpp:264] NN: cost=175.651573, feasible=true, active_stations=1
[2026-10-05 04:37:18.708] [info] [candidate.cpp:199] InstancePrecompute: built 25 candidates
[2026-10-05 04:37:18.708] [info] [stationary.cpp:264] NN: cost=222.777605, feasible=true, active_stations=1
[2026-10-05 04:37:18.708] [info] [candidate.cpp:199] InstancePrecompute: built 25 candidates
[2026-10-05 04:37:18.708] [info] [stationary.cpp:264] NN: cost=214.209236, feasible=true, active_stations=1
[2026-10-05 04:37:18.708] [info] [candidate.cpp:199] InstancePrecompute: built 25 candidates
[2026-10-05 04:37:18.708] [info] [stationary.cpp:264] NN: cost=381.292440, feasible=true, active_stations=1
[2026-10-05 04:37:18.708] [info] [candidate.cpp:199] InstancePrecompute: built 25 candidates
[2026-10-05 04:37:18.708] [info] [stationary.cpp:264] NN: cost=381.292440, feasible=true, active_stations=1
[2026-10-05 04:37:18.708] [info] [candidate.cpp:199] InstancePrecompute: built 25 candidates
[2026-10-05 04:37:18.708] [info] [stationary.cpp:264] NN: cost=312.745484, feasible=true, active_stations=1
[2026-10-05 04:37:18.708] [info] [candidate.cpp:199] InstancePrecompute: built 25 candidates
[2026-10-05 04:37:18.708] [info] [stationary.cpp:264] NN: cost=248.482714, feasible=true, active_stations=1
[2026-10-05 04:37:18.708] [info] [candidate.cpp:199] InstancePrecompute: built 25 candidates
[2026-10-05 04:37:18.709] [info] [stationary.cpp:264] NN: cost=158.514835, feasible=true, active_stations=1
[2026-10-05 04:37:18.709] [info] [candidate.cpp:199] InstancePrecompute: built 25 candidates
[2026-10-05 04:37:18.709] [info] [stationary.cpp:264] NN: cost=154.230650, feasible=true, active_stations=1
[2026-10-05 04:37:18.709] [info] [candidate.cpp:199] InstancePrecompute: built 25 candidates
[2026-10-05 04:37:18.709] [info] [stationary.cpp:264] NN: cost=317.029669, feasible=true, active_stations=1
[2026-10-05 04:37:18.709] [info] [candidate.cpp:199] InstancePrecompute: built 25 candidates
[2026-10-05 04:37:18.709] [info] [stationary.cpp:264] NN: cost=222.777605, feasible=true, active_stations=1
[2026-10-05 04:37:18.709] [info] [candidate.cpp:199] InstancePrecompute: built 25 candidates
[2026-10-05 04:37:18.709] [info] [stationary.cpp:264] NN: cost=158.514835, feasible=true, active_stations=1
[2026-10-05 04:37:18.709] [info] [candidate.cpp:199] InstancePrecompute: built 25 candidates
[2026-10-05 04:37:18.709] [info] [stationary.cpp:264] NN: cost=171.367389, feasible=true, active_stations=1
[2026-10-05 04:37:18.709] [info] [candidate.cpp:199] InstancePrecompute: built 25 candidates
[2026-10-05 04:37:18.709] [info] [stationary.cpp:264] NN: cost=175.651573, feasible=true, active_stations=1
[2026-10-05 04:37:18.709] [info] [candidate.cpp:199] InstancePrecompute: built 25 candidates
[2026-10-05 04:37:18.709] [info] [stationary.cpp:264] NN: cost=222.777605, feasible=true, active_stations=1
[2026-10-05 04:37:18.709] [info] [candidate.cpp:199] InstancePrecompute: built 25 candidates
[2026-10-05 04:37:18.709] [info] [stationary.cpp:264] NN: cost=214.209236, feasible=true, active_stations=1
[2026-10-05 04:37:18.709] [info] [candidate.cpp:199] InstancePrecompute: built 25 candidates
[2026-10-05 04:37:18.709] [info] [stationary.cpp:264] NN: cost=381.292440, feasible=true, active_stations=1
[2026-10-05 04:37:18.709] [info] [candidate.cpp:199] InstancePrecompute: built 25 candidates
[2026-10-05 04:37:18.709] [info] [stationary.cpp:264] NN: cost=381.292440, feasible=true, active_stations=1
[2026-10-05 04:37:18.709] [info] [candidate.cpp:199] InstancePrecompute: built 25 candidates
[2026-10-05 04:37:18.709] [info] [stationary.cpp:264] NN: cost=312.745484, feasible=true, active_stations=1
[2026-10-05 04:37:18.709] [info] [candidate.cpp:199] InstancePrecompute: built 25 candidates
[2026-10-05 04:37:18.709] [info] [stationary.cpp:264] NN: cost=248.482714, feasible=true, active_stations=1
[2026-10-05 04:37:18.709] [info] [candidate.cpp:199] InstancePrecompute: built 25 candidates
[2026-10-05 04:37:18.709] [info] [stationary.cpp:264] NN: cost=158.514835, feasible=true, active_stations=1
[2026-10-05 04:37:18.709] [info] [candidate.cpp:199] InstancePrecompute: built 25 candidates
[2026-10-05 04:37:18.709] [info] [stationary.cpp:264] NN: cost=154.230650, feasible=true, active_stations=1
[2026-10-05 04:37:18.709] [info] [candidate.cpp:199] InstancePrecompute: built 25 candidates
[2026-10-05 04:37:18.709] [info] [stationary.cpp:264] NN: cost=317.029669, feasible=true, active_stations=1
[2026-10-05 04:37:18.709] [info] [candidate.cpp:199] InstancePrecompute: built 25 candidates
[2026-10-05 04:37:18.709] [info] [stationary.cpp:264] NN: cost=222.777605, feasible=true, active_stations=1
[2026-10-05 04:37:18.709] [info] [candidate.cpp:199] InstancePrecompute: built 25 candidates
[2026-10-05 04:37:18.709] [info] [stationary.cpp:264] NN: cost=158.514835, feasible=true, active_stations=1
[2026-10-05 04:37:18.709] [info] [candidate.cpp:199] InstancePrecompute: built 25 candidates
[2026-10-05 04:37:18.709] [info] [stationary.cpp:264] NN: cost=171.367389, feasible=true, active_stations=1
[2026-10-05 04:37:18.709] [info] [candidate.cpp:199] InstancePrecompute: built 25 candidates
[2026-10-05 04:37:18.709] [info] [stationary.cpp:264] NN: cost=175.651573, feasible=true, active_stations=1
[2026-10-05 04:37:18.709] [info] [candidate.cpp:199] InstancePrecompute: built 25 candidates
[2026-10-05 04:37:18.709] [info] [stationary.cpp:264] NN: cost=222.777605, feasible=true, active_stations=1
[2026-10-05 04:37:18.709] [info] [candidate.cpp:199] InstancePrecompute: built 25 candidates
[2026-10-05 04:37:18.709] [info] [stationary.cpp:264] NN: cost=214.209236, feasible=true, active_stations=1
[2026-10-05 04:37:18.709] [info] [candidate.cpp:199] InstancePrecompute: built 25 candidates
[2026-10-05 04:37:18.709] [info] [stationary.cpp:264] NN: cost=381.292440, feasible=true, active_stations=1
[2026-10-05 04:37:18.709] [info] [candidate.cpp:199] InstancePrecompute: built 25 candidates
[2026-10-05 04:37:18.709] [info] [stationary.cpp:264] NN: cost=381.292440, feasible=true, active_stations=1
[2026-10-05 04:37:18.709] [info] [candidate.cpp:199] InstancePrecompute: built 25 candidates
[2026-10-05 04:37:18.709] [info] [stationary.cpp:264] NN: cost=312.745484, feasible=true, active_stations=1
[2026-10-05 04:37:18.709] [info] [candidate.cpp:199] InstancePrecompute: built 25 candidates
[2026-10-05 04:37:18.709] [info] [stationary.cpp:264] NN: cost=248.482714, feasible=true, active_stations=1
[2026-10-05 04:37:18.709] [info] [candidate.cpp:199] InstancePrecompute: built 25 candidates
[2026-10-05 04:37:18.709] [info] [stationary.cpp:264] NN: cost=158.514835, feasible=true, active_stations=1
[2026-10-05 04:37:18.709] [info] [candidate.cpp:199] InstancePrecompute: built 25 candidates
[2026-10-05 04:37:18.709] [info] [stationary.cpp:264] NN: cost=154.230650, feasible=true, active_stations=1
[2026-10-05 04:37:18.709] [info] [candidate.cpp:199] InstancePrecompute: built 25 candidates
[2026-10-05 04:37:18.709] [info] [stationary.cpp:264] NN: cost=317.029669, feasible=true, active_stations=1
[2026-10-05 04:37:18.709] [info] [candidate.cpp:199] InstancePrecompute: built 25 candidates
[2026-10-05 04:37:18.709] [info] [stationary.cpp:264] NN: cost=222.777605, feasible=true, active_stations=1
[2026-10-05 04:37:18.709] [info] [candidate.cpp:199] InstancePrecompute: built 25 candidates
[2026-10-05 04:37:18.709] [info] [stationary.cpp:264] NN: cost=158.514835, feasible=true, active_stations=1
[2026-10-05 04:37:18.709] [info] [candidate.cpp:199] InstancePrecompute: built 25 candidates
[2026-10-05 04:37:18.709] [info] [stationary.cpp:264] NN: cost=171.367389, feasible=true, active_stations=1
[2026-10-05 04:37:18.709] [info] [candidate.cpp:199] InstancePrecompute: built 25 candidates
[2026-10-05 04:37:18.709] [info] [stationary.cpp:264] NN: cost=175.651573, feasible=true, active_stations=1
[2026-10-05 04:37:18.709] [info] [candidate.cpp:199] InstancePrecompute: built 25 candidates
[2026-10-05 04:37:18.709] [info] [stationary.cpp:264] NN: cost=222.777605, feasible=true, active_stations=1
[2026-10-05 04:37:18.709] [info] [candidate.cpp:199] InstancePrecompute: built 25 candidates
[2026-10-05 04:37:18.709] [info] [stationary.cpp:264] NN: cost=214.209236, feasible=true, active_stations=1
[2026-10-05 04:37:18.709] [info] [candidate.cpp:199] InstancePrecompute: built 25 candidates
[2026-10-05 04:37:18.709] [info] [stationary.cpp:264] NN: cost=381.292440, feasible=true, active_stations=1
[2026-10-05 04:37:18.709] [info] [candidate.cpp:199] InstancePrecompute: built 25 candidates
[2026-10-05 04:37:18.709] [info] [stationary.cpp:264] NN: cost=381.292440, feasible=true, active_stations=1
[2026-10-05 04:37:18.709] [info] [candidate.cpp:199] InstancePrecompute: built 25 candidates
[2026-10-05 04:37:18.709] [info] [stationary.cpp:264] NN: cost=312.745484, feasible=true, active_stations=1
[2026-10-05 04:37:18.709] [info] [candidate.cpp:199] InstancePrecompute: built 25 candidates
[2026-10-05 04:37:18.709] [info] [stationary.cpp:264] NN: cost=248.482714, feasible=true, active_stations=1
[2026-10-05 04:37:18.709] [info] [candidate.cpp:199] InstancePrecompute: built 25 candidates
[2026-10-05 04:37:18.709] [info] [stationary.cpp:264] NN: cost=158.514835, feasible=true, active_stations=1
[2026-10-05 04:37:18.709] [info] [candidate.cpp:199] InstancePrecompute: built 25 candidates
[2026-10-05 04:37:18.709] [info] [stationary.cpp:264] NN: cost=154.230650, feasible=true, active_stations=1
[2026-10-05 04:37:18.709] [info] [candidate.cpp:199] InstancePrecompute: built 25 candidates
[2026-10-05 04:37:18.709] [info] [stationary.cpp:264] NN: cost=317.029669, feasible=true, active_stations=1
[2026-10-05 04:37:18.709] [info] [candidate.cpp:199] InstancePrecompute: built 25 candidates
[2026-10-05 04:37:18.709] [info] [stationary.cpp:264] NN: cost=222.777605, feasible=true, active_stations=1
[2026-10-05 04:37:18.709] [info] [candidate.cpp:199] InstancePrecompute: built 25 candidates
[2026-10-05 04:37:18.709] [info] [stationary.cpp:264] NN: cost=158.514835, feasible=true, active_stations=1
[2026-10-05 04:37:18.709] [info] [candidate.cpp:199] InstancePrecompute: built 25 candidates
[2026-10-05 04:37:18.709] [info] [stationary.cpp:264] NN: cost=171.367389, feasible=true, active_stations=1
[2026-10-05 04:37:18.709] [info] [candidate.cpp:199] InstancePrecompute: built 25 candidates
[2026-10-05 04:37:18.709] [info] [stationary.cpp:264] NN: cost=175.651573, feasible=true, active_stations=1
[2026-10-05 04:37:18.709] [info] [candidate.cpp:199] InstancePrecompute: built 25 candidates
[2026-10-05 04:37:18.709] [info] [stationary.cpp:264] NN: cost=222.777605, feasible=true, active_stations=1
[2026-10-05 04:37:18.709] [info] [candidate.cpp:199] InstancePrecompute: built 25 candidates
[2026-10-05 04:37:18.709] [info] [stationary.cpp:264] NN: cost=214.209236, feasible=true, active_stations=1
[2026-10-05 04:37:18.709] [info] [candidate.cpp:199] InstancePrecompute: built 25 candidates
[2026-10-05 04:37:18.709] [info] [stationary.cpp:264] NN: cost=381.292440, feasible=true, active_stations=1
[2026-10-05 04:37:18.709] [info] [candidate.cpp:199] InstancePrecompute: built 25 candidates
[2026-10-05 04:37:18.709] [info] [stationary.cpp:264] NN: cost=381.292440, feasible=true, active_stations=1
[2026-10-05 04:37:18.709] [info] [candidate.cpp:199] InstancePrecompute: built 25 candidates
[2026-10-05 04:37:18.709] [info] [stationary.cpp:264] NN: cost=312.745484, feasible=true, active_stations=1
[2026-10-05 04:37:18.709] [info] [candidate.cpp:199] InstancePrecompute: built 25 candidates
[2026-10-05 04:37:18.709] [info] [stationary.cpp:264] NN: cost=248.482714, feasible=true, active_stations=1
[2026-10-05 04:37:18.709] [info] [candidate.cpp:199] InstancePrecompute: built 25 candidates
[2026-10-05 04:37:18.709] [info] [stationary.cpp:264] NN: cost=158.514835, feasible=true, active_stations=1
[2026-10-05 04:37:18.709] [info] [candidate.cpp:199] InstancePrecompute: built 25 candidates
[2026-10-05 04:37:18.709] [info] [stationary.cpp:264] NN: cost=154.230650, feasible=true, active_stations=1
[2026-10-05 04:37:18.709] [info] [candidate.cpp:199] InstancePrecompute: built 25 candidates
[2026-10-05 04:37:18.709] [info] [stationary.cpp:264] NN: cost=317.029669, feasible=true, active_stations=1
[2026-10-05 04:37:18.709] [info] [candidate.cpp:199] InstancePrecompute: built 25 candidates
[2026-10-05 04:37:18.709] [info] [stationary.cpp:264] NN: cost=222.777605, feasible=true, active_stations=1
[2026-10-05 04:37:18.709] [info] [candidate.cpp:199] InstancePrecompute: built 25 candidates
[2026-10-05 04:37:18.709] [info] [stationary.cpp:264] NN: cost=158.514835, feasible=true, active_stations=1
[2026-10-05 04:37:18.709] [info] [candidate.cpp:199] InstancePrecompute: built 25 candidates
[2026-10-05 04:37:18.709] [info] [stationary.cpp:264] NN: cost=171.367389, feasible=true, active_stations=1
[2026-10-05 04:37:18.709] [info] [candidate.cpp:199] InstancePrecompute: built 25 candidates
[2026-10-05 04:37:18.709] [info] [stationary.cpp:264] NN: cost=175.651573, feasible=true, active_stations=1
[2026-10-05 04:37:18.709] [info] [candidate.cpp:199] InstancePrecompute: built 25 candidates
[2026-10-05 04:37:18.709] [info] [stationary.cpp:264] NN: cost=222.777605, feasible=true, active_stations=1
[2026-10-05 04:37:18.709] [info] [candidate.cpp:199] InstancePrecompute: built 25 candidates
[2026-10-05 04:37:18.709] [info] [stationary.cpp:264] NN: cost=214.209236, feasible=true, active_stations=1
[2026-10-05 04:37:18.709] [info] [candidate.cpp:199] InstancePrecompute: built 25 candidates
[2026-10-05 04:37:18.709] [info] [stationary.cpp:264] NN: cost=381.292440, feasible=true, active_stations=1
[2026-10-05 04:37:18.709] [info] [candidate.cpp:199] InstancePrecompute: built 25 candidates
[2026-10-05 04:37:18.709] [info] [stationary.cpp:264] NN: cost=381.292440, feasible=true, active_stations=1
[2026-10-05 04:37:18.709] [info] [candidate.cpp:199] InstancePrecompute: built 25 candidates
[2026-10-05 04:37:18.709] [info] [stationary.cpp:264] NN: cost=312.745484, feasible=true, active_stations=1
[2026-10-05 04:37:18.709] [info] [candidate.cpp:199] InstancePrecompute: built 25 candidates
[2026-10-05 04:37:18.709] [info] [stationary.cpp:264] NN: cost=248.482714, feasible=true, active_stations=1
[2026-10-05 04:37:18.709] [info] [candidate.cpp:199] InstancePrecompute: built 25 candidates
[2026-10-05 04:37:18.709] [info] [stationary.cpp:264] NN: cost=158.514835, feasible=true, active_stations=1
[2026-10-05 04:37:18.709] [info] [candidate.cpp:199] InstancePrecompute: built 25 candidates
[2026-10-05 04:37:18.709] [info] [stationary.cpp:264] NN: cost=154.230650, feasible=true, active_stations=1
[2026-10-05 04:37:18.709] [info] [candidate.cpp:199] InstancePrecompute: built 25 candidates
[2026-10-05 04:37:18.709] [info] [stationary.cpp:264] NN: cost=317.029669, feasible=true, active_stations=1
[2026-10-05 04:37:18.709] [info] [candidate.cpp:199] InstancePrecompute: built 25 candidates
[2026-10-05 04:37:18.709] [info] [stationary.cpp:264] NN: cost=222.777605, feasible=true, active_stations=1
[2026-10-05 04:37:18.709] [info] [candidate.cpp:199] InstancePrecompute: built 25 candidates
[2026-10-05 04:37:18.709] [info] [stationary.cpp:264] NN: cost=158.514835, feasible=true, active_stations=1
[2026-10-05 04:37:18.709] [info] [candidate.cpp:199] InstancePrecompute: built 25 candidates
[2026-10-05 04:37:18.709] [info] [stationary.cpp:264] NN: cost=171.367389, feasible=true, active_stations=1
[2026-10-05 04:37:18.709] [info] [candidate.cpp:199] InstancePrecompute: built 25 candidates
[2026-10-05 04:37:18.709] [info] [stationary.cpp:264] NN: cost=175.651573, feasible=true, active_stations=1
[2026-10-05 04:37:18.709] [info] [candidate.cpp:199] InstancePrecompute: built 25 candidates
[2026-10-05 04:37:18.709] [info] [stationary.cpp:264] NN: cost=222.777605, feasible=true, active_stations=1
[2026-10-05 04:37:18.709] [info] [candidate.cpp:199] InstancePrecompute: built 25 candidates
[2026-10-05 04:37:18.709] [info] [stationary.cpp:264] NN: cost=214.209236, feasible=true, active_stations=1
[2026-10-05 04:37:18.709] [info] [candidate.cpp:199] InstancePrecompute: built 25 candidates
[2026-10-05 04:37:18.709] [info] [stationary.cpp:264] NN: cost=381.292440, feasible=true, active_stations=1
[2026-10-05 04:37:18.709] [info] [candidate.cpp:199] InstancePrecompute: built 25 candidates
[2026-10-05 04:37:18.709] [info] [stationary.cpp:264] NN: cost=381.292440, feasible=true, active_stations=1
[2026-10-05 04:37:18.709] [info] [candidate.cpp:199] InstancePrecompute: built 25 candidates
[2026-10-05 04:37:18.709] [info] [stationary.cpp:264] NN: cost=312.745484, feasible=true, active_stations=1
[2026-10-05 04:37:18.709] [info] [candidate.cpp:199] InstancePrecompute: built 25 candidates
[2026-10-05 04:37:18.709] [info] [stationary.cpp:264] NN: cost=248.482714, feasible=true, active_stations=1
[2026-10-05 04:37:18.709] [info] [candidate.cpp:199] InstancePrecompute: built 25 candidates
[2026-10-05 04:37:18.709] [info] [stationary.cpp:264] NN: cost=158.514835, feasible=true, active_stations=1
[2026-10-05 04:37:18.709] [info] [candidate.cpp:199] InstancePrecompute: built 25 candidates
[2026-10-05 04:37:18.709] [info] [stationary.cpp:264] NN: cost=154.230650, feasible=true, active_stations=1
[2026-10-05 04:37:18.709] [info] [candidate.cpp:199] InstancePrecompute: built 25 candidates
[2026-10-05 04:37:18.709] [info] [stationary.cpp:264] NN: cost=317.029669, feasible=true, active_stations=1
[2026-10-05 04:37:18.709] [info] [candidate.cpp:199] InstancePrecompute: built 25 candidates
[2026-10-05 04:37:18.709] [info] [stationary.cpp:264] NN: cost=222.777605, feasible=true, active_stations=1
[2026-10-05 04:37:18.709] [info] [candidate.cpp:199] InstancePrecompute: built 25 candidates
[2026-10-05 04:37:18.709] [info] [stationary.cpp:264] NN: cost=158.514835, feasible=true, active_stations=1
[2026-10-05 04:37:18.709] [info] [candidate.cpp:199] InstancePrecompute: built 25 candidates
[2026-10-05 04:37:18.709] [info] [stationary.cpp:264] NN: cost=171.367389, feasible=true, active_stations=1
[2026-10-05 04:37:18.709] [info] [candidate.cpp:199] InstancePrecompute: built 25 candidates
[2026-10-05 04:37:18.709] [info] [stationary.cpp:264] NN: cost=175.651573, feasible=true, active_stations=1
[2026-10-05 04:37:18.709] [info] [candidate.cpp:199] InstancePrecompute: built 25 candidates
[2026-10-05 04:37:18.709] [info] [stationary.cpp:264] NN: cost=222.777605, feasible=true, active_stations=1
[2026-10-05 04:37:18.709] [info] [candidate.cpp:199] InstancePrecompute: built 25 candidates
[2026-10-05 04:37:18.709] [info] [stationary.cpp:264] NN: cost=214.209236, feasible=true, active_stations=1
[2026-10-05 04:37:18.709] [info] [candidate.cpp:199] InstancePrecompute: built 25 candidates
[2026-10-05 04:37:18.709] [info] [stationary.cpp:264] NN: cost=381.292440, feasible=true, active_stations=1
[2026-10-05 04:37:18.709] [info] [candidate.cpp:199] InstancePrecompute: built 25 candidates
[2026-10-05 04:37:18.709] [info] [stationary.cpp:264] NN: cost=381.292440, feasible=true, active_stations=1
[2026-10-05 04:37:18.709] [info] [candidate.cpp:199] InstancePrecompute: built 25 candidates
[2026-10-05 04:37:18.709] [info] [stationary.cpp:264] NN: cost=312.745484, feasible=true, active_stations=1
[2026-10-05 04:37:18.709] [info] [candidate.cpp:199] InstancePrecompute: built 25 candidates
[2026-10-05 04:37:18.709] [info] [stationary.cpp:264] NN: cost=248.482714, feasible=true, active_stations=1
[2026-10-05 04:37:18.709] [info] [candidate.cpp:199] InstancePrecompute: built 25 candidates
[2026-10-05 04:37:18.709] [info] [stationary.cpp:264] NN: cost=158.514835, feasible=true, active_stations=1
[2026-10-05 04:37:18.709] [info] [candidate.cpp:199] InstancePrecompute: built 25 candidates
[2026-10-05 04:37:18.709] [info] [stationary.cpp:264] NN: cost=154.230650, feasible=true, active_stations=1
[2026-10-05 04:37:18.709] [info] [candidate.cpp:199] InstancePrecompute: built 25 candidates
[2026-10-05 04:37:18.709] [info] [stationary.cpp:264] NN: cost=317.029669, feasible=true, active_stations=1
[2026-10-05 04:37:18.709] [info] [candidate.cpp:199] InstancePrecompute: built 25 candidates
[2026-10-05 04:37:18.709] [info] [stationary.cpp:264] NN: cost=222.777605, feasible=true, active_stations=1
[2026-10-05 04:37:18.709] [info] [candidate.cpp:199] InstancePrecompute: built 25 candidates
[2026-10-05 04:37:18.709] [info] [stationary.cpp:264] NN: cost=158.514835, feasible=true, active_stations=1
[2026-10-05 04:37:18.709] [info] [candidate.cpp:199] InstancePrecompute: built 25 candidates
[2026-10-05 04:37:18.709] [info] [stationary.cpp:264] NN: cost=171.367389, feasible=true, active_stations=1
[2026-10-05 04:37:18.709] [info] [candidate.cpp:199] InstancePrecompute: built 25 candidates
[2026-10-05 04:37:18.709] [info] [stationary.cpp:264] NN: cost=175.651573, feasible=true, active_stations=1
[2026-10-05 04:37:18.709] [info] [candidate.cpp:199] InstancePrecompute: built 25 candidates
[2026-10-05 04:37:18.709] [info] [stationary.cpp:264] NN: cost=222.777605, feasible=true, active_stations=1
[2026-10-05 04:37:18.709] [info] [candidate.cpp:199] InstancePrecompute: built 25 candidates
[2026-10-05 04:37:18.709] [info] [stationary.cpp:264] NN: cost=214.209236, feasible=true, active_stations=1
[2026-10-05 04:37:18.709] [info] [candidate.cpp:199] InstancePrecompute: built 25 candidates
[2026-10-05 04:37:18.709] [info] [stationary.cpp:264] NN: cost=381.292440, feasible=true, active_stations=1
[2026-10-05 04:37:18.709] [info] [candidate.cpp:199] InstancePrecompute: built 25 candidates
[2026-10-05 04:37:18.709] [info] [stationary.cpp:264] NN: cost=381.292440, feasible=true, active_stations=1
[2026-10-05 04:37:18.709] [info] [candidate.cpp:199] InstancePrecompute: built 25 candidates
[2026-10-05 04:37:18.709] [info] [stationary.cpp:264] NN: cost=312.745484, feasible=true, active_stations=1
[2026-10-05 04:37:18.709] [info] [candidate.cpp:199] InstancePrecompute: built 25 candidates
[2026-10-05 04:37:18.709] [info] [stationary.cpp:264] NN: cost=248.482714, feasible=true, active_stations=1
[2026-10-05 04:37:18.709] [info] [candidate.cpp:199] InstancePrecompute: built 25 candidates
[2026-10-05 04:37:18.709] [info] [stationary.cpp:264] NN: cost=158.514835, feasible=true, active_stations=1
[2026-10-05 04:37:18.709] [info] [candidate.cpp:199] InstancePrecompute: built 25 candidates
[2026-10-05 04:37:18.709] [info] [stationary.cpp:264] NN: cost=154.230650, feasible=true, active_stations=1
[2026-10-05 04:37:18.709] [info] [candidate.cpp:199] InstancePrecompute: built 25 candidates
[2026-10-05 04:37:18.709] [info] [stationary.cpp:264] NN: cost=317.029669, feasible=true, active_stations=1
[2026-10-05 04:37:18.709] [info] [candidate.cpp:199] InstancePrecompute: built 25 candidates
[2026-10-05 04:37:18.709] [info] [stationary.cpp:264] NN: cost=222.777605, feasible=true, active_stations=1
[2026-10-05 04:37:18.709] [info] [candidate.cpp:199] InstancePrecompute: built 25 candidates
[2026-10-05 04:37:18.709] [info] [stationary.cpp:264] NN: cost=158.514835, feasible=true, active_stations=1
[2026-10-05 04:37:18.709] [info] [candidate.cpp:199] InstancePrecompute: built 25 candidates
[2026-10-05 04:37:18.709] [info] [stationary.cpp:264] NN: cost=171.367389, feasible=true, active_stations=1
[2026-10-05 04:37:18.709] [info] [candidate.cpp:199] InstancePrecompute: built 25 candidates
[2026-10-05 04:37:18.709] [info] [stationary.cpp:264] NN: cost=175.651573, feasible=true, active_stations=1
[2026-10-05 04:37:18.709] [info] [candidate.cpp:199] InstancePrecompute: built 25 candidates
[2026-10-05 04:37:18.709] [info] [stationary.cpp:264] NN: cost=222.777605, feasible=true, active_stations=1
[2026-10-05 04:37:18.709] [info] [candidate.cpp:199] InstancePrecompute: built 25 candidates
[2026-10-05 04:37:18.709] [info] [stationary.cpp:264] NN: cost=214.209236, feasible=true, active_stations=1
[2026-10-05 04:37:18.709] [info] [candidate.cpp:199] InstancePrecompute: built 25 candidates
[2026-10-05 04:37:18.709] [info] [stationary.cpp:264] NN: cost=381.292440, feasible=true, active_stations=1
[2026-10-05 04:37:18.709] [info] [candidate.cpp:199] InstancePrecompute: built 25 candidates
[2026-10-05 04:37:18.709] [info] [stationary.cpp:264] NN: cost=381.292440, feasible=true, active_stations=1
[2026-10-05 04:37:18.709] [info] [candidate.cpp:199] InstancePrecompute: built 25 candidates
[2026-10-05 04:37:18.709] [info] [stationary.cpp:264] NN: cost=312.745484, feasible=true, active_stations=1
[2026-10-05 04:37:18.709] [info] [candidate.cpp:199] InstancePrecompute: built 25 candidates
[2026-10-05 04:37:18.709] [info] [stationary.cpp:264] NN: cost=248.482714, feasible=true, active_stations=1
[2026-10-05 04:37:18.709] [info] [candidate.cpp:199] InstancePrecompute: built 25 candidates
[2026-10-05 04:37:18.709] [info] [stationary.cpp:264] NN: cost=158.514835, feasible=true, active_stations=1
[2026-10-05 04:37:18.709] [info] [candidate.cpp:199] InstancePrecompute: built 25 candidates
[2026-10-05 04:37:18.709] [info] [stationary.cpp:264] NN: cost=154.230650, feasible=true, active_stations=1
[2026-10-05 04:37:18.709] [info] [candidate.cpp:199] InstancePrecompute: built 25 candidates
[2026-10-05 04:37:18.709] [info] [stationary.cpp:264] NN: cost=317.029669, feasible=true, active_stations=1
[2026-10-05 04:37:18.709] [info] [candidate.cpp:199] InstancePrecompute: built 25 candidates
[2026-10-05 04:37:18.709] [info] [stationary.cpp:264] NN: cost=222.777605, feasible=true, active_stations=1
[2026-10-05 04:37:18.709] [info] [candidate.cpp:199] InstancePrecompute: built 25 candidates
[2026-10-05 04:37:18.709] [info] [stationary.cpp:264] NN: cost=158.514835, feasible=true, active_stations=1
[2026-10-05 04:37:18.709] [info] [candidate.cpp:199] InstancePrecompute: built 25 candidates
[2026-10-05 04:37:18.709] [info] [stationary.cpp:264] NN: cost=171.367389, feasible=true, active_stations=1
[2026-10-05 04:37:18.709] [info] [candidate.cpp:199] InstancePrecompute: built 25 candidates
[2026-10-05 04:37:18.709] [info] [stationary.cpp:264] NN: cost=175.651573, feasible=true, active_stations=1
[2026-10-05 04:37:18.709] [info] [candidate.cpp:199] InstancePrecompute: built 25 candidates
[2026-10-05 04:37:18.709] [info] [stationary.cpp:264] NN: cost=222.777605, feasible=true, active_stations=1
[2026-10-05 04:37:18.709] [info] [candidate.cpp:199] InstancePrecompute: built 25 candidates
[2026-10-05 04:37:18.709] [info] [stationary.cpp:264] NN: cost=214.209236, feasible=true, active_stations=1
[2026-10-05 04:37:18.709] [info] [candidate.cpp:199] InstancePrecompute: built 25 candidates
[2026-10-05 04:37:18.709] [info] [stationary.cpp:264] NN: cost=381.292440, feasible=true, active_stations=1
[2026-10-05 04:37:18.709] [info] [candidate.cpp:199] InstancePrecompute: built 25 candidates
[2026-10-05 04:37:18.709] [info] [stationary.cpp:264] NN: cost=381.292440, feasible=true, active_stations=1
[2026-10-05 04:37:18.709] [info] [candidate.cpp:199] InstancePrecompute: built 25 candidates
[2026-10-05 04:37:18.709] [info] [stationary.cpp:264] NN: cost=248.482714, feasible=true, active_stations=1
[2026-10-05 04:37:18.709] [info] [candidate.cpp:199] InstancePrecompute: built 25 candidates
[2026-10-05 04:37:18.709] [info] [stationary.cpp:264] NN: cost=158.514835, feasible=true, active_stations=1
[2026-10-05 04:37:18.709] [info] [candidate.cpp:199] InstancePrecompute: built 25 candidates
[2026-10-05 04:37:18.709] [info] [stationary.cpp:264] NN: cost=312.745484, feasible=true, active_stations=1
[2026-10-05 04:37:18.709] [info] [candidate.cpp:199] InstancePrecompute: built 25 candidates
[2026-10-05 04:37:18.709] [info] [stationary.cpp:264] NN: cost=154.230650, feasible=true, active_stations=1
[2026-10-05 04:37:18.709] [info] [candidate.cpp:199] InstancePrecompute: built 25 candidates
[2026-10-05 04:37:18.709] [info] [stationary.cpp:264] NN: cost=317.029669, feasible=true, active_stations=1
[2026-10-05 04:37:18.709] [info] [candidate.cpp:199] InstancePrecompute: built 25 candidates
[2026-10-05 04:37:18.709] [info] [stationary.cpp:264] NN: cost=222.777605, feasible=true, active_stations=1
[2026-10-05 04:37:18.709] [info] [candidate.cpp:199] InstancePrecompute: built 25 candidates
[2026-10-05 04:37:18.709] [info] [stationary.cpp:264] NN: cost=158.514835, feasible=true, active_stations=1
[2026-10-05 04:37:18.709] [info] [candidate.cpp:199] InstancePrecompute: built 25 candidates
[2026-10-05 04:37:18.709] [info] [stationary.cpp:264] NN: cost=171.367389, feasible=true, active_stations=1
[2026-10-05 04:37:18.709] [info] [candidate.cpp:199] InstancePrecompute: built 25 candidates
[2026-10-05 04:37:18.709] [info] [stationary.cpp:264] NN: cost=175.651573, feasible=true, active_stations=1
[2026-10-05 04:37:18.709] [info] [candidate.cpp:199] InstancePrecompute: built 25 candidates
[2026-10-05 04:37:18.709] [info] [stationary.cpp:264] NN: cost=222.777605, feasible=true, active_stations=1
[2026-10-05 04:37:18.709] [info] [candidate.cpp:199] InstancePrecompute: built 25 candidates
[2026-10-05 04:37:18.709] [info] [stationary.cpp:264] NN: cost=214.209236, feasible=true, active_stations=1
[2026-10-05 04:37:18.709] [info] [candidate.cpp:199] InstancePrecompute: built 25 candidates
[2026-10-05 04:37:18.709] [info] [stationary.cpp:264] NN: cost=381.292440, feasible=true, active_stations=1
[2026-10-05 04:37:18.709] [info] [candidate.cpp:199] InstancePrecompute: built 25 candidates
[2026-10-05 04:37:18.709] [info] [stationary.cpp:264] NN: cost=381.292440, feasible=true, active_stations=1
[2026-10-05 04:37:18.709] [info] [candidate.cpp:199] InstancePrecompute: built 25 candidates
[2026-10-05 04:37:18.709] [info] [stationary.cpp:264] NN: cost=248.482714, feasible=true, active_stations=1
[2026-10-05 04:37:18.709] [info] [candidate.cpp:199] InstancePrecompute: built 25 candidates
[2026-10-05 04:37:18.709] [info] [stationary.cpp:264] NN: cost=158.514835, feasible=true, active_stations=1
[2026-10-05 04:37:18.709] [info] [candidate.cpp:199] InstancePrecompute: built 25 candidates
[2026-10-05 04:37:18.709] [info] [stationary.cpp:264] NN: cost=312.745484, feasible=true, active_stations=1
[2026-10-05 04:37:18.709] [info] [candidate.cpp:199] InstancePrecompute: built 25 candidates
[2026-10-05 04:37:18.709] [info] [stationary.cpp:264] NN: cost=154.230650, feasible=true, active_stations=1
[2026-10-05 04:37:18.709] [info] [candidate.cpp:199] InstancePrecompute: built 25 candidates
[2026-10-05 04:37:18.709] [info] [stationary.cpp:264] NN: cost=317.029669, feasible=true, active_stations=1
[2026-10-05 04:37:18.709] [info] [candidate.cpp:199] InstancePrecompute: built 25 candidates
[2026-10-05 04:37:18.709] [info] [stationary.cpp:264] NN: cost=222.777605, feasible=true, active_stations=1
[2026-10-05 04:37:18.709] [info] [candidate.cpp:199] InstancePrecompute: built 25 candidates
[2026-10-05 04:37:18.710] [info] [stationary.cpp:264] NN: cost=158.514835, feasible=true, active_stations=1
[2026-10-05 04:37:18.710] [info] [candidate.cpp:199] InstancePrecompute: built 25 candidates
[2026-10-05 04:37:18.710] [info] [stationary.cpp:264] NN: cost=171.367389, feasible=true, active_stations=1
[2026-10-05 04:37:18.710] [info] [candidate.cpp:199] InstancePrecompute: built 25 candidates
[2026-10-05 04:37:18.710] [info] [stationary.cpp:264] NN: cost=175.651573, feasible=true, active_stations=1
[2026-10-05 04:37:18.710] [info] [candidate.cpp:199] InstancePrecompute: built 25 candidates
[2026-10-05 04:37:18.710] [info] [stationary.cpp:264] NN: cost=222.777605, feasible=true, active_stations=1
[2026-10-05 04:37:18.710] [info] [candidate.cpp:199] InstancePrecompute: built 25 candidates
[2026-10-05 04:37:18.710] [info] [stationary.cpp:264] NN: cost=214.209236, feasible=true, active_stations=1
[2026-10-05 04:37:18.710] [info] [candidate.cpp:199] InstancePrecompute: built 25 candidates
[2026-10-05 04:37:18.710] [info] [stationary.cpp:264] NN: cost=381.292440, feasible=true, active_stations=1
[2026-10-05 04:37:18.710] [info] [candidate.cpp:199] InstancePrecompute: built 25 candidates
[2026-10-05 04:37:18.710] [info] [stationary.cpp:264] NN: cost=381.292440, feasible=true, active_stations=1
[2026-10-05 04:37:18.710] [info] [candidate.cpp:199] InstancePrecompute: built 25 candidates
[2026-10-05 04:37:18.710] [info] [stationary.cpp:264] NN: cost=248.482714, feasible=true, active_stations=1
[2026-10-05 04:37:18.710] [info] [candidate.cpp:199] InstancePrecompute: built 25 candidates
[2026-10-05 04:37:18.710] [info] [stationary.cpp:264] NN: cost=158.514835, feasible=true, active_stations=1
[2026-10-05 04:37:18.710] [info] [candidate.cpp:199] InstancePrecompute: built 25 candidates
[2026-10-05 04:37:18.710] [info] [stationary.cpp:264] NN: cost=312.745484, feasible=true, active_stations=1
[2026-10-05 04:37:18.710] [info] [candidate.cpp:199] InstancePrecompute: built 25 candidates
[2026-10-05 04:37:18.710] [info] [stationary.cpp:264] NN: cost=154.230650, feasible=true, active_stations=1
[2026-10-05 04:37:18.710] [info] [candidate.cpp:199] InstancePrecompute: built 25 candidates
[2026-10-05 04:37:18.710] [info] [stationary.cpp:264] NN: cost=317.029669, feasible=true, active_stations=1
[2026-10-05 04:37:18.710] [info] [candidate.cpp:199] InstancePrecompute: built 25 candidates
[2026-10-05 04:37:18.710] [info] [stationary.cpp:264] NN: cost=222.777605, feasible=true, active_stations=1
[2026-10-05 04:37:18.710] [info] [candidate.cpp:199] InstancePrecompute: built 25 candidates
[2026-10-05 04:37:18.710] [info] [stationary.cpp:264] NN: cost=158.514835, feasible=true, active_stations=1
[2026-10-05 04:37:18.710] [info] [candidate.cpp:199] InstancePrecompute: built 25 candidates
[2026-10-05 04:37:18.710] [info] [stationary.cpp:264] NN: cost=171.367389, feasible=true, active_stations=1
[2026-10-05 04:37:18.710] [info] [candidate.cpp:199] InstancePrecompute: built 25 candidates
[2026-10-05 04:37:18.710] [info] [stationary.cpp:264] NN: cost=175.651573, feasible=true, active_stations=1
[2026-10-05 04:37:18.710] [info] [candidate.cpp:199] InstancePrecompute: built 25 candidates
[2026-10-05 04:37:18.710] [info] [stationary.cpp:264] NN: cost=222.777605, feasible=true, active_stations=1
[2026-10-05 04:37:18.710] [info] [candidate.cpp:199] InstancePrecompute: built 25 candidates
[2026-10-05 04:37:18.710] [info] [stationary.cpp:264] NN: cost=214.209236, feasible=true, active_stations=1
[2026-10-05 04:37:18.710] [info] [candidate.cpp:199] InstancePrecompute: built 25 candidates
[2026-10-05 04:37:18.710] [info] [stationary.cpp:264] NN: cost=381.292440, feasible=true, active_stations=1
[2026-10-05 04:37:18.710] [info] [candidate.cpp:199] InstancePrecompute: built 25 candidates
[2026-10-05 04:37:18.710] [info] [stationary.cpp:264] NN: cost=381.292440, feasible=true, active_stations=1
[2026-10-05 04:37:18.710] [info] [candidate.cpp:199] InstancePrecompute: built 25 candidates
[2026-10-05 04:37:18.710] [info] [stationary.cpp:264] NN: cost=248.482714, feasible=true, active_stations=1
[2026-10-05 04:37:18.710] [info] [candidate.cpp:199] InstancePrecompute: built 25 candidates
[2026-10-05 04:37:18.710] [info] [stationary.cpp:264] NN: cost=158.514835, feasible=true, active_stations=1
[2026-10-05 04:37:18.710] [info] [candidate.cpp:199] InstancePrecompute: built 25 candidates
[2026-10-05 04:37:18.710] [info] [stationary.cpp:264] NN: cost=312.745484, feasible=true, active_stations=1
[2026-10-05 04:37:18.710] [info] [candidate.cpp:199] InstancePrecompute: built 25 candidates
[2026-10-05 04:37:18.710] [info] [stationary.cpp:264] NN: cost=154.230650, feasible=true, active_stations=1
[2026-10-05 04:37:18.710] [info] [candidate.cpp:199] InstancePrecompute: built 25 candidates
[2026-10-05 04:37:18.710] [info] [stationary.cpp:264] NN: cost=317.029669, feasible=true, active_stations=1
[2026-10-05 04:37:18.710] [info] [candidate.cpp:199] InstancePrecompute: built 25 candidates
[2026-10-05 04:37:18.710] [info] [stationary.cpp:264] NN: cost=222.777605, feasible=true, active_stations=1
[2026-10-05 04:37:18.710] [info] [candidate.cpp:199] InstancePrecompute: built 25 candidates
[2026-10-05 04:37:18.710] [info] [stationary.cpp:264] NN: cost=158.514835, feasible=true, active_stations=1
[2026-10-05 04:37:18.710] [info] [candidate.cpp:199] InstancePrecompute: built 25 candidates
[2026-10-05 04:37:18.710] [info] [stationary.cpp:264] NN: cost=171.367389, feasible=true, active_stations=1
[2026-10-05 04:37:18.710] [info] [candidate.cpp:199] InstancePrecompute: built 25 candidates
[2026-10-05 04:37:18.710] [info] [stationary.cpp:264] NN: cost=175.651573, feasible=true, active_stations=1
[2026-10-05 04:37:18.710] [info] [candidate.cpp:199] InstancePrecompute: built 25 candidates
[2026-10-05 04:37:18.710] [info] [stationary.cpp:264] NN: cost=222.777605, feasible=true, active_stations=1
[2026-10-05 04:37:18.710] [info] [candidate.cpp:199] InstancePrecompute: built 25 candidates
[2026-10-05 04:37:18.710] [info] [stationary.cpp:264] NN: cost=214.209236, feasible=true, active_stations=1
[2026-10-05 04:37:18.710] [info] [candidate.cpp:199] InstancePrecompute: built 25 candidates
[2026-10-05 04:37:18.710] [info] [stationary.cpp:264] NN: cost=381.292440, feasible=true, active_stations=1
[2026-10-05 04:37:18.710] [info] [candidate.cpp:199] InstancePrecompute: built 25 candidates
[2026-10-05 04:37:18.710] [info] [stationary.cpp:264] NN: cost=381.292440, feasible=true, active_stations=1
[2026-10-05 04:37:18.710] [info] [candidate.cpp:199] InstancePrecompute: built 25 candidates
[2026-10-05 04:37:18.710] [info] [stationary.cpp:264] NN: cost=248.482714, feasible=true, active_stations=1
[2026-10-05 04:37:18.710] [info] [candidate.cpp:199] InstancePrecompute: built 25 candidates
[2026-10-05 04:37:18.710] [info] [stationary.cpp:264] NN: cost=158.514835, feasible=true, active_stations=1
[2026-10-05 04:37:18.710] [info] [candidate.cpp:199] InstancePrecompute: built 25 candidates
[2026-10-05 04:37:18.710] [info] [stationary.cpp:264] NN: cost=312.745484, feasible=true, active_stations=1
[2026-10-05 04:37:18.710] [info] [candidate.cpp:199] InstancePrecompute: built 25 candidates
[2026-10-05 04:37:18.710] [info] [stationary.cpp:264] NN: cost=154.230650, feasible=true, active_stations=1
[2026-10-05 04:37:18.710] [info] [candidate.cpp:199] InstancePrecompute: built 25 candidates
[2026-10-05 04:37:18.710] [info] [stationary.cpp:264] NN: cost=317.029669, feasible=true, active_stations=1
[2026-10-05 04:37:18.710] [info] [candidate.cpp:199] InstancePrecompute: built 25 candidates
[2026-10-05 04:37:18.710] [info] [stationary.cpp:264] NN: cost=222.777605, feasible=true, active_stations=1
[2026-10-05 04:37:18.710] [info] [candidate.cpp:199] InstancePrecompute: built 25 candidates
[2026-10-05 04:37:18.710] [info] [stationary.cpp:264] NN: cost=158.514835, feasible=true, active_stations=1
[2026-10-05 04:37:18.710] [info] [candidate.cpp:199] InstancePrecompute: built 25 candidates
[2026-10-05 04:37:18.710] [info] [stationary.cpp:264] NN: cost=171.367389, feasible=true, active_stations=1
[2026-10-05 04:37:18.710] [info] [candidate.cpp:199] InstancePrecompute: built 25 candidates
[2026-10-05 04:37:18.710] [info] [stationary.cpp:264] NN: cost=175.651573, feasible=true, active_stations=1
[2026-10-05 04:37:18.710] [info] [candidate.cpp:199] InstancePrecompute: built 25 candidates
[2026-10-05 04:37:18.710] [info] [stationary.cpp:264] NN: cost=222.777605, feasible=true, active_stations=1
[2026-10-05 04:37:18.710] [info] [candidate.cpp:199] InstancePrecompute: built 25 candidates
[2026-10-05 04:37:18.710] [info] [stationary.cpp:264] NN: cost=214.209236, feasible=true, active_stations=1
[2026-10-05 04:37:18.710] [info] [candidate.cpp:199] InstancePrecompute: built 25 candidates
[2026-10-05 04:37:18.710] [info] [stationary.cpp:264] NN: cost=381.292440, feasible=true, active_stations=1
[2026-10-05 04:37:18.710] [info] [candidate.cpp:199] InstancePrecompute: built 25 candidates
[2026-10-05 04:37:18.710] [info] [stationary.cpp:264] NN: cost=381.292440, feasible=true, active_stations=1
[2026-10-05 04:37:18.710] [info] [candidate.cpp:199] InstancePrecompute: built 25 candidates
[2026-10-05 04:37:18.710] [info] [stationary.cpp:264] NN: cost=248.482714, feasible=true, active_stations=1
[2026-10-05 04:37:18.710] [info] [candidate.cpp:199] InstancePrecompute: built 25 candidates
[2026-10-05 04:37:18.710] [info] [stationary.cpp:264] NN: cost=158.514835, feasible=true, active_stations=1
[2026-10-05 04:37:18.710] [info] [candidate.cpp:199] InstancePrecompute: built 25 candidates
[2026-10-05 04:37:18.710] [info] [stationary.cpp:264] NN: cost=312.745484, feasible=true, active_stations=1
[2026-10-05 04:37:18.710] [info] [candidate.cpp:199] InstancePrecompute: built 25 candidates
[2026-10-05 04:37:18.710] [info] [stationary.cpp:264] NN: cost=154.230650, feasible=true, active_stations=1
[2026-10-05 04:37:18.710] [info] [candidate.cpp:199] InstancePrecompute: built 25 candidates
[2026-10-05 04:37:18.710] [info] [stationary.cpp:264] NN: cost=317.029669, feasible=true, active_stations=1
[2026-10-05 04:37:18.710] [info] [candidate.cpp:199] InstancePrecompute: built 25 candidates
[2026-10-05 04:37:18.710] [info] [stationary.cpp:264] NN: cost=222.777605, feasible=true, active_stations=1
[2026-10-05 04:37:18.710] [info] [candidate.cpp:199] InstancePrecompute: built 25 candidates
[2026-10-05 04:37:18.710] [info] [stationary.cpp:264] NN: cost=158.514835, feasible=true, active_stations=1
[2026-10-05 04:37:18.710] [info] [candidate.cpp:199] InstancePrecompute: built 25 candidates
[2026-10-05 04:37:18.710] [info] [stationary.cpp:264] NN: cost=171.367389, feasible=true, active_stations=1
[2026-10-05 04:37:18.710] [info] [candidate.cpp:199] InstancePrecompute: built 25 candidates
[2026-10-05 04:37:18.710] [info] [stationary.cpp:264] NN: cost=175.651573, feasible=true, active_stations=1
[2026-10-05 04:37:18.710] [info] [candidate.cpp:199] InstancePrecompute: built 25 candidates
[2026-10-05 04:37:18.710] [info] [stationary.cpp:264] NN: cost=222.777605, feasible=true, active_stations=1
[2026-10-05 04:37:18.710] [info] [candidate.cpp:199] InstancePrecompute: built 25 candidates
[2026-10-05 04:37:18.710] [info] [stationary.cpp:264] NN: cost=214.209236, feasible=true, active_stations=1
[2026-10-05 04:37:18.710] [info] [candidate.cpp:199] InstancePrecompute: built 25 candidates
[2026-10-05 04:37:18.710] [info] [stationary.cpp:264] NN: cost=381.292440, feasible=true, active_stations=1
[2026-10-05 04:37:18.710] [info] [candidate.cpp:199] InstancePrecompute: built 25 candidates
[2026-10-05 04:37:18.710] [info] [stationary.cpp:264] NN: cost=381.292440, feasible=true, active_stations=1
[2026-10-05 04:37:18.710] [info] [candidate.cpp:199] InstancePrecompute: built 25 candidates
[2026-10-05 04:37:18.710] [info] [stationary.cpp:264] NN: cost=248.482714, feasible=true, active_stations=1
[2026-10-05 04:37:18.710] [info] [candidate.cpp:199] InstancePrecompute: built 25 candidates
[2026-10-05 04:37:18.710] [info] [stationary.cpp:264] NN: cost=158.514835, feasible=true, active_stations=1
[2026-10-05 04:37:18.710] [info] [candidate.cpp:199] InstancePrecompute: built 25 candidates
[2026-10-05 04:37:18.710] [info] [stationary.cpp:264] NN: cost=312.745484, feasible=true, active_stations=1
[2026-10-05 04:37:18.710] [info] [candidate.cpp:199] InstancePrecompute: built 25 candidates
[2026-10-05 04:37:18.710] [info] [stationary.cpp:264] NN: cost=154.230650, feasible=true, active_stations=1
[2026-10-05 04:37:18.710] [info] [candidate.cpp:199] InstancePrecompute: built 25 candidates
[2026-10-05 04:37:18.710] [info] [stationary.cpp:264] NN: cost=317.029669, feasible=true, active_stations=1
[2026-10-05 04:37:18.710] [info] [candidate.cpp:199] InstancePrecompute: built 25 candidates
[2026-10-05 04:37:18.710] [info] [stationary.cpp:264] NN: cost=222.777605, feasible=true, active_stations=1
[2026-10-05 04:37:18.710] [info] [candidate.cpp:199] InstancePrecompute: built 25 candidates
[2026-10-05 04:37:18.710] [info] [stationary.cpp:264] NN: cost=158.514835, feasible=true, active_stations=1
[2026-10-05 04:37:18.710] [info] [candidate.cpp:199] InstancePrecompute: built 25 candidates
[2026-10-05 04:37:18.710] [info] [stationary.cpp:264] NN: cost=171.367389, feasible=true, active_stations=1
[2026-10-05 04:37:18.710] [info] [candidate.cpp:199] InstancePrecompute: built 25 candidates
[2026-10-05 04:37:18.710] [info] [stationary.cpp:264] NN: cost=175.651573, feasible=true, active_stations=1
[2026-10-05 04:37:18.710] [info] [candidate.cpp:199] InstancePrecompute: built 25 candidates
[2026-10-05 04:37:18.710] [info] [stationary.cpp:264] NN: cost=222.777605, feasible=true, active_stations=1
[2026-10-05 04:37:18.710] [info] [candidate.cpp:199] InstancePrecompute: built 25 candidates
[2026-10-05 04:37:18.710] [info] [stationary.cpp:264] NN: cost=214.209236, feasible=true, active_stations=1
[2026-10-05 04:37:18.710] [info] [candidate.cpp:199] InstancePrecompute: built 25 candidates
[2026-10-05 04:37:18.710] [info] [stationary.cpp:264] NN: cost=381.292440, feasible=true, active_stations=1
[2026-10-05 04:37:18.710] [info] [candidate.cpp:199] InstancePrecompute: built 25 candidates
[2026-10-05 04:37:18.710] [info] [stationary.cpp:264] NN: cost=381.292440, feasible=true, active_stations=1
[2026-10-05 04:37:18.710] [info] [candidate.cpp:199] InstancePrecompute: built 25 candidates
[2026-10-05 04:37:18.710] [info] [stationary.cpp:264] NN: cost=248.482714, feasible=true, active_stations=1
[2026-10-05 04:37:18.710] [info] [candidate.cpp:199] InstancePrecompute: built 25 candidates
[2026-10-05 04:37:18.710] [info] [stationary.cpp:264] NN: cost=158.514835, feasible=true, active_stations=1
[2026-10-05 04:37:18.710] [info] [candidate.cpp:199] InstancePrecompute: built 25 candidates
[2026-10-05 04:37:18.710] [info] [stationary.cpp:264] NN: cost=312.745484, feasible=true, active_stations=1
[2026-10-05 04:37:18.710] [info] [candidate.cpp:199] InstancePrecompute: built 25 candidates
[2026-10-05 04:37:18.710] [info] [stationary.cpp:264] NN: cost=154.230650, feasible=true, active_stations=1
[2026-10-05 04:37:18.710] [info] [candidate.cpp:199] InstancePrecompute: built 25 candidates
[2026-10-05 04:37:18.710] [info] [stationary.cpp:264] NN: cost=317.029669, feasible=true, active_stations=1
[2026-10-05 04:37:18.710] [info] [candidate.cpp:199] InstancePrecompute: built 25 candidates
[2026-10-05 04:37:18.710] [info] [stationary.cpp:264] NN: cost=222.777605, feasible=true, active_stations=1
[2026-10-05 04:37:18.710] [info] [candidate.cpp:199] InstancePrecompute: built 25 candidates
[2026-10-05 04:37:18.710] [info] [stationary.cpp:264] NN: cost=158.514835, feasible=true, active_stations=1
[2026-10-05 04:37:18.710] [info] [candidate.cpp:199] InstancePrecompute: built 25 candidates
[2026-10-05 04:37:18.710] [info] [stationary.cpp:264] NN: cost=171.367389, feasible=true, active_stations=1
[2026-10-05 04:37:18.710] [info] [candidate.cpp:199] InstancePrecompute: built 25 candidates
[2026-10-05 04:37:18.710] [info] [stationary.cpp:264] NN: cost=175.651573, feasible=true, active_stations=1
[2026-10-05 04:37:18.710] [info] [candidate.cpp:199] InstancePrecompute: built 25 candidates
[2026-10-05 04:37:18.710] [info] [stationary.cpp:264] NN: cost=222.777605, feasible=true, active_stations=1
[2026-10-05 04:37:18.710] [info] [candidate.cpp:199] InstancePrecompute: built 25 candidates
[2026-10-05 04:37:18.710] [info] [stationary.cpp:264] NN: cost=214.209236, feasible=true, active_stations=1
[2026-10-05 04:37:18.710] [info] [candidate.cpp:199] InstancePrecompute: built 25 candidates
[2026-10-05 04:37:18.710] [info] [stationary.cpp:264] NN: cost=381.292440, feasible=true, active_stations=1
[2026-10-05 04:37:18.710] [info] [candidate.cpp:199] InstancePrecompute: built 25 candidates
[2026-10-05 04:37:18.710] [info] [stationary.cpp:264] NN: cost=381.292440, feasible=true, active_stations=1
[2026-10-05 04:37:18.710] [info] [candidate.cpp:199] InstancePrecompute: built 25 candidates
[2026-10-05 04:37:18.710] [info] [stationary.cpp:264] NN: cost=248.482714, feasible=true, active_stations=1
[2026-10-05 04:37:18.710] [info] [candidate.cpp:199] InstancePrecompute: built 25 candidates
[2026-10-05 04:37:18.710] [info] [stationary.cpp:264] NN: cost=158.514835, feasible=true, active_stations=1
[2026-10-05 04:37:18.710] [info] [candidate.cpp:199] InstancePrecompute: built 25 candidates
[2026-10-05 04:37:18.710] [info] [stationary.cpp:264] NN: cost=312.745484, feasible=true, active_stations=1
[2026-10-05 04:37:18.710] [info] [candidate.cpp:199] InstancePrecompute: built 25 candidates
[2026-10-05 04:37:18.710] [info] [stationary.cpp:264] NN: cost=154.230650, feasible=true, active_stations=1
[2026-10-05 04:37:18.710] [info] [candidate.cpp:199] InstancePrecompute: built 25 candidates
[2026-10-05 04:37:18.710] [info] [stationary.cpp:264] NN: cost=317.029669, feasible=true, active_stations=1
[2026-10-05 04:37:18.710] [info] [candidate.cpp:199] InstancePrecompute: built 25 candidates
[2026-10-05 04:37:18.710] [info] [stationary.cpp:264] NN: cost=222.777605, feasible=true, active_stations=1
[2026-10-05 04:37:18.710] [info] [candidate.cpp:199] InstancePrecompute: built 25 candidates
[2026-10-05 04:37:18.710] [info] [stationary.cpp:264] NN: cost=158.514835, feasible=true, active_stations=1
[2026-10-05 04:37:18.710] [info] [candidate.cpp:199] InstancePrecompute: built 25 candidates
[2026-10-05 04:37:18.710] [info] [stationary.cpp:264] NN: cost=171.367389, feasible=true, active_stations=1
[2026-10-05 04:37:18.710] [info] [candidate.cpp:199] InstancePrecompute: built 25 candidates
[2026-10-05 04:37:18.710] [info] [stationary.cpp:264] NN: cost=175.651573, feasible=true, active_stations=1
[2026-10-05 04:37:18.710] [info] [candidate.cpp:199] InstancePrecompute: built 25 candidates
[2026-10-05 04:37:18.710] [info] [stationary.cpp:264] NN: cost=222.777605, feasible=true, active_stations=1
[2026-10-05 04:37:18.710] [info] [candidate.cpp:199] InstancePrecompute: built 25 candidates
[2026-10-05 04:37:18.710] [info] [stationary.cpp:264] NN: cost=214.209236, feasible=true, active_stations=1
[2026-10-05 04:37:18.710] [info] [candidate.cpp:199] InstancePrecompute: built 25 candidates
[2026-10-05 04:37:18.710] [info] [stationary.cpp:264] NN: cost=381.292440, feasible=true, active_stations=1
[2026-10-05 04:37:18.710] [info] [candidate.cpp:199] InstancePrecompute: built 25 candidates
[2026-10-05 04:37:18.710] [info] [stationary.cpp:264] NN: cost=381.292440, feasible=true, active_stations=1
[2026-10-05 04:37:18.710] [info] [candidate.cpp:199] InstancePrecompute: built 25 candidates
[2026-10-05 04:37:18.710] [info] [stationary.cpp:264] NN: cost=248.482714, feasible=true, active_stations=1
[2026-10-05 04:37:18.710] [info] [candidate.cpp:199] InstancePrecompute: built 25 candidates
[2026-10-05 04:37:18.710] [info] [stationary.cpp:264] NN: cost=158.514835, feasible=true, active_stations=1
[2026-10-05 04:37:18.710] [info] [candidate.cpp:199] InstancePrecompute: built 25 candidates
[2026-10-05 04:37:18.710] [info] [stationary.cpp:264] NN: cost=312.745484, feasible=true, active_stations=1
[2026-10-05 04:37:18.710] [info] [candidate.cpp:199] InstancePrecompute: built 25 candidates
[2026-10-05 04:37:18.710] [info] [stationary.cpp:264] NN: cost=154.230650, feasible=true, active_stations=1
[2026-10-05 04:37:18.710] [info] [candidate.cpp:199] InstancePrecompute: built 25 candidates
[2026-10-05 04:37:18.710] [info] [stationary.cpp:264] NN: cost=317.029669, feasible=true, active_stations=1
[2026-10-05 04:37:18.710] [info] [candidate.cpp:199] InstancePrecompute: built 25 candidates
[2026-10-05 04:37:18.710] [info] [stationary.cpp:264] NN: cost=222.777605, feasible=true, active_stations=1
[2026-10-05 04:37:18.710] [info] [candidate.cpp:199] InstancePrecompute: built 25 candidates
[2026-10-05 04:37:18.710] [info] [stationary.cpp:264] NN: cost=158.514835, feasible=true, active_stations=1
[2026-10-05 04:37:18.710] [info] [candidate.cpp:199] InstancePrecompute: built 25 candidates
[2026-10-05 04:37:18.710] [info] [stationary.cpp:264] NN: cost=171.367389, feasible=true, active_stations=1
[2026-10-05 04:37:18.710] [info] [candidate.cpp:199] InstancePrecompute: built 25 candidates
[2026-10-05 04:37:18.710] [info] [stationary.cpp:264] NN: cost=175.651573, feasible=true, active_stations=1
[2026-10-05 04:37:18.710] [info] [candidate.cpp:199] InstancePrecompute: built 25 candidates
[2026-10-05 04:37:18.710] [info] [stationary.cpp:264] NN: cost=222.777605, feasible=true, active_stations=1
[2026-10-05 04:37:18.710] [info] [candidate.cpp:199] InstancePrecompute: built 25 candidates
[2026-10-05 04:37:18.710] [info] [stationary.cpp:264] NN: cost=214.209236, feasible=true, active_stations=1
[2026-10-05 04:37:18.710] [info] [candidate.cpp:199] InstancePrecompute: built 25 candidates
[2026-10-05 04:37:18.710] [info] [stationary.cpp:264] NN: cost=381.292440, feasible=true, active_stations=1
[2026-10-05 04:37:18.710] [info] [candidate.cpp:199] InstancePrecompute: built 25 candidates
[2026-10-05 04:37:18.710] [info] [stationary.cpp:264] NN: cost=381.292440, feasible=true, active_stations=1
[2026-10-05 04:37:18.710] [info] [candidate.cpp:199] InstancePrecompute: built 25 candidates
[2026-10-05 04:37:18.710] [info] [stationary.cpp:264] NN: cost=248.482714, feasible=true, active_stations=1
[2026-10-05 04:37:18.710] [info] [candidate.cpp:199] InstancePrecompute: built 25 candidates
[2026-10-05 04:37:18.710] [info] [stationary.cpp:264] NN: cost=158.514835, feasible=true, active_stations=1
[2026-10-05 04:37:18.710] [info] [candidate.cpp:199] InstancePrecompute: built 25 candidates
[2026-10-05 04:37:18.710] [info] [stationary.cpp:264] NN: cost=312.745484, feasible=true, active_stations=1
[2026-10-05 04:37:18.710] [info] [candidate.cpp:199] InstancePrecompute: built 25 candidates
[2026-10-05 04:37:18.710] [info] [stationary.cpp:264] NN: cost=154.230650, feasible=true, active_stations=1
[2026-10-05 04:37:18.710] [info] [candidate.cpp:199] InstancePrecompute: built 25 candidates
[2026-10-05 04:37:18.710] [info] [stationary.cpp:264] NN: cost=317.029669, feasible=true, active_stations=1
[2026-10-05 04:37:18.710] [info] [candidate.cpp:199] InstancePrecompute: built 25 candidates
[2026-10-05 04:37:18.710] [info] [stationary.cpp:264] NN: cost=222.777605, feasible=true, active_stations=1
[2026-10-05 04:37:18.710] [info] [candidate.cpp:199] InstancePrecompute: built 25 candidates
[2026-10-05 04:37:18.710] [info] [stationary.cpp:264] NN: cost=158.514835, feasible=true, active_stations=1
[2026-10-05 04:37:18.710] [info] [candidate.cpp:199] InstancePrecompute: built 25 candidates
[2026-10-05 04:37:18.710] [info] [stationary.cpp:264] NN: cost=171.367389, feasible=true, active_stations=1
[2026-10-05 04:37:18.710] [info] [candidate.cpp:199] InstancePrecompute: built 25 candidates
[2026-10-05 04:37:18.710] [info] [stationary.cpp:264] NN: cost=175.651573, feasible=true, active_stations=1
[2026-10-05 04:37:18.710] [info] [candidate.cpp:199] InstancePrecompute: built 25 candidates
[2026-10-05 04:37:18.710] [info] [stationary.cpp:264] NN: cost=222.777605, feasible=true, active_stations=1
[2026-10-05 04:37:18.710] [info] [candidate.cpp:199] InstancePrecompute: built 25 candidates
[2026-10-05 04:37:18.710] [info] [stationary.cpp:264] NN: cost=214.209236, feasible=true, active_stations=1
[2026-10-05 04:37:18.710] [info] [candidate.cpp:199] InstancePrecompute: built 25 candidates
[2026-10-05 04:37:18.710] [info] [stationary.cpp:264] NN: cost=381.292440, feasible=true, active_stations=1
[2026-10-05 04:37:18.710] [info] [candidate.cpp:199] InstancePrecompute: built 25 candidates
[2026-10-05 04:37:18.710] [info] [stationary.cpp:264] NN: cost=381.292440, feasible=true, active_stations=1
[2026-10-05 04:37:18.710] [info] [candidate.cpp:199] InstancePrecompute: built 25 candidates
[2026-10-05 04:37:18.710] [info] [stationary.cpp:264] NN: cost=248.482714, feasible=true, active_stations=1
[2026-10-05 04:37:18.710] [info] [candidate.cpp:199] InstancePrecompute: built 25 candidates
[2026-10-05 04:37:18.710] [info] [stationary.cpp:264] NN: cost=158.514835, feasible=true, active_stations=1
[2026-10-05 04:37:18.710] [info] [candidate.cpp:199] InstancePrecompute: built 25 candidates
[2026-10-05 04:37:18.710] [info] [stationary.cpp:264] NN: cost=312.745484, feasible=true, active_stations=1
[2026-10-05 04:37:18.710] [info] [candidate.cpp:199] InstancePrecompute: built 25 candidates
[2026-10-05 04:37:18.710] [info] [stationary.cpp:264] NN: cost=154.230650, feasible=true, active_stations=1
[2026-10-05 04:37:18.710] [info] [candidate.cpp:199] InstancePrecompute: built 25 candidates
[2026-10-05 04:37:18.710] [info] [stationary.cpp:264] NN: cost=317.029669, feasible=true, active_stations=1
[2026-10-05 04:37:18.710] [info] [candidate.cpp:199] InstancePrecompute: built 25 candidates
[2026-10-05 04:37:18.710] [info] [stationary.cpp:264] NN: cost=222.777605, feasible=true, active_stations=1
[2026-10-05 04:37:18.710] [info] [candidate.cpp:199] InstancePrecompute: built 25 candidates
[2026-10-05 04:37:18.710] [info] [stationary.cpp:264] NN: cost=158.514835, feasible=true, active_stations=1
[2026-10-05 04:37:18.710] [info] [candidate.cpp:199] InstancePrecompute: built 25 candidates
[2026-10-05 04:37:18.710] [info] [stationary.cpp:264] NN: cost=171.367389, feasible=true, active_stations=1
[2026-10-05 04:37:18.710] [info] [candidate.cpp:199] InstancePrecompute: built 25 candidates
[2026-10-05 04:37:18.710] [info] [stationary.cpp:264] NN: cost=175.651573, feasible=true, active_stations=1
[2026-10-05 04:37:18.710] [info] [candidate.cpp:199] InstancePrecompute: built 25 candidates
[2026-10-05 04:37:18.710] [info] [stationary.cpp:264] NN: cost=222.777605, feasible=true, active_stations=1
[2026-10-05 04:37:18.710] [info] [candidate.cpp:199] InstancePrecompute: built 25 candidates
[2026-10-05 04:37:18.710] [info] [stationary.cpp:264] NN: cost=214.209236, feasible=true, active_stations=1
[2026-10-05 04:37:18.710] [info] [candidate.cpp:199] InstancePrecompute: built 25 candidates
[2026-10-05 04:37:18.710] [info] [stationary.cpp:264] NN: cost=381.292440, feasible=true, active_stations=1
[2026-10-05 04:37:18.710] [info] [candidate.cpp:199] InstancePrecompute: built 25 candidates
[2026-10-05 04:37:18.710] [info] [stationary.cpp:264] NN: cost=381.292440, feasible=true, active_stations=1
[2026-10-05 04:37:18.710] [info] [candidate.cpp:199] InstancePrecompute: built 25 candidates
[2026-10-05 04:37:18.710] [info] [stationary.cpp:264] NN: cost=248.482714, feasible=true, active_stations=1
[2026-10-05 04:37:18.710] [info] [candidate.cpp:199] InstancePrecompute: built 25 candidates
[2026-10-05 04:37:18.710] [info] [stationary.cpp:264] NN: cost=158.514835, feasible=true, active_stations=1
[2026-10-05 04:37:18.710] [info] [candidate.cpp:199] InstancePrecompute: built 25 candidates
[2026-10-05 04:37:18.710] [info] [stationary.cpp:264] NN: cost=312.745484, feasible=true, active_stations=1
[2026-10-05 04:37:18.710] [info] [candidate.cpp:199] InstancePrecompute: built 25 candidates
[2026-10-05 04:37:18.710] [info] [stationary.cpp:264] NN: cost=154.230650, feasible=true, active_stations=1
[2026-10-05 04:37:18.710] [info] [candidate.cpp:199] InstancePrecompute: built 25 candidates
[2026-10-05 04:37:18.710] [info] [stationary.cpp:264] NN: cost=317.029669, feasible=true, active_stations=1
[2026-10-05 04:37:18.710] [info] [candidate.cpp:199] InstancePrecompute: built 25 candidates
[2026-10-05 04:37:18.710] [info] [stationary.cpp:264] NN: cost=222.777605, feasible=true, active_stations=1
[2026-10-05 04:37:18.710] [info] [candidate.cpp:199] InstancePrecompute: built 25 candidates
[2026-10-05 04:37:18.710] [info] [stationary.cpp:264] NN: cost=158.514835, feasible=true, active_stations=1
[2026-10-05 04:37:18.710] [info] [candidate.cpp:199] InstancePrecompute: built 25 candidates
[2026-10-05 04:37:18.710] [info] [stationary.cpp:264] NN: cost=171.367389, feasible=true, active_stations=1
[2026-10-05 04:37:18.710] [info] [candidate.cpp:199] InstancePrecompute: built 25 candidates
[2026-10-05 04:37:18.710] [info] [stationary.cpp:264] NN: cost=175.651573, feasible=true, active_stations=1
[2026-10-05 04:37:18.710] [info] [candidate.cpp:199] InstancePrecompute: built 25 candidates
[2026-10-05 04:37:18.710] [info] [stationary.cpp:264] NN: cost=222.777605, feasible=true, active_stations=1
[2026-10-05 04:37:18.710] [info] [candidate.cpp:199] InstancePrecompute: built 25 candidates
[2026-10-05 04:37:18.710] [info] [stationary.cpp:264] NN: cost=214.209236, feasible=true, active_stations=1
[2026-10-05 04:37:18.710] [info] [candidate.cpp:199] InstancePrecompute: built 25 candidates
[2026-10-05 04:37:18.710] [info] [stationary.cpp:264] NN: cost=381.292440, feasible=true, active_stations=1
[2026-10-05 04:37:18.710] [info] [candidate.cpp:199] InstancePrecompute: built 25 candidates
[2026-10-05 04:37:18.710] [info] [stationary.cpp:264] NN: cost=381.292440, feasible=true, active_stations=1
[2026-10-05 04:37:18.710] [info] [candidate.cpp:199] InstancePrecompute: built 25 candidates
[2026-10-05 04:37:18.710] [info] [stationary.cpp:264] NN: cost=248.482714, feasible=true, active_stations=1
[2026-10-05 04:37:18.710] [info] [candidate.cpp:199] InstancePrecompute: built 25 candidates
[2026-10-05 04:37:18.710] [info] [stationary.cpp:264] NN: cost=158.514835, feasible=true, active_stations=1
[2026-10-05 04:37:18.710] [info] [candidate.cpp:199] InstancePrecompute: built 25 candidates
[2026-10-05 04:37:18.710] [info] [stationary.cpp:264] NN: cost=312.745484, feasible=true, active_stations=1
[2026-10-05 04:37:18.710] [info] [candidate.cpp:199] InstancePrecompute: built 25 candidates
[2026-10-05 04:37:18.710] [info] [stationary.cpp:264] NN: cost=154.230650, feasible=true, active_stations=1
[2026-10-05 04:37:18.710] [info] [candidate.cpp:199] InstancePrecompute: built 25 candidates
[2026-10-05 04:37:18.710] [info] [stationary.cpp:264] NN: cost=317.029669, feasible=true, active_stations=1
[2026-10-05 04:37:18.711] [info] [candidate.cpp:199] InstancePrecompute: built 25 candidates
[2026-10-05 04:37:18.711] [info] [stationary.cpp:264] NN: cost=222.777605, feasible=true, active_stations=1
[2026-10-05 04:37:18.711] [info] [candidate.cpp:199] InstancePrecompute: built 25 candidates
[2026-10-05 04:37:18.711] [info] [stationary.cpp:264] NN: cost=158.514835, feasible=true, active_stations=1
[2026-10-05 04:37:18.711] [info] [candidate.cpp:199] InstancePrecompute: built 25 candidates
[2026-10-05 04:37:18.711] [info] [stationary.cpp:264] NN: cost=171.367389, feasible=true, active_stations=1
[2026-10-05 04:37:18.711] [info] [candidate.cpp:199] InstancePrecompute: built 25 candidates
[2026-10-05 04:37:18.711] [info] [stationary.cpp:264] NN: cost=175.651573, feasible=true, active_stations=1
[2026-10-05 04:37:18.711] [info] [candidate.cpp:199] InstancePrecompute: built 25 candidates
[2026-10-05 04:37:18.711] [info] [stationary.cpp:264] NN: cost=222.777605, feasible=true, active_stations=1
[2026-10-05 04:37:18.711] [info] [candidate.cpp:199] InstancePrecompute: built 25 candidates
[2026-10-05 04:37:18.711] [info] [stationary.cpp:264] NN: cost=214.209236, feasible=true, active_stations=1
[2026-10-05 04:37:18.711] [info] [candidate.cpp:199] InstancePrecompute: built 25 candidates
[2026-10-05 04:37:18.711] [info] [stationary.cpp:264] NN: cost=381.292440, feasible=true, active_stations=1
[2026-10-05 04:37:18.711] [info] [candidate.cpp:199] InstancePrecompute: built 25 candidates
[2026-10-05 04:37:18.711] [info] [stationary.cpp:264] NN: cost=381.292440, feasible=true, active_stations=1
[2026-10-05 04:37:18.711] [info] [candidate.cpp:199] InstancePrecompute: built 25 candidates
[2026-10-05 04:37:18.711] [info] [stationary.cpp:264] NN: cost=248.482714, feasible=true, active_stations=1
[2026-10-05 04:37:18.711] [info] [candidate.cpp:199] InstancePrecompute: built 25 candidates
[2026-10-05 04:37:18.711] [info] [stationary.cpp:264] NN: cost=158.514835, feasible=true, active_stations=1
[2026-10-05 04:37:18.711] [info] [candidate.cpp:199] InstancePrecompute: built 25 candidates
[2026-10-05 04:37:18.711] [info] [stationary.cpp:264] NN: cost=312.745484, feasible=true, active_stations=1
[2026-10-05 04:37:18.711] [info] [candidate.cpp:199] InstancePrecompute: built 25 candidates
[2026-10-05 04:37:18.711] [info] [stationary.cpp:264] NN: cost=154.230650, feasible=true, active_stations=1
[2026-10-05 04:37:18.711] [info] [candidate.cpp:199] InstancePrecompute: built 25 candidates
[2026-10-05 04:37:18.711] [info] [stationary.cpp:264] NN: cost=317.029669, feasible=true, active_stations=1
[2026-10-05 04:37:18.711] [info] [candidate.cpp:199] InstancePrecompute: built 25 candidates
[2026-10-05 04:37:18.711] [info] [stationary.cpp:264] NN: cost=222.777605, feasible=true, active_stations=1
[2026-10-05 04:37:18.711] [info] [candidate.cpp:199] InstancePrecompute: built 25 candidates
[2026-10-05 04:37:18.711] [info] [stationary.cpp:264] NN: cost=158.514835, feasible=true, active_stations=1
[2026-10-05 04:37:18.711] [info] [candidate.cpp:199] InstancePrecompute: built 25 candidates
[2026-10-05 04:37:18.711] [info] [stationary.cpp:264] NN: cost=171.367389, feasible=true, active_stations=1
[2026-10-05 04:37:18.711] [info] [candidate.cpp:199] InstancePrecompute: built 25 candidates
[2026-10-05 04:37:18.711] [info] [stationary.cpp:264] NN: cost=175.651573, feasible=true, active_stations=1
[2026-10-05 04:37:18.711] [info] [candidate.cpp:199] InstancePrecompute: built 25 candidates
[2026-10-05 04:37:18.711] [info] [stationary.cpp:264] NN: cost=222.777605, feasible=true, active_stations=1
[2026-10-05 04:37:18.711] [info] [candidate.cpp:199] InstancePrecompute: built 25 candidates
[2026-10-05 04:37:18.711] [info] [stationary.cpp:264] NN: cost=214.209236, feasible=true, active_stations=1
[2026-10-05 04:37:18.711] [info] [candidate.cpp:199] InstancePrecompute: built 25 candidates
[2026-10-05 04:37:18.711] [info] [stationary.cpp:264] NN: cost=381.292440, feasible=true, active_stations=1
[2026-10-05 04:37:18.711] [info] [candidate.cpp:199] InstancePrecompute: built 25 candidates
[2026-10-05 04:37:18.711] [info] [stationary.cpp:264] NN: cost=381.292440, feasible=true, active_stations=1
[2026-10-05 04:37:18.711] [info] [candidate.cpp:199] InstancePrecompute: built 25 candidates
[2026-10-05 04:37:18.711] [info] [stationary.cpp:264] NN: cost=248.482714, feasible=true, active_stations=1
[2026-10-05 04:37:18.711] [info] [candidate.cpp:199] InstancePrecompute: built 25 candidates
[2026-10-05 04:37:18.711] [info] [stationary.cpp:264] NN: cost=158.514835, feasible=true, active_stations=1
[2026-10-05 04:37:18.711] [info] [candidate.cpp:199] InstancePrecompute: built 25 candidates
[2026-10-05 04:37:18.711] [info] [stationary.cpp:264] NN: cost=312.745484, feasible=true, active_stations=1
[2026-10-05 04:37:18.711] [info] [candidate.cpp:199] InstancePrecompute: built 25 candidates
[2026-10-05 04:37:18.711] [info] [stationary.cpp:264] NN: cost=154.230650, feasible=true, active_stations=1
[2026-10-05 04:37:18.711] [info] [candidate.cpp:199] InstancePrecompute: built 25 candidates
[2026-10-05 04:37:18.711] [info] [stationary.cpp:264] NN: cost=317.029669, feasible=true, active_stations=1
[2026-10-05 04:37:18.711] [info] [candidate.cpp:199] InstancePrecompute: built 25 candidates
[2026-10-05 04:37:18.711] [info] [stationary.cpp:264] NN: cost=222.777605, feasible=true, active_stations=1
[2026-10-05 04:37:18.711] [info] [candidate.cpp:199] InstancePrecompute: built 25 candidates
[2026-10-05 04:37:18.711] [info] [stationary.cpp:264] NN: cost=158.514835, feasible=true, active_stations=1
[2026-10-05 04:37:18.711] [info] [candidate.cpp:199] InstancePrecompute: built 25 candidates
[2026-10-05 04:37:18.711] [info] [stationary.cpp:264] NN: cost=171.367389, feasible=true, active_stations=1
[2026-10-05 04:37:18.711] [info] [candidate.cpp:199] InstancePrecompute: built 25 candidates
[2026-10-05 04:37:18.711] [info] [stationary.cpp:264] NN: cost=175.651573, feasible=true, active_stations=1
[2026-10-05 04:37:18.711] [info] [candidate.cpp:199] InstancePrecompute: built 25 candidates
[2026-10-05 04:37:18.711] [info] [stationary.cpp:264] NN: cost=222.777605, feasible=true, active_stations=1
[2026-10-05 04:37:18.711] [info] [candidate.cpp:199] InstancePrecompute: built 25 candidates
[2026-10-05 04:37:18.711] [info] [stationary.cpp:264] NN: cost=214.209236, feasible=true, active_stations=1
[2026-10-05 04:37:18.711] [info] [candidate.cpp:199] InstancePrecompute: built 25 candidates
[2026-10-05 04:37:18.711] [info] [stationary.cpp:264] NN: cost=381.292440, feasible=true, active_stations=1
[2026-10-05 04:37:18.711] [info] [candidate.cpp:199] InstancePrecompute: built 25 candidates
[2026-10-05 04:37:18.711] [info] [stationary.cpp:264] NN: cost=381.292440, feasible=true, active_stations=1
[2026-10-05 04:37:18.711] [info] [candidate.cpp:199] InstancePrecompute: built 25 candidates
[2026-10-05 04:37:18.711] [info] [stationary.cpp:264] NN: cost=248.482714, feasible=true, active_stations=1
[2026-10-05 04:37:18.711] [info] [candidate.cpp:199] InstancePrecompute: built 25 candidates
[2026-10-05 04:37:18.711] [info] [stationary.cpp:264] NN: cost=158.514835, feasible=true, active_stations=1
[2026-10-05 04:37:18.711] [info] [candidate.cpp:199] InstancePrecompute: built 25 candidates
[2026-10-05 04:37:18.711] [info] [stationary.cpp:264] NN: cost=312.745484, feasible=true, active_stations=1
[2026-10-05 04:37:18.711] [info] [candidate.cpp:199] InstancePrecompute: built 25 candidates
[2026-10-05 04:37:18.711] [info] [stationary.cpp:264] NN: cost=154.230650, feasible=true, active_stations=1
[2026-10-05 04:37:18.711] [info] [candidate.cpp:199] InstancePrecompute: built 25 candidates
[2026-10-05 04:37:18.711] [info] [stationary.cpp:264] NN: cost=317.029669, feasible=true, active_stations=1
[2026-10-05 04:37:18.711] [info] [candidate.cpp:199] InstancePrecompute: built 25 candidates
[2026-10-05 04:37:18.711] [info] [stationary.cpp:264] NN: cost=222.777605, feasible=true, active_stations=1
[2026-10-05 04:37:18.711] [info] [candidate.cpp:199] InstancePrecompute: built 25 candidates
[2026-10-05 04:37:18.711] [info] [stationary.cpp:264] NN: cost=158.514835, feasible=true, active_stations=1
[2026-10-05 04:37:18.711] [info] [candidate.cpp:199] InstancePrecompute: built 25 candidates
[2026-10-05 04:37:18.711] [info] [stationary.cpp:264] NN: cost=171.367389, feasible=true, active_stations=1
[2026-10-05 04:37:18.711] [info] [candidate.cpp:199] InstancePrecompute: built 25 candidates
[2026-10-05 04:37:18.711] [info] [stationary.cpp:264] NN: cost=175.651573, feasible=true, active_stations=1
[2026-10-05 04:37:18.711] [info] [candidate.cpp:199] InstancePrecompute: built 25 candidates
[2026-10-05 04:37:18.711] [info] [stationary.cpp:264] NN: cost=222.777605, feasible=true, active_stations=1
[2026-10-05 04:37:18.711] [info] [candidate.cpp:199] InstancePrecompute: built 25 candidates
[2026-10-05 04:37:18.711] [info] [stationary.cpp:264] NN: cost=214.209236, feasible=true, active_stations=1
[2026-10-05 04:37:18.711] [info] [candidate.cpp:199] InstancePrecompute: built 25 candidates
[2026-10-05 04:37:18.711] [info] [stationary.cpp:264] NN: cost=381.292440, feasible=true, active_stations=1
[2026-10-05 04:37:18.711] [info] [candidate.cpp:199] InstancePrecompute: built 25 candidates
[2026-10-05 04:37:18.711] [info] [stationary.cpp:264] NN: cost=381.292440, feasible=true, active_stations=1
[2026-10-05 04:37:18.711] [info] [candidate.cpp:199] InstancePrecompute: built 25 candidates
[2026-10-05 04:37:18.711] [info] [stationary.cpp:264] NN: cost=248.482714, feasible=true, active_stations=1
[2026-10-05 04:37:18.711] [info] [candidate.cpp:199] InstancePrecompute: built 25 candidates
[2026-10-05 04:37:18.711] [info] [stationary.cpp:264] NN: cost=158.514835, feasible=true, active_stations=1
[2026-10-05 04:37:18.711] [info] [candidate.cpp:199] InstancePrecompute: built 25 candidates
[2026-10-05 04:37:18.711] [info] [stationary.cpp:264] NN: cost=312.745484, feasible=true, active_stations=1
[2026-10-05 04:37:18.711] [info] [candidate.cpp:199] InstancePrecompute: built 25 candidates
[2026-10-05 04:37:18.711] [info] [stationary.cpp:264] NN: cost=154.230650, feasible=true, active_stations=1
[2026-10-05 04:37:18.711] [info] [candidate.cpp:199] InstancePrecompute: built 25 candidates
[2026-10-05 04:37:18.711] [info] [stationary.cpp:264] NN: cost=317.029669, feasible=true, active_stations=1
[2026-10-05 04:37:18.711] [info] [candidate.cpp:199] InstancePrecompute: built 25 candidates
[2026-10-05 04:37:18.711] [info] [stationary.cpp:264] NN: cost=222.777605, feasible=true, active_stations=1
[2026-10-05 04:37:18.711] [info] [candidate.cpp:199] InstancePrecompute: built 25 candidates
[2026-10-05 04:37:18.711] [info] [stationary.cpp:264] NN: cost=158.514835, feasible=true, active_stations=1
[2026-10-05 04:37:18.711] [info] [candidate.cpp:199] InstancePrecompute: built 25 candidates
[2026-10-05 04:37:18.711] [info] [stationary.cpp:264] NN: cost=171.367389, feasible=true, active_stations=1
[2026-10-05 04:37:18.711] [info] [candidate.cpp:199] InstancePrecompute: built 25 candidates
[2026-10-05 04:37:18.711] [info] [stationary.cpp:264] NN: cost=175.651573, feasible=true, active_stations=1
[2026-10-05 04:37:18.711] [info] [candidate.cpp:199] InstancePrecompute: built 25 candidates
[2026-10-05 04:37:18.711] [info] [stationary.cpp:264] NN: cost=222.777605, feasible=true, active_stations=1
[2026-10-05 04:37:18.711] [info] [candidate.cpp:199] InstancePrecompute: built 25 candidates
[2026-10-05 04:37:18.711] [info] [stationary.cpp:264] NN: cost=214.209236, feasible=true, active_stations=1
[2026-10-05 04:37:18.711] [info] [candidate.cpp:199] InstancePrecompute: built 25 candidates
[2026-10-05 04:37:18.711] [info] [stationary.cpp:264] NN: cost=381.292440, feasible=true, active_stations=1
[2026-10-05 04:37:18.711] [info] [candidate.cpp:199] InstancePrecompute: built 25 candidates
[2026-10-05 04:37:18.711] [info] [stationary.cpp:264] NN: cost=381.292440, feasible=true, active_stations=1
[2026-10-05 04:37:18.711] [info] [candidate.cpp:199] InstancePrecompute: built 25 candidates
[2026-10-05 04:37:18.711] [info] [stationary.cpp:264] NN: cost=248.482714, feasible=true, active_stations=1
[2026-10-05 04:37:18.711] [info] [candidate.cpp:199] InstancePrecompute: built 25 candidates
[2026-10-05 04:37:18.711] [info] [stationary.cpp:264] NN: cost=158.514835, feasible=true, active_stations=1
[2026-10-05 04:37:18.711] [info] [candidate.cpp:199] InstancePrecompute: built 25 candidates
[2026-10-05 04:37:18.711] [info] [stationary.cpp:264] NN: cost=312.745484, feasible=true, active_stations=1
[2026-10-05 04:37:18.711] [info] [candidate.cpp:199] InstancePrecompute: built 25 candidates
[2026-10-05 04:37:18.711] [info] [stationary.cpp:264] NN: cost=154.230650, feasible=true, active_stations=1
[2026-10-05 04:37:18.711] [info] [candidate.cpp:199] InstancePrecompute: built 25 candidates
[2026-10-05 04:37:18.711] [info] [stationary.cpp:264] NN: cost=317.029669, feasible=true, active_stations=1
[2026-10-05 04:37:18.711] [info] [candidate.cpp:199] InstancePrecompute: built 25 candidates
[2026-10-05 04:37:18.711] [info] [stationary.cpp:264] NN: cost=222.777605, feasible=true, active_stations=1
[2026-10-05 04:37:18.711] [info] [candidate.cpp:199] InstancePrecompute: built 25 candidates
[2026-10-05 04:37:18.711] [info] [stationary.cpp:264] NN: cost=158.514835, feasible=true, active_stations=1
[2026-10-05 04:37:18.711] [info] [candidate.cpp:199] InstancePrecompute: built 25 candidates
[2026-10-05 04:37:18.711] [info] [stationary.cpp:264] NN: cost=171.367389, feasible=true, active_stations=1
[2026-10-05 04:37:18.711] [info] [candidate.cpp:199] InstancePrecompute: built 25 candidates
[2026-10-05 04:37:18.711] [info] [stationary.cpp:264] NN: cost=175.651573, feasible=true, active_stations=1
[2026-10-05 04:37:18.711] [info] [candidate.cpp:199] InstancePrecompute: built 25 candidates
[2026-10-05 04:37:18.711] [info] [stationary.cpp:264] NN: cost=222.777605, feasible=true, active_stations=1
[2026-10-05 04:37:18.711] [info] [candidate.cpp:199] InstancePrecompute: built 25 candidates
[2026-10-05 04:37:18.711] [info] [stationary.cpp:264] NN: cost=214.209236, feasible=true, active_stations=1
[2026-10-05 04:37:18.711] [info] [candidate.cpp:199] InstancePrecompute: built 25 candidates
[2026-10-05 04:37:18.711] [info] [stationary.cpp:264] NN: cost=381.292440, feasible=true, active_stations=1
[2026-10-05 04:37:18.711] [info] [candidate.cpp:199] InstancePrecompute: built 25 candidates
[2026-10-05 04:37:18.711] [info] [stationary.cpp:264] NN: cost=381.292440, feasible=true, active_stations=1
[2026-10-05 04:37:18.711] [info] [candidate.cpp:199] InstancePrecompute: built 25 candidates
[2026-10-05 04:37:18.711] [info] [stationary.cpp:264] NN: cost=248.482714, feasible=true, active_stations=1
[2026-10-05 04:37:18.711] [info] [candidate.cpp:199] InstancePrecompute: built 25 candidates
[2026-10-05 04:37:18.711] [info] [stationary.cpp:264] NN: cost=158.514835, feasible=true, active_stations=1
[2026-10-05 04:37:18.711] [info] [candidate.cpp:199] InstancePrecompute: built 25 candidates
[2026-10-05 04:37:18.711] [info] [stationary.cpp:264] NN: cost=312.745484, feasible=true, active_stations=1
[2026-10-05 04:37:18.711] [info] [candidate.cpp:199] InstancePrecompute: built 25 candidates
[2026-10-05 04:37:18.711] [info] [stationary.cpp:264] NN: cost=154.230650, feasible=true, active_stations=1
[2026-10-05 04:37:18.711] [info] [candidate.cpp:199] InstancePrecompute: built 25 candidates
[2026-10-05 04:37:18.711] [info] [stationary.cpp:264] NN: cost=317.029669, feasible=true, active_stations=1
[2026-10-05 04:37:18.711] [info] [candidate.cpp:199] InstancePrecompute: built 25 candidates
[2026-10-05 04:37:18.711] [info] [stationary.cpp:264] NN: cost=222.777605, feasible=true, active_stations=1
[2026-10-05 04:37:18.711] [info] [candidate.cpp:199] InstancePrecompute: built 25 candidates
[2026-10-05 04:37:18.711] [info] [stationary.cpp:264] NN: cost=158.514835, feasible=true, active_stations=1
[2026-10-05 04:37:18.711] [info] [candidate.cpp:199] InstancePrecompute: built 25 candidates
[2026-10-05 04:37:18.711] [info] [stationary.cpp:264] NN: cost=171.367389, feasible=true, active_stations=1
[2026-10-05 04:37:18.711] [info] [candidate.cpp:199] InstancePrecompute: built 25 candidates
[2026-10-05 04:37:18.711] [info] [stationary.cpp:264] NN: cost=175.651573, feasible=true, active_stations=1
[2026-10-05 04:37:18.711] [info] [candidate.cpp:199] InstancePrecompute: built 25 candidates
[2026-10-05 04:37:18.711] [info] [stationary.cpp:264] NN: cost=222.777605, feasible=true, active_stations=1
[2026-10-05 04:37:18.711] [info] [candidate.cpp:199] InstancePrecompute: built 25 candidates
[2026-10-05 04:37:18.711] [info] [stationary.cpp:264] NN: cost=214.209236, feasible=true, active_stations=1
[2026-10-05 04:37:18.711] [info] [candidate.cpp:199] InstancePrecompute: built 25 candidates
[2026-10-05 04:37:18.711] [info] [stationary.cpp:264] NN: cost=381.292440, feasible=true, active_stations=1
[2026-10-05 04:37:18.711] [info] [candidate.cpp:199] InstancePrecompute: built 25 candidates
[2026-10-05 04:37:18.711] [info] [stationary.cpp:264] NN: cost=381.292440, feasible=true, active_stations=1
[2026-10-05 04:37:18.711] [info] [candidate.cpp:199] InstancePrecompute: built 25 candidates
[2026-10-05 04:37:18.711] [info] [stationary.cpp:264] NN: cost=248.482714, feasible=true, active_stations=1
[2026-10-05 04:37:18.711] [info] [candidate.cpp:199] InstancePrecompute: built 25 candidates
[2026-10-05 04:37:18.711] [info] [stationary.cpp:264] NN: cost=158.514835, feasible=true, active_stations=1
[2026-10-05 04:37:18.711] [info] [candidate.cpp:199] InstancePrecompute: built 25 candidates
[2026-10-05 04:37:18.711] [info] [stationary.cpp:264] NN: cost=312.745484, feasible=true, active_stations=1
[2026-10-05 04:37:18.711] [info] [candidate.cpp:199] InstancePrecompute: built 25 candidates
[2026-10-05 04:37:18.711] [info] [stationary.cpp:264] NN: cost=154.230650, feasible=true, active_stations=1
[2026-10-05 04:37:18.711] [info] [candidate.cpp:199] InstancePrecompute: built 25 candidates
[2026-10-05 04:37:18.711] [info] [stationary.cpp:264] NN: cost=317.029669, feasible=true, active_stations=1
[2026-10-05 04:37:18.711] [info] [candidate.cpp:199] InstancePrecompute: built 25 candidates
[2026-10-05 04:37:18.711] [info] [stationary.cpp:264] NN: cost=222.777605, feasible=true, active_stations=1
[2026-10-05 04:37:18.711] [info] [candidate.cpp:199] InstancePrecompute: built 25 candidates
[2026-10-05 04:37:18.711] [info] [stationary.cpp:264] NN: cost=158.514835, feasible=true, active_stations=1
[2026-10-05 04:37:18.711] [info] [candidate.cpp:199] InstancePrecompute: built 25 candidates
[2026-10-05 04:37:18.711] [info] [stationary.cpp:264] NN: cost=171.367389, feasible=true, active_stations=1
[2026-10-05 04:37:18.711] [info] [candidate.cpp:199] InstancePrecompute: built 25 candidates
[2026-10-05 04:37:18.711] [info] [stationary.cpp:264] NN: cost=175.651573, feasible=true, active_stations=1
[2026-10-05 04:37:18.711] [info] [candidate.cpp:199] InstancePrecompute: built 25 candidates
[2026-10-05 04:37:18.711] [info] [stationary.cpp:264] NN: cost=222.777605, feasible=true, active_stations=1
[2026-10-05 04:37:18.711] [info] [candidate.cpp:199] InstancePrecompute: built 25 candidates
[2026-10-05 04:37:18.711] [info] [stationary.cpp:264] NN: cost=214.209236, feasible=true, active_stations=1
[2026-10-05 04:37:18.711] [info] [candidate.cpp:199] InstancePrecompute: built 25 candidates
[2026-10-05 04:37:18.711] [info] [stationary.cpp:264] NN: cost=381.292440, feasible=true, active_stations=1
[2026-10-05 04:37:18.711] [info] [candidate.cpp:199] InstancePrecompute: built 25 candidates
[2026-10-05 04:37:18.711] [info] [stationary.cpp:264] NN: cost=381.292440, feasible=true, active_stations=1
[2026-10-05 04:37:18.711] [info] [candidate.cpp:199] InstancePrecompute: built 25 candidates
[2026-10-05 04:37:18.711] [info] [stationary.cpp:264] NN: cost=248.482714, feasible=true, active_stations=1
[2026-10-05 04:37:18.711] [info] [candidate.cpp:199] InstancePrecompute: built 25 candidates
[2026-10-05 04:37:18.711] [info] [stationary.cpp:264] NN: cost=158.514835, feasible=true, active_stations=1
[2026-10-05 04:37:18.711] [info] [candidate.cpp:199] InstancePrecompute: built 25 candidates
[2026-10-05 04:37:18.711] [info] [stationary.cpp:264] NN: cost=312.745484, feasible=true, active_stations=1
[2026-10-05 04:37:18.711] [info] [candidate.cpp:199] InstancePrecompute: built 25 candidates
[2026-10-05 04:37:18.711] [info] [stationary.cpp:264] NN: cost=154.230650, feasible=true, active_stations=1
[2026-10-05 04:37:18.711] [info] [candidate.cpp:199] InstancePrecompute: built 25 candidates
[2026-10-05 04:37:18.711] [info] [stationary.cpp:264] NN: cost=317.029669, feasible=true, active_stations=1
[2026-10-05 04:37:18.711] [info] [candidate.cpp:199] InstancePrecompute: built 25 candidates
[2026-10-05 04:37:18.711] [info] [stationary.cpp:264] NN: cost=222.777605, feasible=true, active_stations=1
[2026-10-05 04:37:18.711] [info] [candidate.cpp:199] InstancePrecompute: built 25 candidates
[2026-10-05 04:37:18.711] [info] [stationary.cpp:264] NN: cost=158.514835, feasible=true, active_stations=1
[2026-10-05 04:37:18.711] [info] [candidate.cpp:199] InstancePrecompute: built 25 candidates
[2026-10-05 04:37:18.711] [info] [stationary.cpp:264] NN: cost=171.367389, feasible=true, active_stations=1
[2026-10-05 04:37:18.711] [info] [candidate.cpp:199] InstancePrecompute: built 25 candidates
[2026-10-05 04:37:18.711] [info] [stationary.cpp:264] NN: cost=175.651573, feasible=true, active_stations=1
[2026-10-05 04:37:18.711] [info] [candidate.cpp:199] InstancePrecompute: built 25 candidates
[2026-10-05 04:37:18.711] [info] [stationary.cpp:264] NN: cost=222.777605, feasible=true, active_stations=1
[2026-10-05 04:37:18.711] [info] [candidate.cpp:199] InstancePrecompute: built 25 candidates
[2026-10-05 04:37:18.711] [info] [stationary.cpp:264] NN: cost=214.209236, feasible=true, active_stations=1
[2026-10-05 04:37:18.711] [info] [candidate.cpp:199] InstancePrecompute: built 25 candidates
[2026-10-05 04:37:18.711] [info] [stationary.cpp:264] NN: cost=381.292440, feasible=true, active_stations=1
[2026-10-05 04:37:18.711] [info] [candidate.cpp:199] InstancePrecompute: built 25 candidates
[2026-10-05 04:37:18.711] [info] [stationary.cpp:264] NN: cost=381.292440, feasible=true, active_stations=1
[2026-10-05 04:37:18.711] [info] [candidate.cpp:199] InstancePrecompute: built 25 candidates
[2026-10-05 04:37:18.711] [info] [stationary.cpp:264] NN: cost=248.482714, feasible=true, active_stations=1
[2026-10-05 04:37:18.711] [info] [candidate.cpp:199] InstancePrecompute: built 25 candidates
[2026-10-05 04:37:18.711] [info] [stationary.cpp:264] NN: cost=158.514835, feasible=true, active_stations=1
[2026-10-05 04:37:18.711] [info] [candidate.cpp:199] InstancePrecompute: built 25 candidates
[2026-10-05 04:37:18.711] [info] [stationary.cpp:264] NN: cost=312.745484, feasible=true, active_stations=1
[2026-10-05 04:37:18.711] [info] [candidate.cpp:199] InstancePrecompute: built 25 candidates
[2026-10-05 04:37:18.711] [info] [stationary.cpp:264] NN: cost=154.230650, feasible=true, active_stations=1
[2026-10-05 04:37:18.711] [info] [candidate.cpp:199] InstancePrecompute: built 25 candidates
[2026-10-05 04:37:18.711] [info] [stationary.cpp:264] NN: cost=317.029669, feasible=true, active_stations=1
[2026-10-05 04:37:18.711] [info] [candidate.cpp:199] InstancePrecompute: built 25 candidates
[2026-10-05 04:37:18.711] [info] [stationary.cpp:264] NN: cost=222.777605, feasible=true, active_stations=1
[2026-10-05 04:37:18.711] [info] [candidate.cpp:199] InstancePrecompute: built 25 candidates
[2026-10-05 04:37:18.711] [info] [stationary.cpp:264] NN: cost=158.514835, feasible=true, active_stations=1
[2026-10-05 04:37:18.711] [info] [candidate.cpp:199] InstancePrecompute: built 25 candidates
[2026-10-05 04:37:18.711] [info] [stationary.cpp:264] NN: cost=171.367389, feasible=true, active_stations=1
[2026-10-05 04:37:18.711] [info] [candidate.cpp:199] InstancePrecompute: built 25 candidates
[2026-10-05 04:37:18.711] [info] [stationary.cpp:264] NN: cost=175.651573, feasible=true, active_stations=1
[2026-10-05 04:37:18.711] [info] [candidate.cpp:199] InstancePrecompute: built 25 candidates
[2026-10-05 04:37:18.711] [info] [stationary.cpp:264] NN: cost=222.777605, feasible=true, active_stations=1
[2026-10-05 04:37:18.711] [info] [candidate.cpp:199] InstancePrecompute: built 25 candidates
[2026-10-05 04:37:18.711] [info] [stationary.cpp:264] NN: cost=214.209236, feasible=true, active_stations=1
[2026-10-05 04:37:18.711] [info] [candidate.cpp:199] InstancePrecompute: built 25 candidates
[2026-10-05 04:37:18.711] [info] [stationary.cpp:264] NN: cost=381.292440, feasible=true, active_stations=1
[2026-10-05 04:37:18.711] [info] [candidate.cpp:199] InstancePrecompute: built 25 candidates
[2026-10-05 04:37:18.711] [info] [stationary.cpp:264] NN: cost=381.292440, feasible=true, active_stations=1
[2026-10-05 04:37:18.711] [info] [candidate.cpp:199] InstancePrecompute: built 25 candidates
[2026-10-05 04:37:18.711] [info] [stationary.cpp:264] NN: cost=248.482714, feasible=true, active_stations=1
[2026-10-05 04:37:18.711] [info] [candidate.cpp:199] InstancePrecompute: built 25 candidates
[2026-10-05 04:37:18.711] [info] [stationary.cpp:264] NN: cost=158.514835, feasible=true, active_stations=1
[2026-10-05 04:37:18.711] [info] [candidate.cpp:199] InstancePrecompute: built 25 candidates
[2026-10-05 04:37:18.711] [info] [stationary.cpp:264] NN: cost=312.745484, feasible=true, active_stations=1
[2026-10-05 04:37:18.711] [info] [candidate.cpp:199] InstancePrecompute: built 25 candidates
[2026-10-05 04:37:18.711] [info] [stationary.cpp:264] NN: cost=154.230650, feasible=true, active_stations=1
[2026-10-05 04:37:18.711] [info] [candidate.cpp:199] InstancePrecompute: built 25 candidates
[2026-10-05 04:37:18.711] [info] [stationary.cpp:264] NN: cost=317.029669, feasible=true, active_stations=1
[2026-10-05 04:37:18.711] [info] [candidate.cpp:199] InstancePrecompute: built 25 candidates
[2026-10-05 04:37:18.711] [info] [stationary.cpp:264] NN: cost=222.777605, feasible=true, active_stations=1
[2026-10-05 04:37:18.711] [info] [candidate.cpp:199] InstancePrecompute: built 25 candidates
[2026-10-05 04:37:18.711] [info] [stationary.cpp:264] NN: cost=158.514835, feasible=true, active_stations=1
[2026-10-05 04:37:18.711] [info] [candidate.cpp:199] InstancePrecompute: built 25 candidates
[2026-10-05 04:37:18.711] [info] [stationary.cpp:264] NN: cost=171.367389, feasible=true, active_stations=1
[2026-10-05 04:37:18.711] [info] [candidate.cpp:199] InstancePrecompute: built 25 candidates
[2026-10-05 04:37:18.711] [info] [stationary.cpp:264] NN: cost=175.651573, feasible=true, active_stations=1
[2026-10-05 04:37:18.711] [info] [candidate.cpp:199] InstancePrecompute: built 25 candidates
[2026-10-05 04:37:18.711] [info] [stationary.cpp:264] NN: cost=222.777605, feasible=true, active_stations=1
[2026-10-05 04:37:18.711] [info] [candidate.cpp:199] InstancePrecompute: built 25 candidates
[2026-10-05 04:37:18.711] [info] [stationary.cpp:264] NN: cost=214.209236, feasible=true, active_stations=1
[2026-10-05 04:37:18.711] [info] [shifting_strategy_solver.cpp:266] Shifting: cost=2643.341970905 LB=381.292439887 ratio=6.9326 l=8
[2026-10-05 04:37:18.711] [info] [candidate.cpp:199] InstancePrecompute: built 325 candidates
[2026-10-05 04:37:18.712] [info] [solution.cpp:527] extend: 5 intervals over [0, 1]
[2026-10-05 04:37:18.712] [info] [minmax.cpp:198] MinMax iter 1: t_max=1.000000, peak=51710.109544, LB=381.292440, gap=134.6180
[2026-10-05 04:37:18.712] [info] [candidate.cpp:199] InstancePrecompute: built 300 candidates
[2026-10-05 04:37:18.712] [info] [stationary.cpp:264] NN: cost=3217.422723, feasible=true, active_stations=9
[2026-10-05 04:37:18.712] [info] [candidate.cpp:199] InstancePrecompute: built 25 candidates
[2026-10-05 04:37:18.712] [info] [stationary.cpp:264] NN: cost=158.514835, feasible=true, active_stations=1
[2026-10-05 04:37:18.712] [info] [candidate.cpp:199] InstancePrecompute: built 75 candidates
[2026-10-05 04:37:18.712] [info] [stationary.cpp:264] NN: cost=955.373192, feasible=true, active_stations=3
[2026-10-05 04:37:18.712] [info] [candidate.cpp:199] InstancePrecompute: built 75 candidates
[2026-10-05 04:37:18.712] [info] [stationary.cpp:264] NN: cost=925.383899, feasible=true, active_stations=3
[2026-10-05 04:37:18.712] [info] [candidate.cpp:199] InstancePrecompute: built 100 candidates
[2026-10-05 04:37:18.712] [info] [stationary.cpp:264] NN: cost=989.646670, feasible=true, active_stations=4
[2026-10-05 04:37:18.712] [info] [candidate.cpp:199] InstancePrecompute: built 50 candidates
[2026-10-05 04:37:18.712] [info] [stationary.cpp:264] NN: cost=719.743033, feasible=true, active_stations=2
[2026-10-05 04:37:18.712] [info] [candidate.cpp:199] InstancePrecompute: built 25 candidates
[2026-10-05 04:37:18.712] [info] [stationary.cpp:264] NN: cost=158.514835, feasible=true, active_stations=1
[2026-10-05 04:37:18.712] [info] [candidate.cpp:199] InstancePrecompute: built 25 candidates
[2026-10-05 04:37:18.712] [info] [stationary.cpp:264] NN: cost=484.112873, feasible=true, active_stations=1
[2026-10-05 04:37:18.712] [info] [candidate.cpp:199] InstancePrecompute: built 100 candidates
[2026-10-05 04:37:18.712] [info] [stationary.cpp:264] NN: cost=668.332816, feasible=true, active_stations=4
[2026-10-05 04:37:18.712] [info] [candidate.cpp:199] InstancePrecompute: built 25 candidates
[2026-10-05 04:37:18.712] [info] [stationary.cpp:264] NN: cost=728.311402, feasible=true, active_stations=1
[2026-10-05 04:37:18.712] [info] [candidate.cpp:199] InstancePrecompute: built 50 candidates
[2026-10-05 04:37:18.712] [info] [stationary.cpp:264] NN: cost=638.343523, feasible=true, active_stations=2
[2026-10-05 04:37:18.712] [info] [candidate.cpp:199] InstancePrecompute: built 100 candidates
[2026-10-05 04:37:18.712] [info] [stationary.cpp:264] NN: cost=719.743033, feasible=true, active_stations=2
[2026-10-05 04:37:18.712] [info] [candidate.cpp:199] InstancePrecompute: built 25 candidates
[2026-10-05 04:37:18.712] [info] [stationary.cpp:264] NN: cost=158.514835, feasible=true, active_stations=1
[2026-10-05 04:37:18.712] [info] [candidate.cpp:199] InstancePrecompute: built 25 candidates
[2026-10-05 04:37:18.712] [info] [stationary.cpp:264] NN: cost=484.112873, feasible=true, active_stations=1
[2026-10-05 04:37:18.712] [info] [candidate.cpp:199] InstancePrecompute: built 50 candidates
[2026-10-05 04:37:18.712] [info] [stationary.cpp:264] NN: cost=903.962975, feasible=true, active_stations=2
[2026-10-05 04:37:18.712] [info] [candidate.cpp:199] InstancePrecompute: built 100 candidates
[2026-10-05 04:37:18.712] [info] [stationary.cpp:264] NN: cost=895.394606, feasible=true, active_stations=4
[2026-10-05 04:37:18.712] [info] [candidate.cpp:199] InstancePrecompute: built 50 candidates
[2026-10-05 04:37:18.712] [info] [stationary.cpp:264] NN: cost=445.555211, feasible=true, active_stations=1
[2026-10-05 04:37:18.712] [info] [candidate.cpp:199] InstancePrecompute: built 50 candidates
[2026-10-05 04:37:18.712] [info] [stationary.cpp:264] NN: cost=565.512383, feasible=true, active_stations=2
[2026-10-05 04:37:18.712] [info] [candidate.cpp:199] InstancePrecompute: built 25 candidates
[2026-10-05 04:37:18.712] [info] [stationary.cpp:264] NN: cost=274.187822, feasible=true, active_stations=1
[2026-10-05 04:37:18.712] [info] [candidate.cpp:199] InstancePrecompute: built 25 candidates
[2026-10-05 04:37:18.712] [info] [stationary.cpp:264] NN: cost=158.514835, feasible=true, active_stations=1
[2026-10-05 04:37:18.712] [info] [candidate.cpp:199] InstancePrecompute: built 25 candidates
[2026-10-05 04:37:18.712] [info] [stationary.cpp:264] NN: cost=484.112873, feasible=true, active_stations=1
[2026-10-05 04:37:18.712] [info] [candidate.cpp:199] InstancePrecompute: built 25 candidates
[2026-10-05 04:37:18.712] [info] [stationary.cpp:264] NN: cost=175.651573, feasible=true, active_stations=1
[2026-10-05 04:37:18.712] [info] [candidate.cpp:199] InstancePrecompute: built 25 candidates
[2026-10-05 04:37:18.712] [info] [stationary.cpp:264] NN: cost=728.311402, feasible=true, active_stations=1
[2026-10-05 04:37:18.712] [info] [candidate.cpp:199] InstancePrecompute: built 25 candidates
[2026-10-05 04:37:18.712] [info] [stationary.cpp:264] NN: cost=209.925051, feasible=true, active_stations=1
[2026-10-05 04:37:18.712] [info] [candidate.cpp:199] InstancePrecompute: built 125 candidates
[2026-10-05 04:37:18.712] [info] [stationary.cpp:264] NN: cost=1131.024766, feasible=true, active_stations=4
[2026-10-05 04:37:18.712] [info] [candidate.cpp:199] InstancePrecompute: built 25 candidates
[2026-10-05 04:37:18.712] [info] [stationary.cpp:264] NN: cost=428.418472, feasible=true, active_stations=1
[2026-10-05 04:37:18.712] [info] [candidate.cpp:199] InstancePrecompute: built 50 candidates
[2026-10-05 04:37:18.712] [info] [stationary.cpp:264] NN: cost=274.187822, feasible=true, active_stations=1
[2026-10-05 04:37:18.712] [info] [candidate.cpp:199] InstancePrecompute: built 25 candidates
[2026-10-05 04:37:18.712] [info] [stationary.cpp:264] NN: cost=158.514835, feasible=true, active_stations=1
[2026-10-05 04:37:18.712] [info] [candidate.cpp:199] InstancePrecompute: built 25 candidates
[2026-10-05 04:37:18.712] [info] [stationary.cpp:264] NN: cost=484.112873, feasible=true, active_stations=1
[2026-10-05 04:37:18.712] [info] [candidate.cpp:199] InstancePrecompute: built 25 candidates
[2026-10-05 04:37:18.712] [info] [stationary.cpp:264] NN: cost=175.651573, feasible=true, active_stations=1
[2026-10-05 04:37:18.712] [info] [candidate.cpp:199] InstancePrecompute: built 25 candidates
[2026-10-05 04:37:18.712] [info] [stationary.cpp:264] NN: cost=728.311402, feasible=true, active_stations=1
[2026-10-05 04:37:18.712] [info] [candidate.cpp:199] InstancePrecompute: built 50 candidates
[2026-10-05 04:37:18.712] [info] [stationary.cpp:264] NN: cost=471.260319, feasible=true, active_stations=2
[2026-10-05 04:37:18.712] [info] [candidate.cpp:199] InstancePrecompute: built 50 candidates
[2026-10-05 04:37:18.712] [info] [stationary.cpp:264] NN: cost=445.555211, feasible=true, active_stations=1
[2026-10-05 04:37:18.712] [info] [candidate.cpp:199] InstancePrecompute: built 50 candidates
[2026-10-05 04:37:18.712] [info] [stationary.cpp:264] NN: cost=638.343523, feasible=true, active_stations=2
[2026-10-05 04:37:18.712] [info] [candidate.cpp:199] InstancePrecompute: built 75 candidates
[2026-10-05 04:37:18.712] [info] [stationary.cpp:264] NN: cost=274.187822, feasible=true, active_stations=1
[2026-10-05 04:37:18.712] [info] [candidate.cpp:199] InstancePrecompute: built 25 candidates
[2026-10-05 04:37:18.712] [info] [stationary.cpp:264] NN: cost=158.514835, feasible=true, active_stations=1
[2026-10-05 04:37:18.712] [info] [candidate.cpp:199] InstancePrecompute: built 25 candidates
[2026-10-05 04:37:18.712] [info] [stationary.cpp:264] NN: cost=484.112873, feasible=true, active_stations=1
[2026-10-05 04:37:18.712] [info] [candidate.cpp:199] InstancePrecompute: built 25 candidates
[2026-10-05 04:37:18.712] [info] [stationary.cpp:264] NN: cost=175.651573, feasible=true, active_stations=1
[2026-10-05 04:37:18.712] [info] [candidate.cpp:199] InstancePrecompute: built 25 candidates
[2026-10-05 04:37:18.712] [info] [stationary.cpp:264] NN: cost=728.311402, feasible=true, active_stations=1
[2026-10-05 04:37:18.712] [info] [candidate.cpp:199] InstancePrecompute: built 75 candidates
[2026-10-05 04:37:18.712] [info] [stationary.cpp:264] NN: cost=492.681243, feasible=true, active_stations=3
[2026-10-05 04:37:18.712] [info] [candidate.cpp:199] InstancePrecompute: built 25 candidates
[2026-10-05 04:37:18.712] [info] [stationary.cpp:264] NN: cost=445.555211, feasible=true, active_stations=1
[2026-10-05 04:37:18.712] [info] [candidate.cpp:199] InstancePrecompute: built 50 candidates
[2026-10-05 04:37:18.712] [info] [stationary.cpp:264] NN: cost=638.343523, feasible=true, active_stations=2
[2026-10-05 04:37:18.712] [info] [candidate.cpp:199] InstancePrecompute: built 50 candidates
[2026-10-05 04:37:18.712] [info] [stationary.cpp:264] NN: cost=351.303147, feasible=true, active_stations=2
[2026-10-05 04:37:18.712] [info] [candidate.cpp:199] InstancePrecompute: built 25 candidates
[2026-10-05 04:37:18.712] [info] [stationary.cpp:264] NN: cost=274.187822, feasible=true, active_stations=1
[2026-10-05 04:37:18.712] [info] [candidate.cpp:199] InstancePrecompute: built 25 candidates
[2026-10-05 04:37:18.712] [info] [stationary.cpp:264] NN: cost=158.514835, feasible=true, active_stations=1
[2026-10-05 04:37:18.712] [info] [candidate.cpp:199] InstancePrecompute: built 25 candidates
[2026-10-05 04:37:18.712] [info] [stationary.cpp:264] NN: cost=484.112873, feasible=true, active_stations=1
[2026-10-05 04:37:18.712] [info] [candidate.cpp:199] InstancePrecompute: built 25 candidates
[2026-10-05 04:37:18.712] [info] [stationary.cpp:264] NN: cost=175.651573, feasible=true, active_stations=1
[2026-10-05 04:37:18.712] [info] [candidate.cpp:199] InstancePrecompute: built 25 candidates
[2026-10-05 04:37:18.712] [info] [stationary.cpp:264] NN: cost=728.311402, feasible=true, active_stations=1
[2026-10-05 04:37:18.712] [info] [candidate.cpp:199] InstancePrecompute: built 50 candidates
[2026-10-05 04:37:18.712] [info] [stationary.cpp:264] NN: cost=471.260319, feasible=true, active_stations=2
[2026-10-05 04:37:18.712] [info] [candidate.cpp:199] InstancePrecompute: built 50 candidates
[2026-10-05 04:37:18.712] [info] [stationary.cpp:264] NN: cost=445.555211, feasible=true, active_stations=1
[2026-10-05 04:37:18.712] [info] [candidate.cpp:199] InstancePrecompute: built 25 candidates
[2026-10-05 04:37:18.712] [info] [stationary.cpp:264] NN: cost=209.925051, feasible=true, active_stations=1
[2026-10-05 04:37:18.712] [info] [candidate.cpp:199] InstancePrecompute: built 25 candidates
[2026-10-05 04:37:18.712] [info] [stationary.cpp:264] NN: cost=428.418472, feasible=true, active_stations=1
[2026-10-05 04:37:18.712] [info] [candidate.cpp:199] InstancePrecompute: built 75 candidates
[2026-10-05 04:37:18.712] [info] [stationary.cpp:264] NN: cost=274.187822, feasible=true, active_stations=1
[2026-10-05 04:37:18.712] [info] [candidate.cpp:199] InstancePrecompute: built 25 candidates
[2026-10-05 04:37:18.712] [info] [stationary.cpp:264] NN: cost=158.514835, feasible=true, active_stations=1
[2026-10-05 04:37:18.712] [info] [candidate.cpp:199] InstancePrecompute: built 25 candidates
[2026-10-05 04:37:18.712] [info] [stationary.cpp:264] NN: cost=484.112873, feasible=true, active_stations=1
[2026-10-05 04:37:18.712] [info] [candidate.cpp:199] InstancePrecompute: built 25 candidates
[2026-10-05 04:37:18.712] [info] [stationary.cpp:264] NN: cost=175.651573, feasible=true, active_stations=1
[2026-10-05 04:37:18.712] [info] [candidate.cpp:199] InstancePrecompute: built 25 candidates
[2026-10-05 04:37:18.712] [info] [stationary.cpp:264] NN: cost=728.311402, feasible=true, active_stations=1
[2026-10-05 04:37:18.712] [info] [candidate.cpp:199] InstancePrecompute: built 50 candidates
[2026-10-05 04:37:18.712] [info] [stationary.cpp:264] NN: cost=471.260319, feasible=true, active_stations=2
[2026-10-05 04:37:18.712] [info] [candidate.cpp:199] InstancePrecompute: built 25 candidates
[2026-10-05 04:37:18.712] [info] [stationary.cpp:264] NN: cost=21.420924, feasible=true, active_stations=1
[2026-10-05 04:37:18.712] [info] [candidate.cpp:199] InstancePrecompute: built 25 candidates
[2026-10-05 04:37:18.712] [info] [stationary.cpp:264] NN: cost=209.925051, feasible=true, active_stations=1
[2026-10-05 04:37:18.712] [info] [candidate.cpp:199] InstancePrecompute: built 100 candidates
[2026-10-05 04:37:18.712] [info] [stationary.cpp:264] NN: cost=719.743033, feasible=true, active_stations=2
[2026-10-05 04:37:18.712] [info] [candidate.cpp:199] InstancePrecompute: built 25 candidates
[2026-10-05 04:37:18.712] [info] [stationary.cpp:264] NN: cost=428.418472, feasible=true, active_stations=1
[2026-10-05 04:37:18.712] [info] [candidate.cpp:199] InstancePrecompute: built 25 candidates
[2026-10-05 04:37:18.712] [info] [stationary.cpp:264] NN: cost=158.514835, feasible=true, active_stations=1
[2026-10-05 04:37:18.712] [info] [candidate.cpp:199] InstancePrecompute: built 25 candidates
[2026-10-05 04:37:18.712] [info] [stationary.cpp:264] NN: cost=484.112873, feasible=true, active_stations=1
[2026-10-05 04:37:18.712] [info] [candidate.cpp:199] InstancePrecompute: built 25 candidates
[2026-10-05 04:37:18.712] [info] [stationary.cpp:264] NN: cost=175.651573, feasible=true, active_stations=1
[2026-10-05 04:37:18.712] [info] [candidate.cpp:199] InstancePrecompute: built 25 candidates
[2026-10-05 04:37:18.712] [info] [stationary.cpp:264] NN: cost=728.311402, feasible=true, active_stations=1
[2026-10-05 04:37:18.712] [info] [candidate.cpp:199] InstancePrecompute: built 75 candidates
[2026-10-05 04:37:18.712] [info] [stationary.cpp:264] NN: cost=492.681243, feasible=true, active_stations=3
[2026-10-05 04:37:18.712] [info] [candidate.cpp:199] InstancePrecompute: built 25 candidates
[2026-10-05 04:37:18.712] [info] [stationary.cpp:264] NN: cost=209.925051, feasible=true, active_stations=1
[2026-10-05 04:37:18.712] [info] [candidate.cpp:199] InstancePrecompute: built 50 candidates
[2026-10-05 04:37:18.712] [info] [stationary.cpp:264] NN: cost=351.303147, feasible=true, active_stations=2
[2026-10-05 04:37:18.712] [info] [candidate.cpp:199] InstancePrecompute: built 50 candidates
[2026-10-05 04:37:18.712] [info] [stationary.cpp:264] NN: cost=719.743033, feasible=true, active_stations=2
[2026-10-05 04:37:18.712] [info] [candidate.cpp:199] InstancePrecompute: built 25 candidates
[2026-10-05 04:37:18.712] [info] [stationary.cpp:264] NN: cost=428.418472, feasible=true, active_stations=1
[2026-10-05 04:37:18.712] [info] [candidate.cpp:199] InstancePrecompute: built 25 candidates
[2026-10-05 04:37:18.712] [info] [stationary.cpp:264] NN: cost=158.514835, feasible=true, active_stations=1
[2026-10-05 04:37:18.712] [info] [candidate.cpp:199] InstancePrecompute: built 25 candidates
[2026-10-05 04:37:18.712] [info] [stationary.cpp:264] NN: cost=484.112873, feasible=true, active_stations=1
[2026-10-05 04:37:18.712] [info] [candidate.cpp:199] InstancePrecompute: built 25 candidates
[2026-10-05 04:37:18.712] [info] [stationary.cpp:264] NN: cost=175.651573, feasible=true, active_stations=1
[2026-10-05 04:37:18.712] [info] [candidate.cpp:199] InstancePrecompute: built 25 candidates
[2026-10-05 04:37:18.712] [info] [stationary.cpp:264] NN: cost=728.311402, feasible=true, active_stations=1
[2026-10-05 04:37:18.712] [info] [candidate.cpp:199] InstancePrecompute: built 50 candidates
[2026-10-05 04:37:18.712] [info] [stationary.cpp:264] NN: cost=471.260319, feasible=true, active_stations=2
[2026-10-05 04:37:18.712] [info] [candidate.cpp:199] InstancePrecompute: built 25 candidates
[2026-10-05 04:37:18.712] [info] [stationary.cpp:264] NN: cost=21.420924, feasible=true, active_stations=1
[2026-10-05 04:37:18.712] [info] [candidate.cpp:199] InstancePrecompute: built 25 candidates
[2026-10-05 04:37:18.712] [info] [stationary.cpp:264] NN: cost=209.925051, feasible=true, active_stations=1
[2026-10-05 04:37:18.712] [info] [candidate.cpp:199] InstancePrecompute: built 100 candidates
[2026-10-05 04:37:18.712] [info] [stationary.cpp:264] NN: cost=719.743033, feasible=true, active_stations=2
[2026-10-05 04:37:18.712] [info] [candidate.cpp:199] InstancePrecompute: built 25 candidates
[2026-10-05 04:37:18.712] [info] [stationary.cpp:264] NN: cost=428.418472, feasible=true, active_stations=1
[2026-10-05 04:37:18.712] [info] [candidate.cpp:199] InstancePrecompute: built 25 candidates
[2026-10-05 04:37:18.712] [info] [stationary.cpp:264] NN: cost=158.514835, feasible=true, active_stations=1
[2026-10-05 04:37:18.712] [info] [candidate.cpp:199] InstancePrecompute: built 25 candidates
[2026-10-05 04:37:18.712] [info] [stationary.cpp:264] NN: cost=484.112873, feasible=true, active_stations=1
[2026-10-05 04:37:18.712] [info] [candidate.cpp:199] InstancePrecompute: built 25 candidates
[2026-10-05 04:37:18.712] [info] [stationary.cpp:264] NN: cost=728.311402, feasible=true, active_stations=1
[2026-10-05 04:37:18.712] [info] [candidate.cpp:199] InstancePrecompute: built 25 candidates
[2026-10-05 04:37:18.712] [info] [stationary.cpp:264] NN: cost=248.482714, feasible=true, active_stations=1
[2026-10-05 04:37:18.712] [info] [candidate.cpp:199] InstancePrecompute: built 50 candidates
[2026-10-05 04:37:18.712] [info] [stationary.cpp:264] NN: cost=197.072497, feasible=true, active_stations=2
[2026-10-05 04:37:18.712] [info] [candidate.cpp:199] InstancePrecompute: built 50 candidates
[2026-10-05 04:37:18.712] [info] [stationary.cpp:264] NN: cost=432.702657, feasible=true, active_stations=2
[2026-10-05 04:37:18.712] [info] [candidate.cpp:199] InstancePrecompute: built 50 candidates
[2026-10-05 04:37:18.712] [info] [stationary.cpp:264] NN: cost=659.764447, feasible=true, active_stations=2
[2026-10-05 04:37:18.712] [info] [candidate.cpp:199] InstancePrecompute: built 25 candidates
[2026-10-05 04:37:18.712] [info] [stationary.cpp:264] NN: cost=428.418472, feasible=true, active_stations=1
[2026-10-05 04:37:18.712] [info] [candidate.cpp:199] InstancePrecompute: built 50 candidates
[2026-10-05 04:37:18.713] [info] [stationary.cpp:264] NN: cost=274.187822, feasible=true, active_stations=1
[2026-10-05 04:37:18.713] [info] [candidate.cpp:199] InstancePrecompute: built 25 candidates
[2026-10-05 04:37:18.713] [info] [stationary.cpp:264] NN: cost=158.514835, feasible=true, active_stations=1
[2026-10-05 04:37:18.713] [info] [candidate.cpp:199] InstancePrecompute: built 25 candidates
[2026-10-05 04:37:18.713] [info] [stationary.cpp:264] NN: cost=484.112873, feasible=true, active_stations=1
[2026-10-05 04:37:18.713] [info] [candidate.cpp:199] InstancePrecompute: built 25 candidates
[2026-10-05 04:37:18.713] [info] [stationary.cpp:264] NN: cost=728.311402, feasible=true, active_stations=1
[2026-10-05 04:37:18.713] [info] [candidate.cpp:199] InstancePrecompute: built 50 candidates
[2026-10-05 04:37:18.713] [info] [stationary.cpp:264] NN: cost=269.903637, feasible=true, active_stations=2
[2026-10-05 04:37:18.713] [info] [candidate.cpp:199] InstancePrecompute: built 25 candidates
[2026-10-05 04:37:18.713] [info] [stationary.cpp:264] NN: cost=175.651573, feasible=true, active_stations=1
[2026-10-05 04:37:18.713] [info] [candidate.cpp:199] InstancePrecompute: built 25 candidates
[2026-10-05 04:37:18.713] [info] [stationary.cpp:264] NN: cost=209.925051, feasible=true, active_stations=1
[2026-10-05 04:37:18.713] [info] [candidate.cpp:199] InstancePrecompute: built 50 candidates
[2026-10-05 04:37:18.713] [info] [stationary.cpp:264] NN: cost=436.986841, feasible=true, active_stations=2
[2026-10-05 04:37:18.713] [info] [candidate.cpp:199] InstancePrecompute: built 25 candidates
[2026-10-05 04:37:18.713] [info] [stationary.cpp:264] NN: cost=445.555211, feasible=true, active_stations=1
[2026-10-05 04:37:18.713] [info] [candidate.cpp:199] InstancePrecompute: built 25 candidates
[2026-10-05 04:37:18.713] [info] [stationary.cpp:264] NN: cost=428.418472, feasible=true, active_stations=1
[2026-10-05 04:37:18.713] [info] [candidate.cpp:199] InstancePrecompute: built 25 candidates
[2026-10-05 04:37:18.713] [info] [stationary.cpp:264] NN: cost=137.093911, feasible=true, active_stations=1
[2026-10-05 04:37:18.713] [info] [candidate.cpp:199] InstancePrecompute: built 25 candidates
[2026-10-05 04:37:18.713] [info] [stationary.cpp:264] NN: cost=274.187822, feasible=true, active_stations=1
[2026-10-05 04:37:18.713] [info] [candidate.cpp:199] InstancePrecompute: built 25 candidates
[2026-10-05 04:37:18.713] [info] [stationary.cpp:264] NN: cost=158.514835, feasible=true, active_stations=1
[2026-10-05 04:37:18.713] [info] [candidate.cpp:199] InstancePrecompute: built 25 candidates
[2026-10-05 04:37:18.713] [info] [stationary.cpp:264] NN: cost=484.112873, feasible=true, active_stations=1
[2026-10-05 04:37:18.713] [info] [candidate.cpp:199] InstancePrecompute: built 25 candidates
[2026-10-05 04:37:18.713] [info] [stationary.cpp:264] NN: cost=728.311402, feasible=true, active_stations=1
[2026-10-05 04:37:18.713] [info] [candidate.cpp:199] InstancePrecompute: built 25 candidates
[2026-10-05 04:37:18.713] [info] [stationary.cpp:264] NN: cost=248.482714, feasible=true, active_stations=1
[2026-10-05 04:37:18.713] [info] [candidate.cpp:199] InstancePrecompute: built 50 candidates
[2026-10-05 04:37:18.713] [info] [stationary.cpp:264] NN: cost=197.072497, feasible=true, active_stations=2
[2026-10-05 04:37:18.713] [info] [candidate.cpp:199] InstancePrecompute: built 25 candidates
[2026-10-05 04:37:18.713] [info] [stationary.cpp:264] NN: cost=209.925051, feasible=true, active_stations=1
[2026-10-05 04:37:18.713] [info] [candidate.cpp:199] InstancePrecompute: built 25 candidates
[2026-10-05 04:37:18.713] [info] [stationary.cpp:264] NN: cost=222.777605, feasible=true, active_stations=1
[2026-10-05 04:37:18.713] [info] [candidate.cpp:199] InstancePrecompute: built 50 candidates
[2026-10-05 04:37:18.713] [info] [stationary.cpp:264] NN: cost=659.764447, feasible=true, active_stations=2
[2026-10-05 04:37:18.713] [info] [candidate.cpp:199] InstancePrecompute: built 25 candidates
[2026-10-05 04:37:18.713] [info] [stationary.cpp:264] NN: cost=428.418472, feasible=true, active_stations=1
[2026-10-05 04:37:18.713] [info] [candidate.cpp:199] InstancePrecompute: built 50 candidates
[2026-10-05 04:37:18.713] [info] [stationary.cpp:264] NN: cost=274.187822, feasible=true, active_stations=1
[2026-10-05 04:37:18.713] [info] [candidate.cpp:199] InstancePrecompute: built 25 candidates
[2026-10-05 04:37:18.713] [info] [stationary.cpp:264] NN: cost=158.514835, feasible=true, active_stations=1
[2026-10-05 04:37:18.713] [info] [candidate.cpp:199] InstancePrecompute: built 25 candidates
[2026-10-05 04:37:18.713] [info] [stationary.cpp:264] NN: cost=484.112873, feasible=true, active_stations=1
[2026-10-05 04:37:18.713] [info] [candidate.cpp:199] InstancePrecompute: built 25 candidates
[2026-10-05 04:37:18.713] [info] [stationary.cpp:264] NN: cost=175.651573, feasible=true, active_stations=1
[2026-10-05 04:37:18.713] [info] [candidate.cpp:199] InstancePrecompute: built 25 candidates
[2026-10-05 04:37:18.713] [info] [stationary.cpp:264] NN: cost=728.311402, feasible=true, active_stations=1
[2026-10-05 04:37:18.713] [info] [candidate.cpp:199] InstancePrecompute: built 50 candidates
[2026-10-05 04:37:18.713] [info] [stationary.cpp:264] NN: cost=471.260319, feasible=true, active_stations=2
[2026-10-05 04:37:18.713] [info] [candidate.cpp:199] InstancePrecompute: built 25 candidates
[2026-10-05 04:37:18.713] [info] [stationary.cpp:264] NN: cost=21.420924, feasible=true, active_stations=1
[2026-10-05 04:37:18.713] [info] [candidate.cpp:199] InstancePrecompute: built 25 candidates
[2026-10-05 04:37:18.713] [info] [stationary.cpp:264] NN: cost=209.925051, feasible=true, active_stations=1
[2026-10-05 04:37:18.713] [info] [candidate.cpp:199] InstancePrecompute: built 25 candidates
[2026-10-05 04:37:18.713] [info] [stationary.cpp:264] NN: cost=214.209236, feasible=true, active_stations=1
[2026-10-05 04:37:18.713] [info] [candidate.cpp:199] InstancePrecompute: built 25 candidates
[2026-10-05 04:37:18.713] [info] [stationary.cpp:264] NN: cost=445.555211, feasible=true, active_stations=1
[2026-10-05 04:37:18.713] [info] [candidate.cpp:199] InstancePrecompute: built 25 candidates
[2026-10-05 04:37:18.713] [info] [stationary.cpp:264] NN: cost=428.418472, feasible=true, active_stations=1
[2026-10-05 04:37:18.713] [info] [candidate.cpp:199] InstancePrecompute: built 25 candidates
[2026-10-05 04:37:18.713] [info] [stationary.cpp:264] NN: cost=137.093911, feasible=true, active_stations=1
[2026-10-05 04:37:18.713] [info] [candidate.cpp:199] InstancePrecompute: built 25 candidates
[2026-10-05 04:37:18.713] [info] [stationary.cpp:264] NN: cost=274.187822, feasible=true, active_stations=1
[2026-10-05 04:37:18.713] [info] [candidate.cpp:199] InstancePrecompute: built 25 candidates
[2026-10-05 04:37:18.713] [info] [stationary.cpp:264] NN: cost=158.514835, feasible=true, active_stations=1
[2026-10-05 04:37:18.713] [info] [candidate.cpp:199] InstancePrecompute: built 25 candidates
[2026-10-05 04:37:18.713] [info] [stationary.cpp:264] NN: cost=484.112873, feasible=true, active_stations=1
[2026-10-05 04:37:18.713] [info] [candidate.cpp:199] InstancePrecompute: built 25 candidates
[2026-10-05 04:37:18.713] [info] [stationary.cpp:264] NN: cost=175.651573, feasible=true, active_stations=1
[2026-10-05 04:37:18.713] [info] [candidate.cpp:199] InstancePrecompute: built 25 candidates
[2026-10-05 04:37:18.713] [info] [stationary.cpp:264] NN: cost=728.311402, feasible=true, active_stations=1
[2026-10-05 04:37:18.713] [info] [candidate.cpp:199] InstancePrecompute: built 50 candidates
[2026-10-05 04:37:18.713] [info] [stationary.cpp:264] NN: cost=471.260319, feasible=true, active_stations=2
[2026-10-05 04:37:18.713] [info] [candidate.cpp:199] InstancePrecompute: built 25 candidates
[2026-10-05 04:37:18.713] [info] [stationary.cpp:264] NN: cost=21.420924, feasible=true, active_stations=1
[2026-10-05 04:37:18.713] [info] [candidate.cpp:199] InstancePrecompute: built 25 candidates
[2026-10-05 04:37:18.713] [info] [stationary.cpp:264] NN: cost=209.925051, feasible=true, active_stations=1
[2026-10-05 04:37:18.713] [info] [candidate.cpp:199] InstancePrecompute: built 50 candidates
[2026-10-05 04:37:18.713] [info] [stationary.cpp:264] NN: cost=659.764447, feasible=true, active_stations=2
[2026-10-05 04:37:18.713] [info] [candidate.cpp:199] InstancePrecompute: built 25 candidates
[2026-10-05 04:37:18.713] [info] [stationary.cpp:264] NN: cost=428.418472, feasible=true, active_stations=1
[2026-10-05 04:37:18.713] [info] [candidate.cpp:199] InstancePrecompute: built 50 candidates
[2026-10-05 04:37:18.713] [info] [stationary.cpp:264] NN: cost=274.187822, feasible=true, active_stations=1
[2026-10-05 04:37:18.713] [info] [candidate.cpp:199] InstancePrecompute: built 25 candidates
[2026-10-05 04:37:18.713] [info] [stationary.cpp:264] NN: cost=158.514835, feasible=true, active_stations=1
[2026-10-05 04:37:18.713] [info] [candidate.cpp:199] InstancePrecompute: built 25 candidates
[2026-10-05 04:37:18.713] [info] [stationary.cpp:264] NN: cost=484.112873, feasible=true, active_stations=1
[2026-10-05 04:37:18.713] [info] [candidate.cpp:199] InstancePrecompute: built 25 candidates
[2026-10-05 04:37:18.713] [info] [stationary.cpp:264] NN: cost=175.651573, feasible=true, active_stations=1
[2026-10-05 04:37:18.713] [info] [candidate.cpp:199] InstancePrecompute: built 25 candidates
[2026-10-05 04:37:18.713] [info] [stationary.cpp:264] NN: cost=728.311402, feasible=true, active_stations=1
[2026-10-05 04:37:18.713] [info] [candidate.cpp:199] InstancePrecompute: built 50 candidates
[2026-10-05 04:37:18.713] [info] [stationary.cpp:264] NN: cost=471.260319, feasible=true, active_stations=2
[2026-10-05 04:37:18.713] [info] [candidate.cpp:199] InstancePrecompute: built 25 candidates
[2026-10-05 04:37:18.713] [info] [stationary.cpp:264] NN: cost=21.420924, feasible=true, active_stations=1
[2026-10-05 04:37:18.713] [info] [candidate.cpp:199] InstancePrecompute: built 25 candidates
[2026-10-05 04:37:18.713] [info] [stationary.cpp:264] NN: cost=209.925051, feasible=true, active_stations=1
[2026-10-05 04:37:18.713] [info] [candidate.cpp:199] InstancePrecompute: built 50 candidates
[2026-10-05 04:37:18.713] [info] [stationary.cpp:264] NN: cost=659.764447, feasible=true, active_stations=2
[2026-10-05 04:37:18.713] [info] [candidate.cpp:199] InstancePrecompute: built 25 candidates
[2026-10-05 04:37:18.713] [info] [stationary.cpp:264] NN: cost=428.418472, feasible=true, active_stations=1
[2026-10-05 04:37:18.713] [info] [candidate.cpp:199] InstancePrecompute: built 50 candidates
[2026-10-05 04:37:18.713] [info] [stationary.cpp:264] NN: cost=274.187822, feasible=true, active_stations=1
[2026-10-05 04:37:18.713] [info] [candidate.cpp:199] InstancePrecompute: built 25 candidates
[2026-10-05 04:37:18.713] [info] [stationary.cpp:264] NN: cost=158.514835, feasible=true, active_stations=1
[2026-10-05 04:37:18.713] [info] [candidate.cpp:199] InstancePrecompute: built 25 candidates
[2026-10-05 04:37:18.713] [info] [stationary.cpp:264] NN: cost=484.112873, feasible=true, active_stations=1
[2026-10-05 04:37:18.713] [info] [candidate.cpp:199] InstancePrecompute: built 25 candidates
[2026-10-05 04:37:18.713] [info] [stationary.cpp:264] NN: cost=175.651573, feasible=true, active_stations=1
[2026-10-05 04:37:18.713] [info] [candidate.cpp:199] InstancePrecompute: built 25 candidates
[2026-10-05 04:37:18.713] [info] [stationary.cpp:264] NN: cost=728.311402, feasible=true, active_stations=1
[2026-10-05 04:37:18.713] [info] [candidate.cpp:199] InstancePrecompute: built 50 candidates
[2026-10-05 04:37:18.713] [info] [stationary.cpp:264] NN: cost=471.260319, feasible=true, active_stations=2
[2026-10-05 04:37:18.713] [info] [candidate.cpp:199] InstancePrecompute: built 25 candidates
[2026-10-05 04:37:18.713] [info] [stationary.cpp:264] NN: cost=21.420924, feasible=true, active_stations=1
[2026-10-05 04:37:18.713] [info] [candidate.cpp:199] InstancePrecompute: built 25 candidates
[2026-10-05 04:37:18.713] [info] [stationary.cpp:264] NN: cost=209.925051, feasible=true, active_stations=1
[2026-10-05 04:37:18.713] [info] [candidate.cpp:199] InstancePrecompute: built 50 candidates
[2026-10-05 04:37:18.713] [info] [stationary.cpp:264] NN: cost=659.764447, feasible=true, active_stations=2
[2026-10-05 04:37:18.713] [info] [candidate.cpp:199] InstancePrecompute: built 25 candidates
[2026-10-05 04:37:18.713] [info] [stationary.cpp:264] NN: cost=428.418472, feasible=true, active_stations=1
[2026-10-05 04:37:18.713] [info] [candidate.cpp:199] InstancePrecompute: built 50 candidates
[2026-10-05 04:37:18.713] [info] [stationary.cpp:264] NN: cost=274.187822, feasible=true, active_stations=1
[2026-10-05 04:37:18.713] [info] [candidate.cpp:199] InstancePrecompute: built 25 candidates
[2026-10-05 04:37:18.713] [info] [stationary.cpp:264] NN: cost=158.514835, feasible=true, active_stations=1
[2026-10-05 04:37:18.713] [info] [candidate.cpp:199] InstancePrecompute: built 25 candidates
[2026-10-05 04:37:18.713] [info] [stationary.cpp:264] NN: cost=484.112873, feasible=true, active_stations=1
[2026-10-05 04:37:18.713] [info] [candidate.cpp:199] InstancePrecompute: built 25 candidates
[2026-10-05 04:37:18.713] [info] [stationary.cpp:264] NN: cost=175.651573, feasible=true, active_stations=1
[2026-10-05 04:37:18.713] [info] [candidate.cpp:199] InstancePrecompute: built 25 candidates
[2026-10-05 04:37:18.713] [info] [stationary.cpp:264] NN: cost=728.311402, feasible=true, active_stations=1
[2026-10-05 04:37:18.713] [info] [candidate.cpp:199] InstancePrecompute: built 25 candidates
[2026-10-05 04:37:18.713] [info] [stationary.cpp:264] NN: cost=248.482714, feasible=true, active_stations=1
[2026-10-05 04:37:18.713] [info] [candidate.cpp:199] InstancePrecompute: built 25 candidates
[2026-10-05 04:37:18.713] [info] [stationary.cpp:264] NN: cost=21.420924, feasible=true, active_stations=1
[2026-10-05 04:37:18.713] [info] [candidate.cpp:199] InstancePrecompute: built 25 candidates
[2026-10-05 04:37:18.713] [info] [stationary.cpp:264] NN: cost=222.777605, feasible=true, active_stations=1
[2026-10-05 04:37:18.713] [info] [candidate.cpp:199] InstancePrecompute: built 25 candidates
[2026-10-05 04:37:18.713] [info] [stationary.cpp:264] NN: cost=445.555211, feasible=true, active_stations=1
[2026-10-05 04:37:18.713] [info] [candidate.cpp:199] InstancePrecompute: built 50 candidates
[2026-10-05 04:37:18.713] [info] [stationary.cpp:264] NN: cost=638.343523, feasible=true, active_stations=2
[2026-10-05 04:37:18.713] [info] [candidate.cpp:199] InstancePrecompute: built 50 candidates
[2026-10-05 04:37:18.713] [info] [stationary.cpp:264] NN: cost=351.303147, feasible=true, active_stations=2
[2026-10-05 04:37:18.713] [info] [candidate.cpp:199] InstancePrecompute: built 25 candidates
[2026-10-05 04:37:18.713] [info] [stationary.cpp:264] NN: cost=274.187822, feasible=true, active_stations=1
[2026-10-05 04:37:18.713] [info] [candidate.cpp:199] InstancePrecompute: built 25 candidates
[2026-10-05 04:37:18.713] [info] [stationary.cpp:264] NN: cost=158.514835, feasible=true, active_stations=1
[2026-10-05 04:37:18.713] [info] [candidate.cpp:199] InstancePrecompute: built 25 candidates
[2026-10-05 04:37:18.713] [info] [stationary.cpp:264] NN: cost=484.112873, feasible=true, active_stations=1
[2026-10-05 04:37:18.713] [info] [candidate.cpp:199] InstancePrecompute: built 25 candidates
[2026-10-05 04:37:18.713] [info] [stationary.cpp:264] NN: cost=175.651573, feasible=true, active_stations=1
[2026-10-05 04:37:18.713] [info] [candidate.cpp:199] InstancePrecompute: built 25 candidates
[2026-10-05 04:37:18.713] [info] [stationary.cpp:264] NN: cost=728.311402, feasible=true, active_stations=1
[2026-10-05 04:37:18.713] [info] [candidate.cpp:199] InstancePrecompute: built 25 candidates
[2026-10-05 04:37:18.713] [info] [stationary.cpp:264] NN: cost=248.482714, feasible=true, active_stations=1
[2026-10-05 04:37:18.713] [info] [candidate.cpp:199] InstancePrecompute: built 25 candidates
[2026-10-05 04:37:18.713] [info] [stationary.cpp:264] NN: cost=21.420924, feasible=true, active_stations=1
[2026-10-05 04:37:18.713] [info] [candidate.cpp:199] InstancePrecompute: built 25 candidates
[2026-10-05 04:37:18.713] [info] [stationary.cpp:264] NN: cost=222.777605, feasible=true, active_stations=1
[2026-10-05 04:37:18.713] [info] [candidate.cpp:199] InstancePrecompute: built 25 candidates
[2026-10-05 04:37:18.713] [info] [stationary.cpp:264] NN: cost=445.555211, feasible=true, active_stations=1
[2026-10-05 04:37:18.713] [info] [candidate.cpp:199] InstancePrecompute: built 50 candidates
[2026-10-05 04:37:18.713] [info] [stationary.cpp:264] NN: cost=638.343523, feasible=true, active_stations=2
[2026-10-05 04:37:18.713] [info] [candidate.cpp:199] InstancePrecompute: built 75 candidates
[2026-10-05 04:37:18.713] [info] [stationary.cpp:264] NN: cost=274.187822, feasible=true, active_stations=1
[2026-10-05 04:37:18.713] [info] [candidate.cpp:199] InstancePrecompute: built 25 candidates
[2026-10-05 04:37:18.713] [info] [stationary.cpp:264] NN: cost=158.514835, feasible=true, active_stations=1
[2026-10-05 04:37:18.713] [info] [candidate.cpp:199] InstancePrecompute: built 25 candidates
[2026-10-05 04:37:18.713] [info] [stationary.cpp:264] NN: cost=484.112873, feasible=true, active_stations=1
[2026-10-05 04:37:18.713] [info] [candidate.cpp:199] InstancePrecompute: built 25 candidates
[2026-10-05 04:37:18.713] [info] [stationary.cpp:264] NN: cost=175.651573, feasible=true, active_stations=1
[2026-10-05 04:37:18.713] [info] [candidate.cpp:199] InstancePrecompute: built 25 candidates
[2026-10-05 04:37:18.713] [info] [stationary.cpp:264] NN: cost=728.311402, feasible=true, active_stations=1
[2026-10-05 04:37:18.713] [info] [candidate.cpp:199] InstancePrecompute: built 25 candidates
[2026-10-05 04:37:18.713] [info] [stationary.cpp:264] NN: cost=248.482714, feasible=true, active_stations=1
[2026-10-05 04:37:18.713] [info] [candidate.cpp:199] InstancePrecompute: built 25 candidates
[2026-10-05 04:37:18.713] [info] [stationary.cpp:264] NN: cost=21.420924, feasible=true, active_stations=1
[2026-10-05 04:37:18.713] [info] [candidate.cpp:199] InstancePrecompute: built 25 candidates
[2026-10-05 04:37:18.713] [info] [stationary.cpp:264] NN: cost=222.777605, feasible=true, active_stations=1
[2026-10-05 04:37:18.713] [info] [candidate.cpp:199] InstancePrecompute: built 25 candidates
[2026-10-05 04:37:18.713] [info] [stationary.cpp:264] NN: cost=445.555211, feasible=true, active_stations=1
[2026-10-05 04:37:18.713] [info] [candidate.cpp:199] InstancePrecompute: built 25 candidates
[2026-10-05 04:37:18.713] [info] [stationary.cpp:264] NN: cost=209.925051, feasible=true, active_stations=1
[2026-10-05 04:37:18.713] [info] [candidate.cpp:199] InstancePrecompute: built 25 candidates
[2026-10-05 04:37:18.713] [info] [stationary.cpp:264] NN: cost=428.418472, feasible=true, active_stations=1
[2026-10-05 04:37:18.713] [info] [candidate.cpp:199] InstancePrecompute: built 75 candidates
[2026-10-05 04:37:18.713] [info] [stationary.cpp:264] NN: cost=274.187822, feasible=true, active_stations=1
[2026-10-05 04:37:18.713] [info] [candidate.cpp:199] InstancePrecompute: built 25 candidates
[2026-10-05 04:37:18.713] [info] [stationary.cpp:264] NN: cost=158.514835, feasible=true, active_stations=1
[2026-10-05 04:37:18.713] [info] [candidate.cpp:199] InstancePrecompute: built 25 candidates
[2026-10-05 04:37:18.713] [info] [stationary.cpp:264] NN: cost=484.112873, feasible=true, active_stations=1
[2026-10-05 04:37:18.713] [info] [candidate.cpp:199] InstancePrecompute: built 25 candidates
[2026-10-05 04:37:18.713] [info] [stationary.cpp:264] NN: cost=175.651573, feasible=true, active_stations=1
[2026-10-05 04:37:18.713] [info] [candidate.cpp:199] InstancePrecompute: built 25 candidates
[2026-10-05 04:37:18.713] [info] [stationary.cpp:264] NN: cost=728.311402, feasible=true, active_stations=1
[2026-10-05 04:37:18.713] [info] [candidate.cpp:199] InstancePrecompute: built 25 candidates
[2026-10-05 04:37:18.713] [info] [stationary.cpp:264] NN: cost=248.482714, feasible=true, active_stations=1
[2026-10-05 04:37:18.713] [info] [candidate.cpp:199] InstancePrecompute: built 25 candidates
[2026-10-05 04:37:18.713] [info] [stationary.cpp:264] NN: cost=21.420924, feasible=true, active_stations=1
[2026-10-05 04:37:18.713] [info] [candidate.cpp:199] InstancePrecompute: built 25 candidates
[2026-10-05 04:37:18.713] [info] [stationary.cpp:264] NN: cost=222.777605, feasible=true, active_stations=1
[2026-10-05 04:37:18.713] [info] [candidate.cpp:199] InstancePrecompute: built 25 candidates
[2026-10-05 04:37:18.713] [info] [stationary.cpp:264] NN: cost=445.555211, feasible=true, active_stations=1
[2026-10-05 04:37:18.713] [info] [candidate.cpp:199] InstancePrecompute: built 50 candidates
[2026-10-05 04:37:18.713] [info] [stationary.cpp:264] NN: cost=638.343523, feasible=true, active_stations=2
[2026-10-05 04:37:18.713] [info] [candidate.cpp:199] InstancePrecompute: built 75 candidates
[2026-10-05 04:37:18.713] [info] [stationary.cpp:264] NN: cost=274.187822, feasible=true, active_stations=1
[2026-10-05 04:37:18.713] [info] [candidate.cpp:199] InstancePrecompute: built 25 candidates
[2026-10-05 04:37:18.713] [info] [stationary.cpp:264] NN: cost=158.514835, feasible=true, active_stations=1
[2026-10-05 04:37:18.713] [info] [candidate.cpp:199] InstancePrecompute: built 25 candidates
[2026-10-05 04:37:18.713] [info] [stationary.cpp:264] NN: cost=484.112873, feasible=true, active_stations=1
[2026-10-05 04:37:18.713] [info] [candidate.cpp:199] InstancePrecompute: built 25 candidates
[2026-10-05 04:37:18.713] [info] [stationary.cpp:264] NN: cost=175.651573, feasible=true, active_stations=1
[2026-10-05 04:37:18.713] [info] [candidate.cpp:199] InstancePrecompute: built 25 candidates
[2026-10-05 04:37:18.713] [info] [stationary.cpp:264] NN: cost=728.311402, feasible=true, active_stations=1
[2026-10-05 04:37:18.713] [info] [candidate.cpp:199] InstancePrecompute: built 50 candidates
[2026-10-05 04:37:18.713] [info] [stationary.cpp:264] NN: cost=471.260319, feasible=true, active_stations=2
[2026-10-05 04:37:18.713] [info] [candidate.cpp:199] InstancePrecompute: built 25 candidates
[2026-10-05 04:37:18.713] [info] [stationary.cpp:264] NN: cost=21.420924, feasible=true, active_stations=1
[2026-10-05 04:37:18.713] [info] [candidate.cpp:199] InstancePrecompute: built 25 candidates
[2026-10-05 04:37:18.713] [info] [stationary.cpp:264] NN: cost=209.925051, feasible=true, active_stations=1
[2026-10-05 04:37:18.713] [info] [candidate.cpp:199] InstancePrecompute: built 25 candidates
[2026-10-05 04:37:18.713] [info] [stationary.cpp:264] NN: cost=214.209236, feasible=true, active_stations=1
[2026-10-05 04:37:18.713] [info] [candidate.cpp:199] InstancePrecompute: built 50 candidates
[2026-10-05 04:37:18.713] [info] [stationary.cpp:264] NN: cost=719.743033, feasible=true, active_stations=2
[2026-10-05 04:37:18.713] [info] [candidate.cpp:199] InstancePrecompute: built 25 candidates
[2026-10-05 04:37:18.713] [info] [stationary.cpp:264] NN: cost=428.418472, feasible=true, active_stations=1
[2026-10-05 04:37:18.713] [info] [candidate.cpp:199] InstancePrecompute: built 25 candidates
[2026-10-05 04:37:18.713] [info] [stationary.cpp:264] NN: cost=137.093911, feasible=true, active_stations=1
[2026-10-05 04:37:18.713] [info] [candidate.cpp:199] InstancePrecompute: built 25 candidates
[2026-10-05 04:37:18.713] [info] [stationary.cpp:264] NN: cost=158.514835, feasible=true, active_stations=1
[2026-10-05 04:37:18.713] [info] [candidate.cpp:199] InstancePrecompute: built 25 candidates
[2026-10-05 04:37:18.713] [info] [stationary.cpp:264] NN: cost=484.112873, feasible=true, active_stations=1
[2026-10-05 04:37:18.713] [info] [candidate.cpp:199] InstancePrecompute: built 25 candidates
[2026-10-05 04:37:18.713] [info] [stationary.cpp:264] NN: cost=175.651573, feasible=true, active_stations=1
[2026-10-05 04:37:18.713] [info] [candidate.cpp:199] InstancePrecompute: built 25 candidates
[2026-10-05 04:37:18.713] [info] [stationary.cpp:264] NN: cost=728.311402, feasible=true, active_stations=1
[2026-10-05 04:37:18.713] [info] [candidate.cpp:199] InstancePrecompute: built 50 candidates
[2026-10-05 04:37:18.713] [info] [stationary.cpp:264] NN: cost=471.260319, feasible=true, active_stations=2
[2026-10-05 04:37:18.713] [info] [candidate.cpp:199] InstancePrecompute: built 25 candidates
[2026-10-05 04:37:18.713] [info] [stationary.cpp:264] NN: cost=21.420924, feasible=true, active_stations=1
[2026-10-05 04:37:18.713] [info] [candidate.cpp:199] InstancePrecompute: built 25 candidates
[2026-10-05 04:37:18.713] [info] [stationary.cpp:264] NN: cost=209.925051, feasible=true, active_stations=1
[2026-10-05 04:37:18.713] [info] [candidate.cpp:199] InstancePrecompute: built 75 candidates
[2026-10-05 04:37:18.713] [info] [stationary.cpp:264] NN: cost=719.743033, feasible=true, active_stations=2
[2026-10-05 04:37:18.713] [info] [candidate.cpp:199] InstancePrecompute: built 25 candidates
[2026-10-05 04:37:18.713] [info] [stationary.cpp:264] NN: cost=428.418472, feasible=true, active_stations=1
[2026-10-05 04:37:18.713] [info] [candidate.cpp:199] InstancePrecompute: built 25 candidates
[2026-10-05 04:37:18.713] [info] [stationary.cpp:264] NN: cost=137.093911, feasible=true, active_stations=1
[2026-10-05 04:37:18.713] [info] [candidate.cpp:199] InstancePrecompute: built 25 candidates
[2026-10-05 04:37:18.713] [info] [stationary.cpp:264] NN: cost=158.514835, feasible=true, active_stations=1
[2026-10-05 04:37:18.713] [info] [candidate.cpp:199] InstancePrecompute: built 25 candidates
[2026-10-05 04:37:18.713] [info] [stationary.cpp:264] NN: cost=484.112873, feasible=true, active_stations=1
[2026-10-05 04:37:18.713] [info] [candidate.cpp:199] InstancePrecompute: built 25 candidates
[2026-10-05 04:37:18.713] [info] [stationary.cpp:264] NN: cost=175.651573, feasible=true, active_stations=1
[2026-10-05 04:37:18.713] [info] [candidate.cpp:199] InstancePrecompute: built 25 candidates
[2026-10-05 04:37:18.713] [info] [stationary.cpp:264] NN: cost=728.311402, feasible=true, active_stations=1
[2026-10-05 04:37:18.713] [info] [candidate.cpp:199] InstancePrecompute: built 50 candidates
[2026-10-05 04:37:18.713] [info] [stationary.cpp:264] NN: cost=471.260319, feasible=true, active_stations=2
[2026-10-05 04:37:18.713] [info] [candidate.cpp:199] InstancePrecompute: built 25 candidates
[2026-10-05 04:37:18.713] [info] [stationary.cpp:264] NN: cost=21.420924, feasible=true, active_stations=1
[2026-10-05 04:37:18.713] [info] [candidate.cpp:199] InstancePrecompute: built 25 candidates
[2026-10-05 04:37:18.713] [info] [stationary.cpp:264] NN: cost=209.925051, feasible=true, active_stations=1
[2026-10-05 04:37:18.713] [info] [candidate.cpp:199] InstancePrecompute: built 75 candidates
[2026-10-05 04:37:18.713] [info] [stationary.cpp:264] NN: cost=719.743033, feasible=true, active_stations=2
[2026-10-05 04:37:18.713] [info] [candidate.cpp:199] InstancePrecompute: built 25 candidates
[2026-10-05 04:37:18.713] [info] [stationary.cpp:264] NN: cost=428.418472, feasible=true, active_stations=1
[2026-10-05 04:37:18.713] [info] [candidate.cpp:199] InstancePrecompute: built 25 candidates
[2026-10-05 04:37:18.713] [info] [stationary.cpp:264] NN: cost=137.093911, feasible=true, active_stations=1
[2026-10-05 04:37:18.713] [info] [candidate.cpp:199] InstancePrecompute: built 25 candidates
[2026-10-05 04:37:18.713] [info] [stationary.cpp:264] NN: cost=158.514835, feasible=true, active_stations=1
[2026-10-05 04:37:18.713] [info] [candidate.cpp:199] InstancePrecompute: built 25 candidates
[2026-10-05 04:37:18.713] [info] [stationary.cpp:264] NN: cost=484.112873, feasible=true, active_stations=1
[2026-10-05 04:37:18.713] [info] [candidate.cpp:199] InstancePrecompute: built 25 candidates
[2026-10-05 04:37:18.713] [info] [stationary.cpp:264] NN: cost=175.651573, feasible=true, active_stations=1
[2026-10-05 04:37:18.713] [info] [candidate.cpp:199] InstancePrecompute: built 25 candidates
[2026-10-05 04:37:18.713] [info] [stationary.cpp:264] NN: cost=728.311402, feasible=true, active_stations=1
[2026-10-05 04:37:18.713] [info] [candidate.cpp:199] InstancePrecompute: built 50 candidates
[2026-10-05 04:37:18.713] [info] [stationary.cpp:264] NN: cost=471.260319, feasible=true, active_stations=2
[2026-10-05 04:37:18.713] [info] [candidate.cpp:199] InstancePrecompute: built 25 candidates
[2026-10-05 04:37:18.713] [info] [stationary.cpp:264] NN: cost=21.420924, feasible=true, active_stations=1
[2026-10-05 04:37:18.713] [info] [candidate.cpp:199] InstancePrecompute: built 25 candidates
[2026-10-05 04:37:18.713] [info] [stationary.cpp:264] NN: cost=209.925051, feasible=true, active_stations=1
[2026-10-05 04:37:18.713] [info] [candidate.cpp:199] InstancePrecompute: built 75 candidates
[2026-10-05 04:37:18.713] [info] [stationary.cpp:264] NN: cost=719.743033, feasible=true, active_stations=2
[2026-10-05 04:37:18.714] [info] [candidate.cpp:199] InstancePrecompute: built 25 candidates
[2026-10-05 04:37:18.714] [info] [stationary.cpp:264] NN: cost=428.418472, feasible=true, active_stations=1
[2026-10-05 04:37:18.714] [info] [candidate.cpp:199] InstancePrecompute: built 25 candidates
[2026-10-05 04:37:18.714] [info] [stationary.cpp:264] NN: cost=137.093911, feasible=true, active_stations=1
[2026-10-05 04:37:18.714] [info] [candidate.cpp:199] InstancePrecompute: built 25 candidates
[2026-10-05 04:37:18.714] [info] [stationary.cpp:264] NN: cost=158.514835, feasible=true, active_stations=1
[2026-10-05 04:37:18.714] [info] [candidate.cpp:199] InstancePrecompute: built 25 candidates
[2026-10-05 04:37:18.714] [info] [stationary.cpp:264] NN: cost=484.112873, feasible=true, active_stations=1
[2026-10-05 04:37:18.714] [info] [candidate.cpp:199] InstancePrecompute: built 25 candidates
[2026-10-05 04:37:18.714] [info] [stationary.cpp:264] NN: cost=728.311402, feasible=true, active_stations=1
[2026-10-05 04:37:18.714] [info] [candidate.cpp:199] InstancePrecompute: built 25 candidates
[2026-10-05 04:37:18.714] [info] [stationary.cpp:264] NN: cost=175.651573, feasible=true, active_stations=1
[2026-10-05 04:37:18.714] [info] [candidate.cpp:199] InstancePrecompute: built 50 candidates
[2026-10-05 04:37:18.714] [info] [stationary.cpp:264] NN: cost=471.260319, feasible=true, active_stations=2
[2026-10-05 04:37:18.714] [info] [candidate.cpp:199] InstancePrecompute: built 25 candidates
[2026-10-05 04:37:18.714] [info] [stationary.cpp:264] NN: cost=21.420924, feasible=true, active_stations=1
[2026-10-05 04:37:18.714] [info] [candidate.cpp:199] InstancePrecompute: built 25 candidates
[2026-10-05 04:37:18.714] [info] [stationary.cpp:264] NN: cost=209.925051, feasible=true, active_stations=1
[2026-10-05 04:37:18.714] [info] [candidate.cpp:199] InstancePrecompute: built 25 candidates
[2026-10-05 04:37:18.714] [info] [stationary.cpp:264] NN: cost=214.209236, feasible=true, active_stations=1
[2026-10-05 04:37:18.714] [info] [candidate.cpp:199] InstancePrecompute: built 50 candidates
[2026-10-05 04:37:18.714] [info] [stationary.cpp:264] NN: cost=719.743033, feasible=true, active_stations=2
[2026-10-05 04:37:18.714] [info] [candidate.cpp:199] InstancePrecompute: built 25 candidates
[2026-10-05 04:37:18.714] [info] [stationary.cpp:264] NN: cost=428.418472, feasible=true, active_stations=1
[2026-10-05 04:37:18.714] [info] [candidate.cpp:199] InstancePrecompute: built 25 candidates
[2026-10-05 04:37:18.714] [info] [stationary.cpp:264] NN: cost=137.093911, feasible=true, active_stations=1
[2026-10-05 04:37:18.714] [info] [candidate.cpp:199] InstancePrecompute: built 25 candidates
[2026-10-05 04:37:18.714] [info] [stationary.cpp:264] NN: cost=158.514835, feasible=true, active_stations=1
[2026-10-05 04:37:18.714] [info] [candidate.cpp:199] InstancePrecompute: built 25 candidates
[2026-10-05 04:37:18.714] [info] [stationary.cpp:264] NN: cost=484.112873, feasible=true, active_stations=1
[2026-10-05 04:37:18.714] [info] [candidate.cpp:199] InstancePrecompute: built 25 candidates
[2026-10-05 04:37:18.714] [info] [stationary.cpp:264] NN: cost=728.311402, feasible=true, active_stations=1
[2026-10-05 04:37:18.714] [info] [candidate.cpp:199] InstancePrecompute: built 25 candidates
[2026-10-05 04:37:18.714] [info] [stationary.cpp:264] NN: cost=175.651573, feasible=true, active_stations=1
[2026-10-05 04:37:18.714] [info] [candidate.cpp:199] InstancePrecompute: built 50 candidates
[2026-10-05 04:37:18.714] [info] [stationary.cpp:264] NN: cost=471.260319, feasible=true, active_stations=2
[2026-10-05 04:37:18.714] [info] [candidate.cpp:199] InstancePrecompute: built 25 candidates
[2026-10-05 04:37:18.714] [info] [stationary.cpp:264] NN: cost=21.420924, feasible=true, active_stations=1
[2026-10-05 04:37:18.714] [info] [candidate.cpp:199] InstancePrecompute: built 25 candidates
[2026-10-05 04:37:18.714] [info] [stationary.cpp:264] NN: cost=209.925051, feasible=true, active_stations=1
[2026-10-05 04:37:18.714] [info] [candidate.cpp:199] InstancePrecompute: built 75 candidates
[2026-10-05 04:37:18.714] [info] [stationary.cpp:264] NN: cost=719.743033, feasible=true, active_stations=2
[2026-10-05 04:37:18.714] [info] [candidate.cpp:199] InstancePrecompute: built 25 candidates
[2026-10-05 04:37:18.714] [info] [stationary.cpp:264] NN: cost=428.418472, feasible=true, active_stations=1
[2026-10-05 04:37:18.714] [info] [candidate.cpp:199] InstancePrecompute: built 25 candidates
[2026-10-05 04:37:18.714] [info] [stationary.cpp:264] NN: cost=137.093911, feasible=true, active_stations=1
[2026-10-05 04:37:18.714] [info] [candidate.cpp:199] InstancePrecompute: built 25 candidates
[2026-10-05 04:37:18.714] [info] [stationary.cpp:264] NN: cost=158.514835, feasible=true, active_stations=1
[2026-10-05 04:37:18.714] [info] [candidate.cpp:199] InstancePrecompute: built 25 candidates
[2026-10-05 04:37:18.714] [info] [stationary.cpp:264] NN: cost=484.112873, feasible=true, active_stations=1
[2026-10-05 04:37:18.714] [info] [candidate.cpp:199] InstancePrecompute: built 25 candidates
[2026-10-05 04:37:18.714] [info] [stationary.cpp:264] NN: cost=728.311402, feasible=true, active_stations=1
[2026-10-05 04:37:18.714] [info] [candidate.cpp:199] InstancePrecompute: built 25 candidates
[2026-10-05 04:37:18.714] [info] [stationary.cpp:264] NN: cost=175.651573, feasible=true, active_stations=1
[2026-10-05 04:37:18.714] [info] [candidate.cpp:199] InstancePrecompute: built 50 candidates
[2026-10-05 04:37:18.714] [info] [stationary.cpp:264] NN: cost=471.260319, feasible=true, active_stations=2
[2026-10-05 04:37:18.714] [info] [candidate.cpp:199] InstancePrecompute: built 25 candidates
[2026-10-05 04:37:18.714] [info] [stationary.cpp:264] NN: cost=21.420924, feasible=true, active_stations=1
[2026-10-05 04:37:18.714] [info] [candidate.cpp:199] InstancePrecompute: built 25 candidates
[2026-10-05 04:37:18.714] [info] [stationary.cpp:264] NN: cost=209.925051, feasible=true, active_stations=1
[2026-10-05 04:37:18.714] [info] [candidate.cpp:199] InstancePrecompute: built 75 candidates
[2026-10-05 04:37:18.714] [info] [stationary.cpp:264] NN: cost=719.743033, feasible=true, active_stations=2
[2026-10-05 04:37:18.714] [info] [candidate.cpp:199] InstancePrecompute: built 25 candidates
[2026-10-05 04:37:18.714] [info] [stationary.cpp:264] NN: cost=428.418472, feasible=true, active_stations=1
[2026-10-05 04:37:18.714] [info] [candidate.cpp:199] InstancePrecompute: built 25 candidates
[2026-10-05 04:37:18.714] [info] [stationary.cpp:264] NN: cost=137.093911, feasible=true, active_stations=1
[2026-10-05 04:37:18.714] [info] [candidate.cpp:199] InstancePrecompute: built 25 candidates
[2026-10-05 04:37:18.714] [info] [stationary.cpp:264] NN: cost=158.514835, feasible=true, active_stations=1
[2026-10-05 04:37:18.714] [info] [candidate.cpp:199] InstancePrecompute: built 25 candidates
[2026-10-05 04:37:18.714] [info] [stationary.cpp:264] NN: cost=484.112873, feasible=true, active_stations=1
[2026-10-05 04:37:18.714] [info] [candidate.cpp:199] InstancePrecompute: built 25 candidates
[2026-10-05 04:37:18.714] [info] [stationary.cpp:264] NN: cost=728.311402, feasible=true, active_stations=1
[2026-10-05 04:37:18.714] [info] [candidate.cpp:199] InstancePrecompute: built 25 candidates
[2026-10-05 04:37:18.714] [info] [stationary.cpp:264] NN: cost=175.651573, feasible=true, active_stations=1
[2026-10-05 04:37:18.714] [info] [candidate.cpp:199] InstancePrecompute: built 50 candidates
[2026-10-05 04:37:18.714] [info] [stationary.cpp:264] NN: cost=471.260319, feasible=true, active_stations=2
[2026-10-05 04:37:18.714] [info] [candidate.cpp:199] InstancePrecompute: built 25 candidates
[2026-10-05 04:37:18.714] [info] [stationary.cpp:264] NN: cost=21.420924, feasible=true, active_stations=1
[2026-10-05 04:37:18.714] [info] [candidate.cpp:199] InstancePrecompute: built 25 candidates
[2026-10-05 04:37:18.714] [info] [stationary.cpp:264] NN: cost=209.925051, feasible=true, active_stations=1
[2026-10-05 04:37:18.714] [info] [candidate.cpp:199] InstancePrecompute: built 75 candidates
[2026-10-05 04:37:18.714] [info] [stationary.cpp:264] NN: cost=719.743033, feasible=true, active_stations=2
[2026-10-05 04:37:18.714] [info] [candidate.cpp:199] InstancePrecompute: built 25 candidates
[2026-10-05 04:37:18.714] [info] [stationary.cpp:264] NN: cost=428.418472, feasible=true, active_stations=1
[2026-10-05 04:37:18.714] [info] [candidate.cpp:199] InstancePrecompute: built 25 candidates
[2026-10-05 04:37:18.714] [info] [stationary.cpp:264] NN: cost=137.093911, feasible=true, active_stations=1
[2026-10-05 04:37:18.714] [info] [candidate.cpp:199] InstancePrecompute: built 25 candidates
[2026-10-05 04:37:18.714] [info] [stationary.cpp:264] NN: cost=158.514835, feasible=true, active_stations=1
[2026-10-05 04:37:18.714] [info] [candidate.cpp:199] InstancePrecompute: built 25 candidates
[2026-10-05 04:37:18.714] [info] [stationary.cpp:264] NN: cost=484.112873, feasible=true, active_stations=1
[2026-10-05 04:37:18.714] [info] [candidate.cpp:199] InstancePrecompute: built 25 candidates
[2026-10-05 04:37:18.714] [info] [stationary.cpp:264] NN: cost=175.651573, feasible=true, active_stations=1
[2026-10-05 04:37:18.714] [info] [candidate.cpp:199] InstancePrecompute: built 25 candidates
[2026-10-05 04:37:18.714] [info] [stationary.cpp:264] NN: cost=728.311402, feasible=true, active_stations=1
[2026-10-05 04:37:18.714] [info] [candidate.cpp:199] InstancePrecompute: built 25 candidates
[2026-10-05 04:37:18.714] [info] [stationary.cpp:264] NN: cost=248.482714, feasible=true, active_stations=1
[2026-10-05 04:37:18.714] [info] [candidate.cpp:199] InstancePrecompute: built 25 candidates
[2026-10-05 04:37:18.714] [info] [stationary.cpp:264] NN: cost=222.777605, feasible=true, active_stations=1
[2026-10-05 04:37:18.714] [info] [candidate.cpp:199] InstancePrecompute: built 25 candidates
[2026-10-05 04:37:18.714] [info] [stationary.cpp:264] NN: cost=21.420924, feasible=true, active_stations=1
[2026-10-05 04:37:18.714] [info] [candidate.cpp:199] InstancePrecompute: built 25 candidates
[2026-10-05 04:37:18.714] [info] [stationary.cpp:264] NN: cost=209.925051, feasible=true, active_stations=1
[2026-10-05 04:37:18.714] [info] [candidate.cpp:199] InstancePrecompute: built 50 candidates
[2026-10-05 04:37:18.714] [info] [stationary.cpp:264] NN: cost=659.764447, feasible=true, active_stations=2
[2026-10-05 04:37:18.714] [info] [candidate.cpp:199] InstancePrecompute: built 25 candidates
[2026-10-05 04:37:18.714] [info] [stationary.cpp:264] NN: cost=428.418472, feasible=true, active_stations=1
[2026-10-05 04:37:18.714] [info] [candidate.cpp:199] InstancePrecompute: built 50 candidates
[2026-10-05 04:37:18.714] [info] [stationary.cpp:264] NN: cost=274.187822, feasible=true, active_stations=1
[2026-10-05 04:37:18.714] [info] [candidate.cpp:199] InstancePrecompute: built 25 candidates
[2026-10-05 04:37:18.714] [info] [stationary.cpp:264] NN: cost=158.514835, feasible=true, active_stations=1
[2026-10-05 04:37:18.714] [info] [candidate.cpp:199] InstancePrecompute: built 25 candidates
[2026-10-05 04:37:18.714] [info] [stationary.cpp:264] NN: cost=484.112873, feasible=true, active_stations=1
[2026-10-05 04:37:18.714] [info] [candidate.cpp:199] InstancePrecompute: built 25 candidates
[2026-10-05 04:37:18.714] [info] [stationary.cpp:264] NN: cost=175.651573, feasible=true, active_stations=1
[2026-10-05 04:37:18.714] [info] [candidate.cpp:199] InstancePrecompute: built 25 candidates
[2026-10-05 04:37:18.714] [info] [stationary.cpp:264] NN: cost=728.311402, feasible=true, active_stations=1
[2026-10-05 04:37:18.714] [info] [candidate.cpp:199] InstancePrecompute: built 25 candidates
[2026-10-05 04:37:18.714] [info] [stationary.cpp:264] NN: cost=248.482714, feasible=true, active_stations=1
[2026-10-05 04:37:18.714] [info] [candidate.cpp:199] InstancePrecompute: built 25 candidates
[2026-10-05 04:37:18.714] [info] [stationary.cpp:264] NN: cost=222.777605, feasible=true, active_stations=1
[2026-10-05 04:37:18.714] [info] [candidate.cpp:199] InstancePrecompute: built 25 candidates
[2026-10-05 04:37:18.714] [info] [stationary.cpp:264] NN: cost=21.420924, feasible=true, active_stations=1
[2026-10-05 04:37:18.714] [info] [candidate.cpp:199] InstancePrecompute: built 25 candidates
[2026-10-05 04:37:18.714] [info] [stationary.cpp:264] NN: cost=209.925051, feasible=true, active_stations=1
[2026-10-05 04:37:18.714] [info] [candidate.cpp:199] InstancePrecompute: built 50 candidates
[2026-10-05 04:37:18.714] [info] [stationary.cpp:264] NN: cost=659.764447, feasible=true, active_stations=2
[2026-10-05 04:37:18.714] [info] [candidate.cpp:199] InstancePrecompute: built 25 candidates
[2026-10-05 04:37:18.714] [info] [stationary.cpp:264] NN: cost=428.418472, feasible=true, active_stations=1
[2026-10-05 04:37:18.714] [info] [candidate.cpp:199] InstancePrecompute: built 50 candidates
[2026-10-05 04:37:18.714] [info] [stationary.cpp:264] NN: cost=274.187822, feasible=true, active_stations=1
[2026-10-05 04:37:18.714] [info] [candidate.cpp:199] InstancePrecompute: built 25 candidates
[2026-10-05 04:37:18.714] [info] [stationary.cpp:264] NN: cost=158.514835, feasible=true, active_stations=1
[2026-10-05 04:37:18.714] [info] [candidate.cpp:199] InstancePrecompute: built 25 candidates
[2026-10-05 04:37:18.714] [info] [stationary.cpp:264] NN: cost=484.112873, feasible=true, active_stations=1
[2026-10-05 04:37:18.714] [info] [candidate.cpp:199] InstancePrecompute: built 25 candidates
[2026-10-05 04:37:18.714] [info] [stationary.cpp:264] NN: cost=175.651573, feasible=true, active_stations=1
[2026-10-05 04:37:18.714] [info] [candidate.cpp:199] InstancePrecompute: built 25 candidates
[2026-10-05 04:37:18.714] [info] [stationary.cpp:264] NN: cost=728.311402, feasible=true, active_stations=1
[2026-10-05 04:37:18.714] [info] [candidate.cpp:199] InstancePrecompute: built 25 candidates
[2026-10-05 04:37:18.714] [info] [stationary.cpp:264] NN: cost=248.482714, feasible=true, active_stations=1
[2026-10-05 04:37:18.714] [info] [candidate.cpp:199] InstancePrecompute: built 25 candidates
[2026-10-05 04:37:18.714] [info] [stationary.cpp:264] NN: cost=222.777605, feasible=true, active_stations=1
[2026-10-05 04:37:18.714] [info] [candidate.cpp:199] InstancePrecompute: built 25 candidates
[2026-10-05 04:37:18.714] [info] [stationary.cpp:264] NN: cost=21.420924, feasible=true, active_stations=1
[2026-10-05 04:37:18.714] [info] [candidate.cpp:199] InstancePrecompute: built 25 candidates
[2026-10-05 04:37:18.714] [info] [stationary.cpp:264] NN: cost=209.925051, feasible=true, active_stations=1
[2026-10-05 04:37:18.714] [info] [candidate.cpp:199] InstancePrecompute: built 25 candidates
[2026-10-05 04:37:18.714] [info] [stationary.cpp:264] NN: cost=214.209236, feasible=true, active_stations=1
[2026-10-05 04:37:18.714] [info] [candidate.cpp:199] InstancePrecompute: built 25 candidates
[2026-10-05 04:37:18.714] [info] [stationary.cpp:264] NN: cost=445.555211, feasible=true, active_stations=1
[2026-10-05 04:37:18.714] [info] [candidate.cpp:199] InstancePrecompute: built 25 candidates
[2026-10-05 04:37:18.714] [info] [stationary.cpp:264] NN: cost=428.418472, feasible=true, active_stations=1
[2026-10-05 04:37:18.714] [info] [candidate.cpp:199] InstancePrecompute: built 25 candidates
[2026-10-05 04:37:18.714] [info] [stationary.cpp:264] NN: cost=137.093911, feasible=true, active_stations=1
[2026-10-05 04:37:18.714] [info] [candidate.cpp:199] InstancePrecompute: built 25 candidates
[2026-10-05 04:37:18.714] [info] [stationary.cpp:264] NN: cost=274.187822, feasible=true, active_stations=1
[2026-10-05 04:37:18.714] [info] [candidate.cpp:199] InstancePrecompute: built 25 candidates
[2026-10-05 04:37:18.714] [info] [stationary.cpp:264] NN: cost=158.514835, feasible=true, active_stations=1
[2026-10-05 04:37:18.714] [info] [candidate.cpp:199] InstancePrecompute: built 25 candidates
[2026-10-05 04:37:18.714] [info] [stationary.cpp:264] NN: cost=484.112873, feasible=true, active_stations=1
[2026-10-05 04:37:18.714] [info] [candidate.cpp:199] InstancePrecompute: built 25 candidates
[2026-10-05 04:37:18.714] [info] [stationary.cpp:264] NN: cost=175.651573, feasible=true, active_stations=1
[2026-10-05 04:37:18.714] [info] [candidate.cpp:199] InstancePrecompute: built 25 candidates
[2026-10-05 04:37:18.714] [info] [stationary.cpp:264] NN: cost=728.311402, feasible=true, active_stations=1
[2026-10-05 04:37:18.714] [info] [candidate.cpp:199] InstancePrecompute: built 25 candidates
[2026-10-05 04:37:18.714] [info] [stationary.cpp:264] NN: cost=248.482714, feasible=true, active_stations=1
[2026-10-05 04:37:18.714] [info] [candidate.cpp:199] InstancePrecompute: built 25 candidates
[2026-10-05 04:37:18.714] [info] [stationary.cpp:264] NN: cost=222.777605, feasible=true, active_stations=1
[2026-10-05 04:37:18.714] [info] [candidate.cpp:199] InstancePrecompute: built 25 candidates
[2026-10-05 04:37:18.714] [info] [stationary.cpp:264] NN: cost=21.420924, feasible=true, active_stations=1
[2026-10-05 04:37:18.714] [info] [candidate.cpp:199] InstancePrecompute: built 25 candidates
[2026-10-05 04:37:18.714] [info] [stationary.cpp:264] NN: cost=209.925051, feasible=true, active_stations=1
[2026-10-05 04:37:18.714] [info] [candidate.cpp:199] InstancePrecompute: built 25 candidates
[2026-10-05 04:37:18.714] [info] [stationary.cpp:264] NN: cost=214.209236, feasible=true, active_stations=1
[2026-10-05 04:37:18.714] [info] [candidate.cpp:199] InstancePrecompute: built 25 candidates
[2026-10-05 04:37:18.714] [info] [stationary.cpp:264] NN: cost=445.555211, feasible=true, active_stations=1
[2026-10-05 04:37:18.714] [info] [candidate.cpp:199] InstancePrecompute: built 25 candidates
[2026-10-05 04:37:18.714] [info] [stationary.cpp:264] NN: cost=428.418472, feasible=true, active_stations=1
[2026-10-05 04:37:18.714] [info] [candidate.cpp:199] InstancePrecompute: built 50 candidates
[2026-10-05 04:37:18.714] [info] [stationary.cpp:264] NN: cost=274.187822, feasible=true, active_stations=1
[2026-10-05 04:37:18.714] [info] [candidate.cpp:199] InstancePrecompute: built 25 candidates
[2026-10-05 04:37:18.714] [info] [stationary.cpp:264] NN: cost=158.514835, feasible=true, active_stations=1
[2026-10-05 04:37:18.714] [info] [candidate.cpp:199] InstancePrecompute: built 25 candidates
[2026-10-05 04:37:18.714] [info] [stationary.cpp:264] NN: cost=484.112873, feasible=true, active_stations=1
[2026-10-05 04:37:18.714] [info] [candidate.cpp:199] InstancePrecompute: built 25 candidates
[2026-10-05 04:37:18.714] [info] [stationary.cpp:264] NN: cost=175.651573, feasible=true, active_stations=1
[2026-10-05 04:37:18.714] [info] [candidate.cpp:199] InstancePrecompute: built 25 candidates
[2026-10-05 04:37:18.714] [info] [stationary.cpp:264] NN: cost=728.311402, feasible=true, active_stations=1
[2026-10-05 04:37:18.714] [info] [candidate.cpp:199] InstancePrecompute: built 25 candidates
[2026-10-05 04:37:18.714] [info] [stationary.cpp:264] NN: cost=248.482714, feasible=true, active_stations=1
[2026-10-05 04:37:18.714] [info] [candidate.cpp:199] InstancePrecompute: built 25 candidates
[2026-10-05 04:37:18.714] [info] [stationary.cpp:264] NN: cost=222.777605, feasible=true, active_stations=1
[2026-10-05 04:37:18.714] [info] [candidate.cpp:199] InstancePrecompute: built 25 candidates
[2026-10-05 04:37:18.714] [info] [stationary.cpp:264] NN: cost=21.420924, feasible=true, active_stations=1
[2026-10-05 04:37:18.714] [info] [candidate.cpp:199] InstancePrecompute: built 25 candidates
[2026-10-05 04:37:18.714] [info] [stationary.cpp:264] NN: cost=209.925051, feasible=true, active_stations=1
[2026-10-05 04:37:18.714] [info] [candidate.cpp:199] InstancePrecompute: built 50 candidates
[2026-10-05 04:37:18.714] [info] [stationary.cpp:264] NN: cost=659.764447, feasible=true, active_stations=2
[2026-10-05 04:37:18.714] [info] [candidate.cpp:199] InstancePrecompute: built 25 candidates
[2026-10-05 04:37:18.714] [info] [stationary.cpp:264] NN: cost=428.418472, feasible=true, active_stations=1
[2026-10-05 04:37:18.714] [info] [candidate.cpp:199] InstancePrecompute: built 50 candidates
[2026-10-05 04:37:18.714] [info] [stationary.cpp:264] NN: cost=274.187822, feasible=true, active_stations=1
[2026-10-05 04:37:18.714] [info] [candidate.cpp:199] InstancePrecompute: built 25 candidates
[2026-10-05 04:37:18.714] [info] [stationary.cpp:264] NN: cost=158.514835, feasible=true, active_stations=1
[2026-10-05 04:37:18.714] [info] [candidate.cpp:199] InstancePrecompute: built 25 candidates
[2026-10-05 04:37:18.714] [info] [stationary.cpp:264] NN: cost=484.112873, feasible=true, active_stations=1
[2026-10-05 04:37:18.714] [info] [candidate.cpp:199] InstancePrecompute: built 25 candidates
[2026-10-05 04:37:18.714] [info] [stationary.cpp:264] NN: cost=175.651573, feasible=true, active_stations=1
[2026-10-05 04:37:18.714] [info] [candidate.cpp:199] InstancePrecompute: built 25 candidates
[2026-10-05 04:37:18.715] [info] [stationary.cpp:264] NN: cost=728.311402, feasible=true, active_stations=1
[2026-10-05 04:37:18.715] [info] [candidate.cpp:199] InstancePrecompute: built 50 candidates
[2026-10-05 04:37:18.715] [info] [stationary.cpp:264] NN: cost=471.260319, feasible=true, active_stations=2
[2026-10-05 04:37:18.715] [info] [candidate.cpp:199] InstancePrecompute: built 25 candidates
[2026-10-05 04:37:18.715] [info] [stationary.cpp:264] NN: cost=21.420924, feasible=true, active_stations=1
[2026-10-05 04:37:18.715] [info] [candidate.cpp:199] InstancePrecompute: built 25 candidates
[2026-10-05 04:37:18.715] [info] [stationary.cpp:264] NN: cost=209.925051, feasible=true, active_stations=1
[2026-10-05 04:37:18.715] [info] [candidate.cpp:199] InstancePrecompute: built 50 candidates
[2026-10-05 04:37:18.715] [info] [stationary.cpp:264] NN: cost=659.764447, feasible=true, active_stations=2
[2026-10-05 04:37:18.715] [info] [candidate.cpp:199] InstancePrecompute: built 25 candidates
[2026-10-05 04:37:18.715] [info] [stationary.cpp:264] NN: cost=428.418472, feasible=true, active_stations=1
[2026-10-05 04:37:18.715] [info] [candidate.cpp:199] InstancePrecompute: built 50 candidates
[2026-10-05 04:37:18.715] [info] [stationary.cpp:264] NN: cost=274.187822, feasible=true, active_stations=1
[2026-10-05 04:37:18.715] [info] [candidate.cpp:199] InstancePrecompute: built 25 candidates
[2026-10-05 04:37:18.715] [info] [stationary.cpp:264] NN: cost=158.514835, feasible=true, active_stations=1
[2026-10-05 04:37:18.715] [info] [candidate.cpp:199] InstancePrecompute: built 25 candidates
[2026-10-05 04:37:18.715] [info] [stationary.cpp:264] NN: cost=484.112873, feasible=true, active_stations=1
[2026-10-05 04:37:18.715] [info] [candidate.cpp:199] InstancePrecompute: built 25 candidates
[2026-10-05 04:37:18.715] [info] [stationary.cpp:264] NN: cost=175.651573, feasible=true, active_stations=1
[2026-10-05 04:37:18.715] [info] [candidate.cpp:199] InstancePrecompute: built 25 candidates
[2026-10-05 04:37:18.715] [info] [stationary.cpp:264] NN: cost=728.311402, feasible=true, active_stations=1
[2026-10-05 04:37:18.715] [info] [candidate.cpp:199] InstancePrecompute: built 50 candidates
[2026-10-05 04:37:18.715] [info] [stationary.cpp:264] NN: cost=471.260319, feasible=true, active_stations=2
[2026-10-05 04:37:18.715] [info] [candidate.cpp:199] InstancePrecompute: built 25 candidates
[2026-10-05 04:37:18.715] [info] [stationary.cpp:264] NN: cost=21.420924, feasible=true, active_stations=1
[2026-10-05 04:37:18.715] [info] [candidate.cpp:199] InstancePrecompute: built 25 candidates
[2026-10-05 04:37:18.715] [info] [stationary.cpp:264] NN: cost=209.925051, feasible=true, active_stations=1
[2026-10-05 04:37:18.715] [info] [candidate.cpp:199] InstancePrecompute: built 50 candidates
[2026-10-05 04:37:18.715] [info] [stationary.cpp:264] NN: cost=659.764447, feasible=true, active_stations=2
[2026-10-05 04:37:18.715] [info] [candidate.cpp:199] InstancePrecompute: built 25 candidates
[2026-10-05 04:37:18.715] [info] [stationary.cpp:264] NN: cost=428.418472, feasible=true, active_stations=1
[2026-10-05 04:37:18.715] [info] [candidate.cpp:199] InstancePrecompute: built 50 candidates
[2026-10-05 04:37:18.715] [info] [stationary.cpp:264] NN: cost=274.187822, feasible=true, active_stations=1
[2026-10-05 04:37:18.715] [info] [candidate.cpp:199] InstancePrecompute: built 25 candidates
[2026-10-05 04:37:18.715] [info] [stationary.cpp:264] NN: cost=158.514835, feasible=true, active_stations=1
[2026-10-05 04:37:18.715] [info] [candidate.cpp:199] InstancePrecompute: built 25 candidates
[2026-10-05 04:37:18.715] [info] [stationary.cpp:264] NN: cost=484.112873, feasible=true, active_stations=1
[2026-10-05 04:37:18.715] [info] [candidate.cpp:199] InstancePrecompute: built 25 candidates
[2026-10-05 04:37:18.715] [info] [stationary.cpp:264] NN: cost=175.651573, feasible=true, active_stations=1
[2026-10-05 04:37:18.715] [info] [candidate.cpp:199] InstancePrecompute: built 25 candidates
[2026-10-05 04:37:18.715] [info] [stationary.cpp:264] NN: cost=728.311402, feasible=true, active_stations=1
[2026-10-05 04:37:18.715] [info] [candidate.cpp:199] InstancePrecompute: built 50 candidates
[2026-10-05 04:37:18.715] [info] [stationary.cpp:264] NN: cost=471.260319, feasible=true, active_stations=2
[2026-10-05 04:37:18.715] [info] [candidate.cpp:199] InstancePrecompute: built 25 candidates
[2026-10-05 04:37:18.715] [info] [stationary.cpp:264] NN: cost=21.420924, feasible=true, active_stations=1
[2026-10-05 04:37:18.715] [info] [candidate.cpp:199] InstancePrecompute: built 25 candidates
[2026-10-05 04:37:18.715] [info] [stationary.cpp:264] NN: cost=209.925051, feasible=true, active_stations=1
[2026-10-05 04:37:18.715] [info] [candidate.cpp:199] InstancePrecompute: built 25 candidates
[2026-10-05 04:37:18.715] [info] [stationary.cpp:264] NN: cost=214.209236, feasible=true, active_stations=1
[2026-10-05 04:37:18.715] [info] [candidate.cpp:199] InstancePrecompute: built 25 candidates
[2026-10-05 04:37:18.715] [info] [stationary.cpp:264] NN: cost=445.555211, feasible=true, active_stations=1
[2026-10-05 04:37:18.715] [info] [candidate.cpp:199] InstancePrecompute: built 25 candidates
[2026-10-05 04:37:18.715] [info] [stationary.cpp:264] NN: cost=428.418472, feasible=true, active_stations=1
[2026-10-05 04:37:18.715] [info] [candidate.cpp:199] InstancePrecompute: built 25 candidates
[2026-10-05 04:37:18.715] [info] [stationary.cpp:264] NN: cost=137.093911, feasible=true, active_stations=1
[2026-10-05 04:37:18.715] [info] [candidate.cpp:199] InstancePrecompute: built 25 candidates
[2026-10-05 04:37:18.715] [info] [stationary.cpp:264] NN: cost=274.187822, feasible=true, active_stations=1
[2026-10-05 04:37:18.715] [info] [candidate.cpp:199] InstancePrecompute: built 25 candidates
[2026-10-05 04:37:18.715] [info] [stationary.cpp:264] NN: cost=158.514835, feasible=true, active_stations=1
[2026-10-05 04:37:18.715] [info] [candidate.cpp:199] InstancePrecompute: built 25 candidates
[2026-10-05 04:37:18.715] [info] [stationary.cpp:264] NN: cost=484.112873, feasible=true, active_stations=1
[2026-10-05 04:37:18.715] [info] [candidate.cpp:199] InstancePrecompute: built 25 candidates
[2026-10-05 04:37:18.715] [info] [stationary.cpp:264] NN: cost=175.651573, feasible=true, active_stations=1
[2026-10-05 04:37:18.715] [info] [candidate.cpp:199] InstancePrecompute: built 25 candidates
[2026-10-05 04:37:18.715] [info] [stationary.cpp:264] NN: cost=728.311402, feasible=true, active_stations=1
[2026-10-05 04:37:18.715] [info] [candidate.cpp:199] InstancePrecompute: built 50 candidates
[2026-10-05 04:37:18.715] [info] [stationary.cpp:264] NN: cost=471.260319, feasible=true, active_stations=2
[2026-10-05 04:37:18.715] [info] [candidate.cpp:199] InstancePrecompute: built 25 candidates
[2026-10-05 04:37:18.715] [info] [stationary.cpp:264] NN: cost=21.420924, feasible=true, active_stations=1
[2026-10-05 04:37:18.715] [info] [candidate.cpp:199] InstancePrecompute: built 25 candidates
[2026-10-05 04:37:18.715] [info] [stationary.cpp:264] NN: cost=209.925051, feasible=true, active_stations=1
[2026-10-05 04:37:18.715] [info] [candidate.cpp:199] InstancePrecompute: built 25 candidates
[2026-10-05 04:37:18.715] [info] [stationary.cpp:264] NN: cost=214.209236, feasible=true, active_stations=1
[2026-10-05 04:37:18.715] [info] [candidate.cpp:199] InstancePrecompute: built 25 candidates
[2026-10-05 04:37:18.715] [info] [stationary.cpp:264] NN: cost=445.555211, feasible=true, active_stations=1
[2026-10-05 04:37:18.715] [info] [candidate.cpp:199] InstancePrecompute: built 25 candidates
[2026-10-05 04:37:18.715] [info] [stationary.cpp:264] NN: cost=428.418472, feasible=true, active_stations=1
[2026-10-05 04:37:18.715] [info] [candidate.cpp:199] InstancePrecompute: built 50 candidates
[2026-10-05 04:37:18.715] [info] [stationary.cpp:264] NN: cost=274.187822, feasible=true, active_stations=1
[2026-10-05 04:37:18.715] [info] [candidate.cpp:199] InstancePrecompute: built 25 candidates
[2026-10-05 04:37:18.715] [info] [stationary.cpp:264] NN: cost=158.514835, feasible=true, active_stations=1
[2026-10-05 04:37:18.715] [info] [candidate.cpp:199] InstancePrecompute: built 25 candidates
[2026-10-05 04:37:18.715] [info] [stationary.cpp:264] NN: cost=484.112873, feasible=true, active_stations=1
[2026-10-05 04:37:18.715] [info] [candidate.cpp:199] InstancePrecompute: built 25 candidates
[2026-10-05 04:37:18.715] [info] [stationary.cpp:264] NN: cost=175.651573, feasible=true, active_stations=1
[2026-10-05 04:37:18.715] [info] [candidate.cpp:199] InstancePrecompute: built 25 candidates
[2026-10-05 04:37:18.715] [info] [stationary.cpp:264] NN: cost=728.311402, feasible=true, active_stations=1
[2026-10-05 04:37:18.715] [info] [candidate.cpp:199] InstancePrecompute: built 50 candidates
[2026-10-05 04:37:18.715] [info] [stationary.cpp:264] NN: cost=471.260319, feasible=true, active_stations=2
[2026-10-05 04:37:18.715] [info] [candidate.cpp:199] InstancePrecompute: built 25 candidates
[2026-10-05 04:37:18.715] [info] [stationary.cpp:264] NN: cost=21.420924, feasible=true, active_stations=1
[2026-10-05 04:37:18.715] [info] [candidate.cpp:199] InstancePrecompute: built 25 candidates
[2026-10-05 04:37:18.715] [info] [stationary.cpp:264] NN: cost=209.925051, feasible=true, active_stations=1
[2026-10-05 04:37:18.715] [info] [candidate.cpp:199] InstancePrecompute: built 50 candidates
[2026-10-05 04:37:18.715] [info] [stationary.cpp:264] NN: cost=659.764447, feasible=true, active_stations=2
[2026-10-05 04:37:18.715] [info] [candidate.cpp:199] InstancePrecompute: built 25 candidates
[2026-10-05 04:37:18.715] [info] [stationary.cpp:264] NN: cost=428.418472, feasible=true, active_stations=1
[2026-10-05 04:37:18.715] [info] [candidate.cpp:199] InstancePrecompute: built 50 candidates
[2026-10-05 04:37:18.715] [info] [stationary.cpp:264] NN: cost=274.187822, feasible=true, active_stations=1
[2026-10-05 04:37:18.715] [info] [candidate.cpp:199] InstancePrecompute: built 25 candidates
[2026-10-05 04:37:18.715] [info] [stationary.cpp:264] NN: cost=158.514835, feasible=true, active_stations=1
[2026-10-05 04:37:18.715] [info] [candidate.cpp:199] InstancePrecompute: built 25 candidates
[2026-10-05 04:37:18.715] [info] [stationary.cpp:264] NN: cost=484.112873, feasible=true, active_stations=1
[2026-10-05 04:37:18.715] [info] [candidate.cpp:199] InstancePrecompute: built 25 candidates
[2026-10-05 04:37:18.715] [info] [stationary.cpp:264] NN: cost=728.311402, feasible=true, active_stations=1
[2026-10-05 04:37:18.715] [info] [candidate.cpp:199] InstancePrecompute: built 25 candidates
[2026-10-05 04:37:18.715] [info] [stationary.cpp:264] NN: cost=175.651573, feasible=true, active_stations=1
[2026-10-05 04:37:18.715] [info] [candidate.cpp:199] InstancePrecompute: built 50 candidates
[2026-10-05 04:37:18.715] [info] [stationary.cpp:264] NN: cost=471.260319, feasible=true, active_stations=2
[2026-10-05 04:37:18.715] [info] [candidate.cpp:199] InstancePrecompute: built 25 candidates
[2026-10-05 04:37:18.715] [info] [stationary.cpp:264] NN: cost=21.420924, feasible=true, active_stations=1
[2026-10-05 04:37:18.715] [info] [candidate.cpp:199] InstancePrecompute: built 25 candidates
[2026-10-05 04:37:18.715] [info] [stationary.cpp:264] NN: cost=209.925051, feasible=true, active_stations=1
[2026-10-05 04:37:18.715] [info] [candidate.cpp:199] InstancePrecompute: built 50 candidates
[2026-10-05 04:37:18.715] [info] [stationary.cpp:264] NN: cost=659.764447, feasible=true, active_stations=2
[2026-10-05 04:37:18.715] [info] [candidate.cpp:199] InstancePrecompute: built 50 candidates
[2026-10-05 04:37:18.715] [info] [stationary.cpp:264] NN: cost=274.187822, feasible=true, active_stations=1
[2026-10-05 04:37:18.715] [info] [candidate.cpp:199] InstancePrecompute: built 25 candidates
[2026-10-05 04:37:18.715] [info] [stationary.cpp:264] NN: cost=428.418472, feasible=true, active_stations=1
[2026-10-05 04:37:18.715] [info] [candidate.cpp:199] InstancePrecompute: built 25 candidates
[2026-10-05 04:37:18.715] [info] [stationary.cpp:264] NN: cost=158.514835, feasible=true, active_stations=1
[2026-10-05 04:37:18.715] [info] [candidate.cpp:199] InstancePrecompute: built 25 candidates
[2026-10-05 04:37:18.715] [info] [stationary.cpp:264] NN: cost=484.112873, feasible=true, active_stations=1
[2026-10-05 04:37:18.715] [info] [candidate.cpp:199] InstancePrecompute: built 25 candidates
[2026-10-05 04:37:18.715] [info] [stationary.cpp:264] NN: cost=728.311402, feasible=true, active_stations=1
[2026-10-05 04:37:18.715] [info] [candidate.cpp:199] InstancePrecompute: built 25 candidates
[2026-10-05 04:37:18.715] [info] [stationary.cpp:264] NN: cost=175.651573, feasible=true, active_stations=1
[2026-10-05 04:37:18.715] [info] [candidate.cpp:199] InstancePrecompute: built 50 candidates
[2026-10-05 04:37:18.715] [info] [stationary.cpp:264] NN: cost=471.260319, feasible=true, active_stations=2
[2026-10-05 04:37:18.715] [info] [candidate.cpp:199] InstancePrecompute: built 25 candidates
[2026-10-05 04:37:18.715] [info] [stationary.cpp:264] NN: cost=21.420924, feasible=true, active_stations=1
[2026-10-05 04:37:18.715] [info] [candidate.cpp:199] InstancePrecompute: built 25 candidates
[2026-10-05 04:37:18.715] [info] [stationary.cpp:264] NN: cost=209.925051, feasible=true, active_stations=1
[2026-10-05 04:37:18.715] [info] [candidate.cpp:199] InstancePrecompute: built 50 candidates
[2026-10-05 04:37:18.715] [info] [stationary.cpp:264] NN: cost=659.764447, feasible=true, active_stations=2
[2026-10-05 04:37:18.715] [info] [candidate.cpp:199] InstancePrecompute: built 50 candidates
[2026-10-05 04:37:18.715] [info] [stationary.cpp:264] NN: cost=274.187822, feasible=true, active_stations=1
[2026-10-05 04:37:18.715] [info] [candidate.cpp:199] InstancePrecompute: built 25 candidates
[2026-10-05 04:37:18.715] [info] [stationary.cpp:264] NN: cost=428.418472, feasible=true, active_stations=1
[2026-10-05 04:37:18.715] [info] [candidate.cpp:199] InstancePrecompute: built 25 candidates
[2026-10-05 04:37:18.715] [info] [stationary.cpp:264] NN: cost=158.514835, feasible=true, active_stations=1
[2026-10-05 04:37:18.715] [info] [candidate.cpp:199] InstancePrecompute: built 25 candidates
[2026-10-05 04:37:18.715] [info] [stationary.cpp:264] NN: cost=484.112873, feasible=true, active_stations=1
[2026-10-05 04:37:18.715] [info] [candidate.cpp:199] InstancePrecompute: built 25 candidates
[2026-10-05 04:37:18.715] [info] [stationary.cpp:264] NN: cost=728.311402, feasible=true, active_stations=1
[2026-10-05 04:37:18.715] [info] [candidate.cpp:199] InstancePrecompute: built 25 candidates
[2026-10-05 04:37:18.715] [info] [stationary.cpp:264] NN: cost=175.651573, feasible=true, active_stations=1
[2026-10-05 04:37:18.715] [info] [candidate.cpp:199] InstancePrecompute: built 50 candidates
[2026-10-05 04:37:18.715] [info] [stationary.cpp:264] NN: cost=471.260319, feasible=true, active_stations=2
[2026-10-05 04:37:18.715] [info] [candidate.cpp:199] InstancePrecompute: built 25 candidates
[2026-10-05 04:37:18.715] [info] [stationary.cpp:264] NN: cost=21.420924, feasible=true, active_stations=1
[2026-10-05 04:37:18.715] [info] [candidate.cpp:199] InstancePrecompute: built 25 candidates
[2026-10-05 04:37:18.715] [info] [stationary.cpp:264] NN: cost=209.925051, feasible=true, active_stations=1
[2026-10-05 04:37:18.715] [info] [candidate.cpp:199] InstancePrecompute: built 25 candidates
[2026-10-05 04:37:18.715] [info] [stationary.cpp:264] NN: cost=214.209236, feasible=true, active_stations=1
[2026-10-05 04:37:18.715] [info] [candidate.cpp:199] InstancePrecompute: built 25 candidates
[2026-10-05 04:37:18.715] [info] [stationary.cpp:264] NN: cost=445.555211, feasible=true, active_stations=1
[2026-10-05 04:37:18.715] [info] [candidate.cpp:199] InstancePrecompute: built 25 candidates
[2026-10-05 04:37:18.715] [info] [stationary.cpp:264] NN: cost=137.093911, feasible=true, active_stations=1
[2026-10-05 04:37:18.715] [info] [candidate.cpp:199] InstancePrecompute: built 25 candidates
[2026-10-05 04:37:18.715] [info] [stationary.cpp:264] NN: cost=274.187822, feasible=true, active_stations=1
[2026-10-05 04:37:18.715] [info] [candidate.cpp:199] InstancePrecompute: built 25 candidates
[2026-10-05 04:37:18.715] [info] [stationary.cpp:264] NN: cost=428.418472, feasible=true, active_stations=1
[2026-10-05 04:37:18.715] [info] [candidate.cpp:199] InstancePrecompute: built 25 candidates
[2026-10-05 04:37:18.715] [info] [stationary.cpp:264] NN: cost=158.514835, feasible=true, active_stations=1
[2026-10-05 04:37:18.715] [info] [candidate.cpp:199] InstancePrecompute: built 25 candidates
[2026-10-05 04:37:18.715] [info] [stationary.cpp:264] NN: cost=484.112873, feasible=true, active_stations=1
[2026-10-05 04:37:18.715] [info] [candidate.cpp:199] InstancePrecompute: built 25 candidates
[2026-10-05 04:37:18.715] [info] [stationary.cpp:264] NN: cost=728.311402, feasible=true, active_stations=1
[2026-10-05 04:37:18.715] [info] [candidate.cpp:199] InstancePrecompute: built 25 candidates
[2026-10-05 04:37:18.715] [info] [stationary.cpp:264] NN: cost=175.651573, feasible=true, active_stations=1
[2026-10-05 04:37:18.715] [info] [candidate.cpp:199] InstancePrecompute: built 50 candidates
[2026-10-05 04:37:18.715] [info] [stationary.cpp:264] NN: cost=471.260319, feasible=true, active_stations=2
[2026-10-05 04:37:18.715] [info] [candidate.cpp:199] InstancePrecompute: built 25 candidates
[2026-10-05 04:37:18.715] [info] [stationary.cpp:264] NN: cost=21.420924, feasible=true, active_stations=1
[2026-10-05 04:37:18.715] [info] [candidate.cpp:199] InstancePrecompute: built 25 candidates
[2026-10-05 04:37:18.715] [info] [stationary.cpp:264] NN: cost=209.925051, feasible=true, active_stations=1
[2026-10-05 04:37:18.715] [info] [candidate.cpp:199] InstancePrecompute: built 25 candidates
[2026-10-05 04:37:18.715] [info] [stationary.cpp:264] NN: cost=214.209236, feasible=true, active_stations=1
[2026-10-05 04:37:18.715] [info] [candidate.cpp:199] InstancePrecompute: built 25 candidates
[2026-10-05 04:37:18.715] [info] [stationary.cpp:264] NN: cost=445.555211, feasible=true, active_stations=1
[2026-10-05 04:37:18.715] [info] [candidate.cpp:199] InstancePrecompute: built 50 candidates
[2026-10-05 04:37:18.715] [info] [stationary.cpp:264] NN: cost=274.187822, feasible=true, active_stations=1
[2026-10-05 04:37:18.715] [info] [candidate.cpp:199] InstancePrecompute: built 25 candidates
[2026-10-05 04:37:18.715] [info] [stationary.cpp:264] NN: cost=428.418472, feasible=true, active_stations=1
[2026-10-05 04:37:18.715] [info] [candidate.cpp:199] InstancePrecompute: built 25 candidates
[2026-10-05 04:37:18.715] [info] [stationary.cpp:264] NN: cost=158.514835, feasible=true, active_stations=1
[2026-10-05 04:37:18.715] [info] [candidate.cpp:199] InstancePrecompute: built 25 candidates
[2026-10-05 04:37:18.715] [info] [stationary.cpp:264] NN: cost=484.112873, feasible=true, active_stations=1
[2026-10-05 04:37:18.715] [info] [candidate.cpp:199] InstancePrecompute: built 25 candidates
[2026-10-05 04:37:18.715] [info] [stationary.cpp:264] NN: cost=728.311402, feasible=true, active_stations=1
[2026-10-05 04:37:18.715] [info] [candidate.cpp:199] InstancePrecompute: built 25 candidates
[2026-10-05 04:37:18.715] [info] [stationary.cpp:264] NN: cost=175.651573, feasible=true, active_stations=1
[2026-10-05 04:37:18.715] [info] [candidate.cpp:199] InstancePrecompute: built 50 candidates
[2026-10-05 04:37:18.715] [info] [stationary.cpp:264] NN: cost=471.260319, feasible=true, active_stations=2
[2026-10-05 04:37:18.715] [info] [candidate.cpp:199] InstancePrecompute: built 25 candidates
[2026-10-05 04:37:18.715] [info] [stationary.cpp:264] NN: cost=21.420924, feasible=true, active_stations=1
[2026-10-05 04:37:18.715] [info] [candidate.cpp:199] InstancePrecompute: built 25 candidates
[2026-10-05 04:37:18.715] [info] [stationary.cpp:264] NN: cost=209.925051, feasible=true, active_stations=1
[2026-10-05 04:37:18.715] [info] [candidate.cpp:199] InstancePrecompute: built 50 candidates
[2026-10-05 04:37:18.715] [info] [stationary.cpp:264] NN: cost=659.764447, feasible=true, active_stations=2
[2026-10-05 04:37:18.715] [info] [candidate.cpp:199] InstancePrecompute: built 50 candidates
[2026-10-05 04:37:18.715] [info] [stationary.cpp:264] NN: cost=274.187822, feasible=true, active_stations=1
[2026-10-05 04:37:18.715] [info] [candidate.cpp:199] InstancePrecompute: built 25 candidates
[2026-10-05 04:37:18.715] [info] [stationary.cpp:264] NN: cost=428.418472, feasible=true, active_stations=1
[2026-10-05 04:37:18.715] [info] [candidate.cpp:199] InstancePrecompute: built 25 candidates
[2026-10-05 04:37:18.715] [info] [stationary.cpp:264] NN: cost=158.514835, feasible=true, active_stations=1
[2026-10-05 04:37:18.715] [info] [candidate.cpp:199] InstancePrecompute: built 25 candidates
[2026-10-05 04:37:18.715] [info] [stationary.cpp:264] NN: cost=484.112873, feasible=true, active_stations=1
[2026-10-05 04:37:18.715] [info] [candidate.cpp:199] InstancePrecompute: built 25 candidates
[2026-10-05 04:37:18.715] [info] [stationary.cpp:264] NN: cost=728.311402, feasible=true, active_stations=1
[2026-10-05 04:37:18.715] [info] [candidate.cpp:199] InstancePrecompute: built 25 candidates
[2026-10-05 04:37:18.715] [info] [stationary.cpp:264] NN: cost=175.651573, feasible=true, active_stations=1
[2026-10-05 04:37:18.715] [info] [candidate.cpp:199] InstancePrecompute: built 50 candidates
[2026-10-05 04:37:18.715] [info] [stationary.cpp:264] NN: cost=471.260319, feasible=true, active_stations=2
[2026-10-05 04:37:18.715] [info] [candidate.cpp:199] InstancePrecompute: built 25 candidates
[2026-10-05 04:37:18.715] [info] [stationary.cpp:264] NN: cost=21.420924, feasible=true, active_stations=1
[2026-10-05 04:37:18.715] [info] [candidate.cpp:199] InstancePrecompute: built 25 candidates
[2026-10-05 04:37:18.715] [info] [stationary.cpp:264] NN: cost=445.555211, feasible=true, active_stations=1
[2026-10-05 04:37:18.715] [info] [candidate.cpp:199] InstancePrecompute: built 25 candidates
[2026-10-05 04:37:18.715] [info] [stationary.cpp:264] NN: cost=209.925051, feasible=true, active_stations=1
[2026-10-05 04:37:18.715] [info] [candidate.cpp:199] InstancePrecompute: built 75 candidates
[2026-10-05 04:37:18.715] [info] [stationary.cpp:264] NN: cost=274.187822, feasible=true, active_stations=1
[2026-10-05 04:37:18.715] [info] [candidate.cpp:199] InstancePrecompute: built 25 candidates
[2026-10-05 04:37:18.715] [info] [stationary.cpp:264] NN: cost=428.418472, feasible=true, active_stations=1
[2026-10-05 04:37:18.715] [info] [candidate.cpp:199] InstancePrecompute: built 25 candidates
[2026-10-05 04:37:18.715] [info] [stationary.cpp:264] NN: cost=158.514835, feasible=true, active_stations=1
[2026-10-05 04:37:18.715] [info] [candidate.cpp:199] InstancePrecompute: built 25 candidates
[2026-10-05 04:37:18.715] [info] [stationary.cpp:264] NN: cost=484.112873, feasible=true, active_stations=1
[2026-10-05 04:37:18.715] [info] [candidate.cpp:199] InstancePrecompute: built 25 candidates
[2026-10-05 04:37:18.715] [info] [stationary.cpp:264] NN: cost=728.311402, feasible=true, active_stations=1
[2026-10-05 04:37:18.715] [info] [candidate.cpp:199] InstancePrecompute: built 25 candidates
[2026-10-05 04:37:18.715] [info] [stationary.cpp:264] NN: cost=175.651573, feasible=true, active_stations=1
[2026-10-05 04:37:18.715] [info] [candidate.cpp:199] InstancePrecompute: built 50 candidates
[2026-10-05 04:37:18.715] [info] [stationary.cpp:264] NN: cost=471.260319, feasible=true, active_stations=2
[2026-10-05 04:37:18.715] [info] [candidate.cpp:199] InstancePrecompute: built 25 candidates
[2026-10-05 04:37:18.715] [info] [stationary.cpp:264] NN: cost=21.420924, feasible=true, active_stations=1
[2026-10-05 04:37:18.715] [info] [candidate.cpp:199] InstancePrecompute: built 25 candidates
[2026-10-05 04:37:18.715] [info] [stationary.cpp:264] NN: cost=445.555211, feasible=true, active_stations=1
[2026-10-05 04:37:18.715] [info] [candidate.cpp:199] InstancePrecompute: built 25 candidates
[2026-10-05 04:37:18.715] [info] [stationary.cpp:264] NN: cost=209.925051, feasible=true, active_stations=1
[2026-10-05 04:37:18.715] [info] [candidate.cpp:199] InstancePrecompute: built 75 candidates
[2026-10-05 04:37:18.715] [info] [stationary.cpp:264] NN: cost=274.187822, feasible=true, active_stations=1
[2026-10-05 04:37:18.715] [info] [candidate.cpp:199] InstancePrecompute: built 25 candidates
[2026-10-05 04:37:18.715] [info] [stationary.cpp:264] NN: cost=428.418472, feasible=true, active_stations=1
[2026-10-05 04:37:18.715] [info] [candidate.cpp:199] InstancePrecompute: built 25 candidates
[2026-10-05 04:37:18.715] [info] [stationary.cpp:264] NN: cost=158.514835, feasible=true, active_stations=1
[2026-10-05 04:37:18.715] [info] [candidate.cpp:199] InstancePrecompute: built 25 candidates
[2026-10-05 04:37:18.715] [info] [stationary.cpp:264] NN: cost=484.112873, feasible=true, active_stations=1
[2026-10-05 04:37:18.715] [info] [candidate.cpp:199] InstancePrecompute: built 25 candidates
[2026-10-05 04:37:18.715] [info] [stationary.cpp:264] NN: cost=728.311402, feasible=true, active_stations=1
[2026-10-05 04:37:18.715] [info] [candidate.cpp:199] InstancePrecompute: built 25 candidates
[2026-10-05 04:37:18.716] [info] [stationary.cpp:264] NN: cost=175.651573, feasible=true, active_stations=1
[2026-10-05 04:37:18.716] [info] [candidate.cpp:199] InstancePrecompute: built 50 candidates
[2026-10-05 04:37:18.716] [info] [stationary.cpp:264] NN: cost=471.260319, feasible=true, active_stations=2
[2026-10-05 04:37:18.716] [info] [candidate.cpp:199] InstancePrecompute: built 25 candidates
[2026-10-05 04:37:18.716] [info] [stationary.cpp:264] NN: cost=21.420924, feasible=true, active_stations=1
[2026-10-05 04:37:18.716] [info] [candidate.cpp:199] InstancePrecompute: built 25 candidates
[2026-10-05 04:37:18.716] [info] [stationary.cpp:264] NN: cost=445.555211, feasible=true, active_stations=1
[2026-10-05 04:37:18.716] [info] [candidate.cpp:199] InstancePrecompute: built 25 candidates
[2026-10-05 04:37:18.716] [info] [stationary.cpp:264] NN: cost=209.925051, feasible=true, active_stations=1
[2026-10-05 04:37:18.716] [info] [candidate.cpp:199] InstancePrecompute: built 50 candidates
[2026-10-05 04:37:18.716] [info] [stationary.cpp:264] NN: cost=351.303147, feasible=true, active_stations=2
[2026-10-05 04:37:18.716] [info] [candidate.cpp:199] InstancePrecompute: built 25 candidates
[2026-10-05 04:37:18.716] [info] [stationary.cpp:264] NN: cost=274.187822, feasible=true, active_stations=1
[2026-10-05 04:37:18.716] [info] [candidate.cpp:199] InstancePrecompute: built 25 candidates
[2026-10-05 04:37:18.716] [info] [stationary.cpp:264] NN: cost=428.418472, feasible=true, active_stations=1
[2026-10-05 04:37:18.716] [info] [candidate.cpp:199] InstancePrecompute: built 25 candidates
[2026-10-05 04:37:18.716] [info] [stationary.cpp:264] NN: cost=158.514835, feasible=true, active_stations=1
[2026-10-05 04:37:18.716] [info] [candidate.cpp:199] InstancePrecompute: built 25 candidates
[2026-10-05 04:37:18.716] [info] [stationary.cpp:264] NN: cost=484.112873, feasible=true, active_stations=1
[2026-10-05 04:37:18.716] [info] [candidate.cpp:199] InstancePrecompute: built 25 candidates
[2026-10-05 04:37:18.716] [info] [stationary.cpp:264] NN: cost=728.311402, feasible=true, active_stations=1
[2026-10-05 04:37:18.716] [info] [candidate.cpp:199] InstancePrecompute: built 25 candidates
[2026-10-05 04:37:18.716] [info] [stationary.cpp:264] NN: cost=175.651573, feasible=true, active_stations=1
[2026-10-05 04:37:18.716] [info] [candidate.cpp:199] InstancePrecompute: built 50 candidates
[2026-10-05 04:37:18.716] [info] [stationary.cpp:264] NN: cost=471.260319, feasible=true, active_stations=2
[2026-10-05 04:37:18.716] [info] [candidate.cpp:199] InstancePrecompute: built 25 candidates
[2026-10-05 04:37:18.716] [info] [stationary.cpp:264] NN: cost=21.420924, feasible=true, active_stations=1
[2026-10-05 04:37:18.716] [info] [candidate.cpp:199] InstancePrecompute: built 25 candidates
[2026-10-05 04:37:18.716] [info] [stationary.cpp:264] NN: cost=445.555211, feasible=true, active_stations=1
[2026-10-05 04:37:18.716] [info] [candidate.cpp:199] InstancePrecompute: built 25 candidates
[2026-10-05 04:37:18.716] [info] [stationary.cpp:264] NN: cost=209.925051, feasible=true, active_stations=1
[2026-10-05 04:37:18.716] [info] [candidate.cpp:199] InstancePrecompute: built 25 candidates
[2026-10-05 04:37:18.716] [info] [stationary.cpp:264] NN: cost=214.209236, feasible=true, active_stations=1
[2026-10-05 04:37:18.716] [info] [candidate.cpp:199] InstancePrecompute: built 50 candidates
[2026-10-05 04:37:18.716] [info] [stationary.cpp:264] NN: cost=274.187822, feasible=true, active_stations=1
[2026-10-05 04:37:18.716] [info] [candidate.cpp:199] InstancePrecompute: built 25 candidates
[2026-10-05 04:37:18.716] [info] [stationary.cpp:264] NN: cost=428.418472, feasible=true, active_stations=1
[2026-10-05 04:37:18.716] [info] [candidate.cpp:199] InstancePrecompute: built 25 candidates
[2026-10-05 04:37:18.716] [info] [stationary.cpp:264] NN: cost=158.514835, feasible=true, active_stations=1
[2026-10-05 04:37:18.716] [info] [candidate.cpp:199] InstancePrecompute: built 25 candidates
[2026-10-05 04:37:18.716] [info] [stationary.cpp:264] NN: cost=484.112873, feasible=true, active_stations=1
[2026-10-05 04:37:18.716] [info] [candidate.cpp:199] InstancePrecompute: built 25 candidates
[2026-10-05 04:37:18.716] [info] [stationary.cpp:264] NN: cost=728.311402, feasible=true, active_stations=1
[2026-10-05 04:37:18.716] [info] [candidate.cpp:199] InstancePrecompute: built 25 candidates
[2026-10-05 04:37:18.716] [info] [stationary.cpp:264] NN: cost=175.651573, feasible=true, active_stations=1
[2026-10-05 04:37:18.716] [info] [candidate.cpp:199] InstancePrecompute: built 50 candidates
[2026-10-05 04:37:18.716] [info] [stationary.cpp:264] NN: cost=471.260319, feasible=true, active_stations=2
[2026-10-05 04:37:18.716] [info] [candidate.cpp:199] InstancePrecompute: built 25 candidates
[2026-10-05 04:37:18.716] [info] [stationary.cpp:264] NN: cost=21.420924, feasible=true, active_stations=1
[2026-10-05 04:37:18.716] [info] [candidate.cpp:199] InstancePrecompute: built 25 candidates
[2026-10-05 04:37:18.716] [info] [stationary.cpp:264] NN: cost=445.555211, feasible=true, active_stations=1
[2026-10-05 04:37:18.716] [info] [candidate.cpp:199] InstancePrecompute: built 25 candidates
[2026-10-05 04:37:18.716] [info] [stationary.cpp:264] NN: cost=209.925051, feasible=true, active_stations=1
[2026-10-05 04:37:18.716] [info] [candidate.cpp:199] InstancePrecompute: built 75 candidates
[2026-10-05 04:37:18.716] [info] [stationary.cpp:264] NN: cost=274.187822, feasible=true, active_stations=1
[2026-10-05 04:37:18.716] [info] [candidate.cpp:199] InstancePrecompute: built 25 candidates
[2026-10-05 04:37:18.716] [info] [stationary.cpp:264] NN: cost=428.418472, feasible=true, active_stations=1
[2026-10-05 04:37:18.716] [info] [candidate.cpp:199] InstancePrecompute: built 25 candidates
[2026-10-05 04:37:18.716] [info] [stationary.cpp:264] NN: cost=158.514835, feasible=true, active_stations=1
[2026-10-05 04:37:18.716] [info] [candidate.cpp:199] InstancePrecompute: built 25 candidates
[2026-10-05 04:37:18.716] [info] [stationary.cpp:264] NN: cost=484.112873, feasible=true, active_stations=1
[2026-10-05 04:37:18.716] [info] [candidate.cpp:199] InstancePrecompute: built 25 candidates
[2026-10-05 04:37:18.716] [info] [stationary.cpp:264] NN: cost=728.311402, feasible=true, active_stations=1
[2026-10-05 04:37:18.716] [info] [candidate.cpp:199] InstancePrecompute: built 25 candidates
[2026-10-05 04:37:18.716] [info] [stationary.cpp:264] NN: cost=175.651573, feasible=true, active_stations=1
[2026-10-05 04:37:18.716] [info] [candidate.cpp:199] InstancePrecompute: built 25 candidates
[2026-10-05 04:37:18.716] [info] [stationary.cpp:264] NN: cost=248.482714, feasible=true, active_stations=1
[2026-10-05 04:37:18.716] [info] [candidate.cpp:199] InstancePrecompute: built 25 candidates
[2026-10-05 04:37:18.716] [info] [stationary.cpp:264] NN: cost=21.420924, feasible=true, active_stations=1
[2026-10-05 04:37:18.716] [info] [candidate.cpp:199] InstancePrecompute: built 25 candidates
[2026-10-05 04:37:18.716] [info] [stationary.cpp:264] NN: cost=222.777605, feasible=true, active_stations=1
[2026-10-05 04:37:18.716] [info] [candidate.cpp:199] InstancePrecompute: built 25 candidates
[2026-10-05 04:37:18.716] [info] [stationary.cpp:264] NN: cost=445.555211, feasible=true, active_stations=1
[2026-10-05 04:37:18.716] [info] [candidate.cpp:199] InstancePrecompute: built 25 candidates
[2026-10-05 04:37:18.716] [info] [stationary.cpp:264] NN: cost=209.925051, feasible=true, active_stations=1
[2026-10-05 04:37:18.716] [info] [candidate.cpp:199] InstancePrecompute: built 50 candidates
[2026-10-05 04:37:18.716] [info] [stationary.cpp:264] NN: cost=274.187822, feasible=true, active_stations=1
[2026-10-05 04:37:18.716] [info] [candidate.cpp:199] InstancePrecompute: built 25 candidates
[2026-10-05 04:37:18.716] [info] [stationary.cpp:264] NN: cost=428.418472, feasible=true, active_stations=1
[2026-10-05 04:37:18.716] [info] [candidate.cpp:199] InstancePrecompute: built 25 candidates
[2026-10-05 04:37:18.716] [info] [stationary.cpp:264] NN: cost=137.093911, feasible=true, active_stations=1
[2026-10-05 04:37:18.716] [info] [candidate.cpp:199] InstancePrecompute: built 25 candidates
[2026-10-05 04:37:18.716] [info] [stationary.cpp:264] NN: cost=158.514835, feasible=true, active_stations=1
[2026-10-05 04:37:18.716] [info] [candidate.cpp:199] InstancePrecompute: built 25 candidates
[2026-10-05 04:37:18.716] [info] [stationary.cpp:264] NN: cost=484.112873, feasible=true, active_stations=1
[2026-10-05 04:37:18.716] [info] [candidate.cpp:199] InstancePrecompute: built 25 candidates
[2026-10-05 04:37:18.716] [info] [stationary.cpp:264] NN: cost=728.311402, feasible=true, active_stations=1
[2026-10-05 04:37:18.716] [info] [candidate.cpp:199] InstancePrecompute: built 25 candidates
[2026-10-05 04:37:18.716] [info] [stationary.cpp:264] NN: cost=175.651573, feasible=true, active_stations=1
[2026-10-05 04:37:18.716] [info] [candidate.cpp:199] InstancePrecompute: built 25 candidates
[2026-10-05 04:37:18.716] [info] [stationary.cpp:264] NN: cost=248.482714, feasible=true, active_stations=1
[2026-10-05 04:37:18.716] [info] [candidate.cpp:199] InstancePrecompute: built 25 candidates
[2026-10-05 04:37:18.716] [info] [stationary.cpp:264] NN: cost=21.420924, feasible=true, active_stations=1
[2026-10-05 04:37:18.716] [info] [candidate.cpp:199] InstancePrecompute: built 25 candidates
[2026-10-05 04:37:18.716] [info] [stationary.cpp:264] NN: cost=222.777605, feasible=true, active_stations=1
[2026-10-05 04:37:18.716] [info] [candidate.cpp:199] InstancePrecompute: built 25 candidates
[2026-10-05 04:37:18.716] [info] [stationary.cpp:264] NN: cost=445.555211, feasible=true, active_stations=1
[2026-10-05 04:37:18.716] [info] [candidate.cpp:199] InstancePrecompute: built 25 candidates
[2026-10-05 04:37:18.716] [info] [stationary.cpp:264] NN: cost=209.925051, feasible=true, active_stations=1
[2026-10-05 04:37:18.716] [info] [candidate.cpp:199] InstancePrecompute: built 50 candidates
[2026-10-05 04:37:18.716] [info] [stationary.cpp:264] NN: cost=274.187822, feasible=true, active_stations=1
[2026-10-05 04:37:18.716] [info] [candidate.cpp:199] InstancePrecompute: built 25 candidates
[2026-10-05 04:37:18.716] [info] [stationary.cpp:264] NN: cost=428.418472, feasible=true, active_stations=1
[2026-10-05 04:37:18.716] [info] [candidate.cpp:199] InstancePrecompute: built 25 candidates
[2026-10-05 04:37:18.716] [info] [stationary.cpp:264] NN: cost=137.093911, feasible=true, active_stations=1
[2026-10-05 04:37:18.716] [info] [candidate.cpp:199] InstancePrecompute: built 25 candidates
[2026-10-05 04:37:18.716] [info] [stationary.cpp:264] NN: cost=158.514835, feasible=true, active_stations=1
[2026-10-05 04:37:18.716] [info] [candidate.cpp:199] InstancePrecompute: built 25 candidates
[2026-10-05 04:37:18.716] [info] [stationary.cpp:264] NN: cost=484.112873, feasible=true, active_stations=1
[2026-10-05 04:37:18.716] [info] [candidate.cpp:199] InstancePrecompute: built 25 candidates
[2026-10-05 04:37:18.716] [info] [stationary.cpp:264] NN: cost=728.311402, feasible=true, active_stations=1
[2026-10-05 04:37:18.716] [info] [candidate.cpp:199] InstancePrecompute: built 25 candidates
[2026-10-05 04:37:18.716] [info] [stationary.cpp:264] NN: cost=175.651573, feasible=true, active_stations=1
[2026-10-05 04:37:18.716] [info] [candidate.cpp:199] InstancePrecompute: built 25 candidates
[2026-10-05 04:37:18.716] [info] [stationary.cpp:264] NN: cost=248.482714, feasible=true, active_stations=1
[2026-10-05 04:37:18.716] [info] [candidate.cpp:199] InstancePrecompute: built 25 candidates
[2026-10-05 04:37:18.716] [info] [stationary.cpp:264] NN: cost=21.420924, feasible=true, active_stations=1
[2026-10-05 04:37:18.716] [info] [candidate.cpp:199] InstancePrecompute: built 25 candidates
[2026-10-05 04:37:18.716] [info] [stationary.cpp:264] NN: cost=222.777605, feasible=true, active_stations=1
[2026-10-05 04:37:18.716] [info] [candidate.cpp:199] InstancePrecompute: built 25 candidates
[2026-10-05 04:37:18.716] [info] [stationary.cpp:264] NN: cost=445.555211, feasible=true, active_stations=1
[2026-10-05 04:37:18.716] [info] [candidate.cpp:199] InstancePrecompute: built 25 candidates
[2026-10-05 04:37:18.716] [info] [stationary.cpp:264] NN: cost=209.925051, feasible=true, active_stations=1
[2026-10-05 04:37:18.716] [info] [candidate.cpp:199] InstancePrecompute: built 25 candidates
[2026-10-05 04:37:18.716] [info] [stationary.cpp:264] NN: cost=214.209236, feasible=true, active_stations=1
[2026-10-05 04:37:18.716] [info] [candidate.cpp:199] InstancePrecompute: built 25 candidates
[2026-10-05 04:37:18.716] [info] [stationary.cpp:264] NN: cost=274.187822, feasible=true, active_stations=1
[2026-10-05 04:37:18.716] [info] [candidate.cpp:199] InstancePrecompute: built 25 candidates
[2026-10-05 04:37:18.716] [info] [stationary.cpp:264] NN: cost=428.418472, feasible=true, active_stations=1
[2026-10-05 04:37:18.716] [info] [candidate.cpp:199] InstancePrecompute: built 25 candidates
[2026-10-05 04:37:18.716] [info] [stationary.cpp:264] NN: cost=137.093911, feasible=true, active_stations=1
[2026-10-05 04:37:18.716] [info] [candidate.cpp:199] InstancePrecompute: built 25 candidates
[2026-10-05 04:37:18.716] [info] [stationary.cpp:264] NN: cost=158.514835, feasible=true, active_stations=1
[2026-10-05 04:37:18.716] [info] [candidate.cpp:199] InstancePrecompute: built 25 candidates
[2026-10-05 04:37:18.716] [info] [stationary.cpp:264] NN: cost=484.112873, feasible=true, active_stations=1
[2026-10-05 04:37:18.716] [info] [candidate.cpp:199] InstancePrecompute: built 25 candidates
[2026-10-05 04:37:18.716] [info] [stationary.cpp:264] NN: cost=728.311402, feasible=true, active_stations=1
[2026-10-05 04:37:18.716] [info] [candidate.cpp:199] InstancePrecompute: built 25 candidates
[2026-10-05 04:37:18.716] [info] [stationary.cpp:264] NN: cost=175.651573, feasible=true, active_stations=1
[2026-10-05 04:37:18.716] [info] [candidate.cpp:199] InstancePrecompute: built 25 candidates
[2026-10-05 04:37:18.716] [info] [stationary.cpp:264] NN: cost=248.482714, feasible=true, active_stations=1
[2026-10-05 04:37:18.716] [info] [candidate.cpp:199] InstancePrecompute: built 25 candidates
[2026-10-05 04:37:18.716] [info] [stationary.cpp:264] NN: cost=21.420924, feasible=true, active_stations=1
[2026-10-05 04:37:18.716] [info] [candidate.cpp:199] InstancePrecompute: built 25 candidates
[2026-10-05 04:37:18.716] [info] [stationary.cpp:264] NN: cost=222.777605, feasible=true, active_stations=1
[2026-10-05 04:37:18.716] [info] [candidate.cpp:199] InstancePrecompute: built 25 candidates
[2026-10-05 04:37:18.716] [info] [stationary.cpp:264] NN: cost=445.555211, feasible=true, active_stations=1
[2026-10-05 04:37:18.716] [info] [candidate.cpp:199] InstancePrecompute: built 25 candidates
[2026-10-05 04:37:18.716] [info] [stationary.cpp:264] NN: cost=209.925051, feasible=true, active_stations=1
[2026-10-05 04:37:18.716] [info] [candidate.cpp:199] InstancePrecompute: built 25 candidates
[2026-10-05 04:37:18.716] [info] [stationary.cpp:264] NN: cost=214.209236, feasible=true, active_stations=1
[2026-10-05 04:37:18.716] [info] [candidate.cpp:199] InstancePrecompute: built 25 candidates
[2026-10-05 04:37:18.716] [info] [stationary.cpp:264] NN: cost=274.187822, feasible=true, active_stations=1
[2026-10-05 04:37:18.716] [info] [candidate.cpp:199] InstancePrecompute: built 25 candidates
[2026-10-05 04:37:18.716] [info] [stationary.cpp:264] NN: cost=428.418472, feasible=true, active_stations=1
[2026-10-05 04:37:18.716] [info] [candidate.cpp:199] InstancePrecompute: built 25 candidates
[2026-10-05 04:37:18.716] [info] [stationary.cpp:264] NN: cost=137.093911, feasible=true, active_stations=1
[2026-10-05 04:37:18.716] [info] [candidate.cpp:199] InstancePrecompute: built 25 candidates
[2026-10-05 04:37:18.716] [info] [stationary.cpp:264] NN: cost=158.514835, feasible=true, active_stations=1
[2026-10-05 04:37:18.716] [info] [candidate.cpp:199] InstancePrecompute: built 25 candidates
[2026-10-05 04:37:18.716] [info] [stationary.cpp:264] NN: cost=484.112873, feasible=true, active_stations=1
[2026-10-05 04:37:18.716] [info] [candidate.cpp:199] InstancePrecompute: built 25 candidates
[2026-10-05 04:37:18.716] [info] [stationary.cpp:264] NN: cost=728.311402, feasible=true, active_stations=1
[2026-10-05 04:37:18.716] [info] [candidate.cpp:199] InstancePrecompute: built 25 candidates
[2026-10-05 04:37:18.716] [info] [stationary.cpp:264] NN: cost=175.651573, feasible=true, active_stations=1
[2026-10-05 04:37:18.716] [info] [candidate.cpp:199] InstancePrecompute: built 25 candidates
[2026-10-05 04:37:18.716] [info] [stationary.cpp:264] NN: cost=248.482714, feasible=true, active_stations=1
[2026-10-05 04:37:18.716] [info] [candidate.cpp:199] InstancePrecompute: built 25 candidates
[2026-10-05 04:37:18.716] [info] [stationary.cpp:264] NN: cost=21.420924, feasible=true, active_stations=1
[2026-10-05 04:37:18.716] [info] [candidate.cpp:199] InstancePrecompute: built 25 candidates
[2026-10-05 04:37:18.716] [info] [stationary.cpp:264] NN: cost=222.777605, feasible=true, active_stations=1
[2026-10-05 04:37:18.716] [info] [candidate.cpp:199] InstancePrecompute: built 25 candidates
[2026-10-05 04:37:18.716] [info] [stationary.cpp:264] NN: cost=445.555211, feasible=true, active_stations=1
[2026-10-05 04:37:18.716] [info] [candidate.cpp:199] InstancePrecompute: built 25 candidates
[2026-10-05 04:37:18.716] [info] [stationary.cpp:264] NN: cost=209.925051, feasible=true, active_stations=1
[2026-10-05 04:37:18.716] [info] [candidate.cpp:199] InstancePrecompute: built 50 candidates
[2026-10-05 04:37:18.716] [info] [stationary.cpp:264] NN: cost=274.187822, feasible=true, active_stations=1
[2026-10-05 04:37:18.716] [info] [candidate.cpp:199] InstancePrecompute: built 25 candidates
[2026-10-05 04:37:18.716] [info] [stationary.cpp:264] NN: cost=428.418472, feasible=true, active_stations=1
[2026-10-05 04:37:18.716] [info] [candidate.cpp:199] InstancePrecompute: built 25 candidates
[2026-10-05 04:37:18.716] [info] [stationary.cpp:264] NN: cost=137.093911, feasible=true, active_stations=1
[2026-10-05 04:37:18.716] [info] [candidate.cpp:199] InstancePrecompute: built 25 candidates
[2026-10-05 04:37:18.716] [info] [stationary.cpp:264] NN: cost=158.514835, feasible=true, active_stations=1
[2026-10-05 04:37:18.716] [info] [candidate.cpp:199] InstancePrecompute: built 25 candidates
[2026-10-05 04:37:18.716] [info] [stationary.cpp:264] NN: cost=484.112873, feasible=true, active_stations=1
[2026-10-05 04:37:18.716] [info] [candidate.cpp:199] InstancePrecompute: built 25 candidates
[2026-10-05 04:37:18.716] [info] [stationary.cpp:264] NN: cost=175.651573, feasible=true, active_stations=1
[2026-10-05 04:37:18.716] [info] [candidate.cpp:199] InstancePrecompute: built 25 candidates
[2026-10-05 04:37:18.716] [info] [stationary.cpp:264] NN: cost=728.311402, feasible=true, active_stations=1
[2026-10-05 04:37:18.716] [info] [candidate.cpp:199] InstancePrecompute: built 50 candidates
[2026-10-05 04:37:18.716] [info] [stationary.cpp:264] NN: cost=471.260319, feasible=true, active_stations=2
[2026-10-05 04:37:18.716] [info] [candidate.cpp:199] InstancePrecompute: built 25 candidates
[2026-10-05 04:37:18.716] [info] [stationary.cpp:264] NN: cost=21.420924, feasible=true, active_stations=1
[2026-10-05 04:37:18.716] [info] [candidate.cpp:199] InstancePrecompute: built 25 candidates
[2026-10-05 04:37:18.716] [info] [stationary.cpp:264] NN: cost=445.555211, feasible=true, active_stations=1
[2026-10-05 04:37:18.716] [info] [candidate.cpp:199] InstancePrecompute: built 25 candidates
[2026-10-05 04:37:18.716] [info] [stationary.cpp:264] NN: cost=209.925051, feasible=true, active_stations=1
[2026-10-05 04:37:18.716] [info] [candidate.cpp:199] InstancePrecompute: built 25 candidates
[2026-10-05 04:37:18.716] [info] [stationary.cpp:264] NN: cost=214.209236, feasible=true, active_stations=1
[2026-10-05 04:37:18.716] [info] [candidate.cpp:199] InstancePrecompute: built 25 candidates
[2026-10-05 04:37:18.716] [info] [stationary.cpp:264] NN: cost=274.187822, feasible=true, active_stations=1
[2026-10-05 04:37:18.716] [info] [candidate.cpp:199] InstancePrecompute: built 25 candidates
[2026-10-05 04:37:18.716] [info] [stationary.cpp:264] NN: cost=428.418472, feasible=true, active_stations=1
[2026-10-05 04:37:18.716] [info] [candidate.cpp:199] InstancePrecompute: built 25 candidates
[2026-10-05 04:37:18.716] [info] [stationary.cpp:264] NN: cost=137.093911, feasible=true, active_stations=1
[2026-10-05 04:37:18.716] [info] [candidate.cpp:199] InstancePrecompute: built 25 candidates
[2026-10-05 04:37:18.716] [info] [stationary.cpp:264] NN: cost=158.514835, feasible=true, active_stations=1
[2026-10-05 04:37:18.716] [info] [candidate.cpp:199] InstancePrecompute: built 25 candidates
[2026-10-05 04:37:18.716] [info] [stationary.cpp:264] NN: cost=484.112873, feasible=true, active_stations=1
[2026-10-05 04:37:18.716] [info] [candidate.cpp:199] InstancePrecompute: built 25 candidates
[2026-10-05 04:37:18.716] [info] [stationary.cpp:264] NN: cost=175.651573, feasible=true, active_stations=1
[2026-10-05 04:37:18.716] [info] [candidate.cpp:199] InstancePrecompute: built 25 candidates
[2026-10-05 04:37:18.716] [info] [stationary.cpp:264] NN: cost=728.311402, feasible=true, active_stations=1
[2026-10-05 04:37:18.716] [info] [candidate.cpp:199] InstancePrecompute: built 50 candidates
[2026-10-05 04:37:18.716] [info] [stationary.cpp:264] NN: cost=471.260319, feasible=true, active_stations=2
[2026-10-05 04:37:18.716] [info] [candidate.cpp:199] InstancePrecompute: built 25 candidates
[2026-10-05 04:37:18.716] [info] [stationary.cpp:264] NN: cost=21.420924, feasible=true, active_stations=1
[2026-10-05 04:37:18.716] [info] [candidate.cpp:199] InstancePrecompute: built 25 candidates
[2026-10-05 04:37:18.716] [info] [stationary.cpp:264] NN: cost=445.555211, feasible=true, active_stations=1
[2026-10-05 04:37:18.716] [info] [candidate.cpp:199] InstancePrecompute: built 25 candidates
[2026-10-05 04:37:18.716] [info] [stationary.cpp:264] NN: cost=209.925051, feasible=true, active_stations=1
[2026-10-05 04:37:18.716] [info] [candidate.cpp:199] InstancePrecompute: built 25 candidates
[2026-10-05 04:37:18.716] [info] [stationary.cpp:264] NN: cost=214.209236, feasible=true, active_stations=1
[2026-10-05 04:37:18.716] [info] [candidate.cpp:199] InstancePrecompute: built 25 candidates
[2026-10-05 04:37:18.716] [info] [stationary.cpp:264] NN: cost=274.187822, feasible=true, active_stations=1
[2026-10-05 04:37:18.716] [info] [candidate.cpp:199] InstancePrecompute: built 25 candidates
[2026-10-05 04:37:18.716] [info] [stationary.cpp:264] NN: cost=428.418472, feasible=true, active_stations=1
[2026-10-05 04:37:18.716] [info] [candidate.cpp:199] InstancePrecompute: built 25 candidates
[2026-10-05 04:37:18.716] [info] [stationary.cpp:264] NN: cost=137.093911, feasible=true, active_stations=1
[2026-10-05 04:37:18.716] [info] [candidate.cpp:199] InstancePrecompute: built 25 candidates
[2026-10-05 04:37:18.716] [info] [stationary.cpp:264] NN: cost=158.514835, feasible=true, active_stations=1
[2026-10-05 04:37:18.716] [info] [candidate.cpp:199] InstancePrecompute: built 25 candidates
[2026-10-05 04:37:18.716] [info] [stationary.cpp:264] NN: cost=484.112873, feasible=true, active_stations=1
[2026-10-05 04:37:18.716] [info] [candidate.cpp:199] InstancePrecompute: built 25 candidates
[2026-10-05 04:37:18.716] [info] [stationary.cpp:264] NN: cost=175.651573, feasible=true, active_stations=1
[2026-10-05 04:37:18.716] [info] [candidate.cpp:199] InstancePrecompute: built 25 candidates
[2026-10-05 04:37:18.716] [info] [stationary.cpp:264] NN: cost=728.311402, feasible=true, active_stations=1
[2026-10-05 04:37:18.716] [info] [candidate.cpp:199] InstancePrecompute: built 50 candidates
[2026-10-05 04:37:18.716] [info] [stationary.cpp:264] NN: cost=471.260319, feasible=true, active_stations=2
[2026-10-05 04:37:18.716] [info] [candidate.cpp:199] InstancePrecompute: built 25 candidates
[2026-10-05 04:37:18.716] [info] [stationary.cpp:264] NN: cost=21.420924, feasible=true, active_stations=1
[2026-10-05 04:37:18.716] [info] [candidate.cpp:199] InstancePrecompute: built 25 candidates
[2026-10-05 04:37:18.716] [info] [stationary.cpp:264] NN: cost=445.555211, feasible=true, active_stations=1
[2026-10-05 04:37:18.716] [info] [candidate.cpp:199] InstancePrecompute: built 25 candidates
[2026-10-05 04:37:18.716] [info] [stationary.cpp:264] NN: cost=209.925051, feasible=true, active_stations=1
[2026-10-05 04:37:18.716] [info] [candidate.cpp:199] InstancePrecompute: built 50 candidates
[2026-10-05 04:37:18.716] [info] [stationary.cpp:264] NN: cost=274.187822, feasible=true, active_stations=1
[2026-10-05 04:37:18.716] [info] [candidate.cpp:199] InstancePrecompute: built 25 candidates
[2026-10-05 04:37:18.716] [info] [stationary.cpp:264] NN: cost=428.418472, feasible=true, active_stations=1
[2026-10-05 04:37:18.716] [info] [candidate.cpp:199] InstancePrecompute: built 25 candidates
[2026-10-05 04:37:18.716] [info] [stationary.cpp:264] NN: cost=137.093911, feasible=true, active_stations=1
[2026-10-05 04:37:18.716] [info] [candidate.cpp:199] InstancePrecompute: built 25 candidates
[2026-10-05 04:37:18.716] [info] [stationary.cpp:264] NN: cost=158.514835, feasible=true, active_stations=1
[2026-10-05 04:37:18.716] [info] [candidate.cpp:199] InstancePrecompute: built 25 candidates
[2026-10-05 04:37:18.716] [info] [stationary.cpp:264] NN: cost=484.112873, feasible=true, active_stations=1
[2026-10-05 04:37:18.716] [info] [candidate.cpp:199] InstancePrecompute: built 25 candidates
[2026-10-05 04:37:18.716] [info] [stationary.cpp:264] NN: cost=175.651573, feasible=true, active_stations=1
[2026-10-05 04:37:18.716] [info] [candidate.cpp:199] InstancePrecompute: built 25 candidates
[2026-10-05 04:37:18.716] [info] [stationary.cpp:264] NN: cost=728.311402, feasible=true, active_stations=1
[2026-10-05 04:37:18.716] [info] [candidate.cpp:199] InstancePrecompute: built 50 candidates
[2026-10-05 04:37:18.716] [info] [stationary.cpp:264] NN: cost=471.260319, feasible=true, active_stations=2
[2026-10-05 04:37:18.716] [info] [candidate.cpp:199] InstancePrecompute: built 25 candidates
[2026-10-05 04:37:18.716] [info] [stationary.cpp:264] NN: cost=21.420924, feasible=true, active_stations=1
[2026-10-05 04:37:18.716] [info] [candidate.cpp:199] InstancePrecompute: built 25 candidates
[2026-10-05 04:37:18.716] [info] [stationary.cpp:264] NN: cost=445.555211, feasible=true, active_stations=1
[2026-10-05 04:37:18.716] [info] [candidate.cpp:199] InstancePrecompute: built 25 candidates
[2026-10-05 04:37:18.716] [info] [stationary.cpp:264] NN: cost=209.925051, feasible=true, active_stations=1
[2026-10-05 04:37:18.716] [info] [candidate.cpp:199] InstancePrecompute: built 50 candidates
[2026-10-05 04:37:18.716] [info] [stationary.cpp:264] NN: cost=274.187822, feasible=true, active_stations=1
[2026-10-05 04:37:18.716] [info] [candidate.cpp:199] InstancePrecompute: built 25 candidates
[2026-10-05 04:37:18.716] [info] [stationary.cpp:264] NN: cost=428.418472, feasible=true, active_stations=1
[2026-10-05 04:37:18.716] [info] [candidate.cpp:199] InstancePrecompute: built 25 candidates
[2026-10-05 04:37:18.716] [info] [stationary.cpp:264] NN: cost=137.093911, feasible=true, active_stations=1
[2026-10-05 04:37:18.716] [info] [candidate.cpp:199] InstancePrecompute: built 25 candidates
[2026-10-05 04:37:18.716] [info] [stationary.cpp:264] NN: cost=158.514835, feasible=true, active_stations=1
[2026-10-05 04:37:18.716] [info] [candidate.cpp:199] InstancePrecompute: built 25 candidates
[2026-10-05 04:37:18.716] [info] [stationary.cpp:264] NN: cost=484.112873, feasible=true, active_stations=1
[2026-10-05 04:37:18.716] [info] [candidate.cpp:199] InstancePrecompute: built 25 candidates
[2026-10-05 04:37:18.716] [info] [stationary.cpp:264] NN: cost=175.651573, feasible=true, active_stations=1
[2026-10-05 04:37:18.717] [info] [candidate.cpp:199] InstancePrecompute: built 25 candidates
[2026-10-05 04:37:18.717] [info] [stationary.cpp:264] NN: cost=728.311402, feasible=true, active_stations=1
[2026-10-05 04:37:18.717] [info] [candidate.cpp:199] InstancePrecompute: built 50 candidates
[2026-10-05 04:37:18.717] [info] [stationary.cpp:264] NN: cost=471.260319, feasible=true, active_stations=2
[2026-10-05 04:37:18.717] [info] [candidate.cpp:199] InstancePrecompute: built 25 candidates
[2026-10-05 04:37:18.717] [info] [stationary.cpp:264] NN: cost=21.420924, feasible=true, active_stations=1
[2026-10-05 04:37:18.717] [info] [candidate.cpp:199] InstancePrecompute: built 25 candidates
[2026-10-05 04:37:18.717] [info] [stationary.cpp:264] NN: cost=445.555211, feasible=true, active_stations=1
[2026-10-05 04:37:18.717] [info] [candidate.cpp:199] InstancePrecompute: built 25 candidates
[2026-10-05 04:37:18.717] [info] [stationary.cpp:264] NN: cost=209.925051, feasible=true, active_stations=1
[2026-10-05 04:37:18.717] [info] [candidate.cpp:199] InstancePrecompute: built 25 candidates
[2026-10-05 04:37:18.717] [info] [stationary.cpp:264] NN: cost=214.209236, feasible=true, active_stations=1
[2026-10-05 04:37:18.717] [info] [candidate.cpp:199] InstancePrecompute: built 25 candidates
[2026-10-05 04:37:18.717] [info] [stationary.cpp:264] NN: cost=274.187822, feasible=true, active_stations=1
[2026-10-05 04:37:18.717] [info] [candidate.cpp:199] InstancePrecompute: built 25 candidates
[2026-10-05 04:37:18.717] [info] [stationary.cpp:264] NN: cost=428.418472, feasible=true, active_stations=1
[2026-10-05 04:37:18.717] [info] [candidate.cpp:199] InstancePrecompute: built 25 candidates
[2026-10-05 04:37:18.717] [info] [stationary.cpp:264] NN: cost=137.093911, feasible=true, active_stations=1
[2026-10-05 04:37:18.717] [info] [candidate.cpp:199] InstancePrecompute: built 25 candidates
[2026-10-05 04:37:18.717] [info] [stationary.cpp:264] NN: cost=158.514835, feasible=true, active_stations=1
[2026-10-05 04:37:18.717] [info] [candidate.cpp:199] InstancePrecompute: built 25 candidates
[2026-10-05 04:37:18.717] [info] [stationary.cpp:264] NN: cost=484.112873, feasible=true, active_stations=1
[2026-10-05 04:37:18.717] [info] [candidate.cpp:199] InstancePrecompute: built 25 candidates
[2026-10-05 04:37:18.717] [info] [stationary.cpp:264] NN: cost=175.651573, feasible=true, active_stations=1
[2026-10-05 04:37:18.717] [info] [candidate.cpp:199] InstancePrecompute: built 25 candidates
[2026-10-05 04:37:18.717] [info] [stationary.cpp:264] NN: cost=728.311402, feasible=true, active_stations=1
[2026-10-05 04:37:18.717] [info] [candidate.cpp:199] InstancePrecompute: built 50 candidates
[2026-10-05 04:37:18.717] [info] [stationary.cpp:264] NN: cost=471.260319, feasible=true, active_stations=2
[2026-10-05 04:37:18.717] [info] [candidate.cpp:199] InstancePrecompute: built 25 candidates
[2026-10-05 04:37:18.717] [info] [stationary.cpp:264] NN: cost=21.420924, feasible=true, active_stations=1
[2026-10-05 04:37:18.717] [info] [candidate.cpp:199] InstancePrecompute: built 25 candidates
[2026-10-05 04:37:18.717] [info] [stationary.cpp:264] NN: cost=445.555211, feasible=true, active_stations=1
[2026-10-05 04:37:18.717] [info] [candidate.cpp:199] InstancePrecompute: built 25 candidates
[2026-10-05 04:37:18.717] [info] [stationary.cpp:264] NN: cost=209.925051, feasible=true, active_stations=1
[2026-10-05 04:37:18.717] [info] [candidate.cpp:199] InstancePrecompute: built 25 candidates
[2026-10-05 04:37:18.717] [info] [stationary.cpp:264] NN: cost=214.209236, feasible=true, active_stations=1
[2026-10-05 04:37:18.717] [info] [candidate.cpp:199] InstancePrecompute: built 25 candidates
[2026-10-05 04:37:18.717] [info] [stationary.cpp:264] NN: cost=274.187822, feasible=true, active_stations=1
[2026-10-05 04:37:18.717] [info] [candidate.cpp:199] InstancePrecompute: built 25 candidates
[2026-10-05 04:37:18.717] [info] [stationary.cpp:264] NN: cost=428.418472, feasible=true, active_stations=1
[2026-10-05 04:37:18.717] [info] [candidate.cpp:199] InstancePrecompute: built 25 candidates
[2026-10-05 04:37:18.717] [info] [stationary.cpp:264] NN: cost=137.093911, feasible=true, active_stations=1
[2026-10-05 04:37:18.717] [info] [candidate.cpp:199] InstancePrecompute: built 25 candidates
[2026-10-05 04:37:18.717] [info] [stationary.cpp:264] NN: cost=158.514835, feasible=true, active_stations=1
[2026-10-05 04:37:18.717] [info] [candidate.cpp:199] InstancePrecompute: built 25 candidates
[2026-10-05 04:37:18.717] [info] [stationary.cpp:264] NN: cost=484.112873, feasible=true, active_stations=1
[2026-10-05 04:37:18.717] [info] [candidate.cpp:199] InstancePrecompute: built 25 candidates
[2026-10-05 04:37:18.717] [info] [stationary.cpp:264] NN: cost=175.651573, feasible=true, active_stations=1
[2026-10-05 04:37:18.717] [info] [candidate.cpp:199] InstancePrecompute: built 25 candidates
[2026-10-05 04:37:18.717] [info] [stationary.cpp:264] NN: cost=728.311402, feasible=true, active_stations=1
[2026-10-05 04:37:18.717] [info] [candidate.cpp:199] InstancePrecompute: built 50 candidates
[2026-10-05 04:37:18.717] [info] [stationary.cpp:264] NN: cost=471.260319, feasible=true, active_stations=2
[2026-10-05 04:37:18.717] [info] [candidate.cpp:199] InstancePrecompute: built 25 candidates
[2026-10-05 04:37:18.717] [info] [stationary.cpp:264] NN: cost=21.420924, feasible=true, active_stations=1
[2026-10-05 04:37:18.717] [info] [candidate.cpp:199] InstancePrecompute: built 25 candidates
[2026-10-05 04:37:18.717] [info] [stationary.cpp:264] NN: cost=445.555211, feasible=true, active_stations=1
[2026-10-05 04:37:18.717] [info] [candidate.cpp:199] InstancePrecompute: built 25 candidates
[2026-10-05 04:37:18.717] [info] [stationary.cpp:264] NN: cost=209.925051, feasible=true, active_stations=1
[2026-10-05 04:37:18.717] [info] [candidate.cpp:199] InstancePrecompute: built 25 candidates
[2026-10-05 04:37:18.717] [info] [stationary.cpp:264] NN: cost=214.209236, feasible=true, active_stations=1
[2026-10-05 04:37:18.717] [info] [candidate.cpp:199] InstancePrecompute: built 25 candidates
[2026-10-05 04:37:18.717] [info] [stationary.cpp:264] NN: cost=428.418472, feasible=true, active_stations=1
[2026-10-05 04:37:18.717] [info] [candidate.cpp:199] InstancePrecompute: built 25 candidates
[2026-10-05 04:37:18.717] [info] [stationary.cpp:264] NN: cost=137.093911, feasible=true, active_stations=1
[2026-10-05 04:37:18.717] [info] [candidate.cpp:199] InstancePrecompute: built 25 candidates
[2026-10-05 04:37:18.717] [info] [stationary.cpp:264] NN: cost=274.187822, feasible=true, active_stations=1
[2026-10-05 04:37:18.717] [info] [candidate.cpp:199] InstancePrecompute: built 25 candidates
[2026-10-05 04:37:18.717] [info] [stationary.cpp:264] NN: cost=158.514835, feasible=true, active_stations=1
[2026-10-05 04:37:18.717] [info] [candidate.cpp:199] InstancePrecompute: built 25 candidates
[2026-10-05 04:37:18.717] [info] [stationary.cpp:264] NN: cost=484.112873, feasible=true, active_stations=1
[2026-10-05 04:37:18.717] [info] [candidate.cpp:199] InstancePrecompute: built 25 candidates
[2026-10-05 04:37:18.717] [info] [stationary.cpp:264] NN: cost=175.651573, feasible=true, active_stations=1
[2026-10-05 04:37:18.717] [info] [candidate.cpp:199] InstancePrecompute: built 25 candidates
[2026-10-05 04:37:18.717] [info] [stationary.cpp:264] NN: cost=728.311402, feasible=true, active_stations=1
[2026-10-05 04:37:18.717] [info] [candidate.cpp:199] InstancePrecompute: built 50 candidates
[2026-10-05 04:37:18.717] [info] [stationary.cpp:264] NN: cost=471.260319, feasible=true, active_stations=2
[2026-10-05 04:37:18.717] [info] [candidate.cpp:199] InstancePrecompute: built 25 candidates
[2026-10-05 04:37:18.717] [info] [stationary.cpp:264] NN: cost=21.420924, feasible=true, active_stations=1
[2026-10-05 04:37:18.717] [info] [candidate.cpp:199] InstancePrecompute: built 25 candidates
[2026-10-05 04:37:18.717] [info] [stationary.cpp:264] NN: cost=445.555211, feasible=true, active_stations=1
[2026-10-05 04:37:18.717] [info] [candidate.cpp:199] InstancePrecompute: built 25 candidates
[2026-10-05 04:37:18.717] [info] [stationary.cpp:264] NN: cost=209.925051, feasible=true, active_stations=1
[2026-10-05 04:37:18.717] [info] [candidate.cpp:199] InstancePrecompute: built 25 candidates
[2026-10-05 04:37:18.717] [info] [stationary.cpp:264] NN: cost=214.209236, feasible=true, active_stations=1
[2026-10-05 04:37:18.717] [info] [candidate.cpp:199] InstancePrecompute: built 25 candidates
[2026-10-05 04:37:18.717] [info] [stationary.cpp:264] NN: cost=428.418472, feasible=true, active_stations=1
[2026-10-05 04:37:18.717] [info] [candidate.cpp:199] InstancePrecompute: built 50 candidates
[2026-10-05 04:37:18.717] [info] [stationary.cpp:264] NN: cost=274.187822, feasible=true, active_stations=1
[2026-10-05 04:37:18.717] [info] [candidate.cpp:199] InstancePrecompute: built 25 candidates
[2026-10-05 04:37:18.717] [info] [stationary.cpp:264] NN: cost=158.514835, feasible=true, active_stations=1
[2026-10-05 04:37:18.717] [info] [candidate.cpp:199] InstancePrecompute: built 25 candidates
[2026-10-05 04:37:18.717] [info] [stationary.cpp:264] NN: cost=484.112873, feasible=true, active_stations=1
[2026-10-05 04:37:18.717] [info] [candidate.cpp:199] InstancePrecompute: built 25 candidates
[2026-10-05 04:37:18.717] [info] [stationary.cpp:264] NN: cost=175.651573, feasible=true, active_stations=1
[2026-10-05 04:37:18.717] [info] [candidate.cpp:199] InstancePrecompute: built 25 candidates
[2026-10-05 04:37:18.717] [info] [stationary.cpp:264] NN: cost=728.311402, feasible=true, active_stations=1
[2026-10-05 04:37:18.717] [info] [candidate.cpp:199] InstancePrecompute: built 50 candidates
[2026-10-05 04:37:18.717] [info] [stationary.cpp:264] NN: cost=471.260319, feasible=true, active_stations=2
[2026-10-05 04:37:18.717] [info] [candidate.cpp:199] InstancePrecompute: built 25 candidates
[2026-10-05 04:37:18.717] [info] [stationary.cpp:264] NN: cost=21.420924, feasible=true, active_stations=1
[2026-10-05 04:37:18.717] [info] [candidate.cpp:199] InstancePrecompute: built 25 candidates
[2026-10-05 04:37:18.717] [info] [stationary.cpp:264] NN: cost=445.555211, feasible=true, active_stations=1
[2026-10-05 04:37:18.717] [info] [candidate.cpp:199] InstancePrecompute: built 25 candidates
[2026-10-05 04:37:18.717] [info] [stationary.cpp:264] NN: cost=209.925051, feasible=true, active_stations=1
[2026-10-05 04:37:18.717] [info] [candidate.cpp:199] InstancePrecompute: built 25 candidates
[2026-10-05 04:37:18.717] [info] [stationary.cpp:264] NN: cost=214.209236, feasible=true, active_stations=1
[2026-10-05 04:37:18.717] [info] [candidate.cpp:199] InstancePrecompute: built 25 candidates
[2026-10-05 04:37:18.717] [info] [stationary.cpp:264] NN: cost=428.418472, feasible=true, active_stations=1
[2026-10-05 04:37:18.717] [info] [candidate.cpp:199] InstancePrecompute: built 50 candidates
[2026-10-05 04:37:18.717] [info] [stationary.cpp:264] NN: cost=274.187822, feasible=true, active_stations=1
[2026-10-05 04:37:18.717] [info] [candidate.cpp:199] InstancePrecompute: built 25 candidates
[2026-10-05 04:37:18.717] [info] [stationary.cpp:264] NN: cost=158.514835, feasible=true, active_stations=1
[2026-10-05 04:37:18.717] [info] [candidate.cpp:199] InstancePrecompute: built 25 candidates
[2026-10-05 04:37:18.717] [info] [stationary.cpp:264] NN: cost=484.112873, feasible=true, active_stations=1
[2026-10-05 04:37:18.717] [info] [candidate.cpp:199] InstancePrecompute: built 25 candidates
[2026-10-05 04:37:18.717] [info] [stationary.cpp:264] NN: cost=175.651573, feasible=true, active_stations=1
[2026-10-05 04:37:18.717] [info] [candidate.cpp:199] InstancePrecompute: built 25 candidates
[2026-10-05 04:37:18.717] [info] [stationary.cpp:264] NN: cost=728.311402, feasible=true, active_stations=1
[2026-10-05 04:37:18.717] [info] [candidate.cpp:199] InstancePrecompute: built 50 candidates
[2026-10-05 04:37:18.717] [info] [stationary.cpp:264] NN: cost=471.260319, feasible=true, active_stations=2
[2026-10-05 04:37:18.717] [info] [candidate.cpp:199] InstancePrecompute: built 25 candidates
[2026-10-05 04:37:18.717] [info] [stationary.cpp:264] NN: cost=21.420924, feasible=true, active_stations=1
[2026-10-05 04:37:18.717] [info] [candidate.cpp:199] InstancePrecompute: built 25 candidates
[2026-10-05 04:37:18.717] [info] [stationary.cpp:264] NN: cost=445.555211, feasible=true, active_stations=1
[2026-10-05 04:37:18.717] [info] [candidate.cpp:199] InstancePrecompute: built 25 candidates
[2026-10-05 04:37:18.717] [info] [stationary.cpp:264] NN: cost=209.925051, feasible=true, active_stations=1
[2026-10-05 04:37:18.717] [info] [candidate.cpp:199] InstancePrecompute: built 25 candidates
[2026-10-05 04:37:18.717] [info] [stationary.cpp:264] NN: cost=214.209236, feasible=true, active_stations=1
[2026-10-05 04:37:18.717] [info] [candidate.cpp:199] InstancePrecompute: built 25 candidates
[2026-10-05 04:37:18.717] [info] [stationary.cpp:264] NN: cost=428.418472, feasible=true, active_stations=1
[2026-10-05 04:37:18.717] [info] [candidate.cpp:199] InstancePrecompute: built 50 candidates
[2026-10-05 04:37:18.717] [info] [stationary.cpp:264] NN: cost=274.187822, feasible=true, active_stations=1
[2026-10-05 04:37:18.717] [info] [candidate.cpp:199] InstancePrecompute: built 25 candidates
[2026-10-05 04:37:18.717] [info] [stationary.cpp:264] NN: cost=158.514835, feasible=true, active_stations=1
[2026-10-05 04:37:18.717] [info] [candidate.cpp:199] InstancePrecompute: built 25 candidates
[2026-10-05 04:37:18.717] [info] [stationary.cpp:264] NN: cost=484.112873, feasible=true, active_stations=1
[2026-10-05 04:37:18.717] [info] [candidate.cpp:199] InstancePrecompute: built 25 candidates
[2026-10-05 04:37:18.717] [info] [stationary.cpp:264] NN: cost=175.651573, feasible=true, active_stations=1
[2026-10-05 04:37:18.717] [info] [candidate.cpp:199] InstancePrecompute: built 25 candidates
[2026-10-05 04:37:18.717] [info] [stationary.cpp:264] NN: cost=728.311402, feasible=true, active_stations=1
[2026-10-05 04:37:18.717] [info] [candidate.cpp:199] InstancePrecompute: built 50 candidates
[2026-10-05 04:37:18.717] [info] [stationary.cpp:264] NN: cost=471.260319, feasible=true, active_stations=2
[2026-10-05 04:37:18.717] [info] [candidate.cpp:199] InstancePrecompute: built 25 candidates
[2026-10-05 04:37:18.717] [info] [stationary.cpp:264] NN: cost=21.420924, feasible=true, active_stations=1
[2026-10-05 04:37:18.717] [info] [candidate.cpp:199] InstancePrecompute: built 25 candidates
[2026-10-05 04:37:18.717] [info] [stationary.cpp:264] NN: cost=445.555211, feasible=true, active_stations=1
[2026-10-05 04:37:18.717] [info] [candidate.cpp:199] InstancePrecompute: built 25 candidates
[2026-10-05 04:37:18.717] [info] [stationary.cpp:264] NN: cost=209.925051, feasible=true, active_stations=1
[2026-10-05 04:37:18.717] [info] [candidate.cpp:199] InstancePrecompute: built 25 candidates
[2026-10-05 04:37:18.717] [info] [stationary.cpp:264] NN: cost=214.209236, feasible=true, active_stations=1
[2026-10-05 04:37:18.717] [info] [candidate.cpp:199] InstancePrecompute: built 25 candidates
[2026-10-05 04:37:18.717] [info] [stationary.cpp:264] NN: cost=428.418472, feasible=true, active_stations=1
[2026-10-05 04:37:18.717] [info] [candidate.cpp:199] InstancePrecompute: built 25 candidates
[2026-10-05 04:37:18.717] [info] [stationary.cpp:264] NN: cost=137.093911, feasible=true, active_stations=1
[2026-10-05 04:37:18.717] [info] [candidate.cpp:199] InstancePrecompute: built 25 candidates
[2026-10-05 04:37:18.717] [info] [stationary.cpp:264] NN: cost=274.187822, feasible=true, active_stations=1
[2026-10-05 04:37:18.717] [info] [candidate.cpp:199] InstancePrecompute: built 25 candidates
[2026-10-05 04:37:18.717] [info] [stationary.cpp:264] NN: cost=158.514835, feasible=true, active_stations=1
[2026-10-05 04:37:18.717] [info] [candidate.cpp:199] InstancePrecompute: built 25 candidates
[2026-10-05 04:37:18.717] [info] [stationary.cpp:264] NN: cost=484.112873, feasible=true, active_stations=1
[2026-10-05 04:37:18.717] [info] [candidate.cpp:199] InstancePrecompute: built 25 candidates
[2026-10-05 04:37:18.717] [info] [stationary.cpp:264] NN: cost=175.651573, feasible=true, active_stations=1
[2026-10-05 04:37:18.717] [info] [candidate.cpp:199] InstancePrecompute: built 25 candidates
[2026-10-05 04:37:18.717] [info] [stationary.cpp:264] NN: cost=728.311402, feasible=true, active_stations=1
[2026-10-05 04:37:18.717] [info] [candidate.cpp:199] InstancePrecompute: built 50 candidates
[2026-10-05 04:37:18.717] [info] [stationary.cpp:264] NN: cost=471.260319, feasible=true, active_stations=2
[2026-10-05 04:37:18.717] [info] [candidate.cpp:199] InstancePrecompute: built 25 candidates
[2026-10-05 04:37:18.717] [info] [stationary.cpp:264] NN: cost=21.420924, feasible=true, active_stations=1
[2026-10-05 04:37:18.717] [info] [candidate.cpp:199] InstancePrecompute: built 25 candidates
[2026-10-05 04:37:18.717] [info] [stationary.cpp:264] NN: cost=445.555211, feasible=true, active_stations=1
[2026-10-05 04:37:18.717] [info] [candidate.cpp:199] InstancePrecompute: built 25 candidates
[2026-10-05 04:37:18.717] [info] [stationary.cpp:264] NN: cost=209.925051, feasible=true, active_stations=1
[2026-10-05 04:37:18.717] [info] [candidate.cpp:199] InstancePrecompute: built 25 candidates
[2026-10-05 04:37:18.717] [info] [stationary.cpp:264] NN: cost=214.209236, feasible=true, active_stations=1
[2026-10-05 04:37:18.717] [info] [candidate.cpp:199] InstancePrecompute: built 25 candidates
[2026-10-05 04:37:18.717] [info] [stationary.cpp:264] NN: cost=428.418472, feasible=true, active_stations=1
[2026-10-05 04:37:18.717] [info] [candidate.cpp:199] InstancePrecompute: built 25 candidates
[2026-10-05 04:37:18.717] [info] [stationary.cpp:264] NN: cost=137.093911, feasible=true, active_stations=1
[2026-10-05 04:37:18.717] [info] [candidate.cpp:199] InstancePrecompute: built 25 candidates
[2026-10-05 04:37:18.717] [info] [stationary.cpp:264] NN: cost=274.187822, feasible=true, active_stations=1
[2026-10-05 04:37:18.717] [info] [candidate.cpp:199] InstancePrecompute: built 25 candidates
[2026-10-05 04:37:18.717] [info] [stationary.cpp:264] NN: cost=158.514835, feasible=true, active_stations=1
[2026-10-05 04:37:18.717] [info] [candidate.cpp:199] InstancePrecompute: built 25 candidates
[2026-10-05 04:37:18.717] [info] [stationary.cpp:264] NN: cost=484.112873, feasible=true, active_stations=1
[2026-10-05 04:37:18.717] [info] [candidate.cpp:199] InstancePrecompute: built 25 candidates
[2026-10-05 04:37:18.717] [info] [stationary.cpp:264] NN: cost=728.311402, feasible=true, active_stations=1
[2026-10-05 04:37:18.717] [info] [candidate.cpp:199] InstancePrecompute: built 25 candidates
[2026-10-05 04:37:18.717] [info] [stationary.cpp:264] NN: cost=175.651573, feasible=true, active_stations=1
[2026-10-05 04:37:18.717] [info] [candidate.cpp:199] InstancePrecompute: built 25 candidates
[2026-10-05 04:37:18.717] [info] [stationary.cpp:264] NN: cost=248.482714, feasible=true, active_stations=1
[2026-10-05 04:37:18.717] [info] [candidate.cpp:199] InstancePrecompute: built 25 candidates
[2026-10-05 04:37:18.717] [info] [stationary.cpp:264] NN: cost=21.420924, feasible=true, active_stations=1
[2026-10-05 04:37:18.717] [info] [candidate.cpp:199] InstancePrecompute: built 25 candidates
[2026-10-05 04:37:18.717] [info] [stationary.cpp:264] NN: cost=222.777605, feasible=true, active_stations=1
[2026-10-05 04:37:18.717] [info] [candidate.cpp:199] InstancePrecompute: built 25 candidates
[2026-10-05 04:37:18.717] [info] [stationary.cpp:264] NN: cost=209.925051, feasible=true, active_stations=1
[2026-10-05 04:37:18.717] [info] [candidate.cpp:199] InstancePrecompute: built 25 candidates
[2026-10-05 04:37:18.717] [info] [stationary.cpp:264] NN: cost=214.209236, feasible=true, active_stations=1
[2026-10-05 04:37:18.717] [info] [candidate.cpp:199] InstancePrecompute: built 25 candidates
[2026-10-05 04:37:18.717] [info] [stationary.cpp:264] NN: cost=445.555211, feasible=true, active_stations=1
[2026-10-05 04:37:18.717] [info] [candidate.cpp:199] InstancePrecompute: built 25 candidates
[2026-10-05 04:37:18.717] [info] [stationary.cpp:264] NN: cost=428.418472, feasible=true, active_stations=1
[2026-10-05 04:37:18.717] [info] [candidate.cpp:199] InstancePrecompute: built 25 candidates
[2026-10-05 04:37:18.717] [info] [stationary.cpp:264] NN: cost=137.093911, feasible=true, active_stations=1
[2026-10-05 04:37:18.717] [info] [candidate.cpp:199] InstancePrecompute: built 25 candidates
[2026-10-05 04:37:18.717] [info] [stationary.cpp:264] NN: cost=274.187822, feasible=true, active_stations=1
[2026-10-05 04:37:18.717] [info] [candidate.cpp:199] InstancePrecompute: built 25 candidates
[2026-10-05 04:37:18.717] [info] [stationary.cpp:264] NN: cost=158.514835, feasible=true, active_stations=1
[2026-10-05 04:37:18.717] [info] [candidate.cpp:199] InstancePrecompute: built 25 candidates
[2026-10-05 04:37:18.717] [info] [stationary.cpp:264] NN: cost=484.112873, feasible=true, active_stations=1
[2026-10-05 04:37:18.717] [info] [candidate.cpp:199] InstancePrecompute: built 25 candidates
[2026-10-05 04:37:18.717] [info] [stationary.cpp:264] NN: cost=728.311402, feasible=true, active_stations=1
[2026-10-05 04:37:18.717] [info] [candidate.cpp:199] InstancePrecompute: built 25 candidates
[2026-10-05 04:37:18.717] [info] [stationary.cpp:264] NN: cost=175.651573, feasible=true, active_stations=1
[2026-10-05 04:37:18.717] [info] [candidate.cpp:199] InstancePrecompute: built 25 candidates
[2026-10-05 04:37:18.717] [info] [stationary.cpp:264] NN: cost=248.482714, feasible=true, active_stations=1
[2026-10-05 04:37:18.717] [info] [candidate.cpp:199] InstancePrecompute: built 25 candidates
[2026-10-05 04:37:18.717] [info] [stationary.cpp:264] NN: cost=21.420924, feasible=true, active_stations=1
[2026-10-05 04:37:18.717] [info] [candidate.cpp:199] InstancePrecompute: built 25 candidates
[2026-10-05 04:37:18.717] [info] [stationary.cpp:264] NN: cost=222.777605, feasible=true, active_stations=1
[2026-10-05 04:37:18.717] [info] [candidate.cpp:199] InstancePrecompute: built 25 candidates
[2026-10-05 04:37:18.717] [info] [stationary.cpp:264] NN: cost=209.925051, feasible=true, active_stations=1
[2026-10-05 04:37:18.717] [info] [candidate.cpp:199] InstancePrecompute: built 25 candidates
[2026-10-05 04:37:18.717] [info] [stationary.cpp:264] NN: cost=214.209236, feasible=true, active_stations=1
[2026-10-05 04:37:18.717] [info] [candidate.cpp:199] InstancePrecompute: built 25 candidates
[2026-10-05 04:37:18.717] [info] [stationary.cpp:264] NN: cost=445.555211, feasible=true, active_stations=1
[2026-10-05 04:37:18.717] [info] [candidate.cpp:199] InstancePrecompute: built 25 candidates
[2026-10-05 04:37:18.717] [info] [stationary.cpp:264] NN: cost=428.418472, feasible=true, active_stations=1
[2026-10-05 04:37:18.717] [info] [candidate.cpp:199] InstancePrecompute: built 50 candidates
[2026-10-05 04:37:18.717] [info] [stationary.cpp:264] NN: cost=274.187822, feasible=true, active_stations=1
[2026-10-05 04:37:18.717] [info] [candidate.cpp:199] InstancePrecompute: built 25 candidates
[2026-10-05 04:37:18.717] [info] [stationary.cpp:264] NN: cost=158.514835, feasible=true, active_stations=1
[2026-10-05 04:37:18.717] [info] [candidate.cpp:199] InstancePrecompute: built 25 candidates
[2026-10-05 04:37:18.717] [info] [stationary.cpp:264] NN: cost=484.112873, feasible=true, active_stations=1
[2026-10-05 04:37:18.717] [info] [candidate.cpp:199] InstancePrecompute: built 25 candidates
[2026-10-05 04:37:18.717] [info] [stationary.cpp:264] NN: cost=728.311402, feasible=true, active_stations=1
[2026-10-05 04:37:18.717] [info] [candidate.cpp:199] InstancePrecompute: built 25 candidates
[2026-10-05 04:37:18.717] [info] [stationary.cpp:264] NN: cost=175.651573, feasible=true, active_stations=1
[2026-10-05 04:37:18.717] [info] [candidate.cpp:199] InstancePrecompute: built 25 candidates
[2026-10-05 04:37:18.717] [info] [stationary.cpp:264] NN: cost=248.482714, feasible=true, active_stations=1
[2026-10-05 04:37:18.717] [info] [candidate.cpp:199] InstancePrecompute: built 25 candidates
[2026-10-05 04:37:18.717] [info] [stationary.cpp:264] NN: cost=21.420924, feasible=true, active_stations=1
[2026-10-05 04:37:18.717] [info] [candidate.cpp:199] InstancePrecompute: built 25 candidates
[2026-10-05 04:37:18.717] [info] [stationary.cpp:264] NN: cost=222.777605, feasible=true, active_stations=1
[2026-10-05 04:37:18.717] [info] [candidate.cpp:199] InstancePrecompute: built 25 candidates
[2026-10-05 04:37:18.717] [info] [stationary.cpp:264] NN: cost=209.925051, feasible=true, active_stations=1
[2026-10-05 04:37:18.717] [info] [candidate.cpp:199] InstancePrecompute: built 50 candidates
[2026-10-05 04:37:18.717] [info] [stationary.cpp:264] NN: cost=659.764447, feasible=true, active_stations=2
[2026-10-05 04:37:18.717] [info] [candidate.cpp:199] InstancePrecompute: built 25 candidates
[2026-10-05 04:37:18.717] [info] [stationary.cpp:264] NN: cost=428.418472, feasible=true, active_stations=1
[2026-10-05 04:37:18.717] [info] [candidate.cpp:199] InstancePrecompute: built 50 candidates
[2026-10-05 04:37:18.717] [info] [stationary.cpp:264] NN: cost=274.187822, feasible=true, active_stations=1
[2026-10-05 04:37:18.717] [info] [candidate.cpp:199] InstancePrecompute: built 25 candidates
[2026-10-05 04:37:18.717] [info] [stationary.cpp:264] NN: cost=158.514835, feasible=true, active_stations=1
[2026-10-05 04:37:18.717] [info] [candidate.cpp:199] InstancePrecompute: built 25 candidates
[2026-10-05 04:37:18.717] [info] [stationary.cpp:264] NN: cost=484.112873, feasible=true, active_stations=1
[2026-10-05 04:37:18.717] [info] [candidate.cpp:199] InstancePrecompute: built 25 candidates
[2026-10-05 04:37:18.717] [info] [stationary.cpp:264] NN: cost=728.311402, feasible=true, active_stations=1
[2026-10-05 04:37:18.717] [info] [candidate.cpp:199] InstancePrecompute: built 25 candidates
[2026-10-05 04:37:18.717] [info] [stationary.cpp:264] NN: cost=175.651573, feasible=true, active_stations=1
[2026-10-05 04:37:18.717] [info] [candidate.cpp:199] InstancePrecompute: built 25 candidates
[2026-10-05 04:37:18.717] [info] [stationary.cpp:264] NN: cost=248.482714, feasible=true, active_stations=1
[2026-10-05 04:37:18.717] [info] [candidate.cpp:199] InstancePrecompute: built 25 candidates
[2026-10-05 04:37:18.717] [info] [stationary.cpp:264] NN: cost=21.420924, feasible=true, active_stations=1
[2026-10-05 04:37:18.717] [info] [candidate.cpp:199] InstancePrecompute: built 25 candidates
[2026-10-05 04:37:18.717] [info] [stationary.cpp:264] NN: cost=222.777605, feasible=true, active_stations=1
[2026-10-05 04:37:18.717] [info] [candidate.cpp:199] InstancePrecompute: built 25 candidates
[2026-10-05 04:37:18.717] [info] [stationary.cpp:264] NN: cost=209.925051, feasible=true, active_stations=1
[2026-10-05 04:37:18.717] [info] [candidate.cpp:199] InstancePrecompute: built 50 candidates
[2026-10-05 04:37:18.717] [info] [stationary.cpp:264] NN: cost=659.764447, feasible=true, active_stations=2
[2026-10-05 04:37:18.717] [info] [candidate.cpp:199] InstancePrecompute: built 25 candidates
[2026-10-05 04:37:18.717] [info] [stationary.cpp:264] NN: cost=428.418472, feasible=true, active_stations=1
[2026-10-05 04:37:18.717] [info] [candidate.cpp:199] InstancePrecompute: built 50 candidates
[2026-10-05 04:37:18.717] [info] [stationary.cpp:264] NN: cost=274.187822, feasible=true, active_stations=1
[2026-10-05 04:37:18.717] [info] [candidate.cpp:199] InstancePrecompute: built 25 candidates
[2026-10-05 04:37:18.718] [info] [stationary.cpp:264] NN: cost=158.514835, feasible=true, active_stations=1
[2026-10-05 04:37:18.718] [info] [candidate.cpp:199] InstancePrecompute: built 25 candidates
[2026-10-05 04:37:18.718] [info] [stationary.cpp:264] NN: cost=484.112873, feasible=true, active_stations=1
[2026-10-05 04:37:18.718] [info] [candidate.cpp:199] InstancePrecompute: built 25 candidates
[2026-10-05 04:37:18.718] [info] [stationary.cpp:264] NN: cost=728.311402, feasible=true, active_stations=1
[2026-10-05 04:37:18.718] [info] [candidate.cpp:199] InstancePrecompute: built 25 candidates
[2026-10-05 04:37:18.718] [info] [stationary.cpp:264] NN: cost=175.651573, feasible=true, active_stations=1
[2026-10-05 04:37:18.718] [info] [candidate.cpp:199] InstancePrecompute: built 25 candidates
[2026-10-05 04:37:18.718] [info] [stationary.cpp:264] NN: cost=248.482714, feasible=true, active_stations=1
[2026-10-05 04:37:18.718] [info] [candidate.cpp:199] InstancePrecompute: built 25 candidates
[2026-10-05 04:37:18.718] [info] [stationary.cpp:264] NN: cost=21.420924, feasible=true, active_stations=1
[2026-10-05 04:37:18.718] [info] [candidate.cpp:199] InstancePrecompute: built 25 candidates
[2026-10-05 04:37:18.718] [info] [stationary.cpp:264] NN: cost=222.777605, feasible=true, active_stations=1
[2026-10-05 04:37:18.718] [info] [candidate.cpp:199] InstancePrecompute: built 25 candidates
[2026-10-05 04:37:18.718] [info] [stationary.cpp:264] NN: cost=209.925051, feasible=true, active_stations=1
[2026-10-05 04:37:18.718] [info] [candidate.cpp:199] InstancePrecompute: built 25 candidates
[2026-10-05 04:37:18.718] [info] [stationary.cpp:264] NN: cost=214.209236, feasible=true, active_stations=1
[2026-10-05 04:37:18.718] [info] [candidate.cpp:199] InstancePrecompute: built 25 candidates
[2026-10-05 04:37:18.718] [info] [stationary.cpp:264] NN: cost=445.555211, feasible=true, active_stations=1
[2026-10-05 04:37:18.718] [info] [candidate.cpp:199] InstancePrecompute: built 25 candidates
[2026-10-05 04:37:18.718] [info] [stationary.cpp:264] NN: cost=428.418472, feasible=true, active_stations=1
[2026-10-05 04:37:18.718] [info] [candidate.cpp:199] InstancePrecompute: built 25 candidates
[2026-10-05 04:37:18.718] [info] [stationary.cpp:264] NN: cost=137.093911, feasible=true, active_stations=1
[2026-10-05 04:37:18.718] [info] [candidate.cpp:199] InstancePrecompute: built 25 candidates
[2026-10-05 04:37:18.718] [info] [stationary.cpp:264] NN: cost=274.187822, feasible=true, active_stations=1
[2026-10-05 04:37:18.718] [info] [candidate.cpp:199] InstancePrecompute: built 25 candidates
[2026-10-05 04:37:18.718] [info] [stationary.cpp:264] NN: cost=158.514835, feasible=true, active_stations=1
[2026-10-05 04:37:18.718] [info] [candidate.cpp:199] InstancePrecompute: built 25 candidates
[2026-10-05 04:37:18.718] [info] [stationary.cpp:264] NN: cost=484.112873, feasible=true, active_stations=1
[2026-10-05 04:37:18.718] [info] [candidate.cpp:199] InstancePrecompute: built 25 candidates
[2026-10-05 04:37:18.718] [info] [stationary.cpp:264] NN: cost=728.311402, feasible=true, active_stations=1
[2026-10-05 04:37:18.718] [info] [candidate.cpp:199] InstancePrecompute: built 25 candidates
[2026-10-05 04:37:18.718] [info] [stationary.cpp:264] NN: cost=175.651573, feasible=true, active_stations=1
[2026-10-05 04:37:18.718] [info] [candidate.cpp:199] InstancePrecompute: built 25 candidates
[2026-10-05 04:37:18.718] [info] [stationary.cpp:264] NN: cost=248.482714, feasible=true, active_stations=1
[2026-10-05 04:37:18.718] [info] [candidate.cpp:199] InstancePrecompute: built 25 candidates
[2026-10-05 04:37:18.718] [info] [stationary.cpp:264] NN: cost=21.420924, feasible=true, active_stations=1
[2026-10-05 04:37:18.718] [info] [candidate.cpp:199] InstancePrecompute: built 25 candidates
[2026-10-05 04:37:18.718] [info] [stationary.cpp:264] NN: cost=222.777605, feasible=true, active_stations=1
[2026-10-05 04:37:18.718] [info] [candidate.cpp:199] InstancePrecompute: built 25 candidates
[2026-10-05 04:37:18.718] [info] [stationary.cpp:264] NN: cost=209.925051, feasible=true, active_stations=1
[2026-10-05 04:37:18.718] [info] [candidate.cpp:199] InstancePrecompute: built 25 candidates
[2026-10-05 04:37:18.718] [info] [stationary.cpp:264] NN: cost=214.209236, feasible=true, active_stations=1
[2026-10-05 04:37:18.718] [info] [candidate.cpp:199] InstancePrecompute: built 25 candidates
[2026-10-05 04:37:18.718] [info] [stationary.cpp:264] NN: cost=445.555211, feasible=true, active_stations=1
[2026-10-05 04:37:18.718] [info] [candidate.cpp:199] InstancePrecompute: built 25 candidates
[2026-10-05 04:37:18.718] [info] [stationary.cpp:264] NN: cost=428.418472, feasible=true, active_stations=1
[2026-10-05 04:37:18.718] [info] [candidate.cpp:199] InstancePrecompute: built 25 candidates
[2026-10-05 04:37:18.718] [info] [stationary.cpp:264] NN: cost=137.093911, feasible=true, active_stations=1
[2026-10-05 04:37:18.718] [info] [candidate.cpp:199] InstancePrecompute: built 25 candidates
[2026-10-05 04:37:18.718] [info] [stationary.cpp:264] NN: cost=274.187822, feasible=true, active_stations=1
[2026-10-05 04:37:18.718] [info] [candidate.cpp:199] InstancePrecompute: built 25 candidates
[2026-10-05 04:37:18.718] [info] [stationary.cpp:264] NN: cost=158.514835, feasible=true, active_stations=1
[2026-10-05 04:37:18.718] [info] [candidate.cpp:199] InstancePrecompute: built 25 candidates
[2026-10-05 04:37:18.718] [info] [stationary.cpp:264] NN: cost=484.112873, feasible=true, active_stations=1
[2026-10-05 04:37:18.718] [info] [candidate.cpp:199] InstancePrecompute: built 25 candidates
[2026-10-05 04:37:18.718] [info] [stationary.cpp:264] NN: cost=728.311402, feasible=true, active_stations=1
[2026-10-05 04:37:18.718] [info] [candidate.cpp:199] InstancePrecompute: built 25 candidates
[2026-10-05 04:37:18.718] [info] [stationary.cpp:264] NN: cost=175.651573, feasible=true, active_stations=1
[2026-10-05 04:37:18.718] [info] [candidate.cpp:199] InstancePrecompute: built 25 candidates
[2026-10-05 04:37:18.718] [info] [stationary.cpp:264] NN: cost=248.482714, feasible=true, active_stations=1
[2026-10-05 04:37:18.718] [info] [candidate.cpp:199] InstancePrecompute: built 25 candidates
[2026-10-05 04:37:18.718] [info] [stationary.cpp:264] NN: cost=222.777605, feasible=true, active_stations=1
[2026-10-05 04:37:18.718] [info] [candidate.cpp:199] InstancePrecompute: built 25 candidates
[2026-10-05 04:37:18.718] [info] [stationary.cpp:264] NN: cost=21.420924, feasible=true, active_stations=1
[2026-10-05 04:37:18.718] [info] [candidate.cpp:199] InstancePrecompute: built 25 candidates
[2026-10-05 04:37:18.718] [info] [stationary.cpp:264] NN: cost=209.925051, feasible=true, active_stations=1
[2026-10-05 04:37:18.718] [info] [candidate.cpp:199] InstancePrecompute: built 25 candidates
[2026-10-05 04:37:18.718] [info] [stationary.cpp:264] NN: cost=214.209236, feasible=true, active_stations=1
[2026-10-05 04:37:18.718] [info] [candidate.cpp:199] InstancePrecompute: built 25 candidates
[2026-10-05 04:37:18.718] [info] [stationary.cpp:264] NN: cost=445.555211, feasible=true, active_stations=1
[2026-10-05 04:37:18.718] [info] [candidate.cpp:199] InstancePrecompute: built 25 candidates
[2026-10-05 04:37:18.718] [info] [stationary.cpp:264] NN: cost=137.093911, feasible=true, active_stations=1
[2026-10-05 04:37:18.718] [info] [candidate.cpp:199] InstancePrecompute: built 25 candidates
[2026-10-05 04:37:18.718] [info] [stationary.cpp:264] NN: cost=274.187822, feasible=true, active_stations=1
[2026-10-05 04:37:18.718] [info] [candidate.cpp:199] InstancePrecompute: built 25 candidates
[2026-10-05 04:37:18.718] [info] [stationary.cpp:264] NN: cost=428.418472, feasible=true, active_stations=1
[2026-10-05 04:37:18.718] [info] [candidate.cpp:199] InstancePrecompute: built 25 candidates
[2026-10-05 04:37:18.718] [info] [stationary.cpp:264] NN: cost=158.514835, feasible=true, active_stations=1
[2026-10-05 04:37:18.718] [info] [candidate.cpp:199] InstancePrecompute: built 25 candidates
[2026-10-05 04:37:18.718] [info] [stationary.cpp:264] NN: cost=484.112873, feasible=true, active_stations=1
[2026-10-05 04:37:18.718] [info] [candidate.cpp:199] InstancePrecompute: built 25 candidates
[2026-10-05 04:37:18.718] [info] [stationary.cpp:264] NN: cost=728.311402, feasible=true, active_stations=1
[2026-10-05 04:37:18.718] [info] [candidate.cpp:199] InstancePrecompute: built 25 candidates
[2026-10-05 04:37:18.718] [info] [stationary.cpp:264] NN: cost=175.651573, feasible=true, active_stations=1
[2026-10-05 04:37:18.718] [info] [candidate.cpp:199] InstancePrecompute: built 25 candidates
[2026-10-05 04:37:18.718] [info] [stationary.cpp:264] NN: cost=248.482714, feasible=true, active_stations=1
[2026-10-05 04:37:18.718] [info] [candidate.cpp:199] InstancePrecompute: built 25 candidates
[2026-10-05 04:37:18.718] [info] [stationary.cpp:264] NN: cost=222.777605, feasible=true, active_stations=1
[2026-10-05 04:37:18.718] [info] [candidate.cpp:199] InstancePrecompute: built 25 candidates
[2026-10-05 04:37:18.718] [info] [stationary.cpp:264] NN: cost=21.420924, feasible=true, active_stations=1
[2026-10-05 04:37:18.718] [info] [candidate.cpp:199] InstancePrecompute: built 25 candidates
[2026-10-05 04:37:18.718] [info] [stationary.cpp:264] NN: cost=209.925051, feasible=true, active_stations=1
[2026-10-05 04:37:18.718] [info] [candidate.cpp:199] InstancePrecompute: built 25 candidates
[2026-10-05 04:37:18.718] [info] [stationary.cpp:264] NN: cost=214.209236, feasible=true, active_stations=1
[2026-10-05 04:37:18.718] [info] [candidate.cpp:199] InstancePrecompute: built 25 candidates
[2026-10-05 04:37:18.718] [info] [stationary.cpp:264] NN: cost=445.555211, feasible=true, active_stations=1
[2026-10-05 04:37:18.718] [info] [candidate.cpp:199] InstancePrecompute: built 50 candidates
[2026-10-05 04:37:18.718] [info] [stationary.cpp:264] NN: cost=274.187822, feasible=true, active_stations=1
[2026-10-05 04:37:18.718] [info] [candidate.cpp:199] InstancePrecompute: built 25 candidates
[2026-10-05 04:37:18.718] [info] [stationary.cpp:264] NN: cost=428.418472, feasible=true, active_stations=1
[2026-10-05 04:37:18.718] [info] [candidate.cpp:199] InstancePrecompute: built 25 candidates
[2026-10-05 04:37:18.718] [info] [stationary.cpp:264] NN: cost=158.514835, feasible=true, active_stations=1
[2026-10-05 04:37:18.718] [info] [candidate.cpp:199] InstancePrecompute: built 25 candidates
[2026-10-05 04:37:18.718] [info] [stationary.cpp:264] NN: cost=484.112873, feasible=true, active_stations=1
[2026-10-05 04:37:18.718] [info] [candidate.cpp:199] InstancePrecompute: built 25 candidates
[2026-10-05 04:37:18.718] [info] [stationary.cpp:264] NN: cost=728.311402, feasible=true, active_stations=1
[2026-10-05 04:37:18.718] [info] [candidate.cpp:199] InstancePrecompute: built 25 candidates
[2026-10-05 04:37:18.718] [info] [stationary.cpp:264] NN: cost=175.651573, feasible=true, active_stations=1
[2026-10-05 04:37:18.718] [info] [candidate.cpp:199] InstancePrecompute: built 25 candidates
[2026-10-05 04:37:18.718] [info] [stationary.cpp:264] NN: cost=248.482714, feasible=true, active_stations=1
[2026-10-05 04:37:18.718] [info] [candidate.cpp:199] InstancePrecompute: built 25 candidates
[2026-10-05 04:37:18.718] [info] [stationary.cpp:264] NN: cost=222.777605, feasible=true, active_stations=1
[2026-10-05 04:37:18.718] [info] [candidate.cpp:199] InstancePrecompute: built 25 candidates
[2026-10-05 04:37:18.718] [info] [stationary.cpp:264] NN: cost=21.420924, feasible=true, active_stations=1
[2026-10-05 04:37:18.718] [info] [candidate.cpp:199] InstancePrecompute: built 25 candidates
[2026-10-05 04:37:18.718] [info] [stationary.cpp:264] NN: cost=209.925051, feasible=true, active_stations=1
[2026-10-05 04:37:18.718] [info] [candidate.cpp:199] InstancePrecompute: built 50 candidates
[2026-10-05 04:37:18.718] [info] [stationary.cpp:264] NN: cost=659.764447, feasible=true, active_stations=2
[2026-10-05 04:37:18.718] [info] [candidate.cpp:199] InstancePrecompute: built 50 candidates
[2026-10-05 04:37:18.718] [info] [stationary.cpp:264] NN: cost=274.187822, feasible=true, active_stations=1
[2026-10-05 04:37:18.718] [info] [candidate.cpp:199] InstancePrecompute: built 25 candidates
[2026-10-05 04:37:18.718] [info] [stationary.cpp:264] NN: cost=428.418472, feasible=true, active_stations=1
[2026-10-05 04:37:18.718] [info] [candidate.cpp:199] InstancePrecompute: built 25 candidates
[2026-10-05 04:37:18.718] [info] [stationary.cpp:264] NN: cost=158.514835, feasible=true, active_stations=1
[2026-10-05 04:37:18.718] [info] [candidate.cpp:199] InstancePrecompute: built 25 candidates
[2026-10-05 04:37:18.718] [info] [stationary.cpp:264] NN: cost=484.112873, feasible=true, active_stations=1
[2026-10-05 04:37:18.718] [info] [candidate.cpp:199] InstancePrecompute: built 25 candidates
[2026-10-05 04:37:18.718] [info] [stationary.cpp:264] NN: cost=728.311402, feasible=true, active_stations=1
[2026-10-05 04:37:18.718] [info] [candidate.cpp:199] InstancePrecompute: built 25 candidates
[2026-10-05 04:37:18.718] [info] [stationary.cpp:264] NN: cost=175.651573, feasible=true, active_stations=1
[2026-10-05 04:37:18.718] [info] [candidate.cpp:199] InstancePrecompute: built 25 candidates
[2026-10-05 04:37:18.718] [info] [stationary.cpp:264] NN: cost=248.482714, feasible=true, active_stations=1
[2026-10-05 04:37:18.718] [info] [candidate.cpp:199] InstancePrecompute: built 25 candidates
[2026-10-05 04:37:18.718] [info] [stationary.cpp:264] NN: cost=222.777605, feasible=true, active_stations=1
[2026-10-05 04:37:18.718] [info] [candidate.cpp:199] InstancePrecompute: built 25 candidates
[2026-10-05 04:37:18.718] [info] [stationary.cpp:264] NN: cost=21.420924, feasible=true, active_stations=1
[2026-10-05 04:37:18.718] [info] [candidate.cpp:199] InstancePrecompute: built 25 candidates
[2026-10-05 04:37:18.718] [info] [stationary.cpp:264] NN: cost=209.925051, feasible=true, active_stations=1
[2026-10-05 04:37:18.718] [info] [candidate.cpp:199] InstancePrecompute: built 50 candidates
[2026-10-05 04:37:18.718] [info] [stationary.cpp:264] NN: cost=659.764447, feasible=true, active_stations=2
[2026-10-05 04:37:18.718] [info] [candidate.cpp:199] InstancePrecompute: built 50 candidates
[2026-10-05 04:37:18.718] [info] [stationary.cpp:264] NN: cost=274.187822, feasible=true, active_stations=1
[2026-10-05 04:37:18.718] [info] [candidate.cpp:199] InstancePrecompute: built 25 candidates
[2026-10-05 04:37:18.718] [info] [stationary.cpp:264] NN: cost=428.418472, feasible=true, active_stations=1
[2026-10-05 04:37:18.718] [info] [candidate.cpp:199] InstancePrecompute: built 25 candidates
[2026-10-05 04:37:18.718] [info] [stationary.cpp:264] NN: cost=158.514835, feasible=true, active_stations=1
[2026-10-05 04:37:18.718] [info] [candidate.cpp:199] InstancePrecompute: built 25 candidates
[2026-10-05 04:37:18.718] [info] [stationary.cpp:264] NN: cost=484.112873, feasible=true, active_stations=1
[2026-10-05 04:37:18.718] [info] [candidate.cpp:199] InstancePrecompute: built 25 candidates
[2026-10-05 04:37:18.718] [info] [stationary.cpp:264] NN: cost=728.311402, feasible=true, active_stations=1
[2026-10-05 04:37:18.718] [info] [candidate.cpp:199] InstancePrecompute: built 25 candidates
[2026-10-05 04:37:18.718] [info] [stationary.cpp:264] NN: cost=175.651573, feasible=true, active_stations=1
[2026-10-05 04:37:18.718] [info] [candidate.cpp:199] InstancePrecompute: built 25 candidates
[2026-10-05 04:37:18.718] [info] [stationary.cpp:264] NN: cost=248.482714, feasible=true, active_stations=1
[2026-10-05 04:37:18.718] [info] [candidate.cpp:199] InstancePrecompute: built 25 candidates
[2026-10-05 04:37:18.718] [info] [stationary.cpp:264] NN: cost=222.777605, feasible=true, active_stations=1
[2026-10-05 04:37:18.718] [info] [candidate.cpp:199] InstancePrecompute: built 25 candidates
[2026-10-05 04:37:18.718] [info] [stationary.cpp:264] NN: cost=21.420924, feasible=true, active_stations=1
[2026-10-05 04:37:18.718] [info] [candidate.cpp:199] InstancePrecompute: built 25 candidates
[2026-10-05 04:37:18.718] [info] [stationary.cpp:264] NN: cost=209.925051, feasible=true, active_stations=1
[2026-10-05 04:37:18.718] [info] [candidate.cpp:199] InstancePrecompute: built 25 candidates
[2026-10-05 04:37:18.718] [info] [stationary.cpp:264] NN: cost=214.209236, feasible=true, active_stations=1
[2026-10-05 04:37:18.718] [info] [candidate.cpp:199] InstancePrecompute: built 25 candidates
[2026-10-05 04:37:18.718] [info] [stationary.cpp:264] NN: cost=445.555211, feasible=true, active_stations=1
[2026-10-05 04:37:18.718] [info] [candidate.cpp:199] InstancePrecompute: built 25 candidates
[2026-10-05 04:37:18.718] [info] [stationary.cpp:264] NN: cost=137.093911, feasible=true, active_stations=1
[2026-10-05 04:37:18.718] [info] [candidate.cpp:199] InstancePrecompute: built 25 candidates
[2026-10-05 04:37:18.718] [info] [stationary.cpp:264] NN: cost=274.187822, feasible=true, active_stations=1
[2026-10-05 04:37:18.718] [info] [candidate.cpp:199] InstancePrecompute: built 25 candidates
[2026-10-05 04:37:18.718] [info] [stationary.cpp:264] NN: cost=428.418472, feasible=true, active_stations=1
[2026-10-05 04:37:18.718] [info] [candidate.cpp:199] InstancePrecompute: built 25 candidates
[2026-10-05 04:37:18.718] [info] [stationary.cpp:264] NN: cost=158.514835, feasible=true, active_stations=1
[2026-10-05 04:37:18.718] [info] [candidate.cpp:199] InstancePrecompute: built 25 candidates
[2026-10-05 04:37:18.718] [info] [stationary.cpp:264] NN: cost=484.112873, feasible=true, active_stations=1
[2026-10-05 04:37:18.718] [info] [candidate.cpp:199] InstancePrecompute: built 25 candidates
[2026-10-05 04:37:18.718] [info] [stationary.cpp:264] NN: cost=728.311402, feasible=true, active_stations=1
[2026-10-05 04:37:18.718] [info] [candidate.cpp:199] InstancePrecompute: built 25 candidates
[2026-10-05 04:37:18.718] [info] [stationary.cpp:264] NN: cost=175.651573, feasible=true, active_stations=1
[2026-10-05 04:37:18.718] [info] [candidate.cpp:199] InstancePrecompute: built 25 candidates
[2026-10-05 04:37:18.718] [info] [stationary.cpp:264] NN: cost=248.482714, feasible=true, active_stations=1
[2026-10-05 04:37:18.718] [info] [candidate.cpp:199] InstancePrecompute: built 25 candidates
[2026-10-05 04:37:18.718] [info] [stationary.cpp:264] NN: cost=222.777605, feasible=true, active_stations=1
[2026-10-05 04:37:18.718] [info] [candidate.cpp:199] InstancePrecompute: built 25 candidates
[2026-10-05 04:37:18.718] [info] [stationary.cpp:264] NN: cost=21.420924, feasible=true, active_stations=1
[2026-10-05 04:37:18.718] [info] [candidate.cpp:199] InstancePrecompute: built 25 candidates
[2026-10-05 04:37:18.718] [info] [stationary.cpp:264] NN: cost=209.925051, feasible=true, active_stations=1
[2026-10-05 04:37:18.718] [info] [candidate.cpp:199] InstancePrecompute: built 25 candidates
[2026-10-05 04:37:18.718] [info] [stationary.cpp:264] NN: cost=214.209236, feasible=true, active_stations=1
[2026-10-05 04:37:18.718] [info] [candidate.cpp:199] InstancePrecompute: built 25 candidates
[2026-10-05 04:37:18.718] [info] [stationary.cpp:264] NN: cost=445.555211, feasible=true, active_stations=1
[2026-10-05 04:37:18.718] [info] [candidate.cpp:199] InstancePrecompute: built 25 candidates
[2026-10-05 04:37:18.718] [info] [stationary.cpp:264] NN: cost=137.093911, feasible=true, active_stations=1
[2026-10-05 04:37:18.718] [info] [candidate.cpp:199] InstancePrecompute: built 25 candidates
[2026-10-05 04:37:18.718] [info] [stationary.cpp:264] NN: cost=274.187822, feasible=true, active_stations=1
[2026-10-05 04:37:18.718] [info] [candidate.cpp:199] InstancePrecompute: built 25 candidates
[2026-10-05 04:37:18.718] [info] [stationary.cpp:264] NN: cost=428.418472, feasible=true, active_stations=1
[2026-10-05 04:37:18.718] [info] [candidate.cpp:199] InstancePrecompute: built 25 candidates
[2026-10-05 04:37:18.718] [info] [stationary.cpp:264] NN: cost=158.514835, feasible=true, active_stations=1
[2026-10-05 04:37:18.718] [info] [candidate.cpp:199] InstancePrecompute: built 25 candidates
[2026-10-05 04:37:18.718] [info] [stationary.cpp:264] NN: cost=484.112873, feasible=true, active_stations=1
[2026-10-05 04:37:18.718] [info] [candidate.cpp:199] InstancePrecompute: built 25 candidates
[2026-10-05 04:37:18.718] [info] [stationary.cpp:264] NN: cost=728.311402, feasible=true, active_stations=1
[2026-10-05 04:37:18.718] [info] [candidate.cpp:199] InstancePrecompute: built 25 candidates
[2026-10-05 04:37:18.718] [info] [stationary.cpp:264] NN: cost=175.651573, feasible=true, active_stations=1
[2026-10-05 04:37:18.718] [info] [candidate.cpp:199] InstancePrecompute: built 25 candidates
[2026-10-05 04:37:18.718] [info] [stationary.cpp:264] NN: cost=248.482714, feasible=true, active_stations=1
[2026-10-05 04:37:18.718] [info] [candidate.cpp:199] InstancePrecompute: built 25 candidates
[2026-10-05 04:37:18.718] [info] [stationary.cpp:264] NN: cost=222.777605, feasible=true, active_stations=1
[2026-10-05 04:37:18.718] [info] [candidate.cpp:199] InstancePrecompute: built 25 candidates
[2026-10-05 04:37:18.718] [info] [stationary.cpp:264] NN: cost=21.420924, feasible=true, active_stations=1
[2026-10-05 04:37:18.718] [info] [candidate.cpp:199] InstancePrecompute: built 25 candidates
[2026-10-05 04:37:18.718] [info] [stationary.cpp:264] NN: cost=209.925051, feasible=true, active_stations=1
[2026-10-05 04:37:18.718] [info] [candidate.cpp:199] InstancePrecompute: built 25 candidates
[2026-10-05 04:37:18.718] [info] [stationary.cpp:264] NN: cost=214.209236, feasible=true, active_stations=1
[2026-10-05 04:37:18.718] [info] [candidate.cpp:199] InstancePrecompute: built 25 candidates
[2026-10-05 04:37:18.718] [info] [stationary.cpp:264] NN: cost=445.555211, feasible=true, active_stations=1
[2026-10-05 04:37:18.718] [info] [candidate.cpp:199] InstancePrecompute: built 25 candidates
[2026-10-05 04:37:18.718] [info] [stationary.cpp:264] NN: cost=137.093911, feasible=true, active_stations=1
[2026-10-05 04:37:18.718] [info] [candidate.cpp:199] InstancePrecompute: built 25 candidates
[2026-10-05 04:37:18.718] [info] [stationary.cpp:264] NN: cost=274.187822, feasible=true, active_stations=1
[2026-10-05 04:37:18.718] [info] [candidate.cpp:199] InstancePrecompute: built 25 candidates
[2026-10-05 04:37:18.718] [info] [stationary.cpp:264] NN: cost=428.418472, feasible=true, active_stations=1
[2026-10-05 04:37:18.718] [info] [candidate.cpp:199] InstancePrecompute: built 25 candidates
[2026-10-05 04:37:18.718] [info] [stationary.cpp:264] NN: cost=158.514835, feasible=true, active_stations=1
[2026-10-05 04:37:18.718] [info] [candidate.cpp:199] InstancePrecompute: built 25 candidates
[2026-10-05 04:37:18.718] [info] [stationary.cpp:264] NN: cost=484.112873, feasible=true, active_stations=1
[2026-10-05 04:37:18.718] [info] [candidate.cpp:199] InstancePrecompute: built 25 candidates
[2026-10-05 04:37:18.718] [info] [stationary.cpp:264] NN: cost=728.311402, feasible=true, active_stations=1
[2026-10-05 04:37:18.718] [info] [candidate.cpp:199] InstancePrecompute: built 25 candidates
[2026-10-05 04:37:18.718] [info] [stationary.cpp:264] NN: cost=175.651573, feasible=true, active_stations=1
[2026-10-05 04:37:18.718] [info] [candidate.cpp:199] InstancePrecompute: built 25 candidates
[2026-10-05 04:37:18.718] [info] [stationary.cpp:264] NN: cost=248.482714, feasible=true, active_stations=1
[2026-10-05 04:37:18.718] [info] [candidate.cpp:199] InstancePrecompute: built 25 candidates
[2026-10-05 04:37:18.718] [info] [stationary.cpp:264] NN: cost=222.777605, feasible=true, active_stations=1
[2026-10-05 04:37:18.718] [info] [candidate.cpp:199] InstancePrecompute: built 25 candidates
[2026-10-05 04:37:18.718] [info] [stationary.cpp:264] NN: cost=21.420924, feasible=true, active_stations=1
[2026-10-05 04:37:18.718] [info] [candidate.cpp:199] InstancePrecompute: built 25 candidates
[2026-10-05 04:37:18.718] [info] [stationary.cpp:264] NN: cost=209.925051, feasible=true, active_stations=1
[2026-10-05 04:37:18.718] [info] [candidate.cpp:199] InstancePrecompute: built 25 candidates
[2026-10-05 04:37:18.718] [info] [stationary.cpp:264] NN: cost=214.209236, feasible=true, active_stations=1
[2026-10-05 04:37:18.718] [info] [candidate.cpp:199] InstancePrecompute: built 25 candidates
[2026-10-05 04:37:18.718] [info] [stationary.cpp:264] NN: cost=445.555211, feasible=true, active_stations=1
[2026-10-05 04:37:18.718] [info] [candidate.cpp:199] InstancePrecompute: built 50 candidates
[2026-10-05 04:37:18.718] [info] [stationary.cpp:264] NN: cost=274.187822, feasible=true, active_stations=1
[2026-10-05 04:37:18.718] [info] [candidate.cpp:199] InstancePrecompute: built 25 candidates
[2026-10-05 04:37:18.718] [info] [stationary.cpp:264] NN: cost=428.418472, feasible=true, active_stations=1
[2026-10-05 04:37:18.718] [info] [candidate.cpp:199] InstancePrecompute: built 25 candidates
[2026-10-05 04:37:18.718] [info] [stationary.cpp:264] NN: cost=158.514835, feasible=true, active_stations=1
[2026-10-05 04:37:18.718] [info] [candidate.cpp:199] InstancePrecompute: built 25 candidates
[2026-10-05 04:37:18.718] [info] [stationary.cpp:264] NN: cost=484.112873, feasible=true, active_stations=1
[2026-10-05 04:37:18.718] [info] [candidate.cpp:199] InstancePrecompute: built 25 candidates
[2026-10-05 04:37:18.718] [info] [stationary.cpp:264] NN: cost=728.311402, feasible=true, active_stations=1
[2026-10-05 04:37:18.718] [info] [candidate.cpp:199] InstancePrecompute: built 25 candidates
[2026-10-05 04:37:18.718] [info] [stationary.cpp:264] NN: cost=175.651573, feasible=true, active_stations=1
[2026-10-05 04:37:18.718] [info] [candidate.cpp:199] InstancePrecompute: built 25 candidates
[2026-10-05 04:37:18.718] [info] [stationary.cpp:264] NN: cost=248.482714, feasible=true, active_stations=1
[2026-10-05 04:37:18.718] [info] [candidate.cpp:199] InstancePrecompute: built 25 candidates
[2026-10-05 04:37:18.718] [info] [stationary.cpp:264] NN: cost=222.777605, feasible=true, active_stations=1
[2026-10-05 04:37:18.718] [info] [candidate.cpp:199] InstancePrecompute: built 25 candidates
[2026-10-05 04:37:18.718] [info] [stationary.cpp:264] NN: cost=21.420924, feasible=true, active_stations=1
[2026-10-05 04:37:18.718] [info] [candidate.cpp:199] InstancePrecompute: built 25 candidates
[2026-10-05 04:37:18.718] [info] [stationary.cpp:264] NN: cost=209.925051, feasible=true, active_stations=1
[2026-10-05 04:37:18.718] [info] [candidate.cpp:199] InstancePrecompute: built 50 candidates
[2026-10-05 04:37:18.718] [info] [stationary.cpp:264] NN: cost=659.764447, feasible=true, active_stations=2
[2026-10-05 04:37:18.718] [info] [candidate.cpp:199] InstancePrecompute: built 50 candidates
[2026-10-05 04:37:18.718] [info] [stationary.cpp:264] NN: cost=274.187822, feasible=true, active_stations=1
[2026-10-05 04:37:18.718] [info] [candidate.cpp:199] InstancePrecompute: built 25 candidates
[2026-10-05 04:37:18.718] [info] [stationary.cpp:264] NN: cost=428.418472, feasible=true, active_stations=1
[2026-10-05 04:37:18.718] [info] [candidate.cpp:199] InstancePrecompute: built 25 candidates
[2026-10-05 04:37:18.718] [info] [stationary.cpp:264] NN: cost=158.514835, feasible=true, active_stations=1
[2026-10-05 04:37:18.718] [info] [candidate.cpp:199] InstancePrecompute: built 25 candidates
[2026-10-05 04:37:18.718] [info] [stationary.cpp:264] NN: cost=484.112873, feasible=true, active_stations=1
[2026-10-05 04:37:18.718] [info] [candidate.cpp:199] InstancePrecompute: built 25 candidates
[2026-10-05 04:37:18.718] [info] [stationary.cpp:264] NN: cost=728.311402, feasible=true, active_stations=1
[2026-10-05 04:37:18.719] [info] [candidate.cpp:199] InstancePrecompute: built 25 candidates
[2026-10-05 04:37:18.719] [info] [stationary.cpp:264] NN: cost=175.651573, feasible=true, active_stations=1
[2026-10-05 04:37:18.719] [info] [candidate.cpp:199] InstancePrecompute: built 25 candidates
[2026-10-05 04:37:18.719] [info] [stationary.cpp:264] NN: cost=248.482714, feasible=true, active_stations=1
[2026-10-05 04:37:18.719] [info] [candidate.cpp:199] InstancePrecompute: built 25 candidates
[2026-10-05 04:37:18.719] [info] [stationary.cpp:264] NN: cost=222.777605, feasible=true, active_stations=1
[2026-10-05 04:37:18.719] [info] [candidate.cpp:199] InstancePrecompute: built 25 candidates
[2026-10-05 04:37:18.719] [info] [stationary.cpp:264] NN: cost=21.420924, feasible=true, active_stations=1
[2026-10-05 04:37:18.719] [info] [candidate.cpp:199] InstancePrecompute: built 25 candidates
[2026-10-05 04:37:18.719] [info] [stationary.cpp:264] NN: cost=209.925051, feasible=true, active_stations=1
[2026-10-05 04:37:18.719] [info] [candidate.cpp:199] InstancePrecompute: built 50 candidates
[2026-10-05 04:37:18.719] [info] [stationary.cpp:264] NN: cost=659.764447, feasible=true, active_stations=2
[2026-10-05 04:37:18.719] [info] [candidate.cpp:199] InstancePrecompute: built 50 candidates
[2026-10-05 04:37:18.719] [info] [stationary.cpp:264] NN: cost=274.187822, feasible=true, active_stations=1
[2026-10-05 04:37:18.719] [info] [candidate.cpp:199] InstancePrecompute: built 25 candidates
[2026-10-05 04:37:18.719] [info] [stationary.cpp:264] NN: cost=428.418472, feasible=true, active_stations=1
[2026-10-05 04:37:18.719] [info] [candidate.cpp:199] InstancePrecompute: built 25 candidates
[2026-10-05 04:37:18.719] [info] [stationary.cpp:264] NN: cost=158.514835, feasible=true, active_stations=1
[2026-10-05 04:37:18.719] [info] [candidate.cpp:199] InstancePrecompute: built 25 candidates
[2026-10-05 04:37:18.719] [info] [stationary.cpp:264] NN: cost=484.112873, feasible=true, active_stations=1
[2026-10-05 04:37:18.719] [info] [candidate.cpp:199] InstancePrecompute: built 25 candidates
[2026-10-05 04:37:18.719] [info] [stationary.cpp:264] NN: cost=728.311402, feasible=true, active_stations=1
[2026-10-05 04:37:18.719] [info] [candidate.cpp:199] InstancePrecompute: built 25 candidates
[2026-10-05 04:37:18.719] [info] [stationary.cpp:264] NN: cost=175.651573, feasible=true, active_stations=1
[2026-10-05 04:37:18.719] [info] [candidate.cpp:199] InstancePrecompute: built 25 candidates
[2026-10-05 04:37:18.719] [info] [stationary.cpp:264] NN: cost=248.482714, feasible=true, active_stations=1
[2026-10-05 04:37:18.719] [info] [candidate.cpp:199] InstancePrecompute: built 25 candidates
[2026-10-05 04:37:18.719] [info] [stationary.cpp:264] NN: cost=222.777605, feasible=true, active_stations=1
[2026-10-05 04:37:18.719] [info] [candidate.cpp:199] InstancePrecompute: built 25 candidates
[2026-10-05 04:37:18.719] [info] [stationary.cpp:264] NN: cost=21.420924, feasible=true, active_stations=1
[2026-10-05 04:37:18.719] [info] [candidate.cpp:199] InstancePrecompute: built 25 candidates
[2026-10-05 04:37:18.719] [info] [stationary.cpp:264] NN: cost=209.925051, feasible=true, active_stations=1
[2026-10-05 04:37:18.719] [info] [candidate.cpp:199] InstancePrecompute: built 25 candidates
[2026-10-05 04:37:18.719] [info] [stationary.cpp:264] NN: cost=214.209236, feasible=true, active_stations=1
[2026-10-05 04:37:18.719] [info] [candidate.cpp:199] InstancePrecompute: built 25 candidates
[2026-10-05 04:37:18.719] [info] [stationary.cpp:264] NN: cost=445.555211, feasible=true, active_stations=1
[2026-10-05 04:37:18.719] [info] [candidate.cpp:199] InstancePrecompute: built 25 candidates
[2026-10-05 04:37:18.719] [info] [stationary.cpp:264] NN: cost=137.093911, feasible=true, active_stations=1
[2026-10-05 04:37:18.719] [info] [candidate.cpp:199] InstancePrecompute: built 25 candidates
[2026-10-05 04:37:18.719] [info] [stationary.cpp:264] NN: cost=274.187822, feasible=true, active_stations=1
[2026-10-05 04:37:18.719] [info] [candidate.cpp:199] InstancePrecompute: built 25 candidates
[2026-10-05 04:37:18.719] [info] [stationary.cpp:264] NN: cost=428.418472, feasible=true, active_stations=1
[2026-10-05 04:37:18.719] [info] [candidate.cpp:199] InstancePrecompute: built 25 candidates
[2026-10-05 04:37:18.719] [info] [stationary.cpp:264] NN: cost=158.514835, feasible=true, active_stations=1
[2026-10-05 04:37:18.719] [info] [candidate.cpp:199] InstancePrecompute: built 25 candidates
[2026-10-05 04:37:18.719] [info] [stationary.cpp:264] NN: cost=484.112873, feasible=true, active_stations=1
[2026-10-05 04:37:18.719] [info] [candidate.cpp:199] InstancePrecompute: built 25 candidates
[2026-10-05 04:37:18.719] [info] [stationary.cpp:264] NN: cost=728.311402, feasible=true, active_stations=1
[2026-10-05 04:37:18.719] [info] [candidate.cpp:199] InstancePrecompute: built 25 candidates
[2026-10-05 04:37:18.719] [info] [stationary.cpp:264] NN: cost=175.651573, feasible=true, active_stations=1
[2026-10-05 04:37:18.719] [info] [candidate.cpp:199] InstancePrecompute: built 25 candidates
[2026-10-05 04:37:18.719] [info] [stationary.cpp:264] NN: cost=248.482714, feasible=true, active_stations=1
[2026-10-05 04:37:18.719] [info] [candidate.cpp:199] InstancePrecompute: built 25 candidates
[2026-10-05 04:37:18.719] [info] [stationary.cpp:264] NN: cost=222.777605, feasible=true, active_stations=1
[2026-10-05 04:37:18.719] [info] [candidate.cpp:199] InstancePrecompute: built 25 candidates
[2026-10-05 04:37:18.719] [info] [stationary.cpp:264] NN: cost=21.420924, feasible=true, active_stations=1
[2026-10-05 04:37:18.719] [info] [candidate.cpp:199] InstancePrecompute: built 25 candidates
[2026-10-05 04:37:18.719] [info] [stationary.cpp:264] NN: cost=209.925051, feasible=true, active_stations=1
[2026-10-05 04:37:18.719] [info] [candidate.cpp:199] InstancePrecompute: built 25 candidates
[2026-10-05 04:37:18.719] [info] [stationary.cpp:264] NN: cost=214.209236, feasible=true, active_stations=1
[2026-10-05 04:37:18.719] [info] [candidate.cpp:199] InstancePrecompute: built 25 candidates
[2026-10-05 04:37:18.719] [info] [stationary.cpp:264] NN: cost=445.555211, feasible=true, active_stations=1
[2026-10-05 04:37:18.719] [info] [candidate.cpp:199] InstancePrecompute: built 25 candidates
[2026-10-05 04:37:18.719] [info] [stationary.cpp:264] NN: cost=137.093911, feasible=true, active_stations=1
[2026-10-05 04:37:18.719] [info] [candidate.cpp:199] InstancePrecompute: built 25 candidates
[2026-10-05 04:37:18.719] [info] [stationary.cpp:264] NN: cost=274.187822, feasible=true, active_stations=1
[2026-10-05 04:37:18.719] [info] [candidate.cpp:199] InstancePrecompute: built 25 candidates
[2026-10-05 04:37:18.719] [info] [stationary.cpp:264] NN: cost=428.418472, feasible=true, active_stations=1
[2026-10-05 04:37:18.719] [info] [candidate.cpp:199] InstancePrecompute: built 25 candidates
[2026-10-05 04:37:18.719] [info] [stationary.cpp:264] NN: cost=158.514835, feasible=true, active_stations=1
[2026-10-05 04:37:18.719] [info] [candidate.cpp:199] InstancePrecompute: built 25 candidates
[2026-10-05 04:37:18.719] [info] [stationary.cpp:264] NN: cost=484.112873, feasible=true, active_stations=1
[2026-10-05 04:37:18.719] [info] [candidate.cpp:199] InstancePrecompute: built 25 candidates
[2026-10-05 04:37:18.719] [info] [stationary.cpp:264] NN: cost=728.311402, feasible=true, active_stations=1
[2026-10-05 04:37:18.719] [info] [candidate.cpp:199] InstancePrecompute: built 25 candidates
[2026-10-05 04:37:18.719] [info] [stationary.cpp:264] NN: cost=175.651573, feasible=true, active_stations=1
[2026-10-05 04:37:18.719] [info] [candidate.cpp:199] InstancePrecompute: built 50 candidates
[2026-10-05 04:37:18.719] [info] [stationary.cpp:264] NN: cost=471.260319, feasible=true, active_stations=2
[2026-10-05 04:37:18.719] [info] [candidate.cpp:199] InstancePrecompute: built 25 candidates
[2026-10-05 04:37:18.719] [info] [stationary.cpp:264] NN: cost=21.420924, feasible=true, active_stations=1
[2026-10-05 04:37:18.719] [info] [candidate.cpp:199] InstancePrecompute: built 25 candidates
[2026-10-05 04:37:18.719] [info] [stationary.cpp:264] NN: cost=214.209236, feasible=true, active_stations=1
[2026-10-05 04:37:18.719] [info] [candidate.cpp:199] InstancePrecompute: built 25 candidates
[2026-10-05 04:37:18.719] [info] [stationary.cpp:264] NN: cost=445.555211, feasible=true, active_stations=1
[2026-10-05 04:37:18.719] [info] [candidate.cpp:199] InstancePrecompute: built 25 candidates
[2026-10-05 04:37:18.719] [info] [stationary.cpp:264] NN: cost=209.925051, feasible=true, active_stations=1
[2026-10-05 04:37:18.719] [info] [candidate.cpp:199] InstancePrecompute: built 25 candidates
[2026-10-05 04:37:18.719] [info] [stationary.cpp:264] NN: cost=274.187822, feasible=true, active_stations=1
[2026-10-05 04:37:18.719] [info] [candidate.cpp:199] InstancePrecompute: built 25 candidates
[2026-10-05 04:37:18.719] [info] [stationary.cpp:264] NN: cost=428.418472, feasible=true, active_stations=1
[2026-10-05 04:37:18.719] [info] [candidate.cpp:199] InstancePrecompute: built 25 candidates
[2026-10-05 04:37:18.719] [info] [stationary.cpp:264] NN: cost=137.093911, feasible=true, active_stations=1
[2026-10-05 04:37:18.719] [info] [candidate.cpp:199] InstancePrecompute: built 25 candidates
[2026-10-05 04:37:18.719] [info] [stationary.cpp:264] NN: cost=158.514835, feasible=true, active_stations=1
[2026-10-05 04:37:18.719] [info] [candidate.cpp:199] InstancePrecompute: built 25 candidates
[2026-10-05 04:37:18.719] [info] [stationary.cpp:264] NN: cost=484.112873, feasible=true, active_stations=1
[2026-10-05 04:37:18.719] [info] [candidate.cpp:199] InstancePrecompute: built 25 candidates
[2026-10-05 04:37:18.719] [info] [stationary.cpp:264] NN: cost=728.311402, feasible=true, active_stations=1
[2026-10-05 04:37:18.719] [info] [candidate.cpp:199] InstancePrecompute: built 25 candidates
[2026-10-05 04:37:18.719] [info] [stationary.cpp:264] NN: cost=175.651573, feasible=true, active_stations=1
[2026-10-05 04:37:18.719] [info] [candidate.cpp:199] InstancePrecompute: built 50 candidates
[2026-10-05 04:37:18.719] [info] [stationary.cpp:264] NN: cost=471.260319, feasible=true, active_stations=2
[2026-10-05 04:37:18.719] [info] [candidate.cpp:199] InstancePrecompute: built 25 candidates
[2026-10-05 04:37:18.719] [info] [stationary.cpp:264] NN: cost=21.420924, feasible=true, active_stations=1
[2026-10-05 04:37:18.719] [info] [candidate.cpp:199] InstancePrecompute: built 25 candidates
[2026-10-05 04:37:18.719] [info] [stationary.cpp:264] NN: cost=214.209236, feasible=true, active_stations=1
[2026-10-05 04:37:18.719] [info] [candidate.cpp:199] InstancePrecompute: built 25 candidates
[2026-10-05 04:37:18.719] [info] [stationary.cpp:264] NN: cost=445.555211, feasible=true, active_stations=1
[2026-10-05 04:37:18.719] [info] [candidate.cpp:199] InstancePrecompute: built 25 candidates
[2026-10-05 04:37:18.719] [info] [stationary.cpp:264] NN: cost=209.925051, feasible=true, active_stations=1
[2026-10-05 04:37:18.719] [info] [candidate.cpp:199] InstancePrecompute: built 25 candidates
[2026-10-05 04:37:18.719] [info] [stationary.cpp:264] NN: cost=274.187822, feasible=true, active_stations=1
[2026-10-05 04:37:18.719] [info] [candidate.cpp:199] InstancePrecompute: built 25 candidates
[2026-10-05 04:37:18.719] [info] [stationary.cpp:264] NN: cost=428.418472, feasible=true, active_stations=1
[2026-10-05 04:37:18.719] [info] [candidate.cpp:199] InstancePrecompute: built 25 candidates
[2026-10-05 04:37:18.719] [info] [stationary.cpp:264] NN: cost=137.093911, feasible=true, active_stations=1
[2026-10-05 04:37:18.719] [info] [candidate.cpp:199] InstancePrecompute: built 25 candidates
[2026-10-05 04:37:18.719] [info] [stationary.cpp:264] NN: cost=158.514835, feasible=true, active_stations=1
[2026-10-05 04:37:18.719] [info] [candidate.cpp:199] InstancePrecompute: built 25 candidates
[2026-10-05 04:37:18.719] [info] [stationary.cpp:264] NN: cost=484.112873, feasible=true, active_stations=1
[2026-10-05 04:37:18.719] [info] [candidate.cpp:199] InstancePrecompute: built 25 candidates
[2026-10-05 04:37:18.719] [info] [stationary.cpp:264] NN: cost=728.311402, feasible=true, active_stations=1
[2026-10-05 04:37:18.719] [info] [candidate.cpp:199] InstancePrecompute: built 25 candidates
[2026-10-05 04:37:18.719] [info] [stationary.cpp:264] NN: cost=175.651573, feasible=true, active_stations=1
[2026-10-05 04:37:18.719] [info] [candidate.cpp:199] InstancePrecompute: built 50 candidates
[2026-10-05 04:37:18.719] [info] [stationary.cpp:264] NN: cost=471.260319, feasible=true, active_stations=2
[2026-10-05 04:37:18.719] [info] [candidate.cpp:199] InstancePrecompute: built 25 candidates
[2026-10-05 04:37:18.719] [info] [stationary.cpp:264] NN: cost=21.420924, feasible=true, active_stations=1
[2026-10-05 04:37:18.719] [info] [candidate.cpp:199] InstancePrecompute: built 50 candidates
[2026-10-05 04:37:18.719] [info] [stationary.cpp:264] NN: cost=659.764447, feasible=true, active_stations=2
[2026-10-05 04:37:18.719] [info] [candidate.cpp:199] InstancePrecompute: built 25 candidates
[2026-10-05 04:37:18.719] [info] [stationary.cpp:264] NN: cost=209.925051, feasible=true, active_stations=1
[2026-10-05 04:37:18.719] [info] [candidate.cpp:199] InstancePrecompute: built 25 candidates
[2026-10-05 04:37:18.719] [info] [stationary.cpp:264] NN: cost=274.187822, feasible=true, active_stations=1
[2026-10-05 04:37:18.719] [info] [candidate.cpp:199] InstancePrecompute: built 25 candidates
[2026-10-05 04:37:18.719] [info] [stationary.cpp:264] NN: cost=428.418472, feasible=true, active_stations=1
[2026-10-05 04:37:18.719] [info] [candidate.cpp:199] InstancePrecompute: built 25 candidates
[2026-10-05 04:37:18.719] [info] [stationary.cpp:264] NN: cost=137.093911, feasible=true, active_stations=1
[2026-10-05 04:37:18.719] [info] [candidate.cpp:199] InstancePrecompute: built 25 candidates
[2026-10-05 04:37:18.719] [info] [stationary.cpp:264] NN: cost=158.514835, feasible=true, active_stations=1
[2026-10-05 04:37:18.719] [info] [candidate.cpp:199] InstancePrecompute: built 25 candidates
[2026-10-05 04:37:18.719] [info] [stationary.cpp:264] NN: cost=484.112873, feasible=true, active_stations=1
[2026-10-05 04:37:18.719] [info] [candidate.cpp:199] InstancePrecompute: built 25 candidates
[2026-10-05 04:37:18.719] [info] [stationary.cpp:264] NN: cost=728.311402, feasible=true, active_stations=1
[2026-10-05 04:37:18.719] [info] [candidate.cpp:199] InstancePrecompute: built 25 candidates
[2026-10-05 04:37:18.719] [info] [stationary.cpp:264] NN: cost=175.651573, feasible=true, active_stations=1
[2026-10-05 04:37:18.719] [info] [candidate.cpp:199] InstancePrecompute: built 50 candidates
[2026-10-05 04:37:18.719] [info] [stationary.cpp:264] NN: cost=471.260319, feasible=true, active_stations=2
[2026-10-05 04:37:18.719] [info] [candidate.cpp:199] InstancePrecompute: built 25 candidates
[2026-10-05 04:37:18.719] [info] [stationary.cpp:264] NN: cost=21.420924, feasible=true, active_stations=1
[2026-10-05 04:37:18.719] [info] [candidate.cpp:199] InstancePrecompute: built 50 candidates
[2026-10-05 04:37:18.719] [info] [stationary.cpp:264] NN: cost=659.764447, feasible=true, active_stations=2
[2026-10-05 04:37:18.719] [info] [candidate.cpp:199] InstancePrecompute: built 25 candidates
[2026-10-05 04:37:18.719] [info] [stationary.cpp:264] NN: cost=209.925051, feasible=true, active_stations=1
[2026-10-05 04:37:18.719] [info] [candidate.cpp:199] InstancePrecompute: built 25 candidates
[2026-10-05 04:37:18.719] [info] [stationary.cpp:264] NN: cost=274.187822, feasible=true, active_stations=1
[2026-10-05 04:37:18.719] [info] [candidate.cpp:199] InstancePrecompute: built 25 candidates
[2026-10-05 04:37:18.719] [info] [stationary.cpp:264] NN: cost=428.418472, feasible=true, active_stations=1
[2026-10-05 04:37:18.719] [info] [candidate.cpp:199] InstancePrecompute: built 25 candidates
[2026-10-05 04:37:18.719] [info] [stationary.cpp:264] NN: cost=137.093911, feasible=true, active_stations=1
[2026-10-05 04:37:18.719] [info] [candidate.cpp:199] InstancePrecompute: built 25 candidates
[2026-10-05 04:37:18.719] [info] [stationary.cpp:264] NN: cost=158.514835, feasible=true, active_stations=1
[2026-10-05 04:37:18.719] [info] [candidate.cpp:199] InstancePrecompute: built 25 candidates
[2026-10-05 04:37:18.719] [info] [stationary.cpp:264] NN: cost=484.112873, feasible=true, active_stations=1
[2026-10-05 04:37:18.719] [info] [candidate.cpp:199] InstancePrecompute: built 25 candidates
[2026-10-05 04:37:18.719] [info] [stationary.cpp:264] NN: cost=728.311402, feasible=true, active_stations=1
[2026-10-05 04:37:18.719] [info] [candidate.cpp:199] InstancePrecompute: built 25 candidates
[2026-10-05 04:37:18.719] [info] [stationary.cpp:264] NN: cost=175.651573, feasible=true, active_stations=1
[2026-10-05 04:37:18.719] [info] [candidate.cpp:199] InstancePrecompute: built 50 candidates
[2026-10-05 04:37:18.719] [info] [stationary.cpp:264] NN: cost=471.260319, feasible=true, active_stations=2
[2026-10-05 04:37:18.719] [info] [candidate.cpp:199] InstancePrecompute: built 25 candidates
[2026-10-05 04:37:18.719] [info] [stationary.cpp:264] NN: cost=21.420924, feasible=true, active_stations=1
[2026-10-05 04:37:18.719] [info] [candidate.cpp:199] InstancePrecompute: built 25 candidates
[2026-10-05 04:37:18.719] [info] [stationary.cpp:264] NN: cost=214.209236, feasible=true, active_stations=1
[2026-10-05 04:37:18.719] [info] [candidate.cpp:199] InstancePrecompute: built 25 candidates
[2026-10-05 04:37:18.719] [info] [stationary.cpp:264] NN: cost=445.555211, feasible=true, active_stations=1
[2026-10-05 04:37:18.719] [info] [candidate.cpp:199] InstancePrecompute: built 25 candidates
[2026-10-05 04:37:18.719] [info] [stationary.cpp:264] NN: cost=209.925051, feasible=true, active_stations=1
[2026-10-05 04:37:18.719] [info] [candidate.cpp:199] InstancePrecompute: built 25 candidates
[2026-10-05 04:37:18.719] [info] [stationary.cpp:264] NN: cost=274.187822, feasible=true, active_stations=1
[2026-10-05 04:37:18.719] [info] [candidate.cpp:199] InstancePrecompute: built 25 candidates
[2026-10-05 04:37:18.719] [info] [stationary.cpp:264] NN: cost=428.418472, feasible=true, active_stations=1
[2026-10-05 04:37:18.719] [info] [candidate.cpp:199] InstancePrecompute: built 25 candidates
[2026-10-05 04:37:18.719] [info] [stationary.cpp:264] NN: cost=137.093911, feasible=true, active_stations=1
[2026-10-05 04:37:18.719] [info] [candidate.cpp:199] InstancePrecompute: built 25 candidates
[2026-10-05 04:37:18.719] [info] [stationary.cpp:264] NN: cost=158.514835, feasible=true, active_stations=1
[2026-10-05 04:37:18.719] [info] [candidate.cpp:199] InstancePrecompute: built 25 candidates
[2026-10-05 04:37:18.719] [info] [stationary.cpp:264] NN: cost=484.112873, feasible=true, active_stations=1
[2026-10-05 04:37:18.719] [info] [candidate.cpp:199] InstancePrecompute: built 25 candidates
[2026-10-05 04:37:18.719] [info] [stationary.cpp:264] NN: cost=728.311402, feasible=true, active_stations=1
[2026-10-05 04:37:18.719] [info] [candidate.cpp:199] InstancePrecompute: built 25 candidates
[2026-10-05 04:37:18.719] [info] [stationary.cpp:264] NN: cost=175.651573, feasible=true, active_stations=1
[2026-10-05 04:37:18.719] [info] [candidate.cpp:199] InstancePrecompute: built 50 candidates
[2026-10-05 04:37:18.719] [info] [stationary.cpp:264] NN: cost=471.260319, feasible=true, active_stations=2
[2026-10-05 04:37:18.719] [info] [candidate.cpp:199] InstancePrecompute: built 25 candidates
[2026-10-05 04:37:18.719] [info] [stationary.cpp:264] NN: cost=21.420924, feasible=true, active_stations=1
[2026-10-05 04:37:18.719] [info] [candidate.cpp:199] InstancePrecompute: built 25 candidates
[2026-10-05 04:37:18.719] [info] [stationary.cpp:264] NN: cost=214.209236, feasible=true, active_stations=1
[2026-10-05 04:37:18.719] [info] [candidate.cpp:199] InstancePrecompute: built 25 candidates
[2026-10-05 04:37:18.719] [info] [stationary.cpp:264] NN: cost=445.555211, feasible=true, active_stations=1
[2026-10-05 04:37:18.719] [info] [candidate.cpp:199] InstancePrecompute: built 25 candidates
[2026-10-05 04:37:18.719] [info] [stationary.cpp:264] NN: cost=209.925051, feasible=true, active_stations=1
[2026-10-05 04:37:18.719] [info] [candidate.cpp:199] InstancePrecompute: built 25 candidates
[2026-10-05 04:37:18.719] [info] [stationary.cpp:264] NN: cost=274.187822, feasible=true, active_stations=1
[2026-10-05 04:37:18.719] [info] [candidate.cpp:199] InstancePrecompute: built 25 candidates
[2026-10-05 04:37:18.719] [info] [stationary.cpp:264] NN: cost=428.418472, feasible=true, active_stations=1
[2026-10-05 04:37:18.719] [info] [candidate.cpp:199] InstancePrecompute: built 25 candidates
[2026-10-05 04:37:18.719] [info] [stationary.cpp:264] NN: cost=137.093911, feasible=true, active_stations=1
[2026-10-05 04:37:18.719] [info] [candidate.cpp:199] InstancePrecompute: built 25 candidates
[2026-10-05 04:37:18.719] [info] [stationary.cpp:264] NN: cost=158.514835, feasible=true, active_stations=1
[2026-10-05 04:37:18.719] [info] [candidate.cpp:199] InstancePrecompute: built 25 candidates
[2026-10-05 04:37:18.719] [info] [stationary.cpp:264] NN: cost=484.112873, feasible=true, active_stations=1
[2026-10-05 04:37:18.719] [info] [candidate.cpp:199] InstancePrecompute: built 25 candidates
[2026-10-05 04:37:18.719] [info] [stationary.cpp:264] NN: cost=175.651573, feasible=true, active_stations=1
[2026-10-05 04:37:18.719] [info] [candidate.cpp:199] InstancePrecompute: built 25 candidates
[2026-10-05 04:37:18.719] [info] [stationary.cpp:264] NN: cost=728.311402, feasible=true, active_stations=1
[2026-10-05 04:37:18.719] [info] [candidate.cpp:199] InstancePrecompute: built 25 candidates
[2026-10-05 04:37:18.719] [info] [stationary.cpp:264] NN: cost=248.482714, feasible=true, active_stations=1
[2026-10-05 04:37:18.719] [info] [candidate.cpp:199] InstancePrecompute: built 25 candidates
[2026-10-05 04:37:18.719] [info] [stationary.cpp:264] NN: cost=222.777605, feasible=true, active_stations=1
[2026-10-05 04:37:18.719] [info] [candidate.cpp:199] InstancePrecompute: built 25 candidates
[2026-10-05 04:37:18.719] [info] [stationary.cpp:264] NN: cost=21.420924, feasible=true, active_stations=1
[2026-10-05 04:37:18.719] [info] [candidate.cpp:199] InstancePrecompute: built 25 candidates
[2026-10-05 04:37:18.719] [info] [stationary.cpp:264] NN: cost=209.925051, feasible=true, active_stations=1
[2026-10-05 04:37:18.719] [info] [candidate.cpp:199] InstancePrecompute: built 50 candidates
[2026-10-05 04:37:18.719] [info] [stationary.cpp:264] NN: cost=659.764447, feasible=true, active_stations=2
[2026-10-05 04:37:18.719] [info] [candidate.cpp:199] InstancePrecompute: built 25 candidates
[2026-10-05 04:37:18.719] [info] [stationary.cpp:264] NN: cost=274.187822, feasible=true, active_stations=1
[2026-10-05 04:37:18.719] [info] [candidate.cpp:199] InstancePrecompute: built 25 candidates
[2026-10-05 04:37:18.719] [info] [stationary.cpp:264] NN: cost=428.418472, feasible=true, active_stations=1
[2026-10-05 04:37:18.719] [info] [candidate.cpp:199] InstancePrecompute: built 25 candidates
[2026-10-05 04:37:18.719] [info] [stationary.cpp:264] NN: cost=137.093911, feasible=true, active_stations=1
[2026-10-05 04:37:18.719] [info] [candidate.cpp:199] InstancePrecompute: built 25 candidates
[2026-10-05 04:37:18.719] [info] [stationary.cpp:264] NN: cost=158.514835, feasible=true, active_stations=1
[2026-10-05 04:37:18.719] [info] [candidate.cpp:199] InstancePrecompute: built 25 candidates
[2026-10-05 04:37:18.719] [info] [stationary.cpp:264] NN: cost=484.112873, feasible=true, active_stations=1
[2026-10-05 04:37:18.719] [info] [candidate.cpp:199] InstancePrecompute: built 25 candidates
[2026-10-05 04:37:18.719] [info] [stationary.cpp:264] NN: cost=175.651573, feasible=true, active_stations=1
[2026-10-05 04:37:18.719] [info] [candidate.cpp:199] InstancePrecompute: built 25 candidates
[2026-10-05 04:37:18.719] [info] [stationary.cpp:264] NN: cost=728.311402, feasible=true, active_stations=1
[2026-10-05 04:37:18.719] [info] [candidate.cpp:199] InstancePrecompute: built 25 candidates
[2026-10-05 04:37:18.719] [info] [stationary.cpp:264] NN: cost=248.482714, feasible=true, active_stations=1
[2026-10-05 04:37:18.719] [info] [candidate.cpp:199] InstancePrecompute: built 25 candidates
[2026-10-05 04:37:18.719] [info] [stationary.cpp:264] NN: cost=222.777605, feasible=true, active_stations=1
[2026-10-05 04:37:18.719] [info] [candidate.cpp:199] InstancePrecompute: built 25 candidates
[2026-10-05 04:37:18.719] [info] [stationary.cpp:264] NN: cost=21.420924, feasible=true, active_stations=1
[2026-10-05 04:37:18.719] [info] [candidate.cpp:199] InstancePrecompute: built 25 candidates
[2026-10-05 04:37:18.719] [info] [stationary.cpp:264] NN: cost=209.925051, feasible=true, active_stations=1
[2026-10-05 04:37:18.719] [info] [candidate.cpp:199] InstancePrecompute: built 25 candidates
[2026-10-05 04:37:18.719] [info] [stationary.cpp:264] NN: cost=214.209236, feasible=true, active_stations=1
[2026-10-05 04:37:18.719] [info] [candidate.cpp:199] InstancePrecompute: built 25 candidates
[2026-10-05 04:37:18.719] [info] [stationary.cpp:264] NN: cost=445.555211, feasible=true, active_stations=1
[2026-10-05 04:37:18.719] [info] [candidate.cpp:199] InstancePrecompute: built 25 candidates
[2026-10-05 04:37:18.719] [info] [stationary.cpp:264] NN: cost=274.187822, feasible=true, active_stations=1
[2026-10-05 04:37:18.719] [info] [candidate.cpp:199] InstancePrecompute: built 25 candidates
[2026-10-05 04:37:18.719] [info] [stationary.cpp:264] NN: cost=428.418472, feasible=true, active_stations=1
[2026-10-05 04:37:18.719] [info] [candidate.cpp:199] InstancePrecompute: built 25 candidates
[2026-10-05 04:37:18.719] [info] [stationary.cpp:264] NN: cost=137.093911, feasible=true, active_stations=1
[2026-10-05 04:37:18.719] [info] [candidate.cpp:199] InstancePrecompute: built 25 candidates
[2026-10-05 04:37:18.719] [info] [stationary.cpp:264] NN: cost=158.514835, feasible=true, active_stations=1
[2026-10-05 04:37:18.719] [info] [candidate.cpp:199] InstancePrecompute: built 25 candidates
[2026-10-05 04:37:18.719] [info] [stationary.cpp:264] NN: cost=484.112873, feasible=true, active_stations=1
[2026-10-05 04:37:18.719] [info] [candidate.cpp:199] InstancePrecompute: built 25 candidates
[2026-10-05 04:37:18.719] [info] [stationary.cpp:264] NN: cost=175.651573, feasible=true, active_stations=1
[2026-10-05 04:37:18.719] [info] [candidate.cpp:199] InstancePrecompute: built 25 candidates
[2026-10-05 04:37:18.719] [info] [stationary.cpp:264] NN: cost=728.311402, feasible=true, active_stations=1
[2026-10-05 04:37:18.719] [info] [candidate.cpp:199] InstancePrecompute: built 25 candidates
[2026-10-05 04:37:18.719] [info] [stationary.cpp:264] NN: cost=248.482714, feasible=true, active_stations=1
[2026-10-05 04:37:18.719] [info] [candidate.cpp:199] InstancePrecompute: built 25 candidates
[2026-10-05 04:37:18.719] [info] [stationary.cpp:264] NN: cost=222.777605, feasible=true, active_stations=1
[2026-10-05 04:37:18.719] [info] [candidate.cpp:199] InstancePrecompute: built 25 candidates
[2026-10-05 04:37:18.719] [info] [stationary.cpp:264] NN: cost=21.420924, feasible=true, active_stations=1
[2026-10-05 04:37:18.719] [info] [candidate.cpp:199] InstancePrecompute: built 25 candidates
[2026-10-05 04:37:18.719] [info] [stationary.cpp:264] NN: cost=209.925051, feasible=true, active_stations=1
[2026-10-05 04:37:18.719] [info] [candidate.cpp:199] InstancePrecompute: built 25 candidates
[2026-10-05 04:37:18.719] [info] [stationary.cpp:264] NN: cost=214.209236, feasible=true, active_stations=1
[2026-10-05 04:37:18.719] [info] [candidate.cpp:199] InstancePrecompute: built 25 candidates
[2026-10-05 04:37:18.719] [info] [stationary.cpp:264] NN: cost=445.555211, feasible=true, active_stations=1
[2026-10-05 04:37:18.719] [info] [candidate.cpp:199] InstancePrecompute: built 25 candidates
[2026-10-05 04:37:18.719] [info] [stationary.cpp:264] NN: cost=274.187822, feasible=true, active_stations=1
[2026-10-05 04:37:18.719] [info] [candidate.cpp:199] InstancePrecompute: built 25 candidates
[2026-10-05 04:37:18.719] [info] [stationary.cpp:264] NN: cost=428.418472, feasible=true, active_stations=1
[2026-10-05 04:37:18.719] [info] [candidate.cpp:199] InstancePrecompute: built 25 candidates
[2026-10-05 04:37:18.719] [info] [stationary.cpp:264] NN: cost=137.093911, feasible=true, active_stations=1
[2026-10-05 04:37:18.719] [info] [candidate.cpp:199] InstancePrecompute: built 25 candidates
[2026-10-05 04:37:18.719] [info] [stationary.cpp:264] NN: cost=158.514835, feasible=true, active_stations=1
[2026-10-05 04:37:18.719] [info] [candidate.cpp:199] InstancePrecompute: built 25 candidates
[2026-10-05 04:37:18.719] [info] [stationary.cpp:264] NN: cost=484.112873, feasible=true, active_stations=1
[2026-10-05 04:37:18.719] [info] [candidate.cpp:199] InstancePrecompute: built 25 candidates
[2026-10-05 04:37:18.720] [info] [stationary.cpp:264] NN: cost=175.651573, feasible=true, active_stations=1
[2026-10-05 04:37:18.720] [info] [candidate.cpp:199] InstancePrecompute: built 25 candidates
[2026-10-05 04:37:18.720] [info] [stationary.cpp:264] NN: cost=728.311402, feasible=true, active_stations=1
[2026-10-05 04:37:18.720] [info] [candidate.cpp:199] InstancePrecompute: built 25 candidates
[2026-10-05 04:37:18.720] [info] [stationary.cpp:264] NN: cost=248.482714, feasible=true, active_stations=1
[2026-10-05 04:37:18.720] [info] [candidate.cpp:199] InstancePrecompute: built 25 candidates
[2026-10-05 04:37:18.720] [info] [stationary.cpp:264] NN: cost=222.777605, feasible=true, active_stations=1
[2026-10-05 04:37:18.720] [info] [candidate.cpp:199] InstancePrecompute: built 25 candidates
[2026-10-05 04:37:18.720] [info] [stationary.cpp:264] NN: cost=21.420924, feasible=true, active_stations=1
[2026-10-05 04:37:18.720] [info] [candidate.cpp:199] InstancePrecompute: built 25 candidates
[2026-10-05 04:37:18.720] [info] [stationary.cpp:264] NN: cost=209.925051, feasible=true, active_stations=1
[2026-10-05 04:37:18.720] [info] [candidate.cpp:199] InstancePrecompute: built 25 candidates
[2026-10-05 04:37:18.720] [info] [stationary.cpp:264] NN: cost=214.209236, feasible=true, active_stations=1
[2026-10-05 04:37:18.720] [info] [candidate.cpp:199] InstancePrecompute: built 25 candidates
[2026-10-05 04:37:18.720] [info] [stationary.cpp:264] NN: cost=445.555211, feasible=true, active_stations=1
[2026-10-05 04:37:18.720] [info] [candidate.cpp:199] InstancePrecompute: built 25 candidates
[2026-10-05 04:37:18.720] [info] [stationary.cpp:264] NN: cost=274.187822, feasible=true, active_stations=1
[2026-10-05 04:37:18.720] [info] [candidate.cpp:199] InstancePrecompute: built 25 candidates
[2026-10-05 04:37:18.720] [info] [stationary.cpp:264] NN: cost=428.418472, feasible=true, active_stations=1
[2026-10-05 04:37:18.720] [info] [candidate.cpp:199] InstancePrecompute: built 25 candidates
[2026-10-05 04:37:18.720] [info] [stationary.cpp:264] NN: cost=137.093911, feasible=true, active_stations=1
[2026-10-05 04:37:18.720] [info] [candidate.cpp:199] InstancePrecompute: built 25 candidates
[2026-10-05 04:37:18.720] [info] [stationary.cpp:264] NN: cost=158.514835, feasible=true, active_stations=1
[2026-10-05 04:37:18.720] [info] [candidate.cpp:199] InstancePrecompute: built 25 candidates
[2026-10-05 04:37:18.720] [info] [stationary.cpp:264] NN: cost=484.112873, feasible=true, active_stations=1
[2026-10-05 04:37:18.720] [info] [candidate.cpp:199] InstancePrecompute: built 25 candidates
[2026-10-05 04:37:18.720] [info] [stationary.cpp:264] NN: cost=175.651573, feasible=true, active_stations=1
[2026-10-05 04:37:18.720] [info] [candidate.cpp:199] InstancePrecompute: built 25 candidates
[2026-10-05 04:37:18.720] [info] [stationary.cpp:264] NN: cost=728.311402, feasible=true, active_stations=1
[2026-10-05 04:37:18.720] [info] [candidate.cpp:199] InstancePrecompute: built 25 candidates
[2026-10-05 04:37:18.720] [info] [stationary.cpp:264] NN: cost=248.482714, feasible=true, active_stations=1
[2026-10-05 04:37:18.720] [info] [candidate.cpp:199] InstancePrecompute: built 25 candidates
[2026-10-05 04:37:18.720] [info] [stationary.cpp:264] NN: cost=222.777605, feasible=true, active_stations=1
[2026-10-05 04:37:18.720] [info] [candidate.cpp:199] InstancePrecompute: built 25 candidates
[2026-10-05 04:37:18.720] [info] [stationary.cpp:264] NN: cost=21.420924, feasible=true, active_stations=1
[2026-10-05 04:37:18.720] [info] [candidate.cpp:199] InstancePrecompute: built 25 candidates
[2026-10-05 04:37:18.720] [info] [stationary.cpp:264] NN: cost=209.925051, feasible=true, active_stations=1
[2026-10-05 04:37:18.720] [info] [candidate.cpp:199] InstancePrecompute: built 25 candidates
[2026-10-05 04:37:18.720] [info] [stationary.cpp:264] NN: cost=214.209236, feasible=true, active_stations=1
[2026-10-05 04:37:18.720] [info] [candidate.cpp:199] InstancePrecompute: built 25 candidates
[2026-10-05 04:37:18.720] [info] [stationary.cpp:264] NN: cost=445.555211, feasible=true, active_stations=1
[2026-10-05 04:37:18.720] [info] [candidate.cpp:199] InstancePrecompute: built 25 candidates
[2026-10-05 04:37:18.720] [info] [stationary.cpp:264] NN: cost=274.187822, feasible=true, active_stations=1
[2026-10-05 04:37:18.720] [info] [candidate.cpp:199] InstancePrecompute: built 25 candidates
[2026-10-05 04:37:18.720] [info] [stationary.cpp:264] NN: cost=428.418472, feasible=true, active_stations=1
[2026-10-05 04:37:18.720] [info] [candidate.cpp:199] InstancePrecompute: built 25 candidates
[2026-10-05 04:37:18.720] [info] [stationary.cpp:264] NN: cost=137.093911, feasible=true, active_stations=1
[2026-10-05 04:37:18.720] [info] [candidate.cpp:199] InstancePrecompute: built 25 candidates
[2026-10-05 04:37:18.720] [info] [stationary.cpp:264] NN: cost=158.514835, feasible=true, active_stations=1
[2026-10-05 04:37:18.720] [info] [candidate.cpp:199] InstancePrecompute: built 25 candidates
[2026-10-05 04:37:18.720] [info] [stationary.cpp:264] NN: cost=484.112873, feasible=true, active_stations=1
[2026-10-05 04:37:18.720] [info] [candidate.cpp:199] InstancePrecompute: built 25 candidates
[2026-10-05 04:37:18.720] [info] [stationary.cpp:264] NN: cost=175.651573, feasible=true, active_stations=1
[2026-10-05 04:37:18.720] [info] [candidate.cpp:199] InstancePrecompute: built 25 candidates
[2026-10-05 04:37:18.720] [info] [stationary.cpp:264] NN: cost=728.311402, feasible=true, active_stations=1
[2026-10-05 04:37:18.720] [info] [candidate.cpp:199] InstancePrecompute: built 25 candidates
[2026-10-05 04:37:18.720] [info] [stationary.cpp:264] NN: cost=248.482714, feasible=true, active_stations=1
[2026-10-05 04:37:18.720] [info] [candidate.cpp:199] InstancePrecompute: built 25 candidates
[2026-10-05 04:37:18.720] [info] [stationary.cpp:264] NN: cost=222.777605, feasible=true, active_stations=1
[2026-10-05 04:37:18.720] [info] [candidate.cpp:199] InstancePrecompute: built 25 candidates
[2026-10-05 04:37:18.720] [info] [stationary.cpp:264] NN: cost=21.420924, feasible=true, active_stations=1
[2026-10-05 04:37:18.720] [info] [candidate.cpp:199] InstancePrecompute: built 25 candidates
[2026-10-05 04:37:18.720] [info] [stationary.cpp:264] NN: cost=209.925051, feasible=true, active_stations=1
[2026-10-05 04:37:18.720] [info] [candidate.cpp:199] InstancePrecompute: built 25 candidates
[2026-10-05 04:37:18.720] [info] [stationary.cpp:264] NN: cost=214.209236, feasible=true, active_stations=1
[2026-10-05 04:37:18.720] [info] [candidate.cpp:199] InstancePrecompute: built 25 candidates
[2026-10-05 04:37:18.720] [info] [stationary.cpp:264] NN: cost=445.555211, feasible=true, active_stations=1
[2026-10-05 04:37:18.720] [info] [candidate.cpp:199] InstancePrecompute: built 25 candidates
[2026-10-05 04:37:18.720] [info] [stationary.cpp:264] NN: cost=274.187822, feasible=true, active_stations=1
[2026-10-05 04:37:18.720] [info] [candidate.cpp:199] InstancePrecompute: built 25 candidates
[2026-10-05 04:37:18.720] [info] [stationary.cpp:264] NN: cost=428.418472, feasible=true, active_stations=1
[2026-10-05 04:37:18.720] [info] [candidate.cpp:199] InstancePrecompute: built 25 candidates
[2026-10-05 04:37:18.720] [info] [stationary.cpp:264] NN: cost=137.093911, feasible=true, active_stations=1
[2026-10-05 04:37:18.720] [info] [candidate.cpp:199] InstancePrecompute: built 25 candidates
[2026-10-05 04:37:18.720] [info] [stationary.cpp:264] NN: cost=158.514835, feasible=true, active_stations=1
[2026-10-05 04:37:18.720] [info] [candidate.cpp:199] InstancePrecompute: built 25 candidates
[2026-10-05 04:37:18.720] [info] [stationary.cpp:264] NN: cost=484.112873, feasible=true, active_stations=1
[2026-10-05 04:37:18.720] [info] [candidate.cpp:199] InstancePrecompute: built 25 candidates
[2026-10-05 04:37:18.720] [info] [stationary.cpp:264] NN: cost=175.651573, feasible=true, active_stations=1
[2026-10-05 04:37:18.720] [info] [candidate.cpp:199] InstancePrecompute: built 25 candidates
[2026-10-05 04:37:18.720] [info] [stationary.cpp:264] NN: cost=728.311402, feasible=true, active_stations=1
[2026-10-05 04:37:18.720] [info] [candidate.cpp:199] InstancePrecompute: built 25 candidates
[2026-10-05 04:37:18.720] [info] [stationary.cpp:264] NN: cost=248.482714, feasible=true, active_stations=1
[2026-10-05 04:37:18.720] [info] [candidate.cpp:199] InstancePrecompute: built 25 candidates
[2026-10-05 04:37:18.720] [info] [stationary.cpp:264] NN: cost=222.777605, feasible=true, active_stations=1
[2026-10-05 04:37:18.720] [info] [candidate.cpp:199] InstancePrecompute: built 25 candidates
[2026-10-05 04:37:18.720] [info] [stationary.cpp:264] NN: cost=21.420924, feasible=true, active_stations=1
[2026-10-05 04:37:18.720] [info] [candidate.cpp:199] InstancePrecompute: built 25 candidates
[2026-10-05 04:37:18.720] [info] [stationary.cpp:264] NN: cost=209.925051, feasible=true, active_stations=1
[2026-10-05 04:37:18.720] [info] [candidate.cpp:199] InstancePrecompute: built 50 candidates
[2026-10-05 04:37:18.720] [info] [stationary.cpp:264] NN: cost=659.764447, feasible=true, active_stations=2
[2026-10-05 04:37:18.720] [info] [candidate.cpp:199] InstancePrecompute: built 25 candidates
[2026-10-05 04:37:18.720] [info] [stationary.cpp:264] NN: cost=274.187822, feasible=true, active_stations=1
[2026-10-05 04:37:18.720] [info] [candidate.cpp:199] InstancePrecompute: built 25 candidates
[2026-10-05 04:37:18.720] [info] [stationary.cpp:264] NN: cost=428.418472, feasible=true, active_stations=1
[2026-10-05 04:37:18.720] [info] [candidate.cpp:199] InstancePrecompute: built 25 candidates
[2026-10-05 04:37:18.720] [info] [stationary.cpp:264] NN: cost=137.093911, feasible=true, active_stations=1
[2026-10-05 04:37:18.720] [info] [candidate.cpp:199] InstancePrecompute: built 25 candidates
[2026-10-05 04:37:18.720] [info] [stationary.cpp:264] NN: cost=158.514835, feasible=true, active_stations=1
[2026-10-05 04:37:18.720] [info] [candidate.cpp:199] InstancePrecompute: built 25 candidates
[2026-10-05 04:37:18.720] [info] [stationary.cpp:264] NN: cost=484.112873, feasible=true, active_stations=1
[2026-10-05 04:37:18.720] [info] [candidate.cpp:199] InstancePrecompute: built 25 candidates
[2026-10-05 04:37:18.720] [info] [stationary.cpp:264] NN: cost=175.651573, feasible=true, active_stations=1
[2026-10-05 04:37:18.720] [info] [candidate.cpp:199] InstancePrecompute: built 25 candidates
[2026-10-05 04:37:18.720] [info] [stationary.cpp:264] NN: cost=728.311402, feasible=true, active_stations=1
[2026-10-05 04:37:18.720] [info] [candidate.cpp:199] InstancePrecompute: built 25 candidates
[2026-10-05 04:37:18.720] [info] [stationary.cpp:264] NN: cost=248.482714, feasible=true, active_stations=1
[2026-10-05 04:37:18.720] [info] [candidate.cpp:199] InstancePrecompute: built 25 candidates
[2026-10-05 04:37:18.720] [info] [stationary.cpp:264] NN: cost=222.777605, feasible=true, active_stations=1
[2026-10-05 04:37:18.720] [info] [candidate.cpp:199] InstancePrecompute: built 25 candidates
[2026-10-05 04:37:18.720] [info] [stationary.cpp:264] NN: cost=21.420924, feasible=true, active_stations=1
[2026-10-05 04:37:18.720] [info] [candidate.cpp:199] InstancePrecompute: built 50 candidates
[2026-10-05 04:37:18.720] [info] [stationary.cpp:264] NN: cost=659.764447, feasible=true, active_stations=2
[2026-10-05 04:37:18.720] [info] [candidate.cpp:199] InstancePrecompute: built 25 candidates
[2026-10-05 04:37:18.720] [info] [stationary.cpp:264] NN: cost=209.925051, feasible=true, active_stations=1
[2026-10-05 04:37:18.720] [info] [candidate.cpp:199] InstancePrecompute: built 25 candidates
[2026-10-05 04:37:18.720] [info] [stationary.cpp:264] NN: cost=274.187822, feasible=true, active_stations=1
[2026-10-05 04:37:18.720] [info] [candidate.cpp:199] InstancePrecompute: built 25 candidates
[2026-10-05 04:37:18.720] [info] [stationary.cpp:264] NN: cost=428.418472, feasible=true, active_stations=1
[2026-10-05 04:37:18.720] [info] [candidate.cpp:199] InstancePrecompute: built 25 candidates
[2026-10-05 04:37:18.720] [info] [stationary.cpp:264] NN: cost=137.093911, feasible=true, active_stations=1
[2026-10-05 04:37:18.720] [info] [candidate.cpp:199] InstancePrecompute: built 25 candidates
[2026-10-05 04:37:18.720] [info] [stationary.cpp:264] NN: cost=158.514835, feasible=true, active_stations=1
[2026-10-05 04:37:18.720] [info] [candidate.cpp:199] InstancePrecompute: built 25 candidates
[2026-10-05 04:37:18.720] [info] [stationary.cpp:264] NN: cost=484.112873, feasible=true, active_stations=1
[2026-10-05 04:37:18.720] [info] [candidate.cpp:199] InstancePrecompute: built 25 candidates
[2026-10-05 04:37:18.720] [info] [stationary.cpp:264] NN: cost=175.651573, feasible=true, active_stations=1
[2026-10-05 04:37:18.720] [info] [candidate.cpp:199] InstancePrecompute: built 25 candidates
[2026-10-05 04:37:18.720] [info] [stationary.cpp:264] NN: cost=728.311402, feasible=true, active_stations=1
[2026-10-05 04:37:18.720] [info] [candidate.cpp:199] InstancePrecompute: built 25 candidates
[2026-10-05 04:37:18.720] [info] [stationary.cpp:264] NN: cost=248.482714, feasible=true, active_stations=1
[2026-10-05 04:37:18.720] [info] [candidate.cpp:199] InstancePrecompute: built 25 candidates
[2026-10-05 04:37:18.720] [info] [stationary.cpp:264] NN: cost=222.777605, feasible=true, active_stations=1
[2026-10-05 04:37:18.720] [info] [candidate.cpp:199] InstancePrecompute: built 25 candidates
[2026-10-05 04:37:18.720] [info] [stationary.cpp:264] NN: cost=21.420924, feasible=true, active_stations=1
[2026-10-05 04:37:18.720] [info] [candidate.cpp:199] InstancePrecompute: built 25 candidates
[2026-10-05 04:37:18.720] [info] [stationary.cpp:264] NN: cost=214.209236, feasible=true, active_stations=1
[2026-10-05 04:37:18.720] [info] [candidate.cpp:199] InstancePrecompute: built 25 candidates
[2026-10-05 04:37:18.720] [info] [stationary.cpp:264] NN: cost=445.555211, feasible=true, active_stations=1
[2026-10-05 04:37:18.720] [info] [candidate.cpp:199] InstancePrecompute: built 25 candidates
[2026-10-05 04:37:18.720] [info] [stationary.cpp:264] NN: cost=209.925051, feasible=true, active_stations=1
[2026-10-05 04:37:18.720] [info] [candidate.cpp:199] InstancePrecompute: built 25 candidates
[2026-10-05 04:37:18.720] [info] [stationary.cpp:264] NN: cost=274.187822, feasible=true, active_stations=1
[2026-10-05 04:37:18.720] [info] [candidate.cpp:199] InstancePrecompute: built 25 candidates
[2026-10-05 04:37:18.720] [info] [stationary.cpp:264] NN: cost=428.418472, feasible=true, active_stations=1
[2026-10-05 04:37:18.720] [info] [candidate.cpp:199] InstancePrecompute: built 25 candidates
[2026-10-05 04:37:18.720] [info] [stationary.cpp:264] NN: cost=137.093911, feasible=true, active_stations=1
[2026-10-05 04:37:18.720] [info] [candidate.cpp:199] InstancePrecompute: built 25 candidates
[2026-10-05 04:37:18.720] [info] [stationary.cpp:264] NN: cost=158.514835, feasible=true, active_stations=1
[2026-10-05 04:37:18.720] [info] [candidate.cpp:199] InstancePrecompute: built 25 candidates
[2026-10-05 04:37:18.720] [info] [stationary.cpp:264] NN: cost=484.112873, feasible=true, active_stations=1
[2026-10-05 04:37:18.720] [info] [candidate.cpp:199] InstancePrecompute: built 25 candidates
[2026-10-05 04:37:18.720] [info] [stationary.cpp:264] NN: cost=175.651573, feasible=true, active_stations=1
[2026-10-05 04:37:18.720] [info] [candidate.cpp:199] InstancePrecompute: built 25 candidates
[2026-10-05 04:37:18.720] [info] [stationary.cpp:264] NN: cost=728.311402, feasible=true, active_stations=1
[2026-10-05 04:37:18.720] [info] [candidate.cpp:199] InstancePrecompute: built 25 candidates
[2026-10-05 04:37:18.720] [info] [stationary.cpp:264] NN: cost=248.482714, feasible=true, active_stations=1
[2026-10-05 04:37:18.720] [info] [candidate.cpp:199] InstancePrecompute: built 25 candidates
[2026-10-05 04:37:18.720] [info] [stationary.cpp:264] NN: cost=222.777605, feasible=true, active_stations=1
[2026-10-05 04:37:18.720] [info] [candidate.cpp:199] InstancePrecompute: built 25 candidates
[2026-10-05 04:37:18.720] [info] [stationary.cpp:264] NN: cost=21.420924, feasible=true, active_stations=1
[2026-10-05 04:37:18.720] [info] [candidate.cpp:199] InstancePrecompute: built 25 candidates
[2026-10-05 04:37:18.720] [info] [stationary.cpp:264] NN: cost=214.209236, feasible=true, active_stations=1
[2026-10-05 04:37:18.720] [info] [candidate.cpp:199] InstancePrecompute: built 25 candidates
[2026-10-05 04:37:18.720] [info] [stationary.cpp:264] NN: cost=445.555211, feasible=true, active_stations=1
[2026-10-05 04:37:18.720] [info] [candidate.cpp:199] InstancePrecompute: built 25 candidates
[2026-10-05 04:37:18.720] [info] [stationary.cpp:264] NN: cost=209.925051, feasible=true, active_stations=1
[2026-10-05 04:37:18.720] [info] [candidate.cpp:199] InstancePrecompute: built 25 candidates
[2026-10-05 04:37:18.720] [info] [stationary.cpp:264] NN: cost=274.187822, feasible=true, active_stations=1
[2026-10-05 04:37:18.720] [info] [candidate.cpp:199] InstancePrecompute: built 25 candidates
[2026-10-05 04:37:18.720] [info] [stationary.cpp:264] NN: cost=428.418472, feasible=true, active_stations=1
[2026-10-05 04:37:18.720] [info] [candidate.cpp:199] InstancePrecompute: built 25 candidates
[2026-10-05 04:37:18.720] [info] [stationary.cpp:264] NN: cost=137.093911, feasible=true, active_stations=1
[2026-10-05 04:37:18.720] [info] [candidate.cpp:199] InstancePrecompute: built 25 candidates
[2026-10-05 04:37:18.720] [info] [stationary.cpp:264] NN: cost=158.514835, feasible=true, active_stations=1
[2026-10-05 04:37:18.720] [info] [candidate.cpp:199] InstancePrecompute: built 25 candidates
[2026-10-05 04:37:18.720] [info] [stationary.cpp:264] NN: cost=484.112873, feasible=true, active_stations=1
[2026-10-05 04:37:18.720] [info] [candidate.cpp:199] InstancePrecompute: built 25 candidates
[2026-10-05 04:37:18.720] [info] [stationary.cpp:264] NN: cost=175.651573, feasible=true, active_stations=1
[2026-10-05 04:37:18.720] [info] [candidate.cpp:199] InstancePrecompute: built 25 candidates
[2026-10-05 04:37:18.720] [info] [stationary.cpp:264] NN: cost=728.311402, feasible=true, active_stations=1
[2026-10-05 04:37:18.720] [info] [candidate.cpp:199] InstancePrecompute: built 25 candidates
[2026-10-05 04:37:18.720] [info] [stationary.cpp:264] NN: cost=248.482714, feasible=true, active_stations=1
[2026-10-05 04:37:18.720] [info] [candidate.cpp:199] InstancePrecompute: built 25 candidates
[2026-10-05 04:37:18.720] [info] [stationary.cpp:264] NN: cost=222.777605, feasible=true, active_stations=1
[2026-10-05 04:37:18.720] [info] [candidate.cpp:199] InstancePrecompute: built 25 candidates
[2026-10-05 04:37:18.720] [info] [stationary.cpp:264] NN: cost=21.420924, feasible=true, active_stations=1
[2026-10-05 04:37:18.720] [info] [candidate.cpp:199] InstancePrecompute: built 25 candidates
[2026-10-05 04:37:18.720] [info] [stationary.cpp:264] NN: cost=214.209236, feasible=true, active_stations=1
[2026-10-05 04:37:18.720] [info] [candidate.cpp:199] InstancePrecompute: built 25 candidates
[2026-10-05 04:37:18.720] [info] [stationary.cpp:264] NN: cost=445.555211, feasible=true, active_stations=1
[2026-10-05 04:37:18.720] [info] [candidate.cpp:199] InstancePrecompute: built 25 candidates
[2026-10-05 04:37:18.720] [info] [stationary.cpp:264] NN: cost=209.925051, feasible=true, active_stations=1
[2026-10-05 04:37:18.720] [info] [candidate.cpp:199] InstancePrecompute: built 25 candidates
[2026-10-05 04:37:18.720] [info] [stationary.cpp:264] NN: cost=274.187822, feasible=true, active_stations=1
[2026-10-05 04:37:18.720] [info] [candidate.cpp:199] InstancePrecompute: built 25 candidates
[2026-10-05 04:37:18.720] [info] [stationary.cpp:264] NN: cost=428.418472, feasible=true, active_stations=1
[2026-10-05 04:37:18.720] [info] [candidate.cpp:199] InstancePrecompute: built 25 candidates
[2026-10-05 04:37:18.720] [info] [stationary.cpp:264] NN: cost=137.093911, feasible=true, active_stations=1
[2026-10-05 04:37:18.720] [info] [candidate.cpp:199] InstancePrecompute: built 25 candidates
[2026-10-05 04:37:18.720] [info] [stationary.cpp:264] NN: cost=158.514835, feasible=true, active_stations=1
[2026-10-05 04:37:18.720] [info] [candidate.cpp:199] InstancePrecompute: built 25 candidates
[2026-10-05 04:37:18.720] [info] [stationary.cpp:264] NN: cost=484.112873, feasible=true, active_stations=1
[2026-10-05 04:37:18.720] [info] [candidate.cpp:199] InstancePrecompute: built 25 candidates
[2026-10-05 04:37:18.720] [info] [stationary.cpp:264] NN: cost=175.651573, feasible=true, active_stations=1
[2026-10-05 04:37:18.720] [info] [candidate.cpp:199] InstancePrecompute: built 25 candidates
[2026-10-05 04:37:18.720] [info] [stationary.cpp:264] NN: cost=728.311402, feasible=true, active_stations=1
[2026-10-05 04:37:18.720] [info] [candidate.cpp:199] InstancePrecompute: built 25 candidates
[2026-10-05 04:37:18.720] [info] [stationary.cpp:264] NN: cost=248.482714, feasible=true, active_stations=1
[2026-10-05 04:37:18.720] [info] [candidate.cpp:199] InstancePrecompute: built 25 candidates
[2026-10-05 04:37:18.720] [info] [stationary.cpp:264] NN: cost=222.777605, feasible=true, active_stations=1
[2026-10-05 04:37:18.720] [info] [candidate.cpp:199] InstancePrecompute: built 25 candidates
[2026-10-05 04:37:18.720] [info] [stationary.cpp:264] NN: cost=21.420924, feasible=true, active_stations=1
[2026-10-05 04:37:18.720] [info] [candidate.cpp:199] InstancePrecompute: built 25 candidates
[2026-10-05 04:37:18.720] [info] [stationary.cpp:264] NN: cost=214.209236, feasible=true, active_stations=1
[2026-10-05 04:37:18.720] [info] [candidate.cpp:199] InstancePrecompute: built 25 candidates
[2026-10-05 04:37:18.720] [info] [stationary.cpp:264] NN: cost=445.555211, feasible=true, active_stations=1
[2026-10-05 04:37:18.720] [info] [candidate.cpp:199] InstancePrecompute: built 25 candidates
[2026-10-05 04:37:18.720] [info] [stationary.cpp:264] NN: cost=209.925051, feasible=true, active_stations=1
[2026-10-05 04:37:18.720] [info] [candidate.cpp:199] InstancePrecompute: built 25 candidates
[2026-10-05 04:37:18.720] [info] [stationary.cpp:264] NN: cost=274.187822, feasible=true, active_stations=1
[2026-10-05 04:37:18.720] [info] [candidate.cpp:199] InstancePrecompute: built 25 candidates
[2026-10-05 04:37:18.720] [info] [stationary.cpp:264] NN: cost=428.418472, feasible=true, active_stations=1
[2026-10-05 04:37:18.720] [info] [candidate.cpp:199] InstancePrecompute: built 25 candidates
[2026-10-05 04:37:18.720] [info] [stationary.cpp:264] NN: cost=137.093911, feasible=true, active_stations=1
[2026-10-05 04:37:18.720] [info] [candidate.cpp:199] InstancePrecompute: built 25 candidates
[2026-10-05 04:37:18.720] [info] [stationary.cpp:264] NN: cost=158.514835, feasible=true, active_stations=1
[2026-10-05 04:37:18.720] [info] [candidate.cpp:199] InstancePrecompute: built 25 candidates
[2026-10-05 04:37:18.720] [info] [stationary.cpp:264] NN: cost=484.112873, feasible=true, active_stations=1
[2026-10-05 04:37:18.720] [info] [candidate.cpp:199] InstancePrecompute: built 25 candidates
[2026-10-05 04:37:18.720] [info] [stationary.cpp:264] NN: cost=175.651573, feasible=true, active_stations=1
[2026-10-05 04:37:18.720] [info] [candidate.cpp:199] InstancePrecompute: built 25 candidates
[2026-10-05 04:37:18.720] [info] [stationary.cpp:264] NN: cost=728.311402, feasible=true, active_stations=1
[2026-10-05 04:37:18.720] [info] [candidate.cpp:199] InstancePrecompute: built 25 candidates
[2026-10-05 04:37:18.720] [info] [stationary.cpp:264] NN: cost=248.482714, feasible=true, active_stations=1
[2026-10-05 04:37:18.720] [info] [candidate.cpp:199] InstancePrecompute: built 25 candidates
[2026-10-05 04:37:18.720] [info] [stationary.cpp:264] NN: cost=222.777605, feasible=true, active_stations=1
[2026-10-05 04:37:18.720] [info] [candidate.cpp:199] InstancePrecompute: built 25 candidates
[2026-10-05 04:37:18.720] [info] [stationary.cpp:264] NN: cost=21.420924, feasible=true, active_stations=1
[2026-10-05 04:37:18.720] [info] [candidate.cpp:199] InstancePrecompute: built 25 candidates
[2026-10-05 04:37:18.720] [info] [stationary.cpp:264] NN: cost=214.209236, feasible=true, active_stations=1
[2026-10-05 04:37:18.720] [info] [candidate.cpp:199] InstancePrecompute: built 25 candidates
[2026-10-05 04:37:18.720] [info] [stationary.cpp:264] NN: cost=445.555211, feasible=true, active_stations=1
[2026-10-05 04:37:18.720] [info] [candidate.cpp:199] InstancePrecompute: built 25 candidates
[2026-10-05 04:37:18.720] [info] [stationary.cpp:264] NN: cost=209.925051, feasible=true, active_stations=1
[2026-10-05 04:37:18.720] [info] [candidate.cpp:199] InstancePrecompute: built 25 candidates
[2026-10-05 04:37:18.720] [info] [stationary.cpp:264] NN: cost=274.187822, feasible=true, active_stations=1
[2026-10-05 04:37:18.720] [info] [candidate.cpp:199] InstancePrecompute: built 25 candidates
[2026-10-05 04:37:18.720] [info] [stationary.cpp:264] NN: cost=428.418472, feasible=true, active_stations=1
[2026-10-05 04:37:18.720] [info] [candidate.cpp:199] InstancePrecompute: built 25 candidates
[2026-10-05 04:37:18.720] [info] [stationary.cpp:264] NN: cost=137.093911, feasible=true, active_stations=1
[2026-10-05 04:37:18.720] [info] [candidate.cpp:199] InstancePrecompute: built 25 candidates
[2026-10-05 04:37:18.720] [info] [stationary.cpp:264] NN: cost=158.514835, feasible=true, active_stations=1
[2026-10-05 04:37:18.720] [info] [candidate.cpp:199] InstancePrecompute: built 25 candidates
[2026-10-05 04:37:18.720] [info] [stationary.cpp:264] NN: cost=484.112873, feasible=true, active_stations=1
[2026-10-05 04:37:18.720] [info] [candidate.cpp:199] InstancePrecompute: built 25 candidates
[2026-10-05 04:37:18.720] [info] [stationary.cpp:264] NN: cost=175.651573, feasible=true, active_stations=1
[2026-10-05 04:37:18.720] [info] [candidate.cpp:199] InstancePrecompute: built 25 candidates
[2026-10-05 04:37:18.720] [info] [stationary.cpp:264] NN: cost=728.311402, feasible=true, active_stations=1
[2026-10-05 04:37:18.720] [info] [candidate.cpp:199] InstancePrecompute: built 25 candidates
[2026-10-05 04:37:18.720] [info] [stationary.cpp:264] NN: cost=248.482714, feasible=true, active_stations=1
[2026-10-05 04:37:18.720] [info] [candidate.cpp:199] InstancePrecompute: built 25 candidates
[2026-10-05 04:37:18.720] [info] [stationary.cpp:264] NN: cost=222.777605, feasible=true, active_stations=1
[2026-10-05 04:37:18.720] [info] [candidate.cpp:199] InstancePrecompute: built 25 candidates
[2026-10-05 04:37:18.720] [info] [stationary.cpp:264] NN: cost=21.420924, feasible=true, active_stations=1
[2026-10-05 04:37:18.720] [info] [candidate.cpp:199] InstancePrecompute: built 50 candidates
[2026-10-05 04:37:18.720] [info] [stationary.cpp:264] NN: cost=659.764447, feasible=true, active_stations=2
[2026-10-05 04:37:18.720] [info] [candidate.cpp:199] InstancePrecompute: built 25 candidates
[2026-10-05 04:37:18.720] [info] [stationary.cpp:264] NN: cost=209.925051, feasible=true, active_stations=1
[2026-10-05 04:37:18.720] [info] [candidate.cpp:199] InstancePrecompute: built 25 candidates
[2026-10-05 04:37:18.720] [info] [stationary.cpp:264] NN: cost=274.187822, feasible=true, active_stations=1
[2026-10-05 04:37:18.720] [info] [candidate.cpp:199] InstancePrecompute: built 25 candidates
[2026-10-05 04:37:18.720] [info] [stationary.cpp:264] NN: cost=428.418472, feasible=true, active_stations=1
[2026-10-05 04:37:18.720] [info] [candidate.cpp:199] InstancePrecompute: built 25 candidates
[2026-10-05 04:37:18.720] [info] [stationary.cpp:264] NN: cost=137.093911, feasible=true, active_stations=1
[2026-10-05 04:37:18.720] [info] [candidate.cpp:199] InstancePrecompute: built 25 candidates
[2026-10-05 04:37:18.720] [info] [stationary.cpp:264] NN: cost=158.514835, feasible=true, active_stations=1
[2026-10-05 04:37:18.720] [info] [candidate.cpp:199] InstancePrecompute: built 25 candidates
[2026-10-05 04:37:18.720] [info] [stationary.cpp:264] NN: cost=484.112873, feasible=true, active_stations=1
[2026-10-05 04:37:18.720] [info] [candidate.cpp:199] InstancePrecompute: built 25 candidates
[2026-10-05 04:37:18.720] [info] [stationary.cpp:264] NN: cost=728.311402, feasible=true, active_stations=1
[2026-10-05 04:37:18.720] [info] [candidate.cpp:199] InstancePrecompute: built 25 candidates
[2026-10-05 04:37:18.720] [info] [stationary.cpp:264] NN: cost=175.651573, feasible=true, active_stations=1
[2026-10-05 04:37:18.720] [info] [candidate.cpp:199] InstancePrecompute: built 25 candidates
[2026-10-05 04:37:18.720] [info] [stationary.cpp:264] NN: cost=248.482714, feasible=true, active_stations=1
[2026-10-05 04:37:18.720] [info] [candidate.cpp:199] InstancePrecompute: built 25 candidates
[2026-10-05 04:37:18.720] [info] [stationary.cpp:264] NN: cost=222.777605, feasible=true, active_stations=1
[2026-10-05 04:37:18.720] [info] [candidate.cpp:199] InstancePrecompute: built 25 candidates
[2026-10-05 04:37:18.720] [info] [stationary.cpp:264] NN: cost=21.420924, feasible=true, active_stations=1
[2026-10-05 04:37:18.720] [info] [candidate.cpp:199] InstancePrecompute: built 25 candidates
[2026-10-05 04:37:18.720] [info] [stationary.cpp:264] NN: cost=445.555211, feasible=true, active_stations=1
[2026-10-05 04:37:18.720] [info] [candidate.cpp:199] InstancePrecompute: built 25 candidates
[2026-10-05 04:37:18.721] [info] [stationary.cpp:264] NN: cost=209.925051, feasible=true, active_stations=1
[2026-10-05 04:37:18.721] [info] [candidate.cpp:199] InstancePrecompute: built 50 candidates
[2026-10-05 04:37:18.721] [info] [stationary.cpp:264] NN: cost=274.187822, feasible=true, active_stations=1
[2026-10-05 04:37:18.721] [info] [candidate.cpp:199] InstancePrecompute: built 25 candidates
[2026-10-05 04:37:18.721] [info] [stationary.cpp:264] NN: cost=428.418472, feasible=true, active_stations=1
[2026-10-05 04:37:18.721] [info] [candidate.cpp:199] InstancePrecompute: built 25 candidates
[2026-10-05 04:37:18.721] [info] [stationary.cpp:264] NN: cost=137.093911, feasible=true, active_stations=1
[2026-10-05 04:37:18.721] [info] [candidate.cpp:199] InstancePrecompute: built 25 candidates
[2026-10-05 04:37:18.721] [info] [stationary.cpp:264] NN: cost=158.514835, feasible=true, active_stations=1
[2026-10-05 04:37:18.721] [info] [candidate.cpp:199] InstancePrecompute: built 25 candidates
[2026-10-05 04:37:18.721] [info] [stationary.cpp:264] NN: cost=484.112873, feasible=true, active_stations=1
[2026-10-05 04:37:18.721] [info] [candidate.cpp:199] InstancePrecompute: built 25 candidates
[2026-10-05 04:37:18.721] [info] [stationary.cpp:264] NN: cost=728.311402, feasible=true, active_stations=1
[2026-10-05 04:37:18.721] [info] [candidate.cpp:199] InstancePrecompute: built 25 candidates
[2026-10-05 04:37:18.721] [info] [stationary.cpp:264] NN: cost=175.651573, feasible=true, active_stations=1
[2026-10-05 04:37:18.721] [info] [candidate.cpp:199] InstancePrecompute: built 25 candidates
[2026-10-05 04:37:18.721] [info] [stationary.cpp:264] NN: cost=248.482714, feasible=true, active_stations=1
[2026-10-05 04:37:18.721] [info] [candidate.cpp:199] InstancePrecompute: built 25 candidates
[2026-10-05 04:37:18.721] [info] [stationary.cpp:264] NN: cost=222.777605, feasible=true, active_stations=1
[2026-10-05 04:37:18.721] [info] [candidate.cpp:199] InstancePrecompute: built 25 candidates
[2026-10-05 04:37:18.721] [info] [stationary.cpp:264] NN: cost=21.420924, feasible=true, active_stations=1
[2026-10-05 04:37:18.721] [info] [candidate.cpp:199] InstancePrecompute: built 25 candidates
[2026-10-05 04:37:18.721] [info] [stationary.cpp:264] NN: cost=445.555211, feasible=true, active_stations=1
[2026-10-05 04:37:18.721] [info] [candidate.cpp:199] InstancePrecompute: built 25 candidates
[2026-10-05 04:37:18.721] [info] [stationary.cpp:264] NN: cost=209.925051, feasible=true, active_stations=1
[2026-10-05 04:37:18.721] [info] [candidate.cpp:199] InstancePrecompute: built 25 candidates
[2026-10-05 04:37:18.721] [info] [stationary.cpp:264] NN: cost=214.209236, feasible=true, active_stations=1
[2026-10-05 04:37:18.721] [info] [candidate.cpp:199] InstancePrecompute: built 25 candidates
[2026-10-05 04:37:18.721] [info] [stationary.cpp:264] NN: cost=274.187822, feasible=true, active_stations=1
[2026-10-05 04:37:18.721] [info] [candidate.cpp:199] InstancePrecompute: built 25 candidates
[2026-10-05 04:37:18.721] [info] [stationary.cpp:264] NN: cost=428.418472, feasible=true, active_stations=1
[2026-10-05 04:37:18.721] [info] [candidate.cpp:199] InstancePrecompute: built 25 candidates
[2026-10-05 04:37:18.721] [info] [stationary.cpp:264] NN: cost=137.093911, feasible=true, active_stations=1
[2026-10-05 04:37:18.721] [info] [candidate.cpp:199] InstancePrecompute: built 25 candidates
[2026-10-05 04:37:18.721] [info] [stationary.cpp:264] NN: cost=158.514835, feasible=true, active_stations=1
[2026-10-05 04:37:18.721] [info] [candidate.cpp:199] InstancePrecompute: built 25 candidates
[2026-10-05 04:37:18.721] [info] [stationary.cpp:264] NN: cost=484.112873, feasible=true, active_stations=1
[2026-10-05 04:37:18.721] [info] [candidate.cpp:199] InstancePrecompute: built 25 candidates
[2026-10-05 04:37:18.721] [info] [stationary.cpp:264] NN: cost=728.311402, feasible=true, active_stations=1
[2026-10-05 04:37:18.721] [info] [candidate.cpp:199] InstancePrecompute: built 25 candidates
[2026-10-05 04:37:18.721] [info] [stationary.cpp:264] NN: cost=175.651573, feasible=true, active_stations=1
[2026-10-05 04:37:18.721] [info] [candidate.cpp:199] InstancePrecompute: built 25 candidates
[2026-10-05 04:37:18.721] [info] [stationary.cpp:264] NN: cost=248.482714, feasible=true, active_stations=1
[2026-10-05 04:37:18.721] [info] [candidate.cpp:199] InstancePrecompute: built 25 candidates
[2026-10-05 04:37:18.721] [info] [stationary.cpp:264] NN: cost=222.777605, feasible=true, active_stations=1
[2026-10-05 04:37:18.721] [info] [candidate.cpp:199] InstancePrecompute: built 25 candidates
[2026-10-05 04:37:18.721] [info] [stationary.cpp:264] NN: cost=21.420924, feasible=true, active_stations=1
[2026-10-05 04:37:18.721] [info] [candidate.cpp:199] InstancePrecompute: built 25 candidates
[2026-10-05 04:37:18.721] [info] [stationary.cpp:264] NN: cost=445.555211, feasible=true, active_stations=1
[2026-10-05 04:37:18.721] [info] [candidate.cpp:199] InstancePrecompute: built 25 candidates
[2026-10-05 04:37:18.721] [info] [stationary.cpp:264] NN: cost=209.925051, feasible=true, active_stations=1
[2026-10-05 04:37:18.721] [info] [candidate.cpp:199] InstancePrecompute: built 25 candidates
[2026-10-05 04:37:18.721] [info] [stationary.cpp:264] NN: cost=214.209236, feasible=true, active_stations=1
[2026-10-05 04:37:18.721] [info] [candidate.cpp:199] InstancePrecompute: built 25 candidates
[2026-10-05 04:37:18.721] [info] [stationary.cpp:264] NN: cost=274.187822, feasible=true, active_stations=1
[2026-10-05 04:37:18.721] [info] [candidate.cpp:199] InstancePrecompute: built 25 candidates
[2026-10-05 04:37:18.721] [info] [stationary.cpp:264] NN: cost=428.418472, feasible=true, active_stations=1
[2026-10-05 04:37:18.721] [info] [candidate.cpp:199] InstancePrecompute: built 25 candidates
[2026-10-05 04:37:18.721] [info] [stationary.cpp:264] NN: cost=137.093911, feasible=true, active_stations=1
[2026-10-05 04:37:18.721] [info] [candidate.cpp:199] InstancePrecompute: built 25 candidates
[2026-10-05 04:37:18.721] [info] [stationary.cpp:264] NN: cost=158.514835, feasible=true, active_stations=1
[2026-10-05 04:37:18.721] [info] [candidate.cpp:199] InstancePrecompute: built 25 candidates
[2026-10-05 04:37:18.721] [info] [stationary.cpp:264] NN: cost=484.112873, feasible=true, active_stations=1
[2026-10-05 04:37:18.721] [info] [candidate.cpp:199] InstancePrecompute: built 25 candidates
[2026-10-05 04:37:18.721] [info] [stationary.cpp:264] NN: cost=728.311402, feasible=true, active_stations=1
[2026-10-05 04:37:18.721] [info] [candidate.cpp:199] InstancePrecompute: built 25 candidates
[2026-10-05 04:37:18.721] [info] [stationary.cpp:264] NN: cost=175.651573, feasible=true, active_stations=1
[2026-10-05 04:37:18.721] [info] [candidate.cpp:199] InstancePrecompute: built 25 candidates
[2026-10-05 04:37:18.721] [info] [stationary.cpp:264] NN: cost=248.482714, feasible=true, active_stations=1
[2026-10-05 04:37:18.721] [info] [candidate.cpp:199] InstancePrecompute: built 25 candidates
[2026-10-05 04:37:18.721] [info] [stationary.cpp:264] NN: cost=222.777605, feasible=true, active_stations=1
[2026-10-05 04:37:18.721] [info] [candidate.cpp:199] InstancePrecompute: built 25 candidates
[2026-10-05 04:37:18.721] [info] [stationary.cpp:264] NN: cost=21.420924, feasible=true, active_stations=1
[2026-10-05 04:37:18.721] [info] [candidate.cpp:199] InstancePrecompute: built 25 candidates
[2026-10-05 04:37:18.721] [info] [stationary.cpp:264] NN: cost=445.555211, feasible=true, active_stations=1
[2026-10-05 04:37:18.721] [info] [candidate.cpp:199] InstancePrecompute: built 25 candidates
[2026-10-05 04:37:18.721] [info] [stationary.cpp:264] NN: cost=209.925051, feasible=true, active_stations=1
[2026-10-05 04:37:18.721] [info] [candidate.cpp:199] InstancePrecompute: built 25 candidates
[2026-10-05 04:37:18.721] [info] [stationary.cpp:264] NN: cost=214.209236, feasible=true, active_stations=1
[2026-10-05 04:37:18.721] [info] [candidate.cpp:199] InstancePrecompute: built 25 candidates
[2026-10-05 04:37:18.721] [info] [stationary.cpp:264] NN: cost=274.187822, feasible=true, active_stations=1
[2026-10-05 04:37:18.721] [info] [candidate.cpp:199] InstancePrecompute: built 25 candidates
[2026-10-05 04:37:18.721] [info] [stationary.cpp:264] NN: cost=428.418472, feasible=true, active_stations=1
[2026-10-05 04:37:18.721] [info] [candidate.cpp:199] InstancePrecompute: built 25 candidates
[2026-10-05 04:37:18.721] [info] [stationary.cpp:264] NN: cost=137.093911, feasible=true, active_stations=1
[2026-10-05 04:37:18.721] [info] [candidate.cpp:199] InstancePrecompute: built 25 candidates
[2026-10-05 04:37:18.721] [info] [stationary.cpp:264] NN: cost=158.514835, feasible=true, active_stations=1
[2026-10-05 04:37:18.721] [info] [candidate.cpp:199] InstancePrecompute: built 25 candidates
[2026-10-05 04:37:18.721] [info] [stationary.cpp:264] NN: cost=484.112873, feasible=true, active_stations=1
[2026-10-05 04:37:18.721] [info] [candidate.cpp:199] InstancePrecompute: built 25 candidates
[2026-10-05 04:37:18.721] [info] [stationary.cpp:264] NN: cost=728.311402, feasible=true, active_stations=1
[2026-10-05 04:37:18.721] [info] [candidate.cpp:199] InstancePrecompute: built 25 candidates
[2026-10-05 04:37:18.721] [info] [stationary.cpp:264] NN: cost=175.651573, feasible=true, active_stations=1
[2026-10-05 04:37:18.721] [info] [candidate.cpp:199] InstancePrecompute: built 25 candidates
[2026-10-05 04:37:18.721] [info] [stationary.cpp:264] NN: cost=248.482714, feasible=true, active_stations=1
[2026-10-05 04:37:18.721] [info] [candidate.cpp:199] InstancePrecompute: built 25 candidates
[2026-10-05 04:37:18.721] [info] [stationary.cpp:264] NN: cost=222.777605, feasible=true, active_stations=1
[2026-10-05 04:37:18.721] [info] [candidate.cpp:199] InstancePrecompute: built 25 candidates
[2026-10-05 04:37:18.721] [info] [stationary.cpp:264] NN: cost=21.420924, feasible=true, active_stations=1
[2026-10-05 04:37:18.721] [info] [candidate.cpp:199] InstancePrecompute: built 25 candidates
[2026-10-05 04:37:18.721] [info] [stationary.cpp:264] NN: cost=445.555211, feasible=true, active_stations=1
[2026-10-05 04:37:18.721] [info] [candidate.cpp:199] InstancePrecompute: built 25 candidates
[2026-10-05 04:37:18.721] [info] [stationary.cpp:264] NN: cost=209.925051, feasible=true, active_stations=1
[2026-10-05 04:37:18.721] [info] [candidate.cpp:199] InstancePrecompute: built 25 candidates
[2026-10-05 04:37:18.721] [info] [stationary.cpp:264] NN: cost=214.209236, feasible=true, active_stations=1
[2026-10-05 04:37:18.721] [info] [candidate.cpp:199] InstancePrecompute: built 25 candidates
[2026-10-05 04:37:18.721] [info] [stationary.cpp:264] NN: cost=274.187822, feasible=true, active_stations=1
[2026-10-05 04:37:18.721] [info] [candidate.cpp:199] InstancePrecompute: built 25 candidates
[2026-10-05 04:37:18.721] [info] [stationary.cpp:264] NN: cost=428.418472, feasible=true, active_stations=1
[2026-10-05 04:37:18.721] [info] [candidate.cpp:199] InstancePrecompute: built 25 candidates
[2026-10-05 04:37:18.721] [info] [stationary.cpp:264] NN: cost=137.093911, feasible=true, active_stations=1
[2026-10-05 04:37:18.721] [info] [candidate.cpp:199] InstancePrecompute: built 25 candidates
[2026-10-05 04:37:18.721] [info] [stationary.cpp:264] NN: cost=158.514835, feasible=true, active_stations=1
[2026-10-05 04:37:18.721] [info] [candidate.cpp:199] InstancePrecompute: built 25 candidates
[2026-10-05 04:37:18.721] [info] [stationary.cpp:264] NN: cost=484.112873, feasible=true, active_stations=1
[2026-10-05 04:37:18.721] [info] [candidate.cpp:199] InstancePrecompute: built 25 candidates
[2026-10-05 04:37:18.721] [info] [stationary.cpp:264] NN: cost=728.311402, feasible=true, active_stations=1
[2026-10-05 04:37:18.721] [info] [candidate.cpp:199] InstancePrecompute: built 25 candidates
[2026-10-05 04:37:18.721] [info] [stationary.cpp:264] NN: cost=175.651573, feasible=true, active_stations=1
[2026-10-05 04:37:18.721] [info] [candidate.cpp:199] InstancePrecompute: built 25 candidates
[2026-10-05 04:37:18.721] [info] [stationary.cpp:264] NN: cost=248.482714, feasible=true, active_stations=1
[2026-10-05 04:37:18.721] [info] [candidate.cpp:199] InstancePrecompute: built 25 candidates
[2026-10-05 04:37:18.721] [info] [stationary.cpp:264] NN: cost=222.777605, feasible=true, active_stations=1
[2026-10-05 04:37:18.721] [info] [candidate.cpp:199] InstancePrecompute: built 25 candidates
[2026-10-05 04:37:18.721] [info] [stationary.cpp:264] NN: cost=21.420924, feasible=true, active_stations=1
[2026-10-05 04:37:18.721] [info] [candidate.cpp:199] InstancePrecompute: built 25 candidates
[2026-10-05 04:37:18.721] [info] [stationary.cpp:264] NN: cost=445.555211, feasible=true, active_stations=1
[2026-10-05 04:37:18.721] [info] [candidate.cpp:199] InstancePrecompute: built 25 candidates
[2026-10-05 04:37:18.721] [info] [stationary.cpp:264] NN: cost=209.925051, feasible=true, active_stations=1
[2026-10-05 04:37:18.721] [info] [candidate.cpp:199] InstancePrecompute: built 25 candidates
[2026-10-05 04:37:18.721] [info] [stationary.cpp:264] NN: cost=214.209236, feasible=true, active_stations=1
[2026-10-05 04:37:18.721] [info] [candidate.cpp:199] InstancePrecompute: built 25 candidates
[2026-10-05 04:37:18.721] [info] [stationary.cpp:264] NN: cost=274.187822, feasible=true, active_stations=1
[2026-10-05 04:37:18.721] [info] [candidate.cpp:199] InstancePrecompute: built 25 candidates
[2026-10-05 04:37:18.721] [info] [stationary.cpp:264] NN: cost=428.418472, feasible=true, active_stations=1
[2026-10-05 04:37:18.721] [info] [candidate.cpp:199] InstancePrecompute: built 25 candidates
[2026-10-05 04:37:18.721] [info] [stationary.cpp:264] NN: cost=137.093911, feasible=true, active_stations=1
[2026-10-05 04:37:18.721] [info] [candidate.cpp:199] InstancePrecompute: built 25 candidates
[2026-10-05 04:37:18.721] [info] [stationary.cpp:264] NN: cost=158.514835, feasible=true, active_stations=1
[2026-10-05 04:37:18.721] [info] [candidate.cpp:199] InstancePrecompute: built 25 candidates
[2026-10-05 04:37:18.721] [info] [stationary.cpp:264] NN: cost=484.112873, feasible=true, active_stations=1
[2026-10-05 04:37:18.721] [info] [candidate.cpp:199] InstancePrecompute: built 25 candidates
[2026-10-05 04:37:18.721] [info] [stationary.cpp:264] NN: cost=728.311402, feasible=true, active_stations=1
[2026-10-05 04:37:18.721] [info] [candidate.cpp:199] InstancePrecompute: built 25 candidates
[2026-10-05 04:37:18.721] [info] [stationary.cpp:264] NN: cost=175.651573, feasible=true, active_stations=1
[2026-10-05 04:37:18.721] [info] [candidate.cpp:199] InstancePrecompute: built 25 candidates
[2026-10-05 04:37:18.721] [info] [stationary.cpp:264] NN: cost=248.482714, feasible=true, active_stations=1
[2026-10-05 04:37:18.721] [info] [candidate.cpp:199] InstancePrecompute: built 25 candidates
[2026-10-05 04:37:18.721] [info] [stationary.cpp:264] NN: cost=222.777605, feasible=true, active_stations=1
[2026-10-05 04:37:18.721] [info] [candidate.cpp:199] InstancePrecompute: built 25 candidates
[2026-10-05 04:37:18.721] [info] [stationary.cpp:264] NN: cost=21.420924, feasible=true, active_stations=1
[2026-10-05 04:37:18.721] [info] [candidate.cpp:199] InstancePrecompute: built 25 candidates
[2026-10-05 04:37:18.721] [info] [stationary.cpp:264] NN: cost=445.555211, feasible=true, active_stations=1
[2026-10-05 04:37:18.721] [info] [candidate.cpp:199] InstancePrecompute: built 25 candidates
[2026-10-05 04:37:18.721] [info] [stationary.cpp:264] NN: cost=209.925051, feasible=true, active_stations=1
[2026-10-05 04:37:18.721] [info] [candidate.cpp:199] InstancePrecompute: built 50 candidates
[2026-10-05 04:37:18.721] [info] [stationary.cpp:264] NN: cost=274.187822, feasible=true, active_stations=1
[2026-10-05 04:37:18.721] [info] [candidate.cpp:199] InstancePrecompute: built 25 candidates
[2026-10-05 04:37:18.721] [info] [stationary.cpp:264] NN: cost=428.418472, feasible=true, active_stations=1
[2026-10-05 04:37:18.721] [info] [candidate.cpp:199] InstancePrecompute: built 25 candidates
[2026-10-05 04:37:18.721] [info] [stationary.cpp:264] NN: cost=137.093911, feasible=true, active_stations=1
[2026-10-05 04:37:18.721] [info] [candidate.cpp:199] InstancePrecompute: built 25 candidates
[2026-10-05 04:37:18.721] [info] [stationary.cpp:264] NN: cost=158.514835, feasible=true, active_stations=1
[2026-10-05 04:37:18.721] [info] [candidate.cpp:199] InstancePrecompute: built 25 candidates
[2026-10-05 04:37:18.721] [info] [stationary.cpp:264] NN: cost=484.112873, feasible=true, active_stations=1
[2026-10-05 04:37:18.721] [info] [candidate.cpp:199] InstancePrecompute: built 25 candidates
[2026-10-05 04:37:18.721] [info] [stationary.cpp:264] NN: cost=728.311402, feasible=true, active_stations=1
[2026-10-05 04:37:18.721] [info] [candidate.cpp:199] InstancePrecompute: built 25 candidates
[2026-10-05 04:37:18.721] [info] [stationary.cpp:264] NN: cost=175.651573, feasible=true, active_stations=1
[2026-10-05 04:37:18.721] [info] [candidate.cpp:199] InstancePrecompute: built 50 candidates
[2026-10-05 04:37:18.721] [info] [stationary.cpp:264] NN: cost=471.260319, feasible=true, active_stations=2
[2026-10-05 04:37:18.721] [info] [candidate.cpp:199] InstancePrecompute: built 25 candidates
[2026-10-05 04:37:18.721] [info] [stationary.cpp:264] NN: cost=21.420924, feasible=true, active_stations=1
[2026-10-05 04:37:18.721] [info] [candidate.cpp:199] InstancePrecompute: built 25 candidates
[2026-10-05 04:37:18.721] [info] [stationary.cpp:264] NN: cost=445.555211, feasible=true, active_stations=1
[2026-10-05 04:37:18.721] [info] [candidate.cpp:199] InstancePrecompute: built 25 candidates
[2026-10-05 04:37:18.721] [info] [stationary.cpp:264] NN: cost=209.925051, feasible=true, active_stations=1
[2026-10-05 04:37:18.721] [info] [candidate.cpp:199] InstancePrecompute: built 25 candidates
[2026-10-05 04:37:18.721] [info] [stationary.cpp:264] NN: cost=214.209236, feasible=true, active_stations=1
[2026-10-05 04:37:18.721] [info] [candidate.cpp:199] InstancePrecompute: built 25 candidates
[2026-10-05 04:37:18.721] [info] [stationary.cpp:264] NN: cost=428.418472, feasible=true, active_stations=1
[2026-10-05 04:37:18.721] [info] [candidate.cpp:199] InstancePrecompute: built 50 candidates
[2026-10-05 04:37:18.721] [info] [stationary.cpp:264] NN: cost=274.187822, feasible=true, active_stations=1
[2026-10-05 04:37:18.721] [info] [candidate.cpp:199] InstancePrecompute: built 25 candidates
[2026-10-05 04:37:18.721] [info] [stationary.cpp:264] NN: cost=158.514835, feasible=true, active_stations=1
[2026-10-05 04:37:18.721] [info] [candidate.cpp:199] InstancePrecompute: built 25 candidates
[2026-10-05 04:37:18.721] [info] [stationary.cpp:264] NN: cost=484.112873, feasible=true, active_stations=1
[2026-10-05 04:37:18.721] [info] [candidate.cpp:199] InstancePrecompute: built 25 candidates
[2026-10-05 04:37:18.721] [info] [stationary.cpp:264] NN: cost=728.311402, feasible=true, active_stations=1
[2026-10-05 04:37:18.721] [info] [candidate.cpp:199] InstancePrecompute: built 25 candidates
[2026-10-05 04:37:18.721] [info] [stationary.cpp:264] NN: cost=175.651573, feasible=true, active_stations=1
[2026-10-05 04:37:18.721] [info] [candidate.cpp:199] InstancePrecompute: built 25 candidates
[2026-10-05 04:37:18.721] [info] [stationary.cpp:264] NN: cost=222.777605, feasible=true, active_stations=1
[2026-10-05 04:37:18.721] [info] [candidate.cpp:199] InstancePrecompute: built 25 candidates
[2026-10-05 04:37:18.721] [info] [stationary.cpp:264] NN: cost=248.482714, feasible=true, active_stations=1
[2026-10-05 04:37:18.721] [info] [candidate.cpp:199] InstancePrecompute: built 25 candidates
[2026-10-05 04:37:18.721] [info] [stationary.cpp:264] NN: cost=21.420924, feasible=true, active_stations=1
[2026-10-05 04:37:18.721] [info] [candidate.cpp:199] InstancePrecompute: built 25 candidates
[2026-10-05 04:37:18.721] [info] [stationary.cpp:264] NN: cost=445.555211, feasible=true, active_stations=1
[2026-10-05 04:37:18.721] [info] [candidate.cpp:199] InstancePrecompute: built 25 candidates
[2026-10-05 04:37:18.721] [info] [stationary.cpp:264] NN: cost=209.925051, feasible=true, active_stations=1
[2026-10-05 04:37:18.721] [info] [candidate.cpp:199] InstancePrecompute: built 25 candidates
[2026-10-05 04:37:18.721] [info] [stationary.cpp:264] NN: cost=214.209236, feasible=true, active_stations=1
[2026-10-05 04:37:18.721] [info] [candidate.cpp:199] InstancePrecompute: built 25 candidates
[2026-10-05 04:37:18.721] [info] [stationary.cpp:264] NN: cost=428.418472, feasible=true, active_stations=1
[2026-10-05 04:37:18.721] [info] [candidate.cpp:199] InstancePrecompute: built 25 candidates
[2026-10-05 04:37:18.721] [info] [stationary.cpp:264] NN: cost=137.093911, feasible=true, active_stations=1
[2026-10-05 04:37:18.721] [info] [candidate.cpp:199] InstancePrecompute: built 25 candidates
[2026-10-05 04:37:18.721] [info] [stationary.cpp:264] NN: cost=274.187822, feasible=true, active_stations=1
[2026-10-05 04:37:18.721] [info] [candidate.cpp:199] InstancePrecompute: built 25 candidates
[2026-10-05 04:37:18.721] [info] [stationary.cpp:264] NN: cost=158.514835, feasible=true, active_stations=1
[2026-10-05 04:37:18.721] [info] [candidate.cpp:199] InstancePrecompute: built 25 candidates
[2026-10-05 04:37:18.721] [info] [stationary.cpp:264] NN: cost=484.112873, feasible=true, active_stations=1
[2026-10-05 04:37:18.721] [info] [candidate.cpp:199] InstancePrecompute: built 25 candidates
[2026-10-05 04:37:18.721] [info] [stationary.cpp:264] NN: cost=728.311402, feasible=true, active_stations=1
[2026-10-05 04:37:18.721] [info] [candidate.cpp:199] InstancePrecompute: built 25 candidates
[2026-10-05 04:37:18.721] [info] [stationary.cpp:264] NN: cost=175.651573, feasible=true, active_stations=1
[2026-10-05 04:37:18.721] [info] [candidate.cpp:199] InstancePrecompute: built 50 candidates
[2026-10-05 04:37:18.721] [info] [stationary.cpp:264] NN: cost=471.260319, feasible=true, active_stations=2
[2026-10-05 04:37:18.721] [info] [candidate.cpp:199] InstancePrecompute: built 25 candidates
[2026-10-05 04:37:18.721] [info] [stationary.cpp:264] NN: cost=21.420924, feasible=true, active_stations=1
[2026-10-05 04:37:18.721] [info] [candidate.cpp:199] InstancePrecompute: built 25 candidates
[2026-10-05 04:37:18.721] [info] [stationary.cpp:264] NN: cost=445.555211, feasible=true, active_stations=1
[2026-10-05 04:37:18.721] [info] [candidate.cpp:199] InstancePrecompute: built 25 candidates
[2026-10-05 04:37:18.721] [info] [stationary.cpp:264] NN: cost=209.925051, feasible=true, active_stations=1
[2026-10-05 04:37:18.721] [info] [candidate.cpp:199] InstancePrecompute: built 25 candidates
[2026-10-05 04:37:18.721] [info] [stationary.cpp:264] NN: cost=214.209236, feasible=true, active_stations=1
[2026-10-05 04:37:18.721] [info] [candidate.cpp:199] InstancePrecompute: built 25 candidates
[2026-10-05 04:37:18.721] [info] [stationary.cpp:264] NN: cost=428.418472, feasible=true, active_stations=1
[2026-10-05 04:37:18.721] [info] [candidate.cpp:199] InstancePrecompute: built 25 candidates
[2026-10-05 04:37:18.721] [info] [stationary.cpp:264] NN: cost=137.093911, feasible=true, active_stations=1
[2026-10-05 04:37:18.721] [info] [candidate.cpp:199] InstancePrecompute: built 25 candidates
[2026-10-05 04:37:18.721] [info] [stationary.cpp:264] NN: cost=274.187822, feasible=true, active_stations=1
[2026-10-05 04:37:18.721] [info] [candidate.cpp:199] InstancePrecompute: built 25 candidates
[2026-10-05 04:37:18.721] [info] [stationary.cpp:264] NN: cost=158.514835, feasible=true, active_stations=1
[2026-10-05 04:37:18.721] [info] [candidate.cpp:199] InstancePrecompute: built 25 candidates
[2026-10-05 04:37:18.721] [info] [stationary.cpp:264] NN: cost=484.112873, feasible=true, active_stations=1
[2026-10-05 04:37:18.721] [info] [candidate.cpp:199] InstancePrecompute: built 25 candidates
[2026-10-05 04:37:18.721] [info] [stationary.cpp:264] NN: cost=728.311402, feasible=true, active_stations=1
[2026-10-05 04:37:18.721] [info] [candidate.cpp:199] InstancePrecompute: built 25 candidates
[2026-10-05 04:37:18.721] [info] [stationary.cpp:264] NN: cost=175.651573, feasible=true, active_stations=1
[2026-10-05 04:37:18.721] [info] [candidate.cpp:199] InstancePrecompute: built 50 candidates
[2026-10-05 04:37:18.721] [info] [stationary.cpp:264] NN: cost=471.260319, feasible=true, active_stations=2
[2026-10-05 04:37:18.721] [info] [candidate.cpp:199] InstancePrecompute: built 25 candidates
[2026-10-05 04:37:18.721] [info] [stationary.cpp:264] NN: cost=21.420924, feasible=true, active_stations=1
[2026-10-05 04:37:18.721] [info] [candidate.cpp:199] InstancePrecompute: built 25 candidates
[2026-10-05 04:37:18.721] [info] [stationary.cpp:264] NN: cost=445.555211, feasible=true, active_stations=1
[2026-10-05 04:37:18.721] [info] [candidate.cpp:199] InstancePrecompute: built 25 candidates
[2026-10-05 04:37:18.721] [info] [stationary.cpp:264] NN: cost=209.925051, feasible=true, active_stations=1
[2026-10-05 04:37:18.721] [info] [candidate.cpp:199] InstancePrecompute: built 25 candidates
[2026-10-05 04:37:18.721] [info] [stationary.cpp:264] NN: cost=214.209236, feasible=true, active_stations=1
[2026-10-05 04:37:18.721] [info] [candidate.cpp:199] InstancePrecompute: built 25 candidates
[2026-10-05 04:37:18.721] [info] [stationary.cpp:264] NN: cost=428.418472, feasible=true, active_stations=1
[2026-10-05 04:37:18.721] [info] [candidate.cpp:199] InstancePrecompute: built 25 candidates
[2026-10-05 04:37:18.721] [info] [stationary.cpp:264] NN: cost=137.093911, feasible=true, active_stations=1
[2026-10-05 04:37:18.721] [info] [candidate.cpp:199] InstancePrecompute: built 25 candidates
[2026-10-05 04:37:18.721] [info] [stationary.cpp:264] NN: cost=274.187822, feasible=true, active_stations=1
[2026-10-05 04:37:18.721] [info] [candidate.cpp:199] InstancePrecompute: built 25 candidates
[2026-10-05 04:37:18.721] [info] [stationary.cpp:264] NN: cost=158.514835, feasible=true, active_stations=1
[2026-10-05 04:37:18.721] [info] [candidate.cpp:199] InstancePrecompute: built 25 candidates
[2026-10-05 04:37:18.721] [info] [stationary.cpp:264] NN: cost=484.112873, feasible=true, active_stations=1
[2026-10-05 04:37:18.721] [info] [candidate.cpp:199] InstancePrecompute: built 25 candidates
[2026-10-05 04:37:18.721] [info] [stationary.cpp:264] NN: cost=728.311402, feasible=true, active_stations=1
[2026-10-05 04:37:18.721] [info] [candidate.cpp:199] InstancePrecompute: built 25 candidates
[2026-10-05 04:37:18.721] [info] [stationary.cpp:264] NN: cost=175.651573, feasible=true, active_stations=1
[2026-10-05 04:37:18.721] [info] [candidate.cpp:199] InstancePrecompute: built 50 candidates
[2026-10-05 04:37:18.721] [info] [stationary.cpp:264] NN: cost=471.260319, feasible=true, active_stations=2
[2026-10-05 04:37:18.721] [info] [candidate.cpp:199] InstancePrecompute: built 25 candidates
[2026-10-05 04:37:18.721] [info] [stationary.cpp:264] NN: cost=21.420924, feasible=true, active_stations=1
[2026-10-05 04:37:18.721] [info] [candidate.cpp:199] InstancePrecompute: built 25 candidates
[2026-10-05 04:37:18.721] [info] [stationary.cpp:264] NN: cost=445.555211, feasible=true, active_stations=1
[2026-10-05 04:37:18.721] [info] [candidate.cpp:199] InstancePrecompute: built 25 candidates
[2026-10-05 04:37:18.721] [info] [stationary.cpp:264] NN: cost=209.925051, feasible=true, active_stations=1
[2026-10-05 04:37:18.721] [info] [candidate.cpp:199] InstancePrecompute: built 25 candidates
[2026-10-05 04:37:18.721] [info] [stationary.cpp:264] NN: cost=214.209236, feasible=true, active_stations=1
[2026-10-05 04:37:18.721] [info] [candidate.cpp:199] InstancePrecompute: built 25 candidates
[2026-10-05 04:37:18.721] [info] [stationary.cpp:264] NN: cost=428.418472, feasible=true, active_stations=1
[2026-10-05 04:37:18.721] [info] [candidate.cpp:199] InstancePrecompute: built 50 candidates
[2026-10-05 04:37:18.721] [info] [stationary.cpp:264] NN: cost=274.187822, feasible=true, active_stations=1
[2026-10-05 04:37:18.721] [info] [candidate.cpp:199] InstancePrecompute: built 25 candidates
[2026-10-05 04:37:18.721] [info] [stationary.cpp:264] NN: cost=158.514835, feasible=true, active_stations=1
[2026-10-05 04:37:18.721] [info] [candidate.cpp:199] InstancePrecompute: built 25 candidates
[2026-10-05 04:37:18.721] [info] [stationary.cpp:264] NN: cost=484.112873, feasible=true, active_stations=1
[2026-10-05 04:37:18.721] [info] [candidate.cpp:199] InstancePrecompute: built 25 candidates
[2026-10-05 04:37:18.721] [info] [stationary.cpp:264] NN: cost=728.311402, feasible=true, active_stations=1
[2026-10-05 04:37:18.722] [info] [candidate.cpp:199] InstancePrecompute: built 25 candidates
[2026-10-05 04:37:18.722] [info] [stationary.cpp:264] NN: cost=175.651573, feasible=true, active_stations=1
[2026-10-05 04:37:18.722] [info] [candidate.cpp:199] InstancePrecompute: built 50 candidates
[2026-10-05 04:37:18.722] [info] [stationary.cpp:264] NN: cost=471.260319, feasible=true, active_stations=2
[2026-10-05 04:37:18.722] [info] [candidate.cpp:199] InstancePrecompute: built 25 candidates
[2026-10-05 04:37:18.722] [info] [stationary.cpp:264] NN: cost=21.420924, feasible=true, active_stations=1
[2026-10-05 04:37:18.722] [info] [candidate.cpp:199] InstancePrecompute: built 25 candidates
[2026-10-05 04:37:18.722] [info] [stationary.cpp:264] NN: cost=445.555211, feasible=true, active_stations=1
[2026-10-05 04:37:18.722] [info] [candidate.cpp:199] InstancePrecompute: built 25 candidates
[2026-10-05 04:37:18.722] [info] [stationary.cpp:264] NN: cost=209.925051, feasible=true, active_stations=1
[2026-10-05 04:37:18.722] [info] [candidate.cpp:199] InstancePrecompute: built 25 candidates
[2026-10-05 04:37:18.722] [info] [stationary.cpp:264] NN: cost=214.209236, feasible=true, active_stations=1
[2026-10-05 04:37:18.722] [info] [candidate.cpp:199] InstancePrecompute: built 25 candidates
[2026-10-05 04:37:18.722] [info] [stationary.cpp:264] NN: cost=428.418472, feasible=true, active_stations=1
[2026-10-05 04:37:18.722] [info] [candidate.cpp:199] InstancePrecompute: built 50 candidates
[2026-10-05 04:37:18.722] [info] [stationary.cpp:264] NN: cost=274.187822, feasible=true, active_stations=1
[2026-10-05 04:37:18.722] [info] [candidate.cpp:199] InstancePrecompute: built 25 candidates
[2026-10-05 04:37:18.722] [info] [stationary.cpp:264] NN: cost=158.514835, feasible=true, active_stations=1
[2026-10-05 04:37:18.722] [info] [candidate.cpp:199] InstancePrecompute: built 25 candidates
[2026-10-05 04:37:18.722] [info] [stationary.cpp:264] NN: cost=484.112873, feasible=true, active_stations=1
[2026-10-05 04:37:18.722] [info] [candidate.cpp:199] InstancePrecompute: built 25 candidates
[2026-10-05 04:37:18.722] [info] [stationary.cpp:264] NN: cost=728.311402, feasible=true, active_stations=1
[2026-10-05 04:37:18.722] [info] [candidate.cpp:199] InstancePrecompute: built 25 candidates
[2026-10-05 04:37:18.722] [info] [stationary.cpp:264] NN: cost=175.651573, feasible=true, active_stations=1
[2026-10-05 04:37:18.722] [info] [candidate.cpp:199] InstancePrecompute: built 50 candidates
[2026-10-05 04:37:18.722] [info] [stationary.cpp:264] NN: cost=471.260319, feasible=true, active_stations=2
[2026-10-05 04:37:18.722] [info] [candidate.cpp:199] InstancePrecompute: built 25 candidates
[2026-10-05 04:37:18.722] [info] [stationary.cpp:264] NN: cost=21.420924, feasible=true, active_stations=1
[2026-10-05 04:37:18.722] [info] [candidate.cpp:199] InstancePrecompute: built 25 candidates
[2026-10-05 04:37:18.722] [info] [stationary.cpp:264] NN: cost=445.555211, feasible=true, active_stations=1
[2026-10-05 04:37:18.722] [info] [candidate.cpp:199] InstancePrecompute: built 25 candidates
[2026-10-05 04:37:18.722] [info] [stationary.cpp:264] NN: cost=209.925051, feasible=true, active_stations=1
[2026-10-05 04:37:18.722] [info] [candidate.cpp:199] InstancePrecompute: built 25 candidates
[2026-10-05 04:37:18.722] [info] [stationary.cpp:264] NN: cost=214.209236, feasible=true, active_stations=1
[2026-10-05 04:37:18.722] [info] [candidate.cpp:199] InstancePrecompute: built 25 candidates
[2026-10-05 04:37:18.722] [info] [stationary.cpp:264] NN: cost=428.418472, feasible=true, active_stations=1
[2026-10-05 04:37:18.722] [info] [candidate.cpp:199] InstancePrecompute: built 50 candidates
[2026-10-05 04:37:18.722] [info] [stationary.cpp:264] NN: cost=274.187822, feasible=true, active_stations=1
[2026-10-05 04:37:18.722] [info] [candidate.cpp:199] InstancePrecompute: built 25 candidates
[2026-10-05 04:37:18.722] [info] [stationary.cpp:264] NN: cost=158.514835, feasible=true, active_stations=1
[2026-10-05 04:37:18.722] [info] [candidate.cpp:199] InstancePrecompute: built 25 candidates
[2026-10-05 04:37:18.722] [info] [stationary.cpp:264] NN: cost=484.112873, feasible=true, active_stations=1
[2026-10-05 04:37:18.722] [info] [candidate.cpp:199] InstancePrecompute: built 25 candidates
[2026-10-05 04:37:18.722] [info] [stationary.cpp:264] NN: cost=728.311402, feasible=true, active_stations=1
[2026-10-05 04:37:18.722] [info] [candidate.cpp:199] InstancePrecompute: built 25 candidates
[2026-10-05 04:37:18.722] [info] [stationary.cpp:264] NN: cost=175.651573, feasible=true, active_stations=1
[2026-10-05 04:37:18.722] [info] [candidate.cpp:199] InstancePrecompute: built 50 candidates
[2026-10-05 04:37:18.722] [info] [stationary.cpp:264] NN: cost=471.260319, feasible=true, active_stations=2
[2026-10-05 04:37:18.722] [info] [candidate.cpp:199] InstancePrecompute: built 25 candidates
[2026-10-05 04:37:18.722] [info] [stationary.cpp:264] NN: cost=21.420924, feasible=true, active_stations=1
[2026-10-05 04:37:18.722] [info] [candidate.cpp:199] InstancePrecompute: built 25 candidates
[2026-10-05 04:37:18.722] [info] [stationary.cpp:264] NN: cost=209.925051, feasible=true, active_stations=1
[2026-10-05 04:37:18.722] [info] [candidate.cpp:199] InstancePrecompute: built 50 candidates
[2026-10-05 04:37:18.722] [info] [stationary.cpp:264] NN: cost=659.764447, feasible=true, active_stations=2
[2026-10-05 04:37:18.722] [info] [candidate.cpp:199] InstancePrecompute: built 50 candidates
[2026-10-05 04:37:18.722] [info] [stationary.cpp:264] NN: cost=274.187822, feasible=true, active_stations=1
[2026-10-05 04:37:18.722] [info] [candidate.cpp:199] InstancePrecompute: built 25 candidates
[2026-10-05 04:37:18.722] [info] [stationary.cpp:264] NN: cost=428.418472, feasible=true, active_stations=1
[2026-10-05 04:37:18.722] [info] [candidate.cpp:199] InstancePrecompute: built 25 candidates
[2026-10-05 04:37:18.722] [info] [stationary.cpp:264] NN: cost=158.514835, feasible=true, active_stations=1
[2026-10-05 04:37:18.722] [info] [candidate.cpp:199] InstancePrecompute: built 25 candidates
[2026-10-05 04:37:18.722] [info] [stationary.cpp:264] NN: cost=484.112873, feasible=true, active_stations=1
[2026-10-05 04:37:18.722] [info] [candidate.cpp:199] InstancePrecompute: built 25 candidates
[2026-10-05 04:37:18.722] [info] [stationary.cpp:264] NN: cost=728.311402, feasible=true, active_stations=1
[2026-10-05 04:37:18.722] [info] [candidate.cpp:199] InstancePrecompute: built 25 candidates
[2026-10-05 04:37:18.722] [info] [stationary.cpp:264] NN: cost=175.651573, feasible=true, active_stations=1
[2026-10-05 04:37:18.722] [info] [candidate.cpp:199] InstancePrecompute: built 25 candidates
[2026-10-05 04:37:18.722] [info] [stationary.cpp:264] NN: cost=222.777605, feasible=true, active_stations=1
[2026-10-05 04:37:18.722] [info] [candidate.cpp:199] InstancePrecompute: built 25 candidates
[2026-10-05 04:37:18.722] [info] [stationary.cpp:264] NN: cost=248.482714, feasible=true, active_stations=1
[2026-10-05 04:37:18.722] [info] [candidate.cpp:199] InstancePrecompute: built 25 candidates
[2026-10-05 04:37:18.722] [info] [stationary.cpp:264] NN: cost=21.420924, feasible=true, active_stations=1
[2026-10-05 04:37:18.722] [info] [candidate.cpp:199] InstancePrecompute: built 25 candidates
[2026-10-05 04:37:18.722] [info] [stationary.cpp:264] NN: cost=209.925051, feasible=true, active_stations=1
[2026-10-05 04:37:18.722] [info] [candidate.cpp:199] InstancePrecompute: built 25 candidates
[2026-10-05 04:37:18.722] [info] [stationary.cpp:264] NN: cost=214.209236, feasible=true, active_stations=1
[2026-10-05 04:37:18.722] [info] [candidate.cpp:199] InstancePrecompute: built 25 candidates
[2026-10-05 04:37:18.722] [info] [stationary.cpp:264] NN: cost=445.555211, feasible=true, active_stations=1
[2026-10-05 04:37:18.722] [info] [candidate.cpp:199] InstancePrecompute: built 25 candidates
[2026-10-05 04:37:18.722] [info] [stationary.cpp:264] NN: cost=137.093911, feasible=true, active_stations=1
[2026-10-05 04:37:18.722] [info] [candidate.cpp:199] InstancePrecompute: built 25 candidates
[2026-10-05 04:37:18.722] [info] [stationary.cpp:264] NN: cost=274.187822, feasible=true, active_stations=1
[2026-10-05 04:37:18.722] [info] [candidate.cpp:199] InstancePrecompute: built 25 candidates
[2026-10-05 04:37:18.722] [info] [stationary.cpp:264] NN: cost=428.418472, feasible=true, active_stations=1
[2026-10-05 04:37:18.722] [info] [candidate.cpp:199] InstancePrecompute: built 25 candidates
[2026-10-05 04:37:18.722] [info] [stationary.cpp:264] NN: cost=158.514835, feasible=true, active_stations=1
[2026-10-05 04:37:18.722] [info] [candidate.cpp:199] InstancePrecompute: built 25 candidates
[2026-10-05 04:37:18.722] [info] [stationary.cpp:264] NN: cost=484.112873, feasible=true, active_stations=1
[2026-10-05 04:37:18.722] [info] [candidate.cpp:199] InstancePrecompute: built 25 candidates
[2026-10-05 04:37:18.722] [info] [stationary.cpp:264] NN: cost=728.311402, feasible=true, active_stations=1
[2026-10-05 04:37:18.722] [info] [candidate.cpp:199] InstancePrecompute: built 25 candidates
[2026-10-05 04:37:18.722] [info] [stationary.cpp:264] NN: cost=175.651573, feasible=true, active_stations=1
[2026-10-05 04:37:18.722] [info] [candidate.cpp:199] InstancePrecompute: built 50 candidates
[2026-10-05 04:37:18.722] [info] [stationary.cpp:264] NN: cost=471.260319, feasible=true, active_stations=2
[2026-10-05 04:37:18.722] [info] [candidate.cpp:199] InstancePrecompute: built 25 candidates
[2026-10-05 04:37:18.722] [info] [stationary.cpp:264] NN: cost=21.420924, feasible=true, active_stations=1
[2026-10-05 04:37:18.722] [info] [candidate.cpp:199] InstancePrecompute: built 25 candidates
[2026-10-05 04:37:18.722] [info] [stationary.cpp:264] NN: cost=209.925051, feasible=true, active_stations=1
[2026-10-05 04:37:18.722] [info] [candidate.cpp:199] InstancePrecompute: built 25 candidates
[2026-10-05 04:37:18.722] [info] [stationary.cpp:264] NN: cost=214.209236, feasible=true, active_stations=1
[2026-10-05 04:37:18.722] [info] [candidate.cpp:199] InstancePrecompute: built 25 candidates
[2026-10-05 04:37:18.722] [info] [stationary.cpp:264] NN: cost=445.555211, feasible=true, active_stations=1
[2026-10-05 04:37:18.722] [info] [candidate.cpp:199] InstancePrecompute: built 25 candidates
[2026-10-05 04:37:18.722] [info] [stationary.cpp:264] NN: cost=137.093911, feasible=true, active_stations=1
[2026-10-05 04:37:18.722] [info] [candidate.cpp:199] InstancePrecompute: built 25 candidates
[2026-10-05 04:37:18.722] [info] [stationary.cpp:264] NN: cost=274.187822, feasible=true, active_stations=1
[2026-10-05 04:37:18.722] [info] [candidate.cpp:199] InstancePrecompute: built 25 candidates
[2026-10-05 04:37:18.722] [info] [stationary.cpp:264] NN: cost=428.418472, feasible=true, active_stations=1
[2026-10-05 04:37:18.722] [info] [candidate.cpp:199] InstancePrecompute: built 25 candidates
[2026-10-05 04:37:18.722] [info] [stationary.cpp:264] NN: cost=158.514835, feasible=true, active_stations=1
[2026-10-05 04:37:18.722] [info] [candidate.cpp:199] InstancePrecompute: built 25 candidates
[2026-10-05 04:37:18.722] [info] [stationary.cpp:264] NN: cost=484.112873, feasible=true, active_stations=1
[2026-10-05 04:37:18.722] [info] [candidate.cpp:199] InstancePrecompute: built 25 candidates
[2026-10-05 04:37:18.722] [info] [stationary.cpp:264] NN: cost=728.311402, feasible=true, active_stations=1
[2026-10-05 04:37:18.722] [info] [candidate.cpp:199] InstancePrecompute: built 25 candidates
[2026-10-05 04:37:18.722] [info] [stationary.cpp:264] NN: cost=175.651573, feasible=true, active_stations=1
[2026-10-05 04:37:18.722] [info] [candidate.cpp:199] InstancePrecompute: built 50 candidates
[2026-10-05 04:37:18.722] [info] [stationary.cpp:264] NN: cost=471.260319, feasible=true, active_stations=2
[2026-10-05 04:37:18.722] [info] [candidate.cpp:199] InstancePrecompute: built 25 candidates
[2026-10-05 04:37:18.722] [info] [stationary.cpp:264] NN: cost=21.420924, feasible=true, active_stations=1
[2026-10-05 04:37:18.722] [info] [candidate.cpp:199] InstancePrecompute: built 25 candidates
[2026-10-05 04:37:18.722] [info] [stationary.cpp:264] NN: cost=209.925051, feasible=true, active_stations=1
[2026-10-05 04:37:18.722] [info] [candidate.cpp:199] InstancePrecompute: built 25 candidates
[2026-10-05 04:37:18.722] [info] [stationary.cpp:264] NN: cost=214.209236, feasible=true, active_stations=1
[2026-10-05 04:37:18.722] [info] [candidate.cpp:199] InstancePrecompute: built 25 candidates
[2026-10-05 04:37:18.722] [info] [stationary.cpp:264] NN: cost=445.555211, feasible=true, active_stations=1
[2026-10-05 04:37:18.722] [info] [candidate.cpp:199] InstancePrecompute: built 25 candidates
[2026-10-05 04:37:18.722] [info] [stationary.cpp:264] NN: cost=137.093911, feasible=true, active_stations=1
[2026-10-05 04:37:18.722] [info] [candidate.cpp:199] InstancePrecompute: built 25 candidates
[2026-10-05 04:37:18.722] [info] [stationary.cpp:264] NN: cost=274.187822, feasible=true, active_stations=1
[2026-10-05 04:37:18.722] [info] [candidate.cpp:199] InstancePrecompute: built 25 candidates
[2026-10-05 04:37:18.722] [info] [stationary.cpp:264] NN: cost=428.418472, feasible=true, active_stations=1
[2026-10-05 04:37:18.722] [info] [candidate.cpp:199] InstancePrecompute: built 25 candidates
[2026-10-05 04:37:18.722] [info] [stationary.cpp:264] NN: cost=158.514835, feasible=true, active_stations=1
[2026-10-05 04:37:18.722] [info] [candidate.cpp:199] InstancePrecompute: built 25 candidates
[2026-10-05 04:37:18.722] [info] [stationary.cpp:264] NN: cost=484.112873, feasible=true, active_stations=1
[2026-10-05 04:37:18.722] [info] [candidate.cpp:199] InstancePrecompute: built 25 candidates
[2026-10-05 04:37:18.722] [info] [stationary.cpp:264] NN: cost=728.311402, feasible=true, active_stations=1
[2026-10-05 04:37:18.722] [info] [candidate.cpp:199] InstancePrecompute: built 25 candidates
[2026-10-05 04:37:18.722] [info] [stationary.cpp:264] NN: cost=175.651573, feasible=true, active_stations=1
[2026-10-05 04:37:18.722] [info] [candidate.cpp:199] InstancePrecompute: built 50 candidates
[2026-10-05 04:37:18.722] [info] [stationary.cpp:264] NN: cost=471.260319, feasible=true, active_stations=2
[2026-10-05 04:37:18.722] [info] [candidate.cpp:199] InstancePrecompute: built 25 candidates
[2026-10-05 04:37:18.722] [info] [stationary.cpp:264] NN: cost=21.420924, feasible=true, active_stations=1
[2026-10-05 04:37:18.722] [info] [candidate.cpp:199] InstancePrecompute: built 25 candidates
[2026-10-05 04:37:18.722] [info] [stationary.cpp:264] NN: cost=209.925051, feasible=true, active_stations=1
[2026-10-05 04:37:18.722] [info] [candidate.cpp:199] InstancePrecompute: built 25 candidates
[2026-10-05 04:37:18.722] [info] [stationary.cpp:264] NN: cost=214.209236, feasible=true, active_stations=1
[2026-10-05 04:37:18.722] [info] [candidate.cpp:199] InstancePrecompute: built 25 candidates
[2026-10-05 04:37:18.722] [info] [stationary.cpp:264] NN: cost=445.555211, feasible=true, active_stations=1
[2026-10-05 04:37:18.722] [info] [candidate.cpp:199] InstancePrecompute: built 50 candidates
[2026-10-05 04:37:18.722] [info] [stationary.cpp:264] NN: cost=274.187822, feasible=true, active_stations=1
[2026-10-05 04:37:18.722] [info] [candidate.cpp:199] InstancePrecompute: built 25 candidates
[2026-10-05 04:37:18.722] [info] [stationary.cpp:264] NN: cost=428.418472, feasible=true, active_stations=1
[2026-10-05 04:37:18.722] [info] [candidate.cpp:199] InstancePrecompute: built 25 candidates
[2026-10-05 04:37:18.722] [info] [stationary.cpp:264] NN: cost=158.514835, feasible=true, active_stations=1
[2026-10-05 04:37:18.722] [info] [candidate.cpp:199] InstancePrecompute: built 25 candidates
[2026-10-05 04:37:18.722] [info] [stationary.cpp:264] NN: cost=484.112873, feasible=true, active_stations=1
[2026-10-05 04:37:18.722] [info] [candidate.cpp:199] InstancePrecompute: built 25 candidates
[2026-10-05 04:37:18.722] [info] [stationary.cpp:264] NN: cost=728.311402, feasible=true, active_stations=1
[2026-10-05 04:37:18.722] [info] [candidate.cpp:199] InstancePrecompute: built 25 candidates
[2026-10-05 04:37:18.722] [info] [stationary.cpp:264] NN: cost=175.651573, feasible=true, active_stations=1
[2026-10-05 04:37:18.722] [info] [candidate.cpp:199] InstancePrecompute: built 50 candidates
[2026-10-05 04:37:18.722] [info] [stationary.cpp:264] NN: cost=471.260319, feasible=true, active_stations=2
[2026-10-05 04:37:18.722] [info] [candidate.cpp:199] InstancePrecompute: built 25 candidates
[2026-10-05 04:37:18.722] [info] [stationary.cpp:264] NN: cost=21.420924, feasible=true, active_stations=1
[2026-10-05 04:37:18.722] [info] [candidate.cpp:199] InstancePrecompute: built 25 candidates
[2026-10-05 04:37:18.722] [info] [stationary.cpp:264] NN: cost=209.925051, feasible=true, active_stations=1
[2026-10-05 04:37:18.722] [info] [candidate.cpp:199] InstancePrecompute: built 25 candidates
[2026-10-05 04:37:18.722] [info] [stationary.cpp:264] NN: cost=214.209236, feasible=true, active_stations=1
[2026-10-05 04:37:18.722] [info] [candidate.cpp:199] InstancePrecompute: built 25 candidates
[2026-10-05 04:37:18.722] [info] [stationary.cpp:264] NN: cost=445.555211, feasible=true, active_stations=1
[2026-10-05 04:37:18.722] [info] [candidate.cpp:199] InstancePrecompute: built 50 candidates
[2026-10-05 04:37:18.722] [info] [stationary.cpp:264] NN: cost=274.187822, feasible=true, active_stations=1
[2026-10-05 04:37:18.722] [info] [candidate.cpp:199] InstancePrecompute: built 25 candidates
[2026-10-05 04:37:18.722] [info] [stationary.cpp:264] NN: cost=428.418472, feasible=true, active_stations=1
[2026-10-05 04:37:18.722] [info] [candidate.cpp:199] InstancePrecompute: built 25 candidates
[2026-10-05 04:37:18.722] [info] [stationary.cpp:264] NN: cost=158.514835, feasible=true, active_stations=1
[2026-10-05 04:37:18.722] [info] [candidate.cpp:199] InstancePrecompute: built 25 candidates
[2026-10-05 04:37:18.722] [info] [stationary.cpp:264] NN: cost=484.112873, feasible=true, active_stations=1
[2026-10-05 04:37:18.722] [info] [candidate.cpp:199] InstancePrecompute: built 25 candidates
[2026-10-05 04:37:18.722] [info] [stationary.cpp:264] NN: cost=728.311402, feasible=true, active_stations=1
[2026-10-05 04:37:18.722] [info] [candidate.cpp:199] InstancePrecompute: built 25 candidates
[2026-10-05 04:37:18.722] [info] [stationary.cpp:264] NN: cost=175.651573, feasible=true, active_stations=1
[2026-10-05 04:37:18.722] [info] [candidate.cpp:199] InstancePrecompute: built 50 candidates
[2026-10-05 04:37:18.722] [info] [stationary.cpp:264] NN: cost=471.260319, feasible=true, active_stations=2
[2026-10-05 04:37:18.722] [info] [candidate.cpp:199] InstancePrecompute: built 25 candidates
[2026-10-05 04:37:18.722] [info] [stationary.cpp:264] NN: cost=21.420924, feasible=true, active_stations=1
[2026-10-05 04:37:18.722] [info] [candidate.cpp:199] InstancePrecompute: built 25 candidates
[2026-10-05 04:37:18.722] [info] [stationary.cpp:264] NN: cost=209.925051, feasible=true, active_stations=1
[2026-10-05 04:37:18.722] [info] [candidate.cpp:199] InstancePrecompute: built 50 candidates
[2026-10-05 04:37:18.722] [info] [stationary.cpp:264] NN: cost=659.764447, feasible=true, active_stations=2
[2026-10-05 04:37:18.722] [info] [candidate.cpp:199] InstancePrecompute: built 50 candidates
[2026-10-05 04:37:18.722] [info] [stationary.cpp:264] NN: cost=274.187822, feasible=true, active_stations=1
[2026-10-05 04:37:18.722] [info] [candidate.cpp:199] InstancePrecompute: built 25 candidates
[2026-10-05 04:37:18.722] [info] [stationary.cpp:264] NN: cost=428.418472, feasible=true, active_stations=1
[2026-10-05 04:37:18.722] [info] [candidate.cpp:199] InstancePrecompute: built 25 candidates
[2026-10-05 04:37:18.722] [info] [stationary.cpp:264] NN: cost=158.514835, feasible=true, active_stations=1
[2026-10-05 04:37:18.722] [info] [candidate.cpp:199] InstancePrecompute: built 25 candidates
[2026-10-05 04:37:18.722] [info] [stationary.cpp:264] NN: cost=484.112873, feasible=true, active_stations=1
[2026-10-05 04:37:18.722] [info] [candidate.cpp:199] InstancePrecompute: built 25 candidates
[2026-10-05 04:37:18.722] [info] [stationary.cpp:264] NN: cost=728.311402, feasible=true, active_stations=1
[2026-10-05 04:37:18.722] [info] [candidate.cpp:199] InstancePrecompute: built 25 candidates
[2026-10-05 04:37:18.722] [info] [stationary.cpp:264] NN: cost=175.651573, feasible=true, active_stations=1
[2026-10-05 04:37:18.722] [info] [candidate.cpp:199] InstancePrecompute: built 50 candidates
[2026-10-05 04:37:18.722] [info] [stationary.cpp:264] NN: cost=471.260319, feasible=true, active_stations=2
[2026-10-05 04:37:18.722] [info] [candidate.cpp:199] InstancePrecompute: built 25 candidates
[2026-10-05 04:37:18.722] [info] [stationary.cpp:264] NN: cost=21.420924, feasible=true, active_stations=1
[2026-10-05 04:37:18.722] [info] [candidate.cpp:199] InstancePrecompute: built 25 candidates
[2026-10-05 04:37:18.722] [info] [stationary.cpp:264] NN: cost=209.925051, feasible=true, active_stations=1
[2026-10-05 04:37:18.722] [info] [candidate.cpp:199] InstancePrecompute: built 50 candidates
[2026-10-05 04:37:18.722] [info] [stationary.cpp:264] NN: cost=659.764447, feasible=true, active_stations=2
[2026-10-05 04:37:18.722] [info] [candidate.cpp:199] InstancePrecompute: built 50 candidates
[2026-10-05 04:37:18.722] [info] [stationary.cpp:264] NN: cost=274.187822, feasible=true, active_stations=1
[2026-10-05 04:37:18.722] [info] [candidate.cpp:199] InstancePrecompute: built 25 candidates
[2026-10-05 04:37:18.722] [info] [stationary.cpp:264] NN: cost=428.418472, feasible=true, active_stations=1
[2026-10-05 04:37:18.722] [info] [candidate.cpp:199] InstancePrecompute: built 25 candidates
[2026-10-05 04:37:18.722] [info] [stationary.cpp:264] NN: cost=158.514835, feasible=true, active_stations=1
[2026-10-05 04:37:18.722] [info] [candidate.cpp:199] InstancePrecompute: built 25 candidates
[2026-10-05 04:37:18.722] [info] [stationary.cpp:264] NN: cost=484.112873, feasible=true, active_stations=1
[2026-10-05 04:37:18.722] [info] [candidate.cpp:199] InstancePrecompute: built 25 candidates
[2026-10-05 04:37:18.722] [info] [stationary.cpp:264] NN: cost=728.311402, feasible=true, active_stations=1
[2026-10-05 04:37:18.722] [info] [candidate.cpp:199] InstancePrecompute: built 25 candidates
[2026-10-05 04:37:18.722] [info] [stationary.cpp:264] NN: cost=175.651573, feasible=true, active_stations=1
[2026-10-05 04:37:18.722] [info] [candidate.cpp:199] InstancePrecompute: built 25 candidates
[2026-10-05 04:37:18.722] [info] [stationary.cpp:264] NN: cost=222.777605, feasible=true, active_stations=1
[2026-10-05 04:37:18.722] [info] [candidate.cpp:199] InstancePrecompute: built 25 candidates
[2026-10-05 04:37:18.722] [info] [stationary.cpp:264] NN: cost=248.482714, feasible=true, active_stations=1
[2026-10-05 04:37:18.722] [info] [candidate.cpp:199] InstancePrecompute: built 25 candidates
[2026-10-05 04:37:18.722] [info] [stationary.cpp:264] NN: cost=21.420924, feasible=true, active_stations=1
[2026-10-05 04:37:18.722] [info] [candidate.cpp:199] InstancePrecompute: built 25 candidates
[2026-10-05 04:37:18.722] [info] [stationary.cpp:264] NN: cost=209.925051, feasible=true, active_stations=1
[2026-10-05 04:37:18.722] [info] [candidate.cpp:199] InstancePrecompute: built 25 candidates
[2026-10-05 04:37:18.722] [info] [stationary.cpp:264] NN: cost=214.209236, feasible=true, active_stations=1
[2026-10-05 04:37:18.722] [info] [candidate.cpp:199] InstancePrecompute: built 25 candidates
[2026-10-05 04:37:18.722] [info] [stationary.cpp:264] NN: cost=445.555211, feasible=true, active_stations=1
[2026-10-05 04:37:18.722] [info] [candidate.cpp:199] InstancePrecompute: built 25 candidates
[2026-10-05 04:37:18.722] [info] [stationary.cpp:264] NN: cost=137.093911, feasible=true, active_stations=1
[2026-10-05 04:37:18.722] [info] [candidate.cpp:199] InstancePrecompute: built 25 candidates
[2026-10-05 04:37:18.722] [info] [stationary.cpp:264] NN: cost=274.187822, feasible=true, active_stations=1
[2026-10-05 04:37:18.722] [info] [candidate.cpp:199] InstancePrecompute: built 25 candidates
[2026-10-05 04:37:18.722] [info] [stationary.cpp:264] NN: cost=428.418472, feasible=true, active_stations=1
[2026-10-05 04:37:18.722] [info] [candidate.cpp:199] InstancePrecompute: built 25 candidates
[2026-10-05 04:37:18.722] [info] [stationary.cpp:264] NN: cost=158.514835, feasible=true, active_stations=1
[2026-10-05 04:37:18.722] [info] [candidate.cpp:199] InstancePrecompute: built 25 candidates
[2026-10-05 04:37:18.722] [info] [stationary.cpp:264] NN: cost=484.112873, feasible=true, active_stations=1
[2026-10-05 04:37:18.722] [info] [candidate.cpp:199] InstancePrecompute: built 25 candidates
[2026-10-05 04:37:18.722] [info] [stationary.cpp:264] NN: cost=728.311402, feasible=true, active_stations=1
[2026-10-05 04:37:18.722] [info] [candidate.cpp:199] InstancePrecompute: built 25 candidates
[2026-10-05 04:37:18.722] [info] [stationary.cpp:264] NN: cost=175.651573, feasible=true, active_stations=1
[2026-10-05 04:37:18.722] [info] [candidate.cpp:199] InstancePrecompute: built 50 candidates
[2026-10-05 04:37:18.722] [info] [stationary.cpp:264] NN: cost=471.260319, feasible=true, active_stations=2
[2026-10-05 04:37:18.722] [info] [candidate.cpp:199] InstancePrecompute: built 25 candidates
[2026-10-05 04:37:18.722] [info] [stationary.cpp:264] NN: cost=21.420924, feasible=true, active_stations=1
[2026-10-05 04:37:18.722] [info] [candidate.cpp:199] InstancePrecompute: built 25 candidates
[2026-10-05 04:37:18.722] [info] [stationary.cpp:264] NN: cost=209.925051, feasible=true, active_stations=1
[2026-10-05 04:37:18.722] [info] [candidate.cpp:199] InstancePrecompute: built 25 candidates
[2026-10-05 04:37:18.722] [info] [stationary.cpp:264] NN: cost=214.209236, feasible=true, active_stations=1
[2026-10-05 04:37:18.722] [info] [candidate.cpp:199] InstancePrecompute: built 25 candidates
[2026-10-05 04:37:18.722] [info] [stationary.cpp:264] NN: cost=445.555211, feasible=true, active_stations=1
[2026-10-05 04:37:18.722] [info] [candidate.cpp:199] InstancePrecompute: built 25 candidates
[2026-10-05 04:37:18.722] [info] [stationary.cpp:264] NN: cost=137.093911, feasible=true, active_stations=1
[2026-10-05 04:37:18.722] [info] [candidate.cpp:199] InstancePrecompute: built 25 candidates
[2026-10-05 04:37:18.722] [info] [stationary.cpp:264] NN: cost=274.187822, feasible=true, active_stations=1
[2026-10-05 04:37:18.722] [info] [candidate.cpp:199] InstancePrecompute: built 25 candidates
[2026-10-05 04:37:18.722] [info] [stationary.cpp:264] NN: cost=428.418472, feasible=true, active_stations=1
[2026-10-05 04:37:18.722] [info] [candidate.cpp:199] InstancePrecompute: built 25 candidates
[2026-10-05 04:37:18.722] [info] [stationary.cpp:264] NN: cost=158.514835, feasible=true, active_stations=1
[2026-10-05 04:37:18.722] [info] [candidate.cpp:199] InstancePrecompute: built 25 candidates
[2026-10-05 04:37:18.722] [info] [stationary.cpp:264] NN: cost=484.112873, feasible=true, active_stations=1
[2026-10-05 04:37:18.722] [info] [candidate.cpp:199] InstancePrecompute: built 25 candidates
[2026-10-05 04:37:18.722] [info] [stationary.cpp:264] NN: cost=728.311402, feasible=true, active_stations=1
[2026-10-05 04:37:18.722] [info] [candidate.cpp:199] InstancePrecompute: built 25 candidates
[2026-10-05 04:37:18.722] [info] [stationary.cpp:264] NN: cost=175.651573, feasible=true, active_stations=1
[2026-10-05 04:37:18.722] [info] [candidate.cpp:199] InstancePrecompute: built 50 candidates
[2026-10-05 04:37:18.722] [info] [stationary.cpp:264] NN: cost=471.260319, feasible=true, active_stations=2
[2026-10-05 04:37:18.722] [info] [candidate.cpp:199] InstancePrecompute: built 25 candidates
[2026-10-05 04:37:18.722] [info] [stationary.cpp:264] NN: cost=21.420924, feasible=true, active_stations=1
[2026-10-05 04:37:18.722] [info] [candidate.cpp:199] InstancePrecompute: built 25 candidates
[2026-10-05 04:37:18.722] [info] [stationary.cpp:264] NN: cost=209.925051, feasible=true, active_stations=1
[2026-10-05 04:37:18.722] [info] [candidate.cpp:199] InstancePrecompute: built 25 candidates
[2026-10-05 04:37:18.722] [info] [stationary.cpp:264] NN: cost=214.209236, feasible=true, active_stations=1
[2026-10-05 04:37:18.722] [info] [candidate.cpp:199] InstancePrecompute: built 25 candidates
[2026-10-05 04:37:18.722] [info] [stationary.cpp:264] NN: cost=445.555211, feasible=true, active_stations=1
[2026-10-05 04:37:18.722] [info] [candidate.cpp:199] InstancePrecompute: built 25 candidates
[2026-10-05 04:37:18.722] [info] [stationary.cpp:264] NN: cost=137.093911, feasible=true, active_stations=1
[2026-10-05 04:37:18.722] [info] [candidate.cpp:199] InstancePrecompute: built 25 candidates
[2026-10-05 04:37:18.723] [info] [stationary.cpp:264] NN: cost=274.187822, feasible=true, active_stations=1
[2026-10-05 04:37:18.723] [info] [candidate.cpp:199] InstancePrecompute: built 25 candidates
[2026-10-05 04:37:18.723] [info] [stationary.cpp:264] NN: cost=428.418472, feasible=true, active_stations=1
[2026-10-05 04:37:18.723] [info] [candidate.cpp:199] InstancePrecompute: built 25 candidates
[2026-10-05 04:37:18.723] [info] [stationary.cpp:264] NN: cost=158.514835, feasible=true, active_stations=1
[2026-10-05 04:37:18.723] [info] [candidate.cpp:199] InstancePrecompute: built 25 candidates
[2026-10-05 04:37:18.723] [info] [stationary.cpp:264] NN: cost=484.112873, feasible=true, active_stations=1
[2026-10-05 04:37:18.723] [info] [candidate.cpp:199] InstancePrecompute: built 25 candidates
[2026-10-05 04:37:18.723] [info] [stationary.cpp:264] NN: cost=728.311402, feasible=true, active_stations=1
[2026-10-05 04:37:18.723] [info] [candidate.cpp:199] InstancePrecompute: built 25 candidates
[2026-10-05 04:37:18.723] [info] [stationary.cpp:264] NN: cost=175.651573, feasible=true, active_stations=1
[2026-10-05 04:37:18.723] [info] [candidate.cpp:199] InstancePrecompute: built 50 candidates
[2026-10-05 04:37:18.723] [info] [stationary.cpp:264] NN: cost=471.260319, feasible=true, active_stations=2
[2026-10-05 04:37:18.723] [info] [candidate.cpp:199] InstancePrecompute: built 25 candidates
[2026-10-05 04:37:18.723] [info] [stationary.cpp:264] NN: cost=21.420924, feasible=true, active_stations=1
[2026-10-05 04:37:18.723] [info] [candidate.cpp:199] InstancePrecompute: built 25 candidates
[2026-10-05 04:37:18.723] [info] [stationary.cpp:264] NN: cost=209.925051, feasible=true, active_stations=1
[2026-10-05 04:37:18.723] [info] [candidate.cpp:199] InstancePrecompute: built 25 candidates
[2026-10-05 04:37:18.723] [info] [stationary.cpp:264] NN: cost=214.209236, feasible=true, active_stations=1
[2026-10-05 04:37:18.723] [info] [candidate.cpp:199] InstancePrecompute: built 25 candidates
[2026-10-05 04:37:18.723] [info] [stationary.cpp:264] NN: cost=445.555211, feasible=true, active_stations=1
[2026-10-05 04:37:18.723] [info] [candidate.cpp:199] InstancePrecompute: built 50 candidates
[2026-10-05 04:37:18.723] [info] [stationary.cpp:264] NN: cost=274.187822, feasible=true, active_stations=1
[2026-10-05 04:37:18.723] [info] [candidate.cpp:199] InstancePrecompute: built 25 candidates
[2026-10-05 04:37:18.723] [info] [stationary.cpp:264] NN: cost=428.418472, feasible=true, active_stations=1
[2026-10-05 04:37:18.723] [info] [candidate.cpp:199] InstancePrecompute: built 25 candidates
[2026-10-05 04:37:18.723] [info] [stationary.cpp:264] NN: cost=158.514835, feasible=true, active_stations=1
[2026-10-05 04:37:18.723] [info] [candidate.cpp:199] InstancePrecompute: built 25 candidates
[2026-10-05 04:37:18.723] [info] [stationary.cpp:264] NN: cost=484.112873, feasible=true, active_stations=1
[2026-10-05 04:37:18.723] [info] [candidate.cpp:199] InstancePrecompute: built 25 candidates
[2026-10-05 04:37:18.723] [info] [stationary.cpp:264] NN: cost=728.311402, feasible=true, active_stations=1
[2026-10-05 04:37:18.723] [info] [candidate.cpp:199] InstancePrecompute: built 25 candidates
[2026-10-05 04:37:18.723] [info] [stationary.cpp:264] NN: cost=175.651573, feasible=true, active_stations=1
[2026-10-05 04:37:18.723] [info] [candidate.cpp:199] InstancePrecompute: built 50 candidates
[2026-10-05 04:37:18.723] [info] [stationary.cpp:264] NN: cost=471.260319, feasible=true, active_stations=2
[2026-10-05 04:37:18.723] [info] [candidate.cpp:199] InstancePrecompute: built 25 candidates
[2026-10-05 04:37:18.723] [info] [stationary.cpp:264] NN: cost=21.420924, feasible=true, active_stations=1
[2026-10-05 04:37:18.723] [info] [candidate.cpp:199] InstancePrecompute: built 25 candidates
[2026-10-05 04:37:18.723] [info] [stationary.cpp:264] NN: cost=209.925051, feasible=true, active_stations=1
[2026-10-05 04:37:18.723] [info] [candidate.cpp:199] InstancePrecompute: built 25 candidates
[2026-10-05 04:37:18.723] [info] [stationary.cpp:264] NN: cost=214.209236, feasible=true, active_stations=1
[2026-10-05 04:37:18.723] [info] [candidate.cpp:199] InstancePrecompute: built 25 candidates
[2026-10-05 04:37:18.723] [info] [stationary.cpp:264] NN: cost=445.555211, feasible=true, active_stations=1
[2026-10-05 04:37:18.723] [info] [candidate.cpp:199] InstancePrecompute: built 50 candidates
[2026-10-05 04:37:18.723] [info] [stationary.cpp:264] NN: cost=274.187822, feasible=true, active_stations=1
[2026-10-05 04:37:18.723] [info] [candidate.cpp:199] InstancePrecompute: built 25 candidates
[2026-10-05 04:37:18.723] [info] [stationary.cpp:264] NN: cost=428.418472, feasible=true, active_stations=1
[2026-10-05 04:37:18.723] [info] [candidate.cpp:199] InstancePrecompute: built 25 candidates
[2026-10-05 04:37:18.723] [info] [stationary.cpp:264] NN: cost=158.514835, feasible=true, active_stations=1
[2026-10-05 04:37:18.723] [info] [candidate.cpp:199] InstancePrecompute: built 25 candidates
[2026-10-05 04:37:18.723] [info] [stationary.cpp:264] NN: cost=484.112873, feasible=true, active_stations=1
[2026-10-05 04:37:18.723] [info] [candidate.cpp:199] InstancePrecompute: built 25 candidates
[2026-10-05 04:37:18.723] [info] [stationary.cpp:264] NN: cost=728.311402, feasible=true, active_stations=1
[2026-10-05 04:37:18.723] [info] [candidate.cpp:199] InstancePrecompute: built 25 candidates
[2026-10-05 04:37:18.723] [info] [stationary.cpp:264] NN: cost=175.651573, feasible=true, active_stations=1
[2026-10-05 04:37:18.723] [info] [candidate.cpp:199] InstancePrecompute: built 50 candidates
[2026-10-05 04:37:18.723] [info] [stationary.cpp:264] NN: cost=471.260319, feasible=true, active_stations=2
[2026-10-05 04:37:18.723] [info] [candidate.cpp:199] InstancePrecompute: built 25 candidates
[2026-10-05 04:37:18.723] [info] [stationary.cpp:264] NN: cost=21.420924, feasible=true, active_stations=1
[2026-10-05 04:37:18.723] [info] [candidate.cpp:199] InstancePrecompute: built 25 candidates
[2026-10-05 04:37:18.723] [info] [stationary.cpp:264] NN: cost=209.925051, feasible=true, active_stations=1
[2026-10-05 04:37:18.723] [info] [candidate.cpp:199] InstancePrecompute: built 50 candidates
[2026-10-05 04:37:18.723] [info] [stationary.cpp:264] NN: cost=659.764447, feasible=true, active_stations=2
[2026-10-05 04:37:18.723] [info] [candidate.cpp:199] InstancePrecompute: built 50 candidates
[2026-10-05 04:37:18.723] [info] [stationary.cpp:264] NN: cost=274.187822, feasible=true, active_stations=1
[2026-10-05 04:37:18.723] [info] [candidate.cpp:199] InstancePrecompute: built 25 candidates
[2026-10-05 04:37:18.723] [info] [stationary.cpp:264] NN: cost=428.418472, feasible=true, active_stations=1
[2026-10-05 04:37:18.723] [info] [candidate.cpp:199] InstancePrecompute: built 25 candidates
[2026-10-05 04:37:18.723] [info] [stationary.cpp:264] NN: cost=158.514835, feasible=true, active_stations=1
[2026-10-05 04:37:18.723] [info] [candidate.cpp:199] InstancePrecompute: built 25 candidates
[2026-10-05 04:37:18.723] [info] [stationary.cpp:264] NN: cost=484.112873, feasible=true, active_stations=1
[2026-10-05 04:37:18.723] [info] [candidate.cpp:199] InstancePrecompute: built 25 candidates
[2026-10-05 04:37:18.723] [info] [stationary.cpp:264] NN: cost=728.311402, feasible=true, active_stations=1
[2026-10-05 04:37:18.723] [info] [candidate.cpp:199] InstancePrecompute: built 25 candidates
[2026-10-05 04:37:18.723] [info] [stationary.cpp:264] NN: cost=175.651573, feasible=true, active_stations=1
[2026-10-05 04:37:18.723] [info] [candidate.cpp:199] InstancePrecompute: built 25 candidates
[2026-10-05 04:37:18.723] [info] [stationary.cpp:264] NN: cost=248.482714, feasible=true, active_stations=1
[2026-10-05 04:37:18.723] [info] [candidate.cpp:199] InstancePrecompute: built 25 candidates
[2026-10-05 04:37:18.723] [info] [stationary.cpp:264] NN: cost=21.420924, feasible=true, active_stations=1
[2026-10-05 04:37:18.723] [info] [candidate.cpp:199] InstancePrecompute: built 25 candidates
[2026-10-05 04:37:18.723] [info] [stationary.cpp:264] NN: cost=222.777605, feasible=true, active_stations=1
[2026-10-05 04:37:18.723] [info] [candidate.cpp:199] InstancePrecompute: built 25 candidates
[2026-10-05 04:37:18.723] [info] [stationary.cpp:264] NN: cost=209.925051, feasible=true, active_stations=1
[2026-10-05 04:37:18.723] [info] [candidate.cpp:199] InstancePrecompute: built 50 candidates
[2026-10-05 04:37:18.723] [info] [stationary.cpp:264] NN: cost=659.764447, feasible=true, active_stations=2
[2026-10-05 04:37:18.723] [info] [candidate.cpp:199] InstancePrecompute: built 25 candidates
[2026-10-05 04:37:18.723] [info] [stationary.cpp:264] NN: cost=274.187822, feasible=true, active_stations=1
[2026-10-05 04:37:18.723] [info] [candidate.cpp:199] InstancePrecompute: built 25 candidates
[2026-10-05 04:37:18.723] [info] [stationary.cpp:264] NN: cost=428.418472, feasible=true, active_stations=1
[2026-10-05 04:37:18.723] [info] [candidate.cpp:199] InstancePrecompute: built 25 candidates
[2026-10-05 04:37:18.723] [info] [stationary.cpp:264] NN: cost=137.093911, feasible=true, active_stations=1
[2026-10-05 04:37:18.723] [info] [candidate.cpp:199] InstancePrecompute: built 25 candidates
[2026-10-05 04:37:18.723] [info] [stationary.cpp:264] NN: cost=158.514835, feasible=true, active_stations=1
[2026-10-05 04:37:18.723] [info] [candidate.cpp:199] InstancePrecompute: built 25 candidates
[2026-10-05 04:37:18.723] [info] [stationary.cpp:264] NN: cost=484.112873, feasible=true, active_stations=1
[2026-10-05 04:37:18.723] [info] [candidate.cpp:199] InstancePrecompute: built 25 candidates
[2026-10-05 04:37:18.723] [info] [stationary.cpp:264] NN: cost=728.311402, feasible=true, active_stations=1
[2026-10-05 04:37:18.723] [info] [candidate.cpp:199] InstancePrecompute: built 25 candidates
[2026-10-05 04:37:18.723] [info] [stationary.cpp:264] NN: cost=175.651573, feasible=true, active_stations=1
[2026-10-05 04:37:18.723] [info] [candidate.cpp:199] InstancePrecompute: built 25 candidates
[2026-10-05 04:37:18.723] [info] [stationary.cpp:264] NN: cost=248.482714, feasible=true, active_stations=1
[2026-10-05 04:37:18.723] [info] [candidate.cpp:199] InstancePrecompute: built 25 candidates
[2026-10-05 04:37:18.723] [info] [stationary.cpp:264] NN: cost=21.420924, feasible=true, active_stations=1
[2026-10-05 04:37:18.723] [info] [candidate.cpp:199] InstancePrecompute: built 25 candidates
[2026-10-05 04:37:18.723] [info] [stationary.cpp:264] NN: cost=222.777605, feasible=true, active_stations=1
[2026-10-05 04:37:18.723] [info] [candidate.cpp:199] InstancePrecompute: built 25 candidates
[2026-10-05 04:37:18.723] [info] [stationary.cpp:264] NN: cost=209.925051, feasible=true, active_stations=1
[2026-10-05 04:37:18.723] [info] [candidate.cpp:199] InstancePrecompute: built 25 candidates
[2026-10-05 04:37:18.723] [info] [stationary.cpp:264] NN: cost=214.209236, feasible=true, active_stations=1
[2026-10-05 04:37:18.723] [info] [candidate.cpp:199] InstancePrecompute: built 25 candidates
[2026-10-05 04:37:18.723] [info] [stationary.cpp:264] NN: cost=445.555211, feasible=true, active_stations=1
[2026-10-05 04:37:18.723] [info] [candidate.cpp:199] InstancePrecompute: built 25 candidates
[2026-10-05 04:37:18.723] [info] [stationary.cpp:264] NN: cost=274.187822, feasible=true, active_stations=1
[2026-10-05 04:37:18.723] [info] [candidate.cpp:199] InstancePrecompute: built 25 candidates
[2026-10-05 04:37:18.723] [info] [stationary.cpp:264] NN: cost=428.418472, feasible=true, active_stations=1
[2026-10-05 04:37:18.723] [info] [candidate.cpp:199] InstancePrecompute: built 25 candidates
[2026-10-05 04:37:18.723] [info] [stationary.cpp:264] NN: cost=137.093911, feasible=true, active_stations=1
[2026-10-05 04:37:18.723] [info] [candidate.cpp:199] InstancePrecompute: built 25 candidates
[2026-10-05 04:37:18.723] [info] [stationary.cpp:264] NN: cost=158.514835, feasible=true, active_stations=1
[2026-10-05 04:37:18.723] [info] [candidate.cpp:199] InstancePrecompute: built 25 candidates
[2026-10-05 04:37:18.723] [info] [stationary.cpp:264] NN: cost=484.112873, feasible=true, active_stations=1
[2026-10-05 04:37:18.723] [info] [candidate.cpp:199] InstancePrecompute: built 25 candidates
[2026-10-05 04:37:18.723] [info] [stationary.cpp:264] NN: cost=728.311402, feasible=true, active_stations=1
[2026-10-05 04:37:18.723] [info] [candidate.cpp:199] InstancePrecompute: built 25 candidates
[2026-10-05 04:37:18.723] [info] [stationary.cpp:264] NN: cost=175.651573, feasible=true, active_stations=1
[2026-10-05 04:37:18.723] [info] [candidate.cpp:199] InstancePrecompute: built 25 candidates
[2026-10-05 04:37:18.723] [info] [stationary.cpp:264] NN: cost=248.482714, feasible=true, active_stations=1
[2026-10-05 04:37:18.723] [info] [candidate.cpp:199] InstancePrecompute: built 25 candidates
[2026-10-05 04:37:18.723] [info] [stationary.cpp:264] NN: cost=21.420924, feasible=true, active_stations=1
[2026-10-05 04:37:18.723] [info] [candidate.cpp:199] InstancePrecompute: built 25 candidates
[2026-10-05 04:37:18.723] [info] [stationary.cpp:264] NN: cost=222.777605, feasible=true, active_stations=1
[2026-10-05 04:37:18.723] [info] [candidate.cpp:199] InstancePrecompute: built 25 candidates
[2026-10-05 04:37:18.723] [info] [stationary.cpp:264] NN: cost=209.925051, feasible=true, active_stations=1
[2026-10-05 04:37:18.723] [info] [candidate.cpp:199] InstancePrecompute: built 25 candidates
[2026-10-05 04:37:18.723] [info] [stationary.cpp:264] NN: cost=214.209236, feasible=true, active_stations=1
[2026-10-05 04:37:18.723] [info] [candidate.cpp:199] InstancePrecompute: built 25 candidates
[2026-10-05 04:37:18.723] [info] [stationary.cpp:264] NN: cost=445.555211, feasible=true, active_stations=1
[2026-10-05 04:37:18.723] [info] [candidate.cpp:199] InstancePrecompute: built 25 candidates
[2026-10-05 04:37:18.723] [info] [stationary.cpp:264] NN: cost=274.187822, feasible=true, active_stations=1
[2026-10-05 04:37:18.723] [info] [candidate.cpp:199] InstancePrecompute: built 25 candidates
[2026-10-05 04:37:18.723] [info] [stationary.cpp:264] NN: cost=428.418472, feasible=true, active_stations=1
[2026-10-05 04:37:18.723] [info] [candidate.cpp:199] InstancePrecompute: built 25 candidates
[2026-10-05 04:37:18.723] [info] [stationary.cpp:264] NN: cost=137.093911, feasible=true, active_stations=1
[2026-10-05 04:37:18.723] [info] [candidate.cpp:199] InstancePrecompute: built 25 candidates
[2026-10-05 04:37:18.723] [info] [stationary.cpp:264] NN: cost=158.514835, feasible=true, active_stations=1
[2026-10-05 04:37:18.723] [info] [candidate.cpp:199] InstancePrecompute: built 25 candidates
[2026-10-05 04:37:18.723] [info] [stationary.cpp:264] NN: cost=484.112873, feasible=true, active_stations=1
[2026-10-05 04:37:18.723] [info] [candidate.cpp:199] InstancePrecompute: built 25 candidates
[2026-10-05 04:37:18.723] [info] [stationary.cpp:264] NN: cost=728.311402, feasible=true, active_stations=1
[2026-10-05 04:37:18.723] [info] [candidate.cpp:199] InstancePrecompute: built 25 candidates
[2026-10-05 04:37:18.723] [info] [stationary.cpp:264] NN: cost=175.651573, feasible=true, active_stations=1
[2026-10-05 04:37:18.723] [info] [candidate.cpp:199] InstancePrecompute: built 25 candidates
[2026-10-05 04:37:18.723] [info] [stationary.cpp:264] NN: cost=248.482714, feasible=true, active_stations=1
[2026-10-05 04:37:18.723] [info] [candidate.cpp:199] InstancePrecompute: built 25 candidates
[2026-10-05 04:37:18.723] [info] [stationary.cpp:264] NN: cost=21.420924, feasible=true, active_stations=1
[2026-10-05 04:37:18.723] [info] [candidate.cpp:199] InstancePrecompute: built 25 candidates
[2026-10-05 04:37:18.723] [info] [stationary.cpp:264] NN: cost=222.777605, feasible=true, active_stations=1
[2026-10-05 04:37:18.723] [info] [candidate.cpp:199] InstancePrecompute: built 25 candidates
[2026-10-05 04:37:18.723] [info] [stationary.cpp:264] NN: cost=209.925051, feasible=true, active_stations=1
[2026-10-05 04:37:18.723] [info] [candidate.cpp:199] InstancePrecompute: built 25 candidates
[2026-10-05 04:37:18.723] [info] [stationary.cpp:264] NN: cost=214.209236, feasible=true, active_stations=1
[2026-10-05 04:37:18.723] [info] [candidate.cpp:199] InstancePrecompute: built 25 candidates
[2026-10-05 04:37:18.723] [info] [stationary.cpp:264] NN: cost=445.555211, feasible=true, active_stations=1
[2026-10-05 04:37:18.723] [info] [candidate.cpp:199] InstancePrecompute: built 25 candidates
[2026-10-05 04:37:18.723] [info] [stationary.cpp:264] NN: cost=274.187822, feasible=true, active_stations=1
[2026-10-05 04:37:18.723] [info] [candidate.cpp:199] InstancePrecompute: built 25 candidates
[2026-10-05 04:37:18.723] [info] [stationary.cpp:264] NN: cost=428.418472, feasible=true, active_stations=1
[2026-10-05 04:37:18.723] [info] [candidate.cpp:199] InstancePrecompute: built 25 candidates
[2026-10-05 04:37:18.723] [info] [stationary.cpp:264] NN: cost=137.093911, feasible=true, active_stations=1
[2026-10-05 04:37:18.723] [info] [candidate.cpp:199] InstancePrecompute: built 25 candidates
[2026-10-05 04:37:18.723] [info] [stationary.cpp:264] NN: cost=158.514835, feasible=true, active_stations=1
[2026-10-05 04:37:18.723] [info] [candidate.cpp:199] InstancePrecompute: built 25 candidates
[2026-10-05 04:37:18.723] [info] [stationary.cpp:264] NN: cost=484.112873, feasible=true, active_stations=1
[2026-10-05 04:37:18.723] [info] [candidate.cpp:199] InstancePrecompute: built 25 candidates
[2026-10-05 04:37:18.723] [info] [stationary.cpp:264] NN: cost=728.311402, feasible=true, active_stations=1
[2026-10-05 04:37:18.723] [info] [candidate.cpp:199] InstancePrecompute: built 25 candidates
[2026-10-05 04:37:18.723] [info] [stationary.cpp:264] NN: cost=175.651573, feasible=true, active_stations=1
[2026-10-05 04:37:18.723] [info] [candidate.cpp:199] InstancePrecompute: built 25 candidates
[2026-10-05 04:37:18.723] [info] [stationary.cpp:264] NN: cost=248.482714, feasible=true, active_stations=1
[2026-10-05 04:37:18.723] [info] [candidate.cpp:199] InstancePrecompute: built 25 candidates
[2026-10-05 04:37:18.723] [info] [stationary.cpp:264] NN: cost=21.420924, feasible=true, active_stations=1
[2026-10-05 04:37:18.723] [info] [candidate.cpp:199] InstancePrecompute: built 25 candidates
[2026-10-05 04:37:18.723] [info] [stationary.cpp:264] NN: cost=222.777605, feasible=true, active_stations=1
[2026-10-05 04:37:18.723] [info] [candidate.cpp:199] InstancePrecompute: built 25 candidates
[2026-10-05 04:37:18.723] [info] [stationary.cpp:264] NN: cost=209.925051, feasible=true, active_stations=1
[2026-10-05 04:37:18.723] [info] [candidate.cpp:199] InstancePrecompute: built 25 candidates
[2026-10-05 04:37:18.723] [info] [stationary.cpp:264] NN: cost=214.209236, feasible=true, active_stations=1
[2026-10-05 04:37:18.723] [info] [candidate.cpp:199] InstancePrecompute: built 25 candidates
[2026-10-05 04:37:18.723] [info] [stationary.cpp:264] NN: cost=445.555211, feasible=true, active_stations=1
[2026-10-05 04:37:18.723] [info] [candidate.cpp:199] InstancePrecompute: built 25 candidates
[2026-10-05 04:37:18.723] [info] [stationary.cpp:264] NN: cost=274.187822, feasible=true, active_stations=1
[2026-10-05 04:37:18.723] [info] [candidate.cpp:199] InstancePrecompute: built 25 candidates
[2026-10-05 04:37:18.723] [info] [stationary.cpp:264] NN: cost=428.418472, feasible=true, active_stations=1
[2026-10-05 04:37:18.723] [info] [candidate.cpp:199] InstancePrecompute: built 25 candidates
[2026-10-05 04:37:18.723] [info] [stationary.cpp:264] NN: cost=137.093911, feasible=true, active_stations=1
[2026-10-05 04:37:18.723] [info] [candidate.cpp:199] InstancePrecompute: built 25 candidates
[2026-10-05 04:37:18.723] [info] [stationary.cpp:264] NN: cost=158.514835, feasible=true, active_stations=1
[2026-10-05 04:37:18.723] [info] [candidate.cpp:199] InstancePrecompute: built 25 candidates
[2026-10-05 04:37:18.723] [info] [stationary.cpp:264] NN: cost=484.112873, feasible=true, active_stations=1
[2026-10-05 04:37:18.723] [info] [candidate.cpp:199] InstancePrecompute: built 25 candidates
[2026-10-05 04:37:18.723] [info] [stationary.cpp:264] NN: cost=728.311402, feasible=true, active_stations=1
[2026-10-05 04:37:18.723] [info] [candidate.cpp:199] InstancePrecompute: built 25 candidates
[2026-10-05 04:37:18.723] [info] [stationary.cpp:264] NN: cost=175.651573, feasible=true, active_stations=1
[2026-10-05 04:37:18.723] [info] [candidate.cpp:199] InstancePrecompute: built 25 candidates
[2026-10-05 04:37:18.723] [info] [stationary.cpp:264] NN: cost=248.482714, feasible=true, active_stations=1
[2026-10-05 04:37:18.723] [info] [candidate.cpp:199] InstancePrecompute: built 25 candidates
[2026-10-05 04:37:18.723] [info] [stationary.cpp:264] NN: cost=21.420924, feasible=true, active_stations=1
[2026-10-05 04:37:18.723] [info] [candidate.cpp:199] InstancePrecompute: built 25 candidates
[2026-10-05 04:37:18.723] [info] [stationary.cpp:264] NN: cost=222.777605, feasible=true, active_stations=1
[2026-10-05 04:37:18.723] [info] [candidate.cpp:199] InstancePrecompute: built 25 candidates
[2026-10-05 04:37:18.723] [info] [stationary.cpp:264] NN: cost=209.925051, feasible=true, active_stations=1
[2026-10-05 04:37:18.723] [info] [candidate.cpp:199] InstancePrecompute: built 25 candidates
[2026-10-05 04:37:18.723] [info] [stationary.cpp:264] NN: cost=214.209236, feasible=true, active_stations=1
[2026-10-05 04:37:18.723] [info] [candidate.cpp:199] InstancePrecompute: built 25 candidates
[2026-10-05 04:37:18.723] [info] [stationary.cpp:264] NN: cost=445.555211, feasible=true, active_stations=1
[2026-10-05 04:37:18.723] [info] [candidate.cpp:199] InstancePrecompute: built 25 candidates
[2026-10-05 04:37:18.723] [info] [stationary.cpp:264] NN: cost=274.187822, feasible=true, active_stations=1
[2026-10-05 04:37:18.723] [info] [candidate.cpp:199] InstancePrecompute: built 25 candidates
[2026-10-05 04:37:18.723] [info] [stationary.cpp:264] NN: cost=428.418472, feasible=true, active_stations=1
[2026-10-05 04:37:18.723] [info] [candidate.cpp:199] InstancePrecompute: built 25 candidates
[2026-10-05 04:37:18.723] [info] [stationary.cpp:264] NN: cost=137.093911, feasible=true, active_stations=1
[2026-10-05 04:37:18.723] [info] [candidate.cpp:199] InstancePrecompute: built 25 candidates
[2026-10-05 04:37:18.723] [info] [stationary.cpp:264] NN: cost=158.514835, feasible=true, active_stations=1
[2026-10-05 04:37:18.723] [info] [candidate.cpp:199] InstancePrecompute: built 25 candidates
[2026-10-05 04:37:18.723] [info] [stationary.cpp:264] NN: cost=484.112873, feasible=true, active_stations=1
[2026-10-05 04:37:18.723] [info] [candidate.cpp:199] InstancePrecompute: built 25 candidates
[2026-10-05 04:37:18.723] [info] [stationary.cpp:264] NN: cost=728.311402, feasible=true, active_stations=1
[2026-10-05 04:37:18.723] [info] [candidate.cpp:199] InstancePrecompute: built 25 candidates
[2026-10-05 04:37:18.723] [info] [stationary.cpp:264] NN: cost=175.651573, feasible=true, active_stations=1
[2026-10-05 04:37:18.723] [info] [candidate.cpp:199] InstancePrecompute: built 25 candidates
[2026-10-05 04:37:18.723] [info] [stationary.cpp:264] NN: cost=248.482714, feasible=true, active_stations=1
[2026-10-05 04:37:18.723] [info] [candidate.cpp:199] InstancePrecompute: built 25 candidates
[2026-10-05 04:37:18.723] [info] [stationary.cpp:264] NN: cost=21.420924, feasible=true, active_stations=1
[2026-10-05 04:37:18.723] [info] [candidate.cpp:199] InstancePrecompute: built 25 candidates
[2026-10-05 04:37:18.723] [info] [stationary.cpp:264] NN: cost=222.777605, feasible=true, active_stations=1
[2026-10-05 04:37:18.723] [info] [candidate.cpp:199] InstancePrecompute: built 25 candidates
[2026-10-05 04:37:18.723] [info] [stationary.cpp:264] NN: cost=209.925051, feasible=true, active_stations=1
[2026-10-05 04:37:18.723] [info] [candidate.cpp:199] InstancePrecompute: built 50 candidates
[2026-10-05 04:37:18.723] [info] [stationary.cpp:264] NN: cost=659.764447, feasible=true, active_stations=2
[2026-10-05 04:37:18.723] [info] [candidate.cpp:199] InstancePrecompute: built 25 candidates
[2026-10-05 04:37:18.723] [info] [stationary.cpp:264] NN: cost=274.187822, feasible=true, active_stations=1
[2026-10-05 04:37:18.723] [info] [candidate.cpp:199] InstancePrecompute: built 25 candidates
[2026-10-05 04:37:18.723] [info] [stationary.cpp:264] NN: cost=428.418472, feasible=true, active_stations=1
[2026-10-05 04:37:18.723] [info] [candidate.cpp:199] InstancePrecompute: built 25 candidates
[2026-10-05 04:37:18.723] [info] [stationary.cpp:264] NN: cost=137.093911, feasible=true, active_stations=1
[2026-10-05 04:37:18.723] [info] [candidate.cpp:199] InstancePrecompute: built 25 candidates
[2026-10-05 04:37:18.723] [info] [stationary.cpp:264] NN: cost=158.514835, feasible=true, active_stations=1
[2026-10-05 04:37:18.723] [info] [candidate.cpp:199] InstancePrecompute: built 25 candidates
[2026-10-05 04:37:18.723] [info] [stationary.cpp:264] NN: cost=484.112873, feasible=true, active_stations=1
[2026-10-05 04:37:18.723] [info] [candidate.cpp:199] InstancePrecompute: built 25 candidates
[2026-10-05 04:37:18.723] [info] [stationary.cpp:264] NN: cost=175.651573, feasible=true, active_stations=1
[2026-10-05 04:37:18.723] [info] [candidate.cpp:199] InstancePrecompute: built 25 candidates
[2026-10-05 04:37:18.723] [info] [stationary.cpp:264] NN: cost=728.311402, feasible=true, active_stations=1
[2026-10-05 04:37:18.723] [info] [candidate.cpp:199] InstancePrecompute: built 50 candidates
[2026-10-05 04:37:18.723] [info] [stationary.cpp:264] NN: cost=471.260319, feasible=true, active_stations=2
[2026-10-05 04:37:18.723] [info] [candidate.cpp:199] InstancePrecompute: built 25 candidates
[2026-10-05 04:37:18.723] [info] [stationary.cpp:264] NN: cost=21.420924, feasible=true, active_stations=1
[2026-10-05 04:37:18.723] [info] [candidate.cpp:199] InstancePrecompute: built 25 candidates
[2026-10-05 04:37:18.723] [info] [stationary.cpp:264] NN: cost=209.925051, feasible=true, active_stations=1
[2026-10-05 04:37:18.723] [info] [candidate.cpp:199] InstancePrecompute: built 25 candidates
[2026-10-05 04:37:18.723] [info] [stationary.cpp:264] NN: cost=214.209236, feasible=true, active_stations=1
[2026-10-05 04:37:18.723] [info] [candidate.cpp:199] InstancePrecompute: built 25 candidates
[2026-10-05 04:37:18.723] [info] [stationary.cpp:264] NN: cost=445.555211, feasible=true, active_stations=1
[2026-10-05 04:37:18.723] [info] [candidate.cpp:199] InstancePrecompute: built 25 candidates
[2026-10-05 04:37:18.723] [info] [stationary.cpp:264] NN: cost=274.187822, feasible=true, active_stations=1
[2026-10-05 04:37:18.723] [info] [candidate.cpp:199] InstancePrecompute: built 25 candidates
[2026-10-05 04:37:18.723] [info] [stationary.cpp:264] NN: cost=428.418472, feasible=true, active_stations=1
[2026-10-05 04:37:18.723] [info] [candidate.cpp:199] InstancePrecompute: built 25 candidates
[2026-10-05 04:37:18.723] [info] [stationary.cpp:264] NN: cost=137.093911, feasible=true, active_stations=1
[2026-10-05 04:37:18.723] [info] [candidate.cpp:199] InstancePrecompute: built 25 candidates
[2026-10-05 04:37:18.723] [info] [stationary.cpp:264] NN: cost=158.514835, feasible=true, active_stations=1
[2026-10-05 04:37:18.723] [info] [candidate.cpp:199] InstancePrecompute: built 25 candidates
[2026-10-05 04:37:18.723] [info] [stationary.cpp:264] NN: cost=484.112873, feasible=true, active_stations=1
[2026-10-05 04:37:18.723] [info] [candidate.cpp:199] InstancePrecompute: built 25 candidates
[2026-10-05 04:37:18.723] [info] [stationary.cpp:264] NN: cost=175.651573, feasible=true, active_stations=1
[2026-10-05 04:37:18.723] [info] [candidate.cpp:199] InstancePrecompute: built 25 candidates
[2026-10-05 04:37:18.723] [info] [stationary.cpp:264] NN: cost=728.311402, feasible=true, active_stations=1
[2026-10-05 04:37:18.723] [info] [candidate.cpp:199] InstancePrecompute: built 50 candidates
[2026-10-05 04:37:18.723] [info] [stationary.cpp:264] NN: cost=471.260319, feasible=true, active_stations=2
[2026-10-05 04:37:18.723] [info] [candidate.cpp:199] InstancePrecompute: built 25 candidates
[2026-10-05 04:37:18.723] [info] [stationary.cpp:264] NN: cost=21.420924, feasible=true, active_stations=1
[2026-10-05 04:37:18.723] [info] [candidate.cpp:199] InstancePrecompute: built 25 candidates
[2026-10-05 04:37:18.723] [info] [stationary.cpp:264] NN: cost=209.925051, feasible=true, active_stations=1
[2026-10-05 04:37:18.723] [info] [candidate.cpp:199] InstancePrecompute: built 25 candidates
[2026-10-05 04:37:18.723] [info] [stationary.cpp:264] NN: cost=214.209236, feasible=true, active_stations=1
[2026-10-05 04:37:18.723] [info] [candidate.cpp:199] InstancePrecompute: built 25 candidates
[2026-10-05 04:37:18.723] [info] [stationary.cpp:264] NN: cost=445.555211, feasible=true, active_stations=1
[2026-10-05 04:37:18.723] [info] [candidate.cpp:199] InstancePrecompute: built 25 candidates
[2026-10-05 04:37:18.723] [info] [stationary.cpp:264] NN: cost=274.187822, feasible=true, active_stations=1
[2026-10-05 04:37:18.723] [info] [candidate.cpp:199] InstancePrecompute: built 25 candidates
[2026-10-05 04:37:18.723] [info] [stationary.cpp:264] NN: cost=428.418472, feasible=true, active_stations=1
[2026-10-05 04:37:18.723] [info] [candidate.cpp:199] InstancePrecompute: built 25 candidates
[2026-10-05 04:37:18.723] [info] [stationary.cpp:264] NN: cost=137.093911, feasible=true, active_stations=1
[2026-10-05 04:37:18.723] [info] [candidate.cpp:199] InstancePrecompute: built 25 candidates
[2026-10-05 04:37:18.724] [info] [stationary.cpp:264] NN: cost=158.514835, feasible=true, active_stations=1
[2026-10-05 04:37:18.724] [info] [candidate.cpp:199] InstancePrecompute: built 25 candidates
[2026-10-05 04:37:18.724] [info] [stationary.cpp:264] NN: cost=484.112873, feasible=true, active_stations=1
[2026-10-05 04:37:18.724] [info] [candidate.cpp:199] InstancePrecompute: built 25 candidates
[2026-10-05 04:37:18.724] [info] [stationary.cpp:264] NN: cost=175.651573, feasible=true, active_stations=1
[2026-10-05 04:37:18.724] [info] [candidate.cpp:199] InstancePrecompute: built 25 candidates
[2026-10-05 04:37:18.724] [info] [stationary.cpp:264] NN: cost=728.311402, feasible=true, active_stations=1
[2026-10-05 04:37:18.724] [info] [candidate.cpp:199] InstancePrecompute: built 50 candidates
[2026-10-05 04:37:18.724] [info] [stationary.cpp:264] NN: cost=471.260319, feasible=true, active_stations=2
[2026-10-05 04:37:18.724] [info] [candidate.cpp:199] InstancePrecompute: built 25 candidates
[2026-10-05 04:37:18.724] [info] [stationary.cpp:264] NN: cost=21.420924, feasible=true, active_stations=1
[2026-10-05 04:37:18.724] [info] [candidate.cpp:199] InstancePrecompute: built 25 candidates
[2026-10-05 04:37:18.724] [info] [stationary.cpp:264] NN: cost=209.925051, feasible=true, active_stations=1
[2026-10-05 04:37:18.724] [info] [candidate.cpp:199] InstancePrecompute: built 25 candidates
[2026-10-05 04:37:18.724] [info] [stationary.cpp:264] NN: cost=214.209236, feasible=true, active_stations=1
[2026-10-05 04:37:18.724] [info] [candidate.cpp:199] InstancePrecompute: built 25 candidates
[2026-10-05 04:37:18.724] [info] [stationary.cpp:264] NN: cost=445.555211, feasible=true, active_stations=1
[2026-10-05 04:37:18.724] [info] [candidate.cpp:199] InstancePrecompute: built 25 candidates
[2026-10-05 04:37:18.724] [info] [stationary.cpp:264] NN: cost=274.187822, feasible=true, active_stations=1
[2026-10-05 04:37:18.724] [info] [candidate.cpp:199] InstancePrecompute: built 25 candidates
[2026-10-05 04:37:18.724] [info] [stationary.cpp:264] NN: cost=428.418472, feasible=true, active_stations=1
[2026-10-05 04:37:18.724] [info] [candidate.cpp:199] InstancePrecompute: built 25 candidates
[2026-10-05 04:37:18.724] [info] [stationary.cpp:264] NN: cost=137.093911, feasible=true, active_stations=1
[2026-10-05 04:37:18.724] [info] [candidate.cpp:199] InstancePrecompute: built 25 candidates
[2026-10-05 04:37:18.724] [info] [stationary.cpp:264] NN: cost=158.514835, feasible=true, active_stations=1
[2026-10-05 04:37:18.724] [info] [candidate.cpp:199] InstancePrecompute: built 25 candidates
[2026-10-05 04:37:18.724] [info] [stationary.cpp:264] NN: cost=484.112873, feasible=true, active_stations=1
[2026-10-05 04:37:18.724] [info] [candidate.cpp:199] InstancePrecompute: built 25 candidates
[2026-10-05 04:37:18.724] [info] [stationary.cpp:264] NN: cost=175.651573, feasible=true, active_stations=1
[2026-10-05 04:37:18.724] [info] [candidate.cpp:199] InstancePrecompute: built 25 candidates
[2026-10-05 04:37:18.724] [info] [stationary.cpp:264] NN: cost=728.311402, feasible=true, active_stations=1
[2026-10-05 04:37:18.724] [info] [candidate.cpp:199] InstancePrecompute: built 50 candidates
[2026-10-05 04:37:18.724] [info] [stationary.cpp:264] NN: cost=471.260319, feasible=true, active_stations=2
[2026-10-05 04:37:18.724] [info] [candidate.cpp:199] InstancePrecompute: built 25 candidates
[2026-10-05 04:37:18.724] [info] [stationary.cpp:264] NN: cost=21.420924, feasible=true, active_stations=1
[2026-10-05 04:37:18.724] [info] [candidate.cpp:199] InstancePrecompute: built 25 candidates
[2026-10-05 04:37:18.724] [info] [stationary.cpp:264] NN: cost=209.925051, feasible=true, active_stations=1
[2026-10-05 04:37:18.724] [info] [candidate.cpp:199] InstancePrecompute: built 50 candidates
[2026-10-05 04:37:18.724] [info] [stationary.cpp:264] NN: cost=659.764447, feasible=true, active_stations=2
[2026-10-05 04:37:18.724] [info] [candidate.cpp:199] InstancePrecompute: built 25 candidates
[2026-10-05 04:37:18.724] [info] [stationary.cpp:264] NN: cost=274.187822, feasible=true, active_stations=1
[2026-10-05 04:37:18.724] [info] [candidate.cpp:199] InstancePrecompute: built 25 candidates
[2026-10-05 04:37:18.724] [info] [stationary.cpp:264] NN: cost=428.418472, feasible=true, active_stations=1
[2026-10-05 04:37:18.724] [info] [candidate.cpp:199] InstancePrecompute: built 25 candidates
[2026-10-05 04:37:18.724] [info] [stationary.cpp:264] NN: cost=137.093911, feasible=true, active_stations=1
[2026-10-05 04:37:18.724] [info] [candidate.cpp:199] InstancePrecompute: built 25 candidates
[2026-10-05 04:37:18.724] [info] [stationary.cpp:264] NN: cost=158.514835, feasible=true, active_stations=1
[2026-10-05 04:37:18.724] [info] [candidate.cpp:199] InstancePrecompute: built 25 candidates
[2026-10-05 04:37:18.724] [info] [stationary.cpp:264] NN: cost=484.112873, feasible=true, active_stations=1
[2026-10-05 04:37:18.724] [info] [candidate.cpp:199] InstancePrecompute: built 25 candidates
[2026-10-05 04:37:18.724] [info] [stationary.cpp:264] NN: cost=175.651573, feasible=true, active_stations=1
[2026-10-05 04:37:18.724] [info] [candidate.cpp:199] InstancePrecompute: built 25 candidates
[2026-10-05 04:37:18.724] [info] [stationary.cpp:264] NN: cost=728.311402, feasible=true, active_stations=1
[2026-10-05 04:37:18.724] [info] [candidate.cpp:199] InstancePrecompute: built 50 candidates
[2026-10-05 04:37:18.724] [info] [stationary.cpp:264] NN: cost=471.260319, feasible=true, active_stations=2
[2026-10-05 04:37:18.724] [info] [candidate.cpp:199] InstancePrecompute: built 25 candidates
[2026-10-05 04:37:18.724] [info] [stationary.cpp:264] NN: cost=21.420924, feasible=true, active_stations=1
[2026-10-05 04:37:18.724] [info] [candidate.cpp:199] InstancePrecompute: built 25 candidates
[2026-10-05 04:37:18.724] [info] [stationary.cpp:264] NN: cost=209.925051, feasible=true, active_stations=1
[2026-10-05 04:37:18.724] [info] [candidate.cpp:199] InstancePrecompute: built 50 candidates
[2026-10-05 04:37:18.724] [info] [stationary.cpp:264] NN: cost=659.764447, feasible=true, active_stations=2
[2026-10-05 04:37:18.724] [info] [candidate.cpp:199] InstancePrecompute: built 25 candidates
[2026-10-05 04:37:18.724] [info] [stationary.cpp:264] NN: cost=274.187822, feasible=true, active_stations=1
[2026-10-05 04:37:18.724] [info] [candidate.cpp:199] InstancePrecompute: built 25 candidates
[2026-10-05 04:37:18.724] [info] [stationary.cpp:264] NN: cost=428.418472, feasible=true, active_stations=1
[2026-10-05 04:37:18.724] [info] [candidate.cpp:199] InstancePrecompute: built 25 candidates
[2026-10-05 04:37:18.724] [info] [stationary.cpp:264] NN: cost=137.093911, feasible=true, active_stations=1
[2026-10-05 04:37:18.724] [info] [candidate.cpp:199] InstancePrecompute: built 25 candidates
[2026-10-05 04:37:18.724] [info] [stationary.cpp:264] NN: cost=158.514835, feasible=true, active_stations=1
[2026-10-05 04:37:18.724] [info] [candidate.cpp:199] InstancePrecompute: built 25 candidates
[2026-10-05 04:37:18.724] [info] [stationary.cpp:264] NN: cost=484.112873, feasible=true, active_stations=1
[2026-10-05 04:37:18.724] [info] [candidate.cpp:199] InstancePrecompute: built 25 candidates
[2026-10-05 04:37:18.724] [info] [stationary.cpp:264] NN: cost=175.651573, feasible=true, active_stations=1
[2026-10-05 04:37:18.724] [info] [candidate.cpp:199] InstancePrecompute: built 25 candidates
[2026-10-05 04:37:18.724] [info] [stationary.cpp:264] NN: cost=728.311402, feasible=true, active_stations=1
[2026-10-05 04:37:18.724] [info] [candidate.cpp:199] InstancePrecompute: built 50 candidates
[2026-10-05 04:37:18.724] [info] [stationary.cpp:264] NN: cost=471.260319, feasible=true, active_stations=2
[2026-10-05 04:37:18.724] [info] [candidate.cpp:199] InstancePrecompute: built 25 candidates
[2026-10-05 04:37:18.724] [info] [stationary.cpp:264] NN: cost=21.420924, feasible=true, active_stations=1
[2026-10-05 04:37:18.724] [info] [candidate.cpp:199] InstancePrecompute: built 25 candidates
[2026-10-05 04:37:18.724] [info] [stationary.cpp:264] NN: cost=209.925051, feasible=true, active_stations=1
[2026-10-05 04:37:18.724] [info] [candidate.cpp:199] InstancePrecompute: built 25 candidates
[2026-10-05 04:37:18.724] [info] [stationary.cpp:264] NN: cost=214.209236, feasible=true, active_stations=1
[2026-10-05 04:37:18.724] [info] [candidate.cpp:199] InstancePrecompute: built 25 candidates
[2026-10-05 04:37:18.724] [info] [stationary.cpp:264] NN: cost=445.555211, feasible=true, active_stations=1
[2026-10-05 04:37:18.724] [info] [candidate.cpp:199] InstancePrecompute: built 25 candidates
[2026-10-05 04:37:18.724] [info] [stationary.cpp:264] NN: cost=274.187822, feasible=true, active_stations=1
[2026-10-05 04:37:18.724] [info] [candidate.cpp:199] InstancePrecompute: built 25 candidates
[2026-10-05 04:37:18.724] [info] [stationary.cpp:264] NN: cost=428.418472, feasible=true, active_stations=1
[2026-10-05 04:37:18.724] [info] [candidate.cpp:199] InstancePrecompute: built 25 candidates
[2026-10-05 04:37:18.724] [info] [stationary.cpp:264] NN: cost=137.093911, feasible=true, active_stations=1
[2026-10-05 04:37:18.724] [info] [candidate.cpp:199] InstancePrecompute: built 25 candidates
[2026-10-05 04:37:18.724] [info] [stationary.cpp:264] NN: cost=158.514835, feasible=true, active_stations=1
[2026-10-05 04:37:18.724] [info] [candidate.cpp:199] InstancePrecompute: built 25 candidates
[2026-10-05 04:37:18.724] [info] [stationary.cpp:264] NN: cost=484.112873, feasible=true, active_stations=1
[2026-10-05 04:37:18.724] [info] [candidate.cpp:199] InstancePrecompute: built 25 candidates
[2026-10-05 04:37:18.724] [info] [stationary.cpp:264] NN: cost=175.651573, feasible=true, active_stations=1
[2026-10-05 04:37:18.724] [info] [candidate.cpp:199] InstancePrecompute: built 25 candidates
[2026-10-05 04:37:18.724] [info] [stationary.cpp:264] NN: cost=728.311402, feasible=true, active_stations=1
[2026-10-05 04:37:18.724] [info] [candidate.cpp:199] InstancePrecompute: built 50 candidates
[2026-10-05 04:37:18.724] [info] [stationary.cpp:264] NN: cost=471.260319, feasible=true, active_stations=2
[2026-10-05 04:37:18.724] [info] [candidate.cpp:199] InstancePrecompute: built 25 candidates
[2026-10-05 04:37:18.724] [info] [stationary.cpp:264] NN: cost=21.420924, feasible=true, active_stations=1
[2026-10-05 04:37:18.724] [info] [candidate.cpp:199] InstancePrecompute: built 25 candidates
[2026-10-05 04:37:18.724] [info] [stationary.cpp:264] NN: cost=209.925051, feasible=true, active_stations=1
[2026-10-05 04:37:18.724] [info] [candidate.cpp:199] InstancePrecompute: built 25 candidates
[2026-10-05 04:37:18.724] [info] [stationary.cpp:264] NN: cost=214.209236, feasible=true, active_stations=1
[2026-10-05 04:37:18.724] [info] [candidate.cpp:199] InstancePrecompute: built 25 candidates
[2026-10-05 04:37:18.724] [info] [stationary.cpp:264] NN: cost=445.555211, feasible=true, active_stations=1
[2026-10-05 04:37:18.724] [info] [candidate.cpp:199] InstancePrecompute: built 25 candidates
[2026-10-05 04:37:18.724] [info] [stationary.cpp:264] NN: cost=274.187822, feasible=true, active_stations=1
[2026-10-05 04:37:18.724] [info] [candidate.cpp:199] InstancePrecompute: built 25 candidates
[2026-10-05 04:37:18.724] [info] [stationary.cpp:264] NN: cost=428.418472, feasible=true, active_stations=1
[2026-10-05 04:37:18.724] [info] [candidate.cpp:199] InstancePrecompute: built 25 candidates
[2026-10-05 04:37:18.724] [info] [stationary.cpp:264] NN: cost=137.093911, feasible=true, active_stations=1
[2026-10-05 04:37:18.724] [info] [candidate.cpp:199] InstancePrecompute: built 25 candidates
[2026-10-05 04:37:18.724] [info] [stationary.cpp:264] NN: cost=158.514835, feasible=true, active_stations=1
[2026-10-05 04:37:18.724] [info] [candidate.cpp:199] InstancePrecompute: built 25 candidates
[2026-10-05 04:37:18.724] [info] [stationary.cpp:264] NN: cost=484.112873, feasible=true, active_stations=1
[2026-10-05 04:37:18.724] [info] [candidate.cpp:199] InstancePrecompute: built 25 candidates
[2026-10-05 04:37:18.724] [info] [stationary.cpp:264] NN: cost=175.651573, feasible=true, active_stations=1
[2026-10-05 04:37:18.724] [info] [candidate.cpp:199] InstancePrecompute: built 25 candidates
[2026-10-05 04:37:18.724] [info] [stationary.cpp:264] NN: cost=728.311402, feasible=true, active_stations=1
[2026-10-05 04:37:18.724] [info] [candidate.cpp:199] InstancePrecompute: built 25 candidates
[2026-10-05 04:37:18.724] [info] [stationary.cpp:264] NN: cost=222.777605, feasible=true, active_stations=1
[2026-10-05 04:37:18.724] [info] [candidate.cpp:199] InstancePrecompute: built 25 candidates
[2026-10-05 04:37:18.724] [info] [stationary.cpp:264] NN: cost=248.482714, feasible=true, active_stations=1
[2026-10-05 04:37:18.724] [info] [candidate.cpp:199] InstancePrecompute: built 25 candidates
[2026-10-05 04:37:18.724] [info] [stationary.cpp:264] NN: cost=21.420924, feasible=true, active_stations=1
[2026-10-05 04:37:18.724] [info] [candidate.cpp:199] InstancePrecompute: built 25 candidates
[2026-10-05 04:37:18.724] [info] [stationary.cpp:264] NN: cost=209.925051, feasible=true, active_stations=1
[2026-10-05 04:37:18.724] [info] [candidate.cpp:199] InstancePrecompute: built 25 candidates
[2026-10-05 04:37:18.724] [info] [stationary.cpp:264] NN: cost=214.209236, feasible=true, active_stations=1
[2026-10-05 04:37:18.724] [info] [candidate.cpp:199] InstancePrecompute: built 25 candidates
[2026-10-05 04:37:18.724] [info] [stationary.cpp:264] NN: cost=445.555211, feasible=true, active_stations=1
[2026-10-05 04:37:18.724] [info] [candidate.cpp:199] InstancePrecompute: built 25 candidates
[2026-10-05 04:37:18.724] [info] [stationary.cpp:264] NN: cost=274.187822, feasible=true, active_stations=1
[2026-10-05 04:37:18.724] [info] [candidate.cpp:199] InstancePrecompute: built 25 candidates
[2026-10-05 04:37:18.724] [info] [stationary.cpp:264] NN: cost=428.418472, feasible=true, active_stations=1
[2026-10-05 04:37:18.724] [info] [candidate.cpp:199] InstancePrecompute: built 25 candidates
[2026-10-05 04:37:18.724] [info] [stationary.cpp:264] NN: cost=137.093911, feasible=true, active_stations=1
[2026-10-05 04:37:18.724] [info] [candidate.cpp:199] InstancePrecompute: built 25 candidates
[2026-10-05 04:37:18.724] [info] [stationary.cpp:264] NN: cost=158.514835, feasible=true, active_stations=1
[2026-10-05 04:37:18.724] [info] [candidate.cpp:199] InstancePrecompute: built 25 candidates
[2026-10-05 04:37:18.724] [info] [stationary.cpp:264] NN: cost=484.112873, feasible=true, active_stations=1
[2026-10-05 04:37:18.724] [info] [candidate.cpp:199] InstancePrecompute: built 25 candidates
[2026-10-05 04:37:18.724] [info] [stationary.cpp:264] NN: cost=728.311402, feasible=true, active_stations=1
[2026-10-05 04:37:18.724] [info] [candidate.cpp:199] InstancePrecompute: built 25 candidates
[2026-10-05 04:37:18.724] [info] [stationary.cpp:264] NN: cost=175.651573, feasible=true, active_stations=1
[2026-10-05 04:37:18.724] [info] [candidate.cpp:199] InstancePrecompute: built 50 candidates
[2026-10-05 04:37:18.724] [info] [stationary.cpp:264] NN: cost=471.260319, feasible=true, active_stations=2
[2026-10-05 04:37:18.724] [info] [candidate.cpp:199] InstancePrecompute: built 25 candidates
[2026-10-05 04:37:18.724] [info] [stationary.cpp:264] NN: cost=21.420924, feasible=true, active_stations=1
[2026-10-05 04:37:18.724] [info] [candidate.cpp:199] InstancePrecompute: built 25 candidates
[2026-10-05 04:37:18.724] [info] [stationary.cpp:264] NN: cost=209.925051, feasible=true, active_stations=1
[2026-10-05 04:37:18.724] [info] [candidate.cpp:199] InstancePrecompute: built 25 candidates
[2026-10-05 04:37:18.724] [info] [stationary.cpp:264] NN: cost=214.209236, feasible=true, active_stations=1
[2026-10-05 04:37:18.724] [info] [candidate.cpp:199] InstancePrecompute: built 25 candidates
[2026-10-05 04:37:18.724] [info] [stationary.cpp:264] NN: cost=445.555211, feasible=true, active_stations=1
[2026-10-05 04:37:18.724] [info] [candidate.cpp:199] InstancePrecompute: built 25 candidates
[2026-10-05 04:37:18.724] [info] [stationary.cpp:264] NN: cost=274.187822, feasible=true, active_stations=1
[2026-10-05 04:37:18.724] [info] [candidate.cpp:199] InstancePrecompute: built 25 candidates
[2026-10-05 04:37:18.724] [info] [stationary.cpp:264] NN: cost=428.418472, feasible=true, active_stations=1
[2026-10-05 04:37:18.724] [info] [candidate.cpp:199] InstancePrecompute: built 25 candidates
[2026-10-05 04:37:18.724] [info] [stationary.cpp:264] NN: cost=137.093911, feasible=true, active_stations=1
[2026-10-05 04:37:18.724] [info] [candidate.cpp:199] InstancePrecompute: built 25 candidates
[2026-10-05 04:37:18.724] [info] [stationary.cpp:264] NN: cost=158.514835, feasible=true, active_stations=1
[2026-10-05 04:37:18.724] [info] [candidate.cpp:199] InstancePrecompute: built 25 candidates
[2026-10-05 04:37:18.724] [info] [stationary.cpp:264] NN: cost=484.112873, feasible=true, active_stations=1
[2026-10-05 04:37:18.724] [info] [candidate.cpp:199] InstancePrecompute: built 25 candidates
[2026-10-05 04:37:18.724] [info] [stationary.cpp:264] NN: cost=728.311402, feasible=true, active_stations=1
[2026-10-05 04:37:18.724] [info] [candidate.cpp:199] InstancePrecompute: built 25 candidates
[2026-10-05 04:37:18.724] [info] [stationary.cpp:264] NN: cost=175.651573, feasible=true, active_stations=1
[2026-10-05 04:37:18.724] [info] [candidate.cpp:199] InstancePrecompute: built 50 candidates
[2026-10-05 04:37:18.724] [info] [stationary.cpp:264] NN: cost=471.260319, feasible=true, active_stations=2
[2026-10-05 04:37:18.724] [info] [candidate.cpp:199] InstancePrecompute: built 25 candidates
[2026-10-05 04:37:18.724] [info] [stationary.cpp:264] NN: cost=21.420924, feasible=true, active_stations=1
[2026-10-05 04:37:18.724] [info] [candidate.cpp:199] InstancePrecompute: built 25 candidates
[2026-10-05 04:37:18.724] [info] [stationary.cpp:264] NN: cost=209.925051, feasible=true, active_stations=1
[2026-10-05 04:37:18.724] [info] [candidate.cpp:199] InstancePrecompute: built 25 candidates
[2026-10-05 04:37:18.724] [info] [stationary.cpp:264] NN: cost=214.209236, feasible=true, active_stations=1
[2026-10-05 04:37:18.724] [info] [candidate.cpp:199] InstancePrecompute: built 25 candidates
[2026-10-05 04:37:18.724] [info] [stationary.cpp:264] NN: cost=445.555211, feasible=true, active_stations=1
[2026-10-05 04:37:18.724] [info] [candidate.cpp:199] InstancePrecompute: built 25 candidates
[2026-10-05 04:37:18.724] [info] [stationary.cpp:264] NN: cost=274.187822, feasible=true, active_stations=1
[2026-10-05 04:37:18.724] [info] [candidate.cpp:199] InstancePrecompute: built 25 candidates
[2026-10-05 04:37:18.724] [info] [stationary.cpp:264] NN: cost=428.418472, feasible=true, active_stations=1
[2026-10-05 04:37:18.724] [info] [candidate.cpp:199] InstancePrecompute: built 25 candidates
[2026-10-05 04:37:18.724] [info] [stationary.cpp:264] NN: cost=137.093911, feasible=true, active_stations=1
[2026-10-05 04:37:18.724] [info] [candidate.cpp:199] InstancePrecompute: built 25 candidates
[2026-10-05 04:37:18.724] [info] [stationary.cpp:264] NN: cost=158.514835, feasible=true, active_stations=1
[2026-10-05 04:37:18.724] [info] [candidate.cpp:199] InstancePrecompute: built 25 candidates
[2026-10-05 04:37:18.724] [info] [stationary.cpp:264] NN: cost=484.112873, feasible=true, active_stations=1
[2026-10-05 04:37:18.724] [info] [candidate.cpp:199] InstancePrecompute: built 25 candidates
[2026-10-05 04:37:18.724] [info] [stationary.cpp:264] NN: cost=728.311402, feasible=true, active_stations=1
[2026-10-05 04:37:18.724] [info] [candidate.cpp:199] InstancePrecompute: built 25 candidates
[2026-10-05 04:37:18.724] [info] [stationary.cpp:264] NN: cost=175.651573, feasible=true, active_stations=1
[2026-10-05 04:37:18.724] [info] [candidate.cpp:199] InstancePrecompute: built 50 candidates
[2026-10-05 04:37:18.724] [info] [stationary.cpp:264] NN: cost=471.260319, feasible=true, active_stations=2
[2026-10-05 04:37:18.724] [info] [candidate.cpp:199] InstancePrecompute: built 25 candidates
[2026-10-05 04:37:18.724] [info] [stationary.cpp:264] NN: cost=21.420924, feasible=true, active_stations=1
[2026-10-05 04:37:18.724] [info] [candidate.cpp:199] InstancePrecompute: built 25 candidates
[2026-10-05 04:37:18.724] [info] [stationary.cpp:264] NN: cost=209.925051, feasible=true, active_stations=1
[2026-10-05 04:37:18.724] [info] [candidate.cpp:199] InstancePrecompute: built 25 candidates
[2026-10-05 04:37:18.724] [info] [stationary.cpp:264] NN: cost=214.209236, feasible=true, active_stations=1
[2026-10-05 04:37:18.724] [info] [candidate.cpp:199] InstancePrecompute: built 25 candidates
[2026-10-05 04:37:18.724] [info] [stationary.cpp:264] NN: cost=445.555211, feasible=true, active_stations=1
[2026-10-05 04:37:18.724] [info] [candidate.cpp:199] InstancePrecompute: built 25 candidates
[2026-10-05 04:37:18.724] [info] [stationary.cpp:264] NN: cost=274.187822, feasible=true, active_stations=1
[2026-10-05 04:37:18.724] [info] [candidate.cpp:199] InstancePrecompute: built 25 candidates
[2026-10-05 04:37:18.724] [info] [stationary.cpp:264] NN: cost=428.418472, feasible=true, active_stations=1
[2026-10-05 04:37:18.724] [info] [candidate.cpp:199] InstancePrecompute: built 25 candidates
[2026-10-05 04:37:18.724] [info] [stationary.cpp:264] NN: cost=137.093911, feasible=true, active_stations=1
[2026-10-05 04:37:18.724] [info] [candidate.cpp:199] InstancePrecompute: built 25 candidates
[2026-10-05 04:37:18.724] [info] [stationary.cpp:264] NN: cost=158.514835, feasible=true, active_stations=1
[2026-10-05 04:37:18.724] [info] [candidate.cpp:199] InstancePrecompute: built 25 candidates
[2026-10-05 04:37:18.724] [info] [stationary.cpp:264] NN: cost=484.112873, feasible=true, active_stations=1
[2026-10-05 04:37:18.724] [info] [candidate.cpp:199] InstancePrecompute: built 25 candidates
[2026-10-05 04:37:18.724] [info] [stationary.cpp:264] NN: cost=728.311402, feasible=true, active_stations=1
[2026-10-05 04:37:18.724] [info] [candidate.cpp:199] InstancePrecompute: built 25 candidates
[2026-10-05 04:37:18.724] [info] [stationary.cpp:264] NN: cost=175.651573, feasible=true, active_stations=1
[2026-10-05 04:37:18.724] [info] [candidate.cpp:199] InstancePrecompute: built 50 candidates
[2026-10-05 04:37:18.724] [info] [stationary.cpp:264] NN: cost=471.260319, feasible=true, active_stations=2
[2026-10-05 04:37:18.724] [info] [candidate.cpp:199] InstancePrecompute: built 25 candidates
[2026-10-05 04:37:18.724] [info] [stationary.cpp:264] NN: cost=21.420924, feasible=true, active_stations=1
[2026-10-05 04:37:18.724] [info] [candidate.cpp:199] InstancePrecompute: built 25 candidates
[2026-10-05 04:37:18.724] [info] [stationary.cpp:264] NN: cost=209.925051, feasible=true, active_stations=1
[2026-10-05 04:37:18.724] [info] [candidate.cpp:199] InstancePrecompute: built 50 candidates
[2026-10-05 04:37:18.724] [info] [stationary.cpp:264] NN: cost=659.764447, feasible=true, active_stations=2
[2026-10-05 04:37:18.724] [info] [candidate.cpp:199] InstancePrecompute: built 25 candidates
[2026-10-05 04:37:18.724] [info] [stationary.cpp:264] NN: cost=274.187822, feasible=true, active_stations=1
[2026-10-05 04:37:18.724] [info] [candidate.cpp:199] InstancePrecompute: built 25 candidates
[2026-10-05 04:37:18.724] [info] [stationary.cpp:264] NN: cost=428.418472, feasible=true, active_stations=1
[2026-10-05 04:37:18.724] [info] [candidate.cpp:199] InstancePrecompute: built 25 candidates
[2026-10-05 04:37:18.724] [info] [stationary.cpp:264] NN: cost=137.093911, feasible=true, active_stations=1
[2026-10-05 04:37:18.724] [info] [candidate.cpp:199] InstancePrecompute: built 25 candidates
[2026-10-05 04:37:18.724] [info] [stationary.cpp:264] NN: cost=158.514835, feasible=true, active_stations=1
[2026-10-05 04:37:18.724] [info] [candidate.cpp:199] InstancePrecompute: built 25 candidates
[2026-10-05 04:37:18.724] [info] [stationary.cpp:264] NN: cost=484.112873, feasible=true, active_stations=1
[2026-10-05 04:37:18.724] [info] [candidate.cpp:199] InstancePrecompute: built 25 candidates
[2026-10-05 04:37:18.724] [info] [stationary.cpp:264] NN: cost=728.311402, feasible=true, active_stations=1
[2026-10-05 04:37:18.724] [info] [candidate.cpp:199] InstancePrecompute: built 25 candidates
[2026-10-05 04:37:18.724] [info] [stationary.cpp:264] NN: cost=175.651573, feasible=true, active_stations=1
[2026-10-05 04:37:18.724] [info] [candidate.cpp:199] InstancePrecompute: built 50 candidates
[2026-10-05 04:37:18.724] [info] [stationary.cpp:264] NN: cost=471.260319, feasible=true, active_stations=2
[2026-10-05 04:37:18.724] [info] [candidate.cpp:199] InstancePrecompute: built 25 candidates
[2026-10-05 04:37:18.724] [info] [stationary.cpp:264] NN: cost=21.420924, feasible=true, active_stations=1
[2026-10-05 04:37:18.724] [info] [candidate.cpp:199] InstancePrecompute: built 25 candidates
[2026-10-05 04:37:18.724] [info] [stationary.cpp:264] NN: cost=209.925051, feasible=true, active_stations=1
[2026-10-05 04:37:18.724] [info] [candidate.cpp:199] InstancePrecompute: built 50 candidates
[2026-10-05 04:37:18.724] [info] [stationary.cpp:264] NN: cost=659.764447, feasible=true, active_stations=2
[2026-10-05 04:37:18.724] [info] [candidate.cpp:199] InstancePrecompute: built 25 candidates
[2026-10-05 04:37:18.724] [info] [stationary.cpp:264] NN: cost=274.187822, feasible=true, active_stations=1
[2026-10-05 04:37:18.724] [info] [candidate.cpp:199] InstancePrecompute: built 25 candidates
[2026-10-05 04:37:18.724] [info] [stationary.cpp:264] NN: cost=428.418472, feasible=true, active_stations=1
[2026-10-05 04:37:18.724] [info] [candidate.cpp:199] InstancePrecompute: built 25 candidates
[2026-10-05 04:37:18.724] [info] [stationary.cpp:264] NN: cost=137.093911, feasible=true, active_stations=1
[2026-10-05 04:37:18.724] [info] [candidate.cpp:199] InstancePrecompute: built 25 candidates
[2026-10-05 04:37:18.724] [info] [stationary.cpp:264] NN: cost=158.514835, feasible=true, active_stations=1
[2026-10-05 04:37:18.724] [info] [candidate.cpp:199] InstancePrecompute: built 25 candidates
[2026-10-05 04:37:18.724] [info] [stationary.cpp:264] NN: cost=484.112873, feasible=true, active_stations=1
[2026-10-05 04:37:18.724] [info] [candidate.cpp:199] InstancePrecompute: built 25 candidates
[2026-10-05 04:37:18.724] [info] [stationary.cpp:264] NN: cost=728.311402, feasible=true, active_stations=1
[2026-10-05 04:37:18.724] [info] [candidate.cpp:199] InstancePrecompute: built 25 candidates
[2026-10-05 04:37:18.724] [info] [stationary.cpp:264] NN: cost=175.651573, feasible=true, active_stations=1
[2026-10-05 04:37:18.724] [info] [candidate.cpp:199] InstancePrecompute: built 50 candidates
[2026-10-05 04:37:18.724] [info] [stationary.cpp:264] NN: cost=471.260319, feasible=true, active_stations=2
[2026-10-05 04:37:18.724] [info] [candidate.cpp:199] InstancePrecompute: built 25 candidates
[2026-10-05 04:37:18.724] [info] [stationary.cpp:264] NN: cost=21.420924, feasible=true, active_stations=1
[2026-10-05 04:37:18.724] [info] [candidate.cpp:199] InstancePrecompute: built 25 candidates
[2026-10-05 04:37:18.724] [info] [stationary.cpp:264] NN: cost=209.925051, feasible=true, active_stations=1
[2026-10-05 04:37:18.724] [info] [candidate.cpp:199] InstancePrecompute: built 25 candidates
[2026-10-05 04:37:18.724] [info] [stationary.cpp:264] NN: cost=214.209236, feasible=true, active_stations=1
[2026-10-05 04:37:18.724] [info] [candidate.cpp:199] InstancePrecompute: built 25 candidates
[2026-10-05 04:37:18.724] [info] [stationary.cpp:264] NN: cost=445.555211, feasible=true, active_stations=1
[2026-10-05 04:37:18.724] [info] [candidate.cpp:199] InstancePrecompute: built 25 candidates
[2026-10-05 04:37:18.724] [info] [stationary.cpp:264] NN: cost=274.187822, feasible=true, active_stations=1
[2026-10-05 04:37:18.724] [info] [candidate.cpp:199] InstancePrecompute: built 25 candidates
[2026-10-05 04:37:18.724] [info] [stationary.cpp:264] NN: cost=428.418472, feasible=true, active_stations=1
[2026-10-05 04:37:18.724] [info] [candidate.cpp:199] InstancePrecompute: built 25 candidates
[2026-10-05 04:37:18.724] [info] [stationary.cpp:264] NN: cost=137.093911, feasible=true, active_stations=1
[2026-10-05 04:37:18.724] [info] [candidate.cpp:199] InstancePrecompute: built 25 candidates
[2026-10-05 04:37:18.724] [info] [stationary.cpp:264] NN: cost=158.514835, feasible=true, active_stations=1
[2026-10-05 04:37:18.724] [info] [candidate.cpp:199] InstancePrecompute: built 25 candidates
[2026-10-05 04:37:18.724] [info] [stationary.cpp:264] NN: cost=484.112873, feasible=true, active_stations=1
[2026-10-05 04:37:18.724] [info] [candidate.cpp:199] InstancePrecompute: built 25 candidates
[2026-10-05 04:37:18.724] [info] [stationary.cpp:264] NN: cost=728.311402, feasible=true, active_stations=1
[2026-10-05 04:37:18.724] [info] [candidate.cpp:199] InstancePrecompute: built 25 candidates
[2026-10-05 04:37:18.724] [info] [stationary.cpp:264] NN: cost=175.651573, feasible=true, active_stations=1
[2026-10-05 04:37:18.724] [info] [candidate.cpp:199] InstancePrecompute: built 50 candidates
[2026-10-05 04:37:18.724] [info] [stationary.cpp:264] NN: cost=471.260319, feasible=true, active_stations=2
[2026-10-05 04:37:18.724] [info] [candidate.cpp:199] InstancePrecompute: built 25 candidates
[2026-10-05 04:37:18.724] [info] [stationary.cpp:264] NN: cost=21.420924, feasible=true, active_stations=1
[2026-10-05 04:37:18.724] [info] [candidate.cpp:199] InstancePrecompute: built 25 candidates
[2026-10-05 04:37:18.724] [info] [stationary.cpp:264] NN: cost=209.925051, feasible=true, active_stations=1
[2026-10-05 04:37:18.724] [info] [candidate.cpp:199] InstancePrecompute: built 25 candidates
[2026-10-05 04:37:18.724] [info] [stationary.cpp:264] NN: cost=214.209236, feasible=true, active_stations=1
[2026-10-05 04:37:18.724] [info] [candidate.cpp:199] InstancePrecompute: built 25 candidates
[2026-10-05 04:37:18.724] [info] [stationary.cpp:264] NN: cost=445.555211, feasible=true, active_stations=1
[2026-10-05 04:37:18.724] [info] [candidate.cpp:199] InstancePrecompute: built 25 candidates
[2026-10-05 04:37:18.724] [info] [stationary.cpp:264] NN: cost=274.187822, feasible=true, active_stations=1
[2026-10-05 04:37:18.724] [info] [candidate.cpp:199] InstancePrecompute: built 25 candidates
[2026-10-05 04:37:18.724] [info] [stationary.cpp:264] NN: cost=428.418472, feasible=true, active_stations=1
[2026-10-05 04:37:18.724] [info] [candidate.cpp:199] InstancePrecompute: built 25 candidates
[2026-10-05 04:37:18.724] [info] [stationary.cpp:264] NN: cost=137.093911, feasible=true, active_stations=1
[2026-10-05 04:37:18.725] [info] [candidate.cpp:199] InstancePrecompute: built 25 candidates
[2026-10-05 04:37:18.725] [info] [stationary.cpp:264] NN: cost=158.514835, feasible=true, active_stations=1
[2026-10-05 04:37:18.725] [info] [candidate.cpp:199] InstancePrecompute: built 25 candidates
[2026-10-05 04:37:18.725] [info] [stationary.cpp:264] NN: cost=484.112873, feasible=true, active_stations=1
[2026-10-05 04:37:18.725] [info] [candidate.cpp:199] InstancePrecompute: built 25 candidates
[2026-10-05 04:37:18.725] [info] [stationary.cpp:264] NN: cost=728.311402, feasible=true, active_stations=1
[2026-10-05 04:37:18.725] [info] [candidate.cpp:199] InstancePrecompute: built 25 candidates
[2026-10-05 04:37:18.725] [info] [stationary.cpp:264] NN: cost=175.651573, feasible=true, active_stations=1
[2026-10-05 04:37:18.725] [info] [candidate.cpp:199] InstancePrecompute: built 25 candidates
[2026-10-05 04:37:18.725] [info] [stationary.cpp:264] NN: cost=222.777605, feasible=true, active_stations=1
[2026-10-05 04:37:18.725] [info] [candidate.cpp:199] InstancePrecompute: built 25 candidates
[2026-10-05 04:37:18.725] [info] [stationary.cpp:264] NN: cost=248.482714, feasible=true, active_stations=1
[2026-10-05 04:37:18.725] [info] [candidate.cpp:199] InstancePrecompute: built 25 candidates
[2026-10-05 04:37:18.725] [info] [stationary.cpp:264] NN: cost=21.420924, feasible=true, active_stations=1
[2026-10-05 04:37:18.725] [info] [candidate.cpp:199] InstancePrecompute: built 25 candidates
[2026-10-05 04:37:18.725] [info] [stationary.cpp:264] NN: cost=209.925051, feasible=true, active_stations=1
[2026-10-05 04:37:18.725] [info] [candidate.cpp:199] InstancePrecompute: built 25 candidates
[2026-10-05 04:37:18.725] [info] [stationary.cpp:264] NN: cost=214.209236, feasible=true, active_stations=1
[2026-10-05 04:37:18.725] [info] [candidate.cpp:199] InstancePrecompute: built 25 candidates
[2026-10-05 04:37:18.725] [info] [stationary.cpp:264] NN: cost=445.555211, feasible=true, active_stations=1
[2026-10-05 04:37:18.725] [info] [candidate.cpp:199] InstancePrecompute: built 25 candidates
[2026-10-05 04:37:18.725] [info] [stationary.cpp:264] NN: cost=274.187822, feasible=true, active_stations=1
[2026-10-05 04:37:18.725] [info] [candidate.cpp:199] InstancePrecompute: built 25 candidates
[2026-10-05 04:37:18.725] [info] [stationary.cpp:264] NN: cost=428.418472, feasible=true, active_stations=1
[2026-10-05 04:37:18.725] [info] [candidate.cpp:199] InstancePrecompute: built 25 candidates
[2026-10-05 04:37:18.725] [info] [stationary.cpp:264] NN: cost=137.093911, feasible=true, active_stations=1
[2026-10-05 04:37:18.725] [info] [candidate.cpp:199] InstancePrecompute: built 25 candidates
[2026-10-05 04:37:18.725] [info] [stationary.cpp:264] NN: cost=158.514835, feasible=true, active_stations=1
[2026-10-05 04:37:18.725] [info] [candidate.cpp:199] InstancePrecompute: built 25 candidates
[2026-10-05 04:37:18.725] [info] [stationary.cpp:264] NN: cost=484.112873, feasible=true, active_stations=1
[2026-10-05 04:37:18.725] [info] [candidate.cpp:199] InstancePrecompute: built 25 candidates
[2026-10-05 04:37:18.725] [info] [stationary.cpp:264] NN: cost=728.311402, feasible=true, active_stations=1
[2026-10-05 04:37:18.725] [info] [candidate.cpp:199] InstancePrecompute: built 25 candidates
[2026-10-05 04:37:18.725] [info] [stationary.cpp:264] NN: cost=175.651573, feasible=true, active_stations=1
[2026-10-05 04:37:18.725] [info] [candidate.cpp:199] InstancePrecompute: built 50 candidates
[2026-10-05 04:37:18.725] [info] [stationary.cpp:264] NN: cost=471.260319, feasible=true, active_stations=2
[2026-10-05 04:37:18.725] [info] [candidate.cpp:199] InstancePrecompute: built 25 candidates
[2026-10-05 04:37:18.725] [info] [stationary.cpp:264] NN: cost=21.420924, feasible=true, active_stations=1
[2026-10-05 04:37:18.725] [info] [candidate.cpp:199] InstancePrecompute: built 25 candidates
[2026-10-05 04:37:18.725] [info] [stationary.cpp:264] NN: cost=209.925051, feasible=true, active_stations=1
[2026-10-05 04:37:18.725] [info] [candidate.cpp:199] InstancePrecompute: built 25 candidates
[2026-10-05 04:37:18.725] [info] [stationary.cpp:264] NN: cost=214.209236, feasible=true, active_stations=1
[2026-10-05 04:37:18.725] [info] [candidate.cpp:199] InstancePrecompute: built 25 candidates
[2026-10-05 04:37:18.725] [info] [stationary.cpp:264] NN: cost=445.555211, feasible=true, active_stations=1
[2026-10-05 04:37:18.725] [info] [candidate.cpp:199] InstancePrecompute: built 25 candidates
[2026-10-05 04:37:18.725] [info] [stationary.cpp:264] NN: cost=274.187822, feasible=true, active_stations=1
[2026-10-05 04:37:18.725] [info] [candidate.cpp:199] InstancePrecompute: built 25 candidates
[2026-10-05 04:37:18.725] [info] [stationary.cpp:264] NN: cost=428.418472, feasible=true, active_stations=1
[2026-10-05 04:37:18.725] [info] [candidate.cpp:199] InstancePrecompute: built 25 candidates
[2026-10-05 04:37:18.725] [info] [stationary.cpp:264] NN: cost=137.093911, feasible=true, active_stations=1
[2026-10-05 04:37:18.725] [info] [candidate.cpp:199] InstancePrecompute: built 25 candidates
[2026-10-05 04:37:18.725] [info] [stationary.cpp:264] NN: cost=158.514835, feasible=true, active_stations=1
[2026-10-05 04:37:18.725] [info] [candidate.cpp:199] InstancePrecompute: built 25 candidates
[2026-10-05 04:37:18.725] [info] [stationary.cpp:264] NN: cost=484.112873, feasible=true, active_stations=1
[2026-10-05 04:37:18.725] [info] [candidate.cpp:199] InstancePrecompute: built 25 candidates
[2026-10-05 04:37:18.725] [info] [stationary.cpp:264] NN: cost=728.311402, feasible=true, active_stations=1
[2026-10-05 04:37:18.725] [info] [candidate.cpp:199] InstancePrecompute: built 25 candidates
[2026-10-05 04:37:18.725] [info] [stationary.cpp:264] NN: cost=175.651573, feasible=true, active_stations=1
[2026-10-05 04:37:18.725] [info] [candidate.cpp:199] InstancePrecompute: built 50 candidates
[2026-10-05 04:37:18.725] [info] [stationary.cpp:264] NN: cost=471.260319, feasible=true, active_stations=2
[2026-10-05 04:37:18.725] [info] [candidate.cpp:199] InstancePrecompute: built 25 candidates
[2026-10-05 04:37:18.725] [info] [stationary.cpp:264] NN: cost=21.420924, feasible=true, active_stations=1
[2026-10-05 04:37:18.725] [info] [candidate.cpp:199] InstancePrecompute: built 25 candidates
[2026-10-05 04:37:18.725] [info] [stationary.cpp:264] NN: cost=209.925051, feasible=true, active_stations=1
[2026-10-05 04:37:18.725] [info] [candidate.cpp:199] InstancePrecompute: built 25 candidates
[2026-10-05 04:37:18.725] [info] [stationary.cpp:264] NN: cost=214.209236, feasible=true, active_stations=1
[2026-10-05 04:37:18.725] [info] [candidate.cpp:199] InstancePrecompute: built 25 candidates
[2026-10-05 04:37:18.725] [info] [stationary.cpp:264] NN: cost=445.555211, feasible=true, active_stations=1
[2026-10-05 04:37:18.725] [info] [candidate.cpp:199] InstancePrecompute: built 25 candidates
[2026-10-05 04:37:18.725] [info] [stationary.cpp:264] NN: cost=274.187822, feasible=true, active_stations=1
[2026-10-05 04:37:18.725] [info] [candidate.cpp:199] InstancePrecompute: built 25 candidates
[2026-10-05 04:37:18.725] [info] [stationary.cpp:264] NN: cost=428.418472, feasible=true, active_stations=1
[2026-10-05 04:37:18.725] [info] [candidate.cpp:199] InstancePrecompute: built 25 candidates
[2026-10-05 04:37:18.725] [info] [stationary.cpp:264] NN: cost=137.093911, feasible=true, active_stations=1
[2026-10-05 04:37:18.725] [info] [candidate.cpp:199] InstancePrecompute: built 25 candidates
[2026-10-05 04:37:18.725] [info] [stationary.cpp:264] NN: cost=158.514835, feasible=true, active_stations=1
[2026-10-05 04:37:18.725] [info] [candidate.cpp:199] InstancePrecompute: built 25 candidates
[2026-10-05 04:37:18.725] [info] [stationary.cpp:264] NN: cost=484.112873, feasible=true, active_stations=1
[2026-10-05 04:37:18.725] [info] [candidate.cpp:199] InstancePrecompute: built 25 candidates
[2026-10-05 04:37:18.725] [info] [stationary.cpp:264] NN: cost=728.311402, feasible=true, active_stations=1
[2026-10-05 04:37:18.725] [info] [candidate.cpp:199] InstancePrecompute: built 25 candidates
[2026-10-05 04:37:18.725] [info] [stationary.cpp:264] NN: cost=175.651573, feasible=true, active_stations=1
[2026-10-05 04:37:18.725] [info] [candidate.cpp:199] InstancePrecompute: built 50 candidates
[2026-10-05 04:37:18.725] [info] [stationary.cpp:264] NN: cost=471.260319, feasible=true, active_stations=2
[2026-10-05 04:37:18.725] [info] [candidate.cpp:199] InstancePrecompute: built 25 candidates
[2026-10-05 04:37:18.725] [info] [stationary.cpp:264] NN: cost=21.420924, feasible=true, active_stations=1
[2026-10-05 04:37:18.725] [info] [candidate.cpp:199] InstancePrecompute: built 25 candidates
[2026-10-05 04:37:18.725] [info] [stationary.cpp:264] NN: cost=209.925051, feasible=true, active_stations=1
[2026-10-05 04:37:18.725] [info] [candidate.cpp:199] InstancePrecompute: built 25 candidates
[2026-10-05 04:37:18.725] [info] [stationary.cpp:264] NN: cost=214.209236, feasible=true, active_stations=1
[2026-10-05 04:37:18.725] [info] [candidate.cpp:199] InstancePrecompute: built 25 candidates
[2026-10-05 04:37:18.725] [info] [stationary.cpp:264] NN: cost=445.555211, feasible=true, active_stations=1
[2026-10-05 04:37:18.725] [info] [candidate.cpp:199] InstancePrecompute: built 25 candidates
[2026-10-05 04:37:18.725] [info] [stationary.cpp:264] NN: cost=274.187822, feasible=true, active_stations=1
[2026-10-05 04:37:18.725] [info] [candidate.cpp:199] InstancePrecompute: built 25 candidates
[2026-10-05 04:37:18.725] [info] [stationary.cpp:264] NN: cost=428.418472, feasible=true, active_stations=1
[2026-10-05 04:37:18.725] [info] [candidate.cpp:199] InstancePrecompute: built 25 candidates
[2026-10-05 04:37:18.725] [info] [stationary.cpp:264] NN: cost=137.093911, feasible=true, active_stations=1
[2026-10-05 04:37:18.725] [info] [candidate.cpp:199] InstancePrecompute: built 25 candidates
[2026-10-05 04:37:18.725] [info] [stationary.cpp:264] NN: cost=158.514835, feasible=true, active_stations=1
[2026-10-05 04:37:18.725] [info] [candidate.cpp:199] InstancePrecompute: built 25 candidates
[2026-10-05 04:37:18.725] [info] [stationary.cpp:264] NN: cost=484.112873, feasible=true, active_stations=1
[2026-10-05 04:37:18.725] [info] [candidate.cpp:199] InstancePrecompute: built 25 candidates
[2026-10-05 04:37:18.725] [info] [stationary.cpp:264] NN: cost=728.311402, feasible=true, active_stations=1
[2026-10-05 04:37:18.725] [info] [candidate.cpp:199] InstancePrecompute: built 25 candidates
[2026-10-05 04:37:18.725] [info] [stationary.cpp:264] NN: cost=175.651573, feasible=true, active_stations=1
[2026-10-05 04:37:18.725] [info] [candidate.cpp:199] InstancePrecompute: built 50 candidates
[2026-10-05 04:37:18.725] [info] [stationary.cpp:264] NN: cost=471.260319, feasible=true, active_stations=2
[2026-10-05 04:37:18.725] [info] [candidate.cpp:199] InstancePrecompute: built 25 candidates
[2026-10-05 04:37:18.725] [info] [stationary.cpp:264] NN: cost=21.420924, feasible=true, active_stations=1
[2026-10-05 04:37:18.725] [info] [candidate.cpp:199] InstancePrecompute: built 25 candidates
[2026-10-05 04:37:18.725] [info] [stationary.cpp:264] NN: cost=209.925051, feasible=true, active_stations=1
[2026-10-05 04:37:18.725] [info] [candidate.cpp:199] InstancePrecompute: built 50 candidates
[2026-10-05 04:37:18.725] [info] [stationary.cpp:264] NN: cost=659.764447, feasible=true, active_stations=2
[2026-10-05 04:37:18.725] [info] [candidate.cpp:199] InstancePrecompute: built 25 candidates
[2026-10-05 04:37:18.725] [info] [stationary.cpp:264] NN: cost=274.187822, feasible=true, active_stations=1
[2026-10-05 04:37:18.725] [info] [candidate.cpp:199] InstancePrecompute: built 25 candidates
[2026-10-05 04:37:18.725] [info] [stationary.cpp:264] NN: cost=428.418472, feasible=true, active_stations=1
[2026-10-05 04:37:18.725] [info] [candidate.cpp:199] InstancePrecompute: built 25 candidates
[2026-10-05 04:37:18.725] [info] [stationary.cpp:264] NN: cost=137.093911, feasible=true, active_stations=1
[2026-10-05 04:37:18.725] [info] [candidate.cpp:199] InstancePrecompute: built 25 candidates
[2026-10-05 04:37:18.725] [info] [stationary.cpp:264] NN: cost=158.514835, feasible=true, active_stations=1
[2026-10-05 04:37:18.725] [info] [candidate.cpp:199] InstancePrecompute: built 25 candidates
[2026-10-05 04:37:18.725] [info] [stationary.cpp:264] NN: cost=484.112873, feasible=true, active_stations=1
[2026-10-05 04:37:18.725] [info] [candidate.cpp:199] InstancePrecompute: built 25 candidates
[2026-10-05 04:37:18.725] [info] [stationary.cpp:264] NN: cost=728.311402, feasible=true, active_stations=1
[2026-10-05 04:37:18.725] [info] [candidate.cpp:199] InstancePrecompute: built 25 candidates
[2026-10-05 04:37:18.725] [info] [stationary.cpp:264] NN: cost=175.651573, feasible=true, active_stations=1
[2026-10-05 04:37:18.725] [info] [candidate.cpp:199] InstancePrecompute: built 50 candidates
[2026-10-05 04:37:18.725] [info] [stationary.cpp:264] NN: cost=471.260319, feasible=true, active_stations=2
[2026-10-05 04:37:18.725] [info] [candidate.cpp:199] InstancePrecompute: built 25 candidates
[2026-10-05 04:37:18.725] [info] [stationary.cpp:264] NN: cost=21.420924, feasible=true, active_stations=1
[2026-10-05 04:37:18.725] [info] [candidate.cpp:199] InstancePrecompute: built 25 candidates
[2026-10-05 04:37:18.725] [info] [stationary.cpp:264] NN: cost=209.925051, feasible=true, active_stations=1
[2026-10-05 04:37:18.725] [info] [candidate.cpp:199] InstancePrecompute: built 50 candidates
[2026-10-05 04:37:18.725] [info] [stationary.cpp:264] NN: cost=659.764447, feasible=true, active_stations=2
[2026-10-05 04:37:18.725] [info] [candidate.cpp:199] InstancePrecompute: built 25 candidates
[2026-10-05 04:37:18.725] [info] [stationary.cpp:264] NN: cost=274.187822, feasible=true, active_stations=1
[2026-10-05 04:37:18.725] [info] [candidate.cpp:199] InstancePrecompute: built 25 candidates
[2026-10-05 04:37:18.725] [info] [stationary.cpp:264] NN: cost=428.418472, feasible=true, active_stations=1
[2026-10-05 04:37:18.725] [info] [candidate.cpp:199] InstancePrecompute: built 25 candidates
[2026-10-05 04:37:18.725] [info] [stationary.cpp:264] NN: cost=137.093911, feasible=true, active_stations=1
[2026-10-05 04:37:18.725] [info] [candidate.cpp:199] InstancePrecompute: built 25 candidates
[2026-10-05 04:37:18.725] [info] [stationary.cpp:264] NN: cost=158.514835, feasible=true, active_stations=1
[2026-10-05 04:37:18.725] [info] [candidate.cpp:199] InstancePrecompute: built 25 candidates
[2026-10-05 04:37:18.725] [info] [stationary.cpp:264] NN: cost=484.112873, feasible=true, active_stations=1
[2026-10-05 04:37:18.725] [info] [candidate.cpp:199] InstancePrecompute: built 25 candidates
[2026-10-05 04:37:18.725] [info] [stationary.cpp:264] NN: cost=728.311402, feasible=true, active_stations=1
[2026-10-05 04:37:18.725] [info] [candidate.cpp:199] InstancePrecompute: built 25 candidates
[2026-10-05 04:37:18.725] [info] [stationary.cpp:264] NN: cost=175.651573, feasible=true, active_stations=1
[2026-10-05 04:37:18.725] [info] [candidate.cpp:199] InstancePrecompute: built 50 candidates
[2026-10-05 04:37:18.725] [info] [stationary.cpp:264] NN: cost=471.260319, feasible=true, active_stations=2
[2026-10-05 04:37:18.725] [info] [candidate.cpp:199] InstancePrecompute: built 25 candidates
[2026-10-05 04:37:18.725] [info] [stationary.cpp:264] NN: cost=21.420924, feasible=true, active_stations=1
[2026-10-05 04:37:18.725] [info] [candidate.cpp:199] InstancePrecompute: built 25 candidates
[2026-10-05 04:37:18.725] [info] [stationary.cpp:264] NN: cost=209.925051, feasible=true, active_stations=1
[2026-10-05 04:37:18.725] [info] [candidate.cpp:199] InstancePrecompute: built 25 candidates
[2026-10-05 04:37:18.725] [info] [stationary.cpp:264] NN: cost=214.209236, feasible=true, active_stations=1
[2026-10-05 04:37:18.725] [info] [candidate.cpp:199] InstancePrecompute: built 25 candidates
[2026-10-05 04:37:18.725] [info] [stationary.cpp:264] NN: cost=445.555211, feasible=true, active_stations=1
[2026-10-05 04:37:18.725] [info] [candidate.cpp:199] InstancePrecompute: built 25 candidates
[2026-10-05 04:37:18.725] [info] [stationary.cpp:264] NN: cost=274.187822, feasible=true, active_stations=1
[2026-10-05 04:37:18.725] [info] [candidate.cpp:199] InstancePrecompute: built 25 candidates
[2026-10-05 04:37:18.725] [info] [stationary.cpp:264] NN: cost=428.418472, feasible=true, active_stations=1
[2026-10-05 04:37:18.725] [info] [candidate.cpp:199] InstancePrecompute: built 25 candidates
[2026-10-05 04:37:18.725] [info] [stationary.cpp:264] NN: cost=137.093911, feasible=true, active_stations=1
[2026-10-05 04:37:18.725] [info] [candidate.cpp:199] InstancePrecompute: built 25 candidates
[2026-10-05 04:37:18.725] [info] [stationary.cpp:264] NN: cost=158.514835, feasible=true, active_stations=1
[2026-10-05 04:37:18.725] [info] [candidate.cpp:199] InstancePrecompute: built 25 candidates
[2026-10-05 04:37:18.725] [info] [stationary.cpp:264] NN: cost=484.112873, feasible=true, active_stations=1
[2026-10-05 04:37:18.725] [info] [candidate.cpp:199] InstancePrecompute: built 25 candidates
[2026-10-05 04:37:18.725] [info] [stationary.cpp:264] NN: cost=728.311402, feasible=true, active_stations=1
[2026-10-05 04:37:18.725] [info] [candidate.cpp:199] InstancePrecompute: built 25 candidates
[2026-10-05 04:37:18.725] [info] [stationary.cpp:264] NN: cost=175.651573, feasible=true, active_stations=1
[2026-10-05 04:37:18.725] [info] [candidate.cpp:199] InstancePrecompute: built 50 candidates
[2026-10-05 04:37:18.725] [info] [stationary.cpp:264] NN: cost=471.260319, feasible=true, active_stations=2
[2026-10-05 04:37:18.725] [info] [candidate.cpp:199] InstancePrecompute: built 25 candidates
[2026-10-05 04:37:18.725] [info] [stationary.cpp:264] NN: cost=21.420924, feasible=true, active_stations=1
[2026-10-05 04:37:18.725] [info] [candidate.cpp:199] InstancePrecompute: built 25 candidates
[2026-10-05 04:37:18.725] [info] [stationary.cpp:264] NN: cost=209.925051, feasible=true, active_stations=1
[2026-10-05 04:37:18.725] [info] [candidate.cpp:199] InstancePrecompute: built 25 candidates
[2026-10-05 04:37:18.725] [info] [stationary.cpp:264] NN: cost=214.209236, feasible=true, active_stations=1
[2026-10-05 04:37:18.725] [info] [candidate.cpp:199] InstancePrecompute: built 25 candidates
[2026-10-05 04:37:18.725] [info] [stationary.cpp:264] NN: cost=445.555211, feasible=true, active_stations=1
[2026-10-05 04:37:18.725] [info] [candidate.cpp:199] InstancePrecompute: built 25 candidates
[2026-10-05 04:37:18.725] [info] [stationary.cpp:264] NN: cost=274.187822, feasible=true, active_stations=1
[2026-10-05 04:37:18.725] [info] [candidate.cpp:199] InstancePrecompute: built 25 candidates
[2026-10-05 04:37:18.725] [info] [stationary.cpp:264] NN: cost=428.418472, feasible=true, active_stations=1
[2026-10-05 04:37:18.725] [info] [candidate.cpp:199] InstancePrecompute: built 25 candidates
[2026-10-05 04:37:18.725] [info] [stationary.cpp:264] NN: cost=137.093911, feasible=true, active_stations=1
[2026-10-05 04:37:18.725] [info] [candidate.cpp:199] InstancePrecompute: built 25 candidates
[2026-10-05 04:37:18.725] [info] [stationary.cpp:264] NN: cost=158.514835, feasible=true, active_stations=1
[2026-10-05 04:37:18.725] [info] [candidate.cpp:199] InstancePrecompute: built 25 candidates
[2026-10-05 04:37:18.725] [info] [stationary.cpp:264] NN: cost=484.112873, feasible=true, active_stations=1
[2026-10-05 04:37:18.725] [info] [candidate.cpp:199] InstancePrecompute: built 25 candidates
[2026-10-05 04:37:18.725] [info] [stationary.cpp:264] NN: cost=728.311402, feasible=true, active_stations=1
[2026-10-05 04:37:18.725] [info] [candidate.cpp:199] InstancePrecompute: built 25 candidates
[2026-10-05 04:37:18.725] [info] [stationary.cpp:264] NN: cost=175.651573, feasible=true, active_stations=1
[2026-10-05 04:37:18.725] [info] [candidate.cpp:199] InstancePrecompute: built 25 candidates
[2026-10-05 04:37:18.725] [info] [stationary.cpp:264] NN: cost=222.777605, feasible=true, active_stations=1
[2026-10-05 04:37:18.725] [info] [candidate.cpp:199] InstancePrecompute: built 25 candidates
[2026-10-05 04:37:18.725] [info] [stationary.cpp:264] NN: cost=248.482714, feasible=true, active_stations=1
[2026-10-05 04:37:18.725] [info] [candidate.cpp:199] InstancePrecompute: built 25 candidates
[2026-10-05 04:37:18.725] [info] [stationary.cpp:264] NN: cost=21.420924, feasible=true, active_stations=1
[2026-10-05 04:37:18.725] [info] [candidate.cpp:199] InstancePrecompute: built 25 candidates
[2026-10-05 04:37:18.725] [info] [stationary.cpp:264] NN: cost=209.925051, feasible=true, active_stations=1
[2026-10-05 04:37:18.725] [info] [candidate.cpp:199] InstancePrecompute: built 25 candidates
[2026-10-05 04:37:18.725] [info] [stationary.cpp:264] NN: cost=214.209236, feasible=true, active_stations=1
[2026-10-05 04:37:18.725] [info] [candidate.cpp:199] InstancePrecompute: built 25 candidates
[2026-10-05 04:37:18.725] [info] [stationary.cpp:264] NN: cost=445.555211, feasible=true, active_stations=1
[2026-10-05 04:37:18.725] [info] [candidate.cpp:199] InstancePrecompute: built 25 candidates
[2026-10-05 04:37:18.725] [info] [stationary.cpp:264] NN: cost=274.187822, feasible=true, active_stations=1
[2026-10-05 04:37:18.725] [info] [candidate.cpp:199] InstancePrecompute: built 25 candidates
[2026-10-05 04:37:18.725] [info] [stationary.cpp:264] NN: cost=428.418472, feasible=true, active_stations=1
[2026-10-05 04:37:18.725] [info] [candidate.cpp:199] InstancePrecompute: built 25 candidates
[2026-10-05 04:37:18.725] [info] [stationary.cpp:264] NN: cost=137.093911, feasible=true, active_stations=1
[2026-10-05 04:37:18.725] [info] [candidate.cpp:199] InstancePrecompute: built 25 candidates
[2026-10-05 04:37:18.725] [info] [stationary.cpp:264] NN: cost=158.514835, feasible=true, active_stations=1
[2026-10-05 04:37:18.725] [info] [candidate.cpp:199] InstancePrecompute: built 25 candidates
[2026-10-05 04:37:18.725] [info] [stationary.cpp:264] NN: cost=484.112873, feasible=true, active_stations=1
[2026-10-05 04:37:18.725] [info] [candidate.cpp:199] InstancePrecompute: built 25 candidates
[2026-10-05 04:37:18.725] [info] [stationary.cpp:264] NN: cost=728.311402, feasible=true, active_stations=1
[2026-10-05 04:37:18.725] [info] [candidate.cpp:199] InstancePrecompute: built 25 candidates
[2026-10-05 04:37:18.725] [info] [stationary.cpp:264] NN: cost=175.651573, feasible=true, active_stations=1
[2026-10-05 04:37:18.725] [info] [candidate.cpp:199] InstancePrecompute: built 25 candidates
[2026-10-05 04:37:18.725] [info] [stationary.cpp:264] NN: cost=248.482714, feasible=true, active_stations=1
[2026-10-05 04:37:18.725] [info] [candidate.cpp:199] InstancePrecompute: built 25 candidates
[2026-10-05 04:37:18.725] [info] [stationary.cpp:264] NN: cost=21.420924, feasible=true, active_stations=1
[2026-10-05 04:37:18.725] [info] [candidate.cpp:199] InstancePrecompute: built 25 candidates
[2026-10-05 04:37:18.725] [info] [stationary.cpp:264] NN: cost=222.777605, feasible=true, active_stations=1
[2026-10-05 04:37:18.725] [info] [candidate.cpp:199] InstancePrecompute: built 25 candidates
[2026-10-05 04:37:18.725] [info] [stationary.cpp:264] NN: cost=214.209236, feasible=true, active_stations=1
[2026-10-05 04:37:18.725] [info] [candidate.cpp:199] InstancePrecompute: built 25 candidates
[2026-10-05 04:37:18.725] [info] [stationary.cpp:264] NN: cost=445.555211, feasible=true, active_stations=1
[2026-10-05 04:37:18.725] [info] [candidate.cpp:199] InstancePrecompute: built 25 candidates
[2026-10-05 04:37:18.725] [info] [stationary.cpp:264] NN: cost=209.925051, feasible=true, active_stations=1
[2026-10-05 04:37:18.725] [info] [candidate.cpp:199] InstancePrecompute: built 25 candidates
[2026-10-05 04:37:18.725] [info] [stationary.cpp:264] NN: cost=274.187822, feasible=true, active_stations=1
[2026-10-05 04:37:18.725] [info] [candidate.cpp:199] InstancePrecompute: built 25 candidates
[2026-10-05 04:37:18.725] [info] [stationary.cpp:264] NN: cost=428.418472, feasible=true, active_stations=1
[2026-10-05 04:37:18.725] [info] [candidate.cpp:199] InstancePrecompute: built 25 candidates
[2026-10-05 04:37:18.725] [info] [stationary.cpp:264] NN: cost=137.093911, feasible=true, active_stations=1
[2026-10-05 04:37:18.725] [info] [candidate.cpp:199] InstancePrecompute: built 25 candidates
[2026-10-05 04:37:18.725] [info] [stationary.cpp:264] NN: cost=158.514835, feasible=true, active_stations=1
[2026-10-05 04:37:18.725] [info] [candidate.cpp:199] InstancePrecompute: built 25 candidates
[2026-10-05 04:37:18.725] [info] [stationary.cpp:264] NN: cost=484.112873, feasible=true, active_stations=1
[2026-10-05 04:37:18.725] [info] [candidate.cpp:199] InstancePrecompute: built 25 candidates
[2026-10-05 04:37:18.725] [info] [stationary.cpp:264] NN: cost=728.311402, feasible=true, active_stations=1
[2026-10-05 04:37:18.725] [info] [candidate.cpp:199] InstancePrecompute: built 25 candidates
[2026-10-05 04:37:18.725] [info] [stationary.cpp:264] NN: cost=175.651573, feasible=true, active_stations=1
[2026-10-05 04:37:18.725] [info] [candidate.cpp:199] InstancePrecompute: built 25 candidates
[2026-10-05 04:37:18.725] [info] [stationary.cpp:264] NN: cost=248.482714, feasible=true, active_stations=1
[2026-10-05 04:37:18.725] [info] [candidate.cpp:199] InstancePrecompute: built 25 candidates
[2026-10-05 04:37:18.725] [info] [stationary.cpp:264] NN: cost=21.420924, feasible=true, active_stations=1
[2026-10-05 04:37:18.725] [info] [candidate.cpp:199] InstancePrecompute: built 25 candidates
[2026-10-05 04:37:18.725] [info] [stationary.cpp:264] NN: cost=222.777605, feasible=true, active_stations=1
[2026-10-05 04:37:18.725] [info] [candidate.cpp:199] InstancePrecompute: built 25 candidates
[2026-10-05 04:37:18.725] [info] [stationary.cpp:264] NN: cost=214.209236, feasible=true, active_stations=1
[2026-10-05 04:37:18.725] [info] [candidate.cpp:199] InstancePrecompute: built 25 candidates
[2026-10-05 04:37:18.725] [info] [stationary.cpp:264] NN: cost=445.555211, feasible=true, active_stations=1
[2026-10-05 04:37:18.725] [info] [candidate.cpp:199] InstancePrecompute: built 25 candidates
[2026-10-05 04:37:18.725] [info] [stationary.cpp:264] NN: cost=209.925051, feasible=true, active_stations=1
[2026-10-05 04:37:18.725] [info] [candidate.cpp:199] InstancePrecompute: built 25 candidates
[2026-10-05 04:37:18.725] [info] [stationary.cpp:264] NN: cost=274.187822, feasible=true, active_stations=1
[2026-10-05 04:37:18.725] [info] [candidate.cpp:199] InstancePrecompute: built 25 candidates
[2026-10-05 04:37:18.725] [info] [stationary.cpp:264] NN: cost=428.418472, feasible=true, active_stations=1
[2026-10-05 04:37:18.725] [info] [candidate.cpp:199] InstancePrecompute: built 25 candidates
[2026-10-05 04:37:18.725] [info] [stationary.cpp:264] NN: cost=137.093911, feasible=true, active_stations=1
[2026-10-05 04:37:18.725] [info] [candidate.cpp:199] InstancePrecompute: built 25 candidates
[2026-10-05 04:37:18.725] [info] [stationary.cpp:264] NN: cost=158.514835, feasible=true, active_stations=1
[2026-10-05 04:37:18.725] [info] [candidate.cpp:199] InstancePrecompute: built 25 candidates
[2026-10-05 04:37:18.725] [info] [stationary.cpp:264] NN: cost=484.112873, feasible=true, active_stations=1
[2026-10-05 04:37:18.725] [info] [candidate.cpp:199] InstancePrecompute: built 25 candidates
[2026-10-05 04:37:18.725] [info] [stationary.cpp:264] NN: cost=728.311402, feasible=true, active_stations=1
[2026-10-05 04:37:18.725] [info] [candidate.cpp:199] InstancePrecompute: built 25 candidates
[2026-10-05 04:37:18.725] [info] [stationary.cpp:264] NN: cost=175.651573, feasible=true, active_stations=1
[2026-10-05 04:37:18.725] [info] [candidate.cpp:199] InstancePrecompute: built 25 candidates
[2026-10-05 04:37:18.725] [info] [stationary.cpp:264] NN: cost=248.482714, feasible=true, active_stations=1
[2026-10-05 04:37:18.725] [info] [candidate.cpp:199] InstancePrecompute: built 25 candidates
[2026-10-05 04:37:18.725] [info] [stationary.cpp:264] NN: cost=21.420924, feasible=true, active_stations=1
[2026-10-05 04:37:18.725] [info] [candidate.cpp:199] InstancePrecompute: built 25 candidates
[2026-10-05 04:37:18.725] [info] [stationary.cpp:264] NN: cost=222.777605, feasible=true, active_stations=1
[2026-10-05 04:37:18.725] [info] [candidate.cpp:199] InstancePrecompute: built 25 candidates
[2026-10-05 04:37:18.725] [info] [stationary.cpp:264] NN: cost=214.209236, feasible=true, active_stations=1
[2026-10-05 04:37:18.725] [info] [candidate.cpp:199] InstancePrecompute: built 25 candidates
[2026-10-05 04:37:18.725] [info] [stationary.cpp:264] NN: cost=445.555211, feasible=true, active_stations=1
[2026-10-05 04:37:18.725] [info] [candidate.cpp:199] InstancePrecompute: built 25 candidates
[2026-10-05 04:37:18.725] [info] [stationary.cpp:264] NN: cost=209.925051, feasible=true, active_stations=1
[2026-10-05 04:37:18.725] [info] [candidate.cpp:199] InstancePrecompute: built 25 candidates
[2026-10-05 04:37:18.725] [info] [stationary.cpp:264] NN: cost=274.187822, feasible=true, active_stations=1
[2026-10-05 04:37:18.725] [info] [candidate.cpp:199] InstancePrecompute: built 25 candidates
[2026-10-05 04:37:18.725] [info] [stationary.cpp:264] NN: cost=428.418472, feasible=true, active_stations=1
[2026-10-05 04:37:18.725] [info] [candidate.cpp:199] InstancePrecompute: built 25 candidates
[2026-10-05 04:37:18.725] [info] [stationary.cpp:264] NN: cost=137.093911, feasible=true, active_stations=1
[2026-10-05 04:37:18.725] [info] [candidate.cpp:199] InstancePrecompute: built 25 candidates
[2026-10-05 04:37:18.725] [info] [stationary.cpp:264] NN: cost=158.514835, feasible=true, active_stations=1
[2026-10-05 04:37:18.725] [info] [candidate.cpp:199] InstancePrecompute: built 25 candidates
[2026-10-05 04:37:18.725] [info] [stationary.cpp:264] NN: cost=484.112873, feasible=true, active_stations=1
[2026-10-05 04:37:18.725] [info] [candidate.cpp:199] InstancePrecompute: built 25 candidates
[2026-10-05 04:37:18.725] [info] [stationary.cpp:264] NN: cost=728.311402, feasible=true, active_stations=1
[2026-10-05 04:37:18.725] [info] [candidate.cpp:199] InstancePrecompute: built 25 candidates
[2026-10-05 04:37:18.725] [info] [stationary.cpp:264] NN: cost=175.651573, feasible=true, active_stations=1
[2026-10-05 04:37:18.725] [info] [candidate.cpp:199] InstancePrecompute: built 25 candidates
[2026-10-05 04:37:18.725] [info] [stationary.cpp:264] NN: cost=248.482714, feasible=true, active_stations=1
[2026-10-05 04:37:18.725] [info] [candidate.cpp:199] InstancePrecompute: built 25 candidates
[2026-10-05 04:37:18.725] [info] [stationary.cpp:264] NN: cost=21.420924, feasible=true, active_stations=1
[2026-10-05 04:37:18.725] [info] [candidate.cpp:199] InstancePrecompute: built 25 candidates
[2026-10-05 04:37:18.725] [info] [stationary.cpp:264] NN: cost=222.777605, feasible=true, active_stations=1
[2026-10-05 04:37:18.725] [info] [candidate.cpp:199] InstancePrecompute: built 50 candidates
[2026-10-05 04:37:18.725] [info] [stationary.cpp:264] NN: cost=659.764447, feasible=true, active_stations=2
[2026-10-05 04:37:18.725] [info] [candidate.cpp:199] InstancePrecompute: built 25 candidates
[2026-10-05 04:37:18.725] [info] [stationary.cpp:264] NN: cost=209.925051, feasible=true, active_stations=1
[2026-10-05 04:37:18.725] [info] [candidate.cpp:199] InstancePrecompute: built 25 candidates
[2026-10-05 04:37:18.725] [info] [stationary.cpp:264] NN: cost=274.187822, feasible=true, active_stations=1
[2026-10-05 04:37:18.725] [info] [candidate.cpp:199] InstancePrecompute: built 25 candidates
[2026-10-05 04:37:18.725] [info] [stationary.cpp:264] NN: cost=428.418472, feasible=true, active_stations=1
[2026-10-05 04:37:18.725] [info] [candidate.cpp:199] InstancePrecompute: built 25 candidates
[2026-10-05 04:37:18.726] [info] [stationary.cpp:264] NN: cost=137.093911, feasible=true, active_stations=1
[2026-10-05 04:37:18.726] [info] [candidate.cpp:199] InstancePrecompute: built 25 candidates
[2026-10-05 04:37:18.726] [info] [stationary.cpp:264] NN: cost=158.514835, feasible=true, active_stations=1
[2026-10-05 04:37:18.726] [info] [candidate.cpp:199] InstancePrecompute: built 25 candidates
[2026-10-05 04:37:18.726] [info] [stationary.cpp:264] NN: cost=484.112873, feasible=true, active_stations=1
[2026-10-05 04:37:18.726] [info] [candidate.cpp:199] InstancePrecompute: built 25 candidates
[2026-10-05 04:37:18.726] [info] [stationary.cpp:264] NN: cost=728.311402, feasible=true, active_stations=1
[2026-10-05 04:37:18.726] [info] [candidate.cpp:199] InstancePrecompute: built 25 candidates
[2026-10-05 04:37:18.726] [info] [stationary.cpp:264] NN: cost=175.651573, feasible=true, active_stations=1
[2026-10-05 04:37:18.726] [info] [candidate.cpp:199] InstancePrecompute: built 25 candidates
[2026-10-05 04:37:18.726] [info] [stationary.cpp:264] NN: cost=248.482714, feasible=true, active_stations=1
[2026-10-05 04:37:18.726] [info] [candidate.cpp:199] InstancePrecompute: built 25 candidates
[2026-10-05 04:37:18.726] [info] [stationary.cpp:264] NN: cost=21.420924, feasible=true, active_stations=1
[2026-10-05 04:37:18.726] [info] [candidate.cpp:199] InstancePrecompute: built 25 candidates
[2026-10-05 04:37:18.726] [info] [stationary.cpp:264] NN: cost=222.777605, feasible=true, active_stations=1
[2026-10-05 04:37:18.726] [info] [candidate.cpp:199] InstancePrecompute: built 50 candidates
[2026-10-05 04:37:18.726] [info] [stationary.cpp:264] NN: cost=659.764447, feasible=true, active_stations=2
[2026-10-05 04:37:18.726] [info] [candidate.cpp:199] InstancePrecompute: built 25 candidates
[2026-10-05 04:37:18.726] [info] [stationary.cpp:264] NN: cost=209.925051, feasible=true, active_stations=1
[2026-10-05 04:37:18.726] [info] [candidate.cpp:199] InstancePrecompute: built 25 candidates
[2026-10-05 04:37:18.726] [info] [stationary.cpp:264] NN: cost=274.187822, feasible=true, active_stations=1
[2026-10-05 04:37:18.726] [info] [candidate.cpp:199] InstancePrecompute: built 25 candidates
[2026-10-05 04:37:18.726] [info] [stationary.cpp:264] NN: cost=428.418472, feasible=true, active_stations=1
[2026-10-05 04:37:18.726] [info] [candidate.cpp:199] InstancePrecompute: built 25 candidates
[2026-10-05 04:37:18.726] [info] [stationary.cpp:264] NN: cost=137.093911, feasible=true, active_stations=1
[2026-10-05 04:37:18.726] [info] [candidate.cpp:199] InstancePrecompute: built 25 candidates
[2026-10-05 04:37:18.726] [info] [stationary.cpp:264] NN: cost=158.514835, feasible=true, active_stations=1
[2026-10-05 04:37:18.726] [info] [candidate.cpp:199] InstancePrecompute: built 25 candidates
[2026-10-05 04:37:18.726] [info] [stationary.cpp:264] NN: cost=484.112873, feasible=true, active_stations=1
[2026-10-05 04:37:18.726] [info] [candidate.cpp:199] InstancePrecompute: built 25 candidates
[2026-10-05 04:37:18.726] [info] [stationary.cpp:264] NN: cost=728.311402, feasible=true, active_stations=1
[2026-10-05 04:37:18.726] [info] [candidate.cpp:199] InstancePrecompute: built 25 candidates
[2026-10-05 04:37:18.726] [info] [stationary.cpp:264] NN: cost=175.651573, feasible=true, active_stations=1
[2026-10-05 04:37:18.726] [info] [candidate.cpp:199] InstancePrecompute: built 25 candidates
[2026-10-05 04:37:18.726] [info] [stationary.cpp:264] NN: cost=248.482714, feasible=true, active_stations=1
[2026-10-05 04:37:18.726] [info] [candidate.cpp:199] InstancePrecompute: built 25 candidates
[2026-10-05 04:37:18.726] [info] [stationary.cpp:264] NN: cost=21.420924, feasible=true, active_stations=1
[2026-10-05 04:37:18.726] [info] [candidate.cpp:199] InstancePrecompute: built 25 candidates
[2026-10-05 04:37:18.726] [info] [stationary.cpp:264] NN: cost=222.777605, feasible=true, active_stations=1
[2026-10-05 04:37:18.726] [info] [candidate.cpp:199] InstancePrecompute: built 25 candidates
[2026-10-05 04:37:18.726] [info] [stationary.cpp:264] NN: cost=214.209236, feasible=true, active_stations=1
[2026-10-05 04:37:18.726] [info] [candidate.cpp:199] InstancePrecompute: built 25 candidates
[2026-10-05 04:37:18.726] [info] [stationary.cpp:264] NN: cost=445.555211, feasible=true, active_stations=1
[2026-10-05 04:37:18.726] [info] [candidate.cpp:199] InstancePrecompute: built 25 candidates
[2026-10-05 04:37:18.726] [info] [stationary.cpp:264] NN: cost=209.925051, feasible=true, active_stations=1
[2026-10-05 04:37:18.726] [info] [candidate.cpp:199] InstancePrecompute: built 25 candidates
[2026-10-05 04:37:18.726] [info] [stationary.cpp:264] NN: cost=274.187822, feasible=true, active_stations=1
[2026-10-05 04:37:18.726] [info] [candidate.cpp:199] InstancePrecompute: built 25 candidates
[2026-10-05 04:37:18.726] [info] [stationary.cpp:264] NN: cost=428.418472, feasible=true, active_stations=1
[2026-10-05 04:37:18.726] [info] [candidate.cpp:199] InstancePrecompute: built 25 candidates
[2026-10-05 04:37:18.726] [info] [stationary.cpp:264] NN: cost=137.093911, feasible=true, active_stations=1
[2026-10-05 04:37:18.726] [info] [candidate.cpp:199] InstancePrecompute: built 25 candidates
[2026-10-05 04:37:18.726] [info] [stationary.cpp:264] NN: cost=158.514835, feasible=true, active_stations=1
[2026-10-05 04:37:18.726] [info] [candidate.cpp:199] InstancePrecompute: built 25 candidates
[2026-10-05 04:37:18.726] [info] [stationary.cpp:264] NN: cost=484.112873, feasible=true, active_stations=1
[2026-10-05 04:37:18.726] [info] [candidate.cpp:199] InstancePrecompute: built 25 candidates
[2026-10-05 04:37:18.726] [info] [stationary.cpp:264] NN: cost=728.311402, feasible=true, active_stations=1
[2026-10-05 04:37:18.726] [info] [candidate.cpp:199] InstancePrecompute: built 25 candidates
[2026-10-05 04:37:18.726] [info] [stationary.cpp:264] NN: cost=175.651573, feasible=true, active_stations=1
[2026-10-05 04:37:18.726] [info] [candidate.cpp:199] InstancePrecompute: built 25 candidates
[2026-10-05 04:37:18.726] [info] [stationary.cpp:264] NN: cost=248.482714, feasible=true, active_stations=1
[2026-10-05 04:37:18.726] [info] [candidate.cpp:199] InstancePrecompute: built 25 candidates
[2026-10-05 04:37:18.726] [info] [stationary.cpp:264] NN: cost=21.420924, feasible=true, active_stations=1
[2026-10-05 04:37:18.726] [info] [candidate.cpp:199] InstancePrecompute: built 25 candidates
[2026-10-05 04:37:18.726] [info] [stationary.cpp:264] NN: cost=222.777605, feasible=true, active_stations=1
[2026-10-05 04:37:18.726] [info] [candidate.cpp:199] InstancePrecompute: built 25 candidates
[2026-10-05 04:37:18.726] [info] [stationary.cpp:264] NN: cost=214.209236, feasible=true, active_stations=1
[2026-10-05 04:37:18.726] [info] [candidate.cpp:199] InstancePrecompute: built 25 candidates
[2026-10-05 04:37:18.726] [info] [stationary.cpp:264] NN: cost=445.555211, feasible=true, active_stations=1
[2026-10-05 04:37:18.726] [info] [candidate.cpp:199] InstancePrecompute: built 25 candidates
[2026-10-05 04:37:18.726] [info] [stationary.cpp:264] NN: cost=209.925051, feasible=true, active_stations=1
[2026-10-05 04:37:18.726] [info] [candidate.cpp:199] InstancePrecompute: built 25 candidates
[2026-10-05 04:37:18.726] [info] [stationary.cpp:264] NN: cost=274.187822, feasible=true, active_stations=1
[2026-10-05 04:37:18.726] [info] [candidate.cpp:199] InstancePrecompute: built 25 candidates
[2026-10-05 04:37:18.726] [info] [stationary.cpp:264] NN: cost=428.418472, feasible=true, active_stations=1
[2026-10-05 04:37:18.726] [info] [candidate.cpp:199] InstancePrecompute: built 25 candidates
[2026-10-05 04:37:18.726] [info] [stationary.cpp:264] NN: cost=137.093911, feasible=true, active_stations=1
[2026-10-05 04:37:18.726] [info] [candidate.cpp:199] InstancePrecompute: built 25 candidates
[2026-10-05 04:37:18.726] [info] [stationary.cpp:264] NN: cost=158.514835, feasible=true, active_stations=1
[2026-10-05 04:37:18.726] [info] [candidate.cpp:199] InstancePrecompute: built 25 candidates
[2026-10-05 04:37:18.726] [info] [stationary.cpp:264] NN: cost=484.112873, feasible=true, active_stations=1
[2026-10-05 04:37:18.726] [info] [candidate.cpp:199] InstancePrecompute: built 25 candidates
[2026-10-05 04:37:18.726] [info] [stationary.cpp:264] NN: cost=728.311402, feasible=true, active_stations=1
[2026-10-05 04:37:18.726] [info] [candidate.cpp:199] InstancePrecompute: built 25 candidates
[2026-10-05 04:37:18.726] [info] [stationary.cpp:264] NN: cost=175.651573, feasible=true, active_stations=1
[2026-10-05 04:37:18.726] [info] [candidate.cpp:199] InstancePrecompute: built 25 candidates
[2026-10-05 04:37:18.726] [info] [stationary.cpp:264] NN: cost=248.482714, feasible=true, active_stations=1
[2026-10-05 04:37:18.726] [info] [candidate.cpp:199] InstancePrecompute: built 25 candidates
[2026-10-05 04:37:18.726] [info] [stationary.cpp:264] NN: cost=21.420924, feasible=true, active_stations=1
[2026-10-05 04:37:18.726] [info] [candidate.cpp:199] InstancePrecompute: built 25 candidates
[2026-10-05 04:37:18.726] [info] [stationary.cpp:264] NN: cost=222.777605, feasible=true, active_stations=1
[2026-10-05 04:37:18.726] [info] [candidate.cpp:199] InstancePrecompute: built 25 candidates
[2026-10-05 04:37:18.726] [info] [stationary.cpp:264] NN: cost=214.209236, feasible=true, active_stations=1
[2026-10-05 04:37:18.726] [info] [candidate.cpp:199] InstancePrecompute: built 25 candidates
[2026-10-05 04:37:18.726] [info] [stationary.cpp:264] NN: cost=445.555211, feasible=true, active_stations=1
[2026-10-05 04:37:18.726] [info] [candidate.cpp:199] InstancePrecompute: built 25 candidates
[2026-10-05 04:37:18.726] [info] [stationary.cpp:264] NN: cost=209.925051, feasible=true, active_stations=1
[2026-10-05 04:37:18.726] [info] [candidate.cpp:199] InstancePrecompute: built 25 candidates
[2026-10-05 04:37:18.726] [info] [stationary.cpp:264] NN: cost=274.187822, feasible=true, active_stations=1
[2026-10-05 04:37:18.726] [info] [candidate.cpp:199] InstancePrecompute: built 25 candidates
[2026-10-05 04:37:18.726] [info] [stationary.cpp:264] NN: cost=428.418472, feasible=true, active_stations=1
[2026-10-05 04:37:18.726] [info] [candidate.cpp:199] InstancePrecompute: built 25 candidates
[2026-10-05 04:37:18.726] [info] [stationary.cpp:264] NN: cost=137.093911, feasible=true, active_stations=1
[2026-10-05 04:37:18.726] [info] [candidate.cpp:199] InstancePrecompute: built 25 candidates
[2026-10-05 04:37:18.726] [info] [stationary.cpp:264] NN: cost=158.514835, feasible=true, active_stations=1
[2026-10-05 04:37:18.726] [info] [candidate.cpp:199] InstancePrecompute: built 25 candidates
[2026-10-05 04:37:18.726] [info] [stationary.cpp:264] NN: cost=484.112873, feasible=true, active_stations=1
[2026-10-05 04:37:18.726] [info] [candidate.cpp:199] InstancePrecompute: built 25 candidates
[2026-10-05 04:37:18.726] [info] [stationary.cpp:264] NN: cost=728.311402, feasible=true, active_stations=1
[2026-10-05 04:37:18.726] [info] [candidate.cpp:199] InstancePrecompute: built 25 candidates
[2026-10-05 04:37:18.726] [info] [stationary.cpp:264] NN: cost=175.651573, feasible=true, active_stations=1
[2026-10-05 04:37:18.726] [info] [candidate.cpp:199] InstancePrecompute: built 25 candidates
[2026-10-05 04:37:18.726] [info] [stationary.cpp:264] NN: cost=248.482714, feasible=true, active_stations=1
[2026-10-05 04:37:18.726] [info] [candidate.cpp:199] InstancePrecompute: built 25 candidates
[2026-10-05 04:37:18.726] [info] [stationary.cpp:264] NN: cost=21.420924, feasible=true, active_stations=1
[2026-10-05 04:37:18.726] [info] [candidate.cpp:199] InstancePrecompute: built 25 candidates
[2026-10-05 04:37:18.726] [info] [stationary.cpp:264] NN: cost=222.777605, feasible=true, active_stations=1
[2026-10-05 04:37:18.726] [info] [candidate.cpp:199] InstancePrecompute: built 25 candidates
[2026-10-05 04:37:18.726] [info] [stationary.cpp:264] NN: cost=445.555211, feasible=true, active_stations=1
[2026-10-05 04:37:18.726] [info] [candidate.cpp:199] InstancePrecompute: built 25 candidates
[2026-10-05 04:37:18.726] [info] [stationary.cpp:264] NN: cost=209.925051, feasible=true, active_stations=1
[2026-10-05 04:37:18.726] [info] [candidate.cpp:199] InstancePrecompute: built 25 candidates
[2026-10-05 04:37:18.726] [info] [stationary.cpp:264] NN: cost=214.209236, feasible=true, active_stations=1
[2026-10-05 04:37:18.726] [info] [candidate.cpp:199] InstancePrecompute: built 25 candidates
[2026-10-05 04:37:18.726] [info] [stationary.cpp:264] NN: cost=274.187822, feasible=true, active_stations=1
[2026-10-05 04:37:18.726] [info] [candidate.cpp:199] InstancePrecompute: built 25 candidates
[2026-10-05 04:37:18.726] [info] [stationary.cpp:264] NN: cost=428.418472, feasible=true, active_stations=1
[2026-10-05 04:37:18.726] [info] [candidate.cpp:199] InstancePrecompute: built 25 candidates
[2026-10-05 04:37:18.726] [info] [stationary.cpp:264] NN: cost=137.093911, feasible=true, active_stations=1
[2026-10-05 04:37:18.726] [info] [candidate.cpp:199] InstancePrecompute: built 25 candidates
[2026-10-05 04:37:18.726] [info] [stationary.cpp:264] NN: cost=158.514835, feasible=true, active_stations=1
[2026-10-05 04:37:18.726] [info] [candidate.cpp:199] InstancePrecompute: built 25 candidates
[2026-10-05 04:37:18.726] [info] [stationary.cpp:264] NN: cost=484.112873, feasible=true, active_stations=1
[2026-10-05 04:37:18.726] [info] [candidate.cpp:199] InstancePrecompute: built 25 candidates
[2026-10-05 04:37:18.726] [info] [stationary.cpp:264] NN: cost=728.311402, feasible=true, active_stations=1
[2026-10-05 04:37:18.726] [info] [candidate.cpp:199] InstancePrecompute: built 25 candidates
[2026-10-05 04:37:18.726] [info] [stationary.cpp:264] NN: cost=175.651573, feasible=true, active_stations=1
[2026-10-05 04:37:18.726] [info] [candidate.cpp:199] InstancePrecompute: built 25 candidates
[2026-10-05 04:37:18.726] [info] [stationary.cpp:264] NN: cost=248.482714, feasible=true, active_stations=1
[2026-10-05 04:37:18.726] [info] [candidate.cpp:199] InstancePrecompute: built 25 candidates
[2026-10-05 04:37:18.726] [info] [stationary.cpp:264] NN: cost=21.420924, feasible=true, active_stations=1
[2026-10-05 04:37:18.726] [info] [candidate.cpp:199] InstancePrecompute: built 25 candidates
[2026-10-05 04:37:18.726] [info] [stationary.cpp:264] NN: cost=222.777605, feasible=true, active_stations=1
[2026-10-05 04:37:18.726] [info] [candidate.cpp:199] InstancePrecompute: built 25 candidates
[2026-10-05 04:37:18.726] [info] [stationary.cpp:264] NN: cost=445.555211, feasible=true, active_stations=1
[2026-10-05 04:37:18.726] [info] [candidate.cpp:199] InstancePrecompute: built 25 candidates
[2026-10-05 04:37:18.726] [info] [stationary.cpp:264] NN: cost=209.925051, feasible=true, active_stations=1
[2026-10-05 04:37:18.726] [info] [candidate.cpp:199] InstancePrecompute: built 25 candidates
[2026-10-05 04:37:18.726] [info] [stationary.cpp:264] NN: cost=214.209236, feasible=true, active_stations=1
[2026-10-05 04:37:18.726] [info] [candidate.cpp:199] InstancePrecompute: built 25 candidates
[2026-10-05 04:37:18.726] [info] [stationary.cpp:264] NN: cost=274.187822, feasible=true, active_stations=1
[2026-10-05 04:37:18.726] [info] [candidate.cpp:199] InstancePrecompute: built 25 candidates
[2026-10-05 04:37:18.726] [info] [stationary.cpp:264] NN: cost=428.418472, feasible=true, active_stations=1
[2026-10-05 04:37:18.726] [info] [candidate.cpp:199] InstancePrecompute: built 25 candidates
[2026-10-05 04:37:18.726] [info] [stationary.cpp:264] NN: cost=137.093911, feasible=true, active_stations=1
[2026-10-05 04:37:18.726] [info] [candidate.cpp:199] InstancePrecompute: built 25 candidates
[2026-10-05 04:37:18.726] [info] [stationary.cpp:264] NN: cost=158.514835, feasible=true, active_stations=1
[2026-10-05 04:37:18.726] [info] [candidate.cpp:199] InstancePrecompute: built 25 candidates
[2026-10-05 04:37:18.726] [info] [stationary.cpp:264] NN: cost=484.112873, feasible=true, active_stations=1
[2026-10-05 04:37:18.726] [info] [candidate.cpp:199] InstancePrecompute: built 25 candidates
[2026-10-05 04:37:18.726] [info] [stationary.cpp:264] NN: cost=728.311402, feasible=true, active_stations=1
[2026-10-05 04:37:18.726] [info] [candidate.cpp:199] InstancePrecompute: built 25 candidates
[2026-10-05 04:37:18.726] [info] [stationary.cpp:264] NN: cost=175.651573, feasible=true, active_stations=1
[2026-10-05 04:37:18.726] [info] [candidate.cpp:199] InstancePrecompute: built 25 candidates
[2026-10-05 04:37:18.726] [info] [stationary.cpp:264] NN: cost=248.482714, feasible=true, active_stations=1
[2026-10-05 04:37:18.726] [info] [candidate.cpp:199] InstancePrecompute: built 25 candidates
[2026-10-05 04:37:18.726] [info] [stationary.cpp:264] NN: cost=21.420924, feasible=true, active_stations=1
[2026-10-05 04:37:18.726] [info] [candidate.cpp:199] InstancePrecompute: built 25 candidates
[2026-10-05 04:37:18.726] [info] [stationary.cpp:264] NN: cost=222.777605, feasible=true, active_stations=1
[2026-10-05 04:37:18.726] [info] [candidate.cpp:199] InstancePrecompute: built 25 candidates
[2026-10-05 04:37:18.726] [info] [stationary.cpp:264] NN: cost=445.555211, feasible=true, active_stations=1
[2026-10-05 04:37:18.726] [info] [candidate.cpp:199] InstancePrecompute: built 25 candidates
[2026-10-05 04:37:18.726] [info] [stationary.cpp:264] NN: cost=209.925051, feasible=true, active_stations=1
[2026-10-05 04:37:18.726] [info] [candidate.cpp:199] InstancePrecompute: built 25 candidates
[2026-10-05 04:37:18.726] [info] [stationary.cpp:264] NN: cost=214.209236, feasible=true, active_stations=1
[2026-10-05 04:37:18.726] [info] [candidate.cpp:199] InstancePrecompute: built 25 candidates
[2026-10-05 04:37:18.726] [info] [stationary.cpp:264] NN: cost=274.187822, feasible=true, active_stations=1
[2026-10-05 04:37:18.726] [info] [candidate.cpp:199] InstancePrecompute: built 25 candidates
[2026-10-05 04:37:18.726] [info] [stationary.cpp:264] NN: cost=428.418472, feasible=true, active_stations=1
[2026-10-05 04:37:18.726] [info] [candidate.cpp:199] InstancePrecompute: built 25 candidates
[2026-10-05 04:37:18.726] [info] [stationary.cpp:264] NN: cost=137.093911, feasible=true, active_stations=1
[2026-10-05 04:37:18.726] [info] [candidate.cpp:199] InstancePrecompute: built 25 candidates
[2026-10-05 04:37:18.726] [info] [stationary.cpp:264] NN: cost=158.514835, feasible=true, active_stations=1
[2026-10-05 04:37:18.726] [info] [candidate.cpp:199] InstancePrecompute: built 25 candidates
[2026-10-05 04:37:18.726] [info] [stationary.cpp:264] NN: cost=484.112873, feasible=true, active_stations=1
[2026-10-05 04:37:18.726] [info] [candidate.cpp:199] InstancePrecompute: built 25 candidates
[2026-10-05 04:37:18.726] [info] [stationary.cpp:264] NN: cost=728.311402, feasible=true, active_stations=1
[2026-10-05 04:37:18.726] [info] [candidate.cpp:199] InstancePrecompute: built 25 candidates
[2026-10-05 04:37:18.726] [info] [stationary.cpp:264] NN: cost=175.651573, feasible=true, active_stations=1
[2026-10-05 04:37:18.726] [info] [candidate.cpp:199] InstancePrecompute: built 25 candidates
[2026-10-05 04:37:18.726] [info] [stationary.cpp:264] NN: cost=248.482714, feasible=true, active_stations=1
[2026-10-05 04:37:18.726] [info] [candidate.cpp:199] InstancePrecompute: built 25 candidates
[2026-10-05 04:37:18.726] [info] [stationary.cpp:264] NN: cost=21.420924, feasible=true, active_stations=1
[2026-10-05 04:37:18.726] [info] [candidate.cpp:199] InstancePrecompute: built 25 candidates
[2026-10-05 04:37:18.726] [info] [stationary.cpp:264] NN: cost=222.777605, feasible=true, active_stations=1
[2026-10-05 04:37:18.726] [info] [candidate.cpp:199] InstancePrecompute: built 25 candidates
[2026-10-05 04:37:18.726] [info] [stationary.cpp:264] NN: cost=445.555211, feasible=true, active_stations=1
[2026-10-05 04:37:18.726] [info] [candidate.cpp:199] InstancePrecompute: built 25 candidates
[2026-10-05 04:37:18.726] [info] [stationary.cpp:264] NN: cost=209.925051, feasible=true, active_stations=1
[2026-10-05 04:37:18.726] [info] [candidate.cpp:199] InstancePrecompute: built 50 candidates
[2026-10-05 04:37:18.726] [info] [stationary.cpp:264] NN: cost=274.187822, feasible=true, active_stations=1
[2026-10-05 04:37:18.726] [info] [candidate.cpp:199] InstancePrecompute: built 25 candidates
[2026-10-05 04:37:18.726] [info] [stationary.cpp:264] NN: cost=428.418472, feasible=true, active_stations=1
[2026-10-05 04:37:18.726] [info] [candidate.cpp:199] InstancePrecompute: built 25 candidates
[2026-10-05 04:37:18.726] [info] [stationary.cpp:264] NN: cost=137.093911, feasible=true, active_stations=1
[2026-10-05 04:37:18.726] [info] [candidate.cpp:199] InstancePrecompute: built 25 candidates
[2026-10-05 04:37:18.726] [info] [stationary.cpp:264] NN: cost=158.514835, feasible=true, active_stations=1
[2026-10-05 04:37:18.726] [info] [candidate.cpp:199] InstancePrecompute: built 25 candidates
[2026-10-05 04:37:18.726] [info] [stationary.cpp:264] NN: cost=484.112873, feasible=true, active_stations=1
[2026-10-05 04:37:18.726] [info] [candidate.cpp:199] InstancePrecompute: built 25 candidates
[2026-10-05 04:37:18.726] [info] [stationary.cpp:264] NN: cost=728.311402, feasible=true, active_stations=1
[2026-10-05 04:37:18.726] [info] [candidate.cpp:199] InstancePrecompute: built 25 candidates
[2026-10-05 04:37:18.726] [info] [stationary.cpp:264] NN: cost=175.651573, feasible=true, active_stations=1
[2026-10-05 04:37:18.726] [info] [candidate.cpp:199] InstancePrecompute: built 25 candidates
[2026-10-05 04:37:18.726] [info] [stationary.cpp:264] NN: cost=248.482714, feasible=true, active_stations=1
[2026-10-05 04:37:18.726] [info] [candidate.cpp:199] InstancePrecompute: built 25 candidates
[2026-10-05 04:37:18.726] [info] [stationary.cpp:264] NN: cost=21.420924, feasible=true, active_stations=1
[2026-10-05 04:37:18.726] [info] [candidate.cpp:199] InstancePrecompute: built 25 candidates
[2026-10-05 04:37:18.726] [info] [stationary.cpp:264] NN: cost=222.777605, feasible=true, active_stations=1
[2026-10-05 04:37:18.726] [info] [candidate.cpp:199] InstancePrecompute: built 25 candidates
[2026-10-05 04:37:18.726] [info] [stationary.cpp:264] NN: cost=445.555211, feasible=true, active_stations=1
[2026-10-05 04:37:18.726] [info] [candidate.cpp:199] InstancePrecompute: built 25 candidates
[2026-10-05 04:37:18.726] [info] [stationary.cpp:264] NN: cost=209.925051, feasible=true, active_stations=1
[2026-10-05 04:37:18.726] [info] [candidate.cpp:199] InstancePrecompute: built 50 candidates
[2026-10-05 04:37:18.726] [info] [stationary.cpp:264] NN: cost=274.187822, feasible=true, active_stations=1
[2026-10-05 04:37:18.726] [info] [candidate.cpp:199] InstancePrecompute: built 25 candidates
[2026-10-05 04:37:18.726] [info] [stationary.cpp:264] NN: cost=428.418472, feasible=true, active_stations=1
[2026-10-05 04:37:18.726] [info] [candidate.cpp:199] InstancePrecompute: built 25 candidates
[2026-10-05 04:37:18.726] [info] [stationary.cpp:264] NN: cost=137.093911, feasible=true, active_stations=1
[2026-10-05 04:37:18.726] [info] [candidate.cpp:199] InstancePrecompute: built 25 candidates
[2026-10-05 04:37:18.726] [info] [stationary.cpp:264] NN: cost=158.514835, feasible=true, active_stations=1
[2026-10-05 04:37:18.726] [info] [candidate.cpp:199] InstancePrecompute: built 25 candidates
[2026-10-05 04:37:18.726] [info] [stationary.cpp:264] NN: cost=484.112873, feasible=true, active_stations=1
[2026-10-05 04:37:18.726] [info] [candidate.cpp:199] InstancePrecompute: built 25 candidates
[2026-10-05 04:37:18.726] [info] [stationary.cpp:264] NN: cost=728.311402, feasible=true, active_stations=1
[2026-10-05 04:37:18.726] [info] [candidate.cpp:199] InstancePrecompute: built 25 candidates
[2026-10-05 04:37:18.726] [info] [stationary.cpp:264] NN: cost=175.651573, feasible=true, active_stations=1
[2026-10-05 04:37:18.726] [info] [candidate.cpp:199] InstancePrecompute: built 25 candidates
[2026-10-05 04:37:18.726] [info] [stationary.cpp:264] NN: cost=248.482714, feasible=true, active_stations=1
[2026-10-05 04:37:18.726] [info] [candidate.cpp:199] InstancePrecompute: built 25 candidates
[2026-10-05 04:37:18.726] [info] [stationary.cpp:264] NN: cost=21.420924, feasible=true, active_stations=1
[2026-10-05 04:37:18.726] [info] [candidate.cpp:199] InstancePrecompute: built 25 candidates
[2026-10-05 04:37:18.726] [info] [stationary.cpp:264] NN: cost=222.777605, feasible=true, active_stations=1
[2026-10-05 04:37:18.726] [info] [candidate.cpp:199] InstancePrecompute: built 25 candidates
[2026-10-05 04:37:18.726] [info] [stationary.cpp:264] NN: cost=445.555211, feasible=true, active_stations=1
[2026-10-05 04:37:18.726] [info] [candidate.cpp:199] InstancePrecompute: built 25 candidates
[2026-10-05 04:37:18.726] [info] [stationary.cpp:264] NN: cost=209.925051, feasible=true, active_stations=1
[2026-10-05 04:37:18.726] [info] [candidate.cpp:199] InstancePrecompute: built 25 candidates
[2026-10-05 04:37:18.726] [info] [stationary.cpp:264] NN: cost=214.209236, feasible=true, active_stations=1
[2026-10-05 04:37:18.726] [info] [candidate.cpp:199] InstancePrecompute: built 25 candidates
[2026-10-05 04:37:18.726] [info] [stationary.cpp:264] NN: cost=274.187822, feasible=true, active_stations=1
[2026-10-05 04:37:18.726] [info] [candidate.cpp:199] InstancePrecompute: built 25 candidates
[2026-10-05 04:37:18.726] [info] [stationary.cpp:264] NN: cost=428.418472, feasible=true, active_stations=1
[2026-10-05 04:37:18.726] [info] [candidate.cpp:199] InstancePrecompute: built 25 candidates
[2026-10-05 04:37:18.726] [info] [stationary.cpp:264] NN: cost=137.093911, feasible=true, active_stations=1
[2026-10-05 04:37:18.726] [info] [candidate.cpp:199] InstancePrecompute: built 25 candidates
[2026-10-05 04:37:18.726] [info] [stationary.cpp:264] NN: cost=158.514835, feasible=true, active_stations=1
[2026-10-05 04:37:18.726] [info] [candidate.cpp:199] InstancePrecompute: built 25 candidates
[2026-10-05 04:37:18.726] [info] [stationary.cpp:264] NN: cost=484.112873, feasible=true, active_stations=1
[2026-10-05 04:37:18.726] [info] [candidate.cpp:199] InstancePrecompute: built 25 candidates
[2026-10-05 04:37:18.726] [info] [stationary.cpp:264] NN: cost=728.311402, feasible=true, active_stations=1
[2026-10-05 04:37:18.726] [info] [candidate.cpp:199] InstancePrecompute: built 25 candidates
[2026-10-05 04:37:18.726] [info] [stationary.cpp:264] NN: cost=175.651573, feasible=true, active_stations=1
[2026-10-05 04:37:18.726] [info] [candidate.cpp:199] InstancePrecompute: built 25 candidates
[2026-10-05 04:37:18.726] [info] [stationary.cpp:264] NN: cost=248.482714, feasible=true, active_stations=1
[2026-10-05 04:37:18.726] [info] [candidate.cpp:199] InstancePrecompute: built 25 candidates
[2026-10-05 04:37:18.726] [info] [stationary.cpp:264] NN: cost=21.420924, feasible=true, active_stations=1
[2026-10-05 04:37:18.726] [info] [candidate.cpp:199] InstancePrecompute: built 25 candidates
[2026-10-05 04:37:18.726] [info] [stationary.cpp:264] NN: cost=222.777605, feasible=true, active_stations=1
[2026-10-05 04:37:18.726] [info] [candidate.cpp:199] InstancePrecompute: built 25 candidates
[2026-10-05 04:37:18.726] [info] [stationary.cpp:264] NN: cost=445.555211, feasible=true, active_stations=1
[2026-10-05 04:37:18.726] [info] [candidate.cpp:199] InstancePrecompute: built 25 candidates
[2026-10-05 04:37:18.726] [info] [stationary.cpp:264] NN: cost=209.925051, feasible=true, active_stations=1
[2026-10-05 04:37:18.726] [info] [candidate.cpp:199] InstancePrecompute: built 25 candidates
[2026-10-05 04:37:18.726] [info] [stationary.cpp:264] NN: cost=214.209236, feasible=true, active_stations=1
[2026-10-05 04:37:18.726] [info] [candidate.cpp:199] InstancePrecompute: built 25 candidates
[2026-10-05 04:37:18.726] [info] [stationary.cpp:264] NN: cost=274.187822, feasible=true, active_stations=1
[2026-10-05 04:37:18.726] [info] [candidate.cpp:199] InstancePrecompute: built 25 candidates
[2026-10-05 04:37:18.726] [info] [stationary.cpp:264] NN: cost=428.418472, feasible=true, active_stations=1
[2026-10-05 04:37:18.726] [info] [candidate.cpp:199] InstancePrecompute: built 25 candidates
[2026-10-05 04:37:18.726] [info] [stationary.cpp:264] NN: cost=137.093911, feasible=true, active_stations=1
[2026-10-05 04:37:18.726] [info] [candidate.cpp:199] InstancePrecompute: built 25 candidates
[2026-10-05 04:37:18.726] [info] [stationary.cpp:264] NN: cost=158.514835, feasible=true, active_stations=1
[2026-10-05 04:37:18.726] [info] [candidate.cpp:199] InstancePrecompute: built 25 candidates
[2026-10-05 04:37:18.726] [info] [stationary.cpp:264] NN: cost=484.112873, feasible=true, active_stations=1
[2026-10-05 04:37:18.726] [info] [candidate.cpp:199] InstancePrecompute: built 25 candidates
[2026-10-05 04:37:18.726] [info] [stationary.cpp:264] NN: cost=728.311402, feasible=true, active_stations=1
[2026-10-05 04:37:18.726] [info] [candidate.cpp:199] InstancePrecompute: built 25 candidates
[2026-10-05 04:37:18.726] [info] [stationary.cpp:264] NN: cost=175.651573, feasible=true, active_stations=1
[2026-10-05 04:37:18.726] [info] [candidate.cpp:199] InstancePrecompute: built 25 candidates
[2026-10-05 04:37:18.726] [info] [stationary.cpp:264] NN: cost=248.482714, feasible=true, active_stations=1
[2026-10-05 04:37:18.726] [info] [candidate.cpp:199] InstancePrecompute: built 25 candidates
[2026-10-05 04:37:18.726] [info] [stationary.cpp:264] NN: cost=21.420924, feasible=true, active_stations=1
[2026-10-05 04:37:18.726] [info] [candidate.cpp:199] InstancePrecompute: built 25 candidates
[2026-10-05 04:37:18.726] [info] [stationary.cpp:264] NN: cost=222.777605, feasible=true, active_stations=1
[2026-10-05 04:37:18.726] [info] [candidate.cpp:199] InstancePrecompute: built 25 candidates
[2026-10-05 04:37:18.726] [info] [stationary.cpp:264] NN: cost=445.555211, feasible=true, active_stations=1
[2026-10-05 04:37:18.726] [info] [candidate.cpp:199] InstancePrecompute: built 25 candidates
[2026-10-05 04:37:18.726] [info] [stationary.cpp:264] NN: cost=209.925051, feasible=true, active_stations=1
[2026-10-05 04:37:18.726] [info] [candidate.cpp:199] InstancePrecompute: built 25 candidates
[2026-10-05 04:37:18.726] [info] [stationary.cpp:264] NN: cost=214.209236, feasible=true, active_stations=1
[2026-10-05 04:37:18.727] [info] [candidate.cpp:199] InstancePrecompute: built 25 candidates
[2026-10-05 04:37:18.727] [info] [stationary.cpp:264] NN: cost=274.187822, feasible=true, active_stations=1
[2026-10-05 04:37:18.727] [info] [candidate.cpp:199] InstancePrecompute: built 25 candidates
[2026-10-05 04:37:18.727] [info] [stationary.cpp:264] NN: cost=428.418472, feasible=true, active_stations=1
[2026-10-05 04:37:18.727] [info] [candidate.cpp:199] InstancePrecompute: built 25 candidates
[2026-10-05 04:37:18.727] [info] [stationary.cpp:264] NN: cost=137.093911, feasible=true, active_stations=1
[2026-10-05 04:37:18.727] [info] [candidate.cpp:199] InstancePrecompute: built 25 candidates
[2026-10-05 04:37:18.727] [info] [stationary.cpp:264] NN: cost=158.514835, feasible=true, active_stations=1
[2026-10-05 04:37:18.727] [info] [candidate.cpp:199] InstancePrecompute: built 25 candidates
[2026-10-05 04:37:18.727] [info] [stationary.cpp:264] NN: cost=484.112873, feasible=true, active_stations=1
[2026-10-05 04:37:18.727] [info] [candidate.cpp:199] InstancePrecompute: built 25 candidates
[2026-10-05 04:37:18.727] [info] [stationary.cpp:264] NN: cost=728.311402, feasible=true, active_stations=1
[2026-10-05 04:37:18.727] [info] [candidate.cpp:199] InstancePrecompute: built 25 candidates
[2026-10-05 04:37:18.727] [info] [stationary.cpp:264] NN: cost=175.651573, feasible=true, active_stations=1
[2026-10-05 04:37:18.727] [info] [candidate.cpp:199] InstancePrecompute: built 25 candidates
[2026-10-05 04:37:18.727] [info] [stationary.cpp:264] NN: cost=248.482714, feasible=true, active_stations=1
[2026-10-05 04:37:18.727] [info] [candidate.cpp:199] InstancePrecompute: built 25 candidates
[2026-10-05 04:37:18.727] [info] [stationary.cpp:264] NN: cost=222.777605, feasible=true, active_stations=1
[2026-10-05 04:37:18.727] [info] [candidate.cpp:199] InstancePrecompute: built 25 candidates
[2026-10-05 04:37:18.727] [info] [stationary.cpp:264] NN: cost=21.420924, feasible=true, active_stations=1
[2026-10-05 04:37:18.727] [info] [candidate.cpp:199] InstancePrecompute: built 25 candidates
[2026-10-05 04:37:18.727] [info] [stationary.cpp:264] NN: cost=445.555211, feasible=true, active_stations=1
[2026-10-05 04:37:18.727] [info] [candidate.cpp:199] InstancePrecompute: built 25 candidates
[2026-10-05 04:37:18.727] [info] [stationary.cpp:264] NN: cost=209.925051, feasible=true, active_stations=1
[2026-10-05 04:37:18.727] [info] [candidate.cpp:199] InstancePrecompute: built 25 candidates
[2026-10-05 04:37:18.727] [info] [stationary.cpp:264] NN: cost=214.209236, feasible=true, active_stations=1
[2026-10-05 04:37:18.727] [info] [candidate.cpp:199] InstancePrecompute: built 25 candidates
[2026-10-05 04:37:18.727] [info] [stationary.cpp:264] NN: cost=137.093911, feasible=true, active_stations=1
[2026-10-05 04:37:18.727] [info] [candidate.cpp:199] InstancePrecompute: built 25 candidates
[2026-10-05 04:37:18.727] [info] [stationary.cpp:264] NN: cost=274.187822, feasible=true, active_stations=1
[2026-10-05 04:37:18.727] [info] [candidate.cpp:199] InstancePrecompute: built 25 candidates
[2026-10-05 04:37:18.727] [info] [stationary.cpp:264] NN: cost=428.418472, feasible=true, active_stations=1
[2026-10-05 04:37:18.727] [info] [candidate.cpp:199] InstancePrecompute: built 25 candidates
[2026-10-05 04:37:18.727] [info] [stationary.cpp:264] NN: cost=158.514835, feasible=true, active_stations=1
[2026-10-05 04:37:18.727] [info] [candidate.cpp:199] InstancePrecompute: built 25 candidates
[2026-10-05 04:37:18.727] [info] [stationary.cpp:264] NN: cost=484.112873, feasible=true, active_stations=1
[2026-10-05 04:37:18.727] [info] [candidate.cpp:199] InstancePrecompute: built 25 candidates
[2026-10-05 04:37:18.727] [info] [stationary.cpp:264] NN: cost=728.311402, feasible=true, active_stations=1
[2026-10-05 04:37:18.727] [info] [candidate.cpp:199] InstancePrecompute: built 25 candidates
[2026-10-05 04:37:18.727] [info] [stationary.cpp:264] NN: cost=175.651573, feasible=true, active_stations=1
[2026-10-05 04:37:18.727] [info] [candidate.cpp:199] InstancePrecompute: built 25 candidates
[2026-10-05 04:37:18.727] [info] [stationary.cpp:264] NN: cost=248.482714, feasible=true, active_stations=1
[2026-10-05 04:37:18.727] [info] [candidate.cpp:199] InstancePrecompute: built 25 candidates
[2026-10-05 04:37:18.727] [info] [stationary.cpp:264] NN: cost=222.777605, feasible=true, active_stations=1
[2026-10-05 04:37:18.727] [info] [candidate.cpp:199] InstancePrecompute: built 25 candidates
[2026-10-05 04:37:18.727] [info] [stationary.cpp:264] NN: cost=21.420924, feasible=true, active_stations=1
[2026-10-05 04:37:18.727] [info] [candidate.cpp:199] InstancePrecompute: built 25 candidates
[2026-10-05 04:37:18.727] [info] [stationary.cpp:264] NN: cost=445.555211, feasible=true, active_stations=1
[2026-10-05 04:37:18.727] [info] [candidate.cpp:199] InstancePrecompute: built 25 candidates
[2026-10-05 04:37:18.727] [info] [stationary.cpp:264] NN: cost=209.925051, feasible=true, active_stations=1
[2026-10-05 04:37:18.727] [info] [candidate.cpp:199] InstancePrecompute: built 25 candidates
[2026-10-05 04:37:18.727] [info] [stationary.cpp:264] NN: cost=214.209236, feasible=true, active_stations=1
[2026-10-05 04:37:18.727] [info] [candidate.cpp:199] InstancePrecompute: built 50 candidates
[2026-10-05 04:37:18.727] [info] [stationary.cpp:264] NN: cost=274.187822, feasible=true, active_stations=1
[2026-10-05 04:37:18.727] [info] [candidate.cpp:199] InstancePrecompute: built 25 candidates
[2026-10-05 04:37:18.727] [info] [stationary.cpp:264] NN: cost=428.418472, feasible=true, active_stations=1
[2026-10-05 04:37:18.727] [info] [candidate.cpp:199] InstancePrecompute: built 25 candidates
[2026-10-05 04:37:18.727] [info] [stationary.cpp:264] NN: cost=158.514835, feasible=true, active_stations=1
[2026-10-05 04:37:18.727] [info] [candidate.cpp:199] InstancePrecompute: built 25 candidates
[2026-10-05 04:37:18.727] [info] [stationary.cpp:264] NN: cost=484.112873, feasible=true, active_stations=1
[2026-10-05 04:37:18.727] [info] [candidate.cpp:199] InstancePrecompute: built 25 candidates
[2026-10-05 04:37:18.727] [info] [stationary.cpp:264] NN: cost=728.311402, feasible=true, active_stations=1
[2026-10-05 04:37:18.727] [info] [candidate.cpp:199] InstancePrecompute: built 25 candidates
[2026-10-05 04:37:18.727] [info] [stationary.cpp:264] NN: cost=175.651573, feasible=true, active_stations=1
[2026-10-05 04:37:18.727] [info] [candidate.cpp:199] InstancePrecompute: built 25 candidates
[2026-10-05 04:37:18.727] [info] [stationary.cpp:264] NN: cost=248.482714, feasible=true, active_stations=1
[2026-10-05 04:37:18.727] [info] [candidate.cpp:199] InstancePrecompute: built 25 candidates
[2026-10-05 04:37:18.727] [info] [stationary.cpp:264] NN: cost=222.777605, feasible=true, active_stations=1
[2026-10-05 04:37:18.727] [info] [candidate.cpp:199] InstancePrecompute: built 25 candidates
[2026-10-05 04:37:18.727] [info] [stationary.cpp:264] NN: cost=21.420924, feasible=true, active_stations=1
[2026-10-05 04:37:18.727] [info] [candidate.cpp:199] InstancePrecompute: built 25 candidates
[2026-10-05 04:37:18.727] [info] [stationary.cpp:264] NN: cost=445.555211, feasible=true, active_stations=1
[2026-10-05 04:37:18.727] [info] [candidate.cpp:199] InstancePrecompute: built 25 candidates
[2026-10-05 04:37:18.727] [info] [stationary.cpp:264] NN: cost=209.925051, feasible=true, active_stations=1
[2026-10-05 04:37:18.727] [info] [candidate.cpp:199] InstancePrecompute: built 25 candidates
[2026-10-05 04:37:18.727] [info] [stationary.cpp:264] NN: cost=214.209236, feasible=true, active_stations=1
[2026-10-05 04:37:18.727] [info] [candidate.cpp:199] InstancePrecompute: built 50 candidates
[2026-10-05 04:37:18.727] [info] [stationary.cpp:264] NN: cost=274.187822, feasible=true, active_stations=1
[2026-10-05 04:37:18.727] [info] [candidate.cpp:199] InstancePrecompute: built 25 candidates
[2026-10-05 04:37:18.727] [info] [stationary.cpp:264] NN: cost=428.418472, feasible=true, active_stations=1
[2026-10-05 04:37:18.727] [info] [candidate.cpp:199] InstancePrecompute: built 25 candidates
[2026-10-05 04:37:18.727] [info] [stationary.cpp:264] NN: cost=158.514835, feasible=true, active_stations=1
[2026-10-05 04:37:18.727] [info] [candidate.cpp:199] InstancePrecompute: built 25 candidates
[2026-10-05 04:37:18.727] [info] [stationary.cpp:264] NN: cost=484.112873, feasible=true, active_stations=1
[2026-10-05 04:37:18.727] [info] [candidate.cpp:199] InstancePrecompute: built 25 candidates
[2026-10-05 04:37:18.727] [info] [stationary.cpp:264] NN: cost=728.311402, feasible=true, active_stations=1
[2026-10-05 04:37:18.727] [info] [candidate.cpp:199] InstancePrecompute: built 25 candidates
[2026-10-05 04:37:18.727] [info] [stationary.cpp:264] NN: cost=175.651573, feasible=true, active_stations=1
[2026-10-05 04:37:18.727] [info] [candidate.cpp:199] InstancePrecompute: built 25 candidates
[2026-10-05 04:37:18.727] [info] [stationary.cpp:264] NN: cost=248.482714, feasible=true, active_stations=1
[2026-10-05 04:37:18.727] [info] [candidate.cpp:199] InstancePrecompute: built 25 candidates
[2026-10-05 04:37:18.727] [info] [stationary.cpp:264] NN: cost=222.777605, feasible=true, active_stations=1
[2026-10-05 04:37:18.727] [info] [candidate.cpp:199] InstancePrecompute: built 25 candidates
[2026-10-05 04:37:18.727] [info] [stationary.cpp:264] NN: cost=21.420924, feasible=true, active_stations=1
[2026-10-05 04:37:18.727] [info] [candidate.cpp:199] InstancePrecompute: built 25 candidates
[2026-10-05 04:37:18.727] [info] [stationary.cpp:264] NN: cost=445.555211, feasible=true, active_stations=1
[2026-10-05 04:37:18.727] [info] [candidate.cpp:199] InstancePrecompute: built 25 candidates
[2026-10-05 04:37:18.727] [info] [stationary.cpp:264] NN: cost=209.925051, feasible=true, active_stations=1
[2026-10-05 04:37:18.727] [info] [candidate.cpp:199] InstancePrecompute: built 25 candidates
[2026-10-05 04:37:18.727] [info] [stationary.cpp:264] NN: cost=214.209236, feasible=true, active_stations=1
[2026-10-05 04:37:18.727] [info] [candidate.cpp:199] InstancePrecompute: built 50 candidates
[2026-10-05 04:37:18.727] [info] [stationary.cpp:264] NN: cost=274.187822, feasible=true, active_stations=1
[2026-10-05 04:37:18.727] [info] [candidate.cpp:199] InstancePrecompute: built 25 candidates
[2026-10-05 04:37:18.727] [info] [stationary.cpp:264] NN: cost=428.418472, feasible=true, active_stations=1
[2026-10-05 04:37:18.727] [info] [candidate.cpp:199] InstancePrecompute: built 25 candidates
[2026-10-05 04:37:18.727] [info] [stationary.cpp:264] NN: cost=158.514835, feasible=true, active_stations=1
[2026-10-05 04:37:18.727] [info] [candidate.cpp:199] InstancePrecompute: built 25 candidates
[2026-10-05 04:37:18.727] [info] [stationary.cpp:264] NN: cost=484.112873, feasible=true, active_stations=1
[2026-10-05 04:37:18.727] [info] [candidate.cpp:199] InstancePrecompute: built 25 candidates
[2026-10-05 04:37:18.727] [info] [stationary.cpp:264] NN: cost=728.311402, feasible=true, active_stations=1
[2026-10-05 04:37:18.727] [info] [candidate.cpp:199] InstancePrecompute: built 25 candidates
[2026-10-05 04:37:18.727] [info] [stationary.cpp:264] NN: cost=175.651573, feasible=true, active_stations=1
[2026-10-05 04:37:18.727] [info] [candidate.cpp:199] InstancePrecompute: built 25 candidates
[2026-10-05 04:37:18.727] [info] [stationary.cpp:264] NN: cost=248.482714, feasible=true, active_stations=1
[2026-10-05 04:37:18.727] [info] [candidate.cpp:199] InstancePrecompute: built 25 candidates
[2026-10-05 04:37:18.727] [info] [stationary.cpp:264] NN: cost=222.777605, feasible=true, active_stations=1
[2026-10-05 04:37:18.727] [info] [candidate.cpp:199] InstancePrecompute: built 25 candidates
[2026-10-05 04:37:18.727] [info] [stationary.cpp:264] NN: cost=21.420924, feasible=true, active_stations=1
[2026-10-05 04:37:18.727] [info] [candidate.cpp:199] InstancePrecompute: built 25 candidates
[2026-10-05 04:37:18.727] [info] [stationary.cpp:264] NN: cost=445.555211, feasible=true, active_stations=1
[2026-10-05 04:37:18.727] [info] [candidate.cpp:199] InstancePrecompute: built 25 candidates
[2026-10-05 04:37:18.727] [info] [stationary.cpp:264] NN: cost=209.925051, feasible=true, active_stations=1
[2026-10-05 04:37:18.727] [info] [candidate.cpp:199] InstancePrecompute: built 25 candidates
[2026-10-05 04:37:18.727] [info] [stationary.cpp:264] NN: cost=214.209236, feasible=true, active_stations=1
[2026-10-05 04:37:18.727] [info] [candidate.cpp:199] InstancePrecompute: built 50 candidates
[2026-10-05 04:37:18.727] [info] [stationary.cpp:264] NN: cost=274.187822, feasible=true, active_stations=1
[2026-10-05 04:37:18.727] [info] [candidate.cpp:199] InstancePrecompute: built 25 candidates
[2026-10-05 04:37:18.727] [info] [stationary.cpp:264] NN: cost=428.418472, feasible=true, active_stations=1
[2026-10-05 04:37:18.727] [info] [candidate.cpp:199] InstancePrecompute: built 25 candidates
[2026-10-05 04:37:18.727] [info] [stationary.cpp:264] NN: cost=158.514835, feasible=true, active_stations=1
[2026-10-05 04:37:18.727] [info] [candidate.cpp:199] InstancePrecompute: built 25 candidates
[2026-10-05 04:37:18.727] [info] [stationary.cpp:264] NN: cost=484.112873, feasible=true, active_stations=1
[2026-10-05 04:37:18.727] [info] [candidate.cpp:199] InstancePrecompute: built 25 candidates
[2026-10-05 04:37:18.727] [info] [stationary.cpp:264] NN: cost=728.311402, feasible=true, active_stations=1
[2026-10-05 04:37:18.727] [info] [candidate.cpp:199] InstancePrecompute: built 25 candidates
[2026-10-05 04:37:18.727] [info] [stationary.cpp:264] NN: cost=175.651573, feasible=true, active_stations=1
[2026-10-05 04:37:18.727] [info] [candidate.cpp:199] InstancePrecompute: built 25 candidates
[2026-10-05 04:37:18.727] [info] [stationary.cpp:264] NN: cost=248.482714, feasible=true, active_stations=1
[2026-10-05 04:37:18.727] [info] [candidate.cpp:199] InstancePrecompute: built 25 candidates
[2026-10-05 04:37:18.727] [info] [stationary.cpp:264] NN: cost=222.777605, feasible=true, active_stations=1
[2026-10-05 04:37:18.727] [info] [candidate.cpp:199] InstancePrecompute: built 25 candidates
[2026-10-05 04:37:18.727] [info] [stationary.cpp:264] NN: cost=21.420924, feasible=true, active_stations=1
[2026-10-05 04:37:18.727] [info] [candidate.cpp:199] InstancePrecompute: built 25 candidates
[2026-10-05 04:37:18.727] [info] [stationary.cpp:264] NN: cost=445.555211, feasible=true, active_stations=1
[2026-10-05 04:37:18.727] [info] [candidate.cpp:199] InstancePrecompute: built 25 candidates
[2026-10-05 04:37:18.727] [info] [stationary.cpp:264] NN: cost=209.925051, feasible=true, active_stations=1
[2026-10-05 04:37:18.727] [info] [candidate.cpp:199] InstancePrecompute: built 25 candidates
[2026-10-05 04:37:18.727] [info] [stationary.cpp:264] NN: cost=214.209236, feasible=true, active_stations=1
[2026-10-05 04:37:18.727] [info] [candidate.cpp:199] InstancePrecompute: built 25 candidates
[2026-10-05 04:37:18.727] [info] [stationary.cpp:264] NN: cost=137.093911, feasible=true, active_stations=1
[2026-10-05 04:37:18.727] [info] [candidate.cpp:199] InstancePrecompute: built 25 candidates
[2026-10-05 04:37:18.727] [info] [stationary.cpp:264] NN: cost=274.187822, feasible=true, active_stations=1
[2026-10-05 04:37:18.727] [info] [candidate.cpp:199] InstancePrecompute: built 25 candidates
[2026-10-05 04:37:18.727] [info] [stationary.cpp:264] NN: cost=428.418472, feasible=true, active_stations=1
[2026-10-05 04:37:18.727] [info] [candidate.cpp:199] InstancePrecompute: built 25 candidates
[2026-10-05 04:37:18.727] [info] [stationary.cpp:264] NN: cost=158.514835, feasible=true, active_stations=1
[2026-10-05 04:37:18.727] [info] [candidate.cpp:199] InstancePrecompute: built 25 candidates
[2026-10-05 04:37:18.727] [info] [stationary.cpp:264] NN: cost=484.112873, feasible=true, active_stations=1
[2026-10-05 04:37:18.727] [info] [candidate.cpp:199] InstancePrecompute: built 25 candidates
[2026-10-05 04:37:18.727] [info] [stationary.cpp:264] NN: cost=728.311402, feasible=true, active_stations=1
[2026-10-05 04:37:18.727] [info] [candidate.cpp:199] InstancePrecompute: built 25 candidates
[2026-10-05 04:37:18.727] [info] [stationary.cpp:264] NN: cost=175.651573, feasible=true, active_stations=1
[2026-10-05 04:37:18.727] [info] [candidate.cpp:199] InstancePrecompute: built 25 candidates
[2026-10-05 04:37:18.727] [info] [stationary.cpp:264] NN: cost=248.482714, feasible=true, active_stations=1
[2026-10-05 04:37:18.727] [info] [candidate.cpp:199] InstancePrecompute: built 25 candidates
[2026-10-05 04:37:18.727] [info] [stationary.cpp:264] NN: cost=222.777605, feasible=true, active_stations=1
[2026-10-05 04:37:18.727] [info] [candidate.cpp:199] InstancePrecompute: built 25 candidates
[2026-10-05 04:37:18.727] [info] [stationary.cpp:264] NN: cost=21.420924, feasible=true, active_stations=1
[2026-10-05 04:37:18.727] [info] [candidate.cpp:199] InstancePrecompute: built 25 candidates
[2026-10-05 04:37:18.727] [info] [stationary.cpp:264] NN: cost=445.555211, feasible=true, active_stations=1
[2026-10-05 04:37:18.727] [info] [candidate.cpp:199] InstancePrecompute: built 25 candidates
[2026-10-05 04:37:18.727] [info] [stationary.cpp:264] NN: cost=209.925051, feasible=true, active_stations=1
[2026-10-05 04:37:18.727] [info] [candidate.cpp:199] InstancePrecompute: built 25 candidates
[2026-10-05 04:37:18.727] [info] [stationary.cpp:264] NN: cost=214.209236, feasible=true, active_stations=1
[2026-10-05 04:37:18.727] [info] [candidate.cpp:199] InstancePrecompute: built 25 candidates
[2026-10-05 04:37:18.727] [info] [stationary.cpp:264] NN: cost=137.093911, feasible=true, active_stations=1
[2026-10-05 04:37:18.727] [info] [candidate.cpp:199] InstancePrecompute: built 25 candidates
[2026-10-05 04:37:18.727] [info] [stationary.cpp:264] NN: cost=274.187822, feasible=true, active_stations=1
[2026-10-05 04:37:18.727] [info] [candidate.cpp:199] InstancePrecompute: built 25 candidates
[2026-10-05 04:37:18.727] [info] [stationary.cpp:264] NN: cost=428.418472, feasible=true, active_stations=1
[2026-10-05 04:37:18.727] [info] [candidate.cpp:199] InstancePrecompute: built 25 candidates
[2026-10-05 04:37:18.727] [info] [stationary.cpp:264] NN: cost=158.514835, feasible=true, active_stations=1
[2026-10-05 04:37:18.727] [info] [candidate.cpp:199] InstancePrecompute: built 25 candidates
[2026-10-05 04:37:18.727] [info] [stationary.cpp:264] NN: cost=484.112873, feasible=true, active_stations=1
[2026-10-05 04:37:18.727] [info] [candidate.cpp:199] InstancePrecompute: built 25 candidates
[2026-10-05 04:37:18.727] [info] [stationary.cpp:264] NN: cost=728.311402, feasible=true, active_stations=1
[2026-10-05 04:37:18.727] [info] [candidate.cpp:199] InstancePrecompute: built 25 candidates
[2026-10-05 04:37:18.727] [info] [stationary.cpp:264] NN: cost=175.651573, feasible=true, active_stations=1
[2026-10-05 04:37:18.727] [info] [candidate.cpp:199] InstancePrecompute: built 25 candidates
[2026-10-05 04:37:18.727] [info] [stationary.cpp:264] NN: cost=248.482714, feasible=true, active_stations=1
[2026-10-05 04:37:18.727] [info] [candidate.cpp:199] InstancePrecompute: built 25 candidates
[2026-10-05 04:37:18.727] [info] [stationary.cpp:264] NN: cost=222.777605, feasible=true, active_stations=1
[2026-10-05 04:37:18.727] [info] [candidate.cpp:199] InstancePrecompute: built 25 candidates
[2026-10-05 04:37:18.727] [info] [stationary.cpp:264] NN: cost=21.420924, feasible=true, active_stations=1
[2026-10-05 04:37:18.727] [info] [candidate.cpp:199] InstancePrecompute: built 25 candidates
[2026-10-05 04:37:18.727] [info] [stationary.cpp:264] NN: cost=445.555211, feasible=true, active_stations=1
[2026-10-05 04:37:18.727] [info] [candidate.cpp:199] InstancePrecompute: built 25 candidates
[2026-10-05 04:37:18.727] [info] [stationary.cpp:264] NN: cost=209.925051, feasible=true, active_stations=1
[2026-10-05 04:37:18.727] [info] [candidate.cpp:199] InstancePrecompute: built 25 candidates
[2026-10-05 04:37:18.727] [info] [stationary.cpp:264] NN: cost=214.209236, feasible=true, active_stations=1
[2026-10-05 04:37:18.727] [info] [candidate.cpp:199] InstancePrecompute: built 25 candidates
[2026-10-05 04:37:18.727] [info] [stationary.cpp:264] NN: cost=137.093911, feasible=true, active_stations=1
[2026-10-05 04:37:18.727] [info] [candidate.cpp:199] InstancePrecompute: built 25 candidates
[2026-10-05 04:37:18.727] [info] [stationary.cpp:264] NN: cost=274.187822, feasible=true, active_stations=1
[2026-10-05 04:37:18.727] [info] [candidate.cpp:199] InstancePrecompute: built 25 candidates
[2026-10-05 04:37:18.727] [info] [stationary.cpp:264] NN: cost=428.418472, feasible=true, active_stations=1
[2026-10-05 04:37:18.727] [info] [candidate.cpp:199] InstancePrecompute: built 25 candidates
[2026-10-05 04:37:18.727] [info] [stationary.cpp:264] NN: cost=158.514835, feasible=true, active_stations=1
[2026-10-05 04:37:18.727] [info] [candidate.cpp:199] InstancePrecompute: built 25 candidates
[2026-10-05 04:37:18.727] [info] [stationary.cpp:264] NN: cost=484.112873, feasible=true, active_stations=1
[2026-10-05 04:37:18.727] [info] [candidate.cpp:199] InstancePrecompute: built 25 candidates
[2026-10-05 04:37:18.727] [info] [stationary.cpp:264] NN: cost=728.311402, feasible=true, active_stations=1
[2026-10-05 04:37:18.727] [info] [candidate.cpp:199] InstancePrecompute: built 25 candidates
[2026-10-05 04:37:18.727] [info] [stationary.cpp:264] NN: cost=175.651573, feasible=true, active_stations=1
[2026-10-05 04:37:18.727] [info] [candidate.cpp:199] InstancePrecompute: built 25 candidates
[2026-10-05 04:37:18.727] [info] [stationary.cpp:264] NN: cost=248.482714, feasible=true, active_stations=1
[2026-10-05 04:37:18.727] [info] [candidate.cpp:199] InstancePrecompute: built 25 candidates
[2026-10-05 04:37:18.727] [info] [stationary.cpp:264] NN: cost=222.777605, feasible=true, active_stations=1
[2026-10-05 04:37:18.727] [info] [candidate.cpp:199] InstancePrecompute: built 25 candidates
[2026-10-05 04:37:18.727] [info] [stationary.cpp:264] NN: cost=21.420924, feasible=true, active_stations=1
[2026-10-05 04:37:18.727] [info] [candidate.cpp:199] InstancePrecompute: built 25 candidates
[2026-10-05 04:37:18.727] [info] [stationary.cpp:264] NN: cost=445.555211, feasible=true, active_stations=1
[2026-10-05 04:37:18.727] [info] [candidate.cpp:199] InstancePrecompute: built 25 candidates
[2026-10-05 04:37:18.727] [info] [stationary.cpp:264] NN: cost=209.925051, feasible=true, active_stations=1
[2026-10-05 04:37:18.727] [info] [candidate.cpp:199] InstancePrecompute: built 25 candidates
[2026-10-05 04:37:18.727] [info] [stationary.cpp:264] NN: cost=214.209236, feasible=true, active_stations=1
[2026-10-05 04:37:18.727] [info] [candidate.cpp:199] InstancePrecompute: built 25 candidates
[2026-10-05 04:37:18.727] [info] [stationary.cpp:264] NN: cost=137.093911, feasible=true, active_stations=1
[2026-10-05 04:37:18.727] [info] [candidate.cpp:199] InstancePrecompute: built 25 candidates
[2026-10-05 04:37:18.727] [info] [stationary.cpp:264] NN: cost=274.187822, feasible=true, active_stations=1
[2026-10-05 04:37:18.727] [info] [candidate.cpp:199] InstancePrecompute: built 25 candidates
[2026-10-05 04:37:18.727] [info] [stationary.cpp:264] NN: cost=428.418472, feasible=true, active_stations=1
[2026-10-05 04:37:18.727] [info] [candidate.cpp:199] InstancePrecompute: built 25 candidates
[2026-10-05 04:37:18.727] [info] [stationary.cpp:264] NN: cost=158.514835, feasible=true, active_stations=1
[2026-10-05 04:37:18.727] [info] [candidate.cpp:199] InstancePrecompute: built 25 candidates
[2026-10-05 04:37:18.727] [info] [stationary.cpp:264] NN: cost=484.112873, feasible=true, active_stations=1
[2026-10-05 04:37:18.727] [info] [candidate.cpp:199] InstancePrecompute: built 25 candidates
[2026-10-05 04:37:18.727] [info] [stationary.cpp:264] NN: cost=728.311402, feasible=true, active_stations=1
[2026-10-05 04:37:18.727] [info] [candidate.cpp:199] InstancePrecompute: built 25 candidates
[2026-10-05 04:37:18.727] [info] [stationary.cpp:264] NN: cost=175.651573, feasible=true, active_stations=1
[2026-10-05 04:37:18.727] [info] [candidate.cpp:199] InstancePrecompute: built 25 candidates
[2026-10-05 04:37:18.727] [info] [stationary.cpp:264] NN: cost=248.482714, feasible=true, active_stations=1
[2026-10-05 04:37:18.727] [info] [candidate.cpp:199] InstancePrecompute: built 25 candidates
[2026-10-05 04:37:18.727] [info] [stationary.cpp:264] NN: cost=222.777605, feasible=true, active_stations=1
[2026-10-05 04:37:18.727] [info] [candidate.cpp:199] InstancePrecompute: built 25 candidates
[2026-10-05 04:37:18.727] [info] [stationary.cpp:264] NN: cost=21.420924, feasible=true, active_stations=1
[2026-10-05 04:37:18.727] [info] [candidate.cpp:199] InstancePrecompute: built 25 candidates
[2026-10-05 04:37:18.727] [info] [stationary.cpp:264] NN: cost=445.555211, feasible=true, active_stations=1
[2026-10-05 04:37:18.727] [info] [candidate.cpp:199] InstancePrecompute: built 25 candidates
[2026-10-05 04:37:18.727] [info] [stationary.cpp:264] NN: cost=209.925051, feasible=true, active_stations=1
[2026-10-05 04:37:18.727] [info] [candidate.cpp:199] InstancePrecompute: built 25 candidates
[2026-10-05 04:37:18.727] [info] [stationary.cpp:264] NN: cost=214.209236, feasible=true, active_stations=1
[2026-10-05 04:37:18.727] [info] [candidate.cpp:199] InstancePrecompute: built 50 candidates
[2026-10-05 04:37:18.727] [info] [stationary.cpp:264] NN: cost=274.187822, feasible=true, active_stations=1
[2026-10-05 04:37:18.727] [info] [candidate.cpp:199] InstancePrecompute: built 25 candidates
[2026-10-05 04:37:18.727] [info] [stationary.cpp:264] NN: cost=428.418472, feasible=true, active_stations=1
[2026-10-05 04:37:18.727] [info] [candidate.cpp:199] InstancePrecompute: built 25 candidates
[2026-10-05 04:37:18.727] [info] [stationary.cpp:264] NN: cost=158.514835, feasible=true, active_stations=1
[2026-10-05 04:37:18.727] [info] [candidate.cpp:199] InstancePrecompute: built 25 candidates
[2026-10-05 04:37:18.727] [info] [stationary.cpp:264] NN: cost=484.112873, feasible=true, active_stations=1
[2026-10-05 04:37:18.727] [info] [candidate.cpp:199] InstancePrecompute: built 25 candidates
[2026-10-05 04:37:18.727] [info] [stationary.cpp:264] NN: cost=728.311402, feasible=true, active_stations=1
[2026-10-05 04:37:18.727] [info] [candidate.cpp:199] InstancePrecompute: built 25 candidates
[2026-10-05 04:37:18.727] [info] [stationary.cpp:264] NN: cost=175.651573, feasible=true, active_stations=1
[2026-10-05 04:37:18.727] [info] [candidate.cpp:199] InstancePrecompute: built 25 candidates
[2026-10-05 04:37:18.727] [info] [stationary.cpp:264] NN: cost=248.482714, feasible=true, active_stations=1
[2026-10-05 04:37:18.727] [info] [candidate.cpp:199] InstancePrecompute: built 25 candidates
[2026-10-05 04:37:18.727] [info] [stationary.cpp:264] NN: cost=222.777605, feasible=true, active_stations=1
[2026-10-05 04:37:18.727] [info] [candidate.cpp:199] InstancePrecompute: built 25 candidates
[2026-10-05 04:37:18.727] [info] [stationary.cpp:264] NN: cost=21.420924, feasible=true, active_stations=1
[2026-10-05 04:37:18.727] [info] [candidate.cpp:199] InstancePrecompute: built 25 candidates
[2026-10-05 04:37:18.727] [info] [stationary.cpp:264] NN: cost=445.555211, feasible=true, active_stations=1
[2026-10-05 04:37:18.727] [info] [candidate.cpp:199] InstancePrecompute: built 25 candidates
[2026-10-05 04:37:18.727] [info] [stationary.cpp:264] NN: cost=209.925051, feasible=true, active_stations=1
[2026-10-05 04:37:18.727] [info] [candidate.cpp:199] InstancePrecompute: built 25 candidates
[2026-10-05 04:37:18.727] [info] [stationary.cpp:264] NN: cost=214.209236, feasible=true, active_stations=1
[2026-10-05 04:37:18.727] [info] [candidate.cpp:199] InstancePrecompute: built 50 candidates
[2026-10-05 04:37:18.727] [info] [stationary.cpp:264] NN: cost=274.187822, feasible=true, active_stations=1
[2026-10-05 04:37:18.727] [info] [candidate.cpp:199] InstancePrecompute: built 25 candidates
[2026-10-05 04:37:18.727] [info] [stationary.cpp:264] NN: cost=428.418472, feasible=true, active_stations=1
[2026-10-05 04:37:18.727] [info] [candidate.cpp:199] InstancePrecompute: built 25 candidates
[2026-10-05 04:37:18.727] [info] [stationary.cpp:264] NN: cost=158.514835, feasible=true, active_stations=1
[2026-10-05 04:37:18.727] [info] [candidate.cpp:199] InstancePrecompute: built 25 candidates
[2026-10-05 04:37:18.727] [info] [stationary.cpp:264] NN: cost=484.112873, feasible=true, active_stations=1
[2026-10-05 04:37:18.727] [info] [candidate.cpp:199] InstancePrecompute: built 25 candidates
[2026-10-05 04:37:18.727] [info] [stationary.cpp:264] NN: cost=728.311402, feasible=true, active_stations=1
[2026-10-05 04:37:18.727] [info] [candidate.cpp:199] InstancePrecompute: built 25 candidates
[2026-10-05 04:37:18.727] [info] [stationary.cpp:264] NN: cost=175.651573, feasible=true, active_stations=1
[2026-10-05 04:37:18.727] [info] [candidate.cpp:199] InstancePrecompute: built 25 candidates
[2026-10-05 04:37:18.727] [info] [stationary.cpp:264] NN: cost=248.482714, feasible=true, active_stations=1
[2026-10-05 04:37:18.727] [info] [candidate.cpp:199] InstancePrecompute: built 25 candidates
[2026-10-05 04:37:18.727] [info] [stationary.cpp:264] NN: cost=222.777605, feasible=true, active_stations=1
[2026-10-05 04:37:18.727] [info] [candidate.cpp:199] InstancePrecompute: built 25 candidates
[2026-10-05 04:37:18.727] [info] [stationary.cpp:264] NN: cost=21.420924, feasible=true, active_stations=1
[2026-10-05 04:37:18.727] [info] [candidate.cpp:199] InstancePrecompute: built 25 candidates
[2026-10-05 04:37:18.727] [info] [stationary.cpp:264] NN: cost=445.555211, feasible=true, active_stations=1
[2026-10-05 04:37:18.727] [info] [candidate.cpp:199] InstancePrecompute: built 25 candidates
[2026-10-05 04:37:18.727] [info] [stationary.cpp:264] NN: cost=209.925051, feasible=true, active_stations=1
[2026-10-05 04:37:18.727] [info] [candidate.cpp:199] InstancePrecompute: built 25 candidates
[2026-10-05 04:37:18.727] [info] [stationary.cpp:264] NN: cost=214.209236, feasible=true, active_stations=1
[2026-10-05 04:37:18.727] [info] [candidate.cpp:199] InstancePrecompute: built 50 candidates
[2026-10-05 04:37:18.727] [info] [stationary.cpp:264] NN: cost=274.187822, feasible=true, active_stations=1
[2026-10-05 04:37:18.727] [info] [candidate.cpp:199] InstancePrecompute: built 25 candidates
[2026-10-05 04:37:18.727] [info] [stationary.cpp:264] NN: cost=428.418472, feasible=true, active_stations=1
[2026-10-05 04:37:18.727] [info] [candidate.cpp:199] InstancePrecompute: built 25 candidates
[2026-10-05 04:37:18.727] [info] [stationary.cpp:264] NN: cost=158.514835, feasible=true, active_stations=1
[2026-10-05 04:37:18.727] [info] [candidate.cpp:199] InstancePrecompute: built 25 candidates
[2026-10-05 04:37:18.727] [info] [stationary.cpp:264] NN: cost=484.112873, feasible=true, active_stations=1
[2026-10-05 04:37:18.727] [info] [candidate.cpp:199] InstancePrecompute: built 25 candidates
[2026-10-05 04:37:18.727] [info] [stationary.cpp:264] NN: cost=728.311402, feasible=true, active_stations=1
[2026-10-05 04:37:18.727] [info] [candidate.cpp:199] InstancePrecompute: built 25 candidates
[2026-10-05 04:37:18.727] [info] [stationary.cpp:264] NN: cost=175.651573, feasible=true, active_stations=1
[2026-10-05 04:37:18.727] [info] [candidate.cpp:199] InstancePrecompute: built 25 candidates
[2026-10-05 04:37:18.727] [info] [stationary.cpp:264] NN: cost=248.482714, feasible=true, active_stations=1
[2026-10-05 04:37:18.727] [info] [candidate.cpp:199] InstancePrecompute: built 25 candidates
[2026-10-05 04:37:18.727] [info] [stationary.cpp:264] NN: cost=222.777605, feasible=true, active_stations=1
[2026-10-05 04:37:18.727] [info] [candidate.cpp:199] InstancePrecompute: built 25 candidates
[2026-10-05 04:37:18.727] [info] [stationary.cpp:264] NN: cost=21.420924, feasible=true, active_stations=1
[2026-10-05 04:37:18.728] [info] [candidate.cpp:199] InstancePrecompute: built 25 candidates
[2026-10-05 04:37:18.728] [info] [stationary.cpp:264] NN: cost=445.555211, feasible=true, active_stations=1
[2026-10-05 04:37:18.728] [info] [candidate.cpp:199] InstancePrecompute: built 25 candidates
[2026-10-05 04:37:18.728] [info] [stationary.cpp:264] NN: cost=209.925051, feasible=true, active_stations=1
[2026-10-05 04:37:18.728] [info] [candidate.cpp:199] InstancePrecompute: built 25 candidates
[2026-10-05 04:37:18.728] [info] [stationary.cpp:264] NN: cost=214.209236, feasible=true, active_stations=1
[2026-10-05 04:37:18.728] [info] [candidate.cpp:199] InstancePrecompute: built 50 candidates
[2026-10-05 04:37:18.728] [info] [stationary.cpp:264] NN: cost=274.187822, feasible=true, active_stations=1
[2026-10-05 04:37:18.728] [info] [candidate.cpp:199] InstancePrecompute: built 25 candidates
[2026-10-05 04:37:18.728] [info] [stationary.cpp:264] NN: cost=428.418472, feasible=true, active_stations=1
[2026-10-05 04:37:18.728] [info] [candidate.cpp:199] InstancePrecompute: built 25 candidates
[2026-10-05 04:37:18.728] [info] [stationary.cpp:264] NN: cost=158.514835, feasible=true, active_stations=1
[2026-10-05 04:37:18.728] [info] [candidate.cpp:199] InstancePrecompute: built 25 candidates
[2026-10-05 04:37:18.728] [info] [stationary.cpp:264] NN: cost=484.112873, feasible=true, active_stations=1
[2026-10-05 04:37:18.728] [info] [candidate.cpp:199] InstancePrecompute: built 25 candidates
[2026-10-05 04:37:18.728] [info] [stationary.cpp:264] NN: cost=728.311402, feasible=true, active_stations=1
[2026-10-05 04:37:18.728] [info] [candidate.cpp:199] InstancePrecompute: built 25 candidates
[2026-10-05 04:37:18.728] [info] [stationary.cpp:264] NN: cost=175.651573, feasible=true, active_stations=1
[2026-10-05 04:37:18.728] [info] [candidate.cpp:199] InstancePrecompute: built 25 candidates
[2026-10-05 04:37:18.728] [info] [stationary.cpp:264] NN: cost=248.482714, feasible=true, active_stations=1
[2026-10-05 04:37:18.728] [info] [candidate.cpp:199] InstancePrecompute: built 25 candidates
[2026-10-05 04:37:18.728] [info] [stationary.cpp:264] NN: cost=222.777605, feasible=true, active_stations=1
[2026-10-05 04:37:18.728] [info] [candidate.cpp:199] InstancePrecompute: built 25 candidates
[2026-10-05 04:37:18.728] [info] [stationary.cpp:264] NN: cost=21.420924, feasible=true, active_stations=1
[2026-10-05 04:37:18.728] [info] [candidate.cpp:199] InstancePrecompute: built 25 candidates
[2026-10-05 04:37:18.728] [info] [stationary.cpp:264] NN: cost=445.555211, feasible=true, active_stations=1
[2026-10-05 04:37:18.728] [info] [candidate.cpp:199] InstancePrecompute: built 25 candidates
[2026-10-05 04:37:18.728] [info] [stationary.cpp:264] NN: cost=209.925051, feasible=true, active_stations=1
[2026-10-05 04:37:18.728] [info] [candidate.cpp:199] InstancePrecompute: built 25 candidates
[2026-10-05 04:37:18.728] [info] [stationary.cpp:264] NN: cost=214.209236, feasible=true, active_stations=1
[2026-10-05 04:37:18.728] [info] [candidate.cpp:199] InstancePrecompute: built 25 candidates
[2026-10-05 04:37:18.728] [info] [stationary.cpp:264] NN: cost=137.093911, feasible=true, active_stations=1
[2026-10-05 04:37:18.728] [info] [candidate.cpp:199] InstancePrecompute: built 25 candidates
[2026-10-05 04:37:18.728] [info] [stationary.cpp:264] NN: cost=274.187822, feasible=true, active_stations=1
[2026-10-05 04:37:18.728] [info] [candidate.cpp:199] InstancePrecompute: built 25 candidates
[2026-10-05 04:37:18.728] [info] [stationary.cpp:264] NN: cost=428.418472, feasible=true, active_stations=1
[2026-10-05 04:37:18.728] [info] [candidate.cpp:199] InstancePrecompute: built 25 candidates
[2026-10-05 04:37:18.728] [info] [stationary.cpp:264] NN: cost=158.514835, feasible=true, active_stations=1
[2026-10-05 04:37:18.728] [info] [candidate.cpp:199] InstancePrecompute: built 25 candidates
[2026-10-05 04:37:18.728] [info] [stationary.cpp:264] NN: cost=484.112873, feasible=true, active_stations=1
[2026-10-05 04:37:18.728] [info] [candidate.cpp:199] InstancePrecompute: built 25 candidates
[2026-10-05 04:37:18.728] [info] [stationary.cpp:264] NN: cost=728.311402, feasible=true, active_stations=1
[2026-10-05 04:37:18.728] [info] [candidate.cpp:199] InstancePrecompute: built 25 candidates
[2026-10-05 04:37:18.728] [info] [stationary.cpp:264] NN: cost=175.651573, feasible=true, active_stations=1
[2026-10-05 04:37:18.728] [info] [candidate.cpp:199] InstancePrecompute: built 25 candidates
[2026-10-05 04:37:18.728] [info] [stationary.cpp:264] NN: cost=248.482714, feasible=true, active_stations=1
[2026-10-05 04:37:18.728] [info] [candidate.cpp:199] InstancePrecompute: built 25 candidates
[2026-10-05 04:37:18.728] [info] [stationary.cpp:264] NN: cost=222.777605, feasible=true, active_stations=1
[2026-10-05 04:37:18.728] [info] [candidate.cpp:199] InstancePrecompute: built 25 candidates
[2026-10-05 04:37:18.728] [info] [stationary.cpp:264] NN: cost=21.420924, feasible=true, active_stations=1
[2026-10-05 04:37:18.728] [info] [candidate.cpp:199] InstancePrecompute: built 25 candidates
[2026-10-05 04:37:18.728] [info] [stationary.cpp:264] NN: cost=445.555211, feasible=true, active_stations=1
[2026-10-05 04:37:18.728] [info] [candidate.cpp:199] InstancePrecompute: built 25 candidates
[2026-10-05 04:37:18.728] [info] [stationary.cpp:264] NN: cost=209.925051, feasible=true, active_stations=1
[2026-10-05 04:37:18.728] [info] [candidate.cpp:199] InstancePrecompute: built 25 candidates
[2026-10-05 04:37:18.728] [info] [stationary.cpp:264] NN: cost=214.209236, feasible=true, active_stations=1
[2026-10-05 04:37:18.728] [info] [candidate.cpp:199] InstancePrecompute: built 25 candidates
[2026-10-05 04:37:18.728] [info] [stationary.cpp:264] NN: cost=137.093911, feasible=true, active_stations=1
[2026-10-05 04:37:18.728] [info] [candidate.cpp:199] InstancePrecompute: built 25 candidates
[2026-10-05 04:37:18.728] [info] [stationary.cpp:264] NN: cost=274.187822, feasible=true, active_stations=1
[2026-10-05 04:37:18.728] [info] [candidate.cpp:199] InstancePrecompute: built 25 candidates
[2026-10-05 04:37:18.728] [info] [stationary.cpp:264] NN: cost=428.418472, feasible=true, active_stations=1
[2026-10-05 04:37:18.728] [info] [candidate.cpp:199] InstancePrecompute: built 25 candidates
[2026-10-05 04:37:18.728] [info] [stationary.cpp:264] NN: cost=158.514835, feasible=true, active_stations=1
[2026-10-05 04:37:18.728] [info] [candidate.cpp:199] InstancePrecompute: built 25 candidates
[2026-10-05 04:37:18.728] [info] [stationary.cpp:264] NN: cost=484.112873, feasible=true, active_stations=1
[2026-10-05 04:37:18.728] [info] [candidate.cpp:199] InstancePrecompute: built 25 candidates
[2026-10-05 04:37:18.728] [info] [stationary.cpp:264] NN: cost=728.311402, feasible=true, active_stations=1
[2026-10-05 04:37:18.728] [info] [candidate.cpp:199] InstancePrecompute: built 25 candidates
[2026-10-05 04:37:18.728] [info] [stationary.cpp:264] NN: cost=175.651573, feasible=true, active_stations=1
[2026-10-05 04:37:18.728] [info] [candidate.cpp:199] InstancePrecompute: built 25 candidates
[2026-10-05 04:37:18.728] [info] [stationary.cpp:264] NN: cost=248.482714, feasible=true, active_stations=1
[2026-10-05 04:37:18.728] [info] [candidate.cpp:199] InstancePrecompute: built 25 candidates
[2026-10-05 04:37:18.728] [info] [stationary.cpp:264] NN: cost=222.777605, feasible=true, active_stations=1
[2026-10-05 04:37:18.728] [info] [candidate.cpp:199] InstancePrecompute: built 25 candidates
[2026-10-05 04:37:18.728] [info] [stationary.cpp:264] NN: cost=21.420924, feasible=true, active_stations=1
[2026-10-05 04:37:18.728] [info] [candidate.cpp:199] InstancePrecompute: built 25 candidates
[2026-10-05 04:37:18.728] [info] [stationary.cpp:264] NN: cost=445.555211, feasible=true, active_stations=1
[2026-10-05 04:37:18.728] [info] [candidate.cpp:199] InstancePrecompute: built 25 candidates
[2026-10-05 04:37:18.728] [info] [stationary.cpp:264] NN: cost=209.925051, feasible=true, active_stations=1
[2026-10-05 04:37:18.728] [info] [candidate.cpp:199] InstancePrecompute: built 25 candidates
[2026-10-05 04:37:18.728] [info] [stationary.cpp:264] NN: cost=214.209236, feasible=true, active_stations=1
[2026-10-05 04:37:18.728] [info] [candidate.cpp:199] InstancePrecompute: built 25 candidates
[2026-10-05 04:37:18.728] [info] [stationary.cpp:264] NN: cost=137.093911, feasible=true, active_stations=1
[2026-10-05 04:37:18.728] [info] [candidate.cpp:199] InstancePrecompute: built 25 candidates
[2026-10-05 04:37:18.728] [info] [stationary.cpp:264] NN: cost=274.187822, feasible=true, active_stations=1
[2026-10-05 04:37:18.728] [info] [candidate.cpp:199] InstancePrecompute: built 25 candidates
[2026-10-05 04:37:18.728] [info] [stationary.cpp:264] NN: cost=428.418472, feasible=true, active_stations=1
[2026-10-05 04:37:18.728] [info] [candidate.cpp:199] InstancePrecompute: built 25 candidates
[2026-10-05 04:37:18.728] [info] [stationary.cpp:264] NN: cost=158.514835, feasible=true, active_stations=1
[2026-10-05 04:37:18.728] [info] [candidate.cpp:199] InstancePrecompute: built 25 candidates
[2026-10-05 04:37:18.728] [info] [stationary.cpp:264] NN: cost=484.112873, feasible=true, active_stations=1
[2026-10-05 04:37:18.728] [info] [candidate.cpp:199] InstancePrecompute: built 25 candidates
[2026-10-05 04:37:18.728] [info] [stationary.cpp:264] NN: cost=728.311402, feasible=true, active_stations=1
[2026-10-05 04:37:18.728] [info] [candidate.cpp:199] InstancePrecompute: built 25 candidates
[2026-10-05 04:37:18.728] [info] [stationary.cpp:264] NN: cost=175.651573, feasible=true, active_stations=1
[2026-10-05 04:37:18.728] [info] [candidate.cpp:199] InstancePrecompute: built 25 candidates
[2026-10-05 04:37:18.728] [info] [stationary.cpp:264] NN: cost=248.482714, feasible=true, active_stations=1
[2026-10-05 04:37:18.728] [info] [candidate.cpp:199] InstancePrecompute: built 25 candidates
[2026-10-05 04:37:18.728] [info] [stationary.cpp:264] NN: cost=222.777605, feasible=true, active_stations=1
[2026-10-05 04:37:18.728] [info] [candidate.cpp:199] InstancePrecompute: built 25 candidates
[2026-10-05 04:37:18.728] [info] [stationary.cpp:264] NN: cost=21.420924, feasible=true, active_stations=1
[2026-10-05 04:37:18.728] [info] [candidate.cpp:199] InstancePrecompute: built 25 candidates
[2026-10-05 04:37:18.728] [info] [stationary.cpp:264] NN: cost=445.555211, feasible=true, active_stations=1
[2026-10-05 04:37:18.728] [info] [candidate.cpp:199] InstancePrecompute: built 25 candidates
[2026-10-05 04:37:18.728] [info] [stationary.cpp:264] NN: cost=209.925051, feasible=true, active_stations=1
[2026-10-05 04:37:18.728] [info] [candidate.cpp:199] InstancePrecompute: built 25 candidates
[2026-10-05 04:37:18.728] [info] [stationary.cpp:264] NN: cost=214.209236, feasible=true, active_stations=1
[2026-10-05 04:37:18.728] [info] [candidate.cpp:199] InstancePrecompute: built 25 candidates
[2026-10-05 04:37:18.728] [info] [stationary.cpp:264] NN: cost=137.093911, feasible=true, active_stations=1
[2026-10-05 04:37:18.728] [info] [candidate.cpp:199] InstancePrecompute: built 25 candidates
[2026-10-05 04:37:18.728] [info] [stationary.cpp:264] NN: cost=274.187822, feasible=true, active_stations=1
[2026-10-05 04:37:18.728] [info] [candidate.cpp:199] InstancePrecompute: built 25 candidates
[2026-10-05 04:37:18.728] [info] [stationary.cpp:264] NN: cost=428.418472, feasible=true, active_stations=1
[2026-10-05 04:37:18.728] [info] [candidate.cpp:199] InstancePrecompute: built 25 candidates
[2026-10-05 04:37:18.728] [info] [stationary.cpp:264] NN: cost=158.514835, feasible=true, active_stations=1
[2026-10-05 04:37:18.728] [info] [candidate.cpp:199] InstancePrecompute: built 25 candidates
[2026-10-05 04:37:18.728] [info] [stationary.cpp:264] NN: cost=484.112873, feasible=true, active_stations=1
[2026-10-05 04:37:18.728] [info] [candidate.cpp:199] InstancePrecompute: built 25 candidates
[2026-10-05 04:37:18.728] [info] [stationary.cpp:264] NN: cost=728.311402, feasible=true, active_stations=1
[2026-10-05 04:37:18.728] [info] [candidate.cpp:199] InstancePrecompute: built 25 candidates
[2026-10-05 04:37:18.728] [info] [stationary.cpp:264] NN: cost=175.651573, feasible=true, active_stations=1
[2026-10-05 04:37:18.728] [info] [candidate.cpp:199] InstancePrecompute: built 25 candidates
[2026-10-05 04:37:18.728] [info] [stationary.cpp:264] NN: cost=248.482714, feasible=true, active_stations=1
[2026-10-05 04:37:18.728] [info] [candidate.cpp:199] InstancePrecompute: built 25 candidates
[2026-10-05 04:37:18.728] [info] [stationary.cpp:264] NN: cost=222.777605, feasible=true, active_stations=1
[2026-10-05 04:37:18.728] [info] [candidate.cpp:199] InstancePrecompute: built 25 candidates
[2026-10-05 04:37:18.728] [info] [stationary.cpp:264] NN: cost=21.420924, feasible=true, active_stations=1
[2026-10-05 04:37:18.728] [info] [candidate.cpp:199] InstancePrecompute: built 25 candidates
[2026-10-05 04:37:18.728] [info] [stationary.cpp:264] NN: cost=445.555211, feasible=true, active_stations=1
[2026-10-05 04:37:18.728] [info] [candidate.cpp:199] InstancePrecompute: built 25 candidates
[2026-10-05 04:37:18.728] [info] [stationary.cpp:264] NN: cost=209.925051, feasible=true, active_stations=1
[2026-10-05 04:37:18.728] [info] [candidate.cpp:199] InstancePrecompute: built 25 candidates
[2026-10-05 04:37:18.728] [info] [stationary.cpp:264] NN: cost=214.209236, feasible=true, active_stations=1
[2026-10-05 04:37:18.728] [info] [candidate.cpp:199] InstancePrecompute: built 50 candidates
[2026-10-05 04:37:18.728] [info] [stationary.cpp:264] NN: cost=274.187822, feasible=true, active_stations=1
[2026-10-05 04:37:18.728] [info] [candidate.cpp:199] InstancePrecompute: built 25 candidates
[2026-10-05 04:37:18.728] [info] [stationary.cpp:264] NN: cost=428.418472, feasible=true, active_stations=1
[2026-10-05 04:37:18.728] [info] [candidate.cpp:199] InstancePrecompute: built 25 candidates
[2026-10-05 04:37:18.728] [info] [stationary.cpp:264] NN: cost=158.514835, feasible=true, active_stations=1
[2026-10-05 04:37:18.728] [info] [candidate.cpp:199] InstancePrecompute: built 25 candidates
[2026-10-05 04:37:18.728] [info] [stationary.cpp:264] NN: cost=484.112873, feasible=true, active_stations=1
[2026-10-05 04:37:18.728] [info] [candidate.cpp:199] InstancePrecompute: built 25 candidates
[2026-10-05 04:37:18.728] [info] [stationary.cpp:264] NN: cost=728.311402, feasible=true, active_stations=1
[2026-10-05 04:37:18.728] [info] [candidate.cpp:199] InstancePrecompute: built 25 candidates
[2026-10-05 04:37:18.728] [info] [stationary.cpp:264] NN: cost=175.651573, feasible=true, active_stations=1
[2026-10-05 04:37:18.728] [info] [candidate.cpp:199] InstancePrecompute: built 25 candidates
[2026-10-05 04:37:18.728] [info] [stationary.cpp:264] NN: cost=248.482714, feasible=true, active_stations=1
[2026-10-05 04:37:18.728] [info] [candidate.cpp:199] InstancePrecompute: built 25 candidates
[2026-10-05 04:37:18.728] [info] [stationary.cpp:264] NN: cost=222.777605, feasible=true, active_stations=1
[2026-10-05 04:37:18.728] [info] [candidate.cpp:199] InstancePrecompute: built 25 candidates
[2026-10-05 04:37:18.728] [info] [stationary.cpp:264] NN: cost=21.420924, feasible=true, active_stations=1
[2026-10-05 04:37:18.728] [info] [candidate.cpp:199] InstancePrecompute: built 25 candidates
[2026-10-05 04:37:18.728] [info] [stationary.cpp:264] NN: cost=445.555211, feasible=true, active_stations=1
[2026-10-05 04:37:18.728] [info] [candidate.cpp:199] InstancePrecompute: built 25 candidates
[2026-10-05 04:37:18.728] [info] [stationary.cpp:264] NN: cost=209.925051, feasible=true, active_stations=1
[2026-10-05 04:37:18.728] [info] [candidate.cpp:199] InstancePrecompute: built 25 candidates
[2026-10-05 04:37:18.728] [info] [stationary.cpp:264] NN: cost=214.209236, feasible=true, active_stations=1
[2026-10-05 04:37:18.728] [info] [candidate.cpp:199] InstancePrecompute: built 50 candidates
[2026-10-05 04:37:18.728] [info] [stationary.cpp:264] NN: cost=274.187822, feasible=true, active_stations=1
[2026-10-05 04:37:18.728] [info] [candidate.cpp:199] InstancePrecompute: built 25 candidates
[2026-10-05 04:37:18.728] [info] [stationary.cpp:264] NN: cost=428.418472, feasible=true, active_stations=1
[2026-10-05 04:37:18.728] [info] [candidate.cpp:199] InstancePrecompute: built 25 candidates
[2026-10-05 04:37:18.728] [info] [stationary.cpp:264] NN: cost=158.514835, feasible=true, active_stations=1
[2026-10-05 04:37:18.728] [info] [candidate.cpp:199] InstancePrecompute: built 25 candidates
[2026-10-05 04:37:18.728] [info] [stationary.cpp:264] NN: cost=484.112873, feasible=true, active_stations=1
[2026-10-05 04:37:18.728] [info] [candidate.cpp:199] InstancePrecompute: built 25 candidates
[2026-10-05 04:37:18.728] [info] [stationary.cpp:264] NN: cost=728.311402, feasible=true, active_stations=1
[2026-10-05 04:37:18.728] [info] [candidate.cpp:199] InstancePrecompute: built 25 candidates
[2026-10-05 04:37:18.728] [info] [stationary.cpp:264] NN: cost=175.651573, feasible=true, active_stations=1
[2026-10-05 04:37:18.728] [info] [candidate.cpp:199] InstancePrecompute: built 25 candidates
[2026-10-05 04:37:18.728] [info] [stationary.cpp:264] NN: cost=248.482714, feasible=true, active_stations=1
[2026-10-05 04:37:18.728] [info] [candidate.cpp:199] InstancePrecompute: built 25 candidates
[2026-10-05 04:37:18.728] [info] [stationary.cpp:264] NN: cost=222.777605, feasible=true, active_stations=1
[2026-10-05 04:37:18.728] [info] [candidate.cpp:199] InstancePrecompute: built 25 candidates
[2026-10-05 04:37:18.728] [info] [stationary.cpp:264] NN: cost=21.420924, feasible=true, active_stations=1
[2026-10-05 04:37:18.728] [info] [candidate.cpp:199] InstancePrecompute: built 25 candidates
[2026-10-05 04:37:18.728] [info] [stationary.cpp:264] NN: cost=445.555211, feasible=true, active_stations=1
[2026-10-05 04:37:18.728] [info] [candidate.cpp:199] InstancePrecompute: built 25 candidates
[2026-10-05 04:37:18.728] [info] [stationary.cpp:264] NN: cost=209.925051, feasible=true, active_stations=1
[2026-10-05 04:37:18.728] [info] [candidate.cpp:199] InstancePrecompute: built 25 candidates
[2026-10-05 04:37:18.728] [info] [stationary.cpp:264] NN: cost=214.209236, feasible=true, active_stations=1
[2026-10-05 04:37:18.728] [info] [candidate.cpp:199] InstancePrecompute: built 50 candidates
[2026-10-05 04:37:18.728] [info] [stationary.cpp:264] NN: cost=274.187822, feasible=true, active_stations=1
[2026-10-05 04:37:18.728] [info] [candidate.cpp:199] InstancePrecompute: built 25 candidates
[2026-10-05 04:37:18.728] [info] [stationary.cpp:264] NN: cost=428.418472, feasible=true, active_stations=1
[2026-10-05 04:37:18.728] [info] [candidate.cpp:199] InstancePrecompute: built 25 candidates
[2026-10-05 04:37:18.728] [info] [stationary.cpp:264] NN: cost=158.514835, feasible=true, active_stations=1
[2026-10-05 04:37:18.728] [info] [candidate.cpp:199] InstancePrecompute: built 25 candidates
[2026-10-05 04:37:18.728] [info] [stationary.cpp:264] NN: cost=484.112873, feasible=true, active_stations=1
[2026-10-05 04:37:18.728] [info] [candidate.cpp:199] InstancePrecompute: built 25 candidates
[2026-10-05 04:37:18.728] [info] [stationary.cpp:264] NN: cost=728.311402, feasible=true, active_stations=1
[2026-10-05 04:37:18.728] [info] [candidate.cpp:199] InstancePrecompute: built 25 candidates
[2026-10-05 04:37:18.728] [info] [stationary.cpp:264] NN: cost=175.651573, feasible=true, active_stations=1
[2026-10-05 04:37:18.728] [info] [candidate.cpp:199] InstancePrecompute: built 25 candidates
[2026-10-05 04:37:18.728] [info] [stationary.cpp:264] NN: cost=248.482714, feasible=true, active_stations=1
[2026-10-05 04:37:18.728] [info] [candidate.cpp:199] InstancePrecompute: built 25 candidates
[2026-10-05 04:37:18.728] [info] [stationary.cpp:264] NN: cost=222.777605, feasible=true, active_stations=1
[2026-10-05 04:37:18.728] [info] [candidate.cpp:199] InstancePrecompute: built 25 candidates
[2026-10-05 04:37:18.728] [info] [stationary.cpp:264] NN: cost=21.420924, feasible=true, active_stations=1
[2026-10-05 04:37:18.728] [info] [candidate.cpp:199] InstancePrecompute: built 25 candidates
[2026-10-05 04:37:18.728] [info] [stationary.cpp:264] NN: cost=445.555211, feasible=true, active_stations=1
[2026-10-05 04:37:18.728] [info] [candidate.cpp:199] InstancePrecompute: built 25 candidates
[2026-10-05 04:37:18.728] [info] [stationary.cpp:264] NN: cost=209.925051, feasible=true, active_stations=1
[2026-10-05 04:37:18.728] [info] [candidate.cpp:199] InstancePrecompute: built 25 candidates
[2026-10-05 04:37:18.728] [info] [stationary.cpp:264] NN: cost=214.209236, feasible=true, active_stations=1
[2026-10-05 04:37:18.728] [info] [candidate.cpp:199] InstancePrecompute: built 50 candidates
[2026-10-05 04:37:18.728] [info] [stationary.cpp:264] NN: cost=274.187822, feasible=true, active_stations=1
[2026-10-05 04:37:18.728] [info] [candidate.cpp:199] InstancePrecompute: built 25 candidates
[2026-10-05 04:37:18.728] [info] [stationary.cpp:264] NN: cost=428.418472, feasible=true, active_stations=1
[2026-10-05 04:37:18.728] [info] [candidate.cpp:199] InstancePrecompute: built 25 candidates
[2026-10-05 04:37:18.728] [info] [stationary.cpp:264] NN: cost=158.514835, feasible=true, active_stations=1
[2026-10-05 04:37:18.728] [info] [candidate.cpp:199] InstancePrecompute: built 25 candidates
[2026-10-05 04:37:18.728] [info] [stationary.cpp:264] NN: cost=484.112873, feasible=true, active_stations=1
[2026-10-05 04:37:18.728] [info] [candidate.cpp:199] InstancePrecompute: built 25 candidates
[2026-10-05 04:37:18.728] [info] [stationary.cpp:264] NN: cost=728.311402, feasible=true, active_stations=1
[2026-10-05 04:37:18.728] [info] [candidate.cpp:199] InstancePrecompute: built 25 candidates
[2026-10-05 04:37:18.728] [info] [stationary.cpp:264] NN: cost=175.651573, feasible=true, active_stations=1
[2026-10-05 04:37:18.728] [info] [candidate.cpp:199] InstancePrecompute: built 25 candidates
[2026-10-05 04:37:18.728] [info] [stationary.cpp:264] NN: cost=248.482714, feasible=true, active_stations=1
[2026-10-05 04:37:18.728] [info] [candidate.cpp:199] InstancePrecompute: built 25 candidates
[2026-10-05 04:37:18.728] [info] [stationary.cpp:264] NN: cost=222.777605, feasible=true, active_stations=1
[2026-10-05 04:37:18.728] [info] [candidate.cpp:199] InstancePrecompute: built 25 candidates
[2026-10-05 04:37:18.728] [info] [stationary.cpp:264] NN: cost=21.420924, feasible=true, active_stations=1
[2026-10-05 04:37:18.728] [info] [candidate.cpp:199] InstancePrecompute: built 25 candidates
[2026-10-05 04:37:18.728] [info] [stationary.cpp:264] NN: cost=445.555211, feasible=true, active_stations=1
[2026-10-05 04:37:18.728] [info] [candidate.cpp:199] InstancePrecompute: built 25 candidates
[2026-10-05 04:37:18.728] [info] [stationary.cpp:264] NN: cost=209.925051, feasible=true, active_stations=1
[2026-10-05 04:37:18.728] [info] [candidate.cpp:199] InstancePrecompute: built 25 candidates
[2026-10-05 04:37:18.728] [info] [stationary.cpp:264] NN: cost=214.209236, feasible=true, active_stations=1
[2026-10-05 04:37:18.728] [info] [candidate.cpp:199] InstancePrecompute: built 25 candidates
[2026-10-05 04:37:18.728] [info] [stationary.cpp:264] NN: cost=137.093911, feasible=true, active_stations=1
[2026-10-05 04:37:18.728] [info] [candidate.cpp:199] InstancePrecompute: built 25 candidates
[2026-10-05 04:37:18.728] [info] [stationary.cpp:264] NN: cost=274.187822, feasible=true, active_stations=1
[2026-10-05 04:37:18.728] [info] [candidate.cpp:199] InstancePrecompute: built 25 candidates
[2026-10-05 04:37:18.728] [info] [stationary.cpp:264] NN: cost=428.418472, feasible=true, active_stations=1
[2026-10-05 04:37:18.728] [info] [candidate.cpp:199] InstancePrecompute: built 25 candidates
[2026-10-05 04:37:18.728] [info] [stationary.cpp:264] NN: cost=158.514835, feasible=true, active_stations=1
[2026-10-05 04:37:18.728] [info] [candidate.cpp:199] InstancePrecompute: built 25 candidates
[2026-10-05 04:37:18.728] [info] [stationary.cpp:264] NN: cost=484.112873, feasible=true, active_stations=1
[2026-10-05 04:37:18.728] [info] [candidate.cpp:199] InstancePrecompute: built 25 candidates
[2026-10-05 04:37:18.728] [info] [stationary.cpp:264] NN: cost=728.311402, feasible=true, active_stations=1
[2026-10-05 04:37:18.728] [info] [candidate.cpp:199] InstancePrecompute: built 25 candidates
[2026-10-05 04:37:18.728] [info] [stationary.cpp:264] NN: cost=175.651573, feasible=true, active_stations=1
[2026-10-05 04:37:18.728] [info] [candidate.cpp:199] InstancePrecompute: built 25 candidates
[2026-10-05 04:37:18.728] [info] [stationary.cpp:264] NN: cost=248.482714, feasible=true, active_stations=1
[2026-10-05 04:37:18.728] [info] [candidate.cpp:199] InstancePrecompute: built 25 candidates
[2026-10-05 04:37:18.728] [info] [stationary.cpp:264] NN: cost=222.777605, feasible=true, active_stations=1
[2026-10-05 04:37:18.728] [info] [candidate.cpp:199] InstancePrecompute: built 25 candidates
[2026-10-05 04:37:18.728] [info] [stationary.cpp:264] NN: cost=21.420924, feasible=true, active_stations=1
[2026-10-05 04:37:18.728] [info] [candidate.cpp:199] InstancePrecompute: built 25 candidates
[2026-10-05 04:37:18.728] [info] [stationary.cpp:264] NN: cost=445.555211, feasible=true, active_stations=1
[2026-10-05 04:37:18.728] [info] [candidate.cpp:199] InstancePrecompute: built 25 candidates
[2026-10-05 04:37:18.728] [info] [stationary.cpp:264] NN: cost=209.925051, feasible=true, active_stations=1
[2026-10-05 04:37:18.728] [info] [candidate.cpp:199] InstancePrecompute: built 25 candidates
[2026-10-05 04:37:18.728] [info] [stationary.cpp:264] NN: cost=214.209236, feasible=true, active_stations=1
[2026-10-05 04:37:18.728] [info] [candidate.cpp:199] InstancePrecompute: built 25 candidates
[2026-10-05 04:37:18.728] [info] [stationary.cpp:264] NN: cost=137.093911, feasible=true, active_stations=1
[2026-10-05 04:37:18.728] [info] [candidate.cpp:199] InstancePrecompute: built 25 candidates
[2026-10-05 04:37:18.728] [info] [stationary.cpp:264] NN: cost=274.187822, feasible=true, active_stations=1
[2026-10-05 04:37:18.728] [info] [candidate.cpp:199] InstancePrecompute: built 25 candidates
[2026-10-05 04:37:18.728] [info] [stationary.cpp:264] NN: cost=428.418472, feasible=true, active_stations=1
[2026-10-05 04:37:18.728] [info] [candidate.cpp:199] InstancePrecompute: built 25 candidates
[2026-10-05 04:37:18.728] [info] [stationary.cpp:264] NN: cost=158.514835, feasible=true, active_stations=1
[2026-10-05 04:37:18.728] [info] [candidate.cpp:199] InstancePrecompute: built 25 candidates
[2026-10-05 04:37:18.728] [info] [stationary.cpp:264] NN: cost=484.112873, feasible=true, active_stations=1
[2026-10-05 04:37:18.728] [info] [candidate.cpp:199] InstancePrecompute: built 25 candidates
[2026-10-05 04:37:18.728] [info] [stationary.cpp:264] NN: cost=728.311402, feasible=true, active_stations=1
[2026-10-05 04:37:18.728] [info] [candidate.cpp:199] InstancePrecompute: built 25 candidates
[2026-10-05 04:37:18.728] [info] [stationary.cpp:264] NN: cost=175.651573, feasible=true, active_stations=1
[2026-10-05 04:37:18.728] [info] [candidate.cpp:199] InstancePrecompute: built 25 candidates
[2026-10-05 04:37:18.728] [info] [stationary.cpp:264] NN: cost=248.482714, feasible=true, active_stations=1
[2026-10-05 04:37:18.728] [info] [candidate.cpp:199] InstancePrecompute: built 25 candidates
[2026-10-05 04:37:18.728] [info] [stationary.cpp:264] NN: cost=222.777605, feasible=true, active_stations=1
[2026-10-05 04:37:18.728] [info] [candidate.cpp:199] InstancePrecompute: built 25 candidates
[2026-10-05 04:37:18.728] [info] [stationary.cpp:264] NN: cost=21.420924, feasible=true, active_stations=1
[2026-10-05 04:37:18.728] [info] [candidate.cpp:199] InstancePrecompute: built 25 candidates
[2026-10-05 04:37:18.728] [info] [stationary.cpp:264] NN: cost=445.555211, feasible=true, active_stations=1
[2026-10-05 04:37:18.728] [info] [candidate.cpp:199] InstancePrecompute: built 25 candidates
[2026-10-05 04:37:18.728] [info] [stationary.cpp:264] NN: cost=209.925051, feasible=true, active_stations=1
[2026-10-05 04:37:18.728] [info] [candidate.cpp:199] InstancePrecompute: built 25 candidates
[2026-10-05 04:37:18.728] [info] [stationary.cpp:264] NN: cost=214.209236, feasible=true, active_stations=1
[2026-10-05 04:37:18.728] [info] [candidate.cpp:199] InstancePrecompute: built 25 candidates
[2026-10-05 04:37:18.728] [info] [stationary.cpp:264] NN: cost=137.093911, feasible=true, active_stations=1
[2026-10-05 04:37:18.728] [info] [candidate.cpp:199] InstancePrecompute: built 25 candidates
[2026-10-05 04:37:18.728] [info] [stationary.cpp:264] NN: cost=274.187822, feasible=true, active_stations=1
[2026-10-05 04:37:18.728] [info] [candidate.cpp:199] InstancePrecompute: built 25 candidates
[2026-10-05 04:37:18.728] [info] [stationary.cpp:264] NN: cost=428.418472, feasible=true, active_stations=1
[2026-10-05 04:37:18.728] [info] [candidate.cpp:199] InstancePrecompute: built 25 candidates
[2026-10-05 04:37:18.728] [info] [stationary.cpp:264] NN: cost=158.514835, feasible=true, active_stations=1
[2026-10-05 04:37:18.728] [info] [shifting_strategy_solver.cpp:266] Shifting: cost=3375.937557655 LB=728.311402032 ratio=4.6353 l=8
[2026-10-05 04:37:18.728] [info] [solution.cpp:527] extend: 0 intervals over [1, 1]
[2026-10-05 04:37:18.729] [info] [solution.cpp:527] extend: 8 intervals over [0, 1]
[2026-10-05 04:37:18.729] [info] [solution.cpp:598] combine: 10 intervals
[2026-10-05 04:37:18.729] [info] [verify.cpp:992] Verifier: starting certified continuous check on 10 intervals
[2026-10-05 04:37:18.730] [info] [verify.cpp:1072] Verifier: kind=certified_continuous, coverage_ok=true, supporting_points_ok=true, cost_consistent_ok=true, integral_consistent_ok=true, assignment_consistent_ok=true
[2026-10-05 04:37:18.730] [info] [minmax.cpp:307] MinMax: combined solution did not improve peak, stopping
[2026-10-05 04:37:18.730] [info] [verify.cpp:992] Verifier: starting certified continuous check on 10 intervals
[2026-10-05 04:37:18.731] [info] [verify.cpp:1072] Verifier: kind=certified_continuous, coverage_ok=true, supporting_points_ok=true, cost_consistent_ok=true, integral_consistent_ok=true, assignment_consistent_ok=true
[2026-10-05 04:37:18.731] [info] [minmax.cpp:373] MinMax: done. peak=51710.109544, LB=728.311402, gap=70.0000, iters=1, t=0.035s
[2026-10-05 04:37:18.732] [info] [trace.cpp:72] TraceWriter: wrote 1 rows to /Users/amirpartovi/.copilot/repos/copilot-worktrees/KineticDiskCover/amirhpartovi-vigilant-spork/results/experiments/algorithm-smoke-20261005-complete/runs/run_20261005T010718Z__shifting__minmax__eil51-e956423838__r00__7d45900602e6/execution/solver/runs/eil51/shifting/minmax/trace.csv
[2026-10-05 04:37:18.732] [info] [solution_serializer.cpp:122] SolutionSerializer: wrote 10825 bytes to /Users/amirpartovi/.copilot/repos/copilot-worktrees/KineticDiskCover/amirhpartovi-vigilant-spork/results/experiments/algorithm-smoke-20261005-complete/runs/run_20261005T010718Z__shifting__minmax__eil51-e956423838__r00__7d45900602e6/execution/solver/runs/eil51/shifting/minmax/solution.json
[2026-10-05 04:37:18.732] [info] [batch_runner.cpp:1066] BatchRunner: eil51 / shifting / minmax cost=51710.109544 t=0.038s verified=true
[2026-10-05 04:37:18.733] [info] [batch_runner.cpp:811] BatchRunner: 1 runs completed
